{"level":"info","message":"⌛ Building environment","timeElapsed":157,"timestamp":"2024-10-11T13:01:25.428Z"}
{"level":"info","message":"⌛ Building environment","timeElapsed":142,"timestamp":"2024-10-11T13:01:25.586Z"}
{"level":"info","message":"⌛ Validating hector.wlk","timeElapsed":206,"timestamp":"2024-10-11T13:01:25.794Z"}
{"level":"info","message":"⌛ Building environment","timeElapsed":161,"timestamp":"2024-10-11T13:01:25.957Z"}
{"level":"info","message":"⌛ Validating hector.wlk","timeElapsed":193,"timestamp":"2024-10-11T13:01:26.150Z"}
{"level":"info","message":"⌛ Validating hector.wlk","timeElapsed":187,"timestamp":"2024-10-11T13:01:26.337Z"}
{"level":"info","message":"⌛ Building environment","timeElapsed":148,"timestamp":"2024-10-11T13:01:26.498Z"}
{"level":"error","message":"✘ Completions for node failed: Error: [Return]{0b3bf6} at hector.wlk:82 exhausted all cases without a match [Return]{0b3bf6} at hector.wlk:82 exhausted all cases without a match","stack":"Error: [Return]{0b3bf6} at hector.wlk:82 exhausted all cases without a match\n    at /home/felipe/.vscode/extensions/uqbar.wollok-lsp-ide-0.3.6/out/server/src/server.js:38:6067\n    at yh (/home/felipe/.vscode/extensions/uqbar.wollok-lsp-ide-0.3.6/out/server/src/server.js:2291:42)\n    at kh (/home/felipe/.vscode/extensions/uqbar.wollok-lsp-ide-0.3.6/out/server/src/server.js:2291:1004)\n    at Y5n (/home/felipe/.vscode/extensions/uqbar.wollok-lsp-ide-0.3.6/out/server/src/server.js:2291:1160)\n    at /home/felipe/.vscode/extensions/uqbar.wollok-lsp-ide-0.3.6/out/server/src/server.js:38:6056\n    at yh (/home/felipe/.vscode/extensions/uqbar.wollok-lsp-ide-0.3.6/out/server/src/server.js:2291:42)\n    at /home/felipe/.vscode/extensions/uqbar.wollok-lsp-ide-0.3.6/out/server/src/server.js:2291:2700\n    at /home/felipe/.vscode/extensions/uqbar.wollok-lsp-ide-0.3.6/out/server/src/server.js:2298:3774\n    at /home/felipe/.vscode/extensions/uqbar.wollok-lsp-ide-0.3.6/out/server/src/server.js:37:74872\n    at Fe (/home/felipe/.vscode/extensions/uqbar.wollok-lsp-ide-0.3.6/out/server/src/server.js:7:8527)","timestamp":"2024-10-11T13:01:26.536Z"}
{"level":"info","message":"⌛ Validating hector.wlk","timeElapsed":197,"timestamp":"2024-10-11T13:01:26.742Z"}
{"level":"info","message":"⌛ Building environment","timeElapsed":146,"timestamp":"2024-10-11T13:01:26.889Z"}
{"level":"info","message":"⌛ Validating hector.wlk","timeElapsed":186,"timestamp":"2024-10-11T13:01:27.085Z"}
{"level":"info","message":"⌛ Building environment","timeElapsed":155,"timestamp":"2024-10-11T13:01:27.240Z"}
{"level":"info","message":"⌛ Building environment","timeElapsed":249,"timestamp":"2024-10-11T13:01:27.490Z"}
{"level":"info","message":"⌛ Validating hector.wlk","timeElapsed":200,"timestamp":"2024-10-11T13:01:27.696Z"}
{"level":"info","message":"⌛ Building environment","timeElapsed":149,"timestamp":"2024-10-11T13:01:27.854Z"}
{"level":"error","message":"✘ Completions for node failed: Error: [Return]{653eff} at hector.wlk:82 exhausted all cases without a match [Return]{653eff} at hector.wlk:82 exhausted all cases without a match","stack":"Error: [Return]{653eff} at hector.wlk:82 exhausted all cases without a match\n    at /home/felipe/.vscode/extensions/uqbar.wollok-lsp-ide-0.3.6/out/server/src/server.js:38:6067\n    at yh (/home/felipe/.vscode/extensions/uqbar.wollok-lsp-ide-0.3.6/out/server/src/server.js:2291:42)\n    at kh (/home/felipe/.vscode/extensions/uqbar.wollok-lsp-ide-0.3.6/out/server/src/server.js:2291:1004)\n    at Y5n (/home/felipe/.vscode/extensions/uqbar.wollok-lsp-ide-0.3.6/out/server/src/server.js:2291:1160)\n    at /home/felipe/.vscode/extensions/uqbar.wollok-lsp-ide-0.3.6/out/server/src/server.js:38:6056\n    at yh (/home/felipe/.vscode/extensions/uqbar.wollok-lsp-ide-0.3.6/out/server/src/server.js:2291:42)\n    at /home/felipe/.vscode/extensions/uqbar.wollok-lsp-ide-0.3.6/out/server/src/server.js:2291:2700\n    at /home/felipe/.vscode/extensions/uqbar.wollok-lsp-ide-0.3.6/out/server/src/server.js:2298:3774\n    at /home/felipe/.vscode/extensions/uqbar.wollok-lsp-ide-0.3.6/out/server/src/server.js:37:74872\n    at Fe (/home/felipe/.vscode/extensions/uqbar.wollok-lsp-ide-0.3.6/out/server/src/server.js:7:8527)","timestamp":"2024-10-11T13:01:27.894Z"}
{"level":"info","message":"⌛ Validating hector.wlk","timeElapsed":182,"timestamp":"2024-10-11T13:01:28.080Z"}
{"level":"info","message":"⌛ Building environment","timeElapsed":146,"timestamp":"2024-10-11T13:01:28.227Z"}
{"level":"info","message":"⌛ Validating hector.wlk","timeElapsed":181,"timestamp":"2024-10-11T13:01:28.416Z"}
{"level":"info","message":"⌛ Building environment","timeElapsed":158,"timestamp":"2024-10-11T13:01:28.578Z"}
{"level":"info","message":"⌛ Validating hector.wlk","timeElapsed":280,"timestamp":"2024-10-11T13:01:28.858Z"}
{"level":"info","message":"⌛ Validating hector.wlk","timeElapsed":190,"timestamp":"2024-10-11T13:01:29.057Z"}
{"level":"info","message":"⌛ Validating hector.wlk","timeElapsed":186,"timestamp":"2024-10-11T13:01:29.243Z"}
{"level":"info","message":"⌛ Building environment","timeElapsed":164,"timestamp":"2024-10-11T13:01:30.271Z"}
{"level":"info","message":"⌛ Building environment","timeElapsed":157,"timestamp":"2024-10-11T13:01:30.428Z"}
{"level":"info","message":"⌛ Validating hector.wlk","timeElapsed":208,"timestamp":"2024-10-11T13:01:30.686Z"}
{"level":"info","message":"⌛ Building environment","timeElapsed":149,"timestamp":"2024-10-11T13:01:30.836Z"}
{"level":"info","message":"⌛ Validating hector.wlk","timeElapsed":196,"timestamp":"2024-10-11T13:01:31.033Z"}
{"level":"info","message":"⌛ Building environment","timeElapsed":152,"timestamp":"2024-10-11T13:01:31.186Z"}
{"level":"info","message":"onRequest - completionItem/resolve","timestamp":"2024-10-11T13:01:31.187Z"}
{"level":"info","message":"⌛ Validating hector.wlk","timeElapsed":203,"timestamp":"2024-10-11T13:01:31.397Z"}
{"level":"info","message":"⌛ Validating hector.wlk","timeElapsed":190,"timestamp":"2024-10-11T13:01:31.590Z"}
{"level":"info","message":"⌛ Building environment","timeElapsed":150,"timestamp":"2024-10-11T13:01:31.741Z"}
{"level":"info","message":"⌛ Validating hector.wlk","timeElapsed":195,"timestamp":"2024-10-11T13:01:31.950Z"}
{"level":"info","message":"⌛ Building environment","timeElapsed":162,"timestamp":"2024-10-11T13:01:32.686Z"}
{"level":"error","message":"✘ Completions for node failed: Error: [Send]{6dae07} at hector.wlk:82 exhausted all cases without a match [Send]{6dae07} at hector.wlk:82 exhausted all cases without a match","stack":"Error: [Send]{6dae07} at hector.wlk:82 exhausted all cases without a match\n    at /home/felipe/.vscode/extensions/uqbar.wollok-lsp-ide-0.3.6/out/server/src/server.js:38:6067\n    at yh (/home/felipe/.vscode/extensions/uqbar.wollok-lsp-ide-0.3.6/out/server/src/server.js:2291:42)\n    at kh (/home/felipe/.vscode/extensions/uqbar.wollok-lsp-ide-0.3.6/out/server/src/server.js:2291:1004)\n    at Y5n (/home/felipe/.vscode/extensions/uqbar.wollok-lsp-ide-0.3.6/out/server/src/server.js:2291:1160)\n    at /home/felipe/.vscode/extensions/uqbar.wollok-lsp-ide-0.3.6/out/server/src/server.js:38:6056\n    at yh (/home/felipe/.vscode/extensions/uqbar.wollok-lsp-ide-0.3.6/out/server/src/server.js:2291:42)\n    at /home/felipe/.vscode/extensions/uqbar.wollok-lsp-ide-0.3.6/out/server/src/server.js:2291:2700\n    at /home/felipe/.vscode/extensions/uqbar.wollok-lsp-ide-0.3.6/out/server/src/server.js:2298:3774\n    at /home/felipe/.vscode/extensions/uqbar.wollok-lsp-ide-0.3.6/out/server/src/server.js:37:74872\n    at Fe (/home/felipe/.vscode/extensions/uqbar.wollok-lsp-ide-0.3.6/out/server/src/server.js:7:8527)","timestamp":"2024-10-11T13:01:32.724Z"}
{"level":"error","message":"✘ Completions for node failed: Error: [Return]{1b4275} at hector.wlk:82 exhausted all cases without a match [Return]{1b4275} at hector.wlk:82 exhausted all cases without a match","stack":"Error: [Return]{1b4275} at hector.wlk:82 exhausted all cases without a match\n    at /home/felipe/.vscode/extensions/uqbar.wollok-lsp-ide-0.3.6/out/server/src/server.js:38:6067\n    at yh (/home/felipe/.vscode/extensions/uqbar.wollok-lsp-ide-0.3.6/out/server/src/server.js:2291:42)\n    at kh (/home/felipe/.vscode/extensions/uqbar.wollok-lsp-ide-0.3.6/out/server/src/server.js:2291:1004)\n    at yh (/home/felipe/.vscode/extensions/uqbar.wollok-lsp-ide-0.3.6/out/server/src/server.js:2291:456)\n    at kh (/home/felipe/.vscode/extensions/uqbar.wollok-lsp-ide-0.3.6/out/server/src/server.js:2291:1004)\n    at Y5n (/home/felipe/.vscode/extensions/uqbar.wollok-lsp-ide-0.3.6/out/server/src/server.js:2291:1160)\n    at /home/felipe/.vscode/extensions/uqbar.wollok-lsp-ide-0.3.6/out/server/src/server.js:38:6056\n    at yh (/home/felipe/.vscode/extensions/uqbar.wollok-lsp-ide-0.3.6/out/server/src/server.js:2291:42)\n    at /home/felipe/.vscode/extensions/uqbar.wollok-lsp-ide-0.3.6/out/server/src/server.js:2291:2700\n    at /home/felipe/.vscode/extensions/uqbar.wollok-lsp-ide-0.3.6/out/server/src/server.js:2298:3774","timestamp":"2024-10-11T13:01:32.724Z"}
{"level":"info","message":"⌛ Building environment","timeElapsed":158,"timestamp":"2024-10-11T13:01:32.886Z"}
{"level":"info","message":"⌛ Validating hector.wlk","timeElapsed":198,"timestamp":"2024-10-11T13:01:33.085Z"}
{"level":"info","message":"onRequest - completionItem/resolve","timestamp":"2024-10-11T13:01:33.088Z"}
{"level":"info","message":"⌛ Building environment","timeElapsed":311,"timestamp":"2024-10-11T13:01:33.401Z"}
{"level":"info","message":"onRequest - completionItem/resolve","timestamp":"2024-10-11T13:01:33.402Z"}
{"level":"info","message":"⌛ Validating hector.wlk","timeElapsed":228,"timestamp":"2024-10-11T13:01:33.630Z"}
{"level":"info","message":"⌛ Building environment","timeElapsed":167,"timestamp":"2024-10-11T13:01:33.797Z"}
{"level":"info","message":"onRequest - completionItem/resolve","timestamp":"2024-10-11T13:01:33.798Z"}
{"level":"info","message":"⌛ Building environment","timeElapsed":141,"timestamp":"2024-10-11T13:01:33.939Z"}
{"level":"info","message":"onRequest - completionItem/resolve","timestamp":"2024-10-11T13:01:33.940Z"}
{"level":"info","message":"⌛ Building environment","timeElapsed":144,"timestamp":"2024-10-11T13:01:34.085Z"}
{"level":"info","message":"onRequest - completionItem/resolve","timestamp":"2024-10-11T13:01:34.086Z"}
{"level":"info","message":"⌛ Validating hector.wlk","timeElapsed":193,"timestamp":"2024-10-11T13:01:34.280Z"}
{"level":"info","message":"⌛ Building environment","timeElapsed":144,"timestamp":"2024-10-11T13:01:34.424Z"}
{"level":"info","message":"onRequest - completionItem/resolve","timestamp":"2024-10-11T13:01:34.425Z"}
{"level":"info","message":"⌛ Validating hector.wlk","timeElapsed":189,"timestamp":"2024-10-11T13:01:34.614Z"}
{"level":"info","message":"⌛ Validating hector.wlk","timeElapsed":186,"timestamp":"2024-10-11T13:01:34.809Z"}
{"level":"info","message":"⌛ Validating hector.wlk","timeElapsed":184,"timestamp":"2024-10-11T13:01:34.993Z"}
{"level":"info","message":"⌛ Validating hector.wlk","timeElapsed":204,"timestamp":"2024-10-11T13:01:35.197Z"}
{"level":"info","message":"⌛ Building environment","timeElapsed":179,"timestamp":"2024-10-11T13:01:35.377Z"}
{"level":"info","message":"⌛ Validating hector.wlk","timeElapsed":192,"timestamp":"2024-10-11T13:01:35.618Z"}
{"level":"info","message":"onRequest - completionItem/resolve","timestamp":"2024-10-11T13:01:35.619Z"}
{"level":"info","message":"⌛ Building environment","timeElapsed":205,"timestamp":"2024-10-11T13:01:35.893Z"}
{"level":"info","message":"onRequest - completionItem/resolve","timestamp":"2024-10-11T13:01:35.893Z"}
{"level":"info","message":"⌛ Building environment","timeElapsed":167,"timestamp":"2024-10-11T13:01:36.061Z"}
{"level":"info","message":"onRequest - completionItem/resolve","timestamp":"2024-10-11T13:01:36.062Z"}
{"level":"info","message":"⌛ Validating hector.wlk","timeElapsed":256,"timestamp":"2024-10-11T13:01:36.319Z"}
{"level":"info","message":"⌛ Building environment","timeElapsed":252,"timestamp":"2024-10-11T13:01:36.571Z"}
{"level":"info","message":"onRequest - completionItem/resolve","timestamp":"2024-10-11T13:01:36.576Z"}
{"level":"info","message":"⌛ Validating hector.wlk","timeElapsed":217,"timestamp":"2024-10-11T13:01:36.794Z"}
{"level":"info","message":"⌛ Building environment","timeElapsed":158,"timestamp":"2024-10-11T13:01:36.953Z"}
{"level":"info","message":"onRequest - completionItem/resolve","timestamp":"2024-10-11T13:01:36.954Z"}
{"level":"info","message":"⌛ Building environment","timeElapsed":164,"timestamp":"2024-10-11T13:01:37.118Z"}
{"level":"info","message":"onRequest - completionItem/resolve","timestamp":"2024-10-11T13:01:37.119Z"}
{"level":"info","message":"⌛ Building environment","timeElapsed":149,"timestamp":"2024-10-11T13:01:37.269Z"}
{"level":"info","message":"onRequest - completionItem/resolve","timestamp":"2024-10-11T13:01:37.269Z"}
{"level":"info","message":"⌛ Validating hector.wlk","timeElapsed":198,"timestamp":"2024-10-11T13:01:37.468Z"}
{"level":"info","message":"⌛ Building environment","timeElapsed":193,"timestamp":"2024-10-11T13:01:37.663Z"}
{"level":"error","message":"✘ Completions for node failed: Error: [Send]{fcc7ad} at hector.wlk:82 exhausted all cases without a match [Send]{fcc7ad} at hector.wlk:82 exhausted all cases without a match","stack":"Error: [Send]{fcc7ad} at hector.wlk:82 exhausted all cases without a match\n    at /home/felipe/.vscode/extensions/uqbar.wollok-lsp-ide-0.3.6/out/server/src/server.js:38:6067\n    at yh (/home/felipe/.vscode/extensions/uqbar.wollok-lsp-ide-0.3.6/out/server/src/server.js:2291:42)\n    at kh (/home/felipe/.vscode/extensions/uqbar.wollok-lsp-ide-0.3.6/out/server/src/server.js:2291:1004)\n    at Y5n (/home/felipe/.vscode/extensions/uqbar.wollok-lsp-ide-0.3.6/out/server/src/server.js:2291:1160)\n    at /home/felipe/.vscode/extensions/uqbar.wollok-lsp-ide-0.3.6/out/server/src/server.js:38:6056\n    at yh (/home/felipe/.vscode/extensions/uqbar.wollok-lsp-ide-0.3.6/out/server/src/server.js:2291:42)\n    at /home/felipe/.vscode/extensions/uqbar.wollok-lsp-ide-0.3.6/out/server/src/server.js:2291:2700\n    at /home/felipe/.vscode/extensions/uqbar.wollok-lsp-ide-0.3.6/out/server/src/server.js:2298:3774\n    at /home/felipe/.vscode/extensions/uqbar.wollok-lsp-ide-0.3.6/out/server/src/server.js:37:74872\n    at Fe (/home/felipe/.vscode/extensions/uqbar.wollok-lsp-ide-0.3.6/out/server/src/server.js:7:8527)","timestamp":"2024-10-11T13:01:37.702Z"}
{"level":"error","message":"✘ Completions for node failed: Error: [Return]{6001ac} at hector.wlk:82 exhausted all cases without a match [Return]{6001ac} at hector.wlk:82 exhausted all cases without a match","stack":"Error: [Return]{6001ac} at hector.wlk:82 exhausted all cases without a match\n    at /home/felipe/.vscode/extensions/uqbar.wollok-lsp-ide-0.3.6/out/server/src/server.js:38:6067\n    at yh (/home/felipe/.vscode/extensions/uqbar.wollok-lsp-ide-0.3.6/out/server/src/server.js:2291:42)\n    at kh (/home/felipe/.vscode/extensions/uqbar.wollok-lsp-ide-0.3.6/out/server/src/server.js:2291:1004)\n    at yh (/home/felipe/.vscode/extensions/uqbar.wollok-lsp-ide-0.3.6/out/server/src/server.js:2291:456)\n    at kh (/home/felipe/.vscode/extensions/uqbar.wollok-lsp-ide-0.3.6/out/server/src/server.js:2291:1004)\n    at Y5n (/home/felipe/.vscode/extensions/uqbar.wollok-lsp-ide-0.3.6/out/server/src/server.js:2291:1160)\n    at /home/felipe/.vscode/extensions/uqbar.wollok-lsp-ide-0.3.6/out/server/src/server.js:38:6056\n    at yh (/home/felipe/.vscode/extensions/uqbar.wollok-lsp-ide-0.3.6/out/server/src/server.js:2291:42)\n    at /home/felipe/.vscode/extensions/uqbar.wollok-lsp-ide-0.3.6/out/server/src/server.js:2291:2700\n    at /home/felipe/.vscode/extensions/uqbar.wollok-lsp-ide-0.3.6/out/server/src/server.js:2298:3774","timestamp":"2024-10-11T13:01:37.703Z"}
{"level":"info","message":"⌛ Validating hector.wlk","timeElapsed":191,"timestamp":"2024-10-11T13:01:37.901Z"}
{"level":"info","message":"⌛ Building environment","timeElapsed":143,"timestamp":"2024-10-11T13:01:38.046Z"}
{"level":"info","message":"⌛ Validating hector.wlk","timeElapsed":189,"timestamp":"2024-10-11T13:01:38.235Z"}
{"level":"info","message":"⌛ Validating hector.wlk","timeElapsed":182,"timestamp":"2024-10-11T13:01:38.418Z"}
{"level":"info","message":"⌛ Building environment","timeElapsed":186,"timestamp":"2024-10-11T13:01:38.604Z"}
{"level":"info","message":"⌛ Building environment","timeElapsed":150,"timestamp":"2024-10-11T13:01:38.761Z"}
{"level":"info","message":"⌛ Building environment","timeElapsed":139,"timestamp":"2024-10-11T13:01:38.901Z"}
{"level":"info","message":"⌛ Validating hector.wlk","timeElapsed":182,"timestamp":"2024-10-11T13:01:39.083Z"}
{"level":"info","message":"⌛ Validating hector.wlk","timeElapsed":194,"timestamp":"2024-10-11T13:01:39.285Z"}
{"level":"info","message":"⌛ Validating hector.wlk","timeElapsed":205,"timestamp":"2024-10-11T13:01:39.491Z"}
{"level":"info","message":"⌛ Validating hector.wlk","timeElapsed":181,"timestamp":"2024-10-11T13:01:39.672Z"}
{"level":"info","message":"⌛ Validating hector.wlk","timeElapsed":185,"timestamp":"2024-10-11T13:01:39.859Z"}
{"level":"info","message":"⌛ Building environment","timeElapsed":149,"timestamp":"2024-10-11T13:01:40.009Z"}
{"level":"info","message":"⌛ Validating hector.wlk","timeElapsed":189,"timestamp":"2024-10-11T13:01:40.207Z"}
{"level":"info","message":"⌛ Building environment","timeElapsed":239,"timestamp":"2024-10-11T13:01:42.225Z"}
{"level":"info","message":"⌛ Validating hector.wlk","timeElapsed":199,"timestamp":"2024-10-11T13:01:42.467Z"}
{"level":"info","message":"onRequest - completionItem/resolve","timestamp":"2024-10-11T13:01:42.467Z"}
{"level":"info","message":"⌛ Building environment","timeElapsed":246,"timestamp":"2024-10-11T13:03:37.540Z"}
{"level":"info","message":"onRequest - completionItem/resolve","timestamp":"2024-10-11T13:03:37.542Z"}
{"level":"info","message":"⌛ Validating hector.wlk","timeElapsed":282,"timestamp":"2024-10-11T13:03:37.825Z"}
{"level":"info","message":"⌛ Building environment","timeElapsed":270,"timestamp":"2024-10-11T13:03:38.096Z"}
{"level":"info","message":"onRequest - completionItem/resolve","timestamp":"2024-10-11T13:03:38.103Z"}
{"level":"info","message":"⌛ Building environment","timeElapsed":177,"timestamp":"2024-10-11T13:03:38.280Z"}
{"level":"info","message":"onRequest - completionItem/resolve","timestamp":"2024-10-11T13:03:38.281Z"}
{"level":"info","message":"⌛ Building environment","timeElapsed":167,"timestamp":"2024-10-11T13:03:38.448Z"}
{"level":"info","message":"onRequest - completionItem/resolve","timestamp":"2024-10-11T13:03:38.455Z"}
{"level":"info","message":"⌛ Building environment","timeElapsed":214,"timestamp":"2024-10-11T13:03:38.670Z"}
{"level":"info","message":"onRequest - completionItem/resolve","timestamp":"2024-10-11T13:03:38.671Z"}
{"level":"info","message":"⌛ Validating hector.wlk","timeElapsed":351,"timestamp":"2024-10-11T13:03:39.024Z"}
{"level":"info","message":"⌛ Validating hector.wlk","timeElapsed":271,"timestamp":"2024-10-11T13:03:39.298Z"}
{"level":"info","message":"⌛ Validating hector.wlk","timeElapsed":201,"timestamp":"2024-10-11T13:03:39.510Z"}
{"level":"info","message":"⌛ Building environment","timeElapsed":186,"timestamp":"2024-10-11T13:03:39.696Z"}
{"level":"info","message":"⌛ Validating hector.wlk","timeElapsed":193,"timestamp":"2024-10-11T13:03:39.940Z"}
{"level":"info","message":"⌛ Building environment","timeElapsed":152,"timestamp":"2024-10-11T13:03:40.092Z"}
{"level":"info","message":"⌛ Building environment","timeElapsed":157,"timestamp":"2024-10-11T13:03:40.249Z"}
{"level":"info","message":"⌛ Building environment","timeElapsed":273,"timestamp":"2024-10-11T13:03:40.523Z"}
{"level":"info","message":"⌛ Building environment","timeElapsed":170,"timestamp":"2024-10-11T13:03:40.694Z"}
{"level":"info","message":"⌛ Building environment","timeElapsed":162,"timestamp":"2024-10-11T13:03:40.867Z"}
{"level":"info","message":"⌛ Validating hector.wlk","timeElapsed":218,"timestamp":"2024-10-11T13:03:41.085Z"}
{"level":"info","message":"⌛ Building environment","timeElapsed":152,"timestamp":"2024-10-11T13:03:41.238Z"}
{"level":"info","message":"⌛ Validating hector.wlk","timeElapsed":185,"timestamp":"2024-10-11T13:03:41.423Z"}
{"level":"info","message":"⌛ Validating hector.wlk","timeElapsed":192,"timestamp":"2024-10-11T13:03:41.623Z"}
{"level":"info","message":"⌛ Building environment","timeElapsed":182,"timestamp":"2024-10-11T13:03:41.807Z"}
{"level":"info","message":"⌛ Validating hector.wlk","timeElapsed":199,"timestamp":"2024-10-11T13:03:42.052Z"}
{"level":"info","message":"⌛ Building environment","timeElapsed":154,"timestamp":"2024-10-11T13:03:42.207Z"}
{"level":"info","message":"⌛ Validating hector.wlk","timeElapsed":197,"timestamp":"2024-10-11T13:03:42.404Z"}
{"level":"info","message":"⌛ Building environment","timeElapsed":153,"timestamp":"2024-10-11T13:03:42.559Z"}
{"level":"info","message":"⌛ Validating hector.wlk","timeElapsed":190,"timestamp":"2024-10-11T13:03:42.749Z"}
{"level":"info","message":"⌛ Building environment","timeElapsed":142,"timestamp":"2024-10-11T13:03:42.892Z"}
{"level":"info","message":"⌛ Validating hector.wlk","timeElapsed":183,"timestamp":"2024-10-11T13:03:43.075Z"}
{"level":"info","message":"⌛ Validating hector.wlk","timeElapsed":244,"timestamp":"2024-10-11T13:03:43.330Z"}
{"level":"info","message":"⌛ Validating hector.wlk","timeElapsed":209,"timestamp":"2024-10-11T13:03:43.539Z"}
{"level":"info","message":"⌛ Validating hector.wlk","timeElapsed":206,"timestamp":"2024-10-11T13:03:43.746Z"}
{"level":"info","message":"⌛ Validating hector.wlk","timeElapsed":299,"timestamp":"2024-10-11T13:03:44.045Z"}
{"level":"info","message":"⌛ Building environment","timeElapsed":169,"timestamp":"2024-10-11T13:03:44.215Z"}
{"level":"info","message":"⌛ Building environment","timeElapsed":158,"timestamp":"2024-10-11T13:03:44.374Z"}
{"level":"info","message":"⌛ Building environment","timeElapsed":152,"timestamp":"2024-10-11T13:03:44.533Z"}
{"level":"info","message":"⌛ Validating hector.wlk","timeElapsed":215,"timestamp":"2024-10-11T13:03:44.787Z"}
{"level":"info","message":"⌛ Building environment","timeElapsed":223,"timestamp":"2024-10-11T13:03:45.010Z"}
{"level":"info","message":"⌛ Validating hector.wlk","timeElapsed":184,"timestamp":"2024-10-11T13:03:45.201Z"}
{"level":"info","message":"⌛ Building environment","timeElapsed":166,"timestamp":"2024-10-11T13:03:45.367Z"}
{"level":"info","message":"⌛ Validating hector.wlk","timeElapsed":209,"timestamp":"2024-10-11T13:03:45.578Z"}
{"level":"info","message":"onRequest - completionItem/resolve","timestamp":"2024-10-11T13:03:45.578Z"}
{"level":"info","message":"⌛ Building environment","timeElapsed":167,"timestamp":"2024-10-11T13:03:45.746Z"}
{"level":"info","message":"onRequest - completionItem/resolve","timestamp":"2024-10-11T13:03:45.747Z"}
{"level":"info","message":"⌛ Building environment","timeElapsed":151,"timestamp":"2024-10-11T13:03:45.898Z"}
{"level":"info","message":"onRequest - completionItem/resolve","timestamp":"2024-10-11T13:03:45.906Z"}
{"level":"info","message":"⌛ Validating hector.wlk","timeElapsed":193,"timestamp":"2024-10-11T13:03:46.099Z"}
{"level":"info","message":"⌛ Building environment","timeElapsed":152,"timestamp":"2024-10-11T13:03:46.258Z"}
{"level":"info","message":"onRequest - completionItem/resolve","timestamp":"2024-10-11T13:03:46.266Z"}
{"level":"info","message":"⌛ Validating hector.wlk","timeElapsed":192,"timestamp":"2024-10-11T13:03:46.459Z"}
{"level":"info","message":"⌛ Building environment","timeElapsed":144,"timestamp":"2024-10-11T13:03:46.603Z"}
{"level":"info","message":"onRequest - completionItem/resolve","timestamp":"2024-10-11T13:03:46.604Z"}
{"level":"info","message":"⌛ Building environment","timeElapsed":145,"timestamp":"2024-10-11T13:03:46.750Z"}
{"level":"info","message":"onRequest - completionItem/resolve","timestamp":"2024-10-11T13:03:46.750Z"}
{"level":"info","message":"⌛ Building environment","timeElapsed":141,"timestamp":"2024-10-11T13:03:46.891Z"}
{"level":"info","message":"onRequest - completionItem/resolve","timestamp":"2024-10-11T13:03:46.892Z"}
{"level":"info","message":"⌛ Validating hector.wlk","timeElapsed":210,"timestamp":"2024-10-11T13:03:47.102Z"}
{"level":"info","message":"⌛ Building environment","timeElapsed":150,"timestamp":"2024-10-11T13:03:47.253Z"}
{"level":"info","message":"⌛ Validating hector.wlk","timeElapsed":190,"timestamp":"2024-10-11T13:03:47.443Z"}
{"level":"info","message":"⌛ Building environment","timeElapsed":160,"timestamp":"2024-10-11T13:03:47.603Z"}
{"level":"info","message":"⌛ Building environment","timeElapsed":154,"timestamp":"2024-10-11T13:03:47.759Z"}
{"level":"info","message":"⌛ Validating hector.wlk","timeElapsed":198,"timestamp":"2024-10-11T13:03:47.957Z"}
{"level":"info","message":"⌛ Validating hector.wlk","timeElapsed":194,"timestamp":"2024-10-11T13:03:48.158Z"}
{"level":"info","message":"⌛ Validating hector.wlk","timeElapsed":209,"timestamp":"2024-10-11T13:03:48.368Z"}
{"level":"info","message":"⌛ Validating hector.wlk","timeElapsed":187,"timestamp":"2024-10-11T13:03:48.555Z"}
{"level":"info","message":"⌛ Building environment","timeElapsed":149,"timestamp":"2024-10-11T13:03:48.705Z"}
{"level":"info","message":"⌛ Validating hector.wlk","timeElapsed":215,"timestamp":"2024-10-11T13:03:48.920Z"}
{"level":"info","message":"⌛ Validating hector.wlk","timeElapsed":348,"timestamp":"2024-10-11T13:03:49.280Z"}
{"level":"info","message":"⌛ Validating hector.wlk","timeElapsed":186,"timestamp":"2024-10-11T13:03:49.469Z"}
{"level":"info","message":"⌛ Validating hector.wlk","timeElapsed":200,"timestamp":"2024-10-11T13:03:49.669Z"}
{"level":"info","message":"⌛ Building environment","timeElapsed":294,"timestamp":"2024-10-11T13:03:49.969Z"}
{"level":"info","message":"⌛ Building environment","timeElapsed":196,"timestamp":"2024-10-11T13:03:50.167Z"}
{"level":"info","message":"⌛ Building environment","timeElapsed":152,"timestamp":"2024-10-11T13:03:50.326Z"}
{"level":"info","message":"⌛ Building environment","timeElapsed":153,"timestamp":"2024-10-11T13:03:50.519Z"}
{"level":"info","message":"⌛ Building environment","timeElapsed":178,"timestamp":"2024-10-11T13:03:50.699Z"}
{"level":"info","message":"⌛ Validating hector.wlk","timeElapsed":222,"timestamp":"2024-10-11T13:03:50.929Z"}
{"level":"info","message":"⌛ Building environment","timeElapsed":154,"timestamp":"2024-10-11T13:03:51.083Z"}
{"level":"info","message":"⌛ Validating hector.wlk","timeElapsed":192,"timestamp":"2024-10-11T13:03:51.275Z"}
{"level":"info","message":"⌛ Building environment","timeElapsed":145,"timestamp":"2024-10-11T13:03:51.420Z"}
{"level":"info","message":"⌛ Validating hector.wlk","timeElapsed":180,"timestamp":"2024-10-11T13:03:51.605Z"}
{"level":"info","message":"⌛ Building environment","timeElapsed":155,"timestamp":"2024-10-11T13:03:51.762Z"}
{"level":"info","message":"onRequest - completionItem/resolve","timestamp":"2024-10-11T13:03:51.762Z"}
{"level":"info","message":"⌛ Validating hector.wlk","timeElapsed":188,"timestamp":"2024-10-11T13:03:51.951Z"}
{"level":"info","message":"⌛ Building environment","timeElapsed":147,"timestamp":"2024-10-11T13:03:52.100Z"}
{"level":"info","message":"onRequest - completionItem/resolve","timestamp":"2024-10-11T13:03:52.100Z"}
{"level":"info","message":"⌛ Validating hector.wlk","timeElapsed":191,"timestamp":"2024-10-11T13:03:52.291Z"}
{"level":"info","message":"⌛ Validating hector.wlk","timeElapsed":188,"timestamp":"2024-10-11T13:03:52.491Z"}
{"level":"info","message":"⌛ Validating hector.wlk","timeElapsed":182,"timestamp":"2024-10-11T13:03:52.673Z"}
{"level":"info","message":"⌛ Validating hector.wlk","timeElapsed":200,"timestamp":"2024-10-11T13:03:52.874Z"}
{"level":"info","message":"⌛ Validating hector.wlk","timeElapsed":196,"timestamp":"2024-10-11T13:03:53.071Z"}
{"level":"info","message":"⌛ Building environment","timeElapsed":158,"timestamp":"2024-10-11T13:03:53.282Z"}
{"level":"info","message":"⌛ Validating hector.wlk","timeElapsed":217,"timestamp":"2024-10-11T13:03:53.500Z"}
{"level":"info","message":"⌛ Building environment","timeElapsed":177,"timestamp":"2024-10-11T13:03:53.678Z"}
{"level":"info","message":"⌛ Building environment","timeElapsed":194,"timestamp":"2024-10-11T13:03:53.920Z"}
{"level":"info","message":"⌛ Building environment","timeElapsed":153,"timestamp":"2024-10-11T13:03:54.073Z"}
{"level":"info","message":"⌛ Validating hector.wlk","timeElapsed":193,"timestamp":"2024-10-11T13:03:54.272Z"}
{"level":"info","message":"⌛ Building environment","timeElapsed":164,"timestamp":"2024-10-11T13:03:54.437Z"}
{"level":"info","message":"⌛ Validating hector.wlk","timeElapsed":204,"timestamp":"2024-10-11T13:03:54.641Z"}
{"level":"info","message":"⌛ Validating hector.wlk","timeElapsed":200,"timestamp":"2024-10-11T13:03:54.849Z"}
{"level":"info","message":"⌛ Building environment","timeElapsed":163,"timestamp":"2024-10-11T13:03:55.013Z"}
{"level":"info","message":"⌛ Validating hector.wlk","timeElapsed":190,"timestamp":"2024-10-11T13:03:55.241Z"}
{"level":"info","message":"⌛ Building environment","timeElapsed":151,"timestamp":"2024-10-11T13:03:55.393Z"}
{"level":"info","message":"⌛ Building environment","timeElapsed":159,"timestamp":"2024-10-11T13:03:55.554Z"}
{"level":"info","message":"⌛ Validating hector.wlk","timeElapsed":337,"timestamp":"2024-10-11T13:03:55.891Z"}
{"level":"info","message":"⌛ Building environment","timeElapsed":144,"timestamp":"2024-10-11T13:03:56.037Z"}
{"level":"info","message":"⌛ Building environment","timeElapsed":148,"timestamp":"2024-10-11T13:03:56.223Z"}
{"level":"info","message":"⌛ Validating hector.wlk","timeElapsed":184,"timestamp":"2024-10-11T13:03:56.408Z"}
{"level":"info","message":"⌛ Validating hector.wlk","timeElapsed":183,"timestamp":"2024-10-11T13:03:56.591Z"}
{"level":"info","message":"⌛ Building environment","timeElapsed":252,"timestamp":"2024-10-11T13:03:56.844Z"}
{"level":"info","message":"⌛ Validating hector.wlk","timeElapsed":214,"timestamp":"2024-10-11T13:03:57.102Z"}
{"level":"info","message":"⌛ Validating hector.wlk","timeElapsed":179,"timestamp":"2024-10-11T13:03:57.281Z"}
{"level":"info","message":"⌛ Validating hector.wlk","timeElapsed":198,"timestamp":"2024-10-11T13:03:57.480Z"}
{"level":"info","message":"onRequest - completionItem/resolve","timestamp":"2024-10-11T13:03:57.483Z"}
{"level":"info","message":"⌛ Building environment","timeElapsed":158,"timestamp":"2024-10-11T13:03:57.781Z"}
{"level":"info","message":"⌛ Validating hector.wlk","timeElapsed":182,"timestamp":"2024-10-11T13:03:58.001Z"}
{"level":"info","message":"⌛ Building environment","timeElapsed":152,"timestamp":"2024-10-11T13:03:58.338Z"}
{"level":"info","message":"⌛ Validating hector.wlk","timeElapsed":188,"timestamp":"2024-10-11T13:03:58.527Z"}
{"level":"info","message":"⌛ Building environment","timeElapsed":220,"timestamp":"2024-10-11T13:03:59.629Z"}
{"level":"info","message":"⌛ Building environment","timeElapsed":263,"timestamp":"2024-10-11T13:03:59.892Z"}
{"level":"info","message":"⌛ Validating hector.wlk","timeElapsed":251,"timestamp":"2024-10-11T13:04:00.154Z"}
{"level":"info","message":"⌛ Building environment","timeElapsed":151,"timestamp":"2024-10-11T13:04:00.306Z"}
{"level":"info","message":"⌛ Validating hector.wlk","timeElapsed":190,"timestamp":"2024-10-11T13:04:00.498Z"}
{"level":"info","message":"⌛ Validating hector.wlk","timeElapsed":214,"timestamp":"2024-10-11T13:04:00.720Z"}
{"level":"info","message":"⌛ Building environment","timeElapsed":173,"timestamp":"2024-10-11T13:04:02.305Z"}
{"level":"info","message":"⌛ Building environment","timeElapsed":162,"timestamp":"2024-10-11T13:04:02.512Z"}
{"level":"info","message":"⌛ Validating hector.wlk","timeElapsed":212,"timestamp":"2024-10-11T13:04:02.725Z"}
{"level":"info","message":"onRequest - completionItem/resolve","timestamp":"2024-10-11T13:04:02.726Z"}
{"level":"info","message":"⌛ Building environment","timeElapsed":192,"timestamp":"2024-10-11T13:04:02.919Z"}
{"level":"info","message":"onRequest - completionItem/resolve","timestamp":"2024-10-11T13:04:02.919Z"}
{"level":"info","message":"⌛ Validating hector.wlk","timeElapsed":177,"timestamp":"2024-10-11T13:04:03.096Z"}
{"level":"info","message":"⌛ Building environment","timeElapsed":150,"timestamp":"2024-10-11T13:04:03.247Z"}
{"level":"info","message":"onRequest - completionItem/resolve","timestamp":"2024-10-11T13:04:03.248Z"}
{"level":"info","message":"⌛ Building environment","timeElapsed":148,"timestamp":"2024-10-11T13:04:03.396Z"}
{"level":"info","message":"onRequest - completionItem/resolve","timestamp":"2024-10-11T13:04:03.397Z"}
{"level":"info","message":"⌛ Validating hector.wlk","timeElapsed":192,"timestamp":"2024-10-11T13:04:03.589Z"}
{"level":"info","message":"⌛ Validating hector.wlk","timeElapsed":187,"timestamp":"2024-10-11T13:04:03.784Z"}
{"level":"info","message":"onRequest - completionItem/resolve","timestamp":"2024-10-11T13:04:03.785Z"}
{"level":"info","message":"⌛ Building environment","timeElapsed":159,"timestamp":"2024-10-11T13:04:03.944Z"}
{"level":"info","message":"⌛ Validating hector.wlk","timeElapsed":191,"timestamp":"2024-10-11T13:04:04.142Z"}
{"level":"info","message":"⌛ Validating hector.wlk","timeElapsed":266,"timestamp":"2024-10-11T13:04:04.417Z"}
{"level":"info","message":"⌛ Building environment","timeElapsed":183,"timestamp":"2024-10-11T13:04:04.602Z"}
{"level":"info","message":"⌛ Validating hector.wlk","timeElapsed":210,"timestamp":"2024-10-11T13:04:04.856Z"}
{"level":"info","message":"onRequest - completionItem/resolve","timestamp":"2024-10-11T13:04:04.857Z"}
{"level":"info","message":"⌛ Building environment","timeElapsed":160,"timestamp":"2024-10-11T13:04:05.018Z"}
{"level":"info","message":"onRequest - completionItem/resolve","timestamp":"2024-10-11T13:04:05.018Z"}
{"level":"info","message":"⌛ Building environment","timeElapsed":184,"timestamp":"2024-10-11T13:04:05.221Z"}
{"level":"info","message":"onRequest - completionItem/resolve","timestamp":"2024-10-11T13:04:05.222Z"}
{"level":"info","message":"⌛ Building environment","timeElapsed":233,"timestamp":"2024-10-11T13:04:05.455Z"}
{"level":"info","message":"onRequest - completionItem/resolve","timestamp":"2024-10-11T13:04:05.462Z"}
{"level":"info","message":"⌛ Validating hector.wlk","timeElapsed":194,"timestamp":"2024-10-11T13:04:05.656Z"}
{"level":"info","message":"⌛ Validating hector.wlk","timeElapsed":182,"timestamp":"2024-10-11T13:04:05.838Z"}
{"level":"info","message":"⌛ Validating hector.wlk","timeElapsed":187,"timestamp":"2024-10-11T13:04:06.035Z"}
{"level":"info","message":"⌛ Building environment","timeElapsed":157,"timestamp":"2024-10-11T13:04:06.314Z"}
{"level":"info","message":"⌛ Validating hector.wlk","timeElapsed":183,"timestamp":"2024-10-11T13:04:06.499Z"}
{"level":"info","message":"⌛ Building environment","timeElapsed":159,"timestamp":"2024-10-11T13:04:07.087Z"}
{"level":"info","message":"⌛ Validating hector.wlk","timeElapsed":189,"timestamp":"2024-10-11T13:04:07.277Z"}
{"level":"info","message":"⌛ Building environment","timeElapsed":175,"timestamp":"2024-10-11T13:04:08.998Z"}
{"level":"error","message":"✘ Completions for node failed: Error: [Return]{dccf1c} at hector.wlk:-- exhausted all cases without a match [Return]{dccf1c} at hector.wlk:-- exhausted all cases without a match","stack":"Error: [Return]{dccf1c} at hector.wlk:-- exhausted all cases without a match\n    at /home/felipe/.vscode/extensions/uqbar.wollok-lsp-ide-0.3.6/out/server/src/server.js:38:6067\n    at yh (/home/felipe/.vscode/extensions/uqbar.wollok-lsp-ide-0.3.6/out/server/src/server.js:2291:42)\n    at kh (/home/felipe/.vscode/extensions/uqbar.wollok-lsp-ide-0.3.6/out/server/src/server.js:2291:1004)\n    at Y5n (/home/felipe/.vscode/extensions/uqbar.wollok-lsp-ide-0.3.6/out/server/src/server.js:2291:1160)\n    at /home/felipe/.vscode/extensions/uqbar.wollok-lsp-ide-0.3.6/out/server/src/server.js:38:6056\n    at yh (/home/felipe/.vscode/extensions/uqbar.wollok-lsp-ide-0.3.6/out/server/src/server.js:2291:42)\n    at /home/felipe/.vscode/extensions/uqbar.wollok-lsp-ide-0.3.6/out/server/src/server.js:2291:2700\n    at /home/felipe/.vscode/extensions/uqbar.wollok-lsp-ide-0.3.6/out/server/src/server.js:2298:3774\n    at /home/felipe/.vscode/extensions/uqbar.wollok-lsp-ide-0.3.6/out/server/src/server.js:37:74872\n    at Fe (/home/felipe/.vscode/extensions/uqbar.wollok-lsp-ide-0.3.6/out/server/src/server.js:7:8527)","timestamp":"2024-10-11T13:04:09.038Z"}
{"level":"info","message":"⌛ Building environment","timeElapsed":163,"timestamp":"2024-10-11T13:04:09.205Z"}
{"level":"info","message":"⌛ Validating hector.wlk","timeElapsed":190,"timestamp":"2024-10-11T13:04:09.395Z"}
{"level":"info","message":"⌛ Building environment","timeElapsed":149,"timestamp":"2024-10-11T13:04:09.545Z"}
{"level":"info","message":"onRequest - completionItem/resolve","timestamp":"2024-10-11T13:04:09.546Z"}
{"level":"info","message":"⌛ Building environment","timeElapsed":148,"timestamp":"2024-10-11T13:04:09.694Z"}
{"level":"error","message":"✘ Completions for node failed: Error: [Return]{f3f49f} at hector.wlk:-- exhausted all cases without a match [Return]{f3f49f} at hector.wlk:-- exhausted all cases without a match","stack":"Error: [Return]{f3f49f} at hector.wlk:-- exhausted all cases without a match\n    at /home/felipe/.vscode/extensions/uqbar.wollok-lsp-ide-0.3.6/out/server/src/server.js:38:6067\n    at yh (/home/felipe/.vscode/extensions/uqbar.wollok-lsp-ide-0.3.6/out/server/src/server.js:2291:42)\n    at kh (/home/felipe/.vscode/extensions/uqbar.wollok-lsp-ide-0.3.6/out/server/src/server.js:2291:1004)\n    at Y5n (/home/felipe/.vscode/extensions/uqbar.wollok-lsp-ide-0.3.6/out/server/src/server.js:2291:1160)\n    at /home/felipe/.vscode/extensions/uqbar.wollok-lsp-ide-0.3.6/out/server/src/server.js:38:6056\n    at yh (/home/felipe/.vscode/extensions/uqbar.wollok-lsp-ide-0.3.6/out/server/src/server.js:2291:42)\n    at /home/felipe/.vscode/extensions/uqbar.wollok-lsp-ide-0.3.6/out/server/src/server.js:2291:2700\n    at /home/felipe/.vscode/extensions/uqbar.wollok-lsp-ide-0.3.6/out/server/src/server.js:2298:3774\n    at /home/felipe/.vscode/extensions/uqbar.wollok-lsp-ide-0.3.6/out/server/src/server.js:37:74872\n    at Fe (/home/felipe/.vscode/extensions/uqbar.wollok-lsp-ide-0.3.6/out/server/src/server.js:7:8527)","timestamp":"2024-10-11T13:04:09.730Z"}
{"level":"info","message":"⌛ Validating hector.wlk","timeElapsed":177,"timestamp":"2024-10-11T13:04:09.911Z"}
{"level":"info","message":"⌛ Validating hector.wlk","timeElapsed":206,"timestamp":"2024-10-11T13:04:10.120Z"}
{"level":"info","message":"⌛ Validating hector.wlk","timeElapsed":190,"timestamp":"2024-10-11T13:04:10.310Z"}
{"level":"info","message":"⌛ Building environment","timeElapsed":196,"timestamp":"2024-10-11T13:04:10.508Z"}
{"level":"info","message":"⌛ Building environment","timeElapsed":177,"timestamp":"2024-10-11T13:04:10.713Z"}
{"level":"info","message":"⌛ Validating hector.wlk","timeElapsed":198,"timestamp":"2024-10-11T13:04:10.912Z"}
{"level":"info","message":"⌛ Building environment","timeElapsed":147,"timestamp":"2024-10-11T13:04:11.069Z"}
{"level":"info","message":"⌛ Validating hector.wlk","timeElapsed":199,"timestamp":"2024-10-11T13:04:11.269Z"}
{"level":"info","message":"⌛ Validating hector.wlk","timeElapsed":224,"timestamp":"2024-10-11T13:04:11.554Z"}
{"level":"info","message":"⌛ Building environment","timeElapsed":298,"timestamp":"2024-10-11T13:04:11.852Z"}
{"level":"info","message":"⌛ Building environment","timeElapsed":217,"timestamp":"2024-10-11T13:04:12.080Z"}
{"level":"error","message":"✘ Completions for node failed: Error: [Return]{6e9295} at hector.wlk:-- exhausted all cases without a match [Return]{6e9295} at hector.wlk:-- exhausted all cases without a match","stack":"Error: [Return]{6e9295} at hector.wlk:-- exhausted all cases without a match\n    at /home/felipe/.vscode/extensions/uqbar.wollok-lsp-ide-0.3.6/out/server/src/server.js:38:6067\n    at yh (/home/felipe/.vscode/extensions/uqbar.wollok-lsp-ide-0.3.6/out/server/src/server.js:2291:42)\n    at kh (/home/felipe/.vscode/extensions/uqbar.wollok-lsp-ide-0.3.6/out/server/src/server.js:2291:1004)\n    at Y5n (/home/felipe/.vscode/extensions/uqbar.wollok-lsp-ide-0.3.6/out/server/src/server.js:2291:1160)\n    at /home/felipe/.vscode/extensions/uqbar.wollok-lsp-ide-0.3.6/out/server/src/server.js:38:6056\n    at yh (/home/felipe/.vscode/extensions/uqbar.wollok-lsp-ide-0.3.6/out/server/src/server.js:2291:42)\n    at /home/felipe/.vscode/extensions/uqbar.wollok-lsp-ide-0.3.6/out/server/src/server.js:2291:2700\n    at /home/felipe/.vscode/extensions/uqbar.wollok-lsp-ide-0.3.6/out/server/src/server.js:2298:3774\n    at /home/felipe/.vscode/extensions/uqbar.wollok-lsp-ide-0.3.6/out/server/src/server.js:37:74872\n    at Fe (/home/felipe/.vscode/extensions/uqbar.wollok-lsp-ide-0.3.6/out/server/src/server.js:7:8527)","timestamp":"2024-10-11T13:04:12.129Z"}
{"level":"info","message":"⌛ Validating hector.wlk","timeElapsed":209,"timestamp":"2024-10-11T13:04:12.344Z"}
{"level":"info","message":"⌛ Building environment","timeElapsed":248,"timestamp":"2024-10-11T13:04:12.592Z"}
{"level":"info","message":"⌛ Building environment","timeElapsed":200,"timestamp":"2024-10-11T13:04:12.793Z"}
{"level":"info","message":"⌛ Validating hector.wlk","timeElapsed":184,"timestamp":"2024-10-11T13:04:12.979Z"}
{"level":"info","message":"onRequest - completionItem/resolve","timestamp":"2024-10-11T13:04:12.979Z"}
{"level":"info","message":"⌛ Validating hector.wlk","timeElapsed":201,"timestamp":"2024-10-11T13:04:13.189Z"}
{"level":"info","message":"⌛ Building environment","timeElapsed":181,"timestamp":"2024-10-11T13:04:13.372Z"}
{"level":"error","message":"✘ Completions for node failed: Error: [Return]{2f28ea} at hector.wlk:-- exhausted all cases without a match [Return]{2f28ea} at hector.wlk:-- exhausted all cases without a match","stack":"Error: [Return]{2f28ea} at hector.wlk:-- exhausted all cases without a match\n    at /home/felipe/.vscode/extensions/uqbar.wollok-lsp-ide-0.3.6/out/server/src/server.js:38:6067\n    at yh (/home/felipe/.vscode/extensions/uqbar.wollok-lsp-ide-0.3.6/out/server/src/server.js:2291:42)\n    at kh (/home/felipe/.vscode/extensions/uqbar.wollok-lsp-ide-0.3.6/out/server/src/server.js:2291:1004)\n    at Y5n (/home/felipe/.vscode/extensions/uqbar.wollok-lsp-ide-0.3.6/out/server/src/server.js:2291:1160)\n    at /home/felipe/.vscode/extensions/uqbar.wollok-lsp-ide-0.3.6/out/server/src/server.js:38:6056\n    at yh (/home/felipe/.vscode/extensions/uqbar.wollok-lsp-ide-0.3.6/out/server/src/server.js:2291:42)\n    at /home/felipe/.vscode/extensions/uqbar.wollok-lsp-ide-0.3.6/out/server/src/server.js:2291:2700\n    at /home/felipe/.vscode/extensions/uqbar.wollok-lsp-ide-0.3.6/out/server/src/server.js:2298:3774\n    at /home/felipe/.vscode/extensions/uqbar.wollok-lsp-ide-0.3.6/out/server/src/server.js:37:74872\n    at Fe (/home/felipe/.vscode/extensions/uqbar.wollok-lsp-ide-0.3.6/out/server/src/server.js:7:8527)","timestamp":"2024-10-11T13:04:13.409Z"}
{"level":"info","message":"⌛ Validating hector.wlk","timeElapsed":183,"timestamp":"2024-10-11T13:04:13.596Z"}
{"level":"info","message":"⌛ Building environment","timeElapsed":156,"timestamp":"2024-10-11T13:04:13.753Z"}
{"level":"info","message":"⌛ Building environment","timeElapsed":141,"timestamp":"2024-10-11T13:04:13.908Z"}
{"level":"info","message":"⌛ Building environment","timeElapsed":159,"timestamp":"2024-10-11T13:04:14.068Z"}
{"level":"error","message":"✘ Completions for node failed: Error: [Return]{e9455b} at hector.wlk:-- exhausted all cases without a match [Return]{e9455b} at hector.wlk:-- exhausted all cases without a match","stack":"Error: [Return]{e9455b} at hector.wlk:-- exhausted all cases without a match\n    at /home/felipe/.vscode/extensions/uqbar.wollok-lsp-ide-0.3.6/out/server/src/server.js:38:6067\n    at yh (/home/felipe/.vscode/extensions/uqbar.wollok-lsp-ide-0.3.6/out/server/src/server.js:2291:42)\n    at kh (/home/felipe/.vscode/extensions/uqbar.wollok-lsp-ide-0.3.6/out/server/src/server.js:2291:1004)\n    at Y5n (/home/felipe/.vscode/extensions/uqbar.wollok-lsp-ide-0.3.6/out/server/src/server.js:2291:1160)\n    at /home/felipe/.vscode/extensions/uqbar.wollok-lsp-ide-0.3.6/out/server/src/server.js:38:6056\n    at yh (/home/felipe/.vscode/extensions/uqbar.wollok-lsp-ide-0.3.6/out/server/src/server.js:2291:42)\n    at /home/felipe/.vscode/extensions/uqbar.wollok-lsp-ide-0.3.6/out/server/src/server.js:2291:2700\n    at /home/felipe/.vscode/extensions/uqbar.wollok-lsp-ide-0.3.6/out/server/src/server.js:2298:3774\n    at /home/felipe/.vscode/extensions/uqbar.wollok-lsp-ide-0.3.6/out/server/src/server.js:37:74872\n    at Fe (/home/felipe/.vscode/extensions/uqbar.wollok-lsp-ide-0.3.6/out/server/src/server.js:7:8527)","timestamp":"2024-10-11T13:04:14.102Z"}
{"level":"info","message":"⌛ Validating hector.wlk","timeElapsed":177,"timestamp":"2024-10-11T13:04:14.282Z"}
{"level":"info","message":"⌛ Building environment","timeElapsed":144,"timestamp":"2024-10-11T13:04:14.426Z"}
{"level":"info","message":"⌛ Validating hector.wlk","timeElapsed":185,"timestamp":"2024-10-11T13:04:14.613Z"}
{"level":"info","message":"⌛ Validating hector.wlk","timeElapsed":189,"timestamp":"2024-10-11T13:04:14.811Z"}
{"level":"info","message":"⌛ Building environment","timeElapsed":211,"timestamp":"2024-10-11T13:04:15.022Z"}
{"level":"info","message":"⌛ Validating hector.wlk","timeElapsed":241,"timestamp":"2024-10-11T13:04:15.338Z"}
{"level":"info","message":"⌛ Validating hector.wlk","timeElapsed":197,"timestamp":"2024-10-11T13:04:15.537Z"}
{"level":"info","message":"⌛ Building environment","timeElapsed":160,"timestamp":"2024-10-11T13:04:15.698Z"}
{"level":"info","message":"⌛ Building environment","timeElapsed":149,"timestamp":"2024-10-11T13:04:15.854Z"}
{"level":"info","message":"⌛ Validating hector.wlk","timeElapsed":178,"timestamp":"2024-10-11T13:04:16.032Z"}
{"level":"info","message":"⌛ Building environment","timeElapsed":183,"timestamp":"2024-10-11T13:04:16.217Z"}
{"level":"info","message":"onRequest - completionItem/resolve","timestamp":"2024-10-11T13:04:16.217Z"}
{"level":"info","message":"⌛ Building environment","timeElapsed":155,"timestamp":"2024-10-11T13:04:16.374Z"}
{"level":"info","message":"onRequest - completionItem/resolve","timestamp":"2024-10-11T13:04:16.374Z"}
{"level":"info","message":"⌛ Validating hector.wlk","timeElapsed":189,"timestamp":"2024-10-11T13:04:16.572Z"}
{"level":"info","message":"⌛ Validating hector.wlk","timeElapsed":187,"timestamp":"2024-10-11T13:04:16.759Z"}
{"level":"info","message":"⌛ Building environment","timeElapsed":157,"timestamp":"2024-10-11T13:04:16.917Z"}
{"level":"info","message":"onRequest - completionItem/resolve","timestamp":"2024-10-11T13:04:16.918Z"}
{"level":"info","message":"⌛ Validating hector.wlk","timeElapsed":184,"timestamp":"2024-10-11T13:04:17.103Z"}
{"level":"info","message":"⌛ Validating hector.wlk","timeElapsed":178,"timestamp":"2024-10-11T13:04:17.282Z"}
{"level":"info","message":"⌛ Building environment","timeElapsed":148,"timestamp":"2024-10-11T13:04:17.438Z"}
{"level":"info","message":"⌛ Validating hector.wlk","timeElapsed":190,"timestamp":"2024-10-11T13:04:17.634Z"}
{"level":"info","message":"⌛ Validating hector.wlk","timeElapsed":202,"timestamp":"2024-10-11T13:04:17.844Z"}
{"exitCode":"SIGHUP","level":"info","message":"👾 Game executed game.farmville on /home/felipe/Documents/Universidad/Proramacion_Con_Objetos_1/2024s2-granja-villa-FeliQI-main/2024s2-granja-villa-FeliQI-5","timeElapsed":74811,"timestamp":"2024-10-11T13:05:58.273Z"}
{"level":"info","message":"⌛ Building environment","timeElapsed":213,"timestamp":"2024-10-11T13:06:56.464Z"}
{"level":"info","message":"⌛ Validating hector.wlk","timeElapsed":247,"timestamp":"2024-10-11T13:06:56.714Z"}
{"level":"info","message":"⌛ Building environment","timeElapsed":240,"timestamp":"2024-10-11T13:07:11.497Z"}
{"level":"error","message":"✘ Completions for node failed: Error: [Send]{1732dc} at hector.wlk:82 exhausted all cases without a match [Send]{1732dc} at hector.wlk:82 exhausted all cases without a match","stack":"Error: [Send]{1732dc} at hector.wlk:82 exhausted all cases without a match\n    at /home/felipe/.vscode/extensions/uqbar.wollok-lsp-ide-0.3.6/out/server/src/server.js:38:6067\n    at yh (/home/felipe/.vscode/extensions/uqbar.wollok-lsp-ide-0.3.6/out/server/src/server.js:2291:42)\n    at kh (/home/felipe/.vscode/extensions/uqbar.wollok-lsp-ide-0.3.6/out/server/src/server.js:2291:1004)\n    at Y5n (/home/felipe/.vscode/extensions/uqbar.wollok-lsp-ide-0.3.6/out/server/src/server.js:2291:1160)\n    at /home/felipe/.vscode/extensions/uqbar.wollok-lsp-ide-0.3.6/out/server/src/server.js:38:6056\n    at yh (/home/felipe/.vscode/extensions/uqbar.wollok-lsp-ide-0.3.6/out/server/src/server.js:2291:42)\n    at /home/felipe/.vscode/extensions/uqbar.wollok-lsp-ide-0.3.6/out/server/src/server.js:2291:2700\n    at /home/felipe/.vscode/extensions/uqbar.wollok-lsp-ide-0.3.6/out/server/src/server.js:2298:3774\n    at /home/felipe/.vscode/extensions/uqbar.wollok-lsp-ide-0.3.6/out/server/src/server.js:37:74872\n    at Fe (/home/felipe/.vscode/extensions/uqbar.wollok-lsp-ide-0.3.6/out/server/src/server.js:7:8527)","timestamp":"2024-10-11T13:07:11.542Z"}
{"level":"info","message":"⌛ Building environment","timeElapsed":193,"timestamp":"2024-10-11T13:07:11.740Z"}
{"level":"info","message":"⌛ Building environment","timeElapsed":292,"timestamp":"2024-10-11T13:07:12.034Z"}
{"level":"info","message":"⌛ Validating hector.wlk","timeElapsed":223,"timestamp":"2024-10-11T13:07:12.258Z"}
{"level":"info","message":"onRequest - completionItem/resolve","timestamp":"2024-10-11T13:07:12.259Z"}
{"level":"info","message":"⌛ Building environment","timeElapsed":168,"timestamp":"2024-10-11T13:07:12.427Z"}
{"level":"info","message":"⌛ Building environment","timeElapsed":188,"timestamp":"2024-10-11T13:07:12.617Z"}
{"level":"info","message":"⌛ Validating hector.wlk","timeElapsed":207,"timestamp":"2024-10-11T13:07:12.824Z"}
{"level":"info","message":"⌛ Building environment","timeElapsed":308,"timestamp":"2024-10-11T13:07:13.134Z"}
{"level":"info","message":"⌛ Validating hector.wlk","timeElapsed":235,"timestamp":"2024-10-11T13:07:13.369Z"}
{"level":"info","message":"⌛ Building environment","timeElapsed":172,"timestamp":"2024-10-11T13:07:13.541Z"}
{"level":"info","message":"⌛ Validating hector.wlk","timeElapsed":204,"timestamp":"2024-10-11T13:07:13.762Z"}
{"level":"info","message":"⌛ Validating hector.wlk","timeElapsed":198,"timestamp":"2024-10-11T13:07:13.961Z"}
{"level":"info","message":"⌛ Building environment","timeElapsed":166,"timestamp":"2024-10-11T13:07:14.128Z"}
{"level":"info","message":"⌛ Building environment","timeElapsed":186,"timestamp":"2024-10-11T13:07:14.321Z"}
{"level":"info","message":"⌛ Validating hector.wlk","timeElapsed":195,"timestamp":"2024-10-11T13:07:14.523Z"}
{"level":"info","message":"⌛ Validating hector.wlk","timeElapsed":186,"timestamp":"2024-10-11T13:07:14.717Z"}
{"level":"info","message":"⌛ Validating hector.wlk","timeElapsed":194,"timestamp":"2024-10-11T13:07:14.914Z"}
{"level":"info","message":"⌛ Validating hector.wlk","timeElapsed":193,"timestamp":"2024-10-11T13:07:15.107Z"}
{"level":"info","message":"⌛ Building environment","timeElapsed":244,"timestamp":"2024-10-11T13:08:46.728Z"}
{"level":"info","message":"⌛ Validating hector.wlk","timeElapsed":280,"timestamp":"2024-10-11T13:08:47.014Z"}
{"level":"info","message":"⌛ Building environment","timeElapsed":211,"timestamp":"2024-10-11T13:08:53.360Z"}
{"level":"error","message":"✘ Completions for node failed: Error: [If]{651834} at hector.wlk:91 exhausted all cases without a match [If]{651834} at hector.wlk:91 exhausted all cases without a match","stack":"Error: [If]{651834} at hector.wlk:91 exhausted all cases without a match\n    at /home/felipe/.vscode/extensions/uqbar.wollok-lsp-ide-0.3.6/out/server/src/server.js:38:6067\n    at yh (/home/felipe/.vscode/extensions/uqbar.wollok-lsp-ide-0.3.6/out/server/src/server.js:2291:42)\n    at kh (/home/felipe/.vscode/extensions/uqbar.wollok-lsp-ide-0.3.6/out/server/src/server.js:2291:1004)\n    at z5n (/home/felipe/.vscode/extensions/uqbar.wollok-lsp-ide-0.3.6/out/server/src/server.js:2291:730)\n    at /home/felipe/.vscode/extensions/uqbar.wollok-lsp-ide-0.3.6/out/server/src/server.js:38:6056\n    at yh (/home/felipe/.vscode/extensions/uqbar.wollok-lsp-ide-0.3.6/out/server/src/server.js:2291:42)\n    at /home/felipe/.vscode/extensions/uqbar.wollok-lsp-ide-0.3.6/out/server/src/server.js:2291:2700\n    at /home/felipe/.vscode/extensions/uqbar.wollok-lsp-ide-0.3.6/out/server/src/server.js:2298:3774\n    at /home/felipe/.vscode/extensions/uqbar.wollok-lsp-ide-0.3.6/out/server/src/server.js:37:74872\n    at Fe (/home/felipe/.vscode/extensions/uqbar.wollok-lsp-ide-0.3.6/out/server/src/server.js:7:8527)","timestamp":"2024-10-11T13:08:53.398Z"}
{"level":"info","message":"⌛ Building environment","timeElapsed":183,"timestamp":"2024-10-11T13:08:53.586Z"}
{"level":"info","message":"⌛ Validating hector.wlk","timeElapsed":197,"timestamp":"2024-10-11T13:08:53.785Z"}
{"level":"info","message":"onRequest - completionItem/resolve","timestamp":"2024-10-11T13:08:53.785Z"}
{"level":"info","message":"⌛ Building environment","timeElapsed":163,"timestamp":"2024-10-11T13:08:53.948Z"}
{"level":"info","message":"onRequest - completionItem/resolve","timestamp":"2024-10-11T13:08:53.949Z"}
{"level":"info","message":"⌛ Validating hector.wlk","timeElapsed":249,"timestamp":"2024-10-11T13:08:54.198Z"}
{"level":"info","message":"⌛ Building environment","timeElapsed":178,"timestamp":"2024-10-11T13:08:54.377Z"}
{"level":"error","message":"✘ Completions for node failed: Error: [If]{877b7e} at hector.wlk:91 exhausted all cases without a match [If]{877b7e} at hector.wlk:91 exhausted all cases without a match","stack":"Error: [If]{877b7e} at hector.wlk:91 exhausted all cases without a match\n    at /home/felipe/.vscode/extensions/uqbar.wollok-lsp-ide-0.3.6/out/server/src/server.js:38:6067\n    at yh (/home/felipe/.vscode/extensions/uqbar.wollok-lsp-ide-0.3.6/out/server/src/server.js:2291:42)\n    at kh (/home/felipe/.vscode/extensions/uqbar.wollok-lsp-ide-0.3.6/out/server/src/server.js:2291:1004)\n    at z5n (/home/felipe/.vscode/extensions/uqbar.wollok-lsp-ide-0.3.6/out/server/src/server.js:2291:730)\n    at /home/felipe/.vscode/extensions/uqbar.wollok-lsp-ide-0.3.6/out/server/src/server.js:38:6056\n    at yh (/home/felipe/.vscode/extensions/uqbar.wollok-lsp-ide-0.3.6/out/server/src/server.js:2291:42)\n    at /home/felipe/.vscode/extensions/uqbar.wollok-lsp-ide-0.3.6/out/server/src/server.js:2291:2700\n    at /home/felipe/.vscode/extensions/uqbar.wollok-lsp-ide-0.3.6/out/server/src/server.js:2298:3774\n    at /home/felipe/.vscode/extensions/uqbar.wollok-lsp-ide-0.3.6/out/server/src/server.js:37:74872\n    at Fe (/home/felipe/.vscode/extensions/uqbar.wollok-lsp-ide-0.3.6/out/server/src/server.js:7:8527)","timestamp":"2024-10-11T13:08:54.412Z"}
{"level":"info","message":"⌛ Validating hector.wlk","timeElapsed":178,"timestamp":"2024-10-11T13:08:54.596Z"}
{"level":"info","message":"⌛ Validating hector.wlk","timeElapsed":225,"timestamp":"2024-10-11T13:08:54.822Z"}
{"level":"info","message":"⌛ Building environment","timeElapsed":161,"timestamp":"2024-10-11T13:08:55.210Z"}
{"level":"error","message":"✘ Completions for node failed: Error: [If]{653d8d} at hector.wlk:91 exhausted all cases without a match [If]{653d8d} at hector.wlk:91 exhausted all cases without a match","stack":"Error: [If]{653d8d} at hector.wlk:91 exhausted all cases without a match\n    at /home/felipe/.vscode/extensions/uqbar.wollok-lsp-ide-0.3.6/out/server/src/server.js:38:6067\n    at yh (/home/felipe/.vscode/extensions/uqbar.wollok-lsp-ide-0.3.6/out/server/src/server.js:2291:42)\n    at kh (/home/felipe/.vscode/extensions/uqbar.wollok-lsp-ide-0.3.6/out/server/src/server.js:2291:1004)\n    at z5n (/home/felipe/.vscode/extensions/uqbar.wollok-lsp-ide-0.3.6/out/server/src/server.js:2291:730)\n    at /home/felipe/.vscode/extensions/uqbar.wollok-lsp-ide-0.3.6/out/server/src/server.js:38:6056\n    at yh (/home/felipe/.vscode/extensions/uqbar.wollok-lsp-ide-0.3.6/out/server/src/server.js:2291:42)\n    at /home/felipe/.vscode/extensions/uqbar.wollok-lsp-ide-0.3.6/out/server/src/server.js:2291:2700\n    at /home/felipe/.vscode/extensions/uqbar.wollok-lsp-ide-0.3.6/out/server/src/server.js:2298:3774\n    at /home/felipe/.vscode/extensions/uqbar.wollok-lsp-ide-0.3.6/out/server/src/server.js:37:74872\n    at Fe (/home/felipe/.vscode/extensions/uqbar.wollok-lsp-ide-0.3.6/out/server/src/server.js:7:8527)","timestamp":"2024-10-11T13:08:55.316Z"}
{"level":"info","message":"⌛ Autocomplete - Body","timeElapsed":104,"timestamp":"2024-10-11T13:08:55.319Z"}
{"level":"info","message":"⌛ Validating hector.wlk","timeElapsed":204,"timestamp":"2024-10-11T13:08:55.525Z"}
{"level":"info","message":"⌛ Building environment","timeElapsed":193,"timestamp":"2024-10-11T13:08:55.987Z"}
{"level":"error","message":"✘ Completions for node failed: Error: [If]{5a9f09} at hector.wlk:91 exhausted all cases without a match [If]{5a9f09} at hector.wlk:91 exhausted all cases without a match","stack":"Error: [If]{5a9f09} at hector.wlk:91 exhausted all cases without a match\n    at /home/felipe/.vscode/extensions/uqbar.wollok-lsp-ide-0.3.6/out/server/src/server.js:38:6067\n    at yh (/home/felipe/.vscode/extensions/uqbar.wollok-lsp-ide-0.3.6/out/server/src/server.js:2291:42)\n    at kh (/home/felipe/.vscode/extensions/uqbar.wollok-lsp-ide-0.3.6/out/server/src/server.js:2291:1004)\n    at z5n (/home/felipe/.vscode/extensions/uqbar.wollok-lsp-ide-0.3.6/out/server/src/server.js:2291:730)\n    at /home/felipe/.vscode/extensions/uqbar.wollok-lsp-ide-0.3.6/out/server/src/server.js:38:6056\n    at yh (/home/felipe/.vscode/extensions/uqbar.wollok-lsp-ide-0.3.6/out/server/src/server.js:2291:42)\n    at /home/felipe/.vscode/extensions/uqbar.wollok-lsp-ide-0.3.6/out/server/src/server.js:2291:2700\n    at /home/felipe/.vscode/extensions/uqbar.wollok-lsp-ide-0.3.6/out/server/src/server.js:2298:3774\n    at /home/felipe/.vscode/extensions/uqbar.wollok-lsp-ide-0.3.6/out/server/src/server.js:37:74872\n    at Fe (/home/felipe/.vscode/extensions/uqbar.wollok-lsp-ide-0.3.6/out/server/src/server.js:7:8527)","timestamp":"2024-10-11T13:08:56.018Z"}
{"level":"info","message":"⌛ Validating hector.wlk","timeElapsed":201,"timestamp":"2024-10-11T13:08:56.224Z"}
{"level":"info","message":"⌛ Building environment","timeElapsed":155,"timestamp":"2024-10-11T13:08:56.379Z"}
{"level":"error","message":"✘ Completions for node failed: Error: [If]{02a4da} at hector.wlk:91 exhausted all cases without a match [If]{02a4da} at hector.wlk:91 exhausted all cases without a match","stack":"Error: [If]{02a4da} at hector.wlk:91 exhausted all cases without a match\n    at /home/felipe/.vscode/extensions/uqbar.wollok-lsp-ide-0.3.6/out/server/src/server.js:38:6067\n    at yh (/home/felipe/.vscode/extensions/uqbar.wollok-lsp-ide-0.3.6/out/server/src/server.js:2291:42)\n    at kh (/home/felipe/.vscode/extensions/uqbar.wollok-lsp-ide-0.3.6/out/server/src/server.js:2291:1004)\n    at z5n (/home/felipe/.vscode/extensions/uqbar.wollok-lsp-ide-0.3.6/out/server/src/server.js:2291:730)\n    at /home/felipe/.vscode/extensions/uqbar.wollok-lsp-ide-0.3.6/out/server/src/server.js:38:6056\n    at yh (/home/felipe/.vscode/extensions/uqbar.wollok-lsp-ide-0.3.6/out/server/src/server.js:2291:42)\n    at /home/felipe/.vscode/extensions/uqbar.wollok-lsp-ide-0.3.6/out/server/src/server.js:2291:2700\n    at /home/felipe/.vscode/extensions/uqbar.wollok-lsp-ide-0.3.6/out/server/src/server.js:2298:3774\n    at /home/felipe/.vscode/extensions/uqbar.wollok-lsp-ide-0.3.6/out/server/src/server.js:37:74872\n    at Fe (/home/felipe/.vscode/extensions/uqbar.wollok-lsp-ide-0.3.6/out/server/src/server.js:7:8527)","timestamp":"2024-10-11T13:08:56.412Z"}
{"level":"info","message":"⌛ Validating hector.wlk","timeElapsed":181,"timestamp":"2024-10-11T13:08:56.599Z"}
{"level":"info","message":"⌛ Building environment","timeElapsed":164,"timestamp":"2024-10-11T13:08:57.181Z"}
{"level":"error","message":"✘ Completions for node failed: Error: [If]{c52810} at hector.wlk:91 exhausted all cases without a match [If]{c52810} at hector.wlk:91 exhausted all cases without a match","stack":"Error: [If]{c52810} at hector.wlk:91 exhausted all cases without a match\n    at /home/felipe/.vscode/extensions/uqbar.wollok-lsp-ide-0.3.6/out/server/src/server.js:38:6067\n    at yh (/home/felipe/.vscode/extensions/uqbar.wollok-lsp-ide-0.3.6/out/server/src/server.js:2291:42)\n    at kh (/home/felipe/.vscode/extensions/uqbar.wollok-lsp-ide-0.3.6/out/server/src/server.js:2291:1004)\n    at z5n (/home/felipe/.vscode/extensions/uqbar.wollok-lsp-ide-0.3.6/out/server/src/server.js:2291:730)\n    at /home/felipe/.vscode/extensions/uqbar.wollok-lsp-ide-0.3.6/out/server/src/server.js:38:6056\n    at yh (/home/felipe/.vscode/extensions/uqbar.wollok-lsp-ide-0.3.6/out/server/src/server.js:2291:42)\n    at /home/felipe/.vscode/extensions/uqbar.wollok-lsp-ide-0.3.6/out/server/src/server.js:2291:2700\n    at /home/felipe/.vscode/extensions/uqbar.wollok-lsp-ide-0.3.6/out/server/src/server.js:2298:3774\n    at /home/felipe/.vscode/extensions/uqbar.wollok-lsp-ide-0.3.6/out/server/src/server.js:37:74872\n    at Fe (/home/felipe/.vscode/extensions/uqbar.wollok-lsp-ide-0.3.6/out/server/src/server.js:7:8527)","timestamp":"2024-10-11T13:08:57.222Z"}
{"level":"info","message":"⌛ Validating hector.wlk","timeElapsed":204,"timestamp":"2024-10-11T13:08:57.429Z"}
{"level":"info","message":"⌛ Building environment","timeElapsed":159,"timestamp":"2024-10-11T13:08:57.590Z"}
{"level":"error","message":"✘ Completions for node failed: Error: [If]{5a2ff8} at hector.wlk:91 exhausted all cases without a match [If]{5a2ff8} at hector.wlk:91 exhausted all cases without a match","stack":"Error: [If]{5a2ff8} at hector.wlk:91 exhausted all cases without a match\n    at /home/felipe/.vscode/extensions/uqbar.wollok-lsp-ide-0.3.6/out/server/src/server.js:38:6067\n    at yh (/home/felipe/.vscode/extensions/uqbar.wollok-lsp-ide-0.3.6/out/server/src/server.js:2291:42)\n    at kh (/home/felipe/.vscode/extensions/uqbar.wollok-lsp-ide-0.3.6/out/server/src/server.js:2291:1004)\n    at z5n (/home/felipe/.vscode/extensions/uqbar.wollok-lsp-ide-0.3.6/out/server/src/server.js:2291:730)\n    at /home/felipe/.vscode/extensions/uqbar.wollok-lsp-ide-0.3.6/out/server/src/server.js:38:6056\n    at yh (/home/felipe/.vscode/extensions/uqbar.wollok-lsp-ide-0.3.6/out/server/src/server.js:2291:42)\n    at /home/felipe/.vscode/extensions/uqbar.wollok-lsp-ide-0.3.6/out/server/src/server.js:2291:2700\n    at /home/felipe/.vscode/extensions/uqbar.wollok-lsp-ide-0.3.6/out/server/src/server.js:2298:3774\n    at /home/felipe/.vscode/extensions/uqbar.wollok-lsp-ide-0.3.6/out/server/src/server.js:37:74872\n    at Fe (/home/felipe/.vscode/extensions/uqbar.wollok-lsp-ide-0.3.6/out/server/src/server.js:7:8527)","timestamp":"2024-10-11T13:08:57.622Z"}
{"level":"info","message":"⌛ Building environment","timeElapsed":148,"timestamp":"2024-10-11T13:08:57.777Z"}
{"level":"info","message":"⌛ Validating hector.wlk","timeElapsed":190,"timestamp":"2024-10-11T13:08:57.967Z"}
{"level":"info","message":"⌛ Validating hector.wlk","timeElapsed":191,"timestamp":"2024-10-11T13:08:58.160Z"}
{"level":"info","message":"⌛ Building environment","timeElapsed":203,"timestamp":"2024-10-11T13:08:59.370Z"}
{"level":"error","message":"✘ Completions for node failed: Error: [If]{c78342} at hector.wlk:91 exhausted all cases without a match [If]{c78342} at hector.wlk:91 exhausted all cases without a match","stack":"Error: [If]{c78342} at hector.wlk:91 exhausted all cases without a match\n    at /home/felipe/.vscode/extensions/uqbar.wollok-lsp-ide-0.3.6/out/server/src/server.js:38:6067\n    at yh (/home/felipe/.vscode/extensions/uqbar.wollok-lsp-ide-0.3.6/out/server/src/server.js:2291:42)\n    at kh (/home/felipe/.vscode/extensions/uqbar.wollok-lsp-ide-0.3.6/out/server/src/server.js:2291:1004)\n    at z5n (/home/felipe/.vscode/extensions/uqbar.wollok-lsp-ide-0.3.6/out/server/src/server.js:2291:730)\n    at /home/felipe/.vscode/extensions/uqbar.wollok-lsp-ide-0.3.6/out/server/src/server.js:38:6056\n    at yh (/home/felipe/.vscode/extensions/uqbar.wollok-lsp-ide-0.3.6/out/server/src/server.js:2291:42)\n    at /home/felipe/.vscode/extensions/uqbar.wollok-lsp-ide-0.3.6/out/server/src/server.js:2291:2700\n    at /home/felipe/.vscode/extensions/uqbar.wollok-lsp-ide-0.3.6/out/server/src/server.js:2298:3774\n    at /home/felipe/.vscode/extensions/uqbar.wollok-lsp-ide-0.3.6/out/server/src/server.js:37:74872\n    at Fe (/home/felipe/.vscode/extensions/uqbar.wollok-lsp-ide-0.3.6/out/server/src/server.js:7:8527)","timestamp":"2024-10-11T13:08:59.411Z"}
{"level":"info","message":"⌛ Building environment","timeElapsed":154,"timestamp":"2024-10-11T13:08:59.568Z"}
{"level":"info","message":"⌛ Validating hector.wlk","timeElapsed":200,"timestamp":"2024-10-11T13:08:59.776Z"}
{"level":"info","message":"⌛ Building environment","timeElapsed":161,"timestamp":"2024-10-11T13:08:59.937Z"}
{"level":"error","message":"✘ Completions for node failed: Error: [If]{1c5477} at hector.wlk:91 exhausted all cases without a match [If]{1c5477} at hector.wlk:91 exhausted all cases without a match","stack":"Error: [If]{1c5477} at hector.wlk:91 exhausted all cases without a match\n    at /home/felipe/.vscode/extensions/uqbar.wollok-lsp-ide-0.3.6/out/server/src/server.js:38:6067\n    at yh (/home/felipe/.vscode/extensions/uqbar.wollok-lsp-ide-0.3.6/out/server/src/server.js:2291:42)\n    at kh (/home/felipe/.vscode/extensions/uqbar.wollok-lsp-ide-0.3.6/out/server/src/server.js:2291:1004)\n    at z5n (/home/felipe/.vscode/extensions/uqbar.wollok-lsp-ide-0.3.6/out/server/src/server.js:2291:730)\n    at /home/felipe/.vscode/extensions/uqbar.wollok-lsp-ide-0.3.6/out/server/src/server.js:38:6056\n    at yh (/home/felipe/.vscode/extensions/uqbar.wollok-lsp-ide-0.3.6/out/server/src/server.js:2291:42)\n    at /home/felipe/.vscode/extensions/uqbar.wollok-lsp-ide-0.3.6/out/server/src/server.js:2291:2700\n    at /home/felipe/.vscode/extensions/uqbar.wollok-lsp-ide-0.3.6/out/server/src/server.js:2298:3774\n    at /home/felipe/.vscode/extensions/uqbar.wollok-lsp-ide-0.3.6/out/server/src/server.js:37:74872\n    at Fe (/home/felipe/.vscode/extensions/uqbar.wollok-lsp-ide-0.3.6/out/server/src/server.js:7:8527)","timestamp":"2024-10-11T13:08:59.977Z"}
{"level":"info","message":"⌛ Validating hector.wlk","timeElapsed":199,"timestamp":"2024-10-11T13:09:00.179Z"}
{"level":"info","message":"⌛ Building environment","timeElapsed":146,"timestamp":"2024-10-11T13:09:00.328Z"}
{"level":"info","message":"⌛ Building environment","timeElapsed":148,"timestamp":"2024-10-11T13:09:00.476Z"}
{"level":"info","message":"⌛ Building environment","timeElapsed":354,"timestamp":"2024-10-11T13:09:00.830Z"}
{"level":"info","message":"⌛ Validating hector.wlk","timeElapsed":233,"timestamp":"2024-10-11T13:09:01.064Z"}
{"level":"info","message":"⌛ Building environment","timeElapsed":150,"timestamp":"2024-10-11T13:09:01.215Z"}
{"level":"error","message":"✘ Completions for node failed: Error: [If]{fef4f1} at hector.wlk:91 exhausted all cases without a match [If]{fef4f1} at hector.wlk:91 exhausted all cases without a match","stack":"Error: [If]{fef4f1} at hector.wlk:91 exhausted all cases without a match\n    at /home/felipe/.vscode/extensions/uqbar.wollok-lsp-ide-0.3.6/out/server/src/server.js:38:6067\n    at yh (/home/felipe/.vscode/extensions/uqbar.wollok-lsp-ide-0.3.6/out/server/src/server.js:2291:42)\n    at kh (/home/felipe/.vscode/extensions/uqbar.wollok-lsp-ide-0.3.6/out/server/src/server.js:2291:1004)\n    at z5n (/home/felipe/.vscode/extensions/uqbar.wollok-lsp-ide-0.3.6/out/server/src/server.js:2291:730)\n    at /home/felipe/.vscode/extensions/uqbar.wollok-lsp-ide-0.3.6/out/server/src/server.js:38:6056\n    at yh (/home/felipe/.vscode/extensions/uqbar.wollok-lsp-ide-0.3.6/out/server/src/server.js:2291:42)\n    at /home/felipe/.vscode/extensions/uqbar.wollok-lsp-ide-0.3.6/out/server/src/server.js:2291:2700\n    at /home/felipe/.vscode/extensions/uqbar.wollok-lsp-ide-0.3.6/out/server/src/server.js:2298:3774\n    at /home/felipe/.vscode/extensions/uqbar.wollok-lsp-ide-0.3.6/out/server/src/server.js:37:74872\n    at Fe (/home/felipe/.vscode/extensions/uqbar.wollok-lsp-ide-0.3.6/out/server/src/server.js:7:8527)","timestamp":"2024-10-11T13:09:01.246Z"}
{"level":"info","message":"⌛ Validating hector.wlk","timeElapsed":182,"timestamp":"2024-10-11T13:09:01.435Z"}
{"level":"info","message":"⌛ Validating hector.wlk","timeElapsed":191,"timestamp":"2024-10-11T13:09:01.627Z"}
{"level":"info","message":"⌛ Building environment","timeElapsed":165,"timestamp":"2024-10-11T13:09:01.792Z"}
{"level":"info","message":"⌛ Validating hector.wlk","timeElapsed":231,"timestamp":"2024-10-11T13:09:02.025Z"}
{"level":"info","message":"⌛ Validating hector.wlk","timeElapsed":191,"timestamp":"2024-10-11T13:09:02.223Z"}
{"level":"info","message":"⌛ Validating hector.wlk","timeElapsed":189,"timestamp":"2024-10-11T13:09:02.415Z"}
{"level":"info","message":"⌛ Building environment","timeElapsed":186,"timestamp":"2024-10-11T13:09:05.978Z"}
{"level":"info","message":"⌛ Validating hector.wlk","timeElapsed":207,"timestamp":"2024-10-11T13:09:06.186Z"}
{"level":"info","message":"⌛ Building environment","timeElapsed":193,"timestamp":"2024-10-11T13:09:06.380Z"}
{"level":"error","message":"✘ Completions for node failed: Error: [If]{6bedae} at hector.wlk:91 exhausted all cases without a match [If]{6bedae} at hector.wlk:91 exhausted all cases without a match","stack":"Error: [If]{6bedae} at hector.wlk:91 exhausted all cases without a match\n    at /home/felipe/.vscode/extensions/uqbar.wollok-lsp-ide-0.3.6/out/server/src/server.js:38:6067\n    at yh (/home/felipe/.vscode/extensions/uqbar.wollok-lsp-ide-0.3.6/out/server/src/server.js:2291:42)\n    at kh (/home/felipe/.vscode/extensions/uqbar.wollok-lsp-ide-0.3.6/out/server/src/server.js:2291:1004)\n    at z5n (/home/felipe/.vscode/extensions/uqbar.wollok-lsp-ide-0.3.6/out/server/src/server.js:2291:730)\n    at /home/felipe/.vscode/extensions/uqbar.wollok-lsp-ide-0.3.6/out/server/src/server.js:38:6056\n    at yh (/home/felipe/.vscode/extensions/uqbar.wollok-lsp-ide-0.3.6/out/server/src/server.js:2291:42)\n    at kh (/home/felipe/.vscode/extensions/uqbar.wollok-lsp-ide-0.3.6/out/server/src/server.js:2291:1004)\n    at Y5n (/home/felipe/.vscode/extensions/uqbar.wollok-lsp-ide-0.3.6/out/server/src/server.js:2291:1160)\n    at /home/felipe/.vscode/extensions/uqbar.wollok-lsp-ide-0.3.6/out/server/src/server.js:38:6056\n    at yh (/home/felipe/.vscode/extensions/uqbar.wollok-lsp-ide-0.3.6/out/server/src/server.js:2291:42)","timestamp":"2024-10-11T13:09:06.426Z"}
{"level":"info","message":"⌛ Building environment","timeElapsed":175,"timestamp":"2024-10-11T13:09:06.606Z"}
{"level":"info","message":"⌛ Building environment","timeElapsed":159,"timestamp":"2024-10-11T13:09:06.765Z"}
{"level":"info","message":"⌛ Validating hector.wlk","timeElapsed":187,"timestamp":"2024-10-11T13:09:06.953Z"}
{"level":"info","message":"⌛ Building environment","timeElapsed":150,"timestamp":"2024-10-11T13:09:07.104Z"}
{"level":"info","message":"onRequest - completionItem/resolve","timestamp":"2024-10-11T13:09:07.111Z"}
{"level":"info","message":"⌛ Validating hector.wlk","timeElapsed":196,"timestamp":"2024-10-11T13:09:07.307Z"}
{"level":"info","message":"⌛ Building environment","timeElapsed":154,"timestamp":"2024-10-11T13:09:07.462Z"}
{"level":"info","message":"⌛ Validating hector.wlk","timeElapsed":246,"timestamp":"2024-10-11T13:09:07.757Z"}
{"level":"info","message":"⌛ Validating hector.wlk","timeElapsed":237,"timestamp":"2024-10-11T13:09:07.996Z"}
{"level":"info","message":"⌛ Building environment","timeElapsed":173,"timestamp":"2024-10-11T13:09:08.169Z"}
{"level":"info","message":"⌛ Validating hector.wlk","timeElapsed":195,"timestamp":"2024-10-11T13:09:08.366Z"}
{"level":"info","message":"⌛ Building environment","timeElapsed":156,"timestamp":"2024-10-11T13:09:08.524Z"}
{"level":"info","message":"onRequest - completionItem/resolve","timestamp":"2024-10-11T13:09:08.526Z"}
{"level":"info","message":"⌛ Building environment","timeElapsed":309,"timestamp":"2024-10-11T13:09:08.836Z"}
{"level":"info","message":"onRequest - completionItem/resolve","timestamp":"2024-10-11T13:09:08.837Z"}
{"level":"info","message":"⌛ Building environment","timeElapsed":152,"timestamp":"2024-10-11T13:09:08.989Z"}
{"level":"info","message":"onRequest - completionItem/resolve","timestamp":"2024-10-11T13:09:08.990Z"}
{"level":"info","message":"⌛ Building environment","timeElapsed":170,"timestamp":"2024-10-11T13:09:09.160Z"}
{"level":"info","message":"onRequest - completionItem/resolve","timestamp":"2024-10-11T13:09:09.162Z"}
{"level":"info","message":"⌛ Building environment","timeElapsed":196,"timestamp":"2024-10-11T13:09:09.358Z"}
{"level":"info","message":"onRequest - completionItem/resolve","timestamp":"2024-10-11T13:09:09.359Z"}
{"level":"info","message":"⌛ Validating hector.wlk","timeElapsed":351,"timestamp":"2024-10-11T13:09:09.710Z"}
{"level":"info","message":"⌛ Validating hector.wlk","timeElapsed":213,"timestamp":"2024-10-11T13:09:09.932Z"}
{"level":"info","message":"⌛ Building environment","timeElapsed":139,"timestamp":"2024-10-11T13:09:10.072Z"}
{"level":"info","message":"⌛ Validating hector.wlk","timeElapsed":182,"timestamp":"2024-10-11T13:09:10.259Z"}
{"level":"info","message":"⌛ Validating hector.wlk","timeElapsed":180,"timestamp":"2024-10-11T13:09:10.439Z"}
{"level":"info","message":"⌛ Validating hector.wlk","timeElapsed":185,"timestamp":"2024-10-11T13:09:10.633Z"}
{"level":"info","message":"⌛ Validating hector.wlk","timeElapsed":207,"timestamp":"2024-10-11T13:09:10.840Z"}
{"level":"info","message":"⌛ Validating hector.wlk","timeElapsed":189,"timestamp":"2024-10-11T13:09:11.030Z"}
{"level":"info","message":"⌛ Building environment","timeElapsed":235,"timestamp":"2024-10-11T13:09:35.612Z"}
{"level":"error","message":"✘ Completions for node failed: Error: [Send]{7764bc} at hector.wlk:92 exhausted all cases without a match [Send]{7764bc} at hector.wlk:92 exhausted all cases without a match","stack":"Error: [Send]{7764bc} at hector.wlk:92 exhausted all cases without a match\n    at /home/felipe/.vscode/extensions/uqbar.wollok-lsp-ide-0.3.6/out/server/src/server.js:38:6067\n    at yh (/home/felipe/.vscode/extensions/uqbar.wollok-lsp-ide-0.3.6/out/server/src/server.js:2291:42)\n    at kh (/home/felipe/.vscode/extensions/uqbar.wollok-lsp-ide-0.3.6/out/server/src/server.js:2291:1004)\n    at Y5n (/home/felipe/.vscode/extensions/uqbar.wollok-lsp-ide-0.3.6/out/server/src/server.js:2291:1160)\n    at /home/felipe/.vscode/extensions/uqbar.wollok-lsp-ide-0.3.6/out/server/src/server.js:38:6056\n    at yh (/home/felipe/.vscode/extensions/uqbar.wollok-lsp-ide-0.3.6/out/server/src/server.js:2291:42)\n    at /home/felipe/.vscode/extensions/uqbar.wollok-lsp-ide-0.3.6/out/server/src/server.js:2291:2700\n    at /home/felipe/.vscode/extensions/uqbar.wollok-lsp-ide-0.3.6/out/server/src/server.js:2298:3774\n    at /home/felipe/.vscode/extensions/uqbar.wollok-lsp-ide-0.3.6/out/server/src/server.js:37:74872\n    at Fe (/home/felipe/.vscode/extensions/uqbar.wollok-lsp-ide-0.3.6/out/server/src/server.js:7:8527)","timestamp":"2024-10-11T13:09:35.659Z"}
{"level":"error","message":"✘ Completions for node failed: Error: [If]{c125d1} at hector.wlk:91 exhausted all cases without a match [If]{c125d1} at hector.wlk:91 exhausted all cases without a match","stack":"Error: [If]{c125d1} at hector.wlk:91 exhausted all cases without a match\n    at /home/felipe/.vscode/extensions/uqbar.wollok-lsp-ide-0.3.6/out/server/src/server.js:38:6067\n    at yh (/home/felipe/.vscode/extensions/uqbar.wollok-lsp-ide-0.3.6/out/server/src/server.js:2291:42)\n    at kh (/home/felipe/.vscode/extensions/uqbar.wollok-lsp-ide-0.3.6/out/server/src/server.js:2291:1004)\n    at z5n (/home/felipe/.vscode/extensions/uqbar.wollok-lsp-ide-0.3.6/out/server/src/server.js:2291:730)\n    at /home/felipe/.vscode/extensions/uqbar.wollok-lsp-ide-0.3.6/out/server/src/server.js:38:6056\n    at yh (/home/felipe/.vscode/extensions/uqbar.wollok-lsp-ide-0.3.6/out/server/src/server.js:2291:42)\n    at kh (/home/felipe/.vscode/extensions/uqbar.wollok-lsp-ide-0.3.6/out/server/src/server.js:2291:1004)\n    at yh (/home/felipe/.vscode/extensions/uqbar.wollok-lsp-ide-0.3.6/out/server/src/server.js:2291:456)\n    at kh (/home/felipe/.vscode/extensions/uqbar.wollok-lsp-ide-0.3.6/out/server/src/server.js:2291:1004)\n    at Y5n (/home/felipe/.vscode/extensions/uqbar.wollok-lsp-ide-0.3.6/out/server/src/server.js:2291:1160)","timestamp":"2024-10-11T13:09:35.659Z"}
{"level":"info","message":"⌛ Building environment","timeElapsed":267,"timestamp":"2024-10-11T13:09:35.931Z"}
{"level":"info","message":"⌛ Validating hector.wlk","timeElapsed":265,"timestamp":"2024-10-11T13:09:36.197Z"}
{"level":"info","message":"onRequest - completionItem/resolve","timestamp":"2024-10-11T13:09:36.199Z"}
{"level":"info","message":"⌛ Building environment","timeElapsed":182,"timestamp":"2024-10-11T13:09:36.382Z"}
{"level":"info","message":"onRequest - completionItem/resolve","timestamp":"2024-10-11T13:09:36.382Z"}
{"level":"info","message":"⌛ Validating hector.wlk","timeElapsed":196,"timestamp":"2024-10-11T13:09:36.587Z"}
{"level":"info","message":"⌛ Building environment","timeElapsed":178,"timestamp":"2024-10-11T13:09:36.766Z"}
{"level":"info","message":"onRequest - completionItem/resolve","timestamp":"2024-10-11T13:09:36.766Z"}
{"level":"info","message":"⌛ Building environment","timeElapsed":158,"timestamp":"2024-10-11T13:09:36.925Z"}
{"level":"info","message":"onRequest - completionItem/resolve","timestamp":"2024-10-11T13:09:36.932Z"}
{"level":"info","message":"⌛ Validating hector.wlk","timeElapsed":196,"timestamp":"2024-10-11T13:09:37.128Z"}
{"level":"info","message":"onRequest - completionItem/resolve","timestamp":"2024-10-11T13:09:37.137Z"}
{"level":"info","message":"⌛ Building environment","timeElapsed":163,"timestamp":"2024-10-11T13:09:37.300Z"}
{"level":"info","message":"⌛ Validating hector.wlk","timeElapsed":213,"timestamp":"2024-10-11T13:09:37.522Z"}
{"level":"info","message":"⌛ Validating hector.wlk","timeElapsed":202,"timestamp":"2024-10-11T13:09:37.724Z"}
{"level":"info","message":"⌛ Validating hector.wlk","timeElapsed":192,"timestamp":"2024-10-11T13:09:37.925Z"}
{"level":"info","message":"⌛ Building environment","timeElapsed":213,"timestamp":"2024-10-11T13:11:08.891Z"}
{"level":"info","message":"⌛ Validating objetos.wlk","timeElapsed":237,"timestamp":"2024-10-11T13:11:09.130Z"}
{"level":"info","message":"⌛ Building environment","timeElapsed":196,"timestamp":"2024-10-11T13:13:12.505Z"}
{"level":"info","message":"⌛ Validating objetos.wlk","timeElapsed":239,"timestamp":"2024-10-11T13:13:12.790Z"}
{"level":"info","message":"⌛ Building environment","timeElapsed":272,"timestamp":"2024-10-11T13:13:13.064Z"}
{"level":"info","message":"⌛ Building environment","timeElapsed":155,"timestamp":"2024-10-11T13:13:13.221Z"}
{"level":"info","message":"⌛ Building environment","timeElapsed":180,"timestamp":"2024-10-11T13:13:13.446Z"}
{"level":"info","message":"⌛ Building environment","timeElapsed":294,"timestamp":"2024-10-11T13:13:13.756Z"}
{"level":"info","message":"⌛ Validating objetos.wlk","timeElapsed":216,"timestamp":"2024-10-11T13:13:13.981Z"}
{"level":"info","message":"⌛ Building environment","timeElapsed":279,"timestamp":"2024-10-11T13:13:14.263Z"}
{"level":"info","message":"⌛ Validating objetos.wlk","timeElapsed":229,"timestamp":"2024-10-11T13:13:14.495Z"}
{"level":"info","message":"⌛ Building environment","timeElapsed":138,"timestamp":"2024-10-11T13:13:14.633Z"}
{"level":"info","message":"⌛ Validating objetos.wlk","timeElapsed":202,"timestamp":"2024-10-11T13:13:14.882Z"}
{"level":"info","message":"⌛ Building environment","timeElapsed":139,"timestamp":"2024-10-11T13:13:15.022Z"}
{"level":"info","message":"⌛ Building environment","timeElapsed":169,"timestamp":"2024-10-11T13:13:15.198Z"}
{"level":"info","message":"⌛ Building environment","timeElapsed":279,"timestamp":"2024-10-11T13:13:15.485Z"}
{"level":"info","message":"⌛ Validating objetos.wlk","timeElapsed":319,"timestamp":"2024-10-11T13:13:15.805Z"}
{"level":"info","message":"⌛ Validating objetos.wlk","timeElapsed":201,"timestamp":"2024-10-11T13:13:16.026Z"}
{"level":"info","message":"⌛ Validating objetos.wlk","timeElapsed":193,"timestamp":"2024-10-11T13:13:16.220Z"}
{"level":"info","message":"⌛ Validating objetos.wlk","timeElapsed":184,"timestamp":"2024-10-11T13:13:16.404Z"}
{"level":"info","message":"⌛ Validating objetos.wlk","timeElapsed":186,"timestamp":"2024-10-11T13:13:16.590Z"}
{"level":"info","message":"⌛ Validating objetos.wlk","timeElapsed":193,"timestamp":"2024-10-11T13:13:16.783Z"}
{"level":"info","message":"⌛ Building environment","timeElapsed":280,"timestamp":"2024-10-11T13:13:17.065Z"}
{"level":"info","message":"⌛ Validating objetos.wlk","timeElapsed":245,"timestamp":"2024-10-11T13:13:17.329Z"}
{"level":"info","message":"⌛ Building environment","timeElapsed":163,"timestamp":"2024-10-11T13:13:17.827Z"}
{"level":"info","message":"⌛ Building environment","timeElapsed":149,"timestamp":"2024-10-11T13:13:18.024Z"}
{"level":"info","message":"⌛ Validating objetos.wlk","timeElapsed":208,"timestamp":"2024-10-11T13:13:18.233Z"}
{"level":"info","message":"onRequest - completionItem/resolve","timestamp":"2024-10-11T13:13:18.234Z"}
{"level":"info","message":"⌛ Building environment","timeElapsed":153,"timestamp":"2024-10-11T13:13:18.387Z"}
{"level":"info","message":"⌛ Validating objetos.wlk","timeElapsed":189,"timestamp":"2024-10-11T13:13:18.617Z"}
{"level":"info","message":"⌛ Building environment","timeElapsed":167,"timestamp":"2024-10-11T13:13:18.784Z"}
{"level":"info","message":"⌛ Validating objetos.wlk","timeElapsed":188,"timestamp":"2024-10-11T13:13:18.974Z"}
{"level":"info","message":"⌛ Building environment","timeElapsed":136,"timestamp":"2024-10-11T13:13:19.119Z"}
{"level":"info","message":"⌛ Building environment","timeElapsed":165,"timestamp":"2024-10-11T13:13:19.329Z"}
{"level":"info","message":"⌛ Validating objetos.wlk","timeElapsed":191,"timestamp":"2024-10-11T13:13:19.520Z"}
{"level":"info","message":"⌛ Validating objetos.wlk","timeElapsed":212,"timestamp":"2024-10-11T13:13:19.743Z"}
{"level":"info","message":"⌛ Validating objetos.wlk","timeElapsed":210,"timestamp":"2024-10-11T13:13:19.954Z"}
{"level":"info","message":"⌛ Building environment","timeElapsed":148,"timestamp":"2024-10-11T13:13:20.103Z"}
{"level":"info","message":"⌛ Building environment","timeElapsed":191,"timestamp":"2024-10-11T13:13:20.296Z"}
{"level":"info","message":"⌛ Building environment","timeElapsed":142,"timestamp":"2024-10-11T13:13:20.438Z"}
{"level":"info","message":"⌛ Building environment","timeElapsed":154,"timestamp":"2024-10-11T13:13:20.593Z"}
{"level":"info","message":"⌛ Validating objetos.wlk","timeElapsed":221,"timestamp":"2024-10-11T13:13:20.814Z"}
{"level":"info","message":"⌛ Building environment","timeElapsed":159,"timestamp":"2024-10-11T13:13:20.974Z"}
{"level":"info","message":"⌛ Validating objetos.wlk","timeElapsed":209,"timestamp":"2024-10-11T13:13:21.192Z"}
{"level":"info","message":"⌛ Validating objetos.wlk","timeElapsed":205,"timestamp":"2024-10-11T13:13:21.397Z"}
{"level":"info","message":"⌛ Building environment","timeElapsed":149,"timestamp":"2024-10-11T13:13:21.546Z"}
{"level":"info","message":"⌛ Validating objetos.wlk","timeElapsed":206,"timestamp":"2024-10-11T13:13:21.759Z"}
{"level":"info","message":"⌛ Building environment","timeElapsed":161,"timestamp":"2024-10-11T13:13:21.920Z"}
{"level":"info","message":"⌛ Building environment","timeElapsed":192,"timestamp":"2024-10-11T13:13:22.188Z"}
{"level":"info","message":"⌛ Validating objetos.wlk","timeElapsed":185,"timestamp":"2024-10-11T13:13:22.373Z"}
{"level":"info","message":"⌛ Building environment","timeElapsed":133,"timestamp":"2024-10-11T13:13:22.508Z"}
{"level":"info","message":"⌛ Building environment","timeElapsed":131,"timestamp":"2024-10-11T13:13:22.647Z"}
{"level":"info","message":"⌛ Validating objetos.wlk","timeElapsed":184,"timestamp":"2024-10-11T13:13:22.845Z"}
{"level":"info","message":"⌛ Building environment","timeElapsed":150,"timestamp":"2024-10-11T13:13:22.995Z"}
{"level":"info","message":"⌛ Validating objetos.wlk","timeElapsed":206,"timestamp":"2024-10-11T13:13:23.247Z"}
{"level":"info","message":"⌛ Validating objetos.wlk","timeElapsed":200,"timestamp":"2024-10-11T13:13:23.447Z"}
{"level":"info","message":"⌛ Validating objetos.wlk","timeElapsed":202,"timestamp":"2024-10-11T13:13:23.649Z"}
{"level":"info","message":"⌛ Validating objetos.wlk","timeElapsed":208,"timestamp":"2024-10-11T13:13:23.858Z"}
{"level":"info","message":"⌛ Validating objetos.wlk","timeElapsed":208,"timestamp":"2024-10-11T13:13:24.066Z"}
{"level":"info","message":"onRequest - completionItem/resolve","timestamp":"2024-10-11T13:13:24.067Z"}
{"level":"info","message":"⌛ Building environment","timeElapsed":158,"timestamp":"2024-10-11T13:13:27.286Z"}
{"level":"info","message":"onRequest - completionItem/resolve","timestamp":"2024-10-11T13:13:27.287Z"}
{"level":"info","message":"⌛ Validating objetos.wlk","timeElapsed":210,"timestamp":"2024-10-11T13:13:27.498Z"}
{"level":"info","message":"⌛ Building environment","timeElapsed":206,"timestamp":"2024-10-11T13:13:27.706Z"}
{"level":"info","message":"onRequest - completionItem/resolve","timestamp":"2024-10-11T13:13:27.714Z"}
{"level":"info","message":"⌛ Building environment","timeElapsed":146,"timestamp":"2024-10-11T13:13:27.861Z"}
{"level":"info","message":"onRequest - completionItem/resolve","timestamp":"2024-10-11T13:13:27.868Z"}
{"level":"info","message":"⌛ Building environment","timeElapsed":139,"timestamp":"2024-10-11T13:13:28.007Z"}
{"level":"info","message":"onRequest - completionItem/resolve","timestamp":"2024-10-11T13:13:28.017Z"}
{"level":"info","message":"⌛ Validating objetos.wlk","timeElapsed":186,"timestamp":"2024-10-11T13:13:28.204Z"}
{"level":"info","message":"⌛ Building environment","timeElapsed":141,"timestamp":"2024-10-11T13:13:28.345Z"}
{"level":"info","message":"onRequest - completionItem/resolve","timestamp":"2024-10-11T13:13:28.346Z"}
{"level":"info","message":"⌛ Validating objetos.wlk","timeElapsed":191,"timestamp":"2024-10-11T13:13:28.537Z"}
{"level":"info","message":"⌛ Building environment","timeElapsed":143,"timestamp":"2024-10-11T13:13:28.680Z"}
{"level":"info","message":"onRequest - completionItem/resolve","timestamp":"2024-10-11T13:13:28.680Z"}
{"level":"info","message":"⌛ Validating objetos.wlk","timeElapsed":215,"timestamp":"2024-10-11T13:13:28.896Z"}
{"level":"info","message":"⌛ Validating objetos.wlk","timeElapsed":207,"timestamp":"2024-10-11T13:13:29.111Z"}
{"level":"info","message":"⌛ Validating objetos.wlk","timeElapsed":195,"timestamp":"2024-10-11T13:13:29.307Z"}
{"level":"info","message":"⌛ Building environment","timeElapsed":257,"timestamp":"2024-10-11T13:13:29.564Z"}
{"level":"info","message":"⌛ Building environment","timeElapsed":151,"timestamp":"2024-10-11T13:13:29.756Z"}
{"level":"info","message":"⌛ Building environment","timeElapsed":147,"timestamp":"2024-10-11T13:13:29.910Z"}
{"level":"info","message":"⌛ Building environment","timeElapsed":136,"timestamp":"2024-10-11T13:13:30.046Z"}
{"level":"info","message":"⌛ Validating objetos.wlk","timeElapsed":185,"timestamp":"2024-10-11T13:13:30.232Z"}
{"level":"info","message":"⌛ Building environment","timeElapsed":139,"timestamp":"2024-10-11T13:13:30.372Z"}
{"level":"info","message":"⌛ Validating objetos.wlk","timeElapsed":280,"timestamp":"2024-10-11T13:13:30.689Z"}
{"level":"info","message":"⌛ Building environment","timeElapsed":183,"timestamp":"2024-10-11T13:13:30.872Z"}
{"level":"info","message":"⌛ Validating objetos.wlk","timeElapsed":198,"timestamp":"2024-10-11T13:13:31.070Z"}
{"level":"info","message":"⌛ Validating objetos.wlk","timeElapsed":202,"timestamp":"2024-10-11T13:13:31.272Z"}
{"level":"info","message":"⌛ Validating objetos.wlk","timeElapsed":184,"timestamp":"2024-10-11T13:13:31.468Z"}
{"level":"info","message":"⌛ Validating objetos.wlk","timeElapsed":327,"timestamp":"2024-10-11T13:13:31.796Z"}
{"level":"info","message":"⌛ Building environment","timeElapsed":143,"timestamp":"2024-10-11T13:13:31.939Z"}
{"level":"info","message":"⌛ Validating objetos.wlk","timeElapsed":221,"timestamp":"2024-10-11T13:13:32.168Z"}
{"level":"info","message":"⌛ Building environment","timeElapsed":144,"timestamp":"2024-10-11T13:13:32.313Z"}
{"level":"info","message":"⌛ Validating objetos.wlk","timeElapsed":188,"timestamp":"2024-10-11T13:13:32.502Z"}
{"level":"info","message":"⌛ Building environment","timeElapsed":174,"timestamp":"2024-10-11T13:13:38.013Z"}
{"level":"info","message":"⌛ Building environment","timeElapsed":137,"timestamp":"2024-10-11T13:13:38.190Z"}
{"level":"info","message":"⌛ Validating objetos.wlk","timeElapsed":185,"timestamp":"2024-10-11T13:13:38.383Z"}
{"level":"info","message":"onRequest - completionItem/resolve","timestamp":"2024-10-11T13:13:38.383Z"}
{"level":"info","message":"⌛ Building environment","timeElapsed":153,"timestamp":"2024-10-11T13:13:38.537Z"}
{"level":"info","message":"onRequest - completionItem/resolve","timestamp":"2024-10-11T13:13:38.537Z"}
{"level":"info","message":"⌛ Validating objetos.wlk","timeElapsed":195,"timestamp":"2024-10-11T13:13:38.734Z"}
{"level":"info","message":"⌛ Validating objetos.wlk","timeElapsed":191,"timestamp":"2024-10-11T13:13:38.931Z"}
{"level":"info","message":"⌛ Building environment","timeElapsed":141,"timestamp":"2024-10-11T13:13:39.363Z"}
{"level":"info","message":"onRequest - completionItem/resolve","timestamp":"2024-10-11T13:13:39.363Z"}
{"level":"info","message":"⌛ Validating objetos.wlk","timeElapsed":198,"timestamp":"2024-10-11T13:13:39.562Z"}
{"level":"info","message":"⌛ Building environment","timeElapsed":332,"timestamp":"2024-10-11T13:13:39.896Z"}
{"level":"info","message":"⌛ Building environment","timeElapsed":174,"timestamp":"2024-10-11T13:13:40.071Z"}
{"level":"info","message":"⌛ Building environment","timeElapsed":162,"timestamp":"2024-10-11T13:13:40.234Z"}
{"level":"info","message":"⌛ Validating objetos.wlk","timeElapsed":219,"timestamp":"2024-10-11T13:13:40.454Z"}
{"level":"info","message":"⌛ Building environment","timeElapsed":142,"timestamp":"2024-10-11T13:13:40.596Z"}
{"level":"info","message":"⌛ Building environment","timeElapsed":136,"timestamp":"2024-10-11T13:13:40.732Z"}
{"level":"info","message":"⌛ Validating objetos.wlk","timeElapsed":185,"timestamp":"2024-10-11T13:13:40.917Z"}
{"level":"info","message":"⌛ Building environment","timeElapsed":187,"timestamp":"2024-10-11T13:13:41.105Z"}
{"level":"info","message":"⌛ Validating objetos.wlk","timeElapsed":186,"timestamp":"2024-10-11T13:13:41.299Z"}
{"level":"info","message":"⌛ Validating objetos.wlk","timeElapsed":181,"timestamp":"2024-10-11T13:13:41.490Z"}
{"level":"info","message":"⌛ Validating objetos.wlk","timeElapsed":201,"timestamp":"2024-10-11T13:13:41.692Z"}
{"level":"info","message":"⌛ Building environment","timeElapsed":137,"timestamp":"2024-10-11T13:13:41.829Z"}
{"level":"info","message":"⌛ Validating objetos.wlk","timeElapsed":179,"timestamp":"2024-10-11T13:13:42.009Z"}
{"level":"info","message":"⌛ Validating objetos.wlk","timeElapsed":190,"timestamp":"2024-10-11T13:13:42.210Z"}
{"level":"info","message":"⌛ Building environment","timeElapsed":154,"timestamp":"2024-10-11T13:13:42.827Z"}
{"level":"info","message":"⌛ Validating objetos.wlk","timeElapsed":200,"timestamp":"2024-10-11T13:13:43.028Z"}
{"level":"info","message":"⌛ Building environment","timeElapsed":143,"timestamp":"2024-10-11T13:13:43.538Z"}
{"level":"info","message":"⌛ Validating objetos.wlk","timeElapsed":224,"timestamp":"2024-10-11T13:13:43.820Z"}
{"level":"info","message":"⌛ Building environment","timeElapsed":152,"timestamp":"2024-10-11T13:13:43.973Z"}
{"level":"info","message":"onRequest - completionItem/resolve","timestamp":"2024-10-11T13:13:43.973Z"}
{"level":"info","message":"⌛ Building environment","timeElapsed":142,"timestamp":"2024-10-11T13:13:44.115Z"}
{"level":"info","message":"onRequest - completionItem/resolve","timestamp":"2024-10-11T13:13:44.115Z"}
{"level":"info","message":"⌛ Building environment","timeElapsed":142,"timestamp":"2024-10-11T13:13:44.257Z"}
{"level":"info","message":"onRequest - completionItem/resolve","timestamp":"2024-10-11T13:13:44.258Z"}
{"level":"info","message":"⌛ Validating objetos.wlk","timeElapsed":186,"timestamp":"2024-10-11T13:13:44.444Z"}
{"level":"info","message":"⌛ Validating objetos.wlk","timeElapsed":184,"timestamp":"2024-10-11T13:13:44.630Z"}
{"level":"info","message":"⌛ Validating objetos.wlk","timeElapsed":202,"timestamp":"2024-10-11T13:13:44.839Z"}
{"level":"info","message":"onRequest - completionItem/resolve","timestamp":"2024-10-11T13:13:44.840Z"}
{"level":"info","message":"⌛ Building environment","timeElapsed":171,"timestamp":"2024-10-11T13:13:45.012Z"}
{"level":"info","message":"⌛ Validating objetos.wlk","timeElapsed":249,"timestamp":"2024-10-11T13:13:45.263Z"}
{"level":"info","message":"⌛ Building environment","timeElapsed":232,"timestamp":"2024-10-11T13:13:45.831Z"}
{"level":"error","message":"✘ Completions for node failed: Error: [Send]{ff99bb} at objetos.wlk:39 exhausted all cases without a match [Send]{ff99bb} at objetos.wlk:39 exhausted all cases without a match","stack":"Error: [Send]{ff99bb} at objetos.wlk:39 exhausted all cases without a match\n    at /home/felipe/.vscode/extensions/uqbar.wollok-lsp-ide-0.3.6/out/server/src/server.js:38:6067\n    at yh (/home/felipe/.vscode/extensions/uqbar.wollok-lsp-ide-0.3.6/out/server/src/server.js:2291:42)\n    at kh (/home/felipe/.vscode/extensions/uqbar.wollok-lsp-ide-0.3.6/out/server/src/server.js:2291:1004)\n    at Y5n (/home/felipe/.vscode/extensions/uqbar.wollok-lsp-ide-0.3.6/out/server/src/server.js:2291:1160)\n    at /home/felipe/.vscode/extensions/uqbar.wollok-lsp-ide-0.3.6/out/server/src/server.js:38:6056\n    at yh (/home/felipe/.vscode/extensions/uqbar.wollok-lsp-ide-0.3.6/out/server/src/server.js:2291:42)\n    at /home/felipe/.vscode/extensions/uqbar.wollok-lsp-ide-0.3.6/out/server/src/server.js:2291:2700\n    at /home/felipe/.vscode/extensions/uqbar.wollok-lsp-ide-0.3.6/out/server/src/server.js:2298:3774\n    at /home/felipe/.vscode/extensions/uqbar.wollok-lsp-ide-0.3.6/out/server/src/server.js:37:74872\n    at Fe (/home/felipe/.vscode/extensions/uqbar.wollok-lsp-ide-0.3.6/out/server/src/server.js:7:8527)","timestamp":"2024-10-11T13:13:45.865Z"}
{"level":"info","message":"⌛ Building environment","timeElapsed":152,"timestamp":"2024-10-11T13:13:46.021Z"}
{"level":"info","message":"⌛ Validating objetos.wlk","timeElapsed":206,"timestamp":"2024-10-11T13:13:46.228Z"}
{"level":"info","message":"onRequest - completionItem/resolve","timestamp":"2024-10-11T13:13:46.229Z"}
{"level":"info","message":"⌛ Building environment","timeElapsed":150,"timestamp":"2024-10-11T13:13:46.379Z"}
{"level":"info","message":"onRequest - completionItem/resolve","timestamp":"2024-10-11T13:13:46.380Z"}
{"level":"info","message":"⌛ Validating objetos.wlk","timeElapsed":208,"timestamp":"2024-10-11T13:13:46.588Z"}
{"level":"info","message":"⌛ Building environment","timeElapsed":159,"timestamp":"2024-10-11T13:13:46.747Z"}
{"level":"info","message":"onRequest - completionItem/resolve","timestamp":"2024-10-11T13:13:46.748Z"}
{"level":"info","message":"⌛ Building environment","timeElapsed":147,"timestamp":"2024-10-11T13:13:46.895Z"}
{"level":"info","message":"onRequest - completionItem/resolve","timestamp":"2024-10-11T13:13:46.896Z"}
{"level":"info","message":"⌛ Validating objetos.wlk","timeElapsed":202,"timestamp":"2024-10-11T13:13:47.099Z"}
{"level":"info","message":"⌛ Building environment","timeElapsed":138,"timestamp":"2024-10-11T13:13:47.238Z"}
{"level":"info","message":"onRequest - completionItem/resolve","timestamp":"2024-10-11T13:13:47.246Z"}
{"level":"info","message":"⌛ Building environment","timeElapsed":163,"timestamp":"2024-10-11T13:13:47.409Z"}
{"level":"info","message":"onRequest - completionItem/resolve","timestamp":"2024-10-11T13:13:47.410Z"}
{"level":"info","message":"⌛ Building environment","timeElapsed":260,"timestamp":"2024-10-11T13:13:47.670Z"}
{"level":"info","message":"onRequest - completionItem/resolve","timestamp":"2024-10-11T13:13:47.670Z"}
{"level":"info","message":"⌛ Validating objetos.wlk","timeElapsed":181,"timestamp":"2024-10-11T13:13:47.852Z"}
{"level":"info","message":"⌛ Building environment","timeElapsed":142,"timestamp":"2024-10-11T13:13:47.995Z"}
{"level":"info","message":"onRequest - completionItem/resolve","timestamp":"2024-10-11T13:13:47.995Z"}
{"level":"info","message":"⌛ Validating objetos.wlk","timeElapsed":192,"timestamp":"2024-10-11T13:13:48.187Z"}
{"level":"info","message":"⌛ Building environment","timeElapsed":147,"timestamp":"2024-10-11T13:13:48.336Z"}
{"level":"info","message":"onRequest - completionItem/resolve","timestamp":"2024-10-11T13:13:48.336Z"}
{"level":"info","message":"⌛ Validating objetos.wlk","timeElapsed":206,"timestamp":"2024-10-11T13:13:48.542Z"}
{"level":"info","message":"⌛ Validating objetos.wlk","timeElapsed":180,"timestamp":"2024-10-11T13:13:48.731Z"}
{"level":"info","message":"⌛ Validating objetos.wlk","timeElapsed":266,"timestamp":"2024-10-11T13:13:48.999Z"}
{"level":"info","message":"⌛ Validating objetos.wlk","timeElapsed":186,"timestamp":"2024-10-11T13:13:49.185Z"}
{"level":"info","message":"⌛ Validating objetos.wlk","timeElapsed":197,"timestamp":"2024-10-11T13:13:49.383Z"}
{"level":"info","message":"⌛ Building environment","timeElapsed":212,"timestamp":"2024-10-11T13:13:51.150Z"}
{"level":"error","message":"✘ Completions for node failed: Error: [Send]{1e15c7} at objetos.wlk:39 exhausted all cases without a match [Send]{1e15c7} at objetos.wlk:39 exhausted all cases without a match","stack":"Error: [Send]{1e15c7} at objetos.wlk:39 exhausted all cases without a match\n    at /home/felipe/.vscode/extensions/uqbar.wollok-lsp-ide-0.3.6/out/server/src/server.js:38:6067\n    at yh (/home/felipe/.vscode/extensions/uqbar.wollok-lsp-ide-0.3.6/out/server/src/server.js:2291:42)\n    at /home/felipe/.vscode/extensions/uqbar.wollok-lsp-ide-0.3.6/out/server/src/server.js:2291:2700\n    at /home/felipe/.vscode/extensions/uqbar.wollok-lsp-ide-0.3.6/out/server/src/server.js:2298:3774\n    at /home/felipe/.vscode/extensions/uqbar.wollok-lsp-ide-0.3.6/out/server/src/server.js:37:74872\n    at Fe (/home/felipe/.vscode/extensions/uqbar.wollok-lsp-ide-0.3.6/out/server/src/server.js:7:8527)\n    at Pt (/home/felipe/.vscode/extensions/uqbar.wollok-lsp-ide-0.3.6/out/server/src/server.js:7:6189)\n    at Gi (/home/felipe/.vscode/extensions/uqbar.wollok-lsp-ide-0.3.6/out/server/src/server.js:7:6378)\n    at Immediate._onImmediate (/home/felipe/.vscode/extensions/uqbar.wollok-lsp-ide-0.3.6/out/server/src/server.js:7:6142)\n    at process.processImmediate (node:internal/timers:483:21)","timestamp":"2024-10-11T13:13:51.199Z"}
{"level":"info","message":"⌛ Validating objetos.wlk","timeElapsed":202,"timestamp":"2024-10-11T13:13:51.408Z"}
{"level":"info","message":"⌛ Building environment","timeElapsed":150,"timestamp":"2024-10-11T13:13:51.559Z"}
{"level":"info","message":"⌛ Building environment","timeElapsed":139,"timestamp":"2024-10-11T13:13:51.699Z"}
{"level":"error","message":"✘ Completions for node failed: Error: [Send]{5cae90} at objetos.wlk:39 exhausted all cases without a match [Send]{5cae90} at objetos.wlk:39 exhausted all cases without a match","stack":"Error: [Send]{5cae90} at objetos.wlk:39 exhausted all cases without a match\n    at /home/felipe/.vscode/extensions/uqbar.wollok-lsp-ide-0.3.6/out/server/src/server.js:38:6067\n    at yh (/home/felipe/.vscode/extensions/uqbar.wollok-lsp-ide-0.3.6/out/server/src/server.js:2291:42)\n    at /home/felipe/.vscode/extensions/uqbar.wollok-lsp-ide-0.3.6/out/server/src/server.js:2291:2700\n    at /home/felipe/.vscode/extensions/uqbar.wollok-lsp-ide-0.3.6/out/server/src/server.js:2298:3774\n    at /home/felipe/.vscode/extensions/uqbar.wollok-lsp-ide-0.3.6/out/server/src/server.js:37:74872\n    at Fe (/home/felipe/.vscode/extensions/uqbar.wollok-lsp-ide-0.3.6/out/server/src/server.js:7:8527)\n    at Pt (/home/felipe/.vscode/extensions/uqbar.wollok-lsp-ide-0.3.6/out/server/src/server.js:7:6189)\n    at Gi (/home/felipe/.vscode/extensions/uqbar.wollok-lsp-ide-0.3.6/out/server/src/server.js:7:6378)\n    at Immediate._onImmediate (/home/felipe/.vscode/extensions/uqbar.wollok-lsp-ide-0.3.6/out/server/src/server.js:7:6142)\n    at process.processImmediate (node:internal/timers:483:21)","timestamp":"2024-10-11T13:13:51.756Z"}
{"level":"info","message":"⌛ Validating objetos.wlk","timeElapsed":262,"timestamp":"2024-10-11T13:13:52.026Z"}
{"level":"info","message":"⌛ Validating objetos.wlk","timeElapsed":188,"timestamp":"2024-10-11T13:13:52.216Z"}
{"level":"info","message":"⌛ Building environment","timeElapsed":254,"timestamp":"2024-10-11T13:16:23.549Z"}
{"level":"info","message":"⌛ Building environment","timeElapsed":200,"timestamp":"2024-10-11T13:16:23.751Z"}
{"level":"info","message":"⌛ Validating objetos.wlk","timeElapsed":285,"timestamp":"2024-10-11T13:16:24.044Z"}
{"level":"info","message":"⌛ Validating objetos.wlk","timeElapsed":217,"timestamp":"2024-10-11T13:16:24.262Z"}
{"level":"info","message":"⌛ Building environment","timeElapsed":168,"timestamp":"2024-10-11T13:16:24.452Z"}
{"level":"info","message":"⌛ Building environment","timeElapsed":166,"timestamp":"2024-10-11T13:16:24.652Z"}
{"level":"info","message":"⌛ Building environment","timeElapsed":150,"timestamp":"2024-10-11T13:16:24.803Z"}
{"level":"info","message":"⌛ Validating objetos.wlk","timeElapsed":273,"timestamp":"2024-10-11T13:16:25.077Z"}
{"level":"info","message":"onRequest - completionItem/resolve","timestamp":"2024-10-11T13:16:25.078Z"}
{"level":"info","message":"⌛ Building environment","timeElapsed":193,"timestamp":"2024-10-11T13:16:25.271Z"}
{"level":"info","message":"onRequest - completionItem/resolve","timestamp":"2024-10-11T13:16:25.272Z"}
{"level":"info","message":"⌛ Building environment","timeElapsed":149,"timestamp":"2024-10-11T13:16:25.421Z"}
{"level":"info","message":"onRequest - completionItem/resolve","timestamp":"2024-10-11T13:16:25.422Z"}
{"level":"info","message":"⌛ Validating objetos.wlk","timeElapsed":219,"timestamp":"2024-10-11T13:16:25.641Z"}
{"level":"error","message":"✘ Failed to rebuild document Failed to parse objetos.wlk: \n-- PARSING FAILED --------------------------------------------------\n\n  41 | \n  42 | \tmethod\n> 43 | }\n     | ^\n  44 | \n  45 | class Aspersor {\n\nExpected one of the following: \n\n'!=', '!==', '%', '&&', '*', '**', '+', '-', '->', '..', '..<', '/', '<', '<<', '<<<', '<=', '<=>', '<>', '==', '===', '>', '>..', '>=', '>>', '>>>', '?:', 'and', 'invert', 'negate', 'or', 'plus', '||', identifier, whitespace\n","stack":"Error: Failed to parse objetos.wlk: \n-- PARSING FAILED --------------------------------------------------\n\n  41 | \n  42 | \tmethod\n> 43 | }\n     | ^\n  44 | \n  45 | class Aspersor {\n\nExpected one of the following: \n\n'!=', '!==', '%', '&&', '*', '**', '+', '-', '->', '..', '..<', '/', '<', '<<', '<<<', '<=', '<=>', '<>', '==', '===', '>', '>..', '>=', '>>', '>>>', '?:', 'and', 'invert', 'negate', 'or', 'plus', '||', identifier, whitespace\n\n    at /home/felipe/.vscode/extensions/uqbar.wollok-lsp-ide-0.3.6/out/server/src/server.js:2254:32415\n    at Array.map (<anonymous>)\n    at Jfn (/home/felipe/.vscode/extensions/uqbar.wollok-lsp-ide-0.3.6/out/server/src/server.js:2254:32339)\n    at k2.buildEnvironmentFrom (/home/felipe/.vscode/extensions/uqbar.wollok-lsp-ide-0.3.6/out/server/src/server.js:2285:6721)\n    at k2.updateEnvironmentWith (/home/felipe/.vscode/extensions/uqbar.wollok-lsp-ide-0.3.6/out/server/src/server.js:2285:6456)\n    at jL (/home/felipe/.vscode/extensions/uqbar.wollok-lsp-ide-0.3.6/out/server/src/server.js:2298:2292)\n    at v3.invoke (/home/felipe/.vscode/extensions/uqbar.wollok-lsp-ide-0.3.6/out/server/src/server.js:3:157200)\n    at o.fire (/home/felipe/.vscode/extensions/uqbar.wollok-lsp-ide-0.3.6/out/server/src/server.js:3:157970)\n    at /home/felipe/.vscode/extensions/uqbar.wollok-lsp-ide-0.3.6/out/server/src/server.js:37:57871\n    at Vr (/home/felipe/.vscode/extensions/uqbar.wollok-lsp-ide-0.3.6/out/server/src/server.js:8:1561)","timestamp":"2024-10-11T13:16:25.665Z"}
{"level":"info","message":"onRequest - completionItem/resolve","timestamp":"2024-10-11T13:16:25.665Z"}
{"level":"info","message":"⌛ Validating objetos.wlk","timeElapsed":246,"timestamp":"2024-10-11T13:16:25.912Z"}
{"level":"error","message":"✘ Failed to rebuild document Failed to parse objetos.wlk: \n-- PARSING FAILED --------------------------------------------------\n\n  41 | \n  42 | \tmethod \n> 43 | }\n     | ^\n  44 | \n  45 | class Aspersor {\n\nExpected one of the following: \n\n'!=', '!==', '%', '&&', '*', '**', '+', '-', '->', '..', '..<', '/', '<', '<<', '<<<', '<=', '<=>', '<>', '==', '===', '>', '>..', '>=', '>>', '>>>', '?:', 'and', 'invert', 'negate', 'or', 'plus', '||', identifier, whitespace\n","stack":"Error: Failed to parse objetos.wlk: \n-- PARSING FAILED --------------------------------------------------\n\n  41 | \n  42 | \tmethod \n> 43 | }\n     | ^\n  44 | \n  45 | class Aspersor {\n\nExpected one of the following: \n\n'!=', '!==', '%', '&&', '*', '**', '+', '-', '->', '..', '..<', '/', '<', '<<', '<<<', '<=', '<=>', '<>', '==', '===', '>', '>..', '>=', '>>', '>>>', '?:', 'and', 'invert', 'negate', 'or', 'plus', '||', identifier, whitespace\n\n    at /home/felipe/.vscode/extensions/uqbar.wollok-lsp-ide-0.3.6/out/server/src/server.js:2254:32415\n    at Array.map (<anonymous>)\n    at Jfn (/home/felipe/.vscode/extensions/uqbar.wollok-lsp-ide-0.3.6/out/server/src/server.js:2254:32339)\n    at k2.buildEnvironmentFrom (/home/felipe/.vscode/extensions/uqbar.wollok-lsp-ide-0.3.6/out/server/src/server.js:2285:6721)\n    at k2.updateEnvironmentWith (/home/felipe/.vscode/extensions/uqbar.wollok-lsp-ide-0.3.6/out/server/src/server.js:2285:6456)\n    at jL (/home/felipe/.vscode/extensions/uqbar.wollok-lsp-ide-0.3.6/out/server/src/server.js:2298:2292)\n    at v3.invoke (/home/felipe/.vscode/extensions/uqbar.wollok-lsp-ide-0.3.6/out/server/src/server.js:3:157200)\n    at o.fire (/home/felipe/.vscode/extensions/uqbar.wollok-lsp-ide-0.3.6/out/server/src/server.js:3:157970)\n    at /home/felipe/.vscode/extensions/uqbar.wollok-lsp-ide-0.3.6/out/server/src/server.js:37:57871\n    at Vr (/home/felipe/.vscode/extensions/uqbar.wollok-lsp-ide-0.3.6/out/server/src/server.js:8:1561)","timestamp":"2024-10-11T13:16:25.940Z"}
{"level":"info","message":"onRequest - completionItem/resolve","timestamp":"2024-10-11T13:16:25.940Z"}
{"level":"info","message":"⌛ Validating objetos.wlk","timeElapsed":225,"timestamp":"2024-10-11T13:16:26.167Z"}
{"level":"info","message":"⌛ Validating objetos.wlk","timeElapsed":270,"timestamp":"2024-10-11T13:16:26.440Z"}
{"level":"info","message":"⌛ Building environment","timeElapsed":282,"timestamp":"2024-10-11T13:16:26.724Z"}
{"level":"info","message":"onRequest - completionItem/resolve","timestamp":"2024-10-11T13:16:26.725Z"}
{"level":"info","message":"⌛ Building environment","timeElapsed":151,"timestamp":"2024-10-11T13:16:26.876Z"}
{"level":"info","message":"onRequest - completionItem/resolve","timestamp":"2024-10-11T13:16:26.877Z"}
{"level":"info","message":"⌛ Building environment","timeElapsed":172,"timestamp":"2024-10-11T13:16:27.049Z"}
{"level":"info","message":"⌛ Building environment","timeElapsed":146,"timestamp":"2024-10-11T13:16:27.240Z"}
{"level":"info","message":"⌛ Building environment","timeElapsed":143,"timestamp":"2024-10-11T13:16:27.384Z"}
{"level":"info","message":"⌛ Building environment","timeElapsed":187,"timestamp":"2024-10-11T13:16:27.572Z"}
{"level":"info","message":"⌛ Validating objetos.wlk","timeElapsed":215,"timestamp":"2024-10-11T13:16:27.793Z"}
{"level":"info","message":"⌛ Validating objetos.wlk","timeElapsed":198,"timestamp":"2024-10-11T13:16:27.993Z"}
{"level":"info","message":"⌛ Validating objetos.wlk","timeElapsed":196,"timestamp":"2024-10-11T13:16:28.190Z"}
{"level":"info","message":"⌛ Validating objetos.wlk","timeElapsed":203,"timestamp":"2024-10-11T13:16:28.394Z"}
{"level":"info","message":"⌛ Validating objetos.wlk","timeElapsed":202,"timestamp":"2024-10-11T13:16:28.597Z"}
{"level":"info","message":"⌛ Validating objetos.wlk","timeElapsed":198,"timestamp":"2024-10-11T13:16:28.797Z"}
{"level":"info","message":"⌛ Building environment","timeElapsed":143,"timestamp":"2024-10-11T13:16:28.940Z"}
{"level":"info","message":"⌛ Building environment","timeElapsed":146,"timestamp":"2024-10-11T13:16:29.123Z"}
{"level":"info","message":"⌛ Building environment","timeElapsed":143,"timestamp":"2024-10-11T13:16:29.266Z"}
{"level":"info","message":"⌛ Building environment","timeElapsed":134,"timestamp":"2024-10-11T13:16:29.406Z"}
{"level":"info","message":"⌛ Building environment","timeElapsed":147,"timestamp":"2024-10-11T13:16:29.553Z"}
{"level":"info","message":"⌛ Validating objetos.wlk","timeElapsed":192,"timestamp":"2024-10-11T13:16:29.745Z"}
{"level":"info","message":"⌛ Building environment","timeElapsed":149,"timestamp":"2024-10-11T13:16:29.895Z"}
{"level":"info","message":"⌛ Validating objetos.wlk","timeElapsed":204,"timestamp":"2024-10-11T13:16:30.137Z"}
{"level":"info","message":"⌛ Validating objetos.wlk","timeElapsed":198,"timestamp":"2024-10-11T13:16:30.336Z"}
{"level":"info","message":"⌛ Validating objetos.wlk","timeElapsed":197,"timestamp":"2024-10-11T13:16:30.534Z"}
{"level":"info","message":"⌛ Building environment","timeElapsed":222,"timestamp":"2024-10-11T13:16:30.757Z"}
{"level":"info","message":"⌛ Validating objetos.wlk","timeElapsed":195,"timestamp":"2024-10-11T13:16:31.000Z"}
{"level":"info","message":"⌛ Building environment","timeElapsed":144,"timestamp":"2024-10-11T13:16:31.146Z"}
{"level":"info","message":"⌛ Building environment","timeElapsed":133,"timestamp":"2024-10-11T13:16:31.324Z"}
{"level":"info","message":"⌛ Validating objetos.wlk","timeElapsed":188,"timestamp":"2024-10-11T13:16:31.550Z"}
{"level":"info","message":"⌛ Building environment","timeElapsed":140,"timestamp":"2024-10-11T13:16:31.691Z"}
{"level":"info","message":"⌛ Building environment","timeElapsed":134,"timestamp":"2024-10-11T13:16:31.865Z"}
{"level":"info","message":"⌛ Building environment","timeElapsed":143,"timestamp":"2024-10-11T13:16:32.049Z"}
{"level":"info","message":"⌛ Building environment","timeElapsed":129,"timestamp":"2024-10-11T13:16:32.217Z"}
{"level":"info","message":"⌛ Building environment","timeElapsed":166,"timestamp":"2024-10-11T13:16:32.423Z"}
{"level":"info","message":"⌛ Validating objetos.wlk","timeElapsed":266,"timestamp":"2024-10-11T13:16:32.759Z"}
{"level":"info","message":"⌛ Building environment","timeElapsed":142,"timestamp":"2024-10-11T13:16:32.901Z"}
{"level":"info","message":"⌛ Building environment","timeElapsed":133,"timestamp":"2024-10-11T13:16:33.072Z"}
{"level":"info","message":"⌛ Validating objetos.wlk","timeElapsed":192,"timestamp":"2024-10-11T13:16:33.306Z"}
{"level":"info","message":"⌛ Validating objetos.wlk","timeElapsed":192,"timestamp":"2024-10-11T13:16:33.501Z"}
{"level":"info","message":"⌛ Validating objetos.wlk","timeElapsed":206,"timestamp":"2024-10-11T13:16:33.707Z"}
{"level":"info","message":"⌛ Validating objetos.wlk","timeElapsed":207,"timestamp":"2024-10-11T13:16:33.915Z"}
{"level":"info","message":"⌛ Validating objetos.wlk","timeElapsed":199,"timestamp":"2024-10-11T13:16:34.116Z"}
{"level":"info","message":"⌛ Validating objetos.wlk","timeElapsed":300,"timestamp":"2024-10-11T13:16:34.418Z"}
{"level":"info","message":"⌛ Building environment","timeElapsed":198,"timestamp":"2024-10-11T13:16:34.616Z"}
{"level":"info","message":"⌛ Building environment","timeElapsed":141,"timestamp":"2024-10-11T13:16:34.759Z"}
{"level":"info","message":"⌛ Validating objetos.wlk","timeElapsed":184,"timestamp":"2024-10-11T13:16:34.943Z"}
{"level":"info","message":"⌛ Building environment","timeElapsed":151,"timestamp":"2024-10-11T13:16:35.094Z"}
{"level":"info","message":"⌛ Validating objetos.wlk","timeElapsed":217,"timestamp":"2024-10-11T13:16:35.318Z"}
{"level":"info","message":"⌛ Validating objetos.wlk","timeElapsed":189,"timestamp":"2024-10-11T13:16:35.508Z"}
{"level":"info","message":"⌛ Building environment","timeElapsed":139,"timestamp":"2024-10-11T13:16:35.647Z"}
{"level":"info","message":"⌛ Building environment","timeElapsed":182,"timestamp":"2024-10-11T13:16:35.867Z"}
{"level":"info","message":"⌛ Building environment","timeElapsed":140,"timestamp":"2024-10-11T13:16:36.013Z"}
{"level":"info","message":"⌛ Building environment","timeElapsed":145,"timestamp":"2024-10-11T13:16:36.158Z"}
{"level":"info","message":"⌛ Building environment","timeElapsed":150,"timestamp":"2024-10-11T13:16:36.309Z"}
{"level":"info","message":"⌛ Building environment","timeElapsed":255,"timestamp":"2024-10-11T13:16:36.566Z"}
{"level":"info","message":"⌛ Building environment","timeElapsed":190,"timestamp":"2024-10-11T13:16:36.757Z"}
{"level":"info","message":"⌛ Validating objetos.wlk","timeElapsed":178,"timestamp":"2024-10-11T13:16:36.935Z"}
{"level":"info","message":"⌛ Validating objetos.wlk","timeElapsed":187,"timestamp":"2024-10-11T13:16:37.123Z"}
{"level":"info","message":"⌛ Validating objetos.wlk","timeElapsed":185,"timestamp":"2024-10-11T13:16:37.315Z"}
{"level":"info","message":"⌛ Building environment","timeElapsed":141,"timestamp":"2024-10-11T13:16:37.457Z"}
{"level":"info","message":"⌛ Validating objetos.wlk","timeElapsed":176,"timestamp":"2024-10-11T13:16:37.640Z"}
{"level":"info","message":"⌛ Validating objetos.wlk","timeElapsed":186,"timestamp":"2024-10-11T13:16:37.828Z"}
{"level":"info","message":"⌛ Validating objetos.wlk","timeElapsed":186,"timestamp":"2024-10-11T13:16:38.014Z"}
{"level":"info","message":"⌛ Building environment","timeElapsed":141,"timestamp":"2024-10-11T13:16:38.156Z"}
{"level":"info","message":"⌛ Validating objetos.wlk","timeElapsed":181,"timestamp":"2024-10-11T13:16:38.337Z"}
{"level":"info","message":"⌛ Building environment","timeElapsed":135,"timestamp":"2024-10-11T13:16:38.472Z"}
{"level":"info","message":"⌛ Validating objetos.wlk","timeElapsed":180,"timestamp":"2024-10-11T13:16:38.658Z"}
{"level":"info","message":"⌛ Building environment","timeElapsed":141,"timestamp":"2024-10-11T13:16:38.801Z"}
{"level":"info","message":"⌛ Validating objetos.wlk","timeElapsed":189,"timestamp":"2024-10-11T13:16:38.990Z"}
{"level":"info","message":"⌛ Validating objetos.wlk","timeElapsed":186,"timestamp":"2024-10-11T13:16:39.176Z"}
{"level":"info","message":"⌛ Validating objetos.wlk","timeElapsed":197,"timestamp":"2024-10-11T13:16:39.385Z"}
{"level":"info","message":"⌛ Validating objetos.wlk","timeElapsed":196,"timestamp":"2024-10-11T13:16:39.581Z"}
{"level":"info","message":"⌛ Validating objetos.wlk","timeElapsed":189,"timestamp":"2024-10-11T13:16:39.773Z"}
{"level":"info","message":"⌛ Validating objetos.wlk","timeElapsed":198,"timestamp":"2024-10-11T13:16:39.971Z"}
{"level":"info","message":"⌛ Building environment","timeElapsed":323,"timestamp":"2024-10-11T13:16:41.748Z"}
{"level":"error","message":"✘ Completions for node failed: Error: [Send]{8b9d2a} at objetos.wlk:38 exhausted all cases without a match [Send]{8b9d2a} at objetos.wlk:38 exhausted all cases without a match","stack":"Error: [Send]{8b9d2a} at objetos.wlk:38 exhausted all cases without a match\n    at /home/felipe/.vscode/extensions/uqbar.wollok-lsp-ide-0.3.6/out/server/src/server.js:38:6067\n    at yh (/home/felipe/.vscode/extensions/uqbar.wollok-lsp-ide-0.3.6/out/server/src/server.js:2291:42)\n    at kh (/home/felipe/.vscode/extensions/uqbar.wollok-lsp-ide-0.3.6/out/server/src/server.js:2291:1004)\n    at Y5n (/home/felipe/.vscode/extensions/uqbar.wollok-lsp-ide-0.3.6/out/server/src/server.js:2291:1160)\n    at /home/felipe/.vscode/extensions/uqbar.wollok-lsp-ide-0.3.6/out/server/src/server.js:38:6056\n    at yh (/home/felipe/.vscode/extensions/uqbar.wollok-lsp-ide-0.3.6/out/server/src/server.js:2291:42)\n    at /home/felipe/.vscode/extensions/uqbar.wollok-lsp-ide-0.3.6/out/server/src/server.js:2291:2700\n    at /home/felipe/.vscode/extensions/uqbar.wollok-lsp-ide-0.3.6/out/server/src/server.js:2298:3774\n    at /home/felipe/.vscode/extensions/uqbar.wollok-lsp-ide-0.3.6/out/server/src/server.js:37:74872\n    at Fe (/home/felipe/.vscode/extensions/uqbar.wollok-lsp-ide-0.3.6/out/server/src/server.js:7:8527)","timestamp":"2024-10-11T13:16:41.785Z"}
{"level":"info","message":"⌛ Building environment","timeElapsed":163,"timestamp":"2024-10-11T13:16:41.957Z"}
{"level":"info","message":"⌛ Building environment","timeElapsed":140,"timestamp":"2024-10-11T13:16:42.106Z"}
{"level":"info","message":"⌛ Validating objetos.wlk","timeElapsed":199,"timestamp":"2024-10-11T13:16:42.305Z"}
{"level":"info","message":"onRequest - completionItem/resolve","timestamp":"2024-10-11T13:16:42.306Z"}
{"level":"info","message":"⌛ Building environment","timeElapsed":155,"timestamp":"2024-10-11T13:16:42.461Z"}
{"level":"info","message":"onRequest - completionItem/resolve","timestamp":"2024-10-11T13:16:42.462Z"}
{"level":"info","message":"⌛ Building environment","timeElapsed":167,"timestamp":"2024-10-11T13:16:42.630Z"}
{"level":"info","message":"onRequest - completionItem/resolve","timestamp":"2024-10-11T13:16:42.631Z"}
{"level":"info","message":"⌛ Validating objetos.wlk","timeElapsed":194,"timestamp":"2024-10-11T13:16:42.826Z"}
{"level":"info","message":"⌛ Building environment","timeElapsed":140,"timestamp":"2024-10-11T13:16:42.967Z"}
{"level":"info","message":"onRequest - completionItem/resolve","timestamp":"2024-10-11T13:16:42.975Z"}
{"level":"info","message":"⌛ Validating objetos.wlk","timeElapsed":197,"timestamp":"2024-10-11T13:16:43.172Z"}
{"level":"info","message":"⌛ Building environment","timeElapsed":145,"timestamp":"2024-10-11T13:16:43.318Z"}
{"level":"info","message":"onRequest - completionItem/resolve","timestamp":"2024-10-11T13:16:43.319Z"}
{"level":"info","message":"⌛ Building environment","timeElapsed":148,"timestamp":"2024-10-11T13:16:43.468Z"}
{"level":"info","message":"onRequest - completionItem/resolve","timestamp":"2024-10-11T13:16:43.468Z"}
{"level":"info","message":"⌛ Validating objetos.wlk","timeElapsed":193,"timestamp":"2024-10-11T13:16:43.662Z"}
{"level":"info","message":"⌛ Building environment","timeElapsed":150,"timestamp":"2024-10-11T13:16:43.812Z"}
{"level":"info","message":"onRequest - completionItem/resolve","timestamp":"2024-10-11T13:16:43.820Z"}
{"level":"info","message":"⌛ Building environment","timeElapsed":141,"timestamp":"2024-10-11T13:16:43.961Z"}
{"level":"info","message":"onRequest - completionItem/resolve","timestamp":"2024-10-11T13:16:43.962Z"}
{"level":"info","message":"⌛ Validating objetos.wlk","timeElapsed":209,"timestamp":"2024-10-11T13:16:44.171Z"}
{"level":"info","message":"⌛ Validating objetos.wlk","timeElapsed":191,"timestamp":"2024-10-11T13:16:44.369Z"}
{"level":"info","message":"⌛ Validating objetos.wlk","timeElapsed":191,"timestamp":"2024-10-11T13:16:44.562Z"}
{"level":"info","message":"⌛ Validating objetos.wlk","timeElapsed":212,"timestamp":"2024-10-11T13:16:44.774Z"}
{"level":"info","message":"⌛ Validating objetos.wlk","timeElapsed":206,"timestamp":"2024-10-11T13:16:44.982Z"}
{"level":"info","message":"⌛ Validating objetos.wlk","timeElapsed":223,"timestamp":"2024-10-11T13:16:45.207Z"}
{"level":"info","message":"⌛ Building environment","timeElapsed":147,"timestamp":"2024-10-11T13:16:45.354Z"}
{"level":"error","message":"✘ Completions for node failed: Error: [Parameter]{37717b} at objetos.wlk:42 exhausted all cases without a match [Parameter]{37717b} at objetos.wlk:42 exhausted all cases without a match","stack":"Error: [Parameter]{37717b} at objetos.wlk:42 exhausted all cases without a match\n    at /home/felipe/.vscode/extensions/uqbar.wollok-lsp-ide-0.3.6/out/server/src/server.js:38:6067\n    at yh (/home/felipe/.vscode/extensions/uqbar.wollok-lsp-ide-0.3.6/out/server/src/server.js:2291:42)\n    at /home/felipe/.vscode/extensions/uqbar.wollok-lsp-ide-0.3.6/out/server/src/server.js:2291:2700\n    at /home/felipe/.vscode/extensions/uqbar.wollok-lsp-ide-0.3.6/out/server/src/server.js:2298:3774\n    at /home/felipe/.vscode/extensions/uqbar.wollok-lsp-ide-0.3.6/out/server/src/server.js:37:74872\n    at Fe (/home/felipe/.vscode/extensions/uqbar.wollok-lsp-ide-0.3.6/out/server/src/server.js:7:8527)\n    at Pt (/home/felipe/.vscode/extensions/uqbar.wollok-lsp-ide-0.3.6/out/server/src/server.js:7:6189)\n    at Gi (/home/felipe/.vscode/extensions/uqbar.wollok-lsp-ide-0.3.6/out/server/src/server.js:7:6378)\n    at Immediate._onImmediate (/home/felipe/.vscode/extensions/uqbar.wollok-lsp-ide-0.3.6/out/server/src/server.js:7:6142)\n    at process.processImmediate (node:internal/timers:483:21)","timestamp":"2024-10-11T13:16:45.483Z"}
{"level":"info","message":"⌛ Autocomplete - Parameter","timeElapsed":126,"timestamp":"2024-10-11T13:16:45.487Z"}
{"level":"info","message":"⌛ Building environment","timeElapsed":193,"timestamp":"2024-10-11T13:16:45.682Z"}
{"level":"info","message":"⌛ Building environment","timeElapsed":208,"timestamp":"2024-10-11T13:16:45.891Z"}
{"level":"info","message":"⌛ Building environment","timeElapsed":165,"timestamp":"2024-10-11T13:16:46.056Z"}
{"level":"info","message":"⌛ Validating objetos.wlk","timeElapsed":230,"timestamp":"2024-10-11T13:16:46.296Z"}
{"level":"info","message":"⌛ Building environment","timeElapsed":147,"timestamp":"2024-10-11T13:16:46.443Z"}
{"level":"info","message":"onRequest - completionItem/resolve","timestamp":"2024-10-11T13:16:46.443Z"}
{"level":"info","message":"⌛ Building environment","timeElapsed":162,"timestamp":"2024-10-11T13:16:46.606Z"}
{"level":"info","message":"onRequest - completionItem/resolve","timestamp":"2024-10-11T13:16:46.607Z"}
{"level":"info","message":"⌛ Validating objetos.wlk","timeElapsed":192,"timestamp":"2024-10-11T13:16:46.799Z"}
{"level":"info","message":"⌛ Building environment","timeElapsed":138,"timestamp":"2024-10-11T13:16:46.938Z"}
{"level":"info","message":"onRequest - completionItem/resolve","timestamp":"2024-10-11T13:16:46.938Z"}
{"level":"info","message":"⌛ Building environment","timeElapsed":146,"timestamp":"2024-10-11T13:16:47.084Z"}
{"level":"info","message":"onRequest - completionItem/resolve","timestamp":"2024-10-11T13:16:47.085Z"}
{"level":"info","message":"⌛ Validating objetos.wlk","timeElapsed":204,"timestamp":"2024-10-11T13:16:47.290Z"}
{"level":"info","message":"⌛ Building environment","timeElapsed":151,"timestamp":"2024-10-11T13:16:47.442Z"}
{"level":"info","message":"onRequest - completionItem/resolve","timestamp":"2024-10-11T13:16:47.442Z"}
{"level":"info","message":"⌛ Validating objetos.wlk","timeElapsed":185,"timestamp":"2024-10-11T13:16:47.627Z"}
{"level":"info","message":"⌛ Building environment","timeElapsed":146,"timestamp":"2024-10-11T13:16:47.773Z"}
{"level":"info","message":"onRequest - completionItem/resolve","timestamp":"2024-10-11T13:16:47.774Z"}
{"level":"info","message":"⌛ Validating objetos.wlk","timeElapsed":188,"timestamp":"2024-10-11T13:16:47.963Z"}
{"level":"info","message":"⌛ Validating objetos.wlk","timeElapsed":200,"timestamp":"2024-10-11T13:16:48.171Z"}
{"level":"info","message":"⌛ Validating objetos.wlk","timeElapsed":184,"timestamp":"2024-10-11T13:16:48.355Z"}
{"level":"info","message":"⌛ Validating objetos.wlk","timeElapsed":271,"timestamp":"2024-10-11T13:16:48.626Z"}
{"level":"info","message":"⌛ Validating objetos.wlk","timeElapsed":216,"timestamp":"2024-10-11T13:16:48.843Z"}
{"level":"info","message":"⌛ Validating objetos.wlk","timeElapsed":179,"timestamp":"2024-10-11T13:16:49.022Z"}
{"level":"info","message":"⌛ Building environment","timeElapsed":198,"timestamp":"2024-10-11T13:16:49.220Z"}
{"level":"info","message":"⌛ Validating objetos.wlk","timeElapsed":192,"timestamp":"2024-10-11T13:16:49.422Z"}
{"level":"info","message":"⌛ Building environment","timeElapsed":152,"timestamp":"2024-10-11T13:16:49.574Z"}
{"level":"info","message":"⌛ Building environment","timeElapsed":159,"timestamp":"2024-10-11T13:16:49.778Z"}
{"level":"info","message":"⌛ Validating objetos.wlk","timeElapsed":201,"timestamp":"2024-10-11T13:16:49.979Z"}
{"level":"info","message":"onRequest - completionItem/resolve","timestamp":"2024-10-11T13:16:49.979Z"}
{"level":"info","message":"⌛ Building environment","timeElapsed":161,"timestamp":"2024-10-11T13:16:50.141Z"}
{"level":"info","message":"onRequest - completionItem/resolve","timestamp":"2024-10-11T13:16:50.142Z"}
{"level":"info","message":"⌛ Validating objetos.wlk","timeElapsed":186,"timestamp":"2024-10-11T13:16:50.328Z"}
{"level":"info","message":"⌛ Building environment","timeElapsed":157,"timestamp":"2024-10-11T13:16:50.486Z"}
{"level":"info","message":"onRequest - completionItem/resolve","timestamp":"2024-10-11T13:16:50.491Z"}
{"level":"info","message":"⌛ Building environment","timeElapsed":137,"timestamp":"2024-10-11T13:16:50.629Z"}
{"level":"info","message":"onRequest - completionItem/resolve","timestamp":"2024-10-11T13:16:50.629Z"}
{"level":"info","message":"⌛ Validating objetos.wlk","timeElapsed":200,"timestamp":"2024-10-11T13:16:50.830Z"}
{"level":"info","message":"⌛ Building environment","timeElapsed":147,"timestamp":"2024-10-11T13:16:50.987Z"}
{"level":"info","message":"onRequest - completionItem/resolve","timestamp":"2024-10-11T13:16:50.988Z"}
{"level":"info","message":"⌛ Validating objetos.wlk","timeElapsed":198,"timestamp":"2024-10-11T13:16:51.186Z"}
{"level":"info","message":"⌛ Validating objetos.wlk","timeElapsed":188,"timestamp":"2024-10-11T13:16:51.375Z"}
{"level":"info","message":"⌛ Building environment","timeElapsed":161,"timestamp":"2024-10-11T13:16:51.537Z"}
{"level":"info","message":"onRequest - completionItem/resolve","timestamp":"2024-10-11T13:16:51.537Z"}
{"level":"info","message":"⌛ Building environment","timeElapsed":165,"timestamp":"2024-10-11T13:16:51.703Z"}
{"level":"info","message":"onRequest - completionItem/resolve","timestamp":"2024-10-11T13:16:51.704Z"}
{"level":"info","message":"⌛ Building environment","timeElapsed":136,"timestamp":"2024-10-11T13:16:51.840Z"}
{"level":"info","message":"onRequest - completionItem/resolve","timestamp":"2024-10-11T13:16:51.841Z"}
{"level":"info","message":"⌛ Validating objetos.wlk","timeElapsed":225,"timestamp":"2024-10-11T13:16:52.066Z"}
{"level":"info","message":"⌛ Building environment","timeElapsed":205,"timestamp":"2024-10-11T13:16:52.285Z"}
{"level":"info","message":"onRequest - completionItem/resolve","timestamp":"2024-10-11T13:16:52.286Z"}
{"level":"info","message":"⌛ Validating objetos.wlk","timeElapsed":184,"timestamp":"2024-10-11T13:16:52.470Z"}
{"level":"info","message":"⌛ Building environment","timeElapsed":144,"timestamp":"2024-10-11T13:16:52.614Z"}
{"level":"info","message":"onRequest - completionItem/resolve","timestamp":"2024-10-11T13:16:52.614Z"}
{"level":"info","message":"⌛ Building environment","timeElapsed":135,"timestamp":"2024-10-11T13:16:52.750Z"}
{"level":"info","message":"onRequest - completionItem/resolve","timestamp":"2024-10-11T13:16:52.750Z"}
{"level":"info","message":"⌛ Validating objetos.wlk","timeElapsed":181,"timestamp":"2024-10-11T13:16:52.932Z"}
{"level":"info","message":"⌛ Validating objetos.wlk","timeElapsed":268,"timestamp":"2024-10-11T13:16:53.203Z"}
{"level":"info","message":"⌛ Building environment","timeElapsed":185,"timestamp":"2024-10-11T13:16:53.388Z"}
{"level":"info","message":"⌛ Validating objetos.wlk","timeElapsed":301,"timestamp":"2024-10-11T13:16:53.696Z"}
{"level":"info","message":"⌛ Validating objetos.wlk","timeElapsed":194,"timestamp":"2024-10-11T13:16:53.891Z"}
{"level":"info","message":"⌛ Validating objetos.wlk","timeElapsed":191,"timestamp":"2024-10-11T13:16:54.082Z"}
{"level":"info","message":"⌛ Validating objetos.wlk","timeElapsed":233,"timestamp":"2024-10-11T13:16:54.316Z"}
{"level":"info","message":"⌛ Building environment","timeElapsed":149,"timestamp":"2024-10-11T13:16:54.466Z"}
{"level":"info","message":"⌛ Building environment","timeElapsed":139,"timestamp":"2024-10-11T13:16:54.617Z"}
{"level":"info","message":"⌛ Validating objetos.wlk","timeElapsed":196,"timestamp":"2024-10-11T13:16:54.814Z"}
{"level":"info","message":"⌛ Validating objetos.wlk","timeElapsed":193,"timestamp":"2024-10-11T13:16:55.015Z"}
{"level":"info","message":"⌛ Building environment","timeElapsed":138,"timestamp":"2024-10-11T13:16:55.156Z"}
{"level":"info","message":"⌛ Validating objetos.wlk","timeElapsed":181,"timestamp":"2024-10-11T13:16:55.343Z"}
{"level":"info","message":"⌛ Building environment","timeElapsed":162,"timestamp":"2024-10-11T13:16:56.868Z"}
{"level":"info","message":"⌛ Building environment","timeElapsed":196,"timestamp":"2024-10-11T13:16:57.066Z"}
{"level":"info","message":"⌛ Validating objetos.wlk","timeElapsed":186,"timestamp":"2024-10-11T13:16:57.252Z"}
{"level":"info","message":"⌛ Building environment","timeElapsed":143,"timestamp":"2024-10-11T13:16:57.395Z"}
{"level":"info","message":"⌛ Validating objetos.wlk","timeElapsed":201,"timestamp":"2024-10-11T13:16:57.596Z"}
{"level":"info","message":"⌛ Validating objetos.wlk","timeElapsed":176,"timestamp":"2024-10-11T13:16:57.782Z"}
{"level":"info","message":"⌛ Building environment","timeElapsed":158,"timestamp":"2024-10-11T13:16:59.004Z"}
{"level":"info","message":"⌛ Validating objetos.wlk","timeElapsed":183,"timestamp":"2024-10-11T13:16:59.188Z"}
{"level":"info","message":"⌛ Building environment","timeElapsed":142,"timestamp":"2024-10-11T13:16:59.451Z"}
{"level":"info","message":"⌛ Validating objetos.wlk","timeElapsed":186,"timestamp":"2024-10-11T13:16:59.638Z"}
{"level":"info","message":"⌛ Building environment","timeElapsed":140,"timestamp":"2024-10-11T13:17:00.739Z"}
{"level":"info","message":"⌛ Validating objetos.wlk","timeElapsed":179,"timestamp":"2024-10-11T13:17:00.920Z"}
{"level":"info","message":"⌛ Building environment","timeElapsed":159,"timestamp":"2024-10-11T13:17:01.645Z"}
{"level":"info","message":"⌛ Validating objetos.wlk","timeElapsed":205,"timestamp":"2024-10-11T13:17:01.851Z"}
{"level":"info","message":"⌛ Building environment","timeElapsed":172,"timestamp":"2024-10-11T13:17:02.123Z"}
{"level":"info","message":"⌛ Building environment","timeElapsed":142,"timestamp":"2024-10-11T13:17:02.266Z"}
{"level":"info","message":"⌛ Validating objetos.wlk","timeElapsed":187,"timestamp":"2024-10-11T13:17:02.453Z"}
{"level":"info","message":"⌛ Validating objetos.wlk","timeElapsed":307,"timestamp":"2024-10-11T13:17:02.760Z"}
{"level":"info","message":"⌛ Building environment","timeElapsed":152,"timestamp":"2024-10-11T13:17:02.920Z"}
{"level":"info","message":"⌛ Validating objetos.wlk","timeElapsed":184,"timestamp":"2024-10-11T13:17:03.111Z"}
{"level":"info","message":"⌛ Building environment","timeElapsed":145,"timestamp":"2024-10-11T13:17:03.295Z"}
{"level":"info","message":"⌛ Validating objetos.wlk","timeElapsed":190,"timestamp":"2024-10-11T13:17:03.487Z"}
{"level":"error","message":"✘ Failed to get type description: Error: Failed to print, found malformed node Failed to print, found malformed node","node":{"id":"32b657a3-7940-449e-8098-e6c9b0a50c98","metadata":[],"problems":[{"code":"malformedSentence","sourceMap":{"end":{"column":0,"line":44,"offset":946},"start":{"column":10,"line":43,"offset":944}}}],"scope":{"containerScope":{"containerScope":{"containerScope":{"containerScope":{"contributions":{},"includedScopes":[]},"contributions":{},"includedScopes":[{"contributions":{},"includedScopes":[]},{"contributions":{},"includedScopes":[]},{"contributions":{},"includedScopes":[]}]},"contributions":{},"includedScopes":[{"containerScope":{"containerScope":{"containerScope":{"contributions":{},"includedScopes":[]},"contributions":{},"includedScopes":[]},"contributions":{},"includedScopes":[]},"contributions":{},"includedScopes":[]}]},"contributions":{},"includedScopes":[]},"contributions":{},"includedScopes":[]},"sentences":[{"id":"9822880e-647f-44c3-8f74-8467269be598","metadata":[],"name":"fondos","scope":{"containerScope":{"containerScope":{"containerScope":{"containerScope":{"containerScope":{"contributions":{},"includedScopes":[]},"contributions":{},"includedScopes":[{"contributions":{},"includedScopes":[]},{"contributions":{},"includedScopes":[]},{"contributions":{},"includedScopes":[]}]},"contributions":{},"includedScopes":[{"containerScope":{"containerScope":{"containerScope":{"contributions":{},"includedScopes":[]},"contributions":{},"includedScopes":[]},"contributions":{},"includedScopes":[]},"contributions":{},"includedScopes":[]}]},"contributions":{},"includedScopes":[]},"contributions":{},"includedScopes":[]},"contributions":{},"includedScopes":[]},"sourceMap":{"end":{"column":9,"line":43,"offset":943},"start":{"column":3,"line":43,"offset":937}}}],"sourceMap":{"end":{"column":3,"line":44,"offset":949},"start":{"column":34,"line":42,"offset":933}}},"stack":"Error: Failed to print, found malformed node\n    at /home/felipe/.vscode/extensions/uqbar.wollok-lsp-ide-0.3.6/out/server/src/server.js:68:3533\n    at /home/felipe/.vscode/extensions/uqbar.wollok-lsp-ide-0.3.6/out/server/src/server.js:68:5372\n    at /home/felipe/.vscode/extensions/uqbar.wollok-lsp-ide-0.3.6/out/server/src/server.js:38:6056\n    at /home/felipe/.vscode/extensions/uqbar.wollok-lsp-ide-0.3.6/out/server/src/server.js:68:3612\n    at aln (/home/felipe/.vscode/extensions/uqbar.wollok-lsp-ide-0.3.6/out/server/src/server.js:68:3344)\n    at /home/felipe/.vscode/extensions/uqbar.wollok-lsp-ide-0.3.6/out/server/src/server.js:2285:847\n    at /home/felipe/.vscode/extensions/uqbar.wollok-lsp-ide-0.3.6/out/server/src/server.js:2298:3774\n    at /home/felipe/.vscode/extensions/uqbar.wollok-lsp-ide-0.3.6/out/server/src/server.js:37:74770\n    at Fe (/home/felipe/.vscode/extensions/uqbar.wollok-lsp-ide-0.3.6/out/server/src/server.js:7:8527)\n    at Pt (/home/felipe/.vscode/extensions/uqbar.wollok-lsp-ide-0.3.6/out/server/src/server.js:7:6189)","timestamp":"2024-10-11T13:17:04.205Z"}
{"level":"info","message":"⌛ Building environment","timeElapsed":293,"timestamp":"2024-10-11T13:17:06.973Z"}
{"level":"info","message":"⌛ Building environment","timeElapsed":163,"timestamp":"2024-10-11T13:17:07.137Z"}
{"level":"info","message":"⌛ Validating objetos.wlk","timeElapsed":233,"timestamp":"2024-10-11T13:17:07.371Z"}
{"level":"info","message":"⌛ Validating objetos.wlk","timeElapsed":180,"timestamp":"2024-10-11T13:17:07.560Z"}
{"level":"info","message":"⌛ Building environment","timeElapsed":151,"timestamp":"2024-10-11T13:17:08.368Z"}
{"level":"info","message":"⌛ Validating objetos.wlk","timeElapsed":189,"timestamp":"2024-10-11T13:17:08.558Z"}
{"level":"info","message":"⌛ Building environment","timeElapsed":141,"timestamp":"2024-10-11T13:17:08.711Z"}
{"level":"info","message":"⌛ Validating objetos.wlk","timeElapsed":189,"timestamp":"2024-10-11T13:17:08.906Z"}
{"level":"info","message":"⌛ Building environment","timeElapsed":150,"timestamp":"2024-10-11T13:17:09.085Z"}
{"level":"error","message":"✘ Completions for node failed: Error: [Assignment]{268c98} at objetos.wlk:43 exhausted all cases without a match [Assignment]{268c98} at objetos.wlk:43 exhausted all cases without a match","stack":"Error: [Assignment]{268c98} at objetos.wlk:43 exhausted all cases without a match\n    at /home/felipe/.vscode/extensions/uqbar.wollok-lsp-ide-0.3.6/out/server/src/server.js:38:6067\n    at yh (/home/felipe/.vscode/extensions/uqbar.wollok-lsp-ide-0.3.6/out/server/src/server.js:2291:42)\n    at kh (/home/felipe/.vscode/extensions/uqbar.wollok-lsp-ide-0.3.6/out/server/src/server.js:2291:1004)\n    at Y5n (/home/felipe/.vscode/extensions/uqbar.wollok-lsp-ide-0.3.6/out/server/src/server.js:2291:1160)\n    at /home/felipe/.vscode/extensions/uqbar.wollok-lsp-ide-0.3.6/out/server/src/server.js:38:6056\n    at yh (/home/felipe/.vscode/extensions/uqbar.wollok-lsp-ide-0.3.6/out/server/src/server.js:2291:42)\n    at /home/felipe/.vscode/extensions/uqbar.wollok-lsp-ide-0.3.6/out/server/src/server.js:2291:2700\n    at /home/felipe/.vscode/extensions/uqbar.wollok-lsp-ide-0.3.6/out/server/src/server.js:2298:3774\n    at /home/felipe/.vscode/extensions/uqbar.wollok-lsp-ide-0.3.6/out/server/src/server.js:37:74872\n    at Fe (/home/felipe/.vscode/extensions/uqbar.wollok-lsp-ide-0.3.6/out/server/src/server.js:7:8527)","timestamp":"2024-10-11T13:17:09.127Z"}
{"level":"info","message":"⌛ Building environment","timeElapsed":164,"timestamp":"2024-10-11T13:17:09.295Z"}
{"level":"info","message":"⌛ Validating objetos.wlk","timeElapsed":197,"timestamp":"2024-10-11T13:17:09.493Z"}
{"level":"info","message":"onRequest - completionItem/resolve","timestamp":"2024-10-11T13:17:09.494Z"}
{"level":"info","message":"⌛ Building environment","timeElapsed":148,"timestamp":"2024-10-11T13:17:09.642Z"}
{"level":"info","message":"onRequest - completionItem/resolve","timestamp":"2024-10-11T13:17:09.643Z"}
{"level":"info","message":"⌛ Validating objetos.wlk","timeElapsed":195,"timestamp":"2024-10-11T13:17:09.839Z"}
{"level":"info","message":"⌛ Building environment","timeElapsed":139,"timestamp":"2024-10-11T13:17:09.979Z"}
{"level":"info","message":"onRequest - completionItem/resolve","timestamp":"2024-10-11T13:17:09.986Z"}
{"level":"info","message":"⌛ Building environment","timeElapsed":142,"timestamp":"2024-10-11T13:17:10.129Z"}
{"level":"info","message":"onRequest - completionItem/resolve","timestamp":"2024-10-11T13:17:10.129Z"}
{"level":"info","message":"⌛ Validating objetos.wlk","timeElapsed":193,"timestamp":"2024-10-11T13:17:10.323Z"}
{"level":"info","message":"⌛ Building environment","timeElapsed":280,"timestamp":"2024-10-11T13:17:10.603Z"}
{"level":"info","message":"onRequest - completionItem/resolve","timestamp":"2024-10-11T13:17:10.604Z"}
{"level":"info","message":"⌛ Validating objetos.wlk","timeElapsed":236,"timestamp":"2024-10-11T13:17:10.852Z"}
{"level":"info","message":"⌛ Building environment","timeElapsed":157,"timestamp":"2024-10-11T13:17:11.011Z"}
{"level":"info","message":"onRequest - completionItem/resolve","timestamp":"2024-10-11T13:17:11.013Z"}
{"level":"info","message":"⌛ Validating objetos.wlk","timeElapsed":276,"timestamp":"2024-10-11T13:17:11.289Z"}
{"level":"info","message":"⌛ Building environment","timeElapsed":185,"timestamp":"2024-10-11T13:17:11.476Z"}
{"level":"info","message":"onRequest - completionItem/resolve","timestamp":"2024-10-11T13:17:11.476Z"}
{"level":"info","message":"⌛ Building environment","timeElapsed":149,"timestamp":"2024-10-11T13:17:11.627Z"}
{"level":"info","message":"onRequest - completionItem/resolve","timestamp":"2024-10-11T13:17:11.627Z"}
{"level":"info","message":"⌛ Validating objetos.wlk","timeElapsed":195,"timestamp":"2024-10-11T13:17:11.822Z"}
{"level":"info","message":"⌛ Building environment","timeElapsed":136,"timestamp":"2024-10-11T13:17:11.966Z"}
{"level":"info","message":"onRequest - completionItem/resolve","timestamp":"2024-10-11T13:17:11.967Z"}
{"level":"info","message":"⌛ Building environment","timeElapsed":292,"timestamp":"2024-10-11T13:17:12.266Z"}
{"level":"info","message":"onRequest - completionItem/resolve","timestamp":"2024-10-11T13:17:12.271Z"}
{"level":"info","message":"⌛ Building environment","timeElapsed":144,"timestamp":"2024-10-11T13:17:12.415Z"}
{"level":"info","message":"onRequest - completionItem/resolve","timestamp":"2024-10-11T13:17:12.416Z"}
{"level":"info","message":"⌛ Validating objetos.wlk","timeElapsed":185,"timestamp":"2024-10-11T13:17:12.603Z"}
{"level":"info","message":"⌛ Building environment","timeElapsed":136,"timestamp":"2024-10-11T13:17:12.748Z"}
{"level":"info","message":"⌛ Validating objetos.wlk","timeElapsed":187,"timestamp":"2024-10-11T13:17:12.935Z"}
{"level":"info","message":"⌛ Validating objetos.wlk","timeElapsed":178,"timestamp":"2024-10-11T13:17:13.125Z"}
{"level":"info","message":"⌛ Validating objetos.wlk","timeElapsed":177,"timestamp":"2024-10-11T13:17:13.302Z"}
{"level":"info","message":"⌛ Building environment","timeElapsed":139,"timestamp":"2024-10-11T13:17:13.441Z"}
{"level":"info","message":"⌛ Validating objetos.wlk","timeElapsed":185,"timestamp":"2024-10-11T13:17:13.637Z"}
{"level":"info","message":"⌛ Building environment","timeElapsed":142,"timestamp":"2024-10-11T13:17:13.779Z"}
{"level":"info","message":"⌛ Validating objetos.wlk","timeElapsed":182,"timestamp":"2024-10-11T13:17:13.967Z"}
{"level":"info","message":"⌛ Validating objetos.wlk","timeElapsed":188,"timestamp":"2024-10-11T13:17:14.157Z"}
{"level":"info","message":"⌛ Validating objetos.wlk","timeElapsed":182,"timestamp":"2024-10-11T13:17:14.340Z"}
{"level":"info","message":"⌛ Validating objetos.wlk","timeElapsed":212,"timestamp":"2024-10-11T13:17:14.552Z"}
{"level":"info","message":"⌛ Building environment","timeElapsed":154,"timestamp":"2024-10-11T13:17:14.709Z"}
{"level":"error","message":"✘ Completions for node failed: Error: [Send]{3e73bb} at objetos.wlk:43 exhausted all cases without a match [Send]{3e73bb} at objetos.wlk:43 exhausted all cases without a match","stack":"Error: [Send]{3e73bb} at objetos.wlk:43 exhausted all cases without a match\n    at /home/felipe/.vscode/extensions/uqbar.wollok-lsp-ide-0.3.6/out/server/src/server.js:38:6067\n    at yh (/home/felipe/.vscode/extensions/uqbar.wollok-lsp-ide-0.3.6/out/server/src/server.js:2291:42)\n    at kh (/home/felipe/.vscode/extensions/uqbar.wollok-lsp-ide-0.3.6/out/server/src/server.js:2291:1004)\n    at Y5n (/home/felipe/.vscode/extensions/uqbar.wollok-lsp-ide-0.3.6/out/server/src/server.js:2291:1160)\n    at /home/felipe/.vscode/extensions/uqbar.wollok-lsp-ide-0.3.6/out/server/src/server.js:38:6056\n    at yh (/home/felipe/.vscode/extensions/uqbar.wollok-lsp-ide-0.3.6/out/server/src/server.js:2291:42)\n    at /home/felipe/.vscode/extensions/uqbar.wollok-lsp-ide-0.3.6/out/server/src/server.js:2291:2700\n    at /home/felipe/.vscode/extensions/uqbar.wollok-lsp-ide-0.3.6/out/server/src/server.js:2298:3774\n    at /home/felipe/.vscode/extensions/uqbar.wollok-lsp-ide-0.3.6/out/server/src/server.js:37:74872\n    at Fe (/home/felipe/.vscode/extensions/uqbar.wollok-lsp-ide-0.3.6/out/server/src/server.js:7:8527)","timestamp":"2024-10-11T13:17:14.745Z"}
{"level":"error","message":"✘ Completions for node failed: Error: [Assignment]{03a731} at objetos.wlk:43 exhausted all cases without a match [Assignment]{03a731} at objetos.wlk:43 exhausted all cases without a match","stack":"Error: [Assignment]{03a731} at objetos.wlk:43 exhausted all cases without a match\n    at /home/felipe/.vscode/extensions/uqbar.wollok-lsp-ide-0.3.6/out/server/src/server.js:38:6067\n    at yh (/home/felipe/.vscode/extensions/uqbar.wollok-lsp-ide-0.3.6/out/server/src/server.js:2291:42)\n    at kh (/home/felipe/.vscode/extensions/uqbar.wollok-lsp-ide-0.3.6/out/server/src/server.js:2291:1004)\n    at yh (/home/felipe/.vscode/extensions/uqbar.wollok-lsp-ide-0.3.6/out/server/src/server.js:2291:456)\n    at kh (/home/felipe/.vscode/extensions/uqbar.wollok-lsp-ide-0.3.6/out/server/src/server.js:2291:1004)\n    at Y5n (/home/felipe/.vscode/extensions/uqbar.wollok-lsp-ide-0.3.6/out/server/src/server.js:2291:1160)\n    at /home/felipe/.vscode/extensions/uqbar.wollok-lsp-ide-0.3.6/out/server/src/server.js:38:6056\n    at yh (/home/felipe/.vscode/extensions/uqbar.wollok-lsp-ide-0.3.6/out/server/src/server.js:2291:42)\n    at /home/felipe/.vscode/extensions/uqbar.wollok-lsp-ide-0.3.6/out/server/src/server.js:2291:2700\n    at /home/felipe/.vscode/extensions/uqbar.wollok-lsp-ide-0.3.6/out/server/src/server.js:2298:3774","timestamp":"2024-10-11T13:17:14.746Z"}
{"level":"info","message":"⌛ Building environment","timeElapsed":168,"timestamp":"2024-10-11T13:17:14.918Z"}
{"level":"info","message":"⌛ Building environment","timeElapsed":163,"timestamp":"2024-10-11T13:17:15.082Z"}
{"level":"info","message":"⌛ Validating objetos.wlk","timeElapsed":182,"timestamp":"2024-10-11T13:17:15.264Z"}
{"level":"info","message":"onRequest - completionItem/resolve","timestamp":"2024-10-11T13:17:15.264Z"}
{"level":"info","message":"⌛ Validating objetos.wlk","timeElapsed":193,"timestamp":"2024-10-11T13:17:15.457Z"}
{"level":"info","message":"⌛ Validating objetos.wlk","timeElapsed":179,"timestamp":"2024-10-11T13:17:15.646Z"}
{"level":"info","message":"⌛ Building environment","timeElapsed":217,"timestamp":"2024-10-11T13:17:16.040Z"}
{"level":"info","message":"⌛ Building environment","timeElapsed":158,"timestamp":"2024-10-11T13:17:16.203Z"}
{"level":"info","message":"⌛ Validating objetos.wlk","timeElapsed":212,"timestamp":"2024-10-11T13:17:16.416Z"}
{"level":"info","message":"⌛ Building environment","timeElapsed":155,"timestamp":"2024-10-11T13:17:16.571Z"}
{"level":"info","message":"⌛ Validating objetos.wlk","timeElapsed":183,"timestamp":"2024-10-11T13:17:16.755Z"}
{"level":"info","message":"⌛ Building environment","timeElapsed":138,"timestamp":"2024-10-11T13:17:16.895Z"}
{"level":"info","message":"⌛ Building environment","timeElapsed":148,"timestamp":"2024-10-11T13:17:17.044Z"}
{"level":"info","message":"⌛ Building environment","timeElapsed":144,"timestamp":"2024-10-11T13:17:17.189Z"}
{"level":"info","message":"⌛ Validating objetos.wlk","timeElapsed":176,"timestamp":"2024-10-11T13:17:17.367Z"}
{"level":"info","message":"⌛ Validating objetos.wlk","timeElapsed":194,"timestamp":"2024-10-11T13:17:17.570Z"}
{"level":"info","message":"⌛ Building environment","timeElapsed":143,"timestamp":"2024-10-11T13:17:17.713Z"}
{"level":"info","message":"⌛ Validating objetos.wlk","timeElapsed":188,"timestamp":"2024-10-11T13:17:17.902Z"}
{"level":"info","message":"⌛ Validating objetos.wlk","timeElapsed":192,"timestamp":"2024-10-11T13:17:18.095Z"}
{"level":"info","message":"⌛ Building environment","timeElapsed":138,"timestamp":"2024-10-11T13:17:18.240Z"}
{"level":"info","message":"⌛ Building environment","timeElapsed":144,"timestamp":"2024-10-11T13:17:18.430Z"}
{"level":"info","message":"⌛ Validating objetos.wlk","timeElapsed":192,"timestamp":"2024-10-11T13:17:18.622Z"}
{"level":"info","message":"⌛ Building environment","timeElapsed":168,"timestamp":"2024-10-11T13:17:18.790Z"}
{"level":"info","message":"⌛ Building environment","timeElapsed":132,"timestamp":"2024-10-11T13:17:18.924Z"}
{"level":"info","message":"⌛ Validating objetos.wlk","timeElapsed":215,"timestamp":"2024-10-11T13:17:19.139Z"}
{"level":"info","message":"onRequest - completionItem/resolve","timestamp":"2024-10-11T13:17:19.150Z"}
{"level":"info","message":"⌛ Validating objetos.wlk","timeElapsed":249,"timestamp":"2024-10-11T13:17:19.399Z"}
{"level":"info","message":"⌛ Building environment","timeElapsed":141,"timestamp":"2024-10-11T13:17:19.542Z"}
{"level":"info","message":"⌛ Validating objetos.wlk","timeElapsed":213,"timestamp":"2024-10-11T13:17:19.796Z"}
{"level":"info","message":"⌛ Validating objetos.wlk","timeElapsed":187,"timestamp":"2024-10-11T13:17:19.985Z"}
{"level":"info","message":"⌛ Validating objetos.wlk","timeElapsed":189,"timestamp":"2024-10-11T13:17:20.175Z"}
{"level":"info","message":"onRequest - completionItem/resolve","timestamp":"2024-10-11T13:17:20.176Z"}
{"level":"info","message":"⌛ Building environment","timeElapsed":171,"timestamp":"2024-10-11T13:17:20.348Z"}
{"level":"error","message":"✘ Completions for node failed: Error: [Send]{8f3271} at objetos.wlk:43 exhausted all cases without a match [Send]{8f3271} at objetos.wlk:43 exhausted all cases without a match","stack":"Error: [Send]{8f3271} at objetos.wlk:43 exhausted all cases without a match\n    at /home/felipe/.vscode/extensions/uqbar.wollok-lsp-ide-0.3.6/out/server/src/server.js:38:6067\n    at yh (/home/felipe/.vscode/extensions/uqbar.wollok-lsp-ide-0.3.6/out/server/src/server.js:2291:42)\n    at kh (/home/felipe/.vscode/extensions/uqbar.wollok-lsp-ide-0.3.6/out/server/src/server.js:2291:1004)\n    at Y5n (/home/felipe/.vscode/extensions/uqbar.wollok-lsp-ide-0.3.6/out/server/src/server.js:2291:1160)\n    at /home/felipe/.vscode/extensions/uqbar.wollok-lsp-ide-0.3.6/out/server/src/server.js:38:6056\n    at yh (/home/felipe/.vscode/extensions/uqbar.wollok-lsp-ide-0.3.6/out/server/src/server.js:2291:42)\n    at /home/felipe/.vscode/extensions/uqbar.wollok-lsp-ide-0.3.6/out/server/src/server.js:2291:2700\n    at /home/felipe/.vscode/extensions/uqbar.wollok-lsp-ide-0.3.6/out/server/src/server.js:2298:3774\n    at /home/felipe/.vscode/extensions/uqbar.wollok-lsp-ide-0.3.6/out/server/src/server.js:37:74872\n    at Fe (/home/felipe/.vscode/extensions/uqbar.wollok-lsp-ide-0.3.6/out/server/src/server.js:7:8527)","timestamp":"2024-10-11T13:17:20.465Z"}
{"level":"error","message":"✘ Completions for node failed: Error: [Assignment]{8cd227} at objetos.wlk:43 exhausted all cases without a match [Assignment]{8cd227} at objetos.wlk:43 exhausted all cases without a match","stack":"Error: [Assignment]{8cd227} at objetos.wlk:43 exhausted all cases without a match\n    at /home/felipe/.vscode/extensions/uqbar.wollok-lsp-ide-0.3.6/out/server/src/server.js:38:6067\n    at yh (/home/felipe/.vscode/extensions/uqbar.wollok-lsp-ide-0.3.6/out/server/src/server.js:2291:42)\n    at kh (/home/felipe/.vscode/extensions/uqbar.wollok-lsp-ide-0.3.6/out/server/src/server.js:2291:1004)\n    at yh (/home/felipe/.vscode/extensions/uqbar.wollok-lsp-ide-0.3.6/out/server/src/server.js:2291:456)\n    at kh (/home/felipe/.vscode/extensions/uqbar.wollok-lsp-ide-0.3.6/out/server/src/server.js:2291:1004)\n    at Y5n (/home/felipe/.vscode/extensions/uqbar.wollok-lsp-ide-0.3.6/out/server/src/server.js:2291:1160)\n    at /home/felipe/.vscode/extensions/uqbar.wollok-lsp-ide-0.3.6/out/server/src/server.js:38:6056\n    at yh (/home/felipe/.vscode/extensions/uqbar.wollok-lsp-ide-0.3.6/out/server/src/server.js:2291:42)\n    at /home/felipe/.vscode/extensions/uqbar.wollok-lsp-ide-0.3.6/out/server/src/server.js:2291:2700\n    at /home/felipe/.vscode/extensions/uqbar.wollok-lsp-ide-0.3.6/out/server/src/server.js:2298:3774","timestamp":"2024-10-11T13:17:20.465Z"}
{"level":"info","message":"⌛ Autocomplete - Reference","timeElapsed":111,"timestamp":"2024-10-11T13:17:20.471Z"}
{"level":"info","message":"⌛ Building environment","timeElapsed":188,"timestamp":"2024-10-11T13:17:20.661Z"}
{"level":"info","message":"⌛ Validating objetos.wlk","timeElapsed":217,"timestamp":"2024-10-11T13:17:20.879Z"}
{"level":"info","message":"⌛ Validating objetos.wlk","timeElapsed":198,"timestamp":"2024-10-11T13:17:21.088Z"}
{"level":"info","message":"⌛ Building environment","timeElapsed":175,"timestamp":"2024-10-11T13:17:21.703Z"}
{"level":"error","message":"✘ Completions for node failed: Error: [Send]{0beb6a} at objetos.wlk:43 exhausted all cases without a match [Send]{0beb6a} at objetos.wlk:43 exhausted all cases without a match","stack":"Error: [Send]{0beb6a} at objetos.wlk:43 exhausted all cases without a match\n    at /home/felipe/.vscode/extensions/uqbar.wollok-lsp-ide-0.3.6/out/server/src/server.js:38:6067\n    at yh (/home/felipe/.vscode/extensions/uqbar.wollok-lsp-ide-0.3.6/out/server/src/server.js:2291:42)\n    at kh (/home/felipe/.vscode/extensions/uqbar.wollok-lsp-ide-0.3.6/out/server/src/server.js:2291:1004)\n    at Y5n (/home/felipe/.vscode/extensions/uqbar.wollok-lsp-ide-0.3.6/out/server/src/server.js:2291:1160)\n    at /home/felipe/.vscode/extensions/uqbar.wollok-lsp-ide-0.3.6/out/server/src/server.js:38:6056\n    at yh (/home/felipe/.vscode/extensions/uqbar.wollok-lsp-ide-0.3.6/out/server/src/server.js:2291:42)\n    at /home/felipe/.vscode/extensions/uqbar.wollok-lsp-ide-0.3.6/out/server/src/server.js:2291:2700\n    at /home/felipe/.vscode/extensions/uqbar.wollok-lsp-ide-0.3.6/out/server/src/server.js:2298:3774\n    at /home/felipe/.vscode/extensions/uqbar.wollok-lsp-ide-0.3.6/out/server/src/server.js:37:74872\n    at Fe (/home/felipe/.vscode/extensions/uqbar.wollok-lsp-ide-0.3.6/out/server/src/server.js:7:8527)","timestamp":"2024-10-11T13:17:21.744Z"}
{"level":"error","message":"✘ Completions for node failed: Error: [Send]{340609} at objetos.wlk:43 exhausted all cases without a match [Send]{340609} at objetos.wlk:43 exhausted all cases without a match","stack":"Error: [Send]{340609} at objetos.wlk:43 exhausted all cases without a match\n    at /home/felipe/.vscode/extensions/uqbar.wollok-lsp-ide-0.3.6/out/server/src/server.js:38:6067\n    at yh (/home/felipe/.vscode/extensions/uqbar.wollok-lsp-ide-0.3.6/out/server/src/server.js:2291:42)\n    at kh (/home/felipe/.vscode/extensions/uqbar.wollok-lsp-ide-0.3.6/out/server/src/server.js:2291:1004)\n    at yh (/home/felipe/.vscode/extensions/uqbar.wollok-lsp-ide-0.3.6/out/server/src/server.js:2291:456)\n    at kh (/home/felipe/.vscode/extensions/uqbar.wollok-lsp-ide-0.3.6/out/server/src/server.js:2291:1004)\n    at Y5n (/home/felipe/.vscode/extensions/uqbar.wollok-lsp-ide-0.3.6/out/server/src/server.js:2291:1160)\n    at /home/felipe/.vscode/extensions/uqbar.wollok-lsp-ide-0.3.6/out/server/src/server.js:38:6056\n    at yh (/home/felipe/.vscode/extensions/uqbar.wollok-lsp-ide-0.3.6/out/server/src/server.js:2291:42)\n    at /home/felipe/.vscode/extensions/uqbar.wollok-lsp-ide-0.3.6/out/server/src/server.js:2291:2700\n    at /home/felipe/.vscode/extensions/uqbar.wollok-lsp-ide-0.3.6/out/server/src/server.js:2298:3774","timestamp":"2024-10-11T13:17:21.744Z"}
{"level":"error","message":"✘ Completions for node failed: Error: [Assignment]{4bddd3} at objetos.wlk:43 exhausted all cases without a match [Assignment]{4bddd3} at objetos.wlk:43 exhausted all cases without a match","stack":"Error: [Assignment]{4bddd3} at objetos.wlk:43 exhausted all cases without a match\n    at /home/felipe/.vscode/extensions/uqbar.wollok-lsp-ide-0.3.6/out/server/src/server.js:38:6067\n    at yh (/home/felipe/.vscode/extensions/uqbar.wollok-lsp-ide-0.3.6/out/server/src/server.js:2291:42)\n    at kh (/home/felipe/.vscode/extensions/uqbar.wollok-lsp-ide-0.3.6/out/server/src/server.js:2291:1004)\n    at yh (/home/felipe/.vscode/extensions/uqbar.wollok-lsp-ide-0.3.6/out/server/src/server.js:2291:456)\n    at kh (/home/felipe/.vscode/extensions/uqbar.wollok-lsp-ide-0.3.6/out/server/src/server.js:2291:1004)\n    at yh (/home/felipe/.vscode/extensions/uqbar.wollok-lsp-ide-0.3.6/out/server/src/server.js:2291:456)\n    at kh (/home/felipe/.vscode/extensions/uqbar.wollok-lsp-ide-0.3.6/out/server/src/server.js:2291:1004)\n    at Y5n (/home/felipe/.vscode/extensions/uqbar.wollok-lsp-ide-0.3.6/out/server/src/server.js:2291:1160)\n    at /home/felipe/.vscode/extensions/uqbar.wollok-lsp-ide-0.3.6/out/server/src/server.js:38:6056\n    at yh (/home/felipe/.vscode/extensions/uqbar.wollok-lsp-ide-0.3.6/out/server/src/server.js:2291:42)","timestamp":"2024-10-11T13:17:21.744Z"}
{"level":"info","message":"⌛ Building environment","timeElapsed":174,"timestamp":"2024-10-11T13:17:21.922Z"}
{"level":"info","message":"⌛ Validating objetos.wlk","timeElapsed":193,"timestamp":"2024-10-11T13:17:22.115Z"}
{"level":"info","message":"onRequest - completionItem/resolve","timestamp":"2024-10-11T13:17:22.116Z"}
{"level":"info","message":"⌛ Building environment","timeElapsed":151,"timestamp":"2024-10-11T13:17:22.267Z"}
{"level":"info","message":"onRequest - completionItem/resolve","timestamp":"2024-10-11T13:17:22.268Z"}
{"level":"info","message":"⌛ Validating objetos.wlk","timeElapsed":196,"timestamp":"2024-10-11T13:17:22.464Z"}
{"level":"info","message":"⌛ Building environment","timeElapsed":142,"timestamp":"2024-10-11T13:17:22.608Z"}
{"level":"error","message":"✘ Completions for node failed: Error: [Send]{571dd0} at objetos.wlk:43 exhausted all cases without a match [Send]{571dd0} at objetos.wlk:43 exhausted all cases without a match","stack":"Error: [Send]{571dd0} at objetos.wlk:43 exhausted all cases without a match\n    at /home/felipe/.vscode/extensions/uqbar.wollok-lsp-ide-0.3.6/out/server/src/server.js:38:6067\n    at yh (/home/felipe/.vscode/extensions/uqbar.wollok-lsp-ide-0.3.6/out/server/src/server.js:2291:42)\n    at kh (/home/felipe/.vscode/extensions/uqbar.wollok-lsp-ide-0.3.6/out/server/src/server.js:2291:1004)\n    at Y5n (/home/felipe/.vscode/extensions/uqbar.wollok-lsp-ide-0.3.6/out/server/src/server.js:2291:1160)\n    at /home/felipe/.vscode/extensions/uqbar.wollok-lsp-ide-0.3.6/out/server/src/server.js:38:6056\n    at yh (/home/felipe/.vscode/extensions/uqbar.wollok-lsp-ide-0.3.6/out/server/src/server.js:2291:42)\n    at /home/felipe/.vscode/extensions/uqbar.wollok-lsp-ide-0.3.6/out/server/src/server.js:2291:2700\n    at /home/felipe/.vscode/extensions/uqbar.wollok-lsp-ide-0.3.6/out/server/src/server.js:2298:3774\n    at /home/felipe/.vscode/extensions/uqbar.wollok-lsp-ide-0.3.6/out/server/src/server.js:37:74872\n    at Fe (/home/felipe/.vscode/extensions/uqbar.wollok-lsp-ide-0.3.6/out/server/src/server.js:7:8527)","timestamp":"2024-10-11T13:17:22.644Z"}
{"level":"error","message":"✘ Completions for node failed: Error: [Send]{0b7d81} at objetos.wlk:43 exhausted all cases without a match [Send]{0b7d81} at objetos.wlk:43 exhausted all cases without a match","stack":"Error: [Send]{0b7d81} at objetos.wlk:43 exhausted all cases without a match\n    at /home/felipe/.vscode/extensions/uqbar.wollok-lsp-ide-0.3.6/out/server/src/server.js:38:6067\n    at yh (/home/felipe/.vscode/extensions/uqbar.wollok-lsp-ide-0.3.6/out/server/src/server.js:2291:42)\n    at kh (/home/felipe/.vscode/extensions/uqbar.wollok-lsp-ide-0.3.6/out/server/src/server.js:2291:1004)\n    at yh (/home/felipe/.vscode/extensions/uqbar.wollok-lsp-ide-0.3.6/out/server/src/server.js:2291:456)\n    at kh (/home/felipe/.vscode/extensions/uqbar.wollok-lsp-ide-0.3.6/out/server/src/server.js:2291:1004)\n    at Y5n (/home/felipe/.vscode/extensions/uqbar.wollok-lsp-ide-0.3.6/out/server/src/server.js:2291:1160)\n    at /home/felipe/.vscode/extensions/uqbar.wollok-lsp-ide-0.3.6/out/server/src/server.js:38:6056\n    at yh (/home/felipe/.vscode/extensions/uqbar.wollok-lsp-ide-0.3.6/out/server/src/server.js:2291:42)\n    at /home/felipe/.vscode/extensions/uqbar.wollok-lsp-ide-0.3.6/out/server/src/server.js:2291:2700\n    at /home/felipe/.vscode/extensions/uqbar.wollok-lsp-ide-0.3.6/out/server/src/server.js:2298:3774","timestamp":"2024-10-11T13:17:22.644Z"}
{"level":"error","message":"✘ Completions for node failed: Error: [Assignment]{ffcb23} at objetos.wlk:43 exhausted all cases without a match [Assignment]{ffcb23} at objetos.wlk:43 exhausted all cases without a match","stack":"Error: [Assignment]{ffcb23} at objetos.wlk:43 exhausted all cases without a match\n    at /home/felipe/.vscode/extensions/uqbar.wollok-lsp-ide-0.3.6/out/server/src/server.js:38:6067\n    at yh (/home/felipe/.vscode/extensions/uqbar.wollok-lsp-ide-0.3.6/out/server/src/server.js:2291:42)\n    at kh (/home/felipe/.vscode/extensions/uqbar.wollok-lsp-ide-0.3.6/out/server/src/server.js:2291:1004)\n    at yh (/home/felipe/.vscode/extensions/uqbar.wollok-lsp-ide-0.3.6/out/server/src/server.js:2291:456)\n    at kh (/home/felipe/.vscode/extensions/uqbar.wollok-lsp-ide-0.3.6/out/server/src/server.js:2291:1004)\n    at yh (/home/felipe/.vscode/extensions/uqbar.wollok-lsp-ide-0.3.6/out/server/src/server.js:2291:456)\n    at kh (/home/felipe/.vscode/extensions/uqbar.wollok-lsp-ide-0.3.6/out/server/src/server.js:2291:1004)\n    at Y5n (/home/felipe/.vscode/extensions/uqbar.wollok-lsp-ide-0.3.6/out/server/src/server.js:2291:1160)\n    at /home/felipe/.vscode/extensions/uqbar.wollok-lsp-ide-0.3.6/out/server/src/server.js:38:6056\n    at yh (/home/felipe/.vscode/extensions/uqbar.wollok-lsp-ide-0.3.6/out/server/src/server.js:2291:42)","timestamp":"2024-10-11T13:17:22.645Z"}
{"level":"info","message":"⌛ Validating objetos.wlk","timeElapsed":183,"timestamp":"2024-10-11T13:17:22.832Z"}
{"level":"info","message":"⌛ Building environment","timeElapsed":187,"timestamp":"2024-10-11T13:17:23.021Z"}
{"level":"info","message":"⌛ Validating objetos.wlk","timeElapsed":187,"timestamp":"2024-10-11T13:17:23.208Z"}
{"level":"info","message":"⌛ Building environment","timeElapsed":138,"timestamp":"2024-10-11T13:17:23.355Z"}
{"level":"info","message":"⌛ Validating objetos.wlk","timeElapsed":182,"timestamp":"2024-10-11T13:17:23.538Z"}
{"level":"info","message":"⌛ Validating objetos.wlk","timeElapsed":193,"timestamp":"2024-10-11T13:17:23.740Z"}
{"level":"info","message":"⌛ Building environment","timeElapsed":140,"timestamp":"2024-10-11T13:17:24.137Z"}
{"level":"info","message":"⌛ Validating objetos.wlk","timeElapsed":190,"timestamp":"2024-10-11T13:17:24.328Z"}
{"level":"info","message":"⌛ Building environment","timeElapsed":148,"timestamp":"2024-10-11T13:17:24.529Z"}
{"level":"info","message":"⌛ Validating objetos.wlk","timeElapsed":185,"timestamp":"2024-10-11T13:17:24.715Z"}
{"level":"info","message":"⌛ Building environment","timeElapsed":152,"timestamp":"2024-10-11T13:17:25.200Z"}
{"level":"info","message":"⌛ Validating objetos.wlk","timeElapsed":207,"timestamp":"2024-10-11T13:17:25.446Z"}
{"level":"info","message":"onRequest - completionItem/resolve","timestamp":"2024-10-11T13:17:25.447Z"}
{"level":"info","message":"⌛ Building environment","timeElapsed":154,"timestamp":"2024-10-11T13:17:25.601Z"}
{"level":"info","message":"⌛ Building environment","timeElapsed":146,"timestamp":"2024-10-11T13:17:25.787Z"}
{"level":"info","message":"⌛ Building environment","timeElapsed":243,"timestamp":"2024-10-11T13:17:26.032Z"}
{"level":"info","message":"⌛ Validating objetos.wlk","timeElapsed":177,"timestamp":"2024-10-11T13:17:26.210Z"}
{"level":"info","message":"⌛ Building environment","timeElapsed":207,"timestamp":"2024-10-11T13:17:26.417Z"}
{"level":"info","message":"⌛ Validating objetos.wlk","timeElapsed":197,"timestamp":"2024-10-11T13:17:26.652Z"}
{"level":"info","message":"⌛ Validating objetos.wlk","timeElapsed":190,"timestamp":"2024-10-11T13:17:26.842Z"}
{"level":"info","message":"⌛ Validating objetos.wlk","timeElapsed":199,"timestamp":"2024-10-11T13:17:27.042Z"}
{"level":"info","message":"⌛ Building environment","timeElapsed":147,"timestamp":"2024-10-11T13:17:27.191Z"}
{"level":"info","message":"⌛ Building environment","timeElapsed":310,"timestamp":"2024-10-11T13:17:27.541Z"}
{"level":"info","message":"⌛ Validating objetos.wlk","timeElapsed":223,"timestamp":"2024-10-11T13:17:27.766Z"}
{"level":"info","message":"⌛ Building environment","timeElapsed":146,"timestamp":"2024-10-11T13:17:27.912Z"}
{"level":"info","message":"⌛ Building environment","timeElapsed":135,"timestamp":"2024-10-11T13:17:28.088Z"}
{"level":"info","message":"⌛ Validating objetos.wlk","timeElapsed":180,"timestamp":"2024-10-11T13:17:28.268Z"}
{"level":"info","message":"⌛ Building environment","timeElapsed":136,"timestamp":"2024-10-11T13:17:28.405Z"}
{"level":"info","message":"⌛ Validating objetos.wlk","timeElapsed":181,"timestamp":"2024-10-11T13:17:28.593Z"}
{"level":"info","message":"⌛ Validating objetos.wlk","timeElapsed":195,"timestamp":"2024-10-11T13:17:28.789Z"}
{"level":"info","message":"⌛ Validating objetos.wlk","timeElapsed":178,"timestamp":"2024-10-11T13:17:28.969Z"}
{"level":"info","message":"⌛ Building environment","timeElapsed":194,"timestamp":"2024-10-11T13:17:35.482Z"}
{"level":"info","message":"⌛ Building environment","timeElapsed":139,"timestamp":"2024-10-11T13:17:35.622Z"}
{"level":"info","message":"⌛ Validating objetos.wlk","timeElapsed":202,"timestamp":"2024-10-11T13:17:35.833Z"}
{"level":"info","message":"⌛ Building environment","timeElapsed":305,"timestamp":"2024-10-11T13:17:36.140Z"}
{"level":"info","message":"⌛ Validating objetos.wlk","timeElapsed":230,"timestamp":"2024-10-11T13:17:36.370Z"}
{"level":"info","message":"⌛ Building environment","timeElapsed":189,"timestamp":"2024-10-11T13:17:36.561Z"}
{"level":"info","message":"⌛ Building environment","timeElapsed":156,"timestamp":"2024-10-11T13:17:36.717Z"}
{"level":"info","message":"⌛ Building environment","timeElapsed":138,"timestamp":"2024-10-11T13:17:36.855Z"}
{"level":"info","message":"⌛ Validating objetos.wlk","timeElapsed":186,"timestamp":"2024-10-11T13:17:37.042Z"}
{"level":"info","message":"⌛ Building environment","timeElapsed":183,"timestamp":"2024-10-11T13:17:37.226Z"}
{"level":"info","message":"⌛ Building environment","timeElapsed":160,"timestamp":"2024-10-11T13:17:37.393Z"}
{"level":"info","message":"⌛ Building environment","timeElapsed":152,"timestamp":"2024-10-11T13:17:37.547Z"}
{"level":"info","message":"⌛ Validating objetos.wlk","timeElapsed":204,"timestamp":"2024-10-11T13:17:37.752Z"}
{"level":"info","message":"⌛ Building environment","timeElapsed":152,"timestamp":"2024-10-11T13:17:37.904Z"}
{"level":"info","message":"⌛ Validating objetos.wlk","timeElapsed":196,"timestamp":"2024-10-11T13:17:38.101Z"}
{"level":"info","message":"⌛ Validating objetos.wlk","timeElapsed":192,"timestamp":"2024-10-11T13:17:38.295Z"}
{"level":"info","message":"⌛ Building environment","timeElapsed":150,"timestamp":"2024-10-11T13:17:38.453Z"}
{"level":"info","message":"⌛ Validating objetos.wlk","timeElapsed":213,"timestamp":"2024-10-11T13:17:38.667Z"}
{"level":"info","message":"⌛ Building environment","timeElapsed":142,"timestamp":"2024-10-11T13:17:38.848Z"}
{"level":"info","message":"⌛ Validating objetos.wlk","timeElapsed":181,"timestamp":"2024-10-11T13:17:39.031Z"}
{"level":"info","message":"⌛ Building environment","timeElapsed":145,"timestamp":"2024-10-11T13:17:39.178Z"}
{"level":"info","message":"⌛ Validating objetos.wlk","timeElapsed":197,"timestamp":"2024-10-11T13:17:39.375Z"}
{"level":"info","message":"⌛ Building environment","timeElapsed":150,"timestamp":"2024-10-11T13:17:39.525Z"}
{"level":"info","message":"⌛ Building environment","timeElapsed":215,"timestamp":"2024-10-11T13:17:39.740Z"}
{"level":"info","message":"⌛ Validating objetos.wlk","timeElapsed":186,"timestamp":"2024-10-11T13:17:39.970Z"}
{"level":"info","message":"⌛ Building environment","timeElapsed":146,"timestamp":"2024-10-11T13:17:40.118Z"}
{"level":"info","message":"⌛ Building environment","timeElapsed":145,"timestamp":"2024-10-11T13:17:40.263Z"}
{"level":"info","message":"⌛ Building environment","timeElapsed":137,"timestamp":"2024-10-11T13:17:40.406Z"}
{"level":"info","message":"⌛ Validating objetos.wlk","timeElapsed":183,"timestamp":"2024-10-11T13:17:40.589Z"}
{"level":"info","message":"⌛ Building environment","timeElapsed":140,"timestamp":"2024-10-11T13:17:40.729Z"}
{"level":"info","message":"⌛ Building environment","timeElapsed":144,"timestamp":"2024-10-11T13:17:40.873Z"}
{"level":"info","message":"⌛ Validating objetos.wlk","timeElapsed":195,"timestamp":"2024-10-11T13:17:41.070Z"}
{"level":"info","message":"⌛ Validating objetos.wlk","timeElapsed":198,"timestamp":"2024-10-11T13:17:41.275Z"}
{"level":"info","message":"⌛ Validating objetos.wlk","timeElapsed":196,"timestamp":"2024-10-11T13:17:41.472Z"}
{"level":"info","message":"⌛ Validating objetos.wlk","timeElapsed":189,"timestamp":"2024-10-11T13:17:41.663Z"}
{"level":"info","message":"onRequest - completionItem/resolve","timestamp":"2024-10-11T13:17:41.663Z"}
{"level":"info","message":"⌛ Validating objetos.wlk","timeElapsed":205,"timestamp":"2024-10-11T13:17:41.868Z"}
{"level":"info","message":"⌛ Building environment","timeElapsed":149,"timestamp":"2024-10-11T13:17:42.017Z"}
{"level":"info","message":"⌛ Validating objetos.wlk","timeElapsed":194,"timestamp":"2024-10-11T13:17:42.212Z"}
{"level":"info","message":"⌛ Validating objetos.wlk","timeElapsed":182,"timestamp":"2024-10-11T13:17:42.394Z"}
{"level":"info","message":"⌛ Validating objetos.wlk","timeElapsed":181,"timestamp":"2024-10-11T13:17:42.583Z"}
{"level":"info","message":"⌛ Validating objetos.wlk","timeElapsed":204,"timestamp":"2024-10-11T13:17:42.789Z"}
{"level":"info","message":"⌛ Validating objetos.wlk","timeElapsed":184,"timestamp":"2024-10-11T13:17:42.973Z"}
{"level":"info","message":"⌛ Building environment","timeElapsed":140,"timestamp":"2024-10-11T13:17:43.113Z"}
{"level":"info","message":"⌛ Validating objetos.wlk","timeElapsed":191,"timestamp":"2024-10-11T13:17:43.313Z"}
{"level":"info","message":"⌛ Building environment","timeElapsed":149,"timestamp":"2024-10-11T13:17:45.284Z"}
{"level":"info","message":"⌛ Validating objetos.wlk","timeElapsed":260,"timestamp":"2024-10-11T13:17:45.546Z"}
{"level":"info","message":"⌛ Building environment","timeElapsed":230,"timestamp":"2024-10-11T13:17:56.177Z"}
{"level":"info","message":"⌛ Building environment","timeElapsed":157,"timestamp":"2024-10-11T13:17:56.368Z"}
{"level":"info","message":"⌛ Validating objetos.wlk","timeElapsed":198,"timestamp":"2024-10-11T13:17:56.567Z"}
{"level":"info","message":"onRequest - completionItem/resolve","timestamp":"2024-10-11T13:17:56.569Z"}
{"level":"info","message":"⌛ Building environment","timeElapsed":177,"timestamp":"2024-10-11T13:17:56.746Z"}
{"level":"info","message":"onRequest - completionItem/resolve","timestamp":"2024-10-11T13:17:56.747Z"}
{"level":"info","message":"⌛ Validating objetos.wlk","timeElapsed":199,"timestamp":"2024-10-11T13:17:56.947Z"}
{"level":"info","message":"⌛ Validating objetos.wlk","timeElapsed":184,"timestamp":"2024-10-11T13:17:57.139Z"}
{"level":"info","message":"⌛ Building environment","timeElapsed":220,"timestamp":"2024-10-11T13:18:15.823Z"}
{"level":"error","message":"✘ Completions for node failed: Error: [Parameter]{36619f} at objetos.wlk:42 exhausted all cases without a match [Parameter]{36619f} at objetos.wlk:42 exhausted all cases without a match","stack":"Error: [Parameter]{36619f} at objetos.wlk:42 exhausted all cases without a match\n    at /home/felipe/.vscode/extensions/uqbar.wollok-lsp-ide-0.3.6/out/server/src/server.js:38:6067\n    at yh (/home/felipe/.vscode/extensions/uqbar.wollok-lsp-ide-0.3.6/out/server/src/server.js:2291:42)\n    at /home/felipe/.vscode/extensions/uqbar.wollok-lsp-ide-0.3.6/out/server/src/server.js:2291:2700\n    at /home/felipe/.vscode/extensions/uqbar.wollok-lsp-ide-0.3.6/out/server/src/server.js:2298:3774\n    at /home/felipe/.vscode/extensions/uqbar.wollok-lsp-ide-0.3.6/out/server/src/server.js:37:74872\n    at Fe (/home/felipe/.vscode/extensions/uqbar.wollok-lsp-ide-0.3.6/out/server/src/server.js:7:8527)\n    at Pt (/home/felipe/.vscode/extensions/uqbar.wollok-lsp-ide-0.3.6/out/server/src/server.js:7:6189)\n    at Gi (/home/felipe/.vscode/extensions/uqbar.wollok-lsp-ide-0.3.6/out/server/src/server.js:7:6378)\n    at Immediate._onImmediate (/home/felipe/.vscode/extensions/uqbar.wollok-lsp-ide-0.3.6/out/server/src/server.js:7:6142)\n    at process.processImmediate (node:internal/timers:483:21)","timestamp":"2024-10-11T13:18:15.857Z"}
{"level":"info","message":"⌛ Validating objetos.wlk","timeElapsed":188,"timestamp":"2024-10-11T13:18:16.053Z"}
{"level":"info","message":"onRequest - completionItem/resolve","timestamp":"2024-10-11T13:18:16.054Z"}
{"level":"info","message":"⌛ Building environment","timeElapsed":183,"timestamp":"2024-10-11T13:18:19.820Z"}
{"level":"info","message":"⌛ Validating objetos.wlk","timeElapsed":192,"timestamp":"2024-10-11T13:18:20.014Z"}
{"level":"info","message":"⌛ Building environment","timeElapsed":209,"timestamp":"2024-10-11T13:18:23.337Z"}
{"level":"error","message":"✘ Completions for node failed: Error: [Parameter]{1c4083} at objetos.wlk:37 exhausted all cases without a match [Parameter]{1c4083} at objetos.wlk:37 exhausted all cases without a match","stack":"Error: [Parameter]{1c4083} at objetos.wlk:37 exhausted all cases without a match\n    at /home/felipe/.vscode/extensions/uqbar.wollok-lsp-ide-0.3.6/out/server/src/server.js:38:6067\n    at yh (/home/felipe/.vscode/extensions/uqbar.wollok-lsp-ide-0.3.6/out/server/src/server.js:2291:42)\n    at /home/felipe/.vscode/extensions/uqbar.wollok-lsp-ide-0.3.6/out/server/src/server.js:2291:2700\n    at /home/felipe/.vscode/extensions/uqbar.wollok-lsp-ide-0.3.6/out/server/src/server.js:2298:3774\n    at /home/felipe/.vscode/extensions/uqbar.wollok-lsp-ide-0.3.6/out/server/src/server.js:37:74872\n    at Fe (/home/felipe/.vscode/extensions/uqbar.wollok-lsp-ide-0.3.6/out/server/src/server.js:7:8527)\n    at Pt (/home/felipe/.vscode/extensions/uqbar.wollok-lsp-ide-0.3.6/out/server/src/server.js:7:6189)\n    at Gi (/home/felipe/.vscode/extensions/uqbar.wollok-lsp-ide-0.3.6/out/server/src/server.js:7:6378)\n    at Immediate._onImmediate (/home/felipe/.vscode/extensions/uqbar.wollok-lsp-ide-0.3.6/out/server/src/server.js:7:6142)\n    at process.processImmediate (node:internal/timers:483:21)","timestamp":"2024-10-11T13:18:23.368Z"}
{"level":"info","message":"⌛ Building environment","timeElapsed":152,"timestamp":"2024-10-11T13:18:23.523Z"}
{"level":"info","message":"⌛ Validating objetos.wlk","timeElapsed":396,"timestamp":"2024-10-11T13:18:23.920Z"}
{"level":"info","message":"⌛ Building environment","timeElapsed":204,"timestamp":"2024-10-11T13:18:24.125Z"}
{"level":"error","message":"✘ Completions for node failed: Error: [Parameter]{de2ff2} at objetos.wlk:37 exhausted all cases without a match [Parameter]{de2ff2} at objetos.wlk:37 exhausted all cases without a match","stack":"Error: [Parameter]{de2ff2} at objetos.wlk:37 exhausted all cases without a match\n    at /home/felipe/.vscode/extensions/uqbar.wollok-lsp-ide-0.3.6/out/server/src/server.js:38:6067\n    at yh (/home/felipe/.vscode/extensions/uqbar.wollok-lsp-ide-0.3.6/out/server/src/server.js:2291:42)\n    at /home/felipe/.vscode/extensions/uqbar.wollok-lsp-ide-0.3.6/out/server/src/server.js:2291:2700\n    at /home/felipe/.vscode/extensions/uqbar.wollok-lsp-ide-0.3.6/out/server/src/server.js:2298:3774\n    at /home/felipe/.vscode/extensions/uqbar.wollok-lsp-ide-0.3.6/out/server/src/server.js:37:74872\n    at Fe (/home/felipe/.vscode/extensions/uqbar.wollok-lsp-ide-0.3.6/out/server/src/server.js:7:8527)\n    at Pt (/home/felipe/.vscode/extensions/uqbar.wollok-lsp-ide-0.3.6/out/server/src/server.js:7:6189)\n    at Gi (/home/felipe/.vscode/extensions/uqbar.wollok-lsp-ide-0.3.6/out/server/src/server.js:7:6378)\n    at Immediate._onImmediate (/home/felipe/.vscode/extensions/uqbar.wollok-lsp-ide-0.3.6/out/server/src/server.js:7:6142)\n    at process.processImmediate (node:internal/timers:483:21)","timestamp":"2024-10-11T13:18:24.160Z"}
{"level":"info","message":"⌛ Validating objetos.wlk","timeElapsed":201,"timestamp":"2024-10-11T13:18:24.365Z"}
{"level":"info","message":"⌛ Building environment","timeElapsed":156,"timestamp":"2024-10-11T13:18:24.521Z"}
{"level":"info","message":"⌛ Building environment","timeElapsed":182,"timestamp":"2024-10-11T13:18:24.703Z"}
{"level":"info","message":"⌛ Building environment","timeElapsed":161,"timestamp":"2024-10-11T13:18:24.866Z"}
{"level":"info","message":"⌛ Building environment","timeElapsed":161,"timestamp":"2024-10-11T13:18:25.028Z"}
{"level":"info","message":"⌛ Validating objetos.wlk","timeElapsed":225,"timestamp":"2024-10-11T13:18:25.254Z"}
{"level":"info","message":"⌛ Building environment","timeElapsed":150,"timestamp":"2024-10-11T13:18:25.406Z"}
{"level":"error","message":"✘ Completions for node failed: Error: [Parameter]{3bdb66} at objetos.wlk:37 exhausted all cases without a match [Parameter]{3bdb66} at objetos.wlk:37 exhausted all cases without a match","stack":"Error: [Parameter]{3bdb66} at objetos.wlk:37 exhausted all cases without a match\n    at /home/felipe/.vscode/extensions/uqbar.wollok-lsp-ide-0.3.6/out/server/src/server.js:38:6067\n    at yh (/home/felipe/.vscode/extensions/uqbar.wollok-lsp-ide-0.3.6/out/server/src/server.js:2291:42)\n    at /home/felipe/.vscode/extensions/uqbar.wollok-lsp-ide-0.3.6/out/server/src/server.js:2291:2700\n    at /home/felipe/.vscode/extensions/uqbar.wollok-lsp-ide-0.3.6/out/server/src/server.js:2298:3774\n    at /home/felipe/.vscode/extensions/uqbar.wollok-lsp-ide-0.3.6/out/server/src/server.js:37:74872\n    at Fe (/home/felipe/.vscode/extensions/uqbar.wollok-lsp-ide-0.3.6/out/server/src/server.js:7:8527)\n    at Pt (/home/felipe/.vscode/extensions/uqbar.wollok-lsp-ide-0.3.6/out/server/src/server.js:7:6189)\n    at Gi (/home/felipe/.vscode/extensions/uqbar.wollok-lsp-ide-0.3.6/out/server/src/server.js:7:6378)\n    at Immediate._onImmediate (/home/felipe/.vscode/extensions/uqbar.wollok-lsp-ide-0.3.6/out/server/src/server.js:7:6142)\n    at process.processImmediate (node:internal/timers:483:21)","timestamp":"2024-10-11T13:18:25.442Z"}
{"level":"info","message":"⌛ Validating objetos.wlk","timeElapsed":200,"timestamp":"2024-10-11T13:18:25.646Z"}
{"level":"info","message":"⌛ Validating objetos.wlk","timeElapsed":196,"timestamp":"2024-10-11T13:18:25.844Z"}
{"level":"info","message":"⌛ Validating objetos.wlk","timeElapsed":184,"timestamp":"2024-10-11T13:18:26.028Z"}
{"level":"info","message":"⌛ Validating objetos.wlk","timeElapsed":209,"timestamp":"2024-10-11T13:18:26.237Z"}
{"level":"info","message":"⌛ Validating objetos.wlk","timeElapsed":189,"timestamp":"2024-10-11T13:18:26.427Z"}
{"level":"info","message":"⌛ Building environment","timeElapsed":148,"timestamp":"2024-10-11T13:18:26.576Z"}
{"level":"error","message":"✘ Completions for node failed: Error: [Parameter]{4485ed} at objetos.wlk:42 exhausted all cases without a match [Parameter]{4485ed} at objetos.wlk:42 exhausted all cases without a match","stack":"Error: [Parameter]{4485ed} at objetos.wlk:42 exhausted all cases without a match\n    at /home/felipe/.vscode/extensions/uqbar.wollok-lsp-ide-0.3.6/out/server/src/server.js:38:6067\n    at yh (/home/felipe/.vscode/extensions/uqbar.wollok-lsp-ide-0.3.6/out/server/src/server.js:2291:42)\n    at /home/felipe/.vscode/extensions/uqbar.wollok-lsp-ide-0.3.6/out/server/src/server.js:2291:2700\n    at /home/felipe/.vscode/extensions/uqbar.wollok-lsp-ide-0.3.6/out/server/src/server.js:2298:3774\n    at /home/felipe/.vscode/extensions/uqbar.wollok-lsp-ide-0.3.6/out/server/src/server.js:37:74872\n    at Fe (/home/felipe/.vscode/extensions/uqbar.wollok-lsp-ide-0.3.6/out/server/src/server.js:7:8527)\n    at Pt (/home/felipe/.vscode/extensions/uqbar.wollok-lsp-ide-0.3.6/out/server/src/server.js:7:6189)\n    at Gi (/home/felipe/.vscode/extensions/uqbar.wollok-lsp-ide-0.3.6/out/server/src/server.js:7:6378)\n    at Immediate._onImmediate (/home/felipe/.vscode/extensions/uqbar.wollok-lsp-ide-0.3.6/out/server/src/server.js:7:6142)\n    at process.processImmediate (node:internal/timers:483:21)","timestamp":"2024-10-11T13:18:26.607Z"}
{"level":"info","message":"⌛ Building environment","timeElapsed":190,"timestamp":"2024-10-11T13:18:26.804Z"}
{"level":"info","message":"⌛ Validating objetos.wlk","timeElapsed":199,"timestamp":"2024-10-11T13:18:27.011Z"}
{"level":"info","message":"⌛ Building environment","timeElapsed":151,"timestamp":"2024-10-11T13:18:27.163Z"}
{"level":"error","message":"✘ Completions for node failed: Error: [Parameter]{0147b9} at objetos.wlk:42 exhausted all cases without a match [Parameter]{0147b9} at objetos.wlk:42 exhausted all cases without a match","stack":"Error: [Parameter]{0147b9} at objetos.wlk:42 exhausted all cases without a match\n    at /home/felipe/.vscode/extensions/uqbar.wollok-lsp-ide-0.3.6/out/server/src/server.js:38:6067\n    at yh (/home/felipe/.vscode/extensions/uqbar.wollok-lsp-ide-0.3.6/out/server/src/server.js:2291:42)\n    at /home/felipe/.vscode/extensions/uqbar.wollok-lsp-ide-0.3.6/out/server/src/server.js:2291:2700\n    at /home/felipe/.vscode/extensions/uqbar.wollok-lsp-ide-0.3.6/out/server/src/server.js:2298:3774\n    at /home/felipe/.vscode/extensions/uqbar.wollok-lsp-ide-0.3.6/out/server/src/server.js:37:74872\n    at Fe (/home/felipe/.vscode/extensions/uqbar.wollok-lsp-ide-0.3.6/out/server/src/server.js:7:8527)\n    at Pt (/home/felipe/.vscode/extensions/uqbar.wollok-lsp-ide-0.3.6/out/server/src/server.js:7:6189)\n    at Gi (/home/felipe/.vscode/extensions/uqbar.wollok-lsp-ide-0.3.6/out/server/src/server.js:7:6378)\n    at Immediate._onImmediate (/home/felipe/.vscode/extensions/uqbar.wollok-lsp-ide-0.3.6/out/server/src/server.js:7:6142)\n    at process.processImmediate (node:internal/timers:483:21)","timestamp":"2024-10-11T13:18:27.205Z"}
{"level":"info","message":"⌛ Validating objetos.wlk","timeElapsed":202,"timestamp":"2024-10-11T13:18:27.412Z"}
{"level":"info","message":"⌛ Building environment","timeElapsed":148,"timestamp":"2024-10-11T13:18:27.561Z"}
{"level":"info","message":"⌛ Building environment","timeElapsed":147,"timestamp":"2024-10-11T13:18:27.708Z"}
{"level":"info","message":"⌛ Building environment","timeElapsed":151,"timestamp":"2024-10-11T13:18:27.865Z"}
{"level":"info","message":"⌛ Validating objetos.wlk","timeElapsed":210,"timestamp":"2024-10-11T13:18:28.075Z"}
{"level":"info","message":"⌛ Building environment","timeElapsed":326,"timestamp":"2024-10-11T13:18:28.403Z"}
{"level":"error","message":"✘ Completions for node failed: Error: [Parameter]{7a81cf} at objetos.wlk:42 exhausted all cases without a match [Parameter]{7a81cf} at objetos.wlk:42 exhausted all cases without a match","stack":"Error: [Parameter]{7a81cf} at objetos.wlk:42 exhausted all cases without a match\n    at /home/felipe/.vscode/extensions/uqbar.wollok-lsp-ide-0.3.6/out/server/src/server.js:38:6067\n    at yh (/home/felipe/.vscode/extensions/uqbar.wollok-lsp-ide-0.3.6/out/server/src/server.js:2291:42)\n    at /home/felipe/.vscode/extensions/uqbar.wollok-lsp-ide-0.3.6/out/server/src/server.js:2291:2700\n    at /home/felipe/.vscode/extensions/uqbar.wollok-lsp-ide-0.3.6/out/server/src/server.js:2298:3774\n    at /home/felipe/.vscode/extensions/uqbar.wollok-lsp-ide-0.3.6/out/server/src/server.js:37:74872\n    at Fe (/home/felipe/.vscode/extensions/uqbar.wollok-lsp-ide-0.3.6/out/server/src/server.js:7:8527)\n    at Pt (/home/felipe/.vscode/extensions/uqbar.wollok-lsp-ide-0.3.6/out/server/src/server.js:7:6189)\n    at Gi (/home/felipe/.vscode/extensions/uqbar.wollok-lsp-ide-0.3.6/out/server/src/server.js:7:6378)\n    at Immediate._onImmediate (/home/felipe/.vscode/extensions/uqbar.wollok-lsp-ide-0.3.6/out/server/src/server.js:7:6142)\n    at process.processImmediate (node:internal/timers:483:21)","timestamp":"2024-10-11T13:18:28.444Z"}
{"level":"info","message":"⌛ Building environment","timeElapsed":150,"timestamp":"2024-10-11T13:18:28.602Z"}
{"level":"info","message":"⌛ Validating objetos.wlk","timeElapsed":216,"timestamp":"2024-10-11T13:18:28.818Z"}
{"level":"info","message":"⌛ Validating objetos.wlk","timeElapsed":183,"timestamp":"2024-10-11T13:18:29.008Z"}
{"level":"info","message":"⌛ Validating objetos.wlk","timeElapsed":192,"timestamp":"2024-10-11T13:18:29.201Z"}
{"level":"info","message":"⌛ Validating objetos.wlk","timeElapsed":179,"timestamp":"2024-10-11T13:18:29.381Z"}
{"level":"info","message":"⌛ Validating objetos.wlk","timeElapsed":178,"timestamp":"2024-10-11T13:18:29.559Z"}
{"level":"info","message":"⌛ Building environment","timeElapsed":203,"timestamp":"2024-10-11T13:18:56.882Z"}
{"level":"info","message":"⌛ Validating objetos.wlk","timeElapsed":292,"timestamp":"2024-10-11T13:18:57.178Z"}
{"level":"info","message":"⌛ Building environment","timeElapsed":194,"timestamp":"2024-10-11T13:18:57.382Z"}
{"level":"info","message":"⌛ Validating objetos.wlk","timeElapsed":192,"timestamp":"2024-10-11T13:18:57.576Z"}
{"level":"info","message":"⌛ Building environment","timeElapsed":174,"timestamp":"2024-10-11T13:18:57.873Z"}
{"level":"info","message":"⌛ Validating objetos.wlk","timeElapsed":212,"timestamp":"2024-10-11T13:18:58.134Z"}
{"level":"info","message":"onRequest - completionItem/resolve","timestamp":"2024-10-11T13:18:58.136Z"}
{"level":"info","message":"⌛ Building environment","timeElapsed":306,"timestamp":"2024-10-11T13:18:58.443Z"}
{"level":"info","message":"onRequest - completionItem/resolve","timestamp":"2024-10-11T13:18:58.454Z"}
{"level":"info","message":"⌛ Building environment","timeElapsed":191,"timestamp":"2024-10-11T13:18:58.656Z"}
{"level":"info","message":"onRequest - completionItem/resolve","timestamp":"2024-10-11T13:18:58.656Z"}
{"level":"info","message":"⌛ Building environment","timeElapsed":161,"timestamp":"2024-10-11T13:18:58.827Z"}
{"level":"info","message":"onRequest - completionItem/resolve","timestamp":"2024-10-11T13:18:58.828Z"}
{"level":"info","message":"⌛ Validating objetos.wlk","timeElapsed":236,"timestamp":"2024-10-11T13:18:59.065Z"}
{"level":"info","message":"⌛ Building environment","timeElapsed":272,"timestamp":"2024-10-11T13:18:59.338Z"}
{"level":"info","message":"onRequest - completionItem/resolve","timestamp":"2024-10-11T13:18:59.339Z"}
{"level":"info","message":"⌛ Validating objetos.wlk","timeElapsed":243,"timestamp":"2024-10-11T13:18:59.582Z"}
{"level":"error","message":"✘ Failed to rebuild document Failed to parse objetos.wlk: \n-- PARSING FAILED --------------------------------------------------\n\n  45 | \n  46 | \tmethod\n> 47 | }\n     | ^\n  48 | \n  49 | class Aspersor {\n\nExpected one of the following: \n\n'!=', '!==', '%', '&&', '*', '**', '+', '-', '->', '..', '..<', '/', '<', '<<', '<<<', '<=', '<=>', '<>', '==', '===', '>', '>..', '>=', '>>', '>>>', '?:', 'and', 'invert', 'negate', 'or', 'plus', '||', identifier, whitespace\n","stack":"Error: Failed to parse objetos.wlk: \n-- PARSING FAILED --------------------------------------------------\n\n  45 | \n  46 | \tmethod\n> 47 | }\n     | ^\n  48 | \n  49 | class Aspersor {\n\nExpected one of the following: \n\n'!=', '!==', '%', '&&', '*', '**', '+', '-', '->', '..', '..<', '/', '<', '<<', '<<<', '<=', '<=>', '<>', '==', '===', '>', '>..', '>=', '>>', '>>>', '?:', 'and', 'invert', 'negate', 'or', 'plus', '||', identifier, whitespace\n\n    at /home/felipe/.vscode/extensions/uqbar.wollok-lsp-ide-0.3.6/out/server/src/server.js:2254:32415\n    at Array.map (<anonymous>)\n    at Jfn (/home/felipe/.vscode/extensions/uqbar.wollok-lsp-ide-0.3.6/out/server/src/server.js:2254:32339)\n    at k2.buildEnvironmentFrom (/home/felipe/.vscode/extensions/uqbar.wollok-lsp-ide-0.3.6/out/server/src/server.js:2285:6721)\n    at k2.updateEnvironmentWith (/home/felipe/.vscode/extensions/uqbar.wollok-lsp-ide-0.3.6/out/server/src/server.js:2285:6456)\n    at jL (/home/felipe/.vscode/extensions/uqbar.wollok-lsp-ide-0.3.6/out/server/src/server.js:2298:2292)\n    at v3.invoke (/home/felipe/.vscode/extensions/uqbar.wollok-lsp-ide-0.3.6/out/server/src/server.js:3:157200)\n    at o.fire (/home/felipe/.vscode/extensions/uqbar.wollok-lsp-ide-0.3.6/out/server/src/server.js:3:157970)\n    at /home/felipe/.vscode/extensions/uqbar.wollok-lsp-ide-0.3.6/out/server/src/server.js:37:57871\n    at Vr (/home/felipe/.vscode/extensions/uqbar.wollok-lsp-ide-0.3.6/out/server/src/server.js:8:1561)","timestamp":"2024-10-11T13:18:59.605Z"}
{"level":"info","message":"onRequest - completionItem/resolve","timestamp":"2024-10-11T13:18:59.605Z"}
{"level":"info","message":"⌛ Validating objetos.wlk","timeElapsed":314,"timestamp":"2024-10-11T13:18:59.919Z"}
{"level":"info","message":"⌛ Validating objetos.wlk","timeElapsed":216,"timestamp":"2024-10-11T13:19:00.143Z"}
{"level":"error","message":"✘ Failed to rebuild document Failed to parse objetos.wlk: \n-- PARSING FAILED --------------------------------------------------\n\n  45 | \n  46 | \tmethod \n> 47 | }\n     | ^\n  48 | \n  49 | class Aspersor {\n\nExpected one of the following: \n\n'!=', '!==', '%', '&&', '*', '**', '+', '-', '->', '..', '..<', '/', '<', '<<', '<<<', '<=', '<=>', '<>', '==', '===', '>', '>..', '>=', '>>', '>>>', '?:', 'and', 'invert', 'negate', 'or', 'plus', '||', identifier, whitespace\n","stack":"Error: Failed to parse objetos.wlk: \n-- PARSING FAILED --------------------------------------------------\n\n  45 | \n  46 | \tmethod \n> 47 | }\n     | ^\n  48 | \n  49 | class Aspersor {\n\nExpected one of the following: \n\n'!=', '!==', '%', '&&', '*', '**', '+', '-', '->', '..', '..<', '/', '<', '<<', '<<<', '<=', '<=>', '<>', '==', '===', '>', '>..', '>=', '>>', '>>>', '?:', 'and', 'invert', 'negate', 'or', 'plus', '||', identifier, whitespace\n\n    at /home/felipe/.vscode/extensions/uqbar.wollok-lsp-ide-0.3.6/out/server/src/server.js:2254:32415\n    at Array.map (<anonymous>)\n    at Jfn (/home/felipe/.vscode/extensions/uqbar.wollok-lsp-ide-0.3.6/out/server/src/server.js:2254:32339)\n    at k2.buildEnvironmentFrom (/home/felipe/.vscode/extensions/uqbar.wollok-lsp-ide-0.3.6/out/server/src/server.js:2285:6721)\n    at k2.updateEnvironmentWith (/home/felipe/.vscode/extensions/uqbar.wollok-lsp-ide-0.3.6/out/server/src/server.js:2285:6456)\n    at jL (/home/felipe/.vscode/extensions/uqbar.wollok-lsp-ide-0.3.6/out/server/src/server.js:2298:2292)\n    at v3.invoke (/home/felipe/.vscode/extensions/uqbar.wollok-lsp-ide-0.3.6/out/server/src/server.js:3:157200)\n    at o.fire (/home/felipe/.vscode/extensions/uqbar.wollok-lsp-ide-0.3.6/out/server/src/server.js:3:157970)\n    at /home/felipe/.vscode/extensions/uqbar.wollok-lsp-ide-0.3.6/out/server/src/server.js:37:57871\n    at Vr (/home/felipe/.vscode/extensions/uqbar.wollok-lsp-ide-0.3.6/out/server/src/server.js:8:1561)","timestamp":"2024-10-11T13:19:00.168Z"}
{"level":"info","message":"onRequest - completionItem/resolve","timestamp":"2024-10-11T13:19:00.168Z"}
{"level":"info","message":"⌛ Building environment","timeElapsed":166,"timestamp":"2024-10-11T13:19:00.789Z"}
{"level":"info","message":"⌛ Validating objetos.wlk","timeElapsed":286,"timestamp":"2024-10-11T13:19:01.078Z"}
{"level":"info","message":"⌛ Building environment","timeElapsed":202,"timestamp":"2024-10-11T13:19:01.281Z"}
{"level":"info","message":"⌛ Building environment","timeElapsed":170,"timestamp":"2024-10-11T13:19:01.495Z"}
{"level":"info","message":"⌛ Building environment","timeElapsed":139,"timestamp":"2024-10-11T13:19:01.636Z"}
{"level":"info","message":"⌛ Building environment","timeElapsed":149,"timestamp":"2024-10-11T13:19:01.786Z"}
{"level":"info","message":"⌛ Validating objetos.wlk","timeElapsed":315,"timestamp":"2024-10-11T13:19:02.102Z"}
{"level":"info","message":"⌛ Validating objetos.wlk","timeElapsed":205,"timestamp":"2024-10-11T13:19:02.315Z"}
{"level":"info","message":"⌛ Validating objetos.wlk","timeElapsed":199,"timestamp":"2024-10-11T13:19:02.514Z"}
{"level":"info","message":"⌛ Validating objetos.wlk","timeElapsed":198,"timestamp":"2024-10-11T13:19:02.712Z"}
{"level":"info","message":"⌛ Building environment","timeElapsed":183,"timestamp":"2024-10-11T13:19:02.896Z"}
{"level":"info","message":"⌛ Building environment","timeElapsed":149,"timestamp":"2024-10-11T13:19:03.112Z"}
{"level":"info","message":"⌛ Building environment","timeElapsed":143,"timestamp":"2024-10-11T13:19:03.255Z"}
{"level":"info","message":"⌛ Building environment","timeElapsed":158,"timestamp":"2024-10-11T13:19:03.419Z"}
{"level":"info","message":"⌛ Building environment","timeElapsed":142,"timestamp":"2024-10-11T13:19:03.568Z"}
{"level":"info","message":"⌛ Building environment","timeElapsed":190,"timestamp":"2024-10-11T13:19:03.758Z"}
{"level":"info","message":"⌛ Validating objetos.wlk","timeElapsed":209,"timestamp":"2024-10-11T13:19:03.968Z"}
{"level":"info","message":"⌛ Validating objetos.wlk","timeElapsed":193,"timestamp":"2024-10-11T13:19:04.203Z"}
{"level":"info","message":"⌛ Validating objetos.wlk","timeElapsed":193,"timestamp":"2024-10-11T13:19:04.397Z"}
{"level":"info","message":"⌛ Building environment","timeElapsed":150,"timestamp":"2024-10-11T13:19:04.548Z"}
{"level":"info","message":"⌛ Validating objetos.wlk","timeElapsed":206,"timestamp":"2024-10-11T13:19:04.760Z"}
{"level":"info","message":"⌛ Validating objetos.wlk","timeElapsed":186,"timestamp":"2024-10-11T13:19:04.946Z"}
{"level":"info","message":"⌛ Validating objetos.wlk","timeElapsed":185,"timestamp":"2024-10-11T13:19:05.133Z"}
{"level":"info","message":"⌛ Building environment","timeElapsed":165,"timestamp":"2024-10-11T13:19:05.298Z"}
{"level":"info","message":"⌛ Building environment","timeElapsed":141,"timestamp":"2024-10-11T13:19:05.441Z"}
{"level":"info","message":"⌛ Building environment","timeElapsed":136,"timestamp":"2024-10-11T13:19:05.577Z"}
{"level":"info","message":"⌛ Building environment","timeElapsed":141,"timestamp":"2024-10-11T13:19:05.761Z"}
{"level":"info","message":"⌛ Building environment","timeElapsed":199,"timestamp":"2024-10-11T13:19:05.962Z"}
{"level":"info","message":"⌛ Validating objetos.wlk","timeElapsed":283,"timestamp":"2024-10-11T13:19:06.247Z"}
{"level":"info","message":"⌛ Building environment","timeElapsed":153,"timestamp":"2024-10-11T13:19:06.400Z"}
{"level":"info","message":"⌛ Building environment","timeElapsed":149,"timestamp":"2024-10-11T13:19:06.556Z"}
{"level":"info","message":"⌛ Validating objetos.wlk","timeElapsed":188,"timestamp":"2024-10-11T13:19:06.745Z"}
{"level":"info","message":"⌛ Validating objetos.wlk","timeElapsed":186,"timestamp":"2024-10-11T13:19:06.932Z"}
{"level":"info","message":"⌛ Validating objetos.wlk","timeElapsed":182,"timestamp":"2024-10-11T13:19:07.121Z"}
{"level":"info","message":"⌛ Validating objetos.wlk","timeElapsed":182,"timestamp":"2024-10-11T13:19:07.304Z"}
{"level":"info","message":"⌛ Validating objetos.wlk","timeElapsed":182,"timestamp":"2024-10-11T13:19:07.487Z"}
{"level":"info","message":"⌛ Building environment","timeElapsed":138,"timestamp":"2024-10-11T13:19:07.625Z"}
{"level":"info","message":"⌛ Building environment","timeElapsed":251,"timestamp":"2024-10-11T13:19:07.877Z"}
{"level":"info","message":"⌛ Building environment","timeElapsed":140,"timestamp":"2024-10-11T13:19:08.017Z"}
{"level":"info","message":"⌛ Validating objetos.wlk","timeElapsed":190,"timestamp":"2024-10-11T13:19:08.214Z"}
{"level":"info","message":"⌛ Validating objetos.wlk","timeElapsed":365,"timestamp":"2024-10-11T13:19:08.580Z"}
{"level":"info","message":"⌛ Validating objetos.wlk","timeElapsed":184,"timestamp":"2024-10-11T13:19:08.773Z"}
{"level":"info","message":"⌛ Validating objetos.wlk","timeElapsed":187,"timestamp":"2024-10-11T13:19:08.960Z"}
{"level":"info","message":"⌛ Validating objetos.wlk","timeElapsed":201,"timestamp":"2024-10-11T13:19:09.161Z"}
{"level":"info","message":"⌛ Building environment","timeElapsed":144,"timestamp":"2024-10-11T13:19:09.337Z"}
{"level":"error","message":"✘ Completions for node failed: Error: [Parameter]{e8d00c} at objetos.wlk:46 exhausted all cases without a match [Parameter]{e8d00c} at objetos.wlk:46 exhausted all cases without a match","stack":"Error: [Parameter]{e8d00c} at objetos.wlk:46 exhausted all cases without a match\n    at /home/felipe/.vscode/extensions/uqbar.wollok-lsp-ide-0.3.6/out/server/src/server.js:38:6067\n    at yh (/home/felipe/.vscode/extensions/uqbar.wollok-lsp-ide-0.3.6/out/server/src/server.js:2291:42)\n    at /home/felipe/.vscode/extensions/uqbar.wollok-lsp-ide-0.3.6/out/server/src/server.js:2291:2700\n    at /home/felipe/.vscode/extensions/uqbar.wollok-lsp-ide-0.3.6/out/server/src/server.js:2298:3774\n    at /home/felipe/.vscode/extensions/uqbar.wollok-lsp-ide-0.3.6/out/server/src/server.js:37:74872\n    at Fe (/home/felipe/.vscode/extensions/uqbar.wollok-lsp-ide-0.3.6/out/server/src/server.js:7:8527)\n    at Pt (/home/felipe/.vscode/extensions/uqbar.wollok-lsp-ide-0.3.6/out/server/src/server.js:7:6189)\n    at Gi (/home/felipe/.vscode/extensions/uqbar.wollok-lsp-ide-0.3.6/out/server/src/server.js:7:6378)\n    at Immediate._onImmediate (/home/felipe/.vscode/extensions/uqbar.wollok-lsp-ide-0.3.6/out/server/src/server.js:7:6142)\n    at process.processImmediate (node:internal/timers:483:21)","timestamp":"2024-10-11T13:19:09.370Z"}
{"level":"info","message":"⌛ Building environment","timeElapsed":151,"timestamp":"2024-10-11T13:19:09.530Z"}
{"level":"info","message":"⌛ Validating objetos.wlk","timeElapsed":210,"timestamp":"2024-10-11T13:19:09.742Z"}
{"level":"info","message":"⌛ Building environment","timeElapsed":143,"timestamp":"2024-10-11T13:19:09.885Z"}
{"level":"error","message":"✘ Completions for node failed: Error: [Parameter]{7734c7} at objetos.wlk:46 exhausted all cases without a match [Parameter]{7734c7} at objetos.wlk:46 exhausted all cases without a match","stack":"Error: [Parameter]{7734c7} at objetos.wlk:46 exhausted all cases without a match\n    at /home/felipe/.vscode/extensions/uqbar.wollok-lsp-ide-0.3.6/out/server/src/server.js:38:6067\n    at yh (/home/felipe/.vscode/extensions/uqbar.wollok-lsp-ide-0.3.6/out/server/src/server.js:2291:42)\n    at /home/felipe/.vscode/extensions/uqbar.wollok-lsp-ide-0.3.6/out/server/src/server.js:2291:2700\n    at /home/felipe/.vscode/extensions/uqbar.wollok-lsp-ide-0.3.6/out/server/src/server.js:2298:3774\n    at /home/felipe/.vscode/extensions/uqbar.wollok-lsp-ide-0.3.6/out/server/src/server.js:37:74872\n    at Fe (/home/felipe/.vscode/extensions/uqbar.wollok-lsp-ide-0.3.6/out/server/src/server.js:7:8527)\n    at Pt (/home/felipe/.vscode/extensions/uqbar.wollok-lsp-ide-0.3.6/out/server/src/server.js:7:6189)\n    at Gi (/home/felipe/.vscode/extensions/uqbar.wollok-lsp-ide-0.3.6/out/server/src/server.js:7:6378)\n    at Immediate._onImmediate (/home/felipe/.vscode/extensions/uqbar.wollok-lsp-ide-0.3.6/out/server/src/server.js:7:6142)\n    at process.processImmediate (node:internal/timers:483:21)","timestamp":"2024-10-11T13:19:09.921Z"}
{"level":"info","message":"⌛ Validating objetos.wlk","timeElapsed":204,"timestamp":"2024-10-11T13:19:10.128Z"}
{"level":"info","message":"⌛ Building environment","timeElapsed":146,"timestamp":"2024-10-11T13:19:10.274Z"}
{"level":"info","message":"⌛ Building environment","timeElapsed":143,"timestamp":"2024-10-11T13:19:10.417Z"}
{"level":"info","message":"⌛ Building environment","timeElapsed":141,"timestamp":"2024-10-11T13:19:10.559Z"}
{"level":"info","message":"⌛ Validating objetos.wlk","timeElapsed":187,"timestamp":"2024-10-11T13:19:10.755Z"}
{"level":"info","message":"⌛ Building environment","timeElapsed":151,"timestamp":"2024-10-11T13:19:10.907Z"}
{"level":"error","message":"✘ Completions for node failed: Error: [Parameter]{7356b6} at objetos.wlk:46 exhausted all cases without a match [Parameter]{7356b6} at objetos.wlk:46 exhausted all cases without a match","stack":"Error: [Parameter]{7356b6} at objetos.wlk:46 exhausted all cases without a match\n    at /home/felipe/.vscode/extensions/uqbar.wollok-lsp-ide-0.3.6/out/server/src/server.js:38:6067\n    at yh (/home/felipe/.vscode/extensions/uqbar.wollok-lsp-ide-0.3.6/out/server/src/server.js:2291:42)\n    at /home/felipe/.vscode/extensions/uqbar.wollok-lsp-ide-0.3.6/out/server/src/server.js:2291:2700\n    at /home/felipe/.vscode/extensions/uqbar.wollok-lsp-ide-0.3.6/out/server/src/server.js:2298:3774\n    at /home/felipe/.vscode/extensions/uqbar.wollok-lsp-ide-0.3.6/out/server/src/server.js:37:74872\n    at Fe (/home/felipe/.vscode/extensions/uqbar.wollok-lsp-ide-0.3.6/out/server/src/server.js:7:8527)\n    at Pt (/home/felipe/.vscode/extensions/uqbar.wollok-lsp-ide-0.3.6/out/server/src/server.js:7:6189)\n    at Gi (/home/felipe/.vscode/extensions/uqbar.wollok-lsp-ide-0.3.6/out/server/src/server.js:7:6378)\n    at Immediate._onImmediate (/home/felipe/.vscode/extensions/uqbar.wollok-lsp-ide-0.3.6/out/server/src/server.js:7:6142)\n    at process.processImmediate (node:internal/timers:483:21)","timestamp":"2024-10-11T13:19:10.940Z"}
{"level":"info","message":"⌛ Building environment","timeElapsed":145,"timestamp":"2024-10-11T13:19:11.093Z"}
{"level":"info","message":"⌛ Validating objetos.wlk","timeElapsed":267,"timestamp":"2024-10-11T13:19:11.360Z"}
{"level":"info","message":"⌛ Validating objetos.wlk","timeElapsed":194,"timestamp":"2024-10-11T13:19:11.555Z"}
{"level":"info","message":"⌛ Validating objetos.wlk","timeElapsed":281,"timestamp":"2024-10-11T13:19:11.845Z"}
{"level":"info","message":"⌛ Validating objetos.wlk","timeElapsed":213,"timestamp":"2024-10-11T13:19:12.059Z"}
{"level":"info","message":"⌛ Validating objetos.wlk","timeElapsed":262,"timestamp":"2024-10-11T13:19:12.327Z"}
{"level":"info","message":"⌛ Building environment","timeElapsed":239,"timestamp":"2024-10-11T13:19:17.698Z"}
{"level":"error","message":"✘ Completions for node failed: Error: [Send]{020429} at hector.wlk:86 exhausted all cases without a match [Send]{020429} at hector.wlk:86 exhausted all cases without a match","stack":"Error: [Send]{020429} at hector.wlk:86 exhausted all cases without a match\n    at /home/felipe/.vscode/extensions/uqbar.wollok-lsp-ide-0.3.6/out/server/src/server.js:38:6067\n    at yh (/home/felipe/.vscode/extensions/uqbar.wollok-lsp-ide-0.3.6/out/server/src/server.js:2291:42)\n    at kh (/home/felipe/.vscode/extensions/uqbar.wollok-lsp-ide-0.3.6/out/server/src/server.js:2291:1004)\n    at Y5n (/home/felipe/.vscode/extensions/uqbar.wollok-lsp-ide-0.3.6/out/server/src/server.js:2291:1160)\n    at /home/felipe/.vscode/extensions/uqbar.wollok-lsp-ide-0.3.6/out/server/src/server.js:38:6056\n    at yh (/home/felipe/.vscode/extensions/uqbar.wollok-lsp-ide-0.3.6/out/server/src/server.js:2291:42)\n    at /home/felipe/.vscode/extensions/uqbar.wollok-lsp-ide-0.3.6/out/server/src/server.js:2291:2700\n    at /home/felipe/.vscode/extensions/uqbar.wollok-lsp-ide-0.3.6/out/server/src/server.js:2298:3774\n    at /home/felipe/.vscode/extensions/uqbar.wollok-lsp-ide-0.3.6/out/server/src/server.js:37:74872\n    at Fe (/home/felipe/.vscode/extensions/uqbar.wollok-lsp-ide-0.3.6/out/server/src/server.js:7:8527)","timestamp":"2024-10-11T13:19:17.740Z"}
{"level":"error","message":"✘ Completions for node failed: Error: [Send]{f319b0} at hector.wlk:86 exhausted all cases without a match [Send]{f319b0} at hector.wlk:86 exhausted all cases without a match","stack":"Error: [Send]{f319b0} at hector.wlk:86 exhausted all cases without a match\n    at /home/felipe/.vscode/extensions/uqbar.wollok-lsp-ide-0.3.6/out/server/src/server.js:38:6067\n    at yh (/home/felipe/.vscode/extensions/uqbar.wollok-lsp-ide-0.3.6/out/server/src/server.js:2291:42)\n    at kh (/home/felipe/.vscode/extensions/uqbar.wollok-lsp-ide-0.3.6/out/server/src/server.js:2291:1004)\n    at yh (/home/felipe/.vscode/extensions/uqbar.wollok-lsp-ide-0.3.6/out/server/src/server.js:2291:456)\n    at kh (/home/felipe/.vscode/extensions/uqbar.wollok-lsp-ide-0.3.6/out/server/src/server.js:2291:1004)\n    at Y5n (/home/felipe/.vscode/extensions/uqbar.wollok-lsp-ide-0.3.6/out/server/src/server.js:2291:1160)\n    at /home/felipe/.vscode/extensions/uqbar.wollok-lsp-ide-0.3.6/out/server/src/server.js:38:6056\n    at yh (/home/felipe/.vscode/extensions/uqbar.wollok-lsp-ide-0.3.6/out/server/src/server.js:2291:42)\n    at /home/felipe/.vscode/extensions/uqbar.wollok-lsp-ide-0.3.6/out/server/src/server.js:2291:2700\n    at /home/felipe/.vscode/extensions/uqbar.wollok-lsp-ide-0.3.6/out/server/src/server.js:2298:3774","timestamp":"2024-10-11T13:19:17.740Z"}
{"level":"error","message":"✘ Completions for node failed: Error: [Return]{d7c38a} at hector.wlk:86 exhausted all cases without a match [Return]{d7c38a} at hector.wlk:86 exhausted all cases without a match","stack":"Error: [Return]{d7c38a} at hector.wlk:86 exhausted all cases without a match\n    at /home/felipe/.vscode/extensions/uqbar.wollok-lsp-ide-0.3.6/out/server/src/server.js:38:6067\n    at yh (/home/felipe/.vscode/extensions/uqbar.wollok-lsp-ide-0.3.6/out/server/src/server.js:2291:42)\n    at kh (/home/felipe/.vscode/extensions/uqbar.wollok-lsp-ide-0.3.6/out/server/src/server.js:2291:1004)\n    at yh (/home/felipe/.vscode/extensions/uqbar.wollok-lsp-ide-0.3.6/out/server/src/server.js:2291:456)\n    at kh (/home/felipe/.vscode/extensions/uqbar.wollok-lsp-ide-0.3.6/out/server/src/server.js:2291:1004)\n    at yh (/home/felipe/.vscode/extensions/uqbar.wollok-lsp-ide-0.3.6/out/server/src/server.js:2291:456)\n    at kh (/home/felipe/.vscode/extensions/uqbar.wollok-lsp-ide-0.3.6/out/server/src/server.js:2291:1004)\n    at Y5n (/home/felipe/.vscode/extensions/uqbar.wollok-lsp-ide-0.3.6/out/server/src/server.js:2291:1160)\n    at /home/felipe/.vscode/extensions/uqbar.wollok-lsp-ide-0.3.6/out/server/src/server.js:38:6056\n    at yh (/home/felipe/.vscode/extensions/uqbar.wollok-lsp-ide-0.3.6/out/server/src/server.js:2291:42)","timestamp":"2024-10-11T13:19:17.741Z"}
{"level":"info","message":"⌛ Building environment","timeElapsed":190,"timestamp":"2024-10-11T13:19:17.937Z"}
{"level":"info","message":"⌛ Validating hector.wlk","timeElapsed":213,"timestamp":"2024-10-11T13:19:18.150Z"}
{"level":"info","message":"onRequest - completionItem/resolve","timestamp":"2024-10-11T13:19:18.151Z"}
{"level":"info","message":"⌛ Building environment","timeElapsed":171,"timestamp":"2024-10-11T13:19:18.323Z"}
{"level":"info","message":"onRequest - completionItem/resolve","timestamp":"2024-10-11T13:19:18.329Z"}
{"level":"info","message":"⌛ Validating hector.wlk","timeElapsed":228,"timestamp":"2024-10-11T13:19:18.557Z"}
{"level":"info","message":"⌛ Building environment","timeElapsed":160,"timestamp":"2024-10-11T13:19:18.718Z"}
{"level":"info","message":"onRequest - completionItem/resolve","timestamp":"2024-10-11T13:19:18.724Z"}
{"level":"info","message":"⌛ Building environment","timeElapsed":160,"timestamp":"2024-10-11T13:19:18.884Z"}
{"level":"info","message":"onRequest - completionItem/resolve","timestamp":"2024-10-11T13:19:18.885Z"}
{"level":"info","message":"⌛ Validating hector.wlk","timeElapsed":211,"timestamp":"2024-10-11T13:19:19.097Z"}
{"level":"info","message":"⌛ Building environment","timeElapsed":208,"timestamp":"2024-10-11T13:19:19.307Z"}
{"level":"info","message":"onRequest - completionItem/resolve","timestamp":"2024-10-11T13:19:19.308Z"}
{"level":"info","message":"⌛ Building environment","timeElapsed":164,"timestamp":"2024-10-11T13:19:19.473Z"}
{"level":"info","message":"onRequest - completionItem/resolve","timestamp":"2024-10-11T13:19:19.479Z"}
{"level":"info","message":"⌛ Building environment","timeElapsed":160,"timestamp":"2024-10-11T13:19:19.640Z"}
{"level":"info","message":"onRequest - completionItem/resolve","timestamp":"2024-10-11T13:19:19.640Z"}
{"level":"info","message":"⌛ Validating hector.wlk","timeElapsed":192,"timestamp":"2024-10-11T13:19:19.833Z"}
{"level":"info","message":"⌛ Validating hector.wlk","timeElapsed":190,"timestamp":"2024-10-11T13:19:20.025Z"}
{"level":"info","message":"⌛ Validating hector.wlk","timeElapsed":189,"timestamp":"2024-10-11T13:19:20.221Z"}
{"level":"info","message":"⌛ Validating hector.wlk","timeElapsed":187,"timestamp":"2024-10-11T13:19:20.408Z"}
{"level":"info","message":"⌛ Validating hector.wlk","timeElapsed":187,"timestamp":"2024-10-11T13:19:20.595Z"}
{"level":"info","message":"⌛ Building environment","timeElapsed":171,"timestamp":"2024-10-11T13:19:25.996Z"}
{"level":"error","message":"✘ Completions for node failed: Error: [Send]{212edb} at hector.wlk:86 exhausted all cases without a match [Send]{212edb} at hector.wlk:86 exhausted all cases without a match","stack":"Error: [Send]{212edb} at hector.wlk:86 exhausted all cases without a match\n    at /home/felipe/.vscode/extensions/uqbar.wollok-lsp-ide-0.3.6/out/server/src/server.js:38:6067\n    at yh (/home/felipe/.vscode/extensions/uqbar.wollok-lsp-ide-0.3.6/out/server/src/server.js:2291:42)\n    at kh (/home/felipe/.vscode/extensions/uqbar.wollok-lsp-ide-0.3.6/out/server/src/server.js:2291:1004)\n    at Y5n (/home/felipe/.vscode/extensions/uqbar.wollok-lsp-ide-0.3.6/out/server/src/server.js:2291:1160)\n    at /home/felipe/.vscode/extensions/uqbar.wollok-lsp-ide-0.3.6/out/server/src/server.js:38:6056\n    at yh (/home/felipe/.vscode/extensions/uqbar.wollok-lsp-ide-0.3.6/out/server/src/server.js:2291:42)\n    at /home/felipe/.vscode/extensions/uqbar.wollok-lsp-ide-0.3.6/out/server/src/server.js:2291:2700\n    at /home/felipe/.vscode/extensions/uqbar.wollok-lsp-ide-0.3.6/out/server/src/server.js:2298:3774\n    at /home/felipe/.vscode/extensions/uqbar.wollok-lsp-ide-0.3.6/out/server/src/server.js:37:74872\n    at Fe (/home/felipe/.vscode/extensions/uqbar.wollok-lsp-ide-0.3.6/out/server/src/server.js:7:8527)","timestamp":"2024-10-11T13:19:26.046Z"}
{"level":"error","message":"✘ Completions for node failed: Error: [Send]{1bdc82} at hector.wlk:86 exhausted all cases without a match [Send]{1bdc82} at hector.wlk:86 exhausted all cases without a match","stack":"Error: [Send]{1bdc82} at hector.wlk:86 exhausted all cases without a match\n    at /home/felipe/.vscode/extensions/uqbar.wollok-lsp-ide-0.3.6/out/server/src/server.js:38:6067\n    at yh (/home/felipe/.vscode/extensions/uqbar.wollok-lsp-ide-0.3.6/out/server/src/server.js:2291:42)\n    at kh (/home/felipe/.vscode/extensions/uqbar.wollok-lsp-ide-0.3.6/out/server/src/server.js:2291:1004)\n    at yh (/home/felipe/.vscode/extensions/uqbar.wollok-lsp-ide-0.3.6/out/server/src/server.js:2291:456)\n    at kh (/home/felipe/.vscode/extensions/uqbar.wollok-lsp-ide-0.3.6/out/server/src/server.js:2291:1004)\n    at Y5n (/home/felipe/.vscode/extensions/uqbar.wollok-lsp-ide-0.3.6/out/server/src/server.js:2291:1160)\n    at /home/felipe/.vscode/extensions/uqbar.wollok-lsp-ide-0.3.6/out/server/src/server.js:38:6056\n    at yh (/home/felipe/.vscode/extensions/uqbar.wollok-lsp-ide-0.3.6/out/server/src/server.js:2291:42)\n    at /home/felipe/.vscode/extensions/uqbar.wollok-lsp-ide-0.3.6/out/server/src/server.js:2291:2700\n    at /home/felipe/.vscode/extensions/uqbar.wollok-lsp-ide-0.3.6/out/server/src/server.js:2298:3774","timestamp":"2024-10-11T13:19:26.047Z"}
{"level":"error","message":"✘ Completions for node failed: Error: [Return]{cc2753} at hector.wlk:86 exhausted all cases without a match [Return]{cc2753} at hector.wlk:86 exhausted all cases without a match","stack":"Error: [Return]{cc2753} at hector.wlk:86 exhausted all cases without a match\n    at /home/felipe/.vscode/extensions/uqbar.wollok-lsp-ide-0.3.6/out/server/src/server.js:38:6067\n    at yh (/home/felipe/.vscode/extensions/uqbar.wollok-lsp-ide-0.3.6/out/server/src/server.js:2291:42)\n    at kh (/home/felipe/.vscode/extensions/uqbar.wollok-lsp-ide-0.3.6/out/server/src/server.js:2291:1004)\n    at yh (/home/felipe/.vscode/extensions/uqbar.wollok-lsp-ide-0.3.6/out/server/src/server.js:2291:456)\n    at kh (/home/felipe/.vscode/extensions/uqbar.wollok-lsp-ide-0.3.6/out/server/src/server.js:2291:1004)\n    at yh (/home/felipe/.vscode/extensions/uqbar.wollok-lsp-ide-0.3.6/out/server/src/server.js:2291:456)\n    at kh (/home/felipe/.vscode/extensions/uqbar.wollok-lsp-ide-0.3.6/out/server/src/server.js:2291:1004)\n    at Y5n (/home/felipe/.vscode/extensions/uqbar.wollok-lsp-ide-0.3.6/out/server/src/server.js:2291:1160)\n    at /home/felipe/.vscode/extensions/uqbar.wollok-lsp-ide-0.3.6/out/server/src/server.js:38:6056\n    at yh (/home/felipe/.vscode/extensions/uqbar.wollok-lsp-ide-0.3.6/out/server/src/server.js:2291:42)","timestamp":"2024-10-11T13:19:26.047Z"}
{"level":"info","message":"⌛ Validating hector.wlk","timeElapsed":218,"timestamp":"2024-10-11T13:19:26.270Z"}
{"level":"info","message":"⌛ Building environment","timeElapsed":142,"timestamp":"2024-10-11T13:19:26.415Z"}
{"level":"info","message":"onRequest - completionItem/resolve","timestamp":"2024-10-11T13:19:26.415Z"}
{"level":"info","message":"⌛ Building environment","timeElapsed":143,"timestamp":"2024-10-11T13:19:26.558Z"}
{"level":"info","message":"onRequest - completionItem/resolve","timestamp":"2024-10-11T13:19:26.568Z"}
{"level":"info","message":"⌛ Building environment","timeElapsed":146,"timestamp":"2024-10-11T13:19:26.716Z"}
{"level":"info","message":"onRequest - completionItem/resolve","timestamp":"2024-10-11T13:19:26.716Z"}
{"level":"info","message":"⌛ Validating hector.wlk","timeElapsed":203,"timestamp":"2024-10-11T13:19:26.919Z"}
{"level":"info","message":"⌛ Validating hector.wlk","timeElapsed":195,"timestamp":"2024-10-11T13:19:27.127Z"}
{"level":"info","message":"⌛ Building environment","timeElapsed":220,"timestamp":"2024-10-11T13:19:27.347Z"}
{"level":"info","message":"⌛ Validating hector.wlk","timeElapsed":193,"timestamp":"2024-10-11T13:19:27.593Z"}
{"level":"info","message":"⌛ Building environment","timeElapsed":165,"timestamp":"2024-10-11T13:19:27.759Z"}
{"level":"info","message":"⌛ Building environment","timeElapsed":154,"timestamp":"2024-10-11T13:19:27.913Z"}
{"level":"info","message":"⌛ Building environment","timeElapsed":156,"timestamp":"2024-10-11T13:19:28.070Z"}
{"level":"info","message":"⌛ Building environment","timeElapsed":154,"timestamp":"2024-10-11T13:19:28.225Z"}
{"level":"info","message":"⌛ Building environment","timeElapsed":152,"timestamp":"2024-10-11T13:19:28.377Z"}
{"level":"info","message":"⌛ Validating hector.wlk","timeElapsed":208,"timestamp":"2024-10-11T13:19:28.586Z"}
{"level":"info","message":"onRequest - completionItem/resolve","timestamp":"2024-10-11T13:19:28.586Z"}
{"level":"info","message":"⌛ Validating hector.wlk","timeElapsed":276,"timestamp":"2024-10-11T13:19:28.869Z"}
{"level":"info","message":"⌛ Validating hector.wlk","timeElapsed":218,"timestamp":"2024-10-11T13:19:29.087Z"}
{"level":"info","message":"⌛ Building environment","timeElapsed":174,"timestamp":"2024-10-11T13:19:29.261Z"}
{"level":"info","message":"onRequest - completionItem/resolve","timestamp":"2024-10-11T13:19:29.262Z"}
{"level":"info","message":"⌛ Validating hector.wlk","timeElapsed":210,"timestamp":"2024-10-11T13:19:29.472Z"}
{"level":"info","message":"⌛ Validating hector.wlk","timeElapsed":204,"timestamp":"2024-10-11T13:19:29.677Z"}
{"level":"info","message":"⌛ Validating hector.wlk","timeElapsed":198,"timestamp":"2024-10-11T13:19:29.876Z"}
{"level":"info","message":"⌛ Building environment","timeElapsed":165,"timestamp":"2024-10-11T13:19:30.048Z"}
{"level":"info","message":"onRequest - completionItem/resolve","timestamp":"2024-10-11T13:19:30.059Z"}
{"level":"info","message":"⌛ Building environment","timeElapsed":153,"timestamp":"2024-10-11T13:19:30.213Z"}
{"level":"info","message":"onRequest - completionItem/resolve","timestamp":"2024-10-11T13:19:30.213Z"}
{"level":"info","message":"⌛ Building environment","timeElapsed":152,"timestamp":"2024-10-11T13:19:30.365Z"}
{"level":"info","message":"onRequest - completionItem/resolve","timestamp":"2024-10-11T13:19:30.366Z"}
{"level":"info","message":"⌛ Building environment","timeElapsed":142,"timestamp":"2024-10-11T13:19:30.515Z"}
{"level":"info","message":"onRequest - completionItem/resolve","timestamp":"2024-10-11T13:19:30.517Z"}
{"level":"info","message":"⌛ Validating hector.wlk","timeElapsed":261,"timestamp":"2024-10-11T13:19:30.841Z"}
{"level":"info","message":"⌛ Building environment","timeElapsed":203,"timestamp":"2024-10-11T13:19:31.045Z"}
{"level":"info","message":"⌛ Validating hector.wlk","timeElapsed":191,"timestamp":"2024-10-11T13:19:31.250Z"}
{"level":"info","message":"⌛ Validating hector.wlk","timeElapsed":268,"timestamp":"2024-10-11T13:19:31.518Z"}
{"level":"info","message":"⌛ Validating hector.wlk","timeElapsed":187,"timestamp":"2024-10-11T13:19:31.707Z"}
{"level":"info","message":"⌛ Validating hector.wlk","timeElapsed":203,"timestamp":"2024-10-11T13:19:31.911Z"}
{"level":"info","message":"⌛ Validating hector.wlk","timeElapsed":203,"timestamp":"2024-10-11T13:19:32.114Z"}
{"level":"info","message":"⌛ Building environment","timeElapsed":262,"timestamp":"2024-10-11T13:20:00.650Z"}
{"level":"info","message":"⌛ Validating hector.wlk","timeElapsed":231,"timestamp":"2024-10-11T13:20:00.884Z"}
{"level":"info","message":"⌛ Building environment","timeElapsed":227,"timestamp":"2024-10-11T13:20:01.156Z"}
{"level":"error","message":"✘ Completions for node failed: Error: [Send]{aeb708} at hector.wlk:-- exhausted all cases without a match [Send]{aeb708} at hector.wlk:-- exhausted all cases without a match","stack":"Error: [Send]{aeb708} at hector.wlk:-- exhausted all cases without a match\n    at /home/felipe/.vscode/extensions/uqbar.wollok-lsp-ide-0.3.6/out/server/src/server.js:38:6067\n    at yh (/home/felipe/.vscode/extensions/uqbar.wollok-lsp-ide-0.3.6/out/server/src/server.js:2291:42)\n    at kh (/home/felipe/.vscode/extensions/uqbar.wollok-lsp-ide-0.3.6/out/server/src/server.js:2291:1004)\n    at Y5n (/home/felipe/.vscode/extensions/uqbar.wollok-lsp-ide-0.3.6/out/server/src/server.js:2291:1160)\n    at /home/felipe/.vscode/extensions/uqbar.wollok-lsp-ide-0.3.6/out/server/src/server.js:38:6056\n    at yh (/home/felipe/.vscode/extensions/uqbar.wollok-lsp-ide-0.3.6/out/server/src/server.js:2291:42)\n    at /home/felipe/.vscode/extensions/uqbar.wollok-lsp-ide-0.3.6/out/server/src/server.js:2291:2700\n    at /home/felipe/.vscode/extensions/uqbar.wollok-lsp-ide-0.3.6/out/server/src/server.js:2298:3774\n    at /home/felipe/.vscode/extensions/uqbar.wollok-lsp-ide-0.3.6/out/server/src/server.js:37:74872\n    at Fe (/home/felipe/.vscode/extensions/uqbar.wollok-lsp-ide-0.3.6/out/server/src/server.js:7:8527)","timestamp":"2024-10-11T13:20:01.199Z"}
{"level":"error","message":"✘ Completions for node failed: Error: [Assignment]{bd7cdb} at hector.wlk:66 exhausted all cases without a match [Assignment]{bd7cdb} at hector.wlk:66 exhausted all cases without a match","stack":"Error: [Assignment]{bd7cdb} at hector.wlk:66 exhausted all cases without a match\n    at /home/felipe/.vscode/extensions/uqbar.wollok-lsp-ide-0.3.6/out/server/src/server.js:38:6067\n    at yh (/home/felipe/.vscode/extensions/uqbar.wollok-lsp-ide-0.3.6/out/server/src/server.js:2291:42)\n    at kh (/home/felipe/.vscode/extensions/uqbar.wollok-lsp-ide-0.3.6/out/server/src/server.js:2291:1004)\n    at yh (/home/felipe/.vscode/extensions/uqbar.wollok-lsp-ide-0.3.6/out/server/src/server.js:2291:456)\n    at kh (/home/felipe/.vscode/extensions/uqbar.wollok-lsp-ide-0.3.6/out/server/src/server.js:2291:1004)\n    at Y5n (/home/felipe/.vscode/extensions/uqbar.wollok-lsp-ide-0.3.6/out/server/src/server.js:2291:1160)\n    at /home/felipe/.vscode/extensions/uqbar.wollok-lsp-ide-0.3.6/out/server/src/server.js:38:6056\n    at yh (/home/felipe/.vscode/extensions/uqbar.wollok-lsp-ide-0.3.6/out/server/src/server.js:2291:42)\n    at /home/felipe/.vscode/extensions/uqbar.wollok-lsp-ide-0.3.6/out/server/src/server.js:2291:2700\n    at /home/felipe/.vscode/extensions/uqbar.wollok-lsp-ide-0.3.6/out/server/src/server.js:2298:3774","timestamp":"2024-10-11T13:20:01.200Z"}
{"level":"info","message":"⌛ Building environment","timeElapsed":203,"timestamp":"2024-10-11T13:20:01.407Z"}
{"level":"info","message":"⌛ Building environment","timeElapsed":157,"timestamp":"2024-10-11T13:20:01.564Z"}
{"level":"info","message":"⌛ Validating hector.wlk","timeElapsed":224,"timestamp":"2024-10-11T13:20:01.791Z"}
{"level":"info","message":"onRequest - completionItem/resolve","timestamp":"2024-10-11T13:20:01.792Z"}
{"level":"info","message":"⌛ Building environment","timeElapsed":266,"timestamp":"2024-10-11T13:20:02.059Z"}
{"level":"info","message":"onRequest - completionItem/resolve","timestamp":"2024-10-11T13:20:02.060Z"}
{"level":"info","message":"⌛ Validating hector.wlk","timeElapsed":216,"timestamp":"2024-10-11T13:20:02.277Z"}
{"level":"info","message":"⌛ Building environment","timeElapsed":167,"timestamp":"2024-10-11T13:20:02.445Z"}
{"level":"info","message":"⌛ Validating hector.wlk","timeElapsed":222,"timestamp":"2024-10-11T13:20:02.668Z"}
{"level":"info","message":"⌛ Validating hector.wlk","timeElapsed":324,"timestamp":"2024-10-11T13:20:03.047Z"}
{"level":"info","message":"⌛ Building environment","timeElapsed":272,"timestamp":"2024-10-11T13:20:03.326Z"}
{"level":"info","message":"⌛ Validating hector.wlk","timeElapsed":242,"timestamp":"2024-10-11T13:20:03.568Z"}
{"level":"info","message":"⌛ Building environment","timeElapsed":165,"timestamp":"2024-10-11T13:20:03.735Z"}
{"level":"info","message":"⌛ Building environment","timeElapsed":187,"timestamp":"2024-10-11T13:20:03.923Z"}
{"level":"info","message":"onRequest - completionItem/resolve","timestamp":"2024-10-11T13:20:03.924Z"}
{"level":"info","message":"⌛ Building environment","timeElapsed":147,"timestamp":"2024-10-11T13:20:04.072Z"}
{"level":"info","message":"onRequest - completionItem/resolve","timestamp":"2024-10-11T13:20:04.072Z"}
{"level":"info","message":"⌛ Building environment","timeElapsed":172,"timestamp":"2024-10-11T13:20:04.244Z"}
{"level":"info","message":"onRequest - completionItem/resolve","timestamp":"2024-10-11T13:20:04.246Z"}
{"level":"info","message":"⌛ Validating hector.wlk","timeElapsed":217,"timestamp":"2024-10-11T13:20:04.472Z"}
{"level":"info","message":"⌛ Building environment","timeElapsed":204,"timestamp":"2024-10-11T13:20:04.678Z"}
{"level":"info","message":"onRequest - completionItem/resolve","timestamp":"2024-10-11T13:20:04.679Z"}
{"level":"info","message":"⌛ Validating hector.wlk","timeElapsed":215,"timestamp":"2024-10-11T13:20:04.894Z"}
{"level":"info","message":"⌛ Building environment","timeElapsed":145,"timestamp":"2024-10-11T13:20:05.047Z"}
{"level":"info","message":"onRequest - completionItem/resolve","timestamp":"2024-10-11T13:20:05.057Z"}
{"level":"info","message":"⌛ Validating hector.wlk","timeElapsed":214,"timestamp":"2024-10-11T13:20:05.272Z"}
{"level":"info","message":"⌛ Validating hector.wlk","timeElapsed":200,"timestamp":"2024-10-11T13:20:05.472Z"}
{"level":"info","message":"⌛ Building environment","timeElapsed":151,"timestamp":"2024-10-11T13:20:05.624Z"}
{"level":"info","message":"onRequest - completionItem/resolve","timestamp":"2024-10-11T13:20:05.624Z"}
{"level":"info","message":"⌛ Validating hector.wlk","timeElapsed":192,"timestamp":"2024-10-11T13:20:05.816Z"}
{"level":"info","message":"⌛ Building environment","timeElapsed":151,"timestamp":"2024-10-11T13:20:05.969Z"}
{"level":"info","message":"onRequest - completionItem/resolve","timestamp":"2024-10-11T13:20:05.976Z"}
{"level":"info","message":"⌛ Building environment","timeElapsed":300,"timestamp":"2024-10-11T13:20:06.276Z"}
{"level":"info","message":"onRequest - completionItem/resolve","timestamp":"2024-10-11T13:20:06.277Z"}
{"level":"info","message":"⌛ Validating hector.wlk","timeElapsed":202,"timestamp":"2024-10-11T13:20:06.479Z"}
{"level":"info","message":"⌛ Validating hector.wlk","timeElapsed":183,"timestamp":"2024-10-11T13:20:06.674Z"}
{"level":"info","message":"⌛ Building environment","timeElapsed":150,"timestamp":"2024-10-11T13:20:06.824Z"}
{"level":"info","message":"⌛ Validating hector.wlk","timeElapsed":187,"timestamp":"2024-10-11T13:20:07.025Z"}
{"level":"info","message":"⌛ Validating hector.wlk","timeElapsed":195,"timestamp":"2024-10-11T13:20:07.220Z"}
{"level":"info","message":"⌛ Validating hector.wlk","timeElapsed":194,"timestamp":"2024-10-11T13:20:07.416Z"}
{"level":"info","message":"⌛ Validating hector.wlk","timeElapsed":190,"timestamp":"2024-10-11T13:20:07.606Z"}
{"level":"info","message":"⌛ Building environment","timeElapsed":226,"timestamp":"2024-10-11T13:20:50.926Z"}
{"level":"error","message":"✘ Completions for node failed: Error: [Parameter]{260e42} at objetos.wlk:46 exhausted all cases without a match [Parameter]{260e42} at objetos.wlk:46 exhausted all cases without a match","stack":"Error: [Parameter]{260e42} at objetos.wlk:46 exhausted all cases without a match\n    at /home/felipe/.vscode/extensions/uqbar.wollok-lsp-ide-0.3.6/out/server/src/server.js:38:6067\n    at yh (/home/felipe/.vscode/extensions/uqbar.wollok-lsp-ide-0.3.6/out/server/src/server.js:2291:42)\n    at /home/felipe/.vscode/extensions/uqbar.wollok-lsp-ide-0.3.6/out/server/src/server.js:2291:2700\n    at /home/felipe/.vscode/extensions/uqbar.wollok-lsp-ide-0.3.6/out/server/src/server.js:2298:3774\n    at /home/felipe/.vscode/extensions/uqbar.wollok-lsp-ide-0.3.6/out/server/src/server.js:37:74872\n    at Fe (/home/felipe/.vscode/extensions/uqbar.wollok-lsp-ide-0.3.6/out/server/src/server.js:7:8527)\n    at Pt (/home/felipe/.vscode/extensions/uqbar.wollok-lsp-ide-0.3.6/out/server/src/server.js:7:6189)\n    at Gi (/home/felipe/.vscode/extensions/uqbar.wollok-lsp-ide-0.3.6/out/server/src/server.js:7:6378)\n    at Immediate._onImmediate (/home/felipe/.vscode/extensions/uqbar.wollok-lsp-ide-0.3.6/out/server/src/server.js:7:6142)\n    at process.processImmediate (node:internal/timers:483:21)","timestamp":"2024-10-11T13:20:50.966Z"}
{"level":"info","message":"⌛ Validating objetos.wlk","timeElapsed":217,"timestamp":"2024-10-11T13:20:51.187Z"}
{"level":"info","message":"onRequest - completionItem/resolve","timestamp":"2024-10-11T13:20:51.188Z"}
{"level":"info","message":"⌛ Building environment","timeElapsed":198,"timestamp":"2024-10-11T13:20:51.780Z"}
{"level":"error","message":"✘ Completions for node failed: Error: [Parameter]{b4e5ef} at objetos.wlk:46 exhausted all cases without a match [Parameter]{b4e5ef} at objetos.wlk:46 exhausted all cases without a match","stack":"Error: [Parameter]{b4e5ef} at objetos.wlk:46 exhausted all cases without a match\n    at /home/felipe/.vscode/extensions/uqbar.wollok-lsp-ide-0.3.6/out/server/src/server.js:38:6067\n    at yh (/home/felipe/.vscode/extensions/uqbar.wollok-lsp-ide-0.3.6/out/server/src/server.js:2291:42)\n    at /home/felipe/.vscode/extensions/uqbar.wollok-lsp-ide-0.3.6/out/server/src/server.js:2291:2700\n    at /home/felipe/.vscode/extensions/uqbar.wollok-lsp-ide-0.3.6/out/server/src/server.js:2298:3774\n    at /home/felipe/.vscode/extensions/uqbar.wollok-lsp-ide-0.3.6/out/server/src/server.js:37:74872\n    at Fe (/home/felipe/.vscode/extensions/uqbar.wollok-lsp-ide-0.3.6/out/server/src/server.js:7:8527)\n    at Pt (/home/felipe/.vscode/extensions/uqbar.wollok-lsp-ide-0.3.6/out/server/src/server.js:7:6189)\n    at Gi (/home/felipe/.vscode/extensions/uqbar.wollok-lsp-ide-0.3.6/out/server/src/server.js:7:6378)\n    at Immediate._onImmediate (/home/felipe/.vscode/extensions/uqbar.wollok-lsp-ide-0.3.6/out/server/src/server.js:7:6142)\n    at process.processImmediate (node:internal/timers:483:21)","timestamp":"2024-10-11T13:20:51.821Z"}
{"level":"info","message":"⌛ Building environment","timeElapsed":171,"timestamp":"2024-10-11T13:20:51.996Z"}
{"level":"info","message":"⌛ Validating objetos.wlk","timeElapsed":226,"timestamp":"2024-10-11T13:20:52.224Z"}
{"level":"info","message":"⌛ Building environment","timeElapsed":139,"timestamp":"2024-10-11T13:20:52.364Z"}
{"level":"error","message":"✘ Completions for node failed: Error: [Parameter]{f36050} at objetos.wlk:46 exhausted all cases without a match [Parameter]{f36050} at objetos.wlk:46 exhausted all cases without a match","stack":"Error: [Parameter]{f36050} at objetos.wlk:46 exhausted all cases without a match\n    at /home/felipe/.vscode/extensions/uqbar.wollok-lsp-ide-0.3.6/out/server/src/server.js:38:6067\n    at yh (/home/felipe/.vscode/extensions/uqbar.wollok-lsp-ide-0.3.6/out/server/src/server.js:2291:42)\n    at /home/felipe/.vscode/extensions/uqbar.wollok-lsp-ide-0.3.6/out/server/src/server.js:2291:2700\n    at /home/felipe/.vscode/extensions/uqbar.wollok-lsp-ide-0.3.6/out/server/src/server.js:2298:3774\n    at /home/felipe/.vscode/extensions/uqbar.wollok-lsp-ide-0.3.6/out/server/src/server.js:37:74872\n    at Fe (/home/felipe/.vscode/extensions/uqbar.wollok-lsp-ide-0.3.6/out/server/src/server.js:7:8527)\n    at Pt (/home/felipe/.vscode/extensions/uqbar.wollok-lsp-ide-0.3.6/out/server/src/server.js:7:6189)\n    at Gi (/home/felipe/.vscode/extensions/uqbar.wollok-lsp-ide-0.3.6/out/server/src/server.js:7:6378)\n    at Immediate._onImmediate (/home/felipe/.vscode/extensions/uqbar.wollok-lsp-ide-0.3.6/out/server/src/server.js:7:6142)\n    at process.processImmediate (node:internal/timers:483:21)","timestamp":"2024-10-11T13:20:52.398Z"}
{"level":"info","message":"⌛ Building environment","timeElapsed":257,"timestamp":"2024-10-11T13:20:52.660Z"}
{"level":"info","message":"⌛ Validating objetos.wlk","timeElapsed":222,"timestamp":"2024-10-11T13:20:52.883Z"}
{"level":"info","message":"⌛ Validating objetos.wlk","timeElapsed":209,"timestamp":"2024-10-11T13:20:53.099Z"}
{"level":"info","message":"⌛ Validating objetos.wlk","timeElapsed":203,"timestamp":"2024-10-11T13:20:53.302Z"}
{"level":"info","message":"⌛ Building environment","timeElapsed":151,"timestamp":"2024-10-11T13:20:53.837Z"}
{"level":"info","message":"⌛ Validating objetos.wlk","timeElapsed":248,"timestamp":"2024-10-11T13:20:54.088Z"}
{"level":"info","message":"⌛ Building environment","timeElapsed":186,"timestamp":"2024-10-11T13:20:54.618Z"}
{"level":"info","message":"⌛ Building environment","timeElapsed":170,"timestamp":"2024-10-11T13:20:54.828Z"}
{"level":"info","message":"⌛ Validating objetos.wlk","timeElapsed":176,"timestamp":"2024-10-11T13:20:55.012Z"}
{"level":"info","message":"onRequest - completionItem/resolve","timestamp":"2024-10-11T13:20:55.012Z"}
{"level":"info","message":"⌛ Validating objetos.wlk","timeElapsed":196,"timestamp":"2024-10-11T13:20:55.208Z"}
{"level":"info","message":"⌛ Building environment","timeElapsed":154,"timestamp":"2024-10-11T13:20:55.616Z"}
{"level":"info","message":"⌛ Building environment","timeElapsed":174,"timestamp":"2024-10-11T13:20:55.799Z"}
{"level":"info","message":"⌛ Validating objetos.wlk","timeElapsed":200,"timestamp":"2024-10-11T13:20:56.043Z"}
{"level":"info","message":"⌛ Building environment","timeElapsed":160,"timestamp":"2024-10-11T13:20:56.204Z"}
{"level":"info","message":"⌛ Building environment","timeElapsed":188,"timestamp":"2024-10-11T13:20:56.394Z"}
{"level":"info","message":"⌛ Validating objetos.wlk","timeElapsed":193,"timestamp":"2024-10-11T13:20:56.587Z"}
{"level":"info","message":"⌛ Building environment","timeElapsed":254,"timestamp":"2024-10-11T13:20:56.849Z"}
{"level":"info","message":"⌛ Validating objetos.wlk","timeElapsed":186,"timestamp":"2024-10-11T13:20:57.036Z"}
{"level":"info","message":"⌛ Validating objetos.wlk","timeElapsed":187,"timestamp":"2024-10-11T13:20:57.224Z"}
{"level":"info","message":"⌛ Validating objetos.wlk","timeElapsed":199,"timestamp":"2024-10-11T13:20:57.434Z"}
{"level":"info","message":"⌛ Building environment","timeElapsed":162,"timestamp":"2024-10-11T13:20:58.988Z"}
{"level":"error","message":"✘ Completions for node failed: Error: [Return]{2f3f5e} at objetos.wlk:47 exhausted all cases without a match [Return]{2f3f5e} at objetos.wlk:47 exhausted all cases without a match","stack":"Error: [Return]{2f3f5e} at objetos.wlk:47 exhausted all cases without a match\n    at /home/felipe/.vscode/extensions/uqbar.wollok-lsp-ide-0.3.6/out/server/src/server.js:38:6067\n    at yh (/home/felipe/.vscode/extensions/uqbar.wollok-lsp-ide-0.3.6/out/server/src/server.js:2291:42)\n    at kh (/home/felipe/.vscode/extensions/uqbar.wollok-lsp-ide-0.3.6/out/server/src/server.js:2291:1004)\n    at Y5n (/home/felipe/.vscode/extensions/uqbar.wollok-lsp-ide-0.3.6/out/server/src/server.js:2291:1160)\n    at /home/felipe/.vscode/extensions/uqbar.wollok-lsp-ide-0.3.6/out/server/src/server.js:38:6056\n    at yh (/home/felipe/.vscode/extensions/uqbar.wollok-lsp-ide-0.3.6/out/server/src/server.js:2291:42)\n    at /home/felipe/.vscode/extensions/uqbar.wollok-lsp-ide-0.3.6/out/server/src/server.js:2291:2700\n    at /home/felipe/.vscode/extensions/uqbar.wollok-lsp-ide-0.3.6/out/server/src/server.js:2298:3774\n    at /home/felipe/.vscode/extensions/uqbar.wollok-lsp-ide-0.3.6/out/server/src/server.js:37:74872\n    at Fe (/home/felipe/.vscode/extensions/uqbar.wollok-lsp-ide-0.3.6/out/server/src/server.js:7:8527)","timestamp":"2024-10-11T13:20:59.031Z"}
{"level":"info","message":"⌛ Building environment","timeElapsed":156,"timestamp":"2024-10-11T13:20:59.194Z"}
{"level":"info","message":"⌛ Validating objetos.wlk","timeElapsed":195,"timestamp":"2024-10-11T13:20:59.389Z"}
{"level":"info","message":"⌛ Building environment","timeElapsed":164,"timestamp":"2024-10-11T13:20:59.554Z"}
{"level":"info","message":"onRequest - completionItem/resolve","timestamp":"2024-10-11T13:20:59.560Z"}
{"level":"info","message":"⌛ Validating objetos.wlk","timeElapsed":236,"timestamp":"2024-10-11T13:20:59.796Z"}
{"level":"info","message":"⌛ Building environment","timeElapsed":203,"timestamp":"2024-10-11T13:21:00.010Z"}
{"level":"info","message":"onRequest - completionItem/resolve","timestamp":"2024-10-11T13:21:00.010Z"}
{"level":"info","message":"⌛ Validating objetos.wlk","timeElapsed":230,"timestamp":"2024-10-11T13:21:00.241Z"}
{"level":"info","message":"⌛ Building environment","timeElapsed":179,"timestamp":"2024-10-11T13:21:00.420Z"}
{"level":"info","message":"onRequest - completionItem/resolve","timestamp":"2024-10-11T13:21:00.421Z"}
{"level":"info","message":"⌛ Building environment","timeElapsed":201,"timestamp":"2024-10-11T13:21:00.623Z"}
{"level":"info","message":"onRequest - completionItem/resolve","timestamp":"2024-10-11T13:21:00.623Z"}
{"level":"info","message":"⌛ Validating objetos.wlk","timeElapsed":218,"timestamp":"2024-10-11T13:21:00.841Z"}
{"level":"info","message":"⌛ Building environment","timeElapsed":149,"timestamp":"2024-10-11T13:21:01.000Z"}
{"level":"info","message":"⌛ Validating objetos.wlk","timeElapsed":185,"timestamp":"2024-10-11T13:21:01.191Z"}
{"level":"info","message":"⌛ Validating objetos.wlk","timeElapsed":198,"timestamp":"2024-10-11T13:21:01.390Z"}
{"level":"info","message":"⌛ Building environment","timeElapsed":147,"timestamp":"2024-10-11T13:21:01.538Z"}
{"level":"info","message":"⌛ Validating objetos.wlk","timeElapsed":189,"timestamp":"2024-10-11T13:21:01.734Z"}
{"level":"info","message":"⌛ Building environment","timeElapsed":147,"timestamp":"2024-10-11T13:21:01.882Z"}
{"level":"info","message":"⌛ Validating objetos.wlk","timeElapsed":196,"timestamp":"2024-10-11T13:21:02.084Z"}
{"level":"info","message":"⌛ Validating objetos.wlk","timeElapsed":213,"timestamp":"2024-10-11T13:21:02.306Z"}
{"level":"info","message":"⌛ Building environment","timeElapsed":142,"timestamp":"2024-10-11T13:21:02.448Z"}
{"level":"error","message":"✘ Completions for node failed: Error: [Send]{555de8} at objetos.wlk:47 exhausted all cases without a match [Send]{555de8} at objetos.wlk:47 exhausted all cases without a match","stack":"Error: [Send]{555de8} at objetos.wlk:47 exhausted all cases without a match\n    at /home/felipe/.vscode/extensions/uqbar.wollok-lsp-ide-0.3.6/out/server/src/server.js:38:6067\n    at yh (/home/felipe/.vscode/extensions/uqbar.wollok-lsp-ide-0.3.6/out/server/src/server.js:2291:42)\n    at kh (/home/felipe/.vscode/extensions/uqbar.wollok-lsp-ide-0.3.6/out/server/src/server.js:2291:1004)\n    at Y5n (/home/felipe/.vscode/extensions/uqbar.wollok-lsp-ide-0.3.6/out/server/src/server.js:2291:1160)\n    at /home/felipe/.vscode/extensions/uqbar.wollok-lsp-ide-0.3.6/out/server/src/server.js:38:6056\n    at yh (/home/felipe/.vscode/extensions/uqbar.wollok-lsp-ide-0.3.6/out/server/src/server.js:2291:42)\n    at /home/felipe/.vscode/extensions/uqbar.wollok-lsp-ide-0.3.6/out/server/src/server.js:2291:2700\n    at /home/felipe/.vscode/extensions/uqbar.wollok-lsp-ide-0.3.6/out/server/src/server.js:2298:3774\n    at /home/felipe/.vscode/extensions/uqbar.wollok-lsp-ide-0.3.6/out/server/src/server.js:37:74872\n    at Fe (/home/felipe/.vscode/extensions/uqbar.wollok-lsp-ide-0.3.6/out/server/src/server.js:7:8527)","timestamp":"2024-10-11T13:21:02.492Z"}
{"level":"error","message":"✘ Completions for node failed: Error: [Return]{0c30be} at objetos.wlk:47 exhausted all cases without a match [Return]{0c30be} at objetos.wlk:47 exhausted all cases without a match","stack":"Error: [Return]{0c30be} at objetos.wlk:47 exhausted all cases without a match\n    at /home/felipe/.vscode/extensions/uqbar.wollok-lsp-ide-0.3.6/out/server/src/server.js:38:6067\n    at yh (/home/felipe/.vscode/extensions/uqbar.wollok-lsp-ide-0.3.6/out/server/src/server.js:2291:42)\n    at kh (/home/felipe/.vscode/extensions/uqbar.wollok-lsp-ide-0.3.6/out/server/src/server.js:2291:1004)\n    at yh (/home/felipe/.vscode/extensions/uqbar.wollok-lsp-ide-0.3.6/out/server/src/server.js:2291:456)\n    at kh (/home/felipe/.vscode/extensions/uqbar.wollok-lsp-ide-0.3.6/out/server/src/server.js:2291:1004)\n    at Y5n (/home/felipe/.vscode/extensions/uqbar.wollok-lsp-ide-0.3.6/out/server/src/server.js:2291:1160)\n    at /home/felipe/.vscode/extensions/uqbar.wollok-lsp-ide-0.3.6/out/server/src/server.js:38:6056\n    at yh (/home/felipe/.vscode/extensions/uqbar.wollok-lsp-ide-0.3.6/out/server/src/server.js:2291:42)\n    at /home/felipe/.vscode/extensions/uqbar.wollok-lsp-ide-0.3.6/out/server/src/server.js:2291:2700\n    at /home/felipe/.vscode/extensions/uqbar.wollok-lsp-ide-0.3.6/out/server/src/server.js:2298:3774","timestamp":"2024-10-11T13:21:02.493Z"}
{"level":"info","message":"⌛ Validating objetos.wlk","timeElapsed":225,"timestamp":"2024-10-11T13:21:02.723Z"}
{"level":"info","message":"⌛ Building environment","timeElapsed":170,"timestamp":"2024-10-11T13:21:02.894Z"}
{"level":"info","message":"⌛ Building environment","timeElapsed":165,"timestamp":"2024-10-11T13:21:03.071Z"}
{"level":"error","message":"✘ Completions for node failed: Error: [Send]{a37159} at objetos.wlk:47 exhausted all cases without a match [Send]{a37159} at objetos.wlk:47 exhausted all cases without a match","stack":"Error: [Send]{a37159} at objetos.wlk:47 exhausted all cases without a match\n    at /home/felipe/.vscode/extensions/uqbar.wollok-lsp-ide-0.3.6/out/server/src/server.js:38:6067\n    at yh (/home/felipe/.vscode/extensions/uqbar.wollok-lsp-ide-0.3.6/out/server/src/server.js:2291:42)\n    at kh (/home/felipe/.vscode/extensions/uqbar.wollok-lsp-ide-0.3.6/out/server/src/server.js:2291:1004)\n    at Y5n (/home/felipe/.vscode/extensions/uqbar.wollok-lsp-ide-0.3.6/out/server/src/server.js:2291:1160)\n    at /home/felipe/.vscode/extensions/uqbar.wollok-lsp-ide-0.3.6/out/server/src/server.js:38:6056\n    at yh (/home/felipe/.vscode/extensions/uqbar.wollok-lsp-ide-0.3.6/out/server/src/server.js:2291:42)\n    at /home/felipe/.vscode/extensions/uqbar.wollok-lsp-ide-0.3.6/out/server/src/server.js:2291:2700\n    at /home/felipe/.vscode/extensions/uqbar.wollok-lsp-ide-0.3.6/out/server/src/server.js:2298:3774\n    at /home/felipe/.vscode/extensions/uqbar.wollok-lsp-ide-0.3.6/out/server/src/server.js:37:74872\n    at Fe (/home/felipe/.vscode/extensions/uqbar.wollok-lsp-ide-0.3.6/out/server/src/server.js:7:8527)","timestamp":"2024-10-11T13:21:03.112Z"}
{"level":"error","message":"✘ Completions for node failed: Error: [Return]{41ed6d} at objetos.wlk:47 exhausted all cases without a match [Return]{41ed6d} at objetos.wlk:47 exhausted all cases without a match","stack":"Error: [Return]{41ed6d} at objetos.wlk:47 exhausted all cases without a match\n    at /home/felipe/.vscode/extensions/uqbar.wollok-lsp-ide-0.3.6/out/server/src/server.js:38:6067\n    at yh (/home/felipe/.vscode/extensions/uqbar.wollok-lsp-ide-0.3.6/out/server/src/server.js:2291:42)\n    at kh (/home/felipe/.vscode/extensions/uqbar.wollok-lsp-ide-0.3.6/out/server/src/server.js:2291:1004)\n    at yh (/home/felipe/.vscode/extensions/uqbar.wollok-lsp-ide-0.3.6/out/server/src/server.js:2291:456)\n    at kh (/home/felipe/.vscode/extensions/uqbar.wollok-lsp-ide-0.3.6/out/server/src/server.js:2291:1004)\n    at Y5n (/home/felipe/.vscode/extensions/uqbar.wollok-lsp-ide-0.3.6/out/server/src/server.js:2291:1160)\n    at /home/felipe/.vscode/extensions/uqbar.wollok-lsp-ide-0.3.6/out/server/src/server.js:38:6056\n    at yh (/home/felipe/.vscode/extensions/uqbar.wollok-lsp-ide-0.3.6/out/server/src/server.js:2291:42)\n    at /home/felipe/.vscode/extensions/uqbar.wollok-lsp-ide-0.3.6/out/server/src/server.js:2291:2700\n    at /home/felipe/.vscode/extensions/uqbar.wollok-lsp-ide-0.3.6/out/server/src/server.js:2298:3774","timestamp":"2024-10-11T13:21:03.113Z"}
{"level":"info","message":"⌛ Building environment","timeElapsed":159,"timestamp":"2024-10-11T13:21:03.276Z"}
{"level":"info","message":"⌛ Building environment","timeElapsed":162,"timestamp":"2024-10-11T13:21:03.440Z"}
{"level":"info","message":"⌛ Validating objetos.wlk","timeElapsed":201,"timestamp":"2024-10-11T13:21:03.641Z"}
{"level":"info","message":"⌛ Building environment","timeElapsed":145,"timestamp":"2024-10-11T13:21:03.788Z"}
{"level":"info","message":"⌛ Validating objetos.wlk","timeElapsed":305,"timestamp":"2024-10-11T13:21:04.094Z"}
{"level":"info","message":"⌛ Building environment","timeElapsed":203,"timestamp":"2024-10-11T13:21:04.298Z"}
{"level":"info","message":"onRequest - completionItem/resolve","timestamp":"2024-10-11T13:21:04.299Z"}
{"level":"info","message":"⌛ Validating objetos.wlk","timeElapsed":214,"timestamp":"2024-10-11T13:21:04.513Z"}
{"level":"info","message":"⌛ Validating objetos.wlk","timeElapsed":278,"timestamp":"2024-10-11T13:21:04.803Z"}
{"level":"info","message":"⌛ Validating objetos.wlk","timeElapsed":188,"timestamp":"2024-10-11T13:21:04.992Z"}
{"level":"info","message":"⌛ Validating objetos.wlk","timeElapsed":183,"timestamp":"2024-10-11T13:21:05.175Z"}
{"level":"info","message":"⌛ Building environment","timeElapsed":201,"timestamp":"2024-10-11T13:21:32.710Z"}
{"level":"info","message":"⌛ Building environment","timeElapsed":208,"timestamp":"2024-10-11T13:21:32.922Z"}
{"level":"info","message":"⌛ Validating objetos.wlk","timeElapsed":288,"timestamp":"2024-10-11T13:21:33.211Z"}
{"level":"info","message":"⌛ Validating objetos.wlk","timeElapsed":207,"timestamp":"2024-10-11T13:21:33.420Z"}
{"level":"info","message":"⌛ Building environment","timeElapsed":180,"timestamp":"2024-10-11T13:21:33.609Z"}
{"level":"info","message":"⌛ Building environment","timeElapsed":155,"timestamp":"2024-10-11T13:21:33.797Z"}
{"level":"info","message":"⌛ Validating objetos.wlk","timeElapsed":221,"timestamp":"2024-10-11T13:21:34.028Z"}
{"level":"info","message":"onRequest - completionItem/resolve","timestamp":"2024-10-11T13:21:34.030Z"}
{"level":"info","message":"⌛ Building environment","timeElapsed":280,"timestamp":"2024-10-11T13:21:34.310Z"}
{"level":"info","message":"onRequest - completionItem/resolve","timestamp":"2024-10-11T13:21:34.317Z"}
{"level":"info","message":"⌛ Validating objetos.wlk","timeElapsed":228,"timestamp":"2024-10-11T13:21:34.545Z"}
{"level":"info","message":"⌛ Building environment","timeElapsed":183,"timestamp":"2024-10-11T13:21:34.729Z"}
{"level":"info","message":"onRequest - completionItem/resolve","timestamp":"2024-10-11T13:21:34.737Z"}
{"level":"info","message":"⌛ Building environment","timeElapsed":157,"timestamp":"2024-10-11T13:21:34.894Z"}
{"level":"info","message":"onRequest - completionItem/resolve","timestamp":"2024-10-11T13:21:34.895Z"}
{"level":"error","message":"✘ Failed to rebuild document Failed to parse objetos.wlk: \n-- PARSING FAILED --------------------------------------------------\n\n  29 | \n  30 | \tmethod\n> 31 | }\n     | ^\n  32 | \n  33 | \n\nExpected one of the following: \n\n'!=', '!==', '%', '&&', '*', '**', '+', '-', '->', '..', '..<', '/', '<', '<<', '<<<', '<=', '<=>', '<>', '==', '===', '>', '>..', '>=', '>>', '>>>', '?:', '@', 'and', 'class', 'const', 'describe', 'invert', 'mixin', 'negate', 'object', 'only', 'or', 'package', 'plus', 'program', 'test', 'var', '{', '||', EOF, comment, identifier, not \"}\n\n\n\", whitespace\n","stack":"Error: Failed to parse objetos.wlk: \n-- PARSING FAILED --------------------------------------------------\n\n  29 | \n  30 | \tmethod\n> 31 | }\n     | ^\n  32 | \n  33 | \n\nExpected one of the following: \n\n'!=', '!==', '%', '&&', '*', '**', '+', '-', '->', '..', '..<', '/', '<', '<<', '<<<', '<=', '<=>', '<>', '==', '===', '>', '>..', '>=', '>>', '>>>', '?:', '@', 'and', 'class', 'const', 'describe', 'invert', 'mixin', 'negate', 'object', 'only', 'or', 'package', 'plus', 'program', 'test', 'var', '{', '||', EOF, comment, identifier, not \"}\n\n\n\", whitespace\n\n    at /home/felipe/.vscode/extensions/uqbar.wollok-lsp-ide-0.3.6/out/server/src/server.js:2254:32415\n    at Array.map (<anonymous>)\n    at Jfn (/home/felipe/.vscode/extensions/uqbar.wollok-lsp-ide-0.3.6/out/server/src/server.js:2254:32339)\n    at k2.buildEnvironmentFrom (/home/felipe/.vscode/extensions/uqbar.wollok-lsp-ide-0.3.6/out/server/src/server.js:2285:6721)\n    at k2.updateEnvironmentWith (/home/felipe/.vscode/extensions/uqbar.wollok-lsp-ide-0.3.6/out/server/src/server.js:2285:6456)\n    at jL (/home/felipe/.vscode/extensions/uqbar.wollok-lsp-ide-0.3.6/out/server/src/server.js:2298:2292)\n    at v3.invoke (/home/felipe/.vscode/extensions/uqbar.wollok-lsp-ide-0.3.6/out/server/src/server.js:3:157200)\n    at o.fire (/home/felipe/.vscode/extensions/uqbar.wollok-lsp-ide-0.3.6/out/server/src/server.js:3:157970)\n    at /home/felipe/.vscode/extensions/uqbar.wollok-lsp-ide-0.3.6/out/server/src/server.js:37:57871\n    at Vr (/home/felipe/.vscode/extensions/uqbar.wollok-lsp-ide-0.3.6/out/server/src/server.js:8:1561)","timestamp":"2024-10-11T13:21:35.010Z"}
{"level":"info","message":"onRequest - completionItem/resolve","timestamp":"2024-10-11T13:21:35.011Z"}
{"level":"error","message":"✘ Failed to rebuild document Failed to parse objetos.wlk: \n-- PARSING FAILED --------------------------------------------------\n\n  29 | \n  30 | \tmethod \n> 31 | }\n     | ^\n  32 | \n  33 | \n\nExpected one of the following: \n\n'!=', '!==', '%', '&&', '*', '**', '+', '-', '->', '..', '..<', '/', '<', '<<', '<<<', '<=', '<=>', '<>', '==', '===', '>', '>..', '>=', '>>', '>>>', '?:', '@', 'and', 'class', 'const', 'describe', 'invert', 'mixin', 'negate', 'object', 'only', 'or', 'package', 'plus', 'program', 'test', 'var', '{', '||', EOF, comment, identifier, not \"}\n\n\n\", whitespace\n","stack":"Error: Failed to parse objetos.wlk: \n-- PARSING FAILED --------------------------------------------------\n\n  29 | \n  30 | \tmethod \n> 31 | }\n     | ^\n  32 | \n  33 | \n\nExpected one of the following: \n\n'!=', '!==', '%', '&&', '*', '**', '+', '-', '->', '..', '..<', '/', '<', '<<', '<<<', '<=', '<=>', '<>', '==', '===', '>', '>..', '>=', '>>', '>>>', '?:', '@', 'and', 'class', 'const', 'describe', 'invert', 'mixin', 'negate', 'object', 'only', 'or', 'package', 'plus', 'program', 'test', 'var', '{', '||', EOF, comment, identifier, not \"}\n\n\n\", whitespace\n\n    at /home/felipe/.vscode/extensions/uqbar.wollok-lsp-ide-0.3.6/out/server/src/server.js:2254:32415\n    at Array.map (<anonymous>)\n    at Jfn (/home/felipe/.vscode/extensions/uqbar.wollok-lsp-ide-0.3.6/out/server/src/server.js:2254:32339)\n    at k2.buildEnvironmentFrom (/home/felipe/.vscode/extensions/uqbar.wollok-lsp-ide-0.3.6/out/server/src/server.js:2285:6721)\n    at k2.updateEnvironmentWith (/home/felipe/.vscode/extensions/uqbar.wollok-lsp-ide-0.3.6/out/server/src/server.js:2285:6456)\n    at jL (/home/felipe/.vscode/extensions/uqbar.wollok-lsp-ide-0.3.6/out/server/src/server.js:2298:2292)\n    at v3.invoke (/home/felipe/.vscode/extensions/uqbar.wollok-lsp-ide-0.3.6/out/server/src/server.js:3:157200)\n    at o.fire (/home/felipe/.vscode/extensions/uqbar.wollok-lsp-ide-0.3.6/out/server/src/server.js:3:157970)\n    at /home/felipe/.vscode/extensions/uqbar.wollok-lsp-ide-0.3.6/out/server/src/server.js:37:57871\n    at Vr (/home/felipe/.vscode/extensions/uqbar.wollok-lsp-ide-0.3.6/out/server/src/server.js:8:1561)","timestamp":"2024-10-11T13:21:35.064Z"}
{"level":"info","message":"onRequest - completionItem/resolve","timestamp":"2024-10-11T13:21:35.064Z"}
{"level":"info","message":"⌛ Validating objetos.wlk","timeElapsed":243,"timestamp":"2024-10-11T13:21:35.308Z"}
{"level":"info","message":"⌛ Validating objetos.wlk","timeElapsed":208,"timestamp":"2024-10-11T13:21:35.529Z"}
{"level":"info","message":"⌛ Validating objetos.wlk","timeElapsed":190,"timestamp":"2024-10-11T13:21:35.719Z"}
{"level":"info","message":"⌛ Building environment","timeElapsed":196,"timestamp":"2024-10-11T13:21:35.927Z"}
{"level":"info","message":"⌛ Building environment","timeElapsed":161,"timestamp":"2024-10-11T13:21:36.089Z"}
{"level":"info","message":"⌛ Building environment","timeElapsed":262,"timestamp":"2024-10-11T13:21:36.402Z"}
{"level":"info","message":"⌛ Validating objetos.wlk","timeElapsed":231,"timestamp":"2024-10-11T13:21:36.634Z"}
{"level":"info","message":"⌛ Validating objetos.wlk","timeElapsed":213,"timestamp":"2024-10-11T13:21:36.847Z"}
{"level":"info","message":"⌛ Validating objetos.wlk","timeElapsed":288,"timestamp":"2024-10-11T13:21:37.145Z"}
{"level":"info","message":"⌛ Building environment","timeElapsed":187,"timestamp":"2024-10-11T13:21:37.332Z"}
{"level":"info","message":"⌛ Building environment","timeElapsed":165,"timestamp":"2024-10-11T13:21:37.538Z"}
{"level":"info","message":"⌛ Building environment","timeElapsed":139,"timestamp":"2024-10-11T13:21:37.683Z"}
{"level":"info","message":"⌛ Building environment","timeElapsed":139,"timestamp":"2024-10-11T13:21:37.824Z"}
{"level":"info","message":"⌛ Building environment","timeElapsed":141,"timestamp":"2024-10-11T13:21:37.966Z"}
{"level":"info","message":"⌛ Building environment","timeElapsed":144,"timestamp":"2024-10-11T13:21:38.110Z"}
{"level":"info","message":"⌛ Validating objetos.wlk","timeElapsed":206,"timestamp":"2024-10-11T13:21:38.323Z"}
{"level":"info","message":"⌛ Validating objetos.wlk","timeElapsed":196,"timestamp":"2024-10-11T13:21:38.526Z"}
{"level":"info","message":"⌛ Validating objetos.wlk","timeElapsed":188,"timestamp":"2024-10-11T13:21:38.717Z"}
{"level":"info","message":"⌛ Validating objetos.wlk","timeElapsed":195,"timestamp":"2024-10-11T13:21:38.913Z"}
{"level":"info","message":"⌛ Building environment","timeElapsed":153,"timestamp":"2024-10-11T13:21:39.066Z"}
{"level":"info","message":"⌛ Validating objetos.wlk","timeElapsed":191,"timestamp":"2024-10-11T13:21:39.263Z"}
{"level":"info","message":"⌛ Validating objetos.wlk","timeElapsed":181,"timestamp":"2024-10-11T13:21:39.488Z"}
{"level":"info","message":"⌛ Building environment","timeElapsed":199,"timestamp":"2024-10-11T13:21:39.689Z"}
{"level":"info","message":"⌛ Validating objetos.wlk","timeElapsed":183,"timestamp":"2024-10-11T13:21:39.879Z"}
{"level":"info","message":"⌛ Validating objetos.wlk","timeElapsed":241,"timestamp":"2024-10-11T13:21:40.123Z"}
{"level":"info","message":"⌛ Building environment","timeElapsed":250,"timestamp":"2024-10-11T13:21:40.373Z"}
{"level":"info","message":"⌛ Building environment","timeElapsed":165,"timestamp":"2024-10-11T13:21:40.539Z"}
{"level":"info","message":"⌛ Validating objetos.wlk","timeElapsed":190,"timestamp":"2024-10-11T13:21:40.729Z"}
{"level":"info","message":"⌛ Building environment","timeElapsed":140,"timestamp":"2024-10-11T13:21:40.869Z"}
{"level":"info","message":"⌛ Validating objetos.wlk","timeElapsed":190,"timestamp":"2024-10-11T13:21:41.060Z"}
{"level":"info","message":"⌛ Validating objetos.wlk","timeElapsed":206,"timestamp":"2024-10-11T13:21:41.276Z"}
{"level":"info","message":"⌛ Building environment","timeElapsed":180,"timestamp":"2024-10-11T13:21:42.863Z"}
{"level":"error","message":"✘ Completions for node failed: Error: [Parameter]{e5c377} at objetos.wlk:30 exhausted all cases without a match [Parameter]{e5c377} at objetos.wlk:30 exhausted all cases without a match","stack":"Error: [Parameter]{e5c377} at objetos.wlk:30 exhausted all cases without a match\n    at /home/felipe/.vscode/extensions/uqbar.wollok-lsp-ide-0.3.6/out/server/src/server.js:38:6067\n    at yh (/home/felipe/.vscode/extensions/uqbar.wollok-lsp-ide-0.3.6/out/server/src/server.js:2291:42)\n    at /home/felipe/.vscode/extensions/uqbar.wollok-lsp-ide-0.3.6/out/server/src/server.js:2291:2700\n    at /home/felipe/.vscode/extensions/uqbar.wollok-lsp-ide-0.3.6/out/server/src/server.js:2298:3774\n    at /home/felipe/.vscode/extensions/uqbar.wollok-lsp-ide-0.3.6/out/server/src/server.js:37:74872\n    at Fe (/home/felipe/.vscode/extensions/uqbar.wollok-lsp-ide-0.3.6/out/server/src/server.js:7:8527)\n    at Pt (/home/felipe/.vscode/extensions/uqbar.wollok-lsp-ide-0.3.6/out/server/src/server.js:7:6189)\n    at Gi (/home/felipe/.vscode/extensions/uqbar.wollok-lsp-ide-0.3.6/out/server/src/server.js:7:6378)\n    at Immediate._onImmediate (/home/felipe/.vscode/extensions/uqbar.wollok-lsp-ide-0.3.6/out/server/src/server.js:7:6142)\n    at process.processImmediate (node:internal/timers:483:21)","timestamp":"2024-10-11T13:21:42.895Z"}
{"level":"info","message":"⌛ Building environment","timeElapsed":158,"timestamp":"2024-10-11T13:21:43.059Z"}
{"level":"info","message":"⌛ Validating objetos.wlk","timeElapsed":198,"timestamp":"2024-10-11T13:21:43.258Z"}
{"level":"info","message":"⌛ Building environment","timeElapsed":189,"timestamp":"2024-10-11T13:21:43.449Z"}
{"level":"error","message":"✘ Completions for node failed: Error: [Parameter]{a56ff4} at objetos.wlk:30 exhausted all cases without a match [Parameter]{a56ff4} at objetos.wlk:30 exhausted all cases without a match","stack":"Error: [Parameter]{a56ff4} at objetos.wlk:30 exhausted all cases without a match\n    at /home/felipe/.vscode/extensions/uqbar.wollok-lsp-ide-0.3.6/out/server/src/server.js:38:6067\n    at yh (/home/felipe/.vscode/extensions/uqbar.wollok-lsp-ide-0.3.6/out/server/src/server.js:2291:42)\n    at /home/felipe/.vscode/extensions/uqbar.wollok-lsp-ide-0.3.6/out/server/src/server.js:2291:2700\n    at /home/felipe/.vscode/extensions/uqbar.wollok-lsp-ide-0.3.6/out/server/src/server.js:2298:3774\n    at /home/felipe/.vscode/extensions/uqbar.wollok-lsp-ide-0.3.6/out/server/src/server.js:37:74872\n    at Fe (/home/felipe/.vscode/extensions/uqbar.wollok-lsp-ide-0.3.6/out/server/src/server.js:7:8527)\n    at Pt (/home/felipe/.vscode/extensions/uqbar.wollok-lsp-ide-0.3.6/out/server/src/server.js:7:6189)\n    at Gi (/home/felipe/.vscode/extensions/uqbar.wollok-lsp-ide-0.3.6/out/server/src/server.js:7:6378)\n    at Immediate._onImmediate (/home/felipe/.vscode/extensions/uqbar.wollok-lsp-ide-0.3.6/out/server/src/server.js:7:6142)\n    at process.processImmediate (node:internal/timers:483:21)","timestamp":"2024-10-11T13:21:43.540Z"}
{"level":"info","message":"⌛ Validating objetos.wlk","timeElapsed":230,"timestamp":"2024-10-11T13:21:43.780Z"}
{"level":"info","message":"⌛ Building environment","timeElapsed":140,"timestamp":"2024-10-11T13:21:43.920Z"}
{"level":"info","message":"⌛ Building environment","timeElapsed":140,"timestamp":"2024-10-11T13:21:44.060Z"}
{"level":"info","message":"⌛ Building environment","timeElapsed":148,"timestamp":"2024-10-11T13:21:44.210Z"}
{"level":"info","message":"⌛ Validating objetos.wlk","timeElapsed":193,"timestamp":"2024-10-11T13:21:44.404Z"}
{"level":"info","message":"⌛ Building environment","timeElapsed":257,"timestamp":"2024-10-11T13:21:44.661Z"}
{"level":"info","message":"⌛ Building environment","timeElapsed":158,"timestamp":"2024-10-11T13:21:44.826Z"}
{"level":"error","message":"✘ Completions for node failed: Error: [Parameter]{30921c} at objetos.wlk:30 exhausted all cases without a match [Parameter]{30921c} at objetos.wlk:30 exhausted all cases without a match","stack":"Error: [Parameter]{30921c} at objetos.wlk:30 exhausted all cases without a match\n    at /home/felipe/.vscode/extensions/uqbar.wollok-lsp-ide-0.3.6/out/server/src/server.js:38:6067\n    at yh (/home/felipe/.vscode/extensions/uqbar.wollok-lsp-ide-0.3.6/out/server/src/server.js:2291:42)\n    at /home/felipe/.vscode/extensions/uqbar.wollok-lsp-ide-0.3.6/out/server/src/server.js:2291:2700\n    at /home/felipe/.vscode/extensions/uqbar.wollok-lsp-ide-0.3.6/out/server/src/server.js:2298:3774\n    at /home/felipe/.vscode/extensions/uqbar.wollok-lsp-ide-0.3.6/out/server/src/server.js:37:74872\n    at Fe (/home/felipe/.vscode/extensions/uqbar.wollok-lsp-ide-0.3.6/out/server/src/server.js:7:8527)\n    at Pt (/home/felipe/.vscode/extensions/uqbar.wollok-lsp-ide-0.3.6/out/server/src/server.js:7:6189)\n    at Gi (/home/felipe/.vscode/extensions/uqbar.wollok-lsp-ide-0.3.6/out/server/src/server.js:7:6378)\n    at Immediate._onImmediate (/home/felipe/.vscode/extensions/uqbar.wollok-lsp-ide-0.3.6/out/server/src/server.js:7:6142)\n    at process.processImmediate (node:internal/timers:483:21)","timestamp":"2024-10-11T13:21:44.859Z"}
{"level":"info","message":"⌛ Validating objetos.wlk","timeElapsed":186,"timestamp":"2024-10-11T13:21:45.050Z"}
{"level":"info","message":"⌛ Validating objetos.wlk","timeElapsed":182,"timestamp":"2024-10-11T13:21:45.232Z"}
{"level":"info","message":"⌛ Validating objetos.wlk","timeElapsed":194,"timestamp":"2024-10-11T13:21:45.427Z"}
{"level":"info","message":"⌛ Validating objetos.wlk","timeElapsed":196,"timestamp":"2024-10-11T13:21:45.623Z"}
{"level":"info","message":"⌛ Validating objetos.wlk","timeElapsed":189,"timestamp":"2024-10-11T13:21:45.812Z"}
{"level":"info","message":"⌛ Building environment","timeElapsed":138,"timestamp":"2024-10-11T13:21:45.950Z"}
{"level":"info","message":"⌛ Validating objetos.wlk","timeElapsed":190,"timestamp":"2024-10-11T13:21:46.146Z"}
{"level":"info","message":"⌛ Building environment","timeElapsed":238,"timestamp":"2024-10-11T13:24:15.774Z"}
{"level":"info","message":"⌛ Validating objetos.wlk","timeElapsed":287,"timestamp":"2024-10-11T13:24:16.066Z"}
{"level":"info","message":"⌛ Building environment","timeElapsed":170,"timestamp":"2024-10-11T13:24:16.867Z"}
{"level":"info","message":"⌛ Validating objetos.wlk","timeElapsed":217,"timestamp":"2024-10-11T13:24:17.125Z"}
{"level":"info","message":"onRequest - completionItem/resolve","timestamp":"2024-10-11T13:24:17.126Z"}
{"level":"info","message":"⌛ Building environment","timeElapsed":176,"timestamp":"2024-10-11T13:24:17.489Z"}
{"level":"info","message":"⌛ Validating objetos.wlk","timeElapsed":191,"timestamp":"2024-10-11T13:24:17.682Z"}
{"level":"info","message":"⌛ Building environment","timeElapsed":335,"timestamp":"2024-10-11T13:24:18.745Z"}
{"level":"info","message":"⌛ Building environment","timeElapsed":145,"timestamp":"2024-10-11T13:24:18.891Z"}
{"level":"info","message":"⌛ Validating objetos.wlk","timeElapsed":230,"timestamp":"2024-10-11T13:24:19.122Z"}
{"level":"info","message":"⌛ Validating objetos.wlk","timeElapsed":207,"timestamp":"2024-10-11T13:24:19.337Z"}
{"level":"info","message":"⌛ Building environment","timeElapsed":176,"timestamp":"2024-10-11T13:24:19.514Z"}
{"level":"info","message":"⌛ Autocomplete - Singleton","timeElapsed":105,"timestamp":"2024-10-11T13:24:19.627Z"}
{"level":"info","message":"⌛ Building environment","timeElapsed":186,"timestamp":"2024-10-11T13:24:19.815Z"}
{"level":"info","message":"⌛ Building environment","timeElapsed":184,"timestamp":"2024-10-11T13:24:20.000Z"}
{"level":"info","message":"⌛ Validating objetos.wlk","timeElapsed":236,"timestamp":"2024-10-11T13:24:20.236Z"}
{"level":"info","message":"⌛ Building environment","timeElapsed":188,"timestamp":"2024-10-11T13:24:20.432Z"}
{"level":"info","message":"onRequest - completionItem/resolve","timestamp":"2024-10-11T13:24:20.432Z"}
{"level":"info","message":"⌛ Validating objetos.wlk","timeElapsed":213,"timestamp":"2024-10-11T13:24:20.646Z"}
{"level":"info","message":"⌛ Building environment","timeElapsed":250,"timestamp":"2024-10-11T13:24:20.955Z"}
{"level":"info","message":"onRequest - completionItem/resolve","timestamp":"2024-10-11T13:24:20.956Z"}
{"level":"info","message":"⌛ Validating objetos.wlk","timeElapsed":241,"timestamp":"2024-10-11T13:24:21.197Z"}
{"level":"info","message":"⌛ Building environment","timeElapsed":169,"timestamp":"2024-10-11T13:24:21.378Z"}
{"level":"info","message":"onRequest - completionItem/resolve","timestamp":"2024-10-11T13:24:21.379Z"}
{"level":"info","message":"⌛ Validating objetos.wlk","timeElapsed":220,"timestamp":"2024-10-11T13:24:21.600Z"}
{"level":"info","message":"⌛ Building environment","timeElapsed":171,"timestamp":"2024-10-11T13:24:21.771Z"}
{"level":"info","message":"onRequest - completionItem/resolve","timestamp":"2024-10-11T13:24:21.780Z"}
{"level":"info","message":"⌛ Building environment","timeElapsed":280,"timestamp":"2024-10-11T13:24:22.061Z"}
{"level":"info","message":"onRequest - completionItem/resolve","timestamp":"2024-10-11T13:24:22.061Z"}
{"level":"info","message":"⌛ Building environment","timeElapsed":166,"timestamp":"2024-10-11T13:24:22.228Z"}
{"level":"info","message":"onRequest - completionItem/resolve","timestamp":"2024-10-11T13:24:22.229Z"}
{"level":"info","message":"⌛ Building environment","timeElapsed":161,"timestamp":"2024-10-11T13:24:22.390Z"}
{"level":"info","message":"onRequest - completionItem/resolve","timestamp":"2024-10-11T13:24:22.391Z"}
{"level":"info","message":"⌛ Validating objetos.wlk","timeElapsed":211,"timestamp":"2024-10-11T13:24:22.603Z"}
{"level":"info","message":"⌛ Building environment","timeElapsed":185,"timestamp":"2024-10-11T13:24:22.789Z"}
{"level":"info","message":"onRequest - completionItem/resolve","timestamp":"2024-10-11T13:24:22.798Z"}
{"level":"info","message":"⌛ Building environment","timeElapsed":162,"timestamp":"2024-10-11T13:24:22.960Z"}
{"level":"info","message":"onRequest - completionItem/resolve","timestamp":"2024-10-11T13:24:22.961Z"}
{"level":"info","message":"⌛ Validating objetos.wlk","timeElapsed":199,"timestamp":"2024-10-11T13:24:23.160Z"}
{"level":"info","message":"⌛ Building environment","timeElapsed":141,"timestamp":"2024-10-11T13:24:23.301Z"}
{"level":"info","message":"onRequest - completionItem/resolve","timestamp":"2024-10-11T13:24:23.308Z"}
{"level":"info","message":"⌛ Building environment","timeElapsed":147,"timestamp":"2024-10-11T13:24:23.455Z"}
{"level":"info","message":"⌛ Validating objetos.wlk","timeElapsed":194,"timestamp":"2024-10-11T13:24:23.651Z"}
{"level":"info","message":"⌛ Validating objetos.wlk","timeElapsed":191,"timestamp":"2024-10-11T13:24:23.850Z"}
{"level":"info","message":"⌛ Building environment","timeElapsed":199,"timestamp":"2024-10-11T13:24:24.049Z"}
{"level":"info","message":"⌛ Building environment","timeElapsed":160,"timestamp":"2024-10-11T13:24:24.277Z"}
{"level":"info","message":"⌛ Validating objetos.wlk","timeElapsed":192,"timestamp":"2024-10-11T13:24:24.475Z"}
{"level":"info","message":"⌛ Building environment","timeElapsed":157,"timestamp":"2024-10-11T13:24:24.632Z"}
{"level":"info","message":"⌛ Validating objetos.wlk","timeElapsed":197,"timestamp":"2024-10-11T13:24:24.829Z"}
{"level":"info","message":"⌛ Building environment","timeElapsed":151,"timestamp":"2024-10-11T13:24:24.981Z"}
{"level":"info","message":"⌛ Building environment","timeElapsed":217,"timestamp":"2024-10-11T13:24:25.198Z"}
{"level":"info","message":"⌛ Building environment","timeElapsed":146,"timestamp":"2024-10-11T13:24:25.346Z"}
{"level":"info","message":"⌛ Validating objetos.wlk","timeElapsed":186,"timestamp":"2024-10-11T13:24:25.538Z"}
{"level":"info","message":"⌛ Building environment","timeElapsed":144,"timestamp":"2024-10-11T13:24:25.683Z"}
{"level":"info","message":"⌛ Validating objetos.wlk","timeElapsed":193,"timestamp":"2024-10-11T13:24:25.877Z"}
{"level":"info","message":"⌛ Building environment","timeElapsed":152,"timestamp":"2024-10-11T13:24:26.030Z"}
{"level":"info","message":"⌛ Validating objetos.wlk","timeElapsed":188,"timestamp":"2024-10-11T13:24:26.225Z"}
{"level":"info","message":"⌛ Building environment","timeElapsed":137,"timestamp":"2024-10-11T13:24:26.364Z"}
{"level":"info","message":"⌛ Validating objetos.wlk","timeElapsed":183,"timestamp":"2024-10-11T13:24:26.554Z"}
{"level":"info","message":"⌛ Validating objetos.wlk","timeElapsed":182,"timestamp":"2024-10-11T13:24:26.746Z"}
{"level":"info","message":"⌛ Validating objetos.wlk","timeElapsed":194,"timestamp":"2024-10-11T13:24:26.941Z"}
{"level":"info","message":"⌛ Building environment","timeElapsed":143,"timestamp":"2024-10-11T13:24:27.085Z"}
{"level":"info","message":"⌛ Validating objetos.wlk","timeElapsed":216,"timestamp":"2024-10-11T13:24:27.302Z"}
{"level":"info","message":"⌛ Building environment","timeElapsed":147,"timestamp":"2024-10-11T13:24:27.451Z"}
{"level":"info","message":"⌛ Validating objetos.wlk","timeElapsed":196,"timestamp":"2024-10-11T13:24:27.648Z"}
{"level":"info","message":"⌛ Validating objetos.wlk","timeElapsed":191,"timestamp":"2024-10-11T13:24:27.847Z"}
{"level":"info","message":"⌛ Validating objetos.wlk","timeElapsed":196,"timestamp":"2024-10-11T13:24:28.043Z"}
{"level":"info","message":"⌛ Validating objetos.wlk","timeElapsed":201,"timestamp":"2024-10-11T13:24:28.244Z"}
{"level":"info","message":"⌛ Validating objetos.wlk","timeElapsed":194,"timestamp":"2024-10-11T13:24:28.438Z"}
{"level":"info","message":"⌛ Validating objetos.wlk","timeElapsed":209,"timestamp":"2024-10-11T13:24:28.648Z"}
{"level":"info","message":"⌛ Validating objetos.wlk","timeElapsed":206,"timestamp":"2024-10-11T13:24:28.855Z"}
{"level":"info","message":"⌛ Building environment","timeElapsed":157,"timestamp":"2024-10-11T13:24:29.013Z"}
{"level":"info","message":"⌛ Validating objetos.wlk","timeElapsed":233,"timestamp":"2024-10-11T13:24:29.256Z"}
{"level":"info","message":"⌛ Building environment","timeElapsed":142,"timestamp":"2024-10-11T13:24:29.398Z"}
{"level":"info","message":"⌛ Validating objetos.wlk","timeElapsed":191,"timestamp":"2024-10-11T13:24:29.597Z"}
{"level":"info","message":"⌛ Validating objetos.wlk","timeElapsed":248,"timestamp":"2024-10-11T13:24:29.845Z"}
{"level":"info","message":"⌛ Building environment","timeElapsed":141,"timestamp":"2024-10-11T13:24:30.517Z"}
{"level":"info","message":"⌛ Validating objetos.wlk","timeElapsed":188,"timestamp":"2024-10-11T13:24:30.715Z"}
{"level":"info","message":"⌛ Building environment","timeElapsed":211,"timestamp":"2024-10-11T13:24:37.412Z"}
{"level":"info","message":"⌛ Validating objetos.wlk","timeElapsed":186,"timestamp":"2024-10-11T13:24:37.600Z"}
{"level":"info","message":"⌛ Building environment","timeElapsed":186,"timestamp":"2024-10-11T13:24:39.104Z"}
{"level":"info","message":"⌛ Building environment","timeElapsed":157,"timestamp":"2024-10-11T13:24:39.305Z"}
{"level":"info","message":"⌛ Validating objetos.wlk","timeElapsed":296,"timestamp":"2024-10-11T13:24:39.603Z"}
{"level":"info","message":"onRequest - completionItem/resolve","timestamp":"2024-10-11T13:24:39.604Z"}
{"level":"info","message":"⌛ Building environment","timeElapsed":214,"timestamp":"2024-10-11T13:24:39.818Z"}
{"level":"info","message":"onRequest - completionItem/resolve","timestamp":"2024-10-11T13:24:39.826Z"}
{"level":"info","message":"⌛ Validating objetos.wlk","timeElapsed":216,"timestamp":"2024-10-11T13:24:40.042Z"}
{"level":"info","message":"⌛ Building environment","timeElapsed":155,"timestamp":"2024-10-11T13:24:40.197Z"}
{"level":"info","message":"onRequest - completionItem/resolve","timestamp":"2024-10-11T13:24:40.198Z"}
{"level":"info","message":"⌛ Building environment","timeElapsed":184,"timestamp":"2024-10-11T13:24:40.383Z"}
{"level":"info","message":"onRequest - completionItem/resolve","timestamp":"2024-10-11T13:24:40.389Z"}
{"level":"info","message":"⌛ Building environment","timeElapsed":150,"timestamp":"2024-10-11T13:24:40.539Z"}
{"level":"info","message":"onRequest - completionItem/resolve","timestamp":"2024-10-11T13:24:40.540Z"}
{"level":"info","message":"⌛ Building environment","timeElapsed":161,"timestamp":"2024-10-11T13:24:40.701Z"}
{"level":"info","message":"onRequest - completionItem/resolve","timestamp":"2024-10-11T13:24:40.702Z"}
{"level":"info","message":"⌛ Validating objetos.wlk","timeElapsed":211,"timestamp":"2024-10-11T13:24:40.913Z"}
{"level":"info","message":"⌛ Building environment","timeElapsed":149,"timestamp":"2024-10-11T13:24:41.064Z"}
{"level":"info","message":"onRequest - completionItem/resolve","timestamp":"2024-10-11T13:24:41.065Z"}
{"level":"info","message":"⌛ Validating objetos.wlk","timeElapsed":197,"timestamp":"2024-10-11T13:24:41.270Z"}
{"level":"info","message":"⌛ Validating objetos.wlk","timeElapsed":200,"timestamp":"2024-10-11T13:24:41.470Z"}
{"level":"info","message":"⌛ Validating objetos.wlk","timeElapsed":207,"timestamp":"2024-10-11T13:24:41.678Z"}
{"level":"info","message":"⌛ Building environment","timeElapsed":149,"timestamp":"2024-10-11T13:24:41.827Z"}
{"level":"info","message":"⌛ Validating objetos.wlk","timeElapsed":211,"timestamp":"2024-10-11T13:24:42.083Z"}
{"level":"info","message":"⌛ Building environment","timeElapsed":197,"timestamp":"2024-10-11T13:24:42.281Z"}
{"level":"info","message":"⌛ Validating objetos.wlk","timeElapsed":209,"timestamp":"2024-10-11T13:24:42.497Z"}
{"level":"info","message":"⌛ Building environment","timeElapsed":157,"timestamp":"2024-10-11T13:24:42.654Z"}
{"level":"info","message":"⌛ Building environment","timeElapsed":156,"timestamp":"2024-10-11T13:24:42.810Z"}
{"level":"info","message":"⌛ Building environment","timeElapsed":148,"timestamp":"2024-10-11T13:24:42.972Z"}
{"level":"info","message":"⌛ Validating objetos.wlk","timeElapsed":189,"timestamp":"2024-10-11T13:24:43.161Z"}
{"level":"info","message":"onRequest - completionItem/resolve","timestamp":"2024-10-11T13:24:43.162Z"}
{"level":"info","message":"⌛ Building environment","timeElapsed":160,"timestamp":"2024-10-11T13:24:43.330Z"}
{"level":"info","message":"onRequest - completionItem/resolve","timestamp":"2024-10-11T13:24:43.331Z"}
{"level":"info","message":"⌛ Validating objetos.wlk","timeElapsed":212,"timestamp":"2024-10-11T13:24:43.549Z"}
{"level":"info","message":"⌛ Building environment","timeElapsed":154,"timestamp":"2024-10-11T13:24:43.703Z"}
{"level":"info","message":"⌛ Validating objetos.wlk","timeElapsed":205,"timestamp":"2024-10-11T13:24:43.922Z"}
{"level":"info","message":"⌛ Building environment","timeElapsed":196,"timestamp":"2024-10-11T13:24:44.120Z"}
{"level":"info","message":"⌛ Validating objetos.wlk","timeElapsed":267,"timestamp":"2024-10-11T13:24:44.390Z"}
{"level":"info","message":"⌛ Validating objetos.wlk","timeElapsed":195,"timestamp":"2024-10-11T13:24:44.586Z"}
{"level":"info","message":"⌛ Validating objetos.wlk","timeElapsed":189,"timestamp":"2024-10-11T13:24:44.784Z"}
{"level":"info","message":"⌛ Building environment","timeElapsed":147,"timestamp":"2024-10-11T13:24:44.932Z"}
{"level":"error","message":"✘ Completions for node failed: Error: [Return]{b054e4} at objetos.wlk:-- exhausted all cases without a match [Return]{b054e4} at objetos.wlk:-- exhausted all cases without a match","stack":"Error: [Return]{b054e4} at objetos.wlk:-- exhausted all cases without a match\n    at /home/felipe/.vscode/extensions/uqbar.wollok-lsp-ide-0.3.6/out/server/src/server.js:38:6067\n    at yh (/home/felipe/.vscode/extensions/uqbar.wollok-lsp-ide-0.3.6/out/server/src/server.js:2291:42)\n    at kh (/home/felipe/.vscode/extensions/uqbar.wollok-lsp-ide-0.3.6/out/server/src/server.js:2291:1004)\n    at Y5n (/home/felipe/.vscode/extensions/uqbar.wollok-lsp-ide-0.3.6/out/server/src/server.js:2291:1160)\n    at /home/felipe/.vscode/extensions/uqbar.wollok-lsp-ide-0.3.6/out/server/src/server.js:38:6056\n    at yh (/home/felipe/.vscode/extensions/uqbar.wollok-lsp-ide-0.3.6/out/server/src/server.js:2291:42)\n    at /home/felipe/.vscode/extensions/uqbar.wollok-lsp-ide-0.3.6/out/server/src/server.js:2291:2700\n    at /home/felipe/.vscode/extensions/uqbar.wollok-lsp-ide-0.3.6/out/server/src/server.js:2298:3774\n    at /home/felipe/.vscode/extensions/uqbar.wollok-lsp-ide-0.3.6/out/server/src/server.js:37:74872\n    at Fe (/home/felipe/.vscode/extensions/uqbar.wollok-lsp-ide-0.3.6/out/server/src/server.js:7:8527)","timestamp":"2024-10-11T13:24:44.971Z"}
{"level":"info","message":"⌛ Building environment","timeElapsed":156,"timestamp":"2024-10-11T13:24:45.136Z"}
{"level":"info","message":"⌛ Building environment","timeElapsed":143,"timestamp":"2024-10-11T13:24:45.279Z"}
{"level":"info","message":"⌛ Validating objetos.wlk","timeElapsed":222,"timestamp":"2024-10-11T13:24:45.501Z"}
{"level":"info","message":"⌛ Building environment","timeElapsed":151,"timestamp":"2024-10-11T13:24:45.653Z"}
{"level":"info","message":"⌛ Validating objetos.wlk","timeElapsed":195,"timestamp":"2024-10-11T13:24:45.857Z"}
{"level":"info","message":"⌛ Building environment","timeElapsed":156,"timestamp":"2024-10-11T13:24:46.016Z"}
{"level":"info","message":"⌛ Validating objetos.wlk","timeElapsed":187,"timestamp":"2024-10-11T13:24:46.204Z"}
{"level":"info","message":"⌛ Building environment","timeElapsed":248,"timestamp":"2024-10-11T13:24:46.459Z"}
{"level":"info","message":"⌛ Validating objetos.wlk","timeElapsed":260,"timestamp":"2024-10-11T13:24:46.725Z"}
{"level":"info","message":"⌛ Validating objetos.wlk","timeElapsed":243,"timestamp":"2024-10-11T13:24:46.970Z"}
{"level":"info","message":"⌛ Building environment","timeElapsed":158,"timestamp":"2024-10-11T13:24:47.130Z"}
{"level":"info","message":"⌛ Building environment","timeElapsed":156,"timestamp":"2024-10-11T13:24:47.287Z"}
{"level":"info","message":"⌛ Validating objetos.wlk","timeElapsed":212,"timestamp":"2024-10-11T13:24:47.499Z"}
{"level":"info","message":"⌛ Validating objetos.wlk","timeElapsed":197,"timestamp":"2024-10-11T13:24:47.708Z"}
{"level":"info","message":"⌛ Validating objetos.wlk","timeElapsed":193,"timestamp":"2024-10-11T13:24:47.902Z"}
{"level":"info","message":"⌛ Validating objetos.wlk","timeElapsed":187,"timestamp":"2024-10-11T13:24:48.089Z"}
{"level":"info","message":"⌛ Validating objetos.wlk","timeElapsed":265,"timestamp":"2024-10-11T13:24:48.356Z"}
{"level":"info","message":"⌛ Building environment","timeElapsed":255,"timestamp":"2024-10-11T13:25:30.333Z"}
{"level":"error","message":"✘ Completions for node failed: Error: [Return]{529311} at objetos.wlk:-- exhausted all cases without a match [Return]{529311} at objetos.wlk:-- exhausted all cases without a match","stack":"Error: [Return]{529311} at objetos.wlk:-- exhausted all cases without a match\n    at /home/felipe/.vscode/extensions/uqbar.wollok-lsp-ide-0.3.6/out/server/src/server.js:38:6067\n    at yh (/home/felipe/.vscode/extensions/uqbar.wollok-lsp-ide-0.3.6/out/server/src/server.js:2291:42)\n    at kh (/home/felipe/.vscode/extensions/uqbar.wollok-lsp-ide-0.3.6/out/server/src/server.js:2291:1004)\n    at Y5n (/home/felipe/.vscode/extensions/uqbar.wollok-lsp-ide-0.3.6/out/server/src/server.js:2291:1160)\n    at /home/felipe/.vscode/extensions/uqbar.wollok-lsp-ide-0.3.6/out/server/src/server.js:38:6056\n    at yh (/home/felipe/.vscode/extensions/uqbar.wollok-lsp-ide-0.3.6/out/server/src/server.js:2291:42)\n    at /home/felipe/.vscode/extensions/uqbar.wollok-lsp-ide-0.3.6/out/server/src/server.js:2291:2700\n    at /home/felipe/.vscode/extensions/uqbar.wollok-lsp-ide-0.3.6/out/server/src/server.js:2298:3774\n    at /home/felipe/.vscode/extensions/uqbar.wollok-lsp-ide-0.3.6/out/server/src/server.js:37:74872\n    at Fe (/home/felipe/.vscode/extensions/uqbar.wollok-lsp-ide-0.3.6/out/server/src/server.js:7:8527)","timestamp":"2024-10-11T13:25:30.371Z"}
{"level":"info","message":"⌛ Building environment","timeElapsed":287,"timestamp":"2024-10-11T13:25:30.666Z"}
{"level":"info","message":"⌛ Validating objetos.wlk","timeElapsed":226,"timestamp":"2024-10-11T13:25:30.898Z"}
{"level":"info","message":"onRequest - completionItem/resolve","timestamp":"2024-10-11T13:25:30.898Z"}
{"level":"info","message":"⌛ Building environment","timeElapsed":183,"timestamp":"2024-10-11T13:25:31.081Z"}
{"level":"info","message":"onRequest - completionItem/resolve","timestamp":"2024-10-11T13:25:31.082Z"}
{"level":"info","message":"⌛ Building environment","timeElapsed":160,"timestamp":"2024-10-11T13:25:31.242Z"}
{"level":"info","message":"onRequest - completionItem/resolve","timestamp":"2024-10-11T13:25:31.243Z"}
{"level":"info","message":"⌛ Validating objetos.wlk","timeElapsed":211,"timestamp":"2024-10-11T13:25:31.455Z"}
{"level":"info","message":"⌛ Validating objetos.wlk","timeElapsed":234,"timestamp":"2024-10-11T13:25:31.749Z"}
{"level":"info","message":"⌛ Building environment","timeElapsed":197,"timestamp":"2024-10-11T13:25:31.948Z"}
{"level":"info","message":"⌛ Validating objetos.wlk","timeElapsed":237,"timestamp":"2024-10-11T13:25:32.241Z"}
{"level":"info","message":"⌛ Building environment","timeElapsed":162,"timestamp":"2024-10-11T13:25:32.403Z"}
{"level":"info","message":"⌛ Building environment","timeElapsed":188,"timestamp":"2024-10-11T13:25:32.593Z"}
{"level":"info","message":"⌛ Building environment","timeElapsed":273,"timestamp":"2024-10-11T13:25:32.867Z"}
{"level":"info","message":"⌛ Building environment","timeElapsed":172,"timestamp":"2024-10-11T13:25:33.041Z"}
{"level":"info","message":"⌛ Validating objetos.wlk","timeElapsed":230,"timestamp":"2024-10-11T13:25:33.271Z"}
{"level":"info","message":"⌛ Building environment","timeElapsed":259,"timestamp":"2024-10-11T13:25:33.530Z"}
{"level":"info","message":"onRequest - completionItem/resolve","timestamp":"2024-10-11T13:25:33.531Z"}
{"level":"info","message":"⌛ Building environment","timeElapsed":203,"timestamp":"2024-10-11T13:25:33.734Z"}
{"level":"info","message":"onRequest - completionItem/resolve","timestamp":"2024-10-11T13:25:33.741Z"}
{"level":"info","message":"⌛ Validating objetos.wlk","timeElapsed":188,"timestamp":"2024-10-11T13:25:33.929Z"}
{"level":"info","message":"⌛ Validating objetos.wlk","timeElapsed":202,"timestamp":"2024-10-11T13:25:34.138Z"}
{"level":"info","message":"⌛ Validating objetos.wlk","timeElapsed":202,"timestamp":"2024-10-11T13:25:34.343Z"}
{"level":"info","message":"onRequest - completionItem/resolve","timestamp":"2024-10-11T13:25:34.343Z"}
{"level":"info","message":"⌛ Building environment","timeElapsed":155,"timestamp":"2024-10-11T13:25:34.498Z"}
{"level":"info","message":"⌛ Validating objetos.wlk","timeElapsed":228,"timestamp":"2024-10-11T13:25:34.727Z"}
{"level":"info","message":"⌛ Validating objetos.wlk","timeElapsed":189,"timestamp":"2024-10-11T13:25:34.924Z"}
{"level":"info","message":"⌛ Validating objetos.wlk","timeElapsed":193,"timestamp":"2024-10-11T13:25:35.117Z"}
{"level":"info","message":"⌛ Validating objetos.wlk","timeElapsed":191,"timestamp":"2024-10-11T13:25:35.310Z"}
{"level":"info","message":"⌛ Building environment","timeElapsed":149,"timestamp":"2024-10-11T13:25:35.460Z"}
{"level":"info","message":"⌛ Validating objetos.wlk","timeElapsed":209,"timestamp":"2024-10-11T13:25:35.676Z"}
{"level":"info","message":"⌛ Building environment","timeElapsed":156,"timestamp":"2024-10-11T13:25:35.832Z"}
{"level":"info","message":"⌛ Building environment","timeElapsed":146,"timestamp":"2024-10-11T13:25:35.980Z"}
{"level":"info","message":"⌛ Validating objetos.wlk","timeElapsed":219,"timestamp":"2024-10-11T13:25:36.206Z"}
{"level":"info","message":"⌛ Validating objetos.wlk","timeElapsed":212,"timestamp":"2024-10-11T13:25:36.418Z"}
{"level":"info","message":"⌛ Building environment","timeElapsed":159,"timestamp":"2024-10-11T13:25:36.577Z"}
{"level":"info","message":"⌛ Building environment","timeElapsed":158,"timestamp":"2024-10-11T13:25:36.741Z"}
{"level":"error","message":"✘ Completions for node failed: Error: [Send]{c60f71} at objetos.wlk:32 exhausted all cases without a match [Send]{c60f71} at objetos.wlk:32 exhausted all cases without a match","stack":"Error: [Send]{c60f71} at objetos.wlk:32 exhausted all cases without a match\n    at /home/felipe/.vscode/extensions/uqbar.wollok-lsp-ide-0.3.6/out/server/src/server.js:38:6067\n    at yh (/home/felipe/.vscode/extensions/uqbar.wollok-lsp-ide-0.3.6/out/server/src/server.js:2291:42)\n    at kh (/home/felipe/.vscode/extensions/uqbar.wollok-lsp-ide-0.3.6/out/server/src/server.js:2291:1004)\n    at Y5n (/home/felipe/.vscode/extensions/uqbar.wollok-lsp-ide-0.3.6/out/server/src/server.js:2291:1160)\n    at /home/felipe/.vscode/extensions/uqbar.wollok-lsp-ide-0.3.6/out/server/src/server.js:38:6056\n    at yh (/home/felipe/.vscode/extensions/uqbar.wollok-lsp-ide-0.3.6/out/server/src/server.js:2291:42)\n    at /home/felipe/.vscode/extensions/uqbar.wollok-lsp-ide-0.3.6/out/server/src/server.js:2291:2700\n    at /home/felipe/.vscode/extensions/uqbar.wollok-lsp-ide-0.3.6/out/server/src/server.js:2298:3774\n    at /home/felipe/.vscode/extensions/uqbar.wollok-lsp-ide-0.3.6/out/server/src/server.js:37:74872\n    at Fe (/home/felipe/.vscode/extensions/uqbar.wollok-lsp-ide-0.3.6/out/server/src/server.js:7:8527)","timestamp":"2024-10-11T13:25:36.790Z"}
{"level":"error","message":"✘ Completions for node failed: Error: [Return]{4dc3ce} at objetos.wlk:-- exhausted all cases without a match [Return]{4dc3ce} at objetos.wlk:-- exhausted all cases without a match","stack":"Error: [Return]{4dc3ce} at objetos.wlk:-- exhausted all cases without a match\n    at /home/felipe/.vscode/extensions/uqbar.wollok-lsp-ide-0.3.6/out/server/src/server.js:38:6067\n    at yh (/home/felipe/.vscode/extensions/uqbar.wollok-lsp-ide-0.3.6/out/server/src/server.js:2291:42)\n    at kh (/home/felipe/.vscode/extensions/uqbar.wollok-lsp-ide-0.3.6/out/server/src/server.js:2291:1004)\n    at yh (/home/felipe/.vscode/extensions/uqbar.wollok-lsp-ide-0.3.6/out/server/src/server.js:2291:456)\n    at kh (/home/felipe/.vscode/extensions/uqbar.wollok-lsp-ide-0.3.6/out/server/src/server.js:2291:1004)\n    at Y5n (/home/felipe/.vscode/extensions/uqbar.wollok-lsp-ide-0.3.6/out/server/src/server.js:2291:1160)\n    at /home/felipe/.vscode/extensions/uqbar.wollok-lsp-ide-0.3.6/out/server/src/server.js:38:6056\n    at yh (/home/felipe/.vscode/extensions/uqbar.wollok-lsp-ide-0.3.6/out/server/src/server.js:2291:42)\n    at /home/felipe/.vscode/extensions/uqbar.wollok-lsp-ide-0.3.6/out/server/src/server.js:2291:2700\n    at /home/felipe/.vscode/extensions/uqbar.wollok-lsp-ide-0.3.6/out/server/src/server.js:2298:3774","timestamp":"2024-10-11T13:25:36.792Z"}
{"level":"info","message":"⌛ Validating objetos.wlk","timeElapsed":233,"timestamp":"2024-10-11T13:25:37.032Z"}
{"level":"info","message":"⌛ Building environment","timeElapsed":324,"timestamp":"2024-10-11T13:25:37.359Z"}
{"level":"info","message":"⌛ Validating objetos.wlk","timeElapsed":250,"timestamp":"2024-10-11T13:25:37.610Z"}
{"level":"info","message":"⌛ Building environment","timeElapsed":149,"timestamp":"2024-10-11T13:25:37.759Z"}
{"level":"info","message":"onRequest - completionItem/resolve","timestamp":"2024-10-11T13:25:37.760Z"}
{"level":"info","message":"⌛ Building environment","timeElapsed":231,"timestamp":"2024-10-11T13:25:37.992Z"}
{"level":"info","message":"onRequest - completionItem/resolve","timestamp":"2024-10-11T13:25:37.998Z"}
{"level":"info","message":"⌛ Building environment","timeElapsed":150,"timestamp":"2024-10-11T13:25:38.149Z"}
{"level":"info","message":"onRequest - completionItem/resolve","timestamp":"2024-10-11T13:25:38.149Z"}
{"level":"info","message":"⌛ Building environment","timeElapsed":139,"timestamp":"2024-10-11T13:25:38.289Z"}
{"level":"info","message":"onRequest - completionItem/resolve","timestamp":"2024-10-11T13:25:38.289Z"}
{"level":"info","message":"⌛ Building environment","timeElapsed":159,"timestamp":"2024-10-11T13:25:38.448Z"}
{"level":"info","message":"onRequest - completionItem/resolve","timestamp":"2024-10-11T13:25:38.449Z"}
{"level":"info","message":"⌛ Validating objetos.wlk","timeElapsed":191,"timestamp":"2024-10-11T13:25:38.641Z"}
{"level":"info","message":"⌛ Building environment","timeElapsed":145,"timestamp":"2024-10-11T13:25:38.786Z"}
{"level":"info","message":"onRequest - completionItem/resolve","timestamp":"2024-10-11T13:25:38.793Z"}
{"level":"info","message":"⌛ Validating objetos.wlk","timeElapsed":190,"timestamp":"2024-10-11T13:25:38.983Z"}
{"level":"info","message":"⌛ Validating objetos.wlk","timeElapsed":190,"timestamp":"2024-10-11T13:25:39.181Z"}
{"level":"info","message":"⌛ Validating objetos.wlk","timeElapsed":206,"timestamp":"2024-10-11T13:25:39.389Z"}
{"level":"info","message":"⌛ Validating objetos.wlk","timeElapsed":180,"timestamp":"2024-10-11T13:25:39.570Z"}
{"level":"info","message":"⌛ Validating objetos.wlk","timeElapsed":193,"timestamp":"2024-10-11T13:25:39.764Z"}
{"level":"info","message":"⌛ Validating objetos.wlk","timeElapsed":211,"timestamp":"2024-10-11T13:25:39.975Z"}
{"level":"info","message":"⌛ Building environment","timeElapsed":283,"timestamp":"2024-10-11T13:25:40.260Z"}
{"level":"info","message":"⌛ Building environment","timeElapsed":161,"timestamp":"2024-10-11T13:25:40.423Z"}
{"level":"info","message":"⌛ Validating objetos.wlk","timeElapsed":189,"timestamp":"2024-10-11T13:25:40.612Z"}
{"level":"info","message":"⌛ Validating objetos.wlk","timeElapsed":229,"timestamp":"2024-10-11T13:25:40.848Z"}
{"level":"info","message":"⌛ Building environment","timeElapsed":163,"timestamp":"2024-10-11T13:25:41.014Z"}
{"level":"info","message":"⌛ Building environment","timeElapsed":180,"timestamp":"2024-10-11T13:25:41.231Z"}
{"level":"info","message":"⌛ Building environment","timeElapsed":164,"timestamp":"2024-10-11T13:25:41.395Z"}
{"level":"info","message":"⌛ Validating objetos.wlk","timeElapsed":196,"timestamp":"2024-10-11T13:25:41.592Z"}
{"level":"info","message":"⌛ Building environment","timeElapsed":154,"timestamp":"2024-10-11T13:25:41.748Z"}
{"level":"info","message":"onRequest - completionItem/resolve","timestamp":"2024-10-11T13:25:41.749Z"}
{"level":"info","message":"⌛ Building environment","timeElapsed":165,"timestamp":"2024-10-11T13:25:41.915Z"}
{"level":"info","message":"onRequest - completionItem/resolve","timestamp":"2024-10-11T13:25:41.915Z"}
{"level":"info","message":"⌛ Validating objetos.wlk","timeElapsed":190,"timestamp":"2024-10-11T13:25:42.107Z"}
{"level":"error","message":"✘ Failed to rebuild document Failed to parse objetos.wlk: \n-- PARSING FAILED --------------------------------------------------\n\n  34 | \n  35 | \tmethod\n> 36 | }\n     | ^\n  37 | \n  38 | \n\nExpected one of the following: \n\n'!=', '!==', '%', '&&', '*', '**', '+', '-', '->', '..', '..<', '/', '<', '<<', '<<<', '<=', '<=>', '<>', '==', '===', '>', '>..', '>=', '>>', '>>>', '?:', '@', 'and', 'class', 'const', 'describe', 'invert', 'mixin', 'negate', 'object', 'only', 'or', 'package', 'plus', 'program', 'test', 'var', '{', '||', EOF, comment, identifier, not \"}\n\n\n\", whitespace\n","stack":"Error: Failed to parse objetos.wlk: \n-- PARSING FAILED --------------------------------------------------\n\n  34 | \n  35 | \tmethod\n> 36 | }\n     | ^\n  37 | \n  38 | \n\nExpected one of the following: \n\n'!=', '!==', '%', '&&', '*', '**', '+', '-', '->', '..', '..<', '/', '<', '<<', '<<<', '<=', '<=>', '<>', '==', '===', '>', '>..', '>=', '>>', '>>>', '?:', '@', 'and', 'class', 'const', 'describe', 'invert', 'mixin', 'negate', 'object', 'only', 'or', 'package', 'plus', 'program', 'test', 'var', '{', '||', EOF, comment, identifier, not \"}\n\n\n\", whitespace\n\n    at /home/felipe/.vscode/extensions/uqbar.wollok-lsp-ide-0.3.6/out/server/src/server.js:2254:32415\n    at Array.map (<anonymous>)\n    at Jfn (/home/felipe/.vscode/extensions/uqbar.wollok-lsp-ide-0.3.6/out/server/src/server.js:2254:32339)\n    at k2.buildEnvironmentFrom (/home/felipe/.vscode/extensions/uqbar.wollok-lsp-ide-0.3.6/out/server/src/server.js:2285:6721)\n    at k2.updateEnvironmentWith (/home/felipe/.vscode/extensions/uqbar.wollok-lsp-ide-0.3.6/out/server/src/server.js:2285:6456)\n    at jL (/home/felipe/.vscode/extensions/uqbar.wollok-lsp-ide-0.3.6/out/server/src/server.js:2298:2292)\n    at v3.invoke (/home/felipe/.vscode/extensions/uqbar.wollok-lsp-ide-0.3.6/out/server/src/server.js:3:157200)\n    at o.fire (/home/felipe/.vscode/extensions/uqbar.wollok-lsp-ide-0.3.6/out/server/src/server.js:3:157970)\n    at /home/felipe/.vscode/extensions/uqbar.wollok-lsp-ide-0.3.6/out/server/src/server.js:37:57871\n    at Vr (/home/felipe/.vscode/extensions/uqbar.wollok-lsp-ide-0.3.6/out/server/src/server.js:8:1561)","timestamp":"2024-10-11T13:25:42.206Z"}
{"level":"info","message":"onRequest - completionItem/resolve","timestamp":"2024-10-11T13:25:42.208Z"}
{"level":"info","message":"⌛ Validating objetos.wlk","timeElapsed":245,"timestamp":"2024-10-11T13:25:42.453Z"}
{"level":"info","message":"⌛ Validating objetos.wlk","timeElapsed":190,"timestamp":"2024-10-11T13:25:42.651Z"}
{"level":"error","message":"✘ Failed to rebuild document Failed to parse objetos.wlk: \n-- PARSING FAILED --------------------------------------------------\n\n  34 | \n  35 | \tmethod \n> 36 | }\n     | ^\n  37 | \n  38 | \n\nExpected one of the following: \n\n'!=', '!==', '%', '&&', '*', '**', '+', '-', '->', '..', '..<', '/', '<', '<<', '<<<', '<=', '<=>', '<>', '==', '===', '>', '>..', '>=', '>>', '>>>', '?:', '@', 'and', 'class', 'const', 'describe', 'invert', 'mixin', 'negate', 'object', 'only', 'or', 'package', 'plus', 'program', 'test', 'var', '{', '||', EOF, comment, identifier, not \"}\n\n\n\", whitespace\n","stack":"Error: Failed to parse objetos.wlk: \n-- PARSING FAILED --------------------------------------------------\n\n  34 | \n  35 | \tmethod \n> 36 | }\n     | ^\n  37 | \n  38 | \n\nExpected one of the following: \n\n'!=', '!==', '%', '&&', '*', '**', '+', '-', '->', '..', '..<', '/', '<', '<<', '<<<', '<=', '<=>', '<>', '==', '===', '>', '>..', '>=', '>>', '>>>', '?:', '@', 'and', 'class', 'const', 'describe', 'invert', 'mixin', 'negate', 'object', 'only', 'or', 'package', 'plus', 'program', 'test', 'var', '{', '||', EOF, comment, identifier, not \"}\n\n\n\", whitespace\n\n    at /home/felipe/.vscode/extensions/uqbar.wollok-lsp-ide-0.3.6/out/server/src/server.js:2254:32415\n    at Array.map (<anonymous>)\n    at Jfn (/home/felipe/.vscode/extensions/uqbar.wollok-lsp-ide-0.3.6/out/server/src/server.js:2254:32339)\n    at k2.buildEnvironmentFrom (/home/felipe/.vscode/extensions/uqbar.wollok-lsp-ide-0.3.6/out/server/src/server.js:2285:6721)\n    at k2.updateEnvironmentWith (/home/felipe/.vscode/extensions/uqbar.wollok-lsp-ide-0.3.6/out/server/src/server.js:2285:6456)\n    at jL (/home/felipe/.vscode/extensions/uqbar.wollok-lsp-ide-0.3.6/out/server/src/server.js:2298:2292)\n    at v3.invoke (/home/felipe/.vscode/extensions/uqbar.wollok-lsp-ide-0.3.6/out/server/src/server.js:3:157200)\n    at o.fire (/home/felipe/.vscode/extensions/uqbar.wollok-lsp-ide-0.3.6/out/server/src/server.js:3:157970)\n    at /home/felipe/.vscode/extensions/uqbar.wollok-lsp-ide-0.3.6/out/server/src/server.js:37:57871\n    at Vr (/home/felipe/.vscode/extensions/uqbar.wollok-lsp-ide-0.3.6/out/server/src/server.js:8:1561)","timestamp":"2024-10-11T13:25:42.720Z"}
{"level":"info","message":"onRequest - completionItem/resolve","timestamp":"2024-10-11T13:25:42.720Z"}
{"level":"info","message":"⌛ Validating objetos.wlk","timeElapsed":200,"timestamp":"2024-10-11T13:25:42.921Z"}
{"level":"info","message":"⌛ Building environment","timeElapsed":201,"timestamp":"2024-10-11T13:25:45.187Z"}
{"level":"info","message":"⌛ Building environment","timeElapsed":158,"timestamp":"2024-10-11T13:25:45.345Z"}
{"level":"info","message":"⌛ Validating objetos.wlk","timeElapsed":196,"timestamp":"2024-10-11T13:25:45.594Z"}
{"level":"info","message":"⌛ Building environment","timeElapsed":152,"timestamp":"2024-10-11T13:25:45.747Z"}
{"level":"info","message":"⌛ Validating objetos.wlk","timeElapsed":178,"timestamp":"2024-10-11T13:25:45.930Z"}
{"level":"info","message":"onRequest - completionItem/resolve","timestamp":"2024-10-11T13:25:45.931Z"}
{"level":"info","message":"⌛ Building environment","timeElapsed":148,"timestamp":"2024-10-11T13:25:46.080Z"}
{"level":"info","message":"onRequest - completionItem/resolve","timestamp":"2024-10-11T13:25:46.080Z"}
{"level":"info","message":"⌛ Building environment","timeElapsed":184,"timestamp":"2024-10-11T13:25:46.265Z"}
{"level":"info","message":"onRequest - completionItem/resolve","timestamp":"2024-10-11T13:25:46.265Z"}
{"level":"info","message":"⌛ Validating objetos.wlk","timeElapsed":181,"timestamp":"2024-10-11T13:25:46.447Z"}
{"level":"info","message":"⌛ Validating objetos.wlk","timeElapsed":203,"timestamp":"2024-10-11T13:25:46.660Z"}
{"level":"info","message":"⌛ Validating objetos.wlk","timeElapsed":210,"timestamp":"2024-10-11T13:25:46.872Z"}
{"level":"info","message":"⌛ Building environment","timeElapsed":145,"timestamp":"2024-10-11T13:25:47.017Z"}
{"level":"info","message":"onRequest - completionItem/resolve","timestamp":"2024-10-11T13:25:47.018Z"}
{"level":"info","message":"⌛ Building environment","timeElapsed":141,"timestamp":"2024-10-11T13:25:47.159Z"}
{"level":"info","message":"onRequest - completionItem/resolve","timestamp":"2024-10-11T13:25:47.160Z"}
{"level":"info","message":"⌛ Validating objetos.wlk","timeElapsed":276,"timestamp":"2024-10-11T13:25:47.437Z"}
{"level":"info","message":"⌛ Validating objetos.wlk","timeElapsed":191,"timestamp":"2024-10-11T13:25:47.638Z"}
{"level":"info","message":"⌛ Building environment","timeElapsed":146,"timestamp":"2024-10-11T13:25:47.786Z"}
{"level":"info","message":"⌛ Validating objetos.wlk","timeElapsed":179,"timestamp":"2024-10-11T13:25:48.003Z"}
{"level":"info","message":"⌛ Building environment","timeElapsed":177,"timestamp":"2024-10-11T13:25:48.470Z"}
{"level":"info","message":"⌛ Building environment","timeElapsed":153,"timestamp":"2024-10-11T13:25:48.660Z"}
{"level":"info","message":"⌛ Validating objetos.wlk","timeElapsed":187,"timestamp":"2024-10-11T13:25:48.847Z"}
{"level":"info","message":"⌛ Building environment","timeElapsed":139,"timestamp":"2024-10-11T13:25:48.988Z"}
{"level":"info","message":"⌛ Validating objetos.wlk","timeElapsed":192,"timestamp":"2024-10-11T13:25:49.219Z"}
{"level":"info","message":"⌛ Validating objetos.wlk","timeElapsed":193,"timestamp":"2024-10-11T13:25:49.413Z"}
{"level":"info","message":"⌛ Building environment","timeElapsed":218,"timestamp":"2024-10-11T13:25:49.638Z"}
{"level":"info","message":"⌛ Validating objetos.wlk","timeElapsed":181,"timestamp":"2024-10-11T13:25:49.827Z"}
{"level":"info","message":"⌛ Building environment","timeElapsed":164,"timestamp":"2024-10-11T13:25:50.334Z"}
{"level":"error","message":"✘ Completions for node failed: Error: [Parameter]{c6f509} at objetos.wlk:35 exhausted all cases without a match [Parameter]{c6f509} at objetos.wlk:35 exhausted all cases without a match","stack":"Error: [Parameter]{c6f509} at objetos.wlk:35 exhausted all cases without a match\n    at /home/felipe/.vscode/extensions/uqbar.wollok-lsp-ide-0.3.6/out/server/src/server.js:38:6067\n    at yh (/home/felipe/.vscode/extensions/uqbar.wollok-lsp-ide-0.3.6/out/server/src/server.js:2291:42)\n    at /home/felipe/.vscode/extensions/uqbar.wollok-lsp-ide-0.3.6/out/server/src/server.js:2291:2700\n    at /home/felipe/.vscode/extensions/uqbar.wollok-lsp-ide-0.3.6/out/server/src/server.js:2298:3774\n    at /home/felipe/.vscode/extensions/uqbar.wollok-lsp-ide-0.3.6/out/server/src/server.js:37:74872\n    at Fe (/home/felipe/.vscode/extensions/uqbar.wollok-lsp-ide-0.3.6/out/server/src/server.js:7:8527)\n    at Pt (/home/felipe/.vscode/extensions/uqbar.wollok-lsp-ide-0.3.6/out/server/src/server.js:7:6189)\n    at Gi (/home/felipe/.vscode/extensions/uqbar.wollok-lsp-ide-0.3.6/out/server/src/server.js:7:6378)\n    at Immediate._onImmediate (/home/felipe/.vscode/extensions/uqbar.wollok-lsp-ide-0.3.6/out/server/src/server.js:7:6142)\n    at process.processImmediate (node:internal/timers:483:21)","timestamp":"2024-10-11T13:25:50.381Z"}
{"level":"info","message":"⌛ Validating objetos.wlk","timeElapsed":181,"timestamp":"2024-10-11T13:25:50.567Z"}
{"level":"info","message":"⌛ Building environment","timeElapsed":147,"timestamp":"2024-10-11T13:25:50.716Z"}
{"level":"info","message":"⌛ Validating objetos.wlk","timeElapsed":189,"timestamp":"2024-10-11T13:25:50.913Z"}
{"level":"info","message":"⌛ Building environment","timeElapsed":158,"timestamp":"2024-10-11T13:25:51.708Z"}
{"level":"error","message":"✘ Completions for node failed: Error: [Parameter]{137b34} at objetos.wlk:35 exhausted all cases without a match [Parameter]{137b34} at objetos.wlk:35 exhausted all cases without a match","stack":"Error: [Parameter]{137b34} at objetos.wlk:35 exhausted all cases without a match\n    at /home/felipe/.vscode/extensions/uqbar.wollok-lsp-ide-0.3.6/out/server/src/server.js:38:6067\n    at yh (/home/felipe/.vscode/extensions/uqbar.wollok-lsp-ide-0.3.6/out/server/src/server.js:2291:42)\n    at /home/felipe/.vscode/extensions/uqbar.wollok-lsp-ide-0.3.6/out/server/src/server.js:2291:2700\n    at /home/felipe/.vscode/extensions/uqbar.wollok-lsp-ide-0.3.6/out/server/src/server.js:2298:3774\n    at /home/felipe/.vscode/extensions/uqbar.wollok-lsp-ide-0.3.6/out/server/src/server.js:37:74872\n    at Fe (/home/felipe/.vscode/extensions/uqbar.wollok-lsp-ide-0.3.6/out/server/src/server.js:7:8527)\n    at Pt (/home/felipe/.vscode/extensions/uqbar.wollok-lsp-ide-0.3.6/out/server/src/server.js:7:6189)\n    at Gi (/home/felipe/.vscode/extensions/uqbar.wollok-lsp-ide-0.3.6/out/server/src/server.js:7:6378)\n    at Immediate._onImmediate (/home/felipe/.vscode/extensions/uqbar.wollok-lsp-ide-0.3.6/out/server/src/server.js:7:6142)\n    at process.processImmediate (node:internal/timers:483:21)","timestamp":"2024-10-11T13:25:51.739Z"}
{"level":"info","message":"⌛ Building environment","timeElapsed":139,"timestamp":"2024-10-11T13:25:51.884Z"}
{"level":"info","message":"⌛ Validating objetos.wlk","timeElapsed":181,"timestamp":"2024-10-11T13:25:52.065Z"}
{"level":"info","message":"⌛ Validating objetos.wlk","timeElapsed":202,"timestamp":"2024-10-11T13:25:52.268Z"}
{"level":"info","message":"⌛ Building environment","timeElapsed":156,"timestamp":"2024-10-11T13:25:52.433Z"}
{"level":"error","message":"✘ Completions for node failed: Error: [Parameter]{a3b7e8} at objetos.wlk:35 exhausted all cases without a match [Parameter]{a3b7e8} at objetos.wlk:35 exhausted all cases without a match","stack":"Error: [Parameter]{a3b7e8} at objetos.wlk:35 exhausted all cases without a match\n    at /home/felipe/.vscode/extensions/uqbar.wollok-lsp-ide-0.3.6/out/server/src/server.js:38:6067\n    at yh (/home/felipe/.vscode/extensions/uqbar.wollok-lsp-ide-0.3.6/out/server/src/server.js:2291:42)\n    at /home/felipe/.vscode/extensions/uqbar.wollok-lsp-ide-0.3.6/out/server/src/server.js:2291:2700\n    at /home/felipe/.vscode/extensions/uqbar.wollok-lsp-ide-0.3.6/out/server/src/server.js:2298:3774\n    at /home/felipe/.vscode/extensions/uqbar.wollok-lsp-ide-0.3.6/out/server/src/server.js:37:74872\n    at Fe (/home/felipe/.vscode/extensions/uqbar.wollok-lsp-ide-0.3.6/out/server/src/server.js:7:8527)\n    at Pt (/home/felipe/.vscode/extensions/uqbar.wollok-lsp-ide-0.3.6/out/server/src/server.js:7:6189)\n    at Gi (/home/felipe/.vscode/extensions/uqbar.wollok-lsp-ide-0.3.6/out/server/src/server.js:7:6378)\n    at Immediate._onImmediate (/home/felipe/.vscode/extensions/uqbar.wollok-lsp-ide-0.3.6/out/server/src/server.js:7:6142)\n    at process.processImmediate (node:internal/timers:483:21)","timestamp":"2024-10-11T13:25:52.466Z"}
{"level":"info","message":"⌛ Building environment","timeElapsed":158,"timestamp":"2024-10-11T13:25:52.630Z"}
{"level":"info","message":"⌛ Building environment","timeElapsed":141,"timestamp":"2024-10-11T13:25:52.773Z"}
{"level":"info","message":"⌛ Validating objetos.wlk","timeElapsed":183,"timestamp":"2024-10-11T13:25:52.956Z"}
{"level":"info","message":"⌛ Building environment","timeElapsed":148,"timestamp":"2024-10-11T13:25:53.105Z"}
{"level":"error","message":"✘ Completions for node failed: Error: [Parameter]{397ce9} at objetos.wlk:35 exhausted all cases without a match [Parameter]{397ce9} at objetos.wlk:35 exhausted all cases without a match","stack":"Error: [Parameter]{397ce9} at objetos.wlk:35 exhausted all cases without a match\n    at /home/felipe/.vscode/extensions/uqbar.wollok-lsp-ide-0.3.6/out/server/src/server.js:38:6067\n    at yh (/home/felipe/.vscode/extensions/uqbar.wollok-lsp-ide-0.3.6/out/server/src/server.js:2291:42)\n    at /home/felipe/.vscode/extensions/uqbar.wollok-lsp-ide-0.3.6/out/server/src/server.js:2291:2700\n    at /home/felipe/.vscode/extensions/uqbar.wollok-lsp-ide-0.3.6/out/server/src/server.js:2298:3774\n    at /home/felipe/.vscode/extensions/uqbar.wollok-lsp-ide-0.3.6/out/server/src/server.js:37:74872\n    at Fe (/home/felipe/.vscode/extensions/uqbar.wollok-lsp-ide-0.3.6/out/server/src/server.js:7:8527)\n    at Pt (/home/felipe/.vscode/extensions/uqbar.wollok-lsp-ide-0.3.6/out/server/src/server.js:7:6189)\n    at Gi (/home/felipe/.vscode/extensions/uqbar.wollok-lsp-ide-0.3.6/out/server/src/server.js:7:6378)\n    at Immediate._onImmediate (/home/felipe/.vscode/extensions/uqbar.wollok-lsp-ide-0.3.6/out/server/src/server.js:7:6142)\n    at process.processImmediate (node:internal/timers:483:21)","timestamp":"2024-10-11T13:25:53.136Z"}
{"level":"info","message":"⌛ Validating objetos.wlk","timeElapsed":214,"timestamp":"2024-10-11T13:25:53.357Z"}
{"level":"info","message":"⌛ Validating objetos.wlk","timeElapsed":192,"timestamp":"2024-10-11T13:25:53.549Z"}
{"level":"info","message":"⌛ Validating objetos.wlk","timeElapsed":210,"timestamp":"2024-10-11T13:25:53.761Z"}
{"level":"info","message":"onRequest - completionItem/resolve","timestamp":"2024-10-11T13:25:53.761Z"}
{"level":"info","message":"⌛ Building environment","timeElapsed":160,"timestamp":"2024-10-11T13:25:55.053Z"}
{"level":"info","message":"⌛ Building environment","timeElapsed":166,"timestamp":"2024-10-11T13:25:55.220Z"}
{"level":"info","message":"⌛ Validating objetos.wlk","timeElapsed":303,"timestamp":"2024-10-11T13:25:55.524Z"}
{"level":"info","message":"⌛ Building environment","timeElapsed":142,"timestamp":"2024-10-11T13:25:55.667Z"}
{"level":"info","message":"⌛ Validating objetos.wlk","timeElapsed":182,"timestamp":"2024-10-11T13:25:55.849Z"}
{"level":"info","message":"⌛ Validating objetos.wlk","timeElapsed":202,"timestamp":"2024-10-11T13:25:56.064Z"}
{"level":"info","message":"⌛ Building environment","timeElapsed":229,"timestamp":"2024-10-11T13:25:56.414Z"}
{"level":"info","message":"⌛ Building environment","timeElapsed":194,"timestamp":"2024-10-11T13:25:56.671Z"}
{"level":"info","message":"⌛ Validating objetos.wlk","timeElapsed":264,"timestamp":"2024-10-11T13:25:56.936Z"}
{"level":"info","message":"onRequest - completionItem/resolve","timestamp":"2024-10-11T13:25:56.936Z"}
{"level":"info","message":"⌛ Building environment","timeElapsed":166,"timestamp":"2024-10-11T13:25:57.111Z"}
{"level":"info","message":"onRequest - completionItem/resolve","timestamp":"2024-10-11T13:25:57.112Z"}
{"level":"info","message":"⌛ Validating objetos.wlk","timeElapsed":201,"timestamp":"2024-10-11T13:25:57.320Z"}
{"level":"info","message":"⌛ Building environment","timeElapsed":147,"timestamp":"2024-10-11T13:25:57.468Z"}
{"level":"info","message":"⌛ Building environment","timeElapsed":175,"timestamp":"2024-10-11T13:25:57.687Z"}
{"level":"info","message":"⌛ Building environment","timeElapsed":163,"timestamp":"2024-10-11T13:25:57.851Z"}
{"level":"info","message":"⌛ Validating objetos.wlk","timeElapsed":207,"timestamp":"2024-10-11T13:25:58.068Z"}
{"level":"info","message":"⌛ Validating objetos.wlk","timeElapsed":208,"timestamp":"2024-10-11T13:25:58.284Z"}
{"level":"info","message":"⌛ Validating objetos.wlk","timeElapsed":197,"timestamp":"2024-10-11T13:25:58.482Z"}
{"level":"info","message":"⌛ Validating objetos.wlk","timeElapsed":190,"timestamp":"2024-10-11T13:25:58.672Z"}
{"level":"info","message":"⌛ Building environment","timeElapsed":189,"timestamp":"2024-10-11T13:26:00.793Z"}
{"level":"error","message":"✘ Completions for node failed: Error: [Send]{45f049} at objetos.wlk:32 exhausted all cases without a match [Send]{45f049} at objetos.wlk:32 exhausted all cases without a match","stack":"Error: [Send]{45f049} at objetos.wlk:32 exhausted all cases without a match\n    at /home/felipe/.vscode/extensions/uqbar.wollok-lsp-ide-0.3.6/out/server/src/server.js:38:6067\n    at yh (/home/felipe/.vscode/extensions/uqbar.wollok-lsp-ide-0.3.6/out/server/src/server.js:2291:42)\n    at kh (/home/felipe/.vscode/extensions/uqbar.wollok-lsp-ide-0.3.6/out/server/src/server.js:2291:1004)\n    at Y5n (/home/felipe/.vscode/extensions/uqbar.wollok-lsp-ide-0.3.6/out/server/src/server.js:2291:1160)\n    at /home/felipe/.vscode/extensions/uqbar.wollok-lsp-ide-0.3.6/out/server/src/server.js:38:6056\n    at yh (/home/felipe/.vscode/extensions/uqbar.wollok-lsp-ide-0.3.6/out/server/src/server.js:2291:42)\n    at /home/felipe/.vscode/extensions/uqbar.wollok-lsp-ide-0.3.6/out/server/src/server.js:2291:2700\n    at /home/felipe/.vscode/extensions/uqbar.wollok-lsp-ide-0.3.6/out/server/src/server.js:2298:3774\n    at /home/felipe/.vscode/extensions/uqbar.wollok-lsp-ide-0.3.6/out/server/src/server.js:37:74872\n    at Fe (/home/felipe/.vscode/extensions/uqbar.wollok-lsp-ide-0.3.6/out/server/src/server.js:7:8527)","timestamp":"2024-10-11T13:26:00.829Z"}
{"level":"info","message":"⌛ Building environment","timeElapsed":159,"timestamp":"2024-10-11T13:26:00.995Z"}
{"level":"info","message":"⌛ Validating objetos.wlk","timeElapsed":215,"timestamp":"2024-10-11T13:26:01.211Z"}
{"level":"info","message":"onRequest - completionItem/resolve","timestamp":"2024-10-11T13:26:01.212Z"}
{"level":"info","message":"⌛ Building environment","timeElapsed":155,"timestamp":"2024-10-11T13:26:01.367Z"}
{"level":"info","message":"onRequest - completionItem/resolve","timestamp":"2024-10-11T13:26:01.368Z"}
{"level":"info","message":"⌛ Building environment","timeElapsed":151,"timestamp":"2024-10-11T13:26:01.519Z"}
{"level":"info","message":"⌛ Validating objetos.wlk","timeElapsed":197,"timestamp":"2024-10-11T13:26:01.718Z"}
{"level":"info","message":"⌛ Building environment","timeElapsed":220,"timestamp":"2024-10-11T13:26:01.940Z"}
{"level":"info","message":"⌛ Building environment","timeElapsed":157,"timestamp":"2024-10-11T13:26:02.097Z"}
{"level":"info","message":"⌛ Validating objetos.wlk","timeElapsed":212,"timestamp":"2024-10-11T13:26:02.311Z"}
{"level":"info","message":"⌛ Validating objetos.wlk","timeElapsed":192,"timestamp":"2024-10-11T13:26:02.509Z"}
{"level":"info","message":"⌛ Validating objetos.wlk","timeElapsed":193,"timestamp":"2024-10-11T13:26:02.703Z"}
{"level":"info","message":"⌛ Building environment","timeElapsed":146,"timestamp":"2024-10-11T13:26:02.850Z"}
{"level":"info","message":"⌛ Validating objetos.wlk","timeElapsed":267,"timestamp":"2024-10-11T13:26:03.117Z"}
{"level":"info","message":"⌛ Validating objetos.wlk","timeElapsed":218,"timestamp":"2024-10-11T13:26:03.360Z"}
{"level":"info","message":"⌛ Building environment","timeElapsed":265,"timestamp":"2024-10-11T13:32:36.068Z"}
{"level":"info","message":"⌛ Validating objetos.wlk","timeElapsed":356,"timestamp":"2024-10-11T13:32:36.430Z"}
{"level":"info","message":"⌛ Building environment","timeElapsed":171,"timestamp":"2024-10-11T13:32:36.601Z"}
{"level":"error","message":"✘ Completions for node failed: Error: [Return]{0e1c6d} at objetos.wlk:36 exhausted all cases without a match [Return]{0e1c6d} at objetos.wlk:36 exhausted all cases without a match","stack":"Error: [Return]{0e1c6d} at objetos.wlk:36 exhausted all cases without a match\n    at /home/felipe/.vscode/extensions/uqbar.wollok-lsp-ide-0.3.6/out/server/src/server.js:38:6067\n    at yh (/home/felipe/.vscode/extensions/uqbar.wollok-lsp-ide-0.3.6/out/server/src/server.js:2291:42)\n    at kh (/home/felipe/.vscode/extensions/uqbar.wollok-lsp-ide-0.3.6/out/server/src/server.js:2291:1004)\n    at Y5n (/home/felipe/.vscode/extensions/uqbar.wollok-lsp-ide-0.3.6/out/server/src/server.js:2291:1160)\n    at /home/felipe/.vscode/extensions/uqbar.wollok-lsp-ide-0.3.6/out/server/src/server.js:38:6056\n    at yh (/home/felipe/.vscode/extensions/uqbar.wollok-lsp-ide-0.3.6/out/server/src/server.js:2291:42)\n    at /home/felipe/.vscode/extensions/uqbar.wollok-lsp-ide-0.3.6/out/server/src/server.js:2291:2700\n    at /home/felipe/.vscode/extensions/uqbar.wollok-lsp-ide-0.3.6/out/server/src/server.js:2298:3774\n    at /home/felipe/.vscode/extensions/uqbar.wollok-lsp-ide-0.3.6/out/server/src/server.js:37:74872\n    at Fe (/home/felipe/.vscode/extensions/uqbar.wollok-lsp-ide-0.3.6/out/server/src/server.js:7:8527)","timestamp":"2024-10-11T13:32:36.638Z"}
{"level":"info","message":"⌛ Building environment","timeElapsed":190,"timestamp":"2024-10-11T13:32:36.834Z"}
{"level":"info","message":"⌛ Building environment","timeElapsed":155,"timestamp":"2024-10-11T13:32:36.998Z"}
{"level":"info","message":"⌛ Validating objetos.wlk","timeElapsed":215,"timestamp":"2024-10-11T13:32:37.222Z"}
{"level":"info","message":"onRequest - completionItem/resolve","timestamp":"2024-10-11T13:32:37.223Z"}
{"level":"info","message":"⌛ Building environment","timeElapsed":296,"timestamp":"2024-10-11T13:32:37.521Z"}
{"level":"info","message":"onRequest - completionItem/resolve","timestamp":"2024-10-11T13:32:37.522Z"}
{"level":"info","message":"⌛ Validating objetos.wlk","timeElapsed":222,"timestamp":"2024-10-11T13:32:37.744Z"}
{"level":"info","message":"⌛ Building environment","timeElapsed":161,"timestamp":"2024-10-11T13:32:37.906Z"}
{"level":"info","message":"onRequest - completionItem/resolve","timestamp":"2024-10-11T13:32:37.907Z"}
{"level":"info","message":"⌛ Building environment","timeElapsed":153,"timestamp":"2024-10-11T13:32:38.060Z"}
{"level":"info","message":"⌛ Validating objetos.wlk","timeElapsed":225,"timestamp":"2024-10-11T13:32:38.286Z"}
{"level":"info","message":"onRequest - completionItem/resolve","timestamp":"2024-10-11T13:32:38.293Z"}
{"level":"info","message":"⌛ Building environment","timeElapsed":600,"timestamp":"2024-10-11T13:32:38.894Z"}
{"level":"info","message":"onRequest - completionItem/resolve","timestamp":"2024-10-11T13:32:38.897Z"}
{"level":"info","message":"⌛ Building environment","timeElapsed":153,"timestamp":"2024-10-11T13:32:39.051Z"}
{"level":"info","message":"onRequest - completionItem/resolve","timestamp":"2024-10-11T13:32:39.051Z"}
{"level":"info","message":"⌛ Building environment","timeElapsed":182,"timestamp":"2024-10-11T13:32:39.234Z"}
{"level":"info","message":"⌛ Validating objetos.wlk","timeElapsed":203,"timestamp":"2024-10-11T13:32:39.437Z"}
{"level":"info","message":"⌛ Validating objetos.wlk","timeElapsed":193,"timestamp":"2024-10-11T13:32:39.638Z"}
{"level":"info","message":"⌛ Validating objetos.wlk","timeElapsed":200,"timestamp":"2024-10-11T13:32:39.840Z"}
{"level":"info","message":"⌛ Building environment","timeElapsed":288,"timestamp":"2024-10-11T13:32:40.129Z"}
{"level":"info","message":"⌛ Building environment","timeElapsed":175,"timestamp":"2024-10-11T13:32:40.316Z"}
{"level":"info","message":"⌛ Validating objetos.wlk","timeElapsed":262,"timestamp":"2024-10-11T13:32:40.635Z"}
{"level":"info","message":"⌛ Validating objetos.wlk","timeElapsed":219,"timestamp":"2024-10-11T13:32:40.855Z"}
{"level":"info","message":"⌛ Validating objetos.wlk","timeElapsed":220,"timestamp":"2024-10-11T13:32:41.076Z"}
{"level":"info","message":"⌛ Building environment","timeElapsed":149,"timestamp":"2024-10-11T13:32:41.225Z"}
{"level":"info","message":"⌛ Building environment","timeElapsed":144,"timestamp":"2024-10-11T13:32:41.381Z"}
{"level":"info","message":"⌛ Validating objetos.wlk","timeElapsed":211,"timestamp":"2024-10-11T13:32:41.592Z"}
{"level":"info","message":"⌛ Validating objetos.wlk","timeElapsed":203,"timestamp":"2024-10-11T13:32:41.807Z"}
{"level":"info","message":"⌛ Building environment","timeElapsed":190,"timestamp":"2024-10-11T13:32:41.998Z"}
{"level":"info","message":"onRequest - completionItem/resolve","timestamp":"2024-10-11T13:32:41.999Z"}
{"level":"info","message":"⌛ Building environment","timeElapsed":158,"timestamp":"2024-10-11T13:32:42.168Z"}
{"level":"info","message":"onRequest - completionItem/resolve","timestamp":"2024-10-11T13:32:42.168Z"}
{"level":"info","message":"⌛ Building environment","timeElapsed":140,"timestamp":"2024-10-11T13:32:42.310Z"}
{"level":"info","message":"onRequest - completionItem/resolve","timestamp":"2024-10-11T13:32:42.318Z"}
{"level":"info","message":"⌛ Building environment","timeElapsed":142,"timestamp":"2024-10-11T13:32:42.461Z"}
{"level":"info","message":"onRequest - completionItem/resolve","timestamp":"2024-10-11T13:32:42.461Z"}
{"level":"info","message":"⌛ Validating objetos.wlk","timeElapsed":208,"timestamp":"2024-10-11T13:32:42.676Z"}
{"level":"info","message":"⌛ Validating objetos.wlk","timeElapsed":214,"timestamp":"2024-10-11T13:32:42.892Z"}
{"level":"info","message":"⌛ Building environment","timeElapsed":154,"timestamp":"2024-10-11T13:32:43.047Z"}
{"level":"info","message":"⌛ Validating objetos.wlk","timeElapsed":210,"timestamp":"2024-10-11T13:32:43.268Z"}
{"level":"info","message":"⌛ Validating objetos.wlk","timeElapsed":194,"timestamp":"2024-10-11T13:32:43.462Z"}
{"level":"info","message":"⌛ Validating objetos.wlk","timeElapsed":212,"timestamp":"2024-10-11T13:32:43.674Z"}
{"level":"info","message":"⌛ Validating objetos.wlk","timeElapsed":202,"timestamp":"2024-10-11T13:32:43.876Z"}
{"level":"info","message":"⌛ Building environment","timeElapsed":165,"timestamp":"2024-10-11T13:32:44.042Z"}
{"level":"info","message":"⌛ Validating objetos.wlk","timeElapsed":193,"timestamp":"2024-10-11T13:32:44.248Z"}
{"level":"info","message":"⌛ Building environment","timeElapsed":174,"timestamp":"2024-10-11T13:32:44.422Z"}
{"level":"error","message":"✘ Completions for node failed: Error: [Return]{887aa0} at objetos.wlk:-- exhausted all cases without a match [Return]{887aa0} at objetos.wlk:-- exhausted all cases without a match","stack":"Error: [Return]{887aa0} at objetos.wlk:-- exhausted all cases without a match\n    at /home/felipe/.vscode/extensions/uqbar.wollok-lsp-ide-0.3.6/out/server/src/server.js:38:6067\n    at yh (/home/felipe/.vscode/extensions/uqbar.wollok-lsp-ide-0.3.6/out/server/src/server.js:2291:42)\n    at kh (/home/felipe/.vscode/extensions/uqbar.wollok-lsp-ide-0.3.6/out/server/src/server.js:2291:1004)\n    at Y5n (/home/felipe/.vscode/extensions/uqbar.wollok-lsp-ide-0.3.6/out/server/src/server.js:2291:1160)\n    at /home/felipe/.vscode/extensions/uqbar.wollok-lsp-ide-0.3.6/out/server/src/server.js:38:6056\n    at yh (/home/felipe/.vscode/extensions/uqbar.wollok-lsp-ide-0.3.6/out/server/src/server.js:2291:42)\n    at /home/felipe/.vscode/extensions/uqbar.wollok-lsp-ide-0.3.6/out/server/src/server.js:2291:2700\n    at /home/felipe/.vscode/extensions/uqbar.wollok-lsp-ide-0.3.6/out/server/src/server.js:2298:3774\n    at /home/felipe/.vscode/extensions/uqbar.wollok-lsp-ide-0.3.6/out/server/src/server.js:37:74872\n    at Fe (/home/felipe/.vscode/extensions/uqbar.wollok-lsp-ide-0.3.6/out/server/src/server.js:7:8527)","timestamp":"2024-10-11T13:32:44.521Z"}
{"level":"info","message":"⌛ Building environment","timeElapsed":280,"timestamp":"2024-10-11T13:32:44.812Z"}
{"level":"info","message":"⌛ Building environment","timeElapsed":156,"timestamp":"2024-10-11T13:32:44.975Z"}
{"level":"info","message":"⌛ Building environment","timeElapsed":160,"timestamp":"2024-10-11T13:32:45.136Z"}
{"level":"info","message":"⌛ Validating objetos.wlk","timeElapsed":222,"timestamp":"2024-10-11T13:32:45.366Z"}
{"level":"info","message":"⌛ Building environment","timeElapsed":163,"timestamp":"2024-10-11T13:32:45.536Z"}
{"level":"info","message":"⌛ Validating objetos.wlk","timeElapsed":199,"timestamp":"2024-10-11T13:32:45.743Z"}
{"level":"info","message":"⌛ Validating objetos.wlk","timeElapsed":198,"timestamp":"2024-10-11T13:32:45.951Z"}
{"level":"info","message":"⌛ Validating objetos.wlk","timeElapsed":192,"timestamp":"2024-10-11T13:32:46.145Z"}
{"level":"info","message":"⌛ Building environment","timeElapsed":171,"timestamp":"2024-10-11T13:32:46.316Z"}
{"level":"info","message":"⌛ Validating objetos.wlk","timeElapsed":219,"timestamp":"2024-10-11T13:32:46.543Z"}
{"level":"info","message":"⌛ Building environment","timeElapsed":158,"timestamp":"2024-10-11T13:32:46.702Z"}
{"level":"info","message":"⌛ Building environment","timeElapsed":165,"timestamp":"2024-10-11T13:32:46.874Z"}
{"level":"info","message":"⌛ Validating objetos.wlk","timeElapsed":202,"timestamp":"2024-10-11T13:32:47.076Z"}
{"level":"info","message":"⌛ Building environment","timeElapsed":162,"timestamp":"2024-10-11T13:32:47.247Z"}
{"level":"error","message":"✘ Completions for node failed: Error: [Return]{a17530} at objetos.wlk:-- exhausted all cases without a match [Return]{a17530} at objetos.wlk:-- exhausted all cases without a match","stack":"Error: [Return]{a17530} at objetos.wlk:-- exhausted all cases without a match\n    at /home/felipe/.vscode/extensions/uqbar.wollok-lsp-ide-0.3.6/out/server/src/server.js:38:6067\n    at yh (/home/felipe/.vscode/extensions/uqbar.wollok-lsp-ide-0.3.6/out/server/src/server.js:2291:42)\n    at kh (/home/felipe/.vscode/extensions/uqbar.wollok-lsp-ide-0.3.6/out/server/src/server.js:2291:1004)\n    at Y5n (/home/felipe/.vscode/extensions/uqbar.wollok-lsp-ide-0.3.6/out/server/src/server.js:2291:1160)\n    at /home/felipe/.vscode/extensions/uqbar.wollok-lsp-ide-0.3.6/out/server/src/server.js:38:6056\n    at yh (/home/felipe/.vscode/extensions/uqbar.wollok-lsp-ide-0.3.6/out/server/src/server.js:2291:42)\n    at /home/felipe/.vscode/extensions/uqbar.wollok-lsp-ide-0.3.6/out/server/src/server.js:2291:2700\n    at /home/felipe/.vscode/extensions/uqbar.wollok-lsp-ide-0.3.6/out/server/src/server.js:2298:3774\n    at /home/felipe/.vscode/extensions/uqbar.wollok-lsp-ide-0.3.6/out/server/src/server.js:37:74872\n    at Fe (/home/felipe/.vscode/extensions/uqbar.wollok-lsp-ide-0.3.6/out/server/src/server.js:7:8527)","timestamp":"2024-10-11T13:32:47.286Z"}
{"level":"info","message":"⌛ Building environment","timeElapsed":150,"timestamp":"2024-10-11T13:32:47.442Z"}
{"level":"info","message":"⌛ Validating objetos.wlk","timeElapsed":214,"timestamp":"2024-10-11T13:32:47.657Z"}
{"level":"info","message":"⌛ Building environment","timeElapsed":161,"timestamp":"2024-10-11T13:32:47.820Z"}
{"level":"info","message":"⌛ Building environment","timeElapsed":165,"timestamp":"2024-10-11T13:32:47.985Z"}
{"level":"info","message":"⌛ Validating objetos.wlk","timeElapsed":215,"timestamp":"2024-10-11T13:32:48.206Z"}
{"level":"info","message":"⌛ Validating objetos.wlk","timeElapsed":220,"timestamp":"2024-10-11T13:32:48.435Z"}
{"level":"info","message":"⌛ Building environment","timeElapsed":154,"timestamp":"2024-10-11T13:32:48.591Z"}
{"level":"info","message":"⌛ Validating objetos.wlk","timeElapsed":226,"timestamp":"2024-10-11T13:32:48.865Z"}
{"level":"info","message":"⌛ Building environment","timeElapsed":159,"timestamp":"2024-10-11T13:32:49.025Z"}
{"level":"info","message":"⌛ Validating objetos.wlk","timeElapsed":187,"timestamp":"2024-10-11T13:32:49.219Z"}
{"level":"info","message":"⌛ Building environment","timeElapsed":153,"timestamp":"2024-10-11T13:32:49.374Z"}
{"level":"info","message":"⌛ Building environment","timeElapsed":166,"timestamp":"2024-10-11T13:32:49.547Z"}
{"level":"info","message":"⌛ Validating objetos.wlk","timeElapsed":329,"timestamp":"2024-10-11T13:32:49.879Z"}
{"level":"info","message":"⌛ Building environment","timeElapsed":318,"timestamp":"2024-10-11T13:32:50.198Z"}
{"level":"info","message":"⌛ Building environment","timeElapsed":162,"timestamp":"2024-10-11T13:32:50.362Z"}
{"level":"info","message":"⌛ Validating objetos.wlk","timeElapsed":190,"timestamp":"2024-10-11T13:32:50.561Z"}
{"level":"info","message":"⌛ Building environment","timeElapsed":152,"timestamp":"2024-10-11T13:32:50.713Z"}
{"level":"info","message":"⌛ Building environment","timeElapsed":146,"timestamp":"2024-10-11T13:32:50.864Z"}
{"level":"info","message":"⌛ Building environment","timeElapsed":143,"timestamp":"2024-10-11T13:32:51.008Z"}
{"level":"info","message":"⌛ Validating objetos.wlk","timeElapsed":182,"timestamp":"2024-10-11T13:32:51.196Z"}
{"level":"info","message":"onRequest - completionItem/resolve","timestamp":"2024-10-11T13:32:51.197Z"}
{"level":"info","message":"⌛ Validating objetos.wlk","timeElapsed":208,"timestamp":"2024-10-11T13:32:51.414Z"}
{"level":"info","message":"⌛ Validating objetos.wlk","timeElapsed":191,"timestamp":"2024-10-11T13:32:51.606Z"}
{"level":"info","message":"⌛ Building environment","timeElapsed":162,"timestamp":"2024-10-11T13:32:51.770Z"}
{"level":"info","message":"⌛ Validating objetos.wlk","timeElapsed":203,"timestamp":"2024-10-11T13:32:51.973Z"}
{"level":"info","message":"⌛ Validating objetos.wlk","timeElapsed":215,"timestamp":"2024-10-11T13:32:52.196Z"}
{"level":"info","message":"⌛ Validating objetos.wlk","timeElapsed":204,"timestamp":"2024-10-11T13:32:52.401Z"}
{"level":"info","message":"⌛ Validating objetos.wlk","timeElapsed":212,"timestamp":"2024-10-11T13:32:52.613Z"}
{"level":"info","message":"⌛ Validating objetos.wlk","timeElapsed":212,"timestamp":"2024-10-11T13:32:52.825Z"}
{"level":"info","message":"⌛ Validating objetos.wlk","timeElapsed":205,"timestamp":"2024-10-11T13:32:53.032Z"}
{"level":"info","message":"⌛ Building environment","timeElapsed":252,"timestamp":"2024-10-11T13:32:53.284Z"}
{"level":"info","message":"⌛ Building environment","timeElapsed":147,"timestamp":"2024-10-11T13:32:53.432Z"}
{"level":"info","message":"⌛ Building environment","timeElapsed":142,"timestamp":"2024-10-11T13:32:53.581Z"}
{"level":"info","message":"⌛ Validating objetos.wlk","timeElapsed":190,"timestamp":"2024-10-11T13:32:53.777Z"}
{"level":"info","message":"⌛ Building environment","timeElapsed":147,"timestamp":"2024-10-11T13:32:53.925Z"}
{"level":"info","message":"⌛ Building environment","timeElapsed":162,"timestamp":"2024-10-11T13:32:54.099Z"}
{"level":"error","message":"✘ Completions for node failed: Error: [Send]{539d60} at objetos.wlk:36 exhausted all cases without a match [Send]{539d60} at objetos.wlk:36 exhausted all cases without a match","stack":"Error: [Send]{539d60} at objetos.wlk:36 exhausted all cases without a match\n    at /home/felipe/.vscode/extensions/uqbar.wollok-lsp-ide-0.3.6/out/server/src/server.js:38:6067\n    at yh (/home/felipe/.vscode/extensions/uqbar.wollok-lsp-ide-0.3.6/out/server/src/server.js:2291:42)\n    at kh (/home/felipe/.vscode/extensions/uqbar.wollok-lsp-ide-0.3.6/out/server/src/server.js:2291:1004)\n    at Y5n (/home/felipe/.vscode/extensions/uqbar.wollok-lsp-ide-0.3.6/out/server/src/server.js:2291:1160)\n    at /home/felipe/.vscode/extensions/uqbar.wollok-lsp-ide-0.3.6/out/server/src/server.js:38:6056\n    at yh (/home/felipe/.vscode/extensions/uqbar.wollok-lsp-ide-0.3.6/out/server/src/server.js:2291:42)\n    at /home/felipe/.vscode/extensions/uqbar.wollok-lsp-ide-0.3.6/out/server/src/server.js:2291:2700\n    at /home/felipe/.vscode/extensions/uqbar.wollok-lsp-ide-0.3.6/out/server/src/server.js:2298:3774\n    at /home/felipe/.vscode/extensions/uqbar.wollok-lsp-ide-0.3.6/out/server/src/server.js:37:74872\n    at Fe (/home/felipe/.vscode/extensions/uqbar.wollok-lsp-ide-0.3.6/out/server/src/server.js:7:8527)","timestamp":"2024-10-11T13:32:54.138Z"}
{"level":"error","message":"✘ Completions for node failed: Error: [Return]{9a5b32} at objetos.wlk:-- exhausted all cases without a match [Return]{9a5b32} at objetos.wlk:-- exhausted all cases without a match","stack":"Error: [Return]{9a5b32} at objetos.wlk:-- exhausted all cases without a match\n    at /home/felipe/.vscode/extensions/uqbar.wollok-lsp-ide-0.3.6/out/server/src/server.js:38:6067\n    at yh (/home/felipe/.vscode/extensions/uqbar.wollok-lsp-ide-0.3.6/out/server/src/server.js:2291:42)\n    at kh (/home/felipe/.vscode/extensions/uqbar.wollok-lsp-ide-0.3.6/out/server/src/server.js:2291:1004)\n    at yh (/home/felipe/.vscode/extensions/uqbar.wollok-lsp-ide-0.3.6/out/server/src/server.js:2291:456)\n    at kh (/home/felipe/.vscode/extensions/uqbar.wollok-lsp-ide-0.3.6/out/server/src/server.js:2291:1004)\n    at Y5n (/home/felipe/.vscode/extensions/uqbar.wollok-lsp-ide-0.3.6/out/server/src/server.js:2291:1160)\n    at /home/felipe/.vscode/extensions/uqbar.wollok-lsp-ide-0.3.6/out/server/src/server.js:38:6056\n    at yh (/home/felipe/.vscode/extensions/uqbar.wollok-lsp-ide-0.3.6/out/server/src/server.js:2291:42)\n    at /home/felipe/.vscode/extensions/uqbar.wollok-lsp-ide-0.3.6/out/server/src/server.js:2291:2700\n    at /home/felipe/.vscode/extensions/uqbar.wollok-lsp-ide-0.3.6/out/server/src/server.js:2298:3774","timestamp":"2024-10-11T13:32:54.138Z"}
{"level":"info","message":"⌛ Building environment","timeElapsed":147,"timestamp":"2024-10-11T13:32:54.289Z"}
{"level":"info","message":"⌛ Building environment","timeElapsed":157,"timestamp":"2024-10-11T13:32:54.447Z"}
{"level":"info","message":"⌛ Building environment","timeElapsed":169,"timestamp":"2024-10-11T13:32:54.616Z"}
{"level":"info","message":"⌛ Building environment","timeElapsed":182,"timestamp":"2024-10-11T13:32:54.799Z"}
{"level":"info","message":"⌛ Building environment","timeElapsed":316,"timestamp":"2024-10-11T13:32:55.115Z"}
{"level":"info","message":"⌛ Building environment","timeElapsed":153,"timestamp":"2024-10-11T13:32:55.268Z"}
{"level":"info","message":"⌛ Validating objetos.wlk","timeElapsed":193,"timestamp":"2024-10-11T13:32:55.463Z"}
{"level":"info","message":"⌛ Validating objetos.wlk","timeElapsed":181,"timestamp":"2024-10-11T13:32:55.645Z"}
{"level":"info","message":"⌛ Validating objetos.wlk","timeElapsed":213,"timestamp":"2024-10-11T13:32:55.866Z"}
{"level":"info","message":"⌛ Validating objetos.wlk","timeElapsed":197,"timestamp":"2024-10-11T13:32:56.063Z"}
{"level":"info","message":"⌛ Building environment","timeElapsed":150,"timestamp":"2024-10-11T13:32:56.213Z"}
{"level":"info","message":"⌛ Validating objetos.wlk","timeElapsed":209,"timestamp":"2024-10-11T13:32:56.423Z"}
{"level":"info","message":"onRequest - completionItem/resolve","timestamp":"2024-10-11T13:32:56.424Z"}
{"level":"info","message":"⌛ Validating objetos.wlk","timeElapsed":203,"timestamp":"2024-10-11T13:32:56.627Z"}
{"level":"info","message":"⌛ Validating objetos.wlk","timeElapsed":229,"timestamp":"2024-10-11T13:32:56.865Z"}
{"level":"info","message":"⌛ Validating objetos.wlk","timeElapsed":224,"timestamp":"2024-10-11T13:32:57.090Z"}
{"level":"info","message":"⌛ Validating objetos.wlk","timeElapsed":212,"timestamp":"2024-10-11T13:32:57.305Z"}
{"level":"info","message":"⌛ Validating objetos.wlk","timeElapsed":235,"timestamp":"2024-10-11T13:32:57.540Z"}
{"level":"info","message":"⌛ Validating objetos.wlk","timeElapsed":200,"timestamp":"2024-10-11T13:32:57.740Z"}
{"level":"info","message":"⌛ Validating objetos.wlk","timeElapsed":193,"timestamp":"2024-10-11T13:32:57.934Z"}
{"level":"info","message":"⌛ Building environment","timeElapsed":289,"timestamp":"2024-10-11T22:09:45.624Z"}
{"level":"info","message":"onRequest - WORKSPACE_URI:file:///home/felipe/Documents/Universidad/Proramacion_Con_Objetos_1/2024s2-granja-villa-FeliQI-main/2024s2-granja-villa-FeliQI-5","timestamp":"2024-10-11T22:09:45.647Z"}
{"level":"info","message":"⌛ Building environment","timeElapsed":217,"timestamp":"2024-10-11T22:09:45.869Z"}
{"level":"info","message":"⌛ Building environment","timeElapsed":125,"timestamp":"2024-10-11T22:09:46.001Z"}
{"level":"info","message":"⌛ Building environment","timeElapsed":150,"timestamp":"2024-10-11T22:09:46.153Z"}
{"level":"info","message":"⌛ Building environment","timeElapsed":143,"timestamp":"2024-10-11T22:09:46.298Z"}
{"level":"info","message":"⌛ Building environment","timeElapsed":129,"timestamp":"2024-10-11T22:09:46.428Z"}
{"level":"info","message":"⌛ Building environment","timeElapsed":152,"timestamp":"2024-10-11T22:09:46.581Z"}
{"level":"info","message":"⌛ Validating objetos.wlk","timeElapsed":257,"timestamp":"2024-10-11T22:09:46.840Z"}
{"level":"info","message":"⌛ Building environment","timeElapsed":315,"timestamp":"2024-10-11T22:09:47.157Z"}
{"level":"info","message":"⌛ Validating posiciones.wlk","timeElapsed":242,"timestamp":"2024-10-11T22:09:47.412Z"}
{"level":"info","message":"⌛ Validating cultivos.wlk","timeElapsed":227,"timestamp":"2024-10-11T22:09:47.639Z"}
{"level":"info","message":"⌛ Validating game.wpgm","timeElapsed":223,"timestamp":"2024-10-11T22:09:47.862Z"}
{"level":"info","message":"⌛ Validating testGranja.wtest","timeElapsed":227,"timestamp":"2024-10-11T22:09:48.090Z"}
{"level":"info","message":"⌛ Validating hector.wlk","timeElapsed":227,"timestamp":"2024-10-11T22:09:48.317Z"}
{"level":"info","message":"⌛ Validating objetos.wlk","timeElapsed":219,"timestamp":"2024-10-11T22:09:48.538Z"}
{"level":"info","message":"⌛ Validating posiciones.wlk","timeElapsed":194,"timestamp":"2024-10-11T22:09:48.733Z"}
{"level":"info","message":"⌛ Validating cultivos.wlk","timeElapsed":154,"timestamp":"2024-10-11T22:09:48.888Z"}
{"level":"info","message":"⌛ Validating game.wpgm","timeElapsed":160,"timestamp":"2024-10-11T22:09:49.050Z"}
{"level":"info","message":"⌛ Validating testGranja.wtest","timeElapsed":230,"timestamp":"2024-10-11T22:09:49.281Z"}
{"level":"info","message":"⌛ Validating hector.wlk","timeElapsed":144,"timestamp":"2024-10-11T22:09:49.425Z"}
{"level":"info","message":"⌛ Building environment","timeElapsed":280,"timestamp":"2024-10-11T22:13:07.912Z"}
{"level":"info","message":"⌛ Validating hector.wlk","timeElapsed":402,"timestamp":"2024-10-11T22:13:08.388Z"}
{"level":"info","message":"⌛ Building environment","timeElapsed":213,"timestamp":"2024-10-11T22:14:42.257Z"}
{"level":"info","message":"⌛ Validating objetos.wlk","timeElapsed":244,"timestamp":"2024-10-11T22:14:42.504Z"}
{"level":"info","message":"⌛ Building environment","timeElapsed":195,"timestamp":"2024-10-11T22:14:43.252Z"}
{"level":"info","message":"⌛ Validating objetos.wlk","timeElapsed":196,"timestamp":"2024-10-11T22:14:43.449Z"}
{"level":"info","message":"⌛ Building environment","timeElapsed":277,"timestamp":"2024-10-11T22:14:44.943Z"}
{"level":"info","message":"⌛ Validating objetos.wlk","timeElapsed":286,"timestamp":"2024-10-11T22:14:45.318Z"}
{"level":"info","message":"onRequest - completionItem/resolve","timestamp":"2024-10-11T22:14:45.322Z"}
{"level":"info","message":"⌛ Building environment","timeElapsed":177,"timestamp":"2024-10-11T22:14:45.500Z"}
{"level":"info","message":"onRequest - completionItem/resolve","timestamp":"2024-10-11T22:14:45.501Z"}
{"level":"info","message":"⌛ Building environment","timeElapsed":259,"timestamp":"2024-10-11T22:14:45.761Z"}
{"level":"info","message":"⌛ Validating objetos.wlk","timeElapsed":261,"timestamp":"2024-10-11T22:14:46.063Z"}
{"level":"info","message":"⌛ Validating objetos.wlk","timeElapsed":235,"timestamp":"2024-10-11T22:14:46.299Z"}
{"level":"info","message":"⌛ Building environment","timeElapsed":151,"timestamp":"2024-10-11T22:14:46.452Z"}
{"level":"info","message":"⌛ Building environment","timeElapsed":195,"timestamp":"2024-10-11T22:14:46.730Z"}
{"level":"info","message":"⌛ Building environment","timeElapsed":154,"timestamp":"2024-10-11T22:14:46.885Z"}
{"level":"info","message":"⌛ Validating objetos.wlk","timeElapsed":245,"timestamp":"2024-10-11T22:14:47.176Z"}
{"level":"info","message":"⌛ Validating objetos.wlk","timeElapsed":217,"timestamp":"2024-10-11T22:14:47.394Z"}
{"level":"info","message":"⌛ Validating objetos.wlk","timeElapsed":193,"timestamp":"2024-10-11T22:14:47.588Z"}
{"level":"info","message":"⌛ Building environment","timeElapsed":187,"timestamp":"2024-10-11T22:14:55.774Z"}
{"level":"info","message":"⌛ Building environment","timeElapsed":156,"timestamp":"2024-10-11T22:14:55.931Z"}
{"level":"info","message":"⌛ Validating objetos.wlk","timeElapsed":203,"timestamp":"2024-10-11T22:14:56.135Z"}
{"level":"info","message":"⌛ Building environment","timeElapsed":172,"timestamp":"2024-10-11T22:14:56.308Z"}
{"level":"info","message":"⌛ Validating objetos.wlk","timeElapsed":187,"timestamp":"2024-10-11T22:14:56.496Z"}
{"level":"info","message":"⌛ Building environment","timeElapsed":145,"timestamp":"2024-10-11T22:14:56.641Z"}
{"level":"info","message":"⌛ Building environment","timeElapsed":146,"timestamp":"2024-10-11T22:14:56.788Z"}
{"level":"info","message":"⌛ Validating objetos.wlk","timeElapsed":220,"timestamp":"2024-10-11T22:14:57.008Z"}
{"level":"info","message":"⌛ Building environment","timeElapsed":170,"timestamp":"2024-10-11T22:14:57.189Z"}
{"level":"info","message":"⌛ Validating objetos.wlk","timeElapsed":224,"timestamp":"2024-10-11T22:14:57.415Z"}
{"level":"info","message":"⌛ Validating objetos.wlk","timeElapsed":216,"timestamp":"2024-10-11T22:14:57.643Z"}
{"level":"info","message":"⌛ Building environment","timeElapsed":169,"timestamp":"2024-10-11T22:14:57.813Z"}
{"level":"info","message":"⌛ Building environment","timeElapsed":161,"timestamp":"2024-10-11T22:14:58.013Z"}
{"level":"info","message":"⌛ Building environment","timeElapsed":141,"timestamp":"2024-10-11T22:14:58.155Z"}
{"level":"info","message":"⌛ Validating objetos.wlk","timeElapsed":203,"timestamp":"2024-10-11T22:14:58.365Z"}
{"level":"info","message":"⌛ Building environment","timeElapsed":164,"timestamp":"2024-10-11T22:14:58.531Z"}
{"level":"info","message":"⌛ Building environment","timeElapsed":149,"timestamp":"2024-10-11T22:14:58.688Z"}
{"level":"error","message":"✘ Failed to rebuild document Failed to parse objetos.wlk: \n-- PARSING FAILED --------------------------------------------------\n\n  58 | \n  59 | \tmethod\n> 60 | }\n     | ^\n  61 | \n  62 | class Aspersor {\n\nExpected one of the following: \n\n'!=', '!==', '%', '&&', '*', '**', '+', '-', '->', '..', '..<', '/', '<', '<<', '<<<', '<=', '<=>', '<>', '==', '===', '>', '>..', '>=', '>>', '>>>', '?:', 'and', 'invert', 'negate', 'or', 'plus', '||', identifier, whitespace\n","stack":"Error: Failed to parse objetos.wlk: \n-- PARSING FAILED --------------------------------------------------\n\n  58 | \n  59 | \tmethod\n> 60 | }\n     | ^\n  61 | \n  62 | class Aspersor {\n\nExpected one of the following: \n\n'!=', '!==', '%', '&&', '*', '**', '+', '-', '->', '..', '..<', '/', '<', '<<', '<<<', '<=', '<=>', '<>', '==', '===', '>', '>..', '>=', '>>', '>>>', '?:', 'and', 'invert', 'negate', 'or', 'plus', '||', identifier, whitespace\n\n    at /home/felipe/.vscode/extensions/uqbar.wollok-lsp-ide-0.3.6/out/server/src/server.js:2254:32415\n    at Array.map (<anonymous>)\n    at Jfn (/home/felipe/.vscode/extensions/uqbar.wollok-lsp-ide-0.3.6/out/server/src/server.js:2254:32339)\n    at k2.buildEnvironmentFrom (/home/felipe/.vscode/extensions/uqbar.wollok-lsp-ide-0.3.6/out/server/src/server.js:2285:6721)\n    at k2.updateEnvironmentWith (/home/felipe/.vscode/extensions/uqbar.wollok-lsp-ide-0.3.6/out/server/src/server.js:2285:6456)\n    at jL (/home/felipe/.vscode/extensions/uqbar.wollok-lsp-ide-0.3.6/out/server/src/server.js:2298:2292)\n    at v3.invoke (/home/felipe/.vscode/extensions/uqbar.wollok-lsp-ide-0.3.6/out/server/src/server.js:3:157200)\n    at o.fire (/home/felipe/.vscode/extensions/uqbar.wollok-lsp-ide-0.3.6/out/server/src/server.js:3:157970)\n    at /home/felipe/.vscode/extensions/uqbar.wollok-lsp-ide-0.3.6/out/server/src/server.js:37:57871\n    at Vr (/home/felipe/.vscode/extensions/uqbar.wollok-lsp-ide-0.3.6/out/server/src/server.js:8:1561)","timestamp":"2024-10-11T22:14:58.724Z"}
{"level":"error","message":"✘ Failed to rebuild document Failed to parse objetos.wlk: \n-- PARSING FAILED --------------------------------------------------\n\n  58 | \n  59 | \tmethod \n> 60 | }\n     | ^\n  61 | \n  62 | class Aspersor {\n\nExpected one of the following: \n\n'!=', '!==', '%', '&&', '*', '**', '+', '-', '->', '..', '..<', '/', '<', '<<', '<<<', '<=', '<=>', '<>', '==', '===', '>', '>..', '>=', '>>', '>>>', '?:', 'and', 'invert', 'negate', 'or', 'plus', '||', identifier, whitespace\n","stack":"Error: Failed to parse objetos.wlk: \n-- PARSING FAILED --------------------------------------------------\n\n  58 | \n  59 | \tmethod \n> 60 | }\n     | ^\n  61 | \n  62 | class Aspersor {\n\nExpected one of the following: \n\n'!=', '!==', '%', '&&', '*', '**', '+', '-', '->', '..', '..<', '/', '<', '<<', '<<<', '<=', '<=>', '<>', '==', '===', '>', '>..', '>=', '>>', '>>>', '?:', 'and', 'invert', 'negate', 'or', 'plus', '||', identifier, whitespace\n\n    at /home/felipe/.vscode/extensions/uqbar.wollok-lsp-ide-0.3.6/out/server/src/server.js:2254:32415\n    at Array.map (<anonymous>)\n    at Jfn (/home/felipe/.vscode/extensions/uqbar.wollok-lsp-ide-0.3.6/out/server/src/server.js:2254:32339)\n    at k2.buildEnvironmentFrom (/home/felipe/.vscode/extensions/uqbar.wollok-lsp-ide-0.3.6/out/server/src/server.js:2285:6721)\n    at k2.updateEnvironmentWith (/home/felipe/.vscode/extensions/uqbar.wollok-lsp-ide-0.3.6/out/server/src/server.js:2285:6456)\n    at jL (/home/felipe/.vscode/extensions/uqbar.wollok-lsp-ide-0.3.6/out/server/src/server.js:2298:2292)\n    at v3.invoke (/home/felipe/.vscode/extensions/uqbar.wollok-lsp-ide-0.3.6/out/server/src/server.js:3:157200)\n    at o.fire (/home/felipe/.vscode/extensions/uqbar.wollok-lsp-ide-0.3.6/out/server/src/server.js:3:157970)\n    at /home/felipe/.vscode/extensions/uqbar.wollok-lsp-ide-0.3.6/out/server/src/server.js:37:57871\n    at Vr (/home/felipe/.vscode/extensions/uqbar.wollok-lsp-ide-0.3.6/out/server/src/server.js:8:1561)","timestamp":"2024-10-11T22:14:58.759Z"}
{"level":"info","message":"⌛ Validating objetos.wlk","timeElapsed":300,"timestamp":"2024-10-11T22:14:59.061Z"}
{"level":"info","message":"onRequest - completionItem/resolve","timestamp":"2024-10-11T22:14:59.063Z"}
{"level":"info","message":"⌛ Validating objetos.wlk","timeElapsed":213,"timestamp":"2024-10-11T22:14:59.277Z"}
{"level":"info","message":"⌛ Validating objetos.wlk","timeElapsed":226,"timestamp":"2024-10-11T22:14:59.513Z"}
{"level":"info","message":"⌛ Building environment","timeElapsed":150,"timestamp":"2024-10-11T22:14:59.663Z"}
{"level":"info","message":"⌛ Validating objetos.wlk","timeElapsed":198,"timestamp":"2024-10-11T22:14:59.870Z"}
{"level":"info","message":"⌛ Validating objetos.wlk","timeElapsed":206,"timestamp":"2024-10-11T22:15:00.077Z"}
{"level":"info","message":"⌛ Building environment","timeElapsed":166,"timestamp":"2024-10-11T22:15:00.246Z"}
{"level":"info","message":"⌛ Building environment","timeElapsed":192,"timestamp":"2024-10-11T22:15:00.545Z"}
{"level":"info","message":"⌛ Building environment","timeElapsed":163,"timestamp":"2024-10-11T22:15:00.709Z"}
{"level":"info","message":"⌛ Building environment","timeElapsed":164,"timestamp":"2024-10-11T22:15:00.874Z"}
{"level":"info","message":"⌛ Validating objetos.wlk","timeElapsed":208,"timestamp":"2024-10-11T22:15:01.095Z"}
{"level":"info","message":"⌛ Building environment","timeElapsed":156,"timestamp":"2024-10-11T22:15:01.253Z"}
{"level":"info","message":"⌛ Building environment","timeElapsed":144,"timestamp":"2024-10-11T22:15:01.398Z"}
{"level":"info","message":"⌛ Building environment","timeElapsed":142,"timestamp":"2024-10-11T22:15:01.546Z"}
{"level":"info","message":"⌛ Validating objetos.wlk","timeElapsed":187,"timestamp":"2024-10-11T22:15:01.734Z"}
{"level":"info","message":"⌛ Building environment","timeElapsed":152,"timestamp":"2024-10-11T22:15:01.888Z"}
{"level":"info","message":"⌛ Building environment","timeElapsed":160,"timestamp":"2024-10-11T22:15:02.048Z"}
{"level":"info","message":"⌛ Validating objetos.wlk","timeElapsed":202,"timestamp":"2024-10-11T22:15:02.293Z"}
{"level":"info","message":"⌛ Building environment","timeElapsed":147,"timestamp":"2024-10-11T22:15:02.442Z"}
{"level":"info","message":"⌛ Validating objetos.wlk","timeElapsed":197,"timestamp":"2024-10-11T22:15:02.640Z"}
{"level":"info","message":"⌛ Validating objetos.wlk","timeElapsed":175,"timestamp":"2024-10-11T22:15:02.817Z"}
{"level":"info","message":"⌛ Building environment","timeElapsed":206,"timestamp":"2024-10-11T22:15:03.029Z"}
{"level":"info","message":"⌛ Validating objetos.wlk","timeElapsed":182,"timestamp":"2024-10-11T22:15:03.217Z"}
{"level":"info","message":"⌛ Validating objetos.wlk","timeElapsed":171,"timestamp":"2024-10-11T22:15:03.388Z"}
{"level":"info","message":"⌛ Validating objetos.wlk","timeElapsed":183,"timestamp":"2024-10-11T22:15:03.572Z"}
{"level":"info","message":"⌛ Validating objetos.wlk","timeElapsed":183,"timestamp":"2024-10-11T22:15:03.762Z"}
{"level":"info","message":"⌛ Validating objetos.wlk","timeElapsed":170,"timestamp":"2024-10-11T22:15:03.934Z"}
{"level":"info","message":"⌛ Validating objetos.wlk","timeElapsed":184,"timestamp":"2024-10-11T22:15:04.118Z"}
{"level":"info","message":"⌛ Validating objetos.wlk","timeElapsed":175,"timestamp":"2024-10-11T22:15:04.293Z"}
{"level":"info","message":"⌛ Building environment","timeElapsed":156,"timestamp":"2024-10-11T22:15:07.331Z"}
{"level":"info","message":"⌛ Validating objetos.wlk","timeElapsed":211,"timestamp":"2024-10-11T22:15:07.549Z"}
{"level":"info","message":"⌛ Building environment","timeElapsed":230,"timestamp":"2024-10-11T22:15:07.782Z"}
{"level":"info","message":"⌛ Building environment","timeElapsed":161,"timestamp":"2024-10-11T22:15:07.945Z"}
{"level":"info","message":"⌛ Validating objetos.wlk","timeElapsed":212,"timestamp":"2024-10-11T22:15:08.170Z"}
{"level":"info","message":"⌛ Validating objetos.wlk","timeElapsed":180,"timestamp":"2024-10-11T22:15:08.351Z"}
{"level":"info","message":"⌛ Building environment","timeElapsed":151,"timestamp":"2024-10-11T22:15:09.674Z"}
{"level":"info","message":"⌛ Validating objetos.wlk","timeElapsed":228,"timestamp":"2024-10-11T22:15:09.961Z"}
{"level":"info","message":"⌛ Building environment","timeElapsed":155,"timestamp":"2024-10-11T22:15:10.119Z"}
{"level":"info","message":"onRequest - completionItem/resolve","timestamp":"2024-10-11T22:15:10.121Z"}
{"level":"info","message":"⌛ Building environment","timeElapsed":171,"timestamp":"2024-10-11T22:15:10.293Z"}
{"level":"info","message":"onRequest - completionItem/resolve","timestamp":"2024-10-11T22:15:10.293Z"}
{"level":"info","message":"⌛ Building environment","timeElapsed":144,"timestamp":"2024-10-11T22:15:10.438Z"}
{"level":"info","message":"⌛ Building environment","timeElapsed":141,"timestamp":"2024-10-11T22:15:10.621Z"}
{"level":"info","message":"⌛ Building environment","timeElapsed":172,"timestamp":"2024-10-11T22:15:10.794Z"}
{"level":"info","message":"⌛ Validating objetos.wlk","timeElapsed":300,"timestamp":"2024-10-11T22:15:11.095Z"}
{"level":"info","message":"⌛ Validating objetos.wlk","timeElapsed":252,"timestamp":"2024-10-11T22:15:11.349Z"}
{"level":"info","message":"⌛ Validating objetos.wlk","timeElapsed":206,"timestamp":"2024-10-11T22:15:11.556Z"}
{"level":"info","message":"⌛ Validating objetos.wlk","timeElapsed":173,"timestamp":"2024-10-11T22:15:11.740Z"}
{"level":"info","message":"⌛ Building environment","timeElapsed":140,"timestamp":"2024-10-11T22:15:11.882Z"}
{"level":"info","message":"⌛ Validating objetos.wlk","timeElapsed":189,"timestamp":"2024-10-11T22:15:12.071Z"}
{"level":"info","message":"⌛ Validating objetos.wlk","timeElapsed":194,"timestamp":"2024-10-11T22:15:12.276Z"}
{"level":"info","message":"⌛ Building environment","timeElapsed":146,"timestamp":"2024-10-11T22:15:16.327Z"}
{"level":"error","message":"✘ Completions for node failed: Error: [Return]{45cc70} at objetos.wlk:60 exhausted all cases without a match [Return]{45cc70} at objetos.wlk:60 exhausted all cases without a match","stack":"Error: [Return]{45cc70} at objetos.wlk:60 exhausted all cases without a match\n    at /home/felipe/.vscode/extensions/uqbar.wollok-lsp-ide-0.3.6/out/server/src/server.js:38:6067\n    at yh (/home/felipe/.vscode/extensions/uqbar.wollok-lsp-ide-0.3.6/out/server/src/server.js:2291:42)\n    at kh (/home/felipe/.vscode/extensions/uqbar.wollok-lsp-ide-0.3.6/out/server/src/server.js:2291:1004)\n    at Y5n (/home/felipe/.vscode/extensions/uqbar.wollok-lsp-ide-0.3.6/out/server/src/server.js:2291:1160)\n    at /home/felipe/.vscode/extensions/uqbar.wollok-lsp-ide-0.3.6/out/server/src/server.js:38:6056\n    at yh (/home/felipe/.vscode/extensions/uqbar.wollok-lsp-ide-0.3.6/out/server/src/server.js:2291:42)\n    at /home/felipe/.vscode/extensions/uqbar.wollok-lsp-ide-0.3.6/out/server/src/server.js:2291:2700\n    at /home/felipe/.vscode/extensions/uqbar.wollok-lsp-ide-0.3.6/out/server/src/server.js:2298:3774\n    at /home/felipe/.vscode/extensions/uqbar.wollok-lsp-ide-0.3.6/out/server/src/server.js:37:74872\n    at Fe (/home/felipe/.vscode/extensions/uqbar.wollok-lsp-ide-0.3.6/out/server/src/server.js:7:8527)","timestamp":"2024-10-11T22:15:16.372Z"}
{"level":"info","message":"⌛ Validating objetos.wlk","timeElapsed":224,"timestamp":"2024-10-11T22:15:16.599Z"}
{"level":"info","message":"onRequest - completionItem/resolve","timestamp":"2024-10-11T22:15:16.600Z"}
{"level":"info","message":"⌛ Building environment","timeElapsed":147,"timestamp":"2024-10-11T22:15:16.747Z"}
{"level":"info","message":"onRequest - completionItem/resolve","timestamp":"2024-10-11T22:15:16.748Z"}
{"level":"info","message":"⌛ Building environment","timeElapsed":241,"timestamp":"2024-10-11T22:15:16.989Z"}
{"level":"info","message":"onRequest - completionItem/resolve","timestamp":"2024-10-11T22:15:16.991Z"}
{"level":"info","message":"⌛ Validating objetos.wlk","timeElapsed":225,"timestamp":"2024-10-11T22:15:17.216Z"}
{"level":"info","message":"⌛ Building environment","timeElapsed":185,"timestamp":"2024-10-11T22:15:17.414Z"}
{"level":"info","message":"⌛ Validating objetos.wlk","timeElapsed":202,"timestamp":"2024-10-11T22:15:17.627Z"}
{"level":"info","message":"⌛ Building environment","timeElapsed":158,"timestamp":"2024-10-11T22:15:17.792Z"}
{"level":"info","message":"⌛ Validating objetos.wlk","timeElapsed":192,"timestamp":"2024-10-11T22:15:17.985Z"}
{"level":"info","message":"⌛ Building environment","timeElapsed":152,"timestamp":"2024-10-11T22:15:18.137Z"}
{"level":"info","message":"⌛ Validating objetos.wlk","timeElapsed":178,"timestamp":"2024-10-11T22:15:18.322Z"}
{"level":"info","message":"⌛ Validating objetos.wlk","timeElapsed":191,"timestamp":"2024-10-11T22:15:18.521Z"}
{"level":"info","message":"⌛ Building environment","timeElapsed":188,"timestamp":"2024-10-11T22:15:18.712Z"}
{"level":"error","message":"✘ Completions for node failed: Error: [Return]{57af2d} at objetos.wlk:60 exhausted all cases without a match [Return]{57af2d} at objetos.wlk:60 exhausted all cases without a match","stack":"Error: [Return]{57af2d} at objetos.wlk:60 exhausted all cases without a match\n    at /home/felipe/.vscode/extensions/uqbar.wollok-lsp-ide-0.3.6/out/server/src/server.js:38:6067\n    at yh (/home/felipe/.vscode/extensions/uqbar.wollok-lsp-ide-0.3.6/out/server/src/server.js:2291:42)\n    at kh (/home/felipe/.vscode/extensions/uqbar.wollok-lsp-ide-0.3.6/out/server/src/server.js:2291:1004)\n    at Y5n (/home/felipe/.vscode/extensions/uqbar.wollok-lsp-ide-0.3.6/out/server/src/server.js:2291:1160)\n    at /home/felipe/.vscode/extensions/uqbar.wollok-lsp-ide-0.3.6/out/server/src/server.js:38:6056\n    at yh (/home/felipe/.vscode/extensions/uqbar.wollok-lsp-ide-0.3.6/out/server/src/server.js:2291:42)\n    at /home/felipe/.vscode/extensions/uqbar.wollok-lsp-ide-0.3.6/out/server/src/server.js:2291:2700\n    at /home/felipe/.vscode/extensions/uqbar.wollok-lsp-ide-0.3.6/out/server/src/server.js:2298:3774\n    at /home/felipe/.vscode/extensions/uqbar.wollok-lsp-ide-0.3.6/out/server/src/server.js:37:74872\n    at Fe (/home/felipe/.vscode/extensions/uqbar.wollok-lsp-ide-0.3.6/out/server/src/server.js:7:8527)","timestamp":"2024-10-11T22:15:18.752Z"}
{"level":"info","message":"⌛ Validating objetos.wlk","timeElapsed":198,"timestamp":"2024-10-11T22:15:18.957Z"}
{"level":"info","message":"onRequest - completionItem/resolve","timestamp":"2024-10-11T22:15:18.957Z"}
{"level":"info","message":"⌛ Building environment","timeElapsed":141,"timestamp":"2024-10-11T22:15:19.099Z"}
{"level":"info","message":"⌛ Validating objetos.wlk","timeElapsed":188,"timestamp":"2024-10-11T22:15:19.294Z"}
{"level":"info","message":"⌛ Building environment","timeElapsed":164,"timestamp":"2024-10-11T22:15:19.466Z"}
{"level":"error","message":"✘ Completions for node failed: Error: [Send]{fa64e0} at objetos.wlk:60 exhausted all cases without a match [Send]{fa64e0} at objetos.wlk:60 exhausted all cases without a match","stack":"Error: [Send]{fa64e0} at objetos.wlk:60 exhausted all cases without a match\n    at /home/felipe/.vscode/extensions/uqbar.wollok-lsp-ide-0.3.6/out/server/src/server.js:38:6067\n    at yh (/home/felipe/.vscode/extensions/uqbar.wollok-lsp-ide-0.3.6/out/server/src/server.js:2291:42)\n    at kh (/home/felipe/.vscode/extensions/uqbar.wollok-lsp-ide-0.3.6/out/server/src/server.js:2291:1004)\n    at Y5n (/home/felipe/.vscode/extensions/uqbar.wollok-lsp-ide-0.3.6/out/server/src/server.js:2291:1160)\n    at /home/felipe/.vscode/extensions/uqbar.wollok-lsp-ide-0.3.6/out/server/src/server.js:38:6056\n    at yh (/home/felipe/.vscode/extensions/uqbar.wollok-lsp-ide-0.3.6/out/server/src/server.js:2291:42)\n    at /home/felipe/.vscode/extensions/uqbar.wollok-lsp-ide-0.3.6/out/server/src/server.js:2291:2700\n    at /home/felipe/.vscode/extensions/uqbar.wollok-lsp-ide-0.3.6/out/server/src/server.js:2298:3774\n    at /home/felipe/.vscode/extensions/uqbar.wollok-lsp-ide-0.3.6/out/server/src/server.js:37:74872\n    at Fe (/home/felipe/.vscode/extensions/uqbar.wollok-lsp-ide-0.3.6/out/server/src/server.js:7:8527)","timestamp":"2024-10-11T22:15:19.511Z"}
{"level":"error","message":"✘ Completions for node failed: Error: [Return]{b8aaf0} at objetos.wlk:60 exhausted all cases without a match [Return]{b8aaf0} at objetos.wlk:60 exhausted all cases without a match","stack":"Error: [Return]{b8aaf0} at objetos.wlk:60 exhausted all cases without a match\n    at /home/felipe/.vscode/extensions/uqbar.wollok-lsp-ide-0.3.6/out/server/src/server.js:38:6067\n    at yh (/home/felipe/.vscode/extensions/uqbar.wollok-lsp-ide-0.3.6/out/server/src/server.js:2291:42)\n    at kh (/home/felipe/.vscode/extensions/uqbar.wollok-lsp-ide-0.3.6/out/server/src/server.js:2291:1004)\n    at yh (/home/felipe/.vscode/extensions/uqbar.wollok-lsp-ide-0.3.6/out/server/src/server.js:2291:456)\n    at kh (/home/felipe/.vscode/extensions/uqbar.wollok-lsp-ide-0.3.6/out/server/src/server.js:2291:1004)\n    at Y5n (/home/felipe/.vscode/extensions/uqbar.wollok-lsp-ide-0.3.6/out/server/src/server.js:2291:1160)\n    at /home/felipe/.vscode/extensions/uqbar.wollok-lsp-ide-0.3.6/out/server/src/server.js:38:6056\n    at yh (/home/felipe/.vscode/extensions/uqbar.wollok-lsp-ide-0.3.6/out/server/src/server.js:2291:42)\n    at /home/felipe/.vscode/extensions/uqbar.wollok-lsp-ide-0.3.6/out/server/src/server.js:2291:2700\n    at /home/felipe/.vscode/extensions/uqbar.wollok-lsp-ide-0.3.6/out/server/src/server.js:2298:3774","timestamp":"2024-10-11T22:15:19.511Z"}
{"level":"info","message":"⌛ Building environment","timeElapsed":140,"timestamp":"2024-10-11T22:15:19.657Z"}
{"level":"info","message":"⌛ Validating objetos.wlk","timeElapsed":178,"timestamp":"2024-10-11T22:15:19.837Z"}
{"level":"info","message":"⌛ Building environment","timeElapsed":152,"timestamp":"2024-10-11T22:15:19.989Z"}
{"level":"info","message":"onRequest - completionItem/resolve","timestamp":"2024-10-11T22:15:19.990Z"}
{"level":"info","message":"⌛ Validating objetos.wlk","timeElapsed":223,"timestamp":"2024-10-11T22:15:20.213Z"}
{"level":"info","message":"⌛ Validating objetos.wlk","timeElapsed":195,"timestamp":"2024-10-11T22:15:20.418Z"}
{"level":"info","message":"⌛ Building environment","timeElapsed":292,"timestamp":"2024-10-11T22:15:20.711Z"}
{"level":"info","message":"⌛ Building environment","timeElapsed":180,"timestamp":"2024-10-11T22:15:20.891Z"}
{"level":"info","message":"⌛ Building environment","timeElapsed":144,"timestamp":"2024-10-11T22:15:21.037Z"}
{"level":"info","message":"⌛ Building environment","timeElapsed":149,"timestamp":"2024-10-11T22:15:21.187Z"}
{"level":"info","message":"⌛ Building environment","timeElapsed":135,"timestamp":"2024-10-11T22:15:21.323Z"}
{"level":"info","message":"⌛ Validating objetos.wlk","timeElapsed":198,"timestamp":"2024-10-11T22:15:21.523Z"}
{"level":"info","message":"⌛ Building environment","timeElapsed":267,"timestamp":"2024-10-11T22:15:21.791Z"}
{"level":"info","message":"⌛ Validating objetos.wlk","timeElapsed":251,"timestamp":"2024-10-11T22:15:22.044Z"}
{"level":"info","message":"⌛ Building environment","timeElapsed":148,"timestamp":"2024-10-11T22:15:22.192Z"}
{"level":"info","message":"⌛ Validating objetos.wlk","timeElapsed":178,"timestamp":"2024-10-11T22:15:22.375Z"}
{"level":"info","message":"⌛ Validating objetos.wlk","timeElapsed":179,"timestamp":"2024-10-11T22:15:22.561Z"}
{"level":"info","message":"⌛ Validating objetos.wlk","timeElapsed":185,"timestamp":"2024-10-11T22:15:22.748Z"}
{"level":"info","message":"⌛ Building environment","timeElapsed":150,"timestamp":"2024-10-11T22:15:22.899Z"}
{"level":"info","message":"⌛ Validating objetos.wlk","timeElapsed":225,"timestamp":"2024-10-11T22:15:23.173Z"}
{"level":"info","message":"⌛ Building environment","timeElapsed":140,"timestamp":"2024-10-11T22:15:23.315Z"}
{"level":"info","message":"⌛ Building environment","timeElapsed":179,"timestamp":"2024-10-11T22:15:23.500Z"}
{"level":"info","message":"⌛ Validating objetos.wlk","timeElapsed":182,"timestamp":"2024-10-11T22:15:23.693Z"}
{"level":"info","message":"⌛ Building environment","timeElapsed":158,"timestamp":"2024-10-11T22:15:23.852Z"}
{"level":"info","message":"⌛ Validating objetos.wlk","timeElapsed":214,"timestamp":"2024-10-11T22:15:24.067Z"}
{"level":"info","message":"onRequest - completionItem/resolve","timestamp":"2024-10-11T22:15:24.068Z"}
{"level":"info","message":"⌛ Building environment","timeElapsed":149,"timestamp":"2024-10-11T22:15:24.217Z"}
{"level":"info","message":"onRequest - completionItem/resolve","timestamp":"2024-10-11T22:15:24.218Z"}
{"level":"info","message":"⌛ Validating objetos.wlk","timeElapsed":190,"timestamp":"2024-10-11T22:15:24.417Z"}
{"level":"info","message":"⌛ Validating objetos.wlk","timeElapsed":176,"timestamp":"2024-10-11T22:15:24.594Z"}
{"level":"info","message":"⌛ Validating objetos.wlk","timeElapsed":199,"timestamp":"2024-10-11T22:15:24.794Z"}
{"level":"info","message":"onRequest - completionItem/resolve","timestamp":"2024-10-11T22:15:24.794Z"}
{"level":"info","message":"⌛ Building environment","timeElapsed":153,"timestamp":"2024-10-11T22:15:24.947Z"}
{"level":"info","message":"⌛ Validating objetos.wlk","timeElapsed":187,"timestamp":"2024-10-11T22:15:25.140Z"}
{"level":"info","message":"⌛ Validating objetos.wlk","timeElapsed":253,"timestamp":"2024-10-11T22:15:25.394Z"}
{"level":"info","message":"⌛ Building environment","timeElapsed":179,"timestamp":"2024-10-11T22:15:27.926Z"}
{"level":"info","message":"⌛ Building environment","timeElapsed":154,"timestamp":"2024-10-11T22:15:28.082Z"}
{"level":"info","message":"⌛ Validating objetos.wlk","timeElapsed":181,"timestamp":"2024-10-11T22:15:28.263Z"}
{"level":"info","message":"⌛ Validating objetos.wlk","timeElapsed":194,"timestamp":"2024-10-11T22:15:28.457Z"}
{"level":"info","message":"⌛ Building environment","timeElapsed":157,"timestamp":"2024-10-11T22:15:28.632Z"}
{"level":"info","message":"⌛ Building environment","timeElapsed":200,"timestamp":"2024-10-11T22:15:28.870Z"}
{"level":"info","message":"⌛ Validating objetos.wlk","timeElapsed":222,"timestamp":"2024-10-11T22:15:29.093Z"}
{"level":"info","message":"onRequest - completionItem/resolve","timestamp":"2024-10-11T22:15:29.094Z"}
{"level":"info","message":"⌛ Building environment","timeElapsed":196,"timestamp":"2024-10-11T22:15:29.291Z"}
{"level":"info","message":"onRequest - completionItem/resolve","timestamp":"2024-10-11T22:15:29.292Z"}
{"level":"info","message":"⌛ Building environment","timeElapsed":181,"timestamp":"2024-10-11T22:15:29.475Z"}
{"level":"info","message":"onRequest - completionItem/resolve","timestamp":"2024-10-11T22:15:29.475Z"}
{"level":"info","message":"⌛ Validating objetos.wlk","timeElapsed":195,"timestamp":"2024-10-11T22:15:29.671Z"}
{"level":"info","message":"⌛ Building environment","timeElapsed":196,"timestamp":"2024-10-11T22:15:29.868Z"}
{"level":"info","message":"onRequest - completionItem/resolve","timestamp":"2024-10-11T22:15:29.871Z"}
{"level":"info","message":"⌛ Building environment","timeElapsed":275,"timestamp":"2024-10-11T22:15:30.150Z"}
{"level":"info","message":"onRequest - completionItem/resolve","timestamp":"2024-10-11T22:15:30.175Z"}
{"level":"info","message":"⌛ Validating objetos.wlk","timeElapsed":256,"timestamp":"2024-10-11T22:15:30.431Z"}
{"level":"info","message":"⌛ Building environment","timeElapsed":156,"timestamp":"2024-10-11T22:15:30.589Z"}
{"level":"info","message":"onRequest - completionItem/resolve","timestamp":"2024-10-11T22:15:30.590Z"}
{"level":"info","message":"⌛ Validating objetos.wlk","timeElapsed":191,"timestamp":"2024-10-11T22:15:30.781Z"}
{"level":"info","message":"⌛ Building environment","timeElapsed":143,"timestamp":"2024-10-11T22:15:30.924Z"}
{"level":"info","message":"onRequest - completionItem/resolve","timestamp":"2024-10-11T22:15:30.925Z"}
{"level":"info","message":"⌛ Building environment","timeElapsed":176,"timestamp":"2024-10-11T22:15:31.101Z"}
{"level":"info","message":"onRequest - completionItem/resolve","timestamp":"2024-10-11T22:15:31.102Z"}
{"level":"info","message":"⌛ Validating objetos.wlk","timeElapsed":206,"timestamp":"2024-10-11T22:15:31.308Z"}
{"level":"info","message":"⌛ Building environment","timeElapsed":154,"timestamp":"2024-10-11T22:15:31.463Z"}
{"level":"info","message":"onRequest - completionItem/resolve","timestamp":"2024-10-11T22:15:31.464Z"}
{"level":"info","message":"⌛ Building environment","timeElapsed":163,"timestamp":"2024-10-11T22:15:31.627Z"}
{"level":"info","message":"onRequest - completionItem/resolve","timestamp":"2024-10-11T22:15:31.628Z"}
{"level":"info","message":"⌛ Validating objetos.wlk","timeElapsed":260,"timestamp":"2024-10-11T22:15:31.888Z"}
{"level":"info","message":"⌛ Building environment","timeElapsed":151,"timestamp":"2024-10-11T22:15:32.039Z"}
{"level":"info","message":"⌛ Validating objetos.wlk","timeElapsed":184,"timestamp":"2024-10-11T22:15:32.230Z"}
{"level":"info","message":"⌛ Building environment","timeElapsed":139,"timestamp":"2024-10-11T22:15:32.370Z"}
{"level":"info","message":"⌛ Validating objetos.wlk","timeElapsed":206,"timestamp":"2024-10-11T22:15:32.614Z"}
{"level":"info","message":"⌛ Building environment","timeElapsed":215,"timestamp":"2024-10-11T22:15:32.829Z"}
{"level":"info","message":"⌛ Validating objetos.wlk","timeElapsed":266,"timestamp":"2024-10-11T22:15:33.098Z"}
{"level":"info","message":"⌛ Building environment","timeElapsed":146,"timestamp":"2024-10-11T22:15:33.244Z"}
{"level":"info","message":"⌛ Building environment","timeElapsed":143,"timestamp":"2024-10-11T22:15:33.393Z"}
{"level":"info","message":"⌛ Building environment","timeElapsed":269,"timestamp":"2024-10-11T22:15:33.663Z"}
{"level":"info","message":"⌛ Validating objetos.wlk","timeElapsed":195,"timestamp":"2024-10-11T22:15:33.859Z"}
{"level":"error","message":"✘ Failed to rebuild document Failed to parse objetos.wlk: \n-- PARSING FAILED --------------------------------------------------\n\n  62 | \n  63 | \tmethod\n> 64 | }\n     | ^\n  65 | \n  66 | class Aspersor {\n\nExpected one of the following: \n\n'!=', '!==', '%', '&&', '*', '**', '+', '-', '->', '..', '..<', '/', '<', '<<', '<<<', '<=', '<=>', '<>', '==', '===', '>', '>..', '>=', '>>', '>>>', '?:', 'and', 'invert', 'negate', 'or', 'plus', '||', identifier, whitespace\n","stack":"Error: Failed to parse objetos.wlk: \n-- PARSING FAILED --------------------------------------------------\n\n  62 | \n  63 | \tmethod\n> 64 | }\n     | ^\n  65 | \n  66 | class Aspersor {\n\nExpected one of the following: \n\n'!=', '!==', '%', '&&', '*', '**', '+', '-', '->', '..', '..<', '/', '<', '<<', '<<<', '<=', '<=>', '<>', '==', '===', '>', '>..', '>=', '>>', '>>>', '?:', 'and', 'invert', 'negate', 'or', 'plus', '||', identifier, whitespace\n\n    at /home/felipe/.vscode/extensions/uqbar.wollok-lsp-ide-0.3.6/out/server/src/server.js:2254:32415\n    at Array.map (<anonymous>)\n    at Jfn (/home/felipe/.vscode/extensions/uqbar.wollok-lsp-ide-0.3.6/out/server/src/server.js:2254:32339)\n    at k2.buildEnvironmentFrom (/home/felipe/.vscode/extensions/uqbar.wollok-lsp-ide-0.3.6/out/server/src/server.js:2285:6721)\n    at k2.updateEnvironmentWith (/home/felipe/.vscode/extensions/uqbar.wollok-lsp-ide-0.3.6/out/server/src/server.js:2285:6456)\n    at jL (/home/felipe/.vscode/extensions/uqbar.wollok-lsp-ide-0.3.6/out/server/src/server.js:2298:2292)\n    at v3.invoke (/home/felipe/.vscode/extensions/uqbar.wollok-lsp-ide-0.3.6/out/server/src/server.js:3:157200)\n    at o.fire (/home/felipe/.vscode/extensions/uqbar.wollok-lsp-ide-0.3.6/out/server/src/server.js:3:157970)\n    at /home/felipe/.vscode/extensions/uqbar.wollok-lsp-ide-0.3.6/out/server/src/server.js:37:57871\n    at Vr (/home/felipe/.vscode/extensions/uqbar.wollok-lsp-ide-0.3.6/out/server/src/server.js:8:1561)","timestamp":"2024-10-11T22:15:33.885Z"}
{"level":"info","message":"⌛ Validating objetos.wlk","timeElapsed":187,"timestamp":"2024-10-11T22:15:34.073Z"}
{"level":"error","message":"✘ Failed to rebuild document Failed to parse objetos.wlk: \n-- PARSING FAILED --------------------------------------------------\n\n  62 | \n  63 | \tmethod \n> 64 | }\n     | ^\n  65 | \n  66 | class Aspersor {\n\nExpected one of the following: \n\n'!=', '!==', '%', '&&', '*', '**', '+', '-', '->', '..', '..<', '/', '<', '<<', '<<<', '<=', '<=>', '<>', '==', '===', '>', '>..', '>=', '>>', '>>>', '?:', 'and', 'invert', 'negate', 'or', 'plus', '||', identifier, whitespace\n","stack":"Error: Failed to parse objetos.wlk: \n-- PARSING FAILED --------------------------------------------------\n\n  62 | \n  63 | \tmethod \n> 64 | }\n     | ^\n  65 | \n  66 | class Aspersor {\n\nExpected one of the following: \n\n'!=', '!==', '%', '&&', '*', '**', '+', '-', '->', '..', '..<', '/', '<', '<<', '<<<', '<=', '<=>', '<>', '==', '===', '>', '>..', '>=', '>>', '>>>', '?:', 'and', 'invert', 'negate', 'or', 'plus', '||', identifier, whitespace\n\n    at /home/felipe/.vscode/extensions/uqbar.wollok-lsp-ide-0.3.6/out/server/src/server.js:2254:32415\n    at Array.map (<anonymous>)\n    at Jfn (/home/felipe/.vscode/extensions/uqbar.wollok-lsp-ide-0.3.6/out/server/src/server.js:2254:32339)\n    at k2.buildEnvironmentFrom (/home/felipe/.vscode/extensions/uqbar.wollok-lsp-ide-0.3.6/out/server/src/server.js:2285:6721)\n    at k2.updateEnvironmentWith (/home/felipe/.vscode/extensions/uqbar.wollok-lsp-ide-0.3.6/out/server/src/server.js:2285:6456)\n    at jL (/home/felipe/.vscode/extensions/uqbar.wollok-lsp-ide-0.3.6/out/server/src/server.js:2298:2292)\n    at v3.invoke (/home/felipe/.vscode/extensions/uqbar.wollok-lsp-ide-0.3.6/out/server/src/server.js:3:157200)\n    at o.fire (/home/felipe/.vscode/extensions/uqbar.wollok-lsp-ide-0.3.6/out/server/src/server.js:3:157970)\n    at /home/felipe/.vscode/extensions/uqbar.wollok-lsp-ide-0.3.6/out/server/src/server.js:37:57871\n    at Vr (/home/felipe/.vscode/extensions/uqbar.wollok-lsp-ide-0.3.6/out/server/src/server.js:8:1561)","timestamp":"2024-10-11T22:15:34.111Z"}
{"level":"info","message":"⌛ Validating objetos.wlk","timeElapsed":180,"timestamp":"2024-10-11T22:15:34.291Z"}
{"level":"info","message":"⌛ Validating objetos.wlk","timeElapsed":201,"timestamp":"2024-10-11T22:15:34.493Z"}
{"level":"info","message":"onRequest - completionItem/resolve","timestamp":"2024-10-11T22:15:34.493Z"}
{"level":"info","message":"⌛ Building environment","timeElapsed":138,"timestamp":"2024-10-11T22:15:34.632Z"}
{"level":"info","message":"⌛ Building environment","timeElapsed":135,"timestamp":"2024-10-11T22:15:34.768Z"}
{"level":"info","message":"⌛ Building environment","timeElapsed":136,"timestamp":"2024-10-11T22:15:34.945Z"}
{"level":"info","message":"⌛ Validating objetos.wlk","timeElapsed":176,"timestamp":"2024-10-11T22:15:35.121Z"}
{"level":"info","message":"⌛ Building environment","timeElapsed":161,"timestamp":"2024-10-11T22:15:35.283Z"}
{"level":"info","message":"⌛ Building environment","timeElapsed":326,"timestamp":"2024-10-11T22:15:35.610Z"}
{"level":"info","message":"⌛ Validating objetos.wlk","timeElapsed":227,"timestamp":"2024-10-11T22:15:35.840Z"}
{"level":"info","message":"⌛ Building environment","timeElapsed":158,"timestamp":"2024-10-11T22:15:36.000Z"}
{"level":"info","message":"⌛ Validating objetos.wlk","timeElapsed":209,"timestamp":"2024-10-11T22:15:36.210Z"}
{"level":"info","message":"⌛ Validating objetos.wlk","timeElapsed":184,"timestamp":"2024-10-11T22:15:36.396Z"}
{"level":"info","message":"⌛ Validating objetos.wlk","timeElapsed":208,"timestamp":"2024-10-11T22:15:36.615Z"}
{"level":"info","message":"⌛ Validating objetos.wlk","timeElapsed":218,"timestamp":"2024-10-11T22:15:36.835Z"}
{"level":"info","message":"⌛ Validating objetos.wlk","timeElapsed":186,"timestamp":"2024-10-11T22:15:37.022Z"}
{"level":"info","message":"⌛ Validating objetos.wlk","timeElapsed":187,"timestamp":"2024-10-11T22:15:37.209Z"}
{"level":"info","message":"⌛ Validating objetos.wlk","timeElapsed":204,"timestamp":"2024-10-11T22:15:37.414Z"}
{"level":"info","message":"⌛ Building environment","timeElapsed":164,"timestamp":"2024-10-11T22:15:37.579Z"}
{"level":"info","message":"⌛ Validating objetos.wlk","timeElapsed":195,"timestamp":"2024-10-11T22:15:37.810Z"}
{"level":"info","message":"⌛ Building environment","timeElapsed":150,"timestamp":"2024-10-11T22:15:37.963Z"}
{"level":"info","message":"⌛ Building environment","timeElapsed":141,"timestamp":"2024-10-11T22:15:38.111Z"}
{"level":"info","message":"⌛ Building environment","timeElapsed":131,"timestamp":"2024-10-11T22:15:38.243Z"}
{"level":"info","message":"⌛ Building environment","timeElapsed":147,"timestamp":"2024-10-11T22:15:38.391Z"}
{"level":"info","message":"⌛ Building environment","timeElapsed":147,"timestamp":"2024-10-11T22:15:38.539Z"}
{"level":"info","message":"⌛ Building environment","timeElapsed":142,"timestamp":"2024-10-11T22:15:38.686Z"}
{"level":"info","message":"⌛ Building environment","timeElapsed":240,"timestamp":"2024-10-11T22:15:38.926Z"}
{"level":"info","message":"⌛ Validating objetos.wlk","timeElapsed":177,"timestamp":"2024-10-11T22:15:39.104Z"}
{"level":"info","message":"⌛ Building environment","timeElapsed":132,"timestamp":"2024-10-11T22:15:39.237Z"}
{"level":"info","message":"⌛ Building environment","timeElapsed":136,"timestamp":"2024-10-11T22:15:39.409Z"}
{"level":"info","message":"⌛ Validating objetos.wlk","timeElapsed":175,"timestamp":"2024-10-11T22:15:39.586Z"}
{"level":"info","message":"⌛ Validating objetos.wlk","timeElapsed":167,"timestamp":"2024-10-11T22:15:39.754Z"}
{"level":"info","message":"⌛ Validating objetos.wlk","timeElapsed":166,"timestamp":"2024-10-11T22:15:39.929Z"}
{"level":"info","message":"⌛ Validating objetos.wlk","timeElapsed":172,"timestamp":"2024-10-11T22:15:40.101Z"}
{"level":"info","message":"⌛ Building environment","timeElapsed":139,"timestamp":"2024-10-11T22:15:40.242Z"}
{"level":"info","message":"⌛ Validating objetos.wlk","timeElapsed":171,"timestamp":"2024-10-11T22:15:40.413Z"}
{"level":"info","message":"⌛ Validating objetos.wlk","timeElapsed":175,"timestamp":"2024-10-11T22:15:40.591Z"}
{"level":"info","message":"⌛ Validating objetos.wlk","timeElapsed":174,"timestamp":"2024-10-11T22:15:40.771Z"}
{"level":"info","message":"⌛ Validating objetos.wlk","timeElapsed":173,"timestamp":"2024-10-11T22:15:40.945Z"}
{"level":"info","message":"⌛ Validating objetos.wlk","timeElapsed":195,"timestamp":"2024-10-11T22:15:41.141Z"}
{"level":"info","message":"⌛ Validating objetos.wlk","timeElapsed":179,"timestamp":"2024-10-11T22:15:41.322Z"}
{"level":"info","message":"⌛ Building environment","timeElapsed":209,"timestamp":"2024-10-11T22:16:04.440Z"}
{"level":"error","message":"✘ Completions for node failed: Error: [Parameter]{d60872} at objetos.wlk:63 exhausted all cases without a match [Parameter]{d60872} at objetos.wlk:63 exhausted all cases without a match","stack":"Error: [Parameter]{d60872} at objetos.wlk:63 exhausted all cases without a match\n    at /home/felipe/.vscode/extensions/uqbar.wollok-lsp-ide-0.3.6/out/server/src/server.js:38:6067\n    at yh (/home/felipe/.vscode/extensions/uqbar.wollok-lsp-ide-0.3.6/out/server/src/server.js:2291:42)\n    at /home/felipe/.vscode/extensions/uqbar.wollok-lsp-ide-0.3.6/out/server/src/server.js:2291:2700\n    at /home/felipe/.vscode/extensions/uqbar.wollok-lsp-ide-0.3.6/out/server/src/server.js:2298:3774\n    at /home/felipe/.vscode/extensions/uqbar.wollok-lsp-ide-0.3.6/out/server/src/server.js:37:74872\n    at Fe (/home/felipe/.vscode/extensions/uqbar.wollok-lsp-ide-0.3.6/out/server/src/server.js:7:8527)\n    at Pt (/home/felipe/.vscode/extensions/uqbar.wollok-lsp-ide-0.3.6/out/server/src/server.js:7:6189)\n    at Gi (/home/felipe/.vscode/extensions/uqbar.wollok-lsp-ide-0.3.6/out/server/src/server.js:7:6378)\n    at Immediate._onImmediate (/home/felipe/.vscode/extensions/uqbar.wollok-lsp-ide-0.3.6/out/server/src/server.js:7:6142)\n    at process.processImmediate (node:internal/timers:483:21)","timestamp":"2024-10-11T22:16:04.487Z"}
{"level":"info","message":"⌛ Building environment","timeElapsed":307,"timestamp":"2024-10-11T22:16:04.802Z"}
{"level":"info","message":"⌛ Validating objetos.wlk","timeElapsed":221,"timestamp":"2024-10-11T22:16:05.025Z"}
{"level":"info","message":"onRequest - completionItem/resolve","timestamp":"2024-10-11T22:16:05.026Z"}
{"level":"info","message":"⌛ Building environment","timeElapsed":327,"timestamp":"2024-10-11T22:16:05.358Z"}
{"level":"info","message":"onRequest - completionItem/resolve","timestamp":"2024-10-11T22:16:05.360Z"}
{"level":"info","message":"⌛ Building environment","timeElapsed":170,"timestamp":"2024-10-11T22:16:05.531Z"}
{"level":"info","message":"onRequest - completionItem/resolve","timestamp":"2024-10-11T22:16:05.532Z"}
{"level":"info","message":"⌛ Building environment","timeElapsed":142,"timestamp":"2024-10-11T22:16:05.674Z"}
{"level":"info","message":"onRequest - completionItem/resolve","timestamp":"2024-10-11T22:16:05.683Z"}
{"level":"info","message":"⌛ Validating objetos.wlk","timeElapsed":208,"timestamp":"2024-10-11T22:16:05.892Z"}
{"level":"info","message":"⌛ Building environment","timeElapsed":155,"timestamp":"2024-10-11T22:16:06.049Z"}
{"level":"error","message":"✘ Completions for node failed: Error: [Parameter]{d7e1a4} at objetos.wlk:63 exhausted all cases without a match [Parameter]{d7e1a4} at objetos.wlk:63 exhausted all cases without a match","stack":"Error: [Parameter]{d7e1a4} at objetos.wlk:63 exhausted all cases without a match\n    at /home/felipe/.vscode/extensions/uqbar.wollok-lsp-ide-0.3.6/out/server/src/server.js:38:6067\n    at yh (/home/felipe/.vscode/extensions/uqbar.wollok-lsp-ide-0.3.6/out/server/src/server.js:2291:42)\n    at /home/felipe/.vscode/extensions/uqbar.wollok-lsp-ide-0.3.6/out/server/src/server.js:2291:2700\n    at /home/felipe/.vscode/extensions/uqbar.wollok-lsp-ide-0.3.6/out/server/src/server.js:2298:3774\n    at /home/felipe/.vscode/extensions/uqbar.wollok-lsp-ide-0.3.6/out/server/src/server.js:37:74872\n    at Fe (/home/felipe/.vscode/extensions/uqbar.wollok-lsp-ide-0.3.6/out/server/src/server.js:7:8527)\n    at Pt (/home/felipe/.vscode/extensions/uqbar.wollok-lsp-ide-0.3.6/out/server/src/server.js:7:6189)\n    at Gi (/home/felipe/.vscode/extensions/uqbar.wollok-lsp-ide-0.3.6/out/server/src/server.js:7:6378)\n    at Immediate._onImmediate (/home/felipe/.vscode/extensions/uqbar.wollok-lsp-ide-0.3.6/out/server/src/server.js:7:6142)\n    at process.processImmediate (node:internal/timers:483:21)","timestamp":"2024-10-11T22:16:06.083Z"}
{"level":"info","message":"⌛ Building environment","timeElapsed":185,"timestamp":"2024-10-11T22:16:06.276Z"}
{"level":"info","message":"⌛ Validating objetos.wlk","timeElapsed":198,"timestamp":"2024-10-11T22:16:06.475Z"}
{"level":"info","message":"⌛ Validating objetos.wlk","timeElapsed":177,"timestamp":"2024-10-11T22:16:06.660Z"}
{"level":"info","message":"⌛ Validating objetos.wlk","timeElapsed":220,"timestamp":"2024-10-11T22:16:06.880Z"}
{"level":"info","message":"⌛ Validating objetos.wlk","timeElapsed":214,"timestamp":"2024-10-11T22:16:07.096Z"}
{"level":"info","message":"⌛ Building environment","timeElapsed":157,"timestamp":"2024-10-11T22:16:07.254Z"}
{"level":"info","message":"⌛ Validating objetos.wlk","timeElapsed":192,"timestamp":"2024-10-11T22:16:07.453Z"}
{"level":"info","message":"⌛ Building environment","timeElapsed":143,"timestamp":"2024-10-11T22:16:07.603Z"}
{"level":"info","message":"⌛ Building environment","timeElapsed":147,"timestamp":"2024-10-11T22:16:07.750Z"}
{"level":"info","message":"⌛ Validating objetos.wlk","timeElapsed":187,"timestamp":"2024-10-11T22:16:07.937Z"}
{"level":"info","message":"⌛ Validating objetos.wlk","timeElapsed":195,"timestamp":"2024-10-11T22:16:08.139Z"}
{"level":"info","message":"⌛ Validating objetos.wlk","timeElapsed":186,"timestamp":"2024-10-11T22:16:08.325Z"}
{"level":"info","message":"⌛ Building environment","timeElapsed":284,"timestamp":"2024-10-11T22:16:48.493Z"}
{"level":"info","message":"⌛ Building environment","timeElapsed":254,"timestamp":"2024-10-11T22:16:48.803Z"}
{"level":"info","message":"⌛ Validating objetos.wlk","timeElapsed":242,"timestamp":"2024-10-11T22:16:49.046Z"}
{"level":"info","message":"onRequest - completionItem/resolve","timestamp":"2024-10-11T22:16:49.046Z"}
{"level":"info","message":"⌛ Building environment","timeElapsed":159,"timestamp":"2024-10-11T22:16:49.214Z"}
{"level":"info","message":"onRequest - completionItem/resolve","timestamp":"2024-10-11T22:16:49.230Z"}
{"level":"info","message":"⌛ Validating objetos.wlk","timeElapsed":255,"timestamp":"2024-10-11T22:16:49.487Z"}
{"level":"info","message":"⌛ Validating objetos.wlk","timeElapsed":185,"timestamp":"2024-10-11T22:16:49.679Z"}
{"level":"info","message":"⌛ Building environment","timeElapsed":167,"timestamp":"2024-10-11T22:16:49.846Z"}
{"level":"info","message":"onRequest - completionItem/resolve","timestamp":"2024-10-11T22:16:49.846Z"}
{"level":"info","message":"⌛ Validating objetos.wlk","timeElapsed":216,"timestamp":"2024-10-11T22:16:50.069Z"}
{"level":"info","message":"⌛ Building environment","timeElapsed":194,"timestamp":"2024-10-11T22:16:52.512Z"}
{"level":"info","message":"⌛ Validating objetos.wlk","timeElapsed":219,"timestamp":"2024-10-11T22:16:52.790Z"}
{"level":"info","message":"onRequest - completionItem/resolve","timestamp":"2024-10-11T22:16:52.792Z"}
{"level":"info","message":"⌛ Building environment","timeElapsed":197,"timestamp":"2024-10-11T22:16:57.948Z"}
{"level":"info","message":"onRequest - completionItem/resolve","timestamp":"2024-10-11T22:16:57.948Z"}
{"level":"info","message":"⌛ Validating objetos.wlk","timeElapsed":223,"timestamp":"2024-10-11T22:16:58.172Z"}
{"level":"info","message":"⌛ Building environment","timeElapsed":160,"timestamp":"2024-10-11T22:16:58.333Z"}
{"level":"info","message":"onRequest - completionItem/resolve","timestamp":"2024-10-11T22:16:58.334Z"}
{"level":"info","message":"⌛ Validating objetos.wlk","timeElapsed":192,"timestamp":"2024-10-11T22:16:58.533Z"}
{"level":"info","message":"⌛ Building environment","timeElapsed":150,"timestamp":"2024-10-11T22:16:59.300Z"}
{"level":"info","message":"onRequest - completionItem/resolve","timestamp":"2024-10-11T22:16:59.301Z"}
{"level":"info","message":"⌛ Validating objetos.wlk","timeElapsed":197,"timestamp":"2024-10-11T22:16:59.498Z"}
{"level":"info","message":"⌛ Building environment","timeElapsed":146,"timestamp":"2024-10-11T22:16:59.735Z"}
{"level":"info","message":"⌛ Validating objetos.wlk","timeElapsed":193,"timestamp":"2024-10-11T22:16:59.970Z"}
{"level":"info","message":"⌛ Building environment","timeElapsed":141,"timestamp":"2024-10-11T22:17:00.113Z"}
{"level":"info","message":"⌛ Validating objetos.wlk","timeElapsed":176,"timestamp":"2024-10-11T22:17:00.329Z"}
{"level":"info","message":"⌛ Building environment","timeElapsed":201,"timestamp":"2024-10-11T22:17:02.141Z"}
{"level":"info","message":"⌛ Validating objetos.wlk","timeElapsed":187,"timestamp":"2024-10-11T22:17:02.361Z"}
{"level":"info","message":"⌛ Building environment","timeElapsed":147,"timestamp":"2024-10-11T22:17:03.261Z"}
{"level":"info","message":"⌛ Validating objetos.wlk","timeElapsed":182,"timestamp":"2024-10-11T22:17:03.483Z"}
{"level":"info","message":"⌛ Building environment","timeElapsed":149,"timestamp":"2024-10-11T22:17:03.633Z"}
{"level":"info","message":"⌛ Validating objetos.wlk","timeElapsed":201,"timestamp":"2024-10-11T22:17:03.841Z"}
{"level":"info","message":"⌛ Building environment","timeElapsed":143,"timestamp":"2024-10-11T22:17:03.985Z"}
{"level":"info","message":"⌛ Validating objetos.wlk","timeElapsed":193,"timestamp":"2024-10-11T22:17:04.211Z"}
{"level":"info","message":"⌛ Building environment","timeElapsed":147,"timestamp":"2024-10-11T22:17:04.359Z"}
{"level":"info","message":"⌛ Validating objetos.wlk","timeElapsed":185,"timestamp":"2024-10-11T22:17:04.582Z"}
{"level":"info","message":"⌛ Building environment","timeElapsed":148,"timestamp":"2024-10-11T22:17:04.950Z"}
{"level":"info","message":"⌛ Validating objetos.wlk","timeElapsed":181,"timestamp":"2024-10-11T22:17:05.165Z"}
{"level":"info","message":"⌛ Building environment","timeElapsed":232,"timestamp":"2024-10-11T22:17:08.459Z"}
{"level":"info","message":"⌛ Validating objetos.wlk","timeElapsed":231,"timestamp":"2024-10-11T22:17:08.693Z"}
{"level":"info","message":"⌛ Building environment","timeElapsed":206,"timestamp":"2024-10-11T22:17:18.010Z"}
{"level":"info","message":"⌛ Validating objetos.wlk","timeElapsed":202,"timestamp":"2024-10-11T22:17:18.213Z"}
{"level":"info","message":"⌛ Building environment","timeElapsed":174,"timestamp":"2024-10-11T22:17:22.493Z"}
{"level":"info","message":"⌛ Validating objetos.wlk","timeElapsed":216,"timestamp":"2024-10-11T22:17:22.757Z"}
{"level":"info","message":"onRequest - completionItem/resolve","timestamp":"2024-10-11T22:17:22.758Z"}
{"level":"info","message":"⌛ Building environment","timeElapsed":162,"timestamp":"2024-10-11T22:17:22.922Z"}
{"level":"info","message":"onRequest - completionItem/resolve","timestamp":"2024-10-11T22:17:22.924Z"}
{"level":"info","message":"⌛ Building environment","timeElapsed":172,"timestamp":"2024-10-11T22:17:23.096Z"}
{"level":"info","message":"onRequest - completionItem/resolve","timestamp":"2024-10-11T22:17:23.098Z"}
{"level":"info","message":"⌛ Validating objetos.wlk","timeElapsed":180,"timestamp":"2024-10-11T22:17:23.278Z"}
{"level":"info","message":"⌛ Validating objetos.wlk","timeElapsed":190,"timestamp":"2024-10-11T22:17:23.470Z"}
{"level":"info","message":"onRequest - completionItem/resolve","timestamp":"2024-10-11T22:17:24.063Z"}
{"level":"info","message":"⌛ Building environment","timeElapsed":159,"timestamp":"2024-10-11T22:17:24.232Z"}
{"level":"info","message":"⌛ Validating objetos.wlk","timeElapsed":185,"timestamp":"2024-10-11T22:17:24.418Z"}
{"level":"info","message":"⌛ Building environment","timeElapsed":156,"timestamp":"2024-10-11T22:17:25.251Z"}
{"level":"info","message":"⌛ Validating objetos.wlk","timeElapsed":211,"timestamp":"2024-10-11T22:17:25.512Z"}
{"level":"info","message":"onRequest - completionItem/resolve","timestamp":"2024-10-11T22:17:25.513Z"}
{"level":"info","message":"⌛ Building environment","timeElapsed":154,"timestamp":"2024-10-11T22:17:25.792Z"}
{"level":"info","message":"onRequest - completionItem/resolve","timestamp":"2024-10-11T22:17:25.792Z"}
{"level":"info","message":"⌛ Validating objetos.wlk","timeElapsed":209,"timestamp":"2024-10-11T22:17:26.002Z"}
{"level":"info","message":"⌛ Building environment","timeElapsed":210,"timestamp":"2024-10-11T22:17:26.213Z"}
{"level":"info","message":"onRequest - completionItem/resolve","timestamp":"2024-10-11T22:17:26.213Z"}
{"level":"info","message":"⌛ Building environment","timeElapsed":227,"timestamp":"2024-10-11T22:17:26.447Z"}
{"level":"info","message":"⌛ Validating objetos.wlk","timeElapsed":193,"timestamp":"2024-10-11T22:17:26.646Z"}
{"level":"info","message":"onRequest - completionItem/resolve","timestamp":"2024-10-11T22:17:26.647Z"}
{"level":"info","message":"⌛ Building environment","timeElapsed":154,"timestamp":"2024-10-11T22:17:26.808Z"}
{"level":"info","message":"onRequest - completionItem/resolve","timestamp":"2024-10-11T22:17:26.809Z"}
{"level":"info","message":"⌛ Validating objetos.wlk","timeElapsed":194,"timestamp":"2024-10-11T22:17:27.003Z"}
{"level":"info","message":"⌛ Building environment","timeElapsed":139,"timestamp":"2024-10-11T22:17:27.150Z"}
{"level":"info","message":"onRequest - completionItem/resolve","timestamp":"2024-10-11T22:17:27.151Z"}
{"level":"info","message":"⌛ Validating objetos.wlk","timeElapsed":179,"timestamp":"2024-10-11T22:17:27.338Z"}
{"level":"info","message":"⌛ Validating objetos.wlk","timeElapsed":181,"timestamp":"2024-10-11T22:17:27.521Z"}
{"level":"info","message":"onRequest - completionItem/resolve","timestamp":"2024-10-11T22:17:27.808Z"}
{"level":"info","message":"⌛ Building environment","timeElapsed":197,"timestamp":"2024-10-11T22:17:28.011Z"}
{"level":"info","message":"⌛ Validating objetos.wlk","timeElapsed":225,"timestamp":"2024-10-11T22:17:28.239Z"}
{"level":"info","message":"⌛ Building environment","timeElapsed":274,"timestamp":"2024-10-11T22:18:08.266Z"}
{"level":"info","message":"⌛ Building environment","timeElapsed":153,"timestamp":"2024-10-11T22:18:08.424Z"}
{"level":"info","message":"⌛ Validating objetos.wlk","timeElapsed":262,"timestamp":"2024-10-11T22:18:08.687Z"}
{"level":"info","message":"⌛ Validating objetos.wlk","timeElapsed":195,"timestamp":"2024-10-11T22:18:08.891Z"}
{"level":"info","message":"⌛ Building environment","timeElapsed":168,"timestamp":"2024-10-11T22:18:09.061Z"}
{"level":"info","message":"⌛ Validating objetos.wlk","timeElapsed":236,"timestamp":"2024-10-11T22:18:09.334Z"}
{"level":"info","message":"onRequest - completionItem/resolve","timestamp":"2024-10-11T22:18:09.335Z"}
{"level":"info","message":"⌛ Building environment","timeElapsed":195,"timestamp":"2024-10-11T22:18:09.531Z"}
{"level":"info","message":"onRequest - completionItem/resolve","timestamp":"2024-10-11T22:18:09.533Z"}
{"level":"info","message":"⌛ Building environment","timeElapsed":164,"timestamp":"2024-10-11T22:18:09.698Z"}
{"level":"info","message":"onRequest - completionItem/resolve","timestamp":"2024-10-11T22:18:09.706Z"}
{"level":"info","message":"⌛ Building environment","timeElapsed":254,"timestamp":"2024-10-11T22:18:09.962Z"}
{"level":"info","message":"onRequest - completionItem/resolve","timestamp":"2024-10-11T22:18:09.964Z"}
{"level":"info","message":"⌛ Validating objetos.wlk","timeElapsed":235,"timestamp":"2024-10-11T22:18:10.203Z"}
{"level":"info","message":"⌛ Building environment","timeElapsed":146,"timestamp":"2024-10-11T22:18:10.350Z"}
{"level":"info","message":"onRequest - completionItem/resolve","timestamp":"2024-10-11T22:18:10.357Z"}
{"level":"info","message":"⌛ Validating objetos.wlk","timeElapsed":258,"timestamp":"2024-10-11T22:18:10.616Z"}
{"level":"info","message":"⌛ Building environment","timeElapsed":170,"timestamp":"2024-10-11T22:18:10.786Z"}
{"level":"info","message":"onRequest - completionItem/resolve","timestamp":"2024-10-11T22:18:10.787Z"}
{"level":"info","message":"⌛ Building environment","timeElapsed":156,"timestamp":"2024-10-11T22:18:10.943Z"}
{"level":"info","message":"onRequest - completionItem/resolve","timestamp":"2024-10-11T22:18:10.944Z"}
{"level":"info","message":"⌛ Validating objetos.wlk","timeElapsed":204,"timestamp":"2024-10-11T22:18:11.149Z"}
{"level":"info","message":"⌛ Validating objetos.wlk","timeElapsed":222,"timestamp":"2024-10-11T22:18:11.421Z"}
{"level":"info","message":"⌛ Validating objetos.wlk","timeElapsed":205,"timestamp":"2024-10-11T22:18:11.626Z"}
{"level":"info","message":"⌛ Validating objetos.wlk","timeElapsed":289,"timestamp":"2024-10-11T22:18:11.915Z"}
{"level":"info","message":"⌛ Building environment","timeElapsed":178,"timestamp":"2024-10-11T22:18:12.094Z"}
{"level":"info","message":"onRequest - completionItem/resolve","timestamp":"2024-10-11T22:18:12.101Z"}
{"level":"info","message":"⌛ Building environment","timeElapsed":149,"timestamp":"2024-10-11T22:18:12.256Z"}
{"level":"info","message":"⌛ Building environment","timeElapsed":145,"timestamp":"2024-10-11T22:18:12.416Z"}
{"level":"info","message":"⌛ Building environment","timeElapsed":142,"timestamp":"2024-10-11T22:18:12.610Z"}
{"level":"info","message":"⌛ Building environment","timeElapsed":173,"timestamp":"2024-10-11T22:18:12.784Z"}
{"level":"info","message":"⌛ Validating objetos.wlk","timeElapsed":194,"timestamp":"2024-10-11T22:18:12.979Z"}
{"level":"info","message":"⌛ Building environment","timeElapsed":167,"timestamp":"2024-10-11T22:18:13.148Z"}
{"level":"info","message":"⌛ Validating objetos.wlk","timeElapsed":207,"timestamp":"2024-10-11T22:18:13.356Z"}
{"level":"info","message":"⌛ Validating objetos.wlk","timeElapsed":196,"timestamp":"2024-10-11T22:18:13.552Z"}
{"level":"info","message":"⌛ Building environment","timeElapsed":152,"timestamp":"2024-10-11T22:18:13.704Z"}
{"level":"info","message":"⌛ Validating objetos.wlk","timeElapsed":202,"timestamp":"2024-10-11T22:18:13.907Z"}
{"level":"info","message":"⌛ Validating objetos.wlk","timeElapsed":210,"timestamp":"2024-10-11T22:18:14.118Z"}
{"level":"info","message":"⌛ Building environment","timeElapsed":146,"timestamp":"2024-10-11T22:18:14.275Z"}
{"level":"info","message":"⌛ Validating objetos.wlk","timeElapsed":214,"timestamp":"2024-10-11T22:18:14.536Z"}
{"level":"info","message":"⌛ Validating objetos.wlk","timeElapsed":197,"timestamp":"2024-10-11T22:18:14.734Z"}
{"level":"info","message":"⌛ Building environment","timeElapsed":168,"timestamp":"2024-10-11T22:18:14.902Z"}
{"level":"info","message":"⌛ Building environment","timeElapsed":168,"timestamp":"2024-10-11T22:18:15.072Z"}
{"level":"info","message":"⌛ Building environment","timeElapsed":142,"timestamp":"2024-10-11T22:18:15.214Z"}
{"level":"info","message":"⌛ Validating objetos.wlk","timeElapsed":199,"timestamp":"2024-10-11T22:18:15.419Z"}
{"level":"info","message":"⌛ Building environment","timeElapsed":243,"timestamp":"2024-10-11T22:18:15.664Z"}
{"level":"info","message":"⌛ Building environment","timeElapsed":148,"timestamp":"2024-10-11T22:18:15.848Z"}
{"level":"info","message":"⌛ Building environment","timeElapsed":137,"timestamp":"2024-10-11T22:18:15.986Z"}
{"level":"info","message":"⌛ Validating objetos.wlk","timeElapsed":192,"timestamp":"2024-10-11T22:18:16.193Z"}
{"level":"info","message":"⌛ Building environment","timeElapsed":150,"timestamp":"2024-10-11T22:18:16.344Z"}
{"level":"info","message":"⌛ Validating objetos.wlk","timeElapsed":192,"timestamp":"2024-10-11T22:18:16.569Z"}
{"level":"info","message":"⌛ Validating objetos.wlk","timeElapsed":191,"timestamp":"2024-10-11T22:18:16.763Z"}
{"level":"info","message":"⌛ Building environment","timeElapsed":262,"timestamp":"2024-10-11T22:18:17.027Z"}
{"level":"info","message":"⌛ Building environment","timeElapsed":146,"timestamp":"2024-10-11T22:18:17.219Z"}
{"level":"info","message":"⌛ Validating objetos.wlk","timeElapsed":214,"timestamp":"2024-10-11T22:18:17.434Z"}
{"level":"info","message":"⌛ Validating objetos.wlk","timeElapsed":190,"timestamp":"2024-10-11T22:18:17.634Z"}
{"level":"info","message":"⌛ Validating objetos.wlk","timeElapsed":175,"timestamp":"2024-10-11T22:18:17.809Z"}
{"level":"info","message":"⌛ Building environment","timeElapsed":141,"timestamp":"2024-10-11T22:18:17.951Z"}
{"level":"info","message":"⌛ Building environment","timeElapsed":132,"timestamp":"2024-10-11T22:18:18.084Z"}
{"level":"info","message":"⌛ Validating objetos.wlk","timeElapsed":183,"timestamp":"2024-10-11T22:18:18.268Z"}
{"level":"info","message":"⌛ Building environment","timeElapsed":165,"timestamp":"2024-10-11T22:18:18.433Z"}
{"level":"info","message":"⌛ Validating objetos.wlk","timeElapsed":181,"timestamp":"2024-10-11T22:18:18.627Z"}
{"level":"info","message":"⌛ Validating objetos.wlk","timeElapsed":203,"timestamp":"2024-10-11T22:18:18.831Z"}
{"level":"info","message":"⌛ Validating objetos.wlk","timeElapsed":181,"timestamp":"2024-10-11T22:18:19.013Z"}
{"level":"info","message":"⌛ Validating objetos.wlk","timeElapsed":182,"timestamp":"2024-10-11T22:18:19.195Z"}
{"level":"info","message":"⌛ Validating objetos.wlk","timeElapsed":193,"timestamp":"2024-10-11T22:18:19.389Z"}
{"level":"info","message":"⌛ Building environment","timeElapsed":171,"timestamp":"2024-10-11T22:18:20.593Z"}
{"level":"error","message":"✘ Completions for node failed: Error: [Parameter]{4bd373} at objetos.wlk:55 exhausted all cases without a match [Parameter]{4bd373} at objetos.wlk:55 exhausted all cases without a match","stack":"Error: [Parameter]{4bd373} at objetos.wlk:55 exhausted all cases without a match\n    at /home/felipe/.vscode/extensions/uqbar.wollok-lsp-ide-0.3.6/out/server/src/server.js:38:6067\n    at yh (/home/felipe/.vscode/extensions/uqbar.wollok-lsp-ide-0.3.6/out/server/src/server.js:2291:42)\n    at /home/felipe/.vscode/extensions/uqbar.wollok-lsp-ide-0.3.6/out/server/src/server.js:2291:2700\n    at /home/felipe/.vscode/extensions/uqbar.wollok-lsp-ide-0.3.6/out/server/src/server.js:2298:3774\n    at /home/felipe/.vscode/extensions/uqbar.wollok-lsp-ide-0.3.6/out/server/src/server.js:37:74872\n    at Fe (/home/felipe/.vscode/extensions/uqbar.wollok-lsp-ide-0.3.6/out/server/src/server.js:7:8527)\n    at Pt (/home/felipe/.vscode/extensions/uqbar.wollok-lsp-ide-0.3.6/out/server/src/server.js:7:6189)\n    at Gi (/home/felipe/.vscode/extensions/uqbar.wollok-lsp-ide-0.3.6/out/server/src/server.js:7:6378)\n    at Immediate._onImmediate (/home/felipe/.vscode/extensions/uqbar.wollok-lsp-ide-0.3.6/out/server/src/server.js:7:6142)\n    at process.processImmediate (node:internal/timers:483:21)","timestamp":"2024-10-11T22:18:20.638Z"}
{"level":"info","message":"⌛ Building environment","timeElapsed":177,"timestamp":"2024-10-11T22:18:20.822Z"}
{"level":"info","message":"⌛ Validating objetos.wlk","timeElapsed":191,"timestamp":"2024-10-11T22:18:21.019Z"}
{"level":"info","message":"⌛ Validating objetos.wlk","timeElapsed":210,"timestamp":"2024-10-11T22:18:21.230Z"}
{"level":"info","message":"⌛ Building environment","timeElapsed":159,"timestamp":"2024-10-11T22:18:21.397Z"}
{"level":"error","message":"✘ Completions for node failed: Error: [Parameter]{82c218} at objetos.wlk:55 exhausted all cases without a match [Parameter]{82c218} at objetos.wlk:55 exhausted all cases without a match","stack":"Error: [Parameter]{82c218} at objetos.wlk:55 exhausted all cases without a match\n    at /home/felipe/.vscode/extensions/uqbar.wollok-lsp-ide-0.3.6/out/server/src/server.js:38:6067\n    at yh (/home/felipe/.vscode/extensions/uqbar.wollok-lsp-ide-0.3.6/out/server/src/server.js:2291:42)\n    at /home/felipe/.vscode/extensions/uqbar.wollok-lsp-ide-0.3.6/out/server/src/server.js:2291:2700\n    at /home/felipe/.vscode/extensions/uqbar.wollok-lsp-ide-0.3.6/out/server/src/server.js:2298:3774\n    at /home/felipe/.vscode/extensions/uqbar.wollok-lsp-ide-0.3.6/out/server/src/server.js:37:74872\n    at Fe (/home/felipe/.vscode/extensions/uqbar.wollok-lsp-ide-0.3.6/out/server/src/server.js:7:8527)\n    at Pt (/home/felipe/.vscode/extensions/uqbar.wollok-lsp-ide-0.3.6/out/server/src/server.js:7:6189)\n    at Gi (/home/felipe/.vscode/extensions/uqbar.wollok-lsp-ide-0.3.6/out/server/src/server.js:7:6378)\n    at Immediate._onImmediate (/home/felipe/.vscode/extensions/uqbar.wollok-lsp-ide-0.3.6/out/server/src/server.js:7:6142)\n    at process.processImmediate (node:internal/timers:483:21)","timestamp":"2024-10-11T22:18:21.433Z"}
{"level":"info","message":"⌛ Building environment","timeElapsed":144,"timestamp":"2024-10-11T22:18:21.580Z"}
{"level":"info","message":"⌛ Building environment","timeElapsed":161,"timestamp":"2024-10-11T22:18:21.742Z"}
{"level":"info","message":"⌛ Validating objetos.wlk","timeElapsed":204,"timestamp":"2024-10-11T22:18:21.947Z"}
{"level":"info","message":"⌛ Building environment","timeElapsed":141,"timestamp":"2024-10-11T22:18:22.090Z"}
{"level":"error","message":"✘ Completions for node failed: Error: [Parameter]{e1e081} at objetos.wlk:55 exhausted all cases without a match [Parameter]{e1e081} at objetos.wlk:55 exhausted all cases without a match","stack":"Error: [Parameter]{e1e081} at objetos.wlk:55 exhausted all cases without a match\n    at /home/felipe/.vscode/extensions/uqbar.wollok-lsp-ide-0.3.6/out/server/src/server.js:38:6067\n    at yh (/home/felipe/.vscode/extensions/uqbar.wollok-lsp-ide-0.3.6/out/server/src/server.js:2291:42)\n    at /home/felipe/.vscode/extensions/uqbar.wollok-lsp-ide-0.3.6/out/server/src/server.js:2291:2700\n    at /home/felipe/.vscode/extensions/uqbar.wollok-lsp-ide-0.3.6/out/server/src/server.js:2298:3774\n    at /home/felipe/.vscode/extensions/uqbar.wollok-lsp-ide-0.3.6/out/server/src/server.js:37:74872\n    at Fe (/home/felipe/.vscode/extensions/uqbar.wollok-lsp-ide-0.3.6/out/server/src/server.js:7:8527)\n    at Pt (/home/felipe/.vscode/extensions/uqbar.wollok-lsp-ide-0.3.6/out/server/src/server.js:7:6189)\n    at Gi (/home/felipe/.vscode/extensions/uqbar.wollok-lsp-ide-0.3.6/out/server/src/server.js:7:6378)\n    at Immediate._onImmediate (/home/felipe/.vscode/extensions/uqbar.wollok-lsp-ide-0.3.6/out/server/src/server.js:7:6142)\n    at process.processImmediate (node:internal/timers:483:21)","timestamp":"2024-10-11T22:18:22.126Z"}
{"level":"info","message":"⌛ Validating objetos.wlk","timeElapsed":197,"timestamp":"2024-10-11T22:18:22.327Z"}
{"level":"info","message":"⌛ Building environment","timeElapsed":152,"timestamp":"2024-10-11T22:18:22.481Z"}
{"level":"info","message":"⌛ Validating objetos.wlk","timeElapsed":176,"timestamp":"2024-10-11T22:18:22.657Z"}
{"level":"info","message":"⌛ Building environment","timeElapsed":147,"timestamp":"2024-10-11T22:18:22.806Z"}
{"level":"info","message":"⌛ Validating objetos.wlk","timeElapsed":189,"timestamp":"2024-10-11T22:18:22.995Z"}
{"level":"info","message":"⌛ Validating objetos.wlk","timeElapsed":192,"timestamp":"2024-10-11T22:18:23.194Z"}
{"level":"info","message":"⌛ Validating objetos.wlk","timeElapsed":194,"timestamp":"2024-10-11T22:18:23.389Z"}
{"level":"info","message":"⌛ Building environment","timeElapsed":172,"timestamp":"2024-10-11T22:18:25.096Z"}
{"level":"info","message":"⌛ Building environment","timeElapsed":172,"timestamp":"2024-10-11T22:18:25.269Z"}
{"level":"info","message":"⌛ Validating objetos.wlk","timeElapsed":188,"timestamp":"2024-10-11T22:18:25.458Z"}
{"level":"info","message":"⌛ Building environment","timeElapsed":550,"timestamp":"2024-10-11T22:18:26.009Z"}
{"level":"info","message":"⌛ Validating objetos.wlk","timeElapsed":280,"timestamp":"2024-10-11T22:18:26.294Z"}
{"level":"info","message":"⌛ Validating objetos.wlk","timeElapsed":217,"timestamp":"2024-10-11T22:18:26.519Z"}
{"level":"info","message":"⌛ Building environment","timeElapsed":220,"timestamp":"2024-10-11T22:18:29.564Z"}
{"level":"error","message":"✘ Completions for node failed: Error: [Parameter]{aebdaf} at objetos.wlk:55 exhausted all cases without a match [Parameter]{aebdaf} at objetos.wlk:55 exhausted all cases without a match","stack":"Error: [Parameter]{aebdaf} at objetos.wlk:55 exhausted all cases without a match\n    at /home/felipe/.vscode/extensions/uqbar.wollok-lsp-ide-0.3.6/out/server/src/server.js:38:6067\n    at yh (/home/felipe/.vscode/extensions/uqbar.wollok-lsp-ide-0.3.6/out/server/src/server.js:2291:42)\n    at /home/felipe/.vscode/extensions/uqbar.wollok-lsp-ide-0.3.6/out/server/src/server.js:2291:2700\n    at /home/felipe/.vscode/extensions/uqbar.wollok-lsp-ide-0.3.6/out/server/src/server.js:2298:3774\n    at /home/felipe/.vscode/extensions/uqbar.wollok-lsp-ide-0.3.6/out/server/src/server.js:37:74872\n    at Fe (/home/felipe/.vscode/extensions/uqbar.wollok-lsp-ide-0.3.6/out/server/src/server.js:7:8527)\n    at Pt (/home/felipe/.vscode/extensions/uqbar.wollok-lsp-ide-0.3.6/out/server/src/server.js:7:6189)\n    at Gi (/home/felipe/.vscode/extensions/uqbar.wollok-lsp-ide-0.3.6/out/server/src/server.js:7:6378)\n    at Immediate._onImmediate (/home/felipe/.vscode/extensions/uqbar.wollok-lsp-ide-0.3.6/out/server/src/server.js:7:6142)\n    at process.processImmediate (node:internal/timers:483:21)","timestamp":"2024-10-11T22:18:29.601Z"}
{"level":"info","message":"⌛ Building environment","timeElapsed":148,"timestamp":"2024-10-11T22:18:29.755Z"}
{"level":"info","message":"⌛ Validating objetos.wlk","timeElapsed":215,"timestamp":"2024-10-11T22:18:29.971Z"}
{"level":"info","message":"⌛ Building environment","timeElapsed":164,"timestamp":"2024-10-11T22:18:30.136Z"}
{"level":"info","message":"onRequest - completionItem/resolve","timestamp":"2024-10-11T22:18:30.137Z"}
{"level":"info","message":"⌛ Building environment","timeElapsed":158,"timestamp":"2024-10-11T22:18:30.296Z"}
{"level":"info","message":"onRequest - completionItem/resolve","timestamp":"2024-10-11T22:18:30.297Z"}
{"level":"info","message":"⌛ Validating objetos.wlk","timeElapsed":188,"timestamp":"2024-10-11T22:18:30.485Z"}
{"level":"info","message":"⌛ Building environment","timeElapsed":144,"timestamp":"2024-10-11T22:18:30.630Z"}
{"level":"info","message":"onRequest - completionItem/resolve","timestamp":"2024-10-11T22:18:30.631Z"}
{"level":"info","message":"⌛ Building environment","timeElapsed":159,"timestamp":"2024-10-11T22:18:30.790Z"}
{"level":"error","message":"✘ Completions for node failed: Error: [Parameter]{bcca0b} at objetos.wlk:55 exhausted all cases without a match [Parameter]{bcca0b} at objetos.wlk:55 exhausted all cases without a match","stack":"Error: [Parameter]{bcca0b} at objetos.wlk:55 exhausted all cases without a match\n    at /home/felipe/.vscode/extensions/uqbar.wollok-lsp-ide-0.3.6/out/server/src/server.js:38:6067\n    at yh (/home/felipe/.vscode/extensions/uqbar.wollok-lsp-ide-0.3.6/out/server/src/server.js:2291:42)\n    at /home/felipe/.vscode/extensions/uqbar.wollok-lsp-ide-0.3.6/out/server/src/server.js:2291:2700\n    at /home/felipe/.vscode/extensions/uqbar.wollok-lsp-ide-0.3.6/out/server/src/server.js:2298:3774\n    at /home/felipe/.vscode/extensions/uqbar.wollok-lsp-ide-0.3.6/out/server/src/server.js:37:74872\n    at Fe (/home/felipe/.vscode/extensions/uqbar.wollok-lsp-ide-0.3.6/out/server/src/server.js:7:8527)\n    at Pt (/home/felipe/.vscode/extensions/uqbar.wollok-lsp-ide-0.3.6/out/server/src/server.js:7:6189)\n    at Gi (/home/felipe/.vscode/extensions/uqbar.wollok-lsp-ide-0.3.6/out/server/src/server.js:7:6378)\n    at Immediate._onImmediate (/home/felipe/.vscode/extensions/uqbar.wollok-lsp-ide-0.3.6/out/server/src/server.js:7:6142)\n    at process.processImmediate (node:internal/timers:483:21)","timestamp":"2024-10-11T22:18:30.824Z"}
{"level":"info","message":"⌛ Validating objetos.wlk","timeElapsed":192,"timestamp":"2024-10-11T22:18:31.023Z"}
{"level":"info","message":"⌛ Building environment","timeElapsed":282,"timestamp":"2024-10-11T22:18:31.306Z"}
{"level":"info","message":"⌛ Validating objetos.wlk","timeElapsed":224,"timestamp":"2024-10-11T22:18:31.532Z"}
{"level":"info","message":"⌛ Validating objetos.wlk","timeElapsed":188,"timestamp":"2024-10-11T22:18:31.727Z"}
{"level":"info","message":"⌛ Validating objetos.wlk","timeElapsed":216,"timestamp":"2024-10-11T22:18:31.945Z"}
{"level":"info","message":"⌛ Validating objetos.wlk","timeElapsed":222,"timestamp":"2024-10-11T22:18:32.167Z"}
{"level":"info","message":"⌛ Building environment","timeElapsed":157,"timestamp":"2024-10-11T22:18:32.324Z"}
{"level":"info","message":"⌛ Validating objetos.wlk","timeElapsed":204,"timestamp":"2024-10-11T22:18:32.531Z"}
{"level":"info","message":"⌛ Building environment","timeElapsed":177,"timestamp":"2024-10-11T22:18:34.101Z"}
{"level":"info","message":"⌛ Building environment","timeElapsed":183,"timestamp":"2024-10-11T22:18:34.329Z"}
{"level":"info","message":"⌛ Validating objetos.wlk","timeElapsed":213,"timestamp":"2024-10-11T22:18:34.543Z"}
{"level":"info","message":"onRequest - completionItem/resolve","timestamp":"2024-10-11T22:18:34.544Z"}
{"level":"info","message":"⌛ Building environment","timeElapsed":156,"timestamp":"2024-10-11T22:18:34.701Z"}
{"level":"info","message":"onRequest - completionItem/resolve","timestamp":"2024-10-11T22:18:34.701Z"}
{"level":"info","message":"⌛ Validating objetos.wlk","timeElapsed":197,"timestamp":"2024-10-11T22:18:34.899Z"}
{"level":"info","message":"⌛ Building environment","timeElapsed":162,"timestamp":"2024-10-11T22:18:35.061Z"}
{"level":"info","message":"onRequest - completionItem/resolve","timestamp":"2024-10-11T22:18:35.062Z"}
{"level":"info","message":"⌛ Building environment","timeElapsed":177,"timestamp":"2024-10-11T22:18:35.252Z"}
{"level":"info","message":"onRequest - completionItem/resolve","timestamp":"2024-10-11T22:18:35.252Z"}
{"level":"info","message":"⌛ Validating objetos.wlk","timeElapsed":199,"timestamp":"2024-10-11T22:18:35.452Z"}
{"level":"info","message":"⌛ Building environment","timeElapsed":147,"timestamp":"2024-10-11T22:18:35.606Z"}
{"level":"info","message":"onRequest - completionItem/resolve","timestamp":"2024-10-11T22:18:35.614Z"}
{"level":"info","message":"⌛ Validating objetos.wlk","timeElapsed":205,"timestamp":"2024-10-11T22:18:35.819Z"}
{"level":"info","message":"⌛ Validating objetos.wlk","timeElapsed":193,"timestamp":"2024-10-11T22:18:36.012Z"}
{"level":"info","message":"⌛ Validating objetos.wlk","timeElapsed":188,"timestamp":"2024-10-11T22:18:36.209Z"}
{"level":"info","message":"⌛ Building environment","timeElapsed":153,"timestamp":"2024-10-11T22:18:36.363Z"}
{"level":"info","message":"⌛ Validating objetos.wlk","timeElapsed":225,"timestamp":"2024-10-11T22:18:36.595Z"}
{"level":"info","message":"⌛ Building environment","timeElapsed":163,"timestamp":"2024-10-11T22:18:36.952Z"}
{"level":"info","message":"⌛ Validating objetos.wlk","timeElapsed":206,"timestamp":"2024-10-11T22:18:37.159Z"}
{"level":"info","message":"⌛ Building environment","timeElapsed":157,"timestamp":"2024-10-11T22:18:37.466Z"}
{"level":"info","message":"⌛ Validating objetos.wlk","timeElapsed":204,"timestamp":"2024-10-11T22:18:37.671Z"}
{"level":"info","message":"⌛ Building environment","timeElapsed":178,"timestamp":"2024-10-11T22:18:38.538Z"}
{"level":"info","message":"⌛ Validating objetos.wlk","timeElapsed":181,"timestamp":"2024-10-11T22:18:38.725Z"}
{"level":"info","message":"⌛ Building environment","timeElapsed":184,"timestamp":"2024-10-11T22:18:40.236Z"}
{"level":"info","message":"⌛ Validating objetos.wlk","timeElapsed":260,"timestamp":"2024-10-11T22:18:40.498Z"}
{"level":"info","message":"⌛ Building environment","timeElapsed":186,"timestamp":"2024-10-11T22:18:40.693Z"}
{"level":"info","message":"⌛ Validating objetos.wlk","timeElapsed":215,"timestamp":"2024-10-11T22:18:40.916Z"}
{"level":"info","message":"⌛ Building environment","timeElapsed":155,"timestamp":"2024-10-11T22:18:41.074Z"}
{"level":"info","message":"⌛ Validating objetos.wlk","timeElapsed":200,"timestamp":"2024-10-11T22:18:41.280Z"}
{"level":"info","message":"⌛ Building environment","timeElapsed":153,"timestamp":"2024-10-11T22:18:41.434Z"}
{"level":"info","message":"⌛ Validating objetos.wlk","timeElapsed":193,"timestamp":"2024-10-11T22:18:41.641Z"}
{"level":"error","message":"✘ Failed to get type description: Error: Failed to print, found malformed node Failed to print, found malformed node","node":{"id":"33bbbcd3-2eb5-43b2-be7b-0013f5db1cc2","metadata":[],"problems":[{"code":"malformedSentence","sourceMap":{"end":{"column":12,"line":56,"offset":1259},"start":{"column":10,"line":56,"offset":1257}}}],"scope":{"containerScope":{"containerScope":{"containerScope":{"containerScope":{"contributions":{},"includedScopes":[]},"contributions":{},"includedScopes":[{"contributions":{},"includedScopes":[]},{"contributions":{},"includedScopes":[]},{"contributions":{},"includedScopes":[]}]},"contributions":{},"includedScopes":[{"containerScope":{"containerScope":{"containerScope":{"contributions":{},"includedScopes":[]},"contributions":{},"includedScopes":[]},"contributions":{},"includedScopes":[]},"contributions":{},"includedScopes":[]}]},"contributions":{},"includedScopes":[]},"contributions":{},"includedScopes":[]},"sentences":[{"id":"88b14dac-5feb-4abc-b58f-8bf45afefcff","metadata":[],"name":"fondos","scope":{"containerScope":{"containerScope":{"containerScope":{"containerScope":{"containerScope":{"contributions":{},"includedScopes":[]},"contributions":{},"includedScopes":[{"contributions":{},"includedScopes":[]},{"contributions":{},"includedScopes":[]},{"contributions":{},"includedScopes":[]}]},"contributions":{},"includedScopes":[{"containerScope":{"containerScope":{"containerScope":{"contributions":{},"includedScopes":[]},"contributions":{},"includedScopes":[]},"contributions":{},"includedScopes":[]},"contributions":{},"includedScopes":[]}]},"contributions":{},"includedScopes":[]},"contributions":{},"includedScopes":[]},"contributions":{},"includedScopes":[]},"sourceMap":{"end":{"column":9,"line":56,"offset":1256},"start":{"column":3,"line":56,"offset":1250}}}],"sourceMap":{"end":{"column":3,"line":57,"offset":1263},"start":{"column":30,"line":55,"offset":1246}}},"stack":"Error: Failed to print, found malformed node\n    at /home/felipe/.vscode/extensions/uqbar.wollok-lsp-ide-0.3.6/out/server/src/server.js:68:3533\n    at /home/felipe/.vscode/extensions/uqbar.wollok-lsp-ide-0.3.6/out/server/src/server.js:68:5372\n    at /home/felipe/.vscode/extensions/uqbar.wollok-lsp-ide-0.3.6/out/server/src/server.js:38:6056\n    at /home/felipe/.vscode/extensions/uqbar.wollok-lsp-ide-0.3.6/out/server/src/server.js:68:3612\n    at aln (/home/felipe/.vscode/extensions/uqbar.wollok-lsp-ide-0.3.6/out/server/src/server.js:68:3344)\n    at /home/felipe/.vscode/extensions/uqbar.wollok-lsp-ide-0.3.6/out/server/src/server.js:2285:847\n    at /home/felipe/.vscode/extensions/uqbar.wollok-lsp-ide-0.3.6/out/server/src/server.js:2298:3774\n    at /home/felipe/.vscode/extensions/uqbar.wollok-lsp-ide-0.3.6/out/server/src/server.js:37:74770\n    at Fe (/home/felipe/.vscode/extensions/uqbar.wollok-lsp-ide-0.3.6/out/server/src/server.js:7:8527)\n    at Pt (/home/felipe/.vscode/extensions/uqbar.wollok-lsp-ide-0.3.6/out/server/src/server.js:7:6189)","timestamp":"2024-10-11T22:18:43.523Z"}
{"level":"info","message":"⌛ Building environment","timeElapsed":183,"timestamp":"2024-10-11T22:18:46.820Z"}
{"level":"info","message":"⌛ Validating objetos.wlk","timeElapsed":207,"timestamp":"2024-10-11T22:18:47.029Z"}
{"level":"info","message":"⌛ Building environment","timeElapsed":195,"timestamp":"2024-10-11T22:18:47.224Z"}
{"level":"info","message":"⌛ Building environment","timeElapsed":147,"timestamp":"2024-10-11T22:18:47.372Z"}
{"level":"info","message":"⌛ Validating objetos.wlk","timeElapsed":193,"timestamp":"2024-10-11T22:18:47.565Z"}
{"level":"info","message":"⌛ Validating objetos.wlk","timeElapsed":181,"timestamp":"2024-10-11T22:18:47.755Z"}
{"level":"info","message":"⌛ Building environment","timeElapsed":210,"timestamp":"2024-10-11T22:18:56.828Z"}
{"level":"info","message":"⌛ Validating objetos.wlk","timeElapsed":186,"timestamp":"2024-10-11T22:18:57.015Z"}
{"level":"info","message":"⌛ Building environment","timeElapsed":157,"timestamp":"2024-10-11T22:18:57.270Z"}
{"level":"info","message":"⌛ Validating objetos.wlk","timeElapsed":195,"timestamp":"2024-10-11T22:18:57.466Z"}
{"level":"info","message":"⌛ Building environment","timeElapsed":166,"timestamp":"2024-10-11T22:18:58.998Z"}
{"level":"info","message":"⌛ Building environment","timeElapsed":152,"timestamp":"2024-10-11T22:18:59.150Z"}
{"level":"info","message":"⌛ Validating objetos.wlk","timeElapsed":189,"timestamp":"2024-10-11T22:18:59.339Z"}
{"level":"info","message":"⌛ Validating objetos.wlk","timeElapsed":190,"timestamp":"2024-10-11T22:18:59.530Z"}
{"level":"info","message":"⌛ Building environment","timeElapsed":146,"timestamp":"2024-10-11T22:19:02.250Z"}
{"level":"info","message":"⌛ Validating objetos.wlk","timeElapsed":183,"timestamp":"2024-10-11T22:19:02.439Z"}
{"level":"info","message":"⌛ Building environment","timeElapsed":157,"timestamp":"2024-10-11T22:19:02.802Z"}
{"level":"info","message":"⌛ Validating objetos.wlk","timeElapsed":213,"timestamp":"2024-10-11T22:19:03.016Z"}
{"level":"info","message":"⌛ Building environment","timeElapsed":149,"timestamp":"2024-10-11T22:19:03.165Z"}
{"level":"error","message":"✘ Completions for node failed: Error: [Assignment]{6ef92d} at objetos.wlk:56 exhausted all cases without a match [Assignment]{6ef92d} at objetos.wlk:56 exhausted all cases without a match","stack":"Error: [Assignment]{6ef92d} at objetos.wlk:56 exhausted all cases without a match\n    at /home/felipe/.vscode/extensions/uqbar.wollok-lsp-ide-0.3.6/out/server/src/server.js:38:6067\n    at yh (/home/felipe/.vscode/extensions/uqbar.wollok-lsp-ide-0.3.6/out/server/src/server.js:2291:42)\n    at kh (/home/felipe/.vscode/extensions/uqbar.wollok-lsp-ide-0.3.6/out/server/src/server.js:2291:1004)\n    at Y5n (/home/felipe/.vscode/extensions/uqbar.wollok-lsp-ide-0.3.6/out/server/src/server.js:2291:1160)\n    at /home/felipe/.vscode/extensions/uqbar.wollok-lsp-ide-0.3.6/out/server/src/server.js:38:6056\n    at yh (/home/felipe/.vscode/extensions/uqbar.wollok-lsp-ide-0.3.6/out/server/src/server.js:2291:42)\n    at /home/felipe/.vscode/extensions/uqbar.wollok-lsp-ide-0.3.6/out/server/src/server.js:2291:2700\n    at /home/felipe/.vscode/extensions/uqbar.wollok-lsp-ide-0.3.6/out/server/src/server.js:2298:3774\n    at /home/felipe/.vscode/extensions/uqbar.wollok-lsp-ide-0.3.6/out/server/src/server.js:37:74872\n    at Fe (/home/felipe/.vscode/extensions/uqbar.wollok-lsp-ide-0.3.6/out/server/src/server.js:7:8527)","timestamp":"2024-10-11T22:19:03.206Z"}
{"level":"info","message":"⌛ Building environment","timeElapsed":162,"timestamp":"2024-10-11T22:19:03.377Z"}
{"level":"info","message":"⌛ Validating objetos.wlk","timeElapsed":299,"timestamp":"2024-10-11T22:19:03.677Z"}
{"level":"info","message":"onRequest - completionItem/resolve","timestamp":"2024-10-11T22:19:03.677Z"}
{"level":"info","message":"⌛ Building environment","timeElapsed":168,"timestamp":"2024-10-11T22:19:03.847Z"}
{"level":"info","message":"onRequest - completionItem/resolve","timestamp":"2024-10-11T22:19:03.848Z"}
{"level":"info","message":"⌛ Validating objetos.wlk","timeElapsed":229,"timestamp":"2024-10-11T22:19:04.078Z"}
{"level":"info","message":"⌛ Validating objetos.wlk","timeElapsed":204,"timestamp":"2024-10-11T22:19:04.293Z"}
{"level":"info","message":"onRequest - completionItem/resolve","timestamp":"2024-10-11T22:19:04.557Z"}
{"level":"info","message":"⌛ Building environment","timeElapsed":162,"timestamp":"2024-10-11T22:19:04.725Z"}
{"level":"info","message":"⌛ Validating objetos.wlk","timeElapsed":185,"timestamp":"2024-10-11T22:19:04.912Z"}
{"level":"info","message":"⌛ Building environment","timeElapsed":181,"timestamp":"2024-10-11T22:19:05.397Z"}
{"level":"info","message":"⌛ Validating objetos.wlk","timeElapsed":183,"timestamp":"2024-10-11T22:19:05.583Z"}
{"level":"info","message":"⌛ Building environment","timeElapsed":201,"timestamp":"2024-10-11T22:19:15.954Z"}
{"level":"info","message":"⌛ Building environment","timeElapsed":145,"timestamp":"2024-10-11T22:19:16.100Z"}
{"level":"info","message":"⌛ Validating objetos.wlk","timeElapsed":204,"timestamp":"2024-10-11T22:19:16.304Z"}
{"level":"info","message":"⌛ Validating objetos.wlk","timeElapsed":197,"timestamp":"2024-10-11T22:19:16.504Z"}
{"level":"info","message":"⌛ Building environment","timeElapsed":164,"timestamp":"2024-10-11T22:19:17.329Z"}
{"level":"info","message":"⌛ Building environment","timeElapsed":140,"timestamp":"2024-10-11T22:19:17.471Z"}
{"level":"info","message":"⌛ Validating objetos.wlk","timeElapsed":191,"timestamp":"2024-10-11T22:19:17.662Z"}
{"level":"info","message":"⌛ Validating objetos.wlk","timeElapsed":201,"timestamp":"2024-10-11T22:19:17.864Z"}
{"level":"info","message":"⌛ Building environment","timeElapsed":173,"timestamp":"2024-10-11T22:19:18.045Z"}
{"level":"info","message":"⌛ Building environment","timeElapsed":142,"timestamp":"2024-10-11T22:19:18.187Z"}
{"level":"info","message":"⌛ Validating objetos.wlk","timeElapsed":196,"timestamp":"2024-10-11T22:19:18.391Z"}
{"level":"info","message":"⌛ Building environment","timeElapsed":189,"timestamp":"2024-10-11T22:19:18.581Z"}
{"level":"info","message":"⌛ Validating objetos.wlk","timeElapsed":178,"timestamp":"2024-10-11T22:19:18.760Z"}
{"level":"info","message":"⌛ Building environment","timeElapsed":145,"timestamp":"2024-10-11T22:19:18.907Z"}
{"level":"info","message":"⌛ Validating objetos.wlk","timeElapsed":189,"timestamp":"2024-10-11T22:19:19.103Z"}
{"level":"info","message":"⌛ Validating objetos.wlk","timeElapsed":195,"timestamp":"2024-10-11T22:19:19.299Z"}
{"level":"info","message":"⌛ Building environment","timeElapsed":160,"timestamp":"2024-10-11T22:19:19.460Z"}
{"level":"info","message":"⌛ Building environment","timeElapsed":172,"timestamp":"2024-10-11T22:19:19.633Z"}
{"level":"info","message":"⌛ Building environment","timeElapsed":177,"timestamp":"2024-10-11T22:19:19.812Z"}
{"level":"info","message":"⌛ Building environment","timeElapsed":153,"timestamp":"2024-10-11T22:19:19.972Z"}
{"level":"info","message":"⌛ Validating objetos.wlk","timeElapsed":196,"timestamp":"2024-10-11T22:19:20.170Z"}
{"level":"info","message":"⌛ Validating objetos.wlk","timeElapsed":273,"timestamp":"2024-10-11T22:19:20.443Z"}
{"level":"info","message":"⌛ Validating objetos.wlk","timeElapsed":194,"timestamp":"2024-10-11T22:19:20.645Z"}
{"level":"info","message":"⌛ Building environment","timeElapsed":156,"timestamp":"2024-10-11T22:19:20.801Z"}
{"level":"info","message":"⌛ Building environment","timeElapsed":152,"timestamp":"2024-10-11T22:19:20.953Z"}
{"level":"info","message":"⌛ Validating objetos.wlk","timeElapsed":210,"timestamp":"2024-10-11T22:19:21.164Z"}
{"level":"info","message":"⌛ Building environment","timeElapsed":156,"timestamp":"2024-10-11T22:19:21.321Z"}
{"level":"info","message":"⌛ Building environment","timeElapsed":147,"timestamp":"2024-10-11T22:19:21.469Z"}
{"level":"info","message":"⌛ Building environment","timeElapsed":137,"timestamp":"2024-10-11T22:19:21.607Z"}
{"level":"info","message":"⌛ Building environment","timeElapsed":192,"timestamp":"2024-10-11T22:19:21.814Z"}
{"level":"info","message":"⌛ Validating objetos.wlk","timeElapsed":182,"timestamp":"2024-10-11T22:19:21.997Z"}
{"level":"info","message":"⌛ Building environment","timeElapsed":146,"timestamp":"2024-10-11T22:19:22.144Z"}
{"level":"info","message":"⌛ Validating objetos.wlk","timeElapsed":185,"timestamp":"2024-10-11T22:19:22.329Z"}
{"level":"info","message":"⌛ Building environment","timeElapsed":139,"timestamp":"2024-10-11T22:19:22.469Z"}
{"level":"info","message":"⌛ Building environment","timeElapsed":181,"timestamp":"2024-10-11T22:19:22.650Z"}
{"level":"info","message":"⌛ Validating objetos.wlk","timeElapsed":190,"timestamp":"2024-10-11T22:19:22.842Z"}
{"level":"info","message":"⌛ Validating objetos.wlk","timeElapsed":197,"timestamp":"2024-10-11T22:19:23.047Z"}
{"level":"info","message":"⌛ Validating objetos.wlk","timeElapsed":203,"timestamp":"2024-10-11T22:19:23.251Z"}
{"level":"info","message":"⌛ Validating objetos.wlk","timeElapsed":322,"timestamp":"2024-10-11T22:19:23.578Z"}
{"level":"info","message":"⌛ Validating objetos.wlk","timeElapsed":190,"timestamp":"2024-10-11T22:19:23.769Z"}
{"level":"info","message":"⌛ Validating objetos.wlk","timeElapsed":195,"timestamp":"2024-10-11T22:19:23.964Z"}
{"level":"info","message":"⌛ Building environment","timeElapsed":201,"timestamp":"2024-10-11T22:19:24.166Z"}
{"level":"info","message":"⌛ Validating objetos.wlk","timeElapsed":180,"timestamp":"2024-10-11T22:19:24.351Z"}
{"level":"info","message":"⌛ Building environment","timeElapsed":154,"timestamp":"2024-10-11T22:19:24.515Z"}
{"level":"info","message":"⌛ Building environment","timeElapsed":141,"timestamp":"2024-10-11T22:19:24.656Z"}
{"level":"info","message":"⌛ Building environment","timeElapsed":136,"timestamp":"2024-10-11T22:19:24.804Z"}
{"level":"info","message":"⌛ Building environment","timeElapsed":142,"timestamp":"2024-10-11T22:19:24.947Z"}
{"level":"info","message":"⌛ Validating objetos.wlk","timeElapsed":179,"timestamp":"2024-10-11T22:19:25.128Z"}
{"level":"info","message":"⌛ Validating objetos.wlk","timeElapsed":184,"timestamp":"2024-10-11T22:19:25.323Z"}
{"level":"info","message":"⌛ Validating objetos.wlk","timeElapsed":190,"timestamp":"2024-10-11T22:19:25.515Z"}
{"level":"info","message":"⌛ Validating objetos.wlk","timeElapsed":189,"timestamp":"2024-10-11T22:19:25.705Z"}
{"level":"info","message":"⌛ Validating objetos.wlk","timeElapsed":193,"timestamp":"2024-10-11T22:19:25.899Z"}
{"level":"info","message":"⌛ Building environment","timeElapsed":184,"timestamp":"2024-10-11T22:19:26.084Z"}
{"level":"info","message":"⌛ Validating objetos.wlk","timeElapsed":176,"timestamp":"2024-10-11T22:19:26.262Z"}
{"level":"info","message":"⌛ Building environment","timeElapsed":139,"timestamp":"2024-10-11T22:19:26.424Z"}
{"level":"info","message":"⌛ Validating objetos.wlk","timeElapsed":182,"timestamp":"2024-10-11T22:19:26.608Z"}
{"level":"info","message":"⌛ Building environment","timeElapsed":285,"timestamp":"2024-10-11T22:20:30.653Z"}
{"level":"info","message":"⌛ Validating objetos.wlk","timeElapsed":260,"timestamp":"2024-10-11T22:20:30.963Z"}
{"level":"info","message":"⌛ Building environment","timeElapsed":162,"timestamp":"2024-10-11T22:20:31.126Z"}
{"level":"info","message":"⌛ Building environment","timeElapsed":155,"timestamp":"2024-10-11T22:20:31.283Z"}
{"level":"info","message":"⌛ Validating objetos.wlk","timeElapsed":185,"timestamp":"2024-10-11T22:20:31.474Z"}
{"level":"info","message":"⌛ Validating objetos.wlk","timeElapsed":194,"timestamp":"2024-10-11T22:20:31.714Z"}
{"level":"info","message":"⌛ Building environment","timeElapsed":192,"timestamp":"2024-10-11T22:20:31.909Z"}
{"level":"info","message":"⌛ Building environment","timeElapsed":183,"timestamp":"2024-10-11T22:20:32.093Z"}
{"level":"info","message":"⌛ Validating objetos.wlk","timeElapsed":239,"timestamp":"2024-10-11T22:20:32.333Z"}
{"level":"info","message":"⌛ Validating objetos.wlk","timeElapsed":182,"timestamp":"2024-10-11T22:20:32.523Z"}
{"level":"info","message":"⌛ Building environment","timeElapsed":172,"timestamp":"2024-10-11T22:20:32.697Z"}
{"level":"info","message":"⌛ Validating objetos.wlk","timeElapsed":193,"timestamp":"2024-10-11T22:20:32.898Z"}
{"level":"info","message":"⌛ Building environment","timeElapsed":255,"timestamp":"2024-10-11T22:20:53.867Z"}
{"level":"info","message":"⌛ Building environment","timeElapsed":160,"timestamp":"2024-10-11T22:20:54.037Z"}
{"level":"info","message":"⌛ Building environment","timeElapsed":265,"timestamp":"2024-10-11T22:20:54.306Z"}
{"level":"info","message":"⌛ Validating objetos.wlk","timeElapsed":207,"timestamp":"2024-10-11T22:20:54.513Z"}
{"level":"info","message":"⌛ Building environment","timeElapsed":160,"timestamp":"2024-10-11T22:20:54.674Z"}
{"level":"info","message":"⌛ Validating objetos.wlk","timeElapsed":193,"timestamp":"2024-10-11T22:20:54.868Z"}
{"level":"info","message":"⌛ Building environment","timeElapsed":280,"timestamp":"2024-10-11T22:20:55.150Z"}
{"level":"info","message":"⌛ Validating objetos.wlk","timeElapsed":222,"timestamp":"2024-10-11T22:20:55.374Z"}
{"level":"info","message":"⌛ Building environment","timeElapsed":178,"timestamp":"2024-10-11T22:20:55.560Z"}
{"level":"info","message":"⌛ Validating objetos.wlk","timeElapsed":205,"timestamp":"2024-10-11T22:20:55.772Z"}
{"level":"info","message":"⌛ Building environment","timeElapsed":270,"timestamp":"2024-10-11T22:20:56.043Z"}
{"level":"info","message":"⌛ Building environment","timeElapsed":147,"timestamp":"2024-10-11T22:20:56.192Z"}
{"level":"info","message":"⌛ Building environment","timeElapsed":161,"timestamp":"2024-10-11T22:20:56.353Z"}
{"level":"info","message":"⌛ Validating objetos.wlk","timeElapsed":208,"timestamp":"2024-10-11T22:20:56.561Z"}
{"level":"info","message":"⌛ Building environment","timeElapsed":200,"timestamp":"2024-10-11T22:20:56.762Z"}
{"level":"info","message":"⌛ Validating objetos.wlk","timeElapsed":224,"timestamp":"2024-10-11T22:20:57.022Z"}
{"level":"info","message":"⌛ Building environment","timeElapsed":153,"timestamp":"2024-10-11T22:20:57.176Z"}
{"level":"info","message":"⌛ Building environment","timeElapsed":154,"timestamp":"2024-10-11T22:20:57.331Z"}
{"level":"info","message":"⌛ Building environment","timeElapsed":151,"timestamp":"2024-10-11T22:20:57.488Z"}
{"level":"info","message":"⌛ Validating objetos.wlk","timeElapsed":191,"timestamp":"2024-10-11T22:20:57.679Z"}
{"level":"info","message":"⌛ Building environment","timeElapsed":156,"timestamp":"2024-10-11T22:20:57.835Z"}
{"level":"info","message":"⌛ Validating objetos.wlk","timeElapsed":212,"timestamp":"2024-10-11T22:20:58.048Z"}
{"level":"info","message":"⌛ Building environment","timeElapsed":197,"timestamp":"2024-10-11T22:20:58.247Z"}
{"level":"info","message":"⌛ Validating objetos.wlk","timeElapsed":187,"timestamp":"2024-10-11T22:20:58.439Z"}
{"level":"info","message":"⌛ Building environment","timeElapsed":144,"timestamp":"2024-10-11T22:20:58.584Z"}
{"level":"info","message":"⌛ Building environment","timeElapsed":152,"timestamp":"2024-10-11T22:20:58.736Z"}
{"level":"info","message":"⌛ Validating objetos.wlk","timeElapsed":219,"timestamp":"2024-10-11T22:20:58.955Z"}
{"level":"info","message":"⌛ Building environment","timeElapsed":155,"timestamp":"2024-10-11T22:20:59.117Z"}
{"level":"info","message":"⌛ Validating objetos.wlk","timeElapsed":196,"timestamp":"2024-10-11T22:20:59.329Z"}
{"level":"info","message":"⌛ Building environment","timeElapsed":139,"timestamp":"2024-10-11T22:20:59.469Z"}
{"level":"info","message":"⌛ Validating objetos.wlk","timeElapsed":185,"timestamp":"2024-10-11T22:20:59.654Z"}
{"level":"info","message":"⌛ Building environment","timeElapsed":160,"timestamp":"2024-10-11T22:20:59.814Z"}
{"level":"info","message":"⌛ Validating objetos.wlk","timeElapsed":184,"timestamp":"2024-10-11T22:20:59.998Z"}
{"level":"info","message":"⌛ Building environment","timeElapsed":142,"timestamp":"2024-10-11T22:21:00.151Z"}
{"level":"info","message":"⌛ Validating objetos.wlk","timeElapsed":192,"timestamp":"2024-10-11T22:21:00.343Z"}
{"level":"info","message":"⌛ Building environment","timeElapsed":143,"timestamp":"2024-10-11T22:21:00.486Z"}
{"level":"info","message":"⌛ Building environment","timeElapsed":149,"timestamp":"2024-10-11T22:21:00.636Z"}
{"level":"info","message":"⌛ Validating objetos.wlk","timeElapsed":191,"timestamp":"2024-10-11T22:21:00.828Z"}
{"level":"info","message":"⌛ Validating objetos.wlk","timeElapsed":193,"timestamp":"2024-10-11T22:21:01.029Z"}
{"level":"info","message":"⌛ Building environment","timeElapsed":164,"timestamp":"2024-10-11T22:21:01.193Z"}
{"level":"info","message":"⌛ Validating objetos.wlk","timeElapsed":184,"timestamp":"2024-10-11T22:21:01.377Z"}
{"level":"info","message":"⌛ Building environment","timeElapsed":334,"timestamp":"2024-10-11T22:21:01.715Z"}
{"level":"info","message":"⌛ Building environment","timeElapsed":145,"timestamp":"2024-10-11T22:21:01.869Z"}
{"level":"info","message":"⌛ Building environment","timeElapsed":156,"timestamp":"2024-10-11T22:21:02.026Z"}
{"level":"info","message":"⌛ Validating objetos.wlk","timeElapsed":216,"timestamp":"2024-10-11T22:21:02.243Z"}
{"level":"info","message":"⌛ Building environment","timeElapsed":159,"timestamp":"2024-10-11T22:21:02.404Z"}
{"level":"info","message":"⌛ Validating objetos.wlk","timeElapsed":192,"timestamp":"2024-10-11T22:21:02.596Z"}
{"level":"info","message":"⌛ Building environment","timeElapsed":136,"timestamp":"2024-10-11T22:21:02.741Z"}
{"level":"info","message":"⌛ Validating objetos.wlk","timeElapsed":177,"timestamp":"2024-10-11T22:21:02.926Z"}
{"level":"info","message":"⌛ Validating objetos.wlk","timeElapsed":177,"timestamp":"2024-10-11T22:21:03.111Z"}
{"level":"info","message":"⌛ Validating objetos.wlk","timeElapsed":204,"timestamp":"2024-10-11T22:21:03.317Z"}
{"level":"info","message":"⌛ Validating objetos.wlk","timeElapsed":188,"timestamp":"2024-10-11T22:21:03.506Z"}
{"level":"info","message":"⌛ Validating objetos.wlk","timeElapsed":181,"timestamp":"2024-10-11T22:21:03.688Z"}
{"level":"info","message":"⌛ Validating objetos.wlk","timeElapsed":195,"timestamp":"2024-10-11T22:21:03.919Z"}
{"level":"info","message":"⌛ Validating objetos.wlk","timeElapsed":178,"timestamp":"2024-10-11T22:21:04.097Z"}
{"level":"info","message":"⌛ Validating objetos.wlk","timeElapsed":180,"timestamp":"2024-10-11T22:21:04.277Z"}
{"level":"info","message":"⌛ Validating objetos.wlk","timeElapsed":220,"timestamp":"2024-10-11T22:21:04.535Z"}
{"level":"info","message":"⌛ Validating objetos.wlk","timeElapsed":176,"timestamp":"2024-10-11T22:21:04.761Z"}
{"level":"info","message":"⌛ Building environment","timeElapsed":144,"timestamp":"2024-10-11T22:21:04.906Z"}
{"level":"info","message":"⌛ Validating objetos.wlk","timeElapsed":182,"timestamp":"2024-10-11T22:21:05.096Z"}
{"level":"info","message":"⌛ Building environment","timeElapsed":181,"timestamp":"2024-10-11T22:21:08.794Z"}
{"level":"info","message":"⌛ Validating objetos.wlk","timeElapsed":178,"timestamp":"2024-10-11T22:21:08.979Z"}
{"level":"info","message":"⌛ Building environment","timeElapsed":204,"timestamp":"2024-10-11T22:21:14.076Z"}
{"level":"info","message":"⌛ Building environment","timeElapsed":218,"timestamp":"2024-10-11T22:21:14.295Z"}
{"level":"info","message":"⌛ Validating objetos.wlk","timeElapsed":200,"timestamp":"2024-10-11T22:21:14.502Z"}
{"level":"info","message":"⌛ Validating objetos.wlk","timeElapsed":182,"timestamp":"2024-10-11T22:21:14.684Z"}
{"level":"info","message":"⌛ Building environment","timeElapsed":148,"timestamp":"2024-10-11T22:21:14.833Z"}
{"level":"info","message":"⌛ Validating objetos.wlk","timeElapsed":217,"timestamp":"2024-10-11T22:21:15.057Z"}
{"level":"info","message":"⌛ Building environment","timeElapsed":150,"timestamp":"2024-10-11T22:21:15.207Z"}
{"level":"info","message":"⌛ Validating objetos.wlk","timeElapsed":178,"timestamp":"2024-10-11T22:21:15.390Z"}
{"level":"info","message":"⌛ Building environment","timeElapsed":192,"timestamp":"2024-10-11T22:21:17.403Z"}
{"level":"info","message":"⌛ Validating objetos.wlk","timeElapsed":179,"timestamp":"2024-10-11T22:21:17.590Z"}
{"level":"info","message":"⌛ Building environment","timeElapsed":149,"timestamp":"2024-10-11T22:21:17.997Z"}
{"level":"info","message":"⌛ Validating objetos.wlk","timeElapsed":185,"timestamp":"2024-10-11T22:21:18.184Z"}
{"level":"info","message":"⌛ Building environment","timeElapsed":177,"timestamp":"2024-10-11T22:21:20.793Z"}
{"level":"info","message":"⌛ Validating objetos.wlk","timeElapsed":189,"timestamp":"2024-10-11T22:21:20.983Z"}
{"level":"info","message":"⌛ Building environment","timeElapsed":177,"timestamp":"2024-10-11T22:21:23.249Z"}
{"level":"info","message":"⌛ Validating objetos.wlk","timeElapsed":188,"timestamp":"2024-10-11T22:21:23.443Z"}
{"level":"info","message":"⌛ Building environment","timeElapsed":172,"timestamp":"2024-10-11T22:21:26.910Z"}
{"level":"info","message":"⌛ Building environment","timeElapsed":154,"timestamp":"2024-10-11T22:21:27.065Z"}
{"level":"info","message":"⌛ Validating objetos.wlk","timeElapsed":197,"timestamp":"2024-10-11T22:21:27.263Z"}
{"level":"info","message":"⌛ Validating objetos.wlk","timeElapsed":238,"timestamp":"2024-10-11T22:21:27.502Z"}
{"level":"info","message":"⌛ Building environment","timeElapsed":169,"timestamp":"2024-10-11T22:21:27.671Z"}
{"level":"info","message":"⌛ Building environment","timeElapsed":158,"timestamp":"2024-10-11T22:21:27.829Z"}
{"level":"info","message":"⌛ Building environment","timeElapsed":148,"timestamp":"2024-10-11T22:21:27.978Z"}
{"level":"info","message":"⌛ Building environment","timeElapsed":139,"timestamp":"2024-10-11T22:21:28.120Z"}
{"level":"info","message":"⌛ Validating objetos.wlk","timeElapsed":204,"timestamp":"2024-10-11T22:21:28.324Z"}
{"level":"info","message":"⌛ Building environment","timeElapsed":151,"timestamp":"2024-10-11T22:21:28.476Z"}
{"level":"info","message":"⌛ Validating objetos.wlk","timeElapsed":190,"timestamp":"2024-10-11T22:21:28.673Z"}
{"level":"info","message":"⌛ Validating objetos.wlk","timeElapsed":216,"timestamp":"2024-10-11T22:21:28.898Z"}
{"level":"info","message":"⌛ Validating objetos.wlk","timeElapsed":186,"timestamp":"2024-10-11T22:21:29.087Z"}
{"level":"info","message":"⌛ Validating objetos.wlk","timeElapsed":181,"timestamp":"2024-10-11T22:21:29.269Z"}
{"level":"info","message":"⌛ Building environment","timeElapsed":205,"timestamp":"2024-10-11T22:21:32.312Z"}
{"level":"error","message":"✘ Completions for node failed: Error: [Send]{f9a837} at objetos.wlk:-- exhausted all cases without a match [Send]{f9a837} at objetos.wlk:-- exhausted all cases without a match","stack":"Error: [Send]{f9a837} at objetos.wlk:-- exhausted all cases without a match\n    at /home/felipe/.vscode/extensions/uqbar.wollok-lsp-ide-0.3.6/out/server/src/server.js:38:6067\n    at yh (/home/felipe/.vscode/extensions/uqbar.wollok-lsp-ide-0.3.6/out/server/src/server.js:2291:42)\n    at kh (/home/felipe/.vscode/extensions/uqbar.wollok-lsp-ide-0.3.6/out/server/src/server.js:2291:1004)\n    at Y5n (/home/felipe/.vscode/extensions/uqbar.wollok-lsp-ide-0.3.6/out/server/src/server.js:2291:1160)\n    at /home/felipe/.vscode/extensions/uqbar.wollok-lsp-ide-0.3.6/out/server/src/server.js:38:6056\n    at yh (/home/felipe/.vscode/extensions/uqbar.wollok-lsp-ide-0.3.6/out/server/src/server.js:2291:42)\n    at /home/felipe/.vscode/extensions/uqbar.wollok-lsp-ide-0.3.6/out/server/src/server.js:2291:2700\n    at /home/felipe/.vscode/extensions/uqbar.wollok-lsp-ide-0.3.6/out/server/src/server.js:2298:3774\n    at /home/felipe/.vscode/extensions/uqbar.wollok-lsp-ide-0.3.6/out/server/src/server.js:37:74872\n    at Fe (/home/felipe/.vscode/extensions/uqbar.wollok-lsp-ide-0.3.6/out/server/src/server.js:7:8527)","timestamp":"2024-10-11T22:21:32.363Z"}
{"level":"error","message":"✘ Completions for node failed: Error: [Assignment]{529fb2} at objetos.wlk:56 exhausted all cases without a match [Assignment]{529fb2} at objetos.wlk:56 exhausted all cases without a match","stack":"Error: [Assignment]{529fb2} at objetos.wlk:56 exhausted all cases without a match\n    at /home/felipe/.vscode/extensions/uqbar.wollok-lsp-ide-0.3.6/out/server/src/server.js:38:6067\n    at yh (/home/felipe/.vscode/extensions/uqbar.wollok-lsp-ide-0.3.6/out/server/src/server.js:2291:42)\n    at kh (/home/felipe/.vscode/extensions/uqbar.wollok-lsp-ide-0.3.6/out/server/src/server.js:2291:1004)\n    at yh (/home/felipe/.vscode/extensions/uqbar.wollok-lsp-ide-0.3.6/out/server/src/server.js:2291:456)\n    at kh (/home/felipe/.vscode/extensions/uqbar.wollok-lsp-ide-0.3.6/out/server/src/server.js:2291:1004)\n    at Y5n (/home/felipe/.vscode/extensions/uqbar.wollok-lsp-ide-0.3.6/out/server/src/server.js:2291:1160)\n    at /home/felipe/.vscode/extensions/uqbar.wollok-lsp-ide-0.3.6/out/server/src/server.js:38:6056\n    at yh (/home/felipe/.vscode/extensions/uqbar.wollok-lsp-ide-0.3.6/out/server/src/server.js:2291:42)\n    at /home/felipe/.vscode/extensions/uqbar.wollok-lsp-ide-0.3.6/out/server/src/server.js:2291:2700\n    at /home/felipe/.vscode/extensions/uqbar.wollok-lsp-ide-0.3.6/out/server/src/server.js:2298:3774","timestamp":"2024-10-11T22:21:32.364Z"}
{"level":"info","message":"⌛ Building environment","timeElapsed":155,"timestamp":"2024-10-11T22:21:32.523Z"}
{"level":"info","message":"⌛ Validating objetos.wlk","timeElapsed":262,"timestamp":"2024-10-11T22:21:32.792Z"}
{"level":"info","message":"onRequest - completionItem/resolve","timestamp":"2024-10-11T22:21:32.792Z"}
{"level":"info","message":"⌛ Validating objetos.wlk","timeElapsed":198,"timestamp":"2024-10-11T22:21:33.003Z"}
{"level":"info","message":"⌛ Building environment","timeElapsed":238,"timestamp":"2024-10-11T22:21:33.398Z"}
{"level":"info","message":"onRequest - completionItem/resolve","timestamp":"2024-10-11T22:21:33.398Z"}
{"level":"info","message":"⌛ Validating objetos.wlk","timeElapsed":189,"timestamp":"2024-10-11T22:21:33.588Z"}
{"level":"info","message":"⌛ Building environment","timeElapsed":169,"timestamp":"2024-10-11T22:21:34.027Z"}
{"level":"info","message":"⌛ Building environment","timeElapsed":162,"timestamp":"2024-10-11T22:21:34.190Z"}
{"level":"info","message":"⌛ Validating objetos.wlk","timeElapsed":219,"timestamp":"2024-10-11T22:21:34.415Z"}
{"level":"info","message":"⌛ Building environment","timeElapsed":211,"timestamp":"2024-10-11T22:21:34.627Z"}
{"level":"info","message":"⌛ Validating objetos.wlk","timeElapsed":182,"timestamp":"2024-10-11T22:21:34.809Z"}
{"level":"info","message":"⌛ Building environment","timeElapsed":145,"timestamp":"2024-10-11T22:21:34.955Z"}
{"level":"info","message":"⌛ Building environment","timeElapsed":139,"timestamp":"2024-10-11T22:21:35.095Z"}
{"level":"info","message":"⌛ Building environment","timeElapsed":142,"timestamp":"2024-10-11T22:21:35.238Z"}
{"level":"info","message":"⌛ Validating objetos.wlk","timeElapsed":199,"timestamp":"2024-10-11T22:21:35.438Z"}
{"level":"info","message":"⌛ Validating objetos.wlk","timeElapsed":214,"timestamp":"2024-10-11T22:21:35.661Z"}
{"level":"info","message":"⌛ Validating objetos.wlk","timeElapsed":208,"timestamp":"2024-10-11T22:21:35.870Z"}
{"level":"info","message":"⌛ Validating objetos.wlk","timeElapsed":181,"timestamp":"2024-10-11T22:21:36.052Z"}
{"level":"info","message":"⌛ Building environment","timeElapsed":171,"timestamp":"2024-10-11T22:21:36.223Z"}
{"level":"info","message":"⌛ Building environment","timeElapsed":159,"timestamp":"2024-10-11T22:21:36.389Z"}
{"level":"error","message":"✘ Completions for node failed: Error: [Send]{d39266} at objetos.wlk:56 exhausted all cases without a match [Send]{d39266} at objetos.wlk:56 exhausted all cases without a match","stack":"Error: [Send]{d39266} at objetos.wlk:56 exhausted all cases without a match\n    at /home/felipe/.vscode/extensions/uqbar.wollok-lsp-ide-0.3.6/out/server/src/server.js:38:6067\n    at yh (/home/felipe/.vscode/extensions/uqbar.wollok-lsp-ide-0.3.6/out/server/src/server.js:2291:42)\n    at kh (/home/felipe/.vscode/extensions/uqbar.wollok-lsp-ide-0.3.6/out/server/src/server.js:2291:1004)\n    at Y5n (/home/felipe/.vscode/extensions/uqbar.wollok-lsp-ide-0.3.6/out/server/src/server.js:2291:1160)\n    at /home/felipe/.vscode/extensions/uqbar.wollok-lsp-ide-0.3.6/out/server/src/server.js:38:6056\n    at yh (/home/felipe/.vscode/extensions/uqbar.wollok-lsp-ide-0.3.6/out/server/src/server.js:2291:42)\n    at /home/felipe/.vscode/extensions/uqbar.wollok-lsp-ide-0.3.6/out/server/src/server.js:2291:2700\n    at /home/felipe/.vscode/extensions/uqbar.wollok-lsp-ide-0.3.6/out/server/src/server.js:2298:3774\n    at /home/felipe/.vscode/extensions/uqbar.wollok-lsp-ide-0.3.6/out/server/src/server.js:37:74872\n    at Fe (/home/felipe/.vscode/extensions/uqbar.wollok-lsp-ide-0.3.6/out/server/src/server.js:7:8527)","timestamp":"2024-10-11T22:21:36.428Z"}
{"level":"error","message":"✘ Completions for node failed: Error: [Send]{02d72a} at objetos.wlk:-- exhausted all cases without a match [Send]{02d72a} at objetos.wlk:-- exhausted all cases without a match","stack":"Error: [Send]{02d72a} at objetos.wlk:-- exhausted all cases without a match\n    at /home/felipe/.vscode/extensions/uqbar.wollok-lsp-ide-0.3.6/out/server/src/server.js:38:6067\n    at yh (/home/felipe/.vscode/extensions/uqbar.wollok-lsp-ide-0.3.6/out/server/src/server.js:2291:42)\n    at kh (/home/felipe/.vscode/extensions/uqbar.wollok-lsp-ide-0.3.6/out/server/src/server.js:2291:1004)\n    at yh (/home/felipe/.vscode/extensions/uqbar.wollok-lsp-ide-0.3.6/out/server/src/server.js:2291:456)\n    at kh (/home/felipe/.vscode/extensions/uqbar.wollok-lsp-ide-0.3.6/out/server/src/server.js:2291:1004)\n    at Y5n (/home/felipe/.vscode/extensions/uqbar.wollok-lsp-ide-0.3.6/out/server/src/server.js:2291:1160)\n    at /home/felipe/.vscode/extensions/uqbar.wollok-lsp-ide-0.3.6/out/server/src/server.js:38:6056\n    at yh (/home/felipe/.vscode/extensions/uqbar.wollok-lsp-ide-0.3.6/out/server/src/server.js:2291:42)\n    at /home/felipe/.vscode/extensions/uqbar.wollok-lsp-ide-0.3.6/out/server/src/server.js:2291:2700\n    at /home/felipe/.vscode/extensions/uqbar.wollok-lsp-ide-0.3.6/out/server/src/server.js:2298:3774","timestamp":"2024-10-11T22:21:36.429Z"}
{"level":"error","message":"✘ Completions for node failed: Error: [Assignment]{b692b1} at objetos.wlk:56 exhausted all cases without a match [Assignment]{b692b1} at objetos.wlk:56 exhausted all cases without a match","stack":"Error: [Assignment]{b692b1} at objetos.wlk:56 exhausted all cases without a match\n    at /home/felipe/.vscode/extensions/uqbar.wollok-lsp-ide-0.3.6/out/server/src/server.js:38:6067\n    at yh (/home/felipe/.vscode/extensions/uqbar.wollok-lsp-ide-0.3.6/out/server/src/server.js:2291:42)\n    at kh (/home/felipe/.vscode/extensions/uqbar.wollok-lsp-ide-0.3.6/out/server/src/server.js:2291:1004)\n    at yh (/home/felipe/.vscode/extensions/uqbar.wollok-lsp-ide-0.3.6/out/server/src/server.js:2291:456)\n    at kh (/home/felipe/.vscode/extensions/uqbar.wollok-lsp-ide-0.3.6/out/server/src/server.js:2291:1004)\n    at yh (/home/felipe/.vscode/extensions/uqbar.wollok-lsp-ide-0.3.6/out/server/src/server.js:2291:456)\n    at kh (/home/felipe/.vscode/extensions/uqbar.wollok-lsp-ide-0.3.6/out/server/src/server.js:2291:1004)\n    at Y5n (/home/felipe/.vscode/extensions/uqbar.wollok-lsp-ide-0.3.6/out/server/src/server.js:2291:1160)\n    at /home/felipe/.vscode/extensions/uqbar.wollok-lsp-ide-0.3.6/out/server/src/server.js:38:6056\n    at yh (/home/felipe/.vscode/extensions/uqbar.wollok-lsp-ide-0.3.6/out/server/src/server.js:2291:42)","timestamp":"2024-10-11T22:21:36.429Z"}
{"level":"info","message":"⌛ Building environment","timeElapsed":169,"timestamp":"2024-10-11T22:21:36.604Z"}
{"level":"info","message":"⌛ Validating objetos.wlk","timeElapsed":198,"timestamp":"2024-10-11T22:21:36.802Z"}
{"level":"info","message":"⌛ Validating objetos.wlk","timeElapsed":211,"timestamp":"2024-10-11T22:21:37.020Z"}
{"level":"info","message":"onRequest - completionItem/resolve","timestamp":"2024-10-11T22:21:37.020Z"}
{"level":"info","message":"⌛ Building environment","timeElapsed":151,"timestamp":"2024-10-11T22:21:37.173Z"}
{"level":"info","message":"onRequest - completionItem/resolve","timestamp":"2024-10-11T22:21:37.173Z"}
{"level":"info","message":"⌛ Validating objetos.wlk","timeElapsed":196,"timestamp":"2024-10-11T22:21:37.369Z"}
{"level":"info","message":"⌛ Building environment","timeElapsed":233,"timestamp":"2024-10-11T22:21:37.608Z"}
{"level":"error","message":"✘ Completions for node failed: Error: [Send]{5fa38e} at objetos.wlk:56 exhausted all cases without a match [Send]{5fa38e} at objetos.wlk:56 exhausted all cases without a match","stack":"Error: [Send]{5fa38e} at objetos.wlk:56 exhausted all cases without a match\n    at /home/felipe/.vscode/extensions/uqbar.wollok-lsp-ide-0.3.6/out/server/src/server.js:38:6067\n    at yh (/home/felipe/.vscode/extensions/uqbar.wollok-lsp-ide-0.3.6/out/server/src/server.js:2291:42)\n    at kh (/home/felipe/.vscode/extensions/uqbar.wollok-lsp-ide-0.3.6/out/server/src/server.js:2291:1004)\n    at Y5n (/home/felipe/.vscode/extensions/uqbar.wollok-lsp-ide-0.3.6/out/server/src/server.js:2291:1160)\n    at /home/felipe/.vscode/extensions/uqbar.wollok-lsp-ide-0.3.6/out/server/src/server.js:38:6056\n    at yh (/home/felipe/.vscode/extensions/uqbar.wollok-lsp-ide-0.3.6/out/server/src/server.js:2291:42)\n    at /home/felipe/.vscode/extensions/uqbar.wollok-lsp-ide-0.3.6/out/server/src/server.js:2291:2700\n    at /home/felipe/.vscode/extensions/uqbar.wollok-lsp-ide-0.3.6/out/server/src/server.js:2298:3774\n    at /home/felipe/.vscode/extensions/uqbar.wollok-lsp-ide-0.3.6/out/server/src/server.js:37:74872\n    at Fe (/home/felipe/.vscode/extensions/uqbar.wollok-lsp-ide-0.3.6/out/server/src/server.js:7:8527)","timestamp":"2024-10-11T22:21:37.653Z"}
{"level":"error","message":"✘ Completions for node failed: Error: [Send]{623dc6} at objetos.wlk:-- exhausted all cases without a match [Send]{623dc6} at objetos.wlk:-- exhausted all cases without a match","stack":"Error: [Send]{623dc6} at objetos.wlk:-- exhausted all cases without a match\n    at /home/felipe/.vscode/extensions/uqbar.wollok-lsp-ide-0.3.6/out/server/src/server.js:38:6067\n    at yh (/home/felipe/.vscode/extensions/uqbar.wollok-lsp-ide-0.3.6/out/server/src/server.js:2291:42)\n    at kh (/home/felipe/.vscode/extensions/uqbar.wollok-lsp-ide-0.3.6/out/server/src/server.js:2291:1004)\n    at yh (/home/felipe/.vscode/extensions/uqbar.wollok-lsp-ide-0.3.6/out/server/src/server.js:2291:456)\n    at kh (/home/felipe/.vscode/extensions/uqbar.wollok-lsp-ide-0.3.6/out/server/src/server.js:2291:1004)\n    at Y5n (/home/felipe/.vscode/extensions/uqbar.wollok-lsp-ide-0.3.6/out/server/src/server.js:2291:1160)\n    at /home/felipe/.vscode/extensions/uqbar.wollok-lsp-ide-0.3.6/out/server/src/server.js:38:6056\n    at yh (/home/felipe/.vscode/extensions/uqbar.wollok-lsp-ide-0.3.6/out/server/src/server.js:2291:42)\n    at /home/felipe/.vscode/extensions/uqbar.wollok-lsp-ide-0.3.6/out/server/src/server.js:2291:2700\n    at /home/felipe/.vscode/extensions/uqbar.wollok-lsp-ide-0.3.6/out/server/src/server.js:2298:3774","timestamp":"2024-10-11T22:21:37.654Z"}
{"level":"error","message":"✘ Completions for node failed: Error: [Assignment]{78d1b3} at objetos.wlk:56 exhausted all cases without a match [Assignment]{78d1b3} at objetos.wlk:56 exhausted all cases without a match","stack":"Error: [Assignment]{78d1b3} at objetos.wlk:56 exhausted all cases without a match\n    at /home/felipe/.vscode/extensions/uqbar.wollok-lsp-ide-0.3.6/out/server/src/server.js:38:6067\n    at yh (/home/felipe/.vscode/extensions/uqbar.wollok-lsp-ide-0.3.6/out/server/src/server.js:2291:42)\n    at kh (/home/felipe/.vscode/extensions/uqbar.wollok-lsp-ide-0.3.6/out/server/src/server.js:2291:1004)\n    at yh (/home/felipe/.vscode/extensions/uqbar.wollok-lsp-ide-0.3.6/out/server/src/server.js:2291:456)\n    at kh (/home/felipe/.vscode/extensions/uqbar.wollok-lsp-ide-0.3.6/out/server/src/server.js:2291:1004)\n    at yh (/home/felipe/.vscode/extensions/uqbar.wollok-lsp-ide-0.3.6/out/server/src/server.js:2291:456)\n    at kh (/home/felipe/.vscode/extensions/uqbar.wollok-lsp-ide-0.3.6/out/server/src/server.js:2291:1004)\n    at Y5n (/home/felipe/.vscode/extensions/uqbar.wollok-lsp-ide-0.3.6/out/server/src/server.js:2291:1160)\n    at /home/felipe/.vscode/extensions/uqbar.wollok-lsp-ide-0.3.6/out/server/src/server.js:38:6056\n    at yh (/home/felipe/.vscode/extensions/uqbar.wollok-lsp-ide-0.3.6/out/server/src/server.js:2291:42)","timestamp":"2024-10-11T22:21:37.654Z"}
{"level":"info","message":"⌛ Building environment","timeElapsed":149,"timestamp":"2024-10-11T22:21:37.807Z"}
{"level":"info","message":"⌛ Building environment","timeElapsed":169,"timestamp":"2024-10-11T22:21:37.978Z"}
{"level":"info","message":"⌛ Validating objetos.wlk","timeElapsed":220,"timestamp":"2024-10-11T22:21:38.208Z"}
{"level":"info","message":"⌛ Building environment","timeElapsed":165,"timestamp":"2024-10-11T22:21:38.374Z"}
{"level":"info","message":"⌛ Building environment","timeElapsed":318,"timestamp":"2024-10-11T22:21:38.694Z"}
{"level":"info","message":"⌛ Validating objetos.wlk","timeElapsed":300,"timestamp":"2024-10-11T22:21:38.996Z"}
{"level":"info","message":"⌛ Validating objetos.wlk","timeElapsed":202,"timestamp":"2024-10-11T22:21:39.207Z"}
{"level":"info","message":"⌛ Validating objetos.wlk","timeElapsed":205,"timestamp":"2024-10-11T22:21:39.414Z"}
{"level":"info","message":"⌛ Building environment","timeElapsed":157,"timestamp":"2024-10-11T22:21:39.572Z"}
{"level":"info","message":"⌛ Validating objetos.wlk","timeElapsed":191,"timestamp":"2024-10-11T22:21:39.763Z"}
{"level":"info","message":"⌛ Building environment","timeElapsed":146,"timestamp":"2024-10-11T22:21:39.909Z"}
{"level":"info","message":"⌛ Building environment","timeElapsed":143,"timestamp":"2024-10-11T22:21:40.053Z"}
{"level":"info","message":"⌛ Validating objetos.wlk","timeElapsed":185,"timestamp":"2024-10-11T22:21:40.243Z"}
{"level":"info","message":"⌛ Building environment","timeElapsed":184,"timestamp":"2024-10-11T22:21:40.428Z"}
{"level":"info","message":"⌛ Building environment","timeElapsed":141,"timestamp":"2024-10-11T22:21:40.569Z"}
{"level":"info","message":"⌛ Building environment","timeElapsed":156,"timestamp":"2024-10-11T22:21:40.726Z"}
{"level":"info","message":"⌛ Building environment","timeElapsed":153,"timestamp":"2024-10-11T22:21:40.880Z"}
{"level":"info","message":"⌛ Building environment","timeElapsed":139,"timestamp":"2024-10-11T22:21:41.020Z"}
{"level":"info","message":"⌛ Building environment","timeElapsed":155,"timestamp":"2024-10-11T22:21:41.175Z"}
{"level":"info","message":"⌛ Validating objetos.wlk","timeElapsed":195,"timestamp":"2024-10-11T22:21:41.372Z"}
{"level":"info","message":"⌛ Validating objetos.wlk","timeElapsed":221,"timestamp":"2024-10-11T22:21:41.599Z"}
{"level":"info","message":"⌛ Validating objetos.wlk","timeElapsed":198,"timestamp":"2024-10-11T22:21:41.798Z"}
{"level":"info","message":"⌛ Building environment","timeElapsed":146,"timestamp":"2024-10-11T22:21:41.945Z"}
{"level":"info","message":"⌛ Building environment","timeElapsed":148,"timestamp":"2024-10-11T22:21:42.138Z"}
{"level":"info","message":"⌛ Validating objetos.wlk","timeElapsed":179,"timestamp":"2024-10-11T22:21:42.323Z"}
{"level":"info","message":"⌛ Validating objetos.wlk","timeElapsed":185,"timestamp":"2024-10-11T22:21:42.508Z"}
{"level":"info","message":"⌛ Building environment","timeElapsed":148,"timestamp":"2024-10-11T22:21:42.658Z"}
{"level":"info","message":"⌛ Validating objetos.wlk","timeElapsed":176,"timestamp":"2024-10-11T22:21:42.834Z"}
{"level":"info","message":"⌛ Building environment","timeElapsed":143,"timestamp":"2024-10-11T22:21:42.978Z"}
{"level":"info","message":"⌛ Validating objetos.wlk","timeElapsed":180,"timestamp":"2024-10-11T22:21:43.159Z"}
{"level":"info","message":"⌛ Validating objetos.wlk","timeElapsed":176,"timestamp":"2024-10-11T22:21:43.335Z"}
{"level":"info","message":"⌛ Building environment","timeElapsed":240,"timestamp":"2024-10-11T22:21:43.575Z"}
{"level":"info","message":"⌛ Validating objetos.wlk","timeElapsed":172,"timestamp":"2024-10-11T22:21:43.747Z"}
{"level":"info","message":"⌛ Building environment","timeElapsed":148,"timestamp":"2024-10-11T22:21:43.895Z"}
{"level":"info","message":"⌛ Building environment","timeElapsed":150,"timestamp":"2024-10-11T22:21:44.047Z"}
{"level":"info","message":"⌛ Building environment","timeElapsed":160,"timestamp":"2024-10-11T22:21:44.213Z"}
{"level":"info","message":"⌛ Validating objetos.wlk","timeElapsed":232,"timestamp":"2024-10-11T22:21:44.451Z"}
{"level":"info","message":"onRequest - completionItem/resolve","timestamp":"2024-10-11T22:21:44.452Z"}
{"level":"info","message":"⌛ Validating objetos.wlk","timeElapsed":230,"timestamp":"2024-10-11T22:21:44.682Z"}
{"level":"info","message":"⌛ Validating objetos.wlk","timeElapsed":201,"timestamp":"2024-10-11T22:21:44.884Z"}
{"level":"info","message":"⌛ Validating objetos.wlk","timeElapsed":188,"timestamp":"2024-10-11T22:21:45.074Z"}
{"level":"info","message":"⌛ Validating objetos.wlk","timeElapsed":188,"timestamp":"2024-10-11T22:21:45.263Z"}
{"level":"info","message":"⌛ Validating objetos.wlk","timeElapsed":201,"timestamp":"2024-10-11T22:21:45.466Z"}
{"level":"info","message":"⌛ Validating objetos.wlk","timeElapsed":184,"timestamp":"2024-10-11T22:21:45.650Z"}
{"level":"info","message":"⌛ Building environment","timeElapsed":285,"timestamp":"2024-10-11T22:21:45.937Z"}
{"level":"info","message":"onRequest - completionItem/resolve","timestamp":"2024-10-11T22:21:45.938Z"}
{"level":"info","message":"⌛ Validating objetos.wlk","timeElapsed":217,"timestamp":"2024-10-11T22:21:46.156Z"}
{"level":"info","message":"⌛ Building environment","timeElapsed":172,"timestamp":"2024-10-11T22:21:46.339Z"}
{"level":"info","message":"onRequest - completionItem/resolve","timestamp":"2024-10-11T22:21:46.347Z"}
{"level":"info","message":"⌛ Building environment","timeElapsed":195,"timestamp":"2024-10-11T22:21:46.543Z"}
{"level":"info","message":"onRequest - completionItem/resolve","timestamp":"2024-10-11T22:21:46.543Z"}
{"level":"info","message":"⌛ Building environment","timeElapsed":199,"timestamp":"2024-10-11T22:21:46.759Z"}
{"level":"error","message":"✘ Completions for node failed: Error: [Send]{0b912e} at objetos.wlk:-- exhausted all cases without a match [Send]{0b912e} at objetos.wlk:-- exhausted all cases without a match","stack":"Error: [Send]{0b912e} at objetos.wlk:-- exhausted all cases without a match\n    at /home/felipe/.vscode/extensions/uqbar.wollok-lsp-ide-0.3.6/out/server/src/server.js:38:6067\n    at yh (/home/felipe/.vscode/extensions/uqbar.wollok-lsp-ide-0.3.6/out/server/src/server.js:2291:42)\n    at kh (/home/felipe/.vscode/extensions/uqbar.wollok-lsp-ide-0.3.6/out/server/src/server.js:2291:1004)\n    at Y5n (/home/felipe/.vscode/extensions/uqbar.wollok-lsp-ide-0.3.6/out/server/src/server.js:2291:1160)\n    at /home/felipe/.vscode/extensions/uqbar.wollok-lsp-ide-0.3.6/out/server/src/server.js:38:6056\n    at yh (/home/felipe/.vscode/extensions/uqbar.wollok-lsp-ide-0.3.6/out/server/src/server.js:2291:42)\n    at /home/felipe/.vscode/extensions/uqbar.wollok-lsp-ide-0.3.6/out/server/src/server.js:2291:2700\n    at /home/felipe/.vscode/extensions/uqbar.wollok-lsp-ide-0.3.6/out/server/src/server.js:2298:3774\n    at /home/felipe/.vscode/extensions/uqbar.wollok-lsp-ide-0.3.6/out/server/src/server.js:37:74872\n    at Fe (/home/felipe/.vscode/extensions/uqbar.wollok-lsp-ide-0.3.6/out/server/src/server.js:7:8527)","timestamp":"2024-10-11T22:21:46.798Z"}
{"level":"error","message":"✘ Completions for node failed: Error: [Assignment]{3c61da} at objetos.wlk:56 exhausted all cases without a match [Assignment]{3c61da} at objetos.wlk:56 exhausted all cases without a match","stack":"Error: [Assignment]{3c61da} at objetos.wlk:56 exhausted all cases without a match\n    at /home/felipe/.vscode/extensions/uqbar.wollok-lsp-ide-0.3.6/out/server/src/server.js:38:6067\n    at yh (/home/felipe/.vscode/extensions/uqbar.wollok-lsp-ide-0.3.6/out/server/src/server.js:2291:42)\n    at kh (/home/felipe/.vscode/extensions/uqbar.wollok-lsp-ide-0.3.6/out/server/src/server.js:2291:1004)\n    at yh (/home/felipe/.vscode/extensions/uqbar.wollok-lsp-ide-0.3.6/out/server/src/server.js:2291:456)\n    at kh (/home/felipe/.vscode/extensions/uqbar.wollok-lsp-ide-0.3.6/out/server/src/server.js:2291:1004)\n    at Y5n (/home/felipe/.vscode/extensions/uqbar.wollok-lsp-ide-0.3.6/out/server/src/server.js:2291:1160)\n    at /home/felipe/.vscode/extensions/uqbar.wollok-lsp-ide-0.3.6/out/server/src/server.js:38:6056\n    at yh (/home/felipe/.vscode/extensions/uqbar.wollok-lsp-ide-0.3.6/out/server/src/server.js:2291:42)\n    at /home/felipe/.vscode/extensions/uqbar.wollok-lsp-ide-0.3.6/out/server/src/server.js:2291:2700\n    at /home/felipe/.vscode/extensions/uqbar.wollok-lsp-ide-0.3.6/out/server/src/server.js:2298:3774","timestamp":"2024-10-11T22:21:46.798Z"}
{"level":"info","message":"⌛ Validating objetos.wlk","timeElapsed":207,"timestamp":"2024-10-11T22:21:47.013Z"}
{"level":"info","message":"⌛ Building environment","timeElapsed":154,"timestamp":"2024-10-11T22:21:47.168Z"}
{"level":"info","message":"⌛ Building environment","timeElapsed":158,"timestamp":"2024-10-11T22:21:47.326Z"}
{"level":"info","message":"⌛ Building environment","timeElapsed":161,"timestamp":"2024-10-11T22:21:47.487Z"}
{"level":"info","message":"⌛ Validating objetos.wlk","timeElapsed":194,"timestamp":"2024-10-11T22:21:47.682Z"}
{"level":"info","message":"⌛ Building environment","timeElapsed":140,"timestamp":"2024-10-11T22:21:47.824Z"}
{"level":"info","message":"⌛ Validating objetos.wlk","timeElapsed":188,"timestamp":"2024-10-11T22:21:48.013Z"}
{"level":"info","message":"⌛ Building environment","timeElapsed":140,"timestamp":"2024-10-11T22:21:48.153Z"}
{"level":"info","message":"⌛ Building environment","timeElapsed":137,"timestamp":"2024-10-11T22:21:48.291Z"}
{"level":"info","message":"⌛ Validating objetos.wlk","timeElapsed":181,"timestamp":"2024-10-11T22:21:48.472Z"}
{"level":"info","message":"⌛ Building environment","timeElapsed":139,"timestamp":"2024-10-11T22:21:48.613Z"}
{"level":"error","message":"✘ Completions for node failed: Error: [Send]{0d6bcc} at objetos.wlk:-- exhausted all cases without a match [Send]{0d6bcc} at objetos.wlk:-- exhausted all cases without a match","stack":"Error: [Send]{0d6bcc} at objetos.wlk:-- exhausted all cases without a match\n    at /home/felipe/.vscode/extensions/uqbar.wollok-lsp-ide-0.3.6/out/server/src/server.js:38:6067\n    at yh (/home/felipe/.vscode/extensions/uqbar.wollok-lsp-ide-0.3.6/out/server/src/server.js:2291:42)\n    at kh (/home/felipe/.vscode/extensions/uqbar.wollok-lsp-ide-0.3.6/out/server/src/server.js:2291:1004)\n    at Y5n (/home/felipe/.vscode/extensions/uqbar.wollok-lsp-ide-0.3.6/out/server/src/server.js:2291:1160)\n    at /home/felipe/.vscode/extensions/uqbar.wollok-lsp-ide-0.3.6/out/server/src/server.js:38:6056\n    at yh (/home/felipe/.vscode/extensions/uqbar.wollok-lsp-ide-0.3.6/out/server/src/server.js:2291:42)\n    at /home/felipe/.vscode/extensions/uqbar.wollok-lsp-ide-0.3.6/out/server/src/server.js:2291:2700\n    at /home/felipe/.vscode/extensions/uqbar.wollok-lsp-ide-0.3.6/out/server/src/server.js:2298:3774\n    at /home/felipe/.vscode/extensions/uqbar.wollok-lsp-ide-0.3.6/out/server/src/server.js:37:74872\n    at Fe (/home/felipe/.vscode/extensions/uqbar.wollok-lsp-ide-0.3.6/out/server/src/server.js:7:8527)","timestamp":"2024-10-11T22:21:48.652Z"}
{"level":"error","message":"✘ Completions for node failed: Error: [Assignment]{ddef53} at objetos.wlk:56 exhausted all cases without a match [Assignment]{ddef53} at objetos.wlk:56 exhausted all cases without a match","stack":"Error: [Assignment]{ddef53} at objetos.wlk:56 exhausted all cases without a match\n    at /home/felipe/.vscode/extensions/uqbar.wollok-lsp-ide-0.3.6/out/server/src/server.js:38:6067\n    at yh (/home/felipe/.vscode/extensions/uqbar.wollok-lsp-ide-0.3.6/out/server/src/server.js:2291:42)\n    at kh (/home/felipe/.vscode/extensions/uqbar.wollok-lsp-ide-0.3.6/out/server/src/server.js:2291:1004)\n    at yh (/home/felipe/.vscode/extensions/uqbar.wollok-lsp-ide-0.3.6/out/server/src/server.js:2291:456)\n    at kh (/home/felipe/.vscode/extensions/uqbar.wollok-lsp-ide-0.3.6/out/server/src/server.js:2291:1004)\n    at Y5n (/home/felipe/.vscode/extensions/uqbar.wollok-lsp-ide-0.3.6/out/server/src/server.js:2291:1160)\n    at /home/felipe/.vscode/extensions/uqbar.wollok-lsp-ide-0.3.6/out/server/src/server.js:38:6056\n    at yh (/home/felipe/.vscode/extensions/uqbar.wollok-lsp-ide-0.3.6/out/server/src/server.js:2291:42)\n    at /home/felipe/.vscode/extensions/uqbar.wollok-lsp-ide-0.3.6/out/server/src/server.js:2291:2700\n    at /home/felipe/.vscode/extensions/uqbar.wollok-lsp-ide-0.3.6/out/server/src/server.js:2298:3774","timestamp":"2024-10-11T22:21:48.653Z"}
{"level":"info","message":"⌛ Building environment","timeElapsed":197,"timestamp":"2024-10-11T22:21:48.856Z"}
{"level":"info","message":"⌛ Validating objetos.wlk","timeElapsed":186,"timestamp":"2024-10-11T22:21:49.043Z"}
{"level":"info","message":"⌛ Validating objetos.wlk","timeElapsed":174,"timestamp":"2024-10-11T22:21:49.224Z"}
{"level":"info","message":"⌛ Building environment","timeElapsed":151,"timestamp":"2024-10-11T22:21:49.375Z"}
{"level":"info","message":"⌛ Validating objetos.wlk","timeElapsed":194,"timestamp":"2024-10-11T22:21:49.569Z"}
{"level":"info","message":"⌛ Validating objetos.wlk","timeElapsed":176,"timestamp":"2024-10-11T22:21:49.754Z"}
{"level":"info","message":"⌛ Validating objetos.wlk","timeElapsed":179,"timestamp":"2024-10-11T22:21:49.933Z"}
{"level":"info","message":"⌛ Validating objetos.wlk","timeElapsed":179,"timestamp":"2024-10-11T22:21:50.114Z"}
{"level":"info","message":"⌛ Validating objetos.wlk","timeElapsed":198,"timestamp":"2024-10-11T22:21:50.313Z"}
{"level":"info","message":"⌛ Validating objetos.wlk","timeElapsed":181,"timestamp":"2024-10-11T22:21:50.495Z"}
{"level":"info","message":"⌛ Validating objetos.wlk","timeElapsed":177,"timestamp":"2024-10-11T22:21:50.672Z"}
{"level":"info","message":"⌛ Building environment","timeElapsed":147,"timestamp":"2024-10-11T22:21:50.819Z"}
{"level":"info","message":"⌛ Validating objetos.wlk","timeElapsed":238,"timestamp":"2024-10-11T22:21:51.104Z"}
{"level":"info","message":"onRequest - completionItem/resolve","timestamp":"2024-10-11T22:21:51.105Z"}
{"level":"info","message":"⌛ Building environment","timeElapsed":198,"timestamp":"2024-10-11T22:21:53.252Z"}
{"level":"info","message":"⌛ Validating objetos.wlk","timeElapsed":179,"timestamp":"2024-10-11T22:21:53.433Z"}
{"level":"info","message":"⌛ Building environment","timeElapsed":233,"timestamp":"2024-10-11T22:21:53.797Z"}
{"level":"info","message":"⌛ Building environment","timeElapsed":158,"timestamp":"2024-10-11T22:21:53.957Z"}
{"level":"info","message":"⌛ Building environment","timeElapsed":146,"timestamp":"2024-10-11T22:21:54.110Z"}
{"level":"info","message":"⌛ Building environment","timeElapsed":177,"timestamp":"2024-10-11T22:21:54.288Z"}
{"level":"info","message":"⌛ Building environment","timeElapsed":141,"timestamp":"2024-10-11T22:21:54.431Z"}
{"level":"info","message":"⌛ Building environment","timeElapsed":167,"timestamp":"2024-10-11T22:21:54.605Z"}
{"level":"info","message":"⌛ Building environment","timeElapsed":175,"timestamp":"2024-10-11T22:21:54.782Z"}
{"level":"info","message":"⌛ Validating objetos.wlk","timeElapsed":277,"timestamp":"2024-10-11T22:21:55.060Z"}
{"level":"info","message":"⌛ Building environment","timeElapsed":153,"timestamp":"2024-10-11T22:21:55.215Z"}
{"level":"info","message":"⌛ Validating objetos.wlk","timeElapsed":204,"timestamp":"2024-10-11T22:21:55.420Z"}
{"level":"info","message":"⌛ Building environment","timeElapsed":146,"timestamp":"2024-10-11T22:21:55.568Z"}
{"level":"info","message":"⌛ Validating objetos.wlk","timeElapsed":197,"timestamp":"2024-10-11T22:21:55.766Z"}
{"level":"info","message":"⌛ Validating objetos.wlk","timeElapsed":193,"timestamp":"2024-10-11T22:21:55.960Z"}
{"level":"info","message":"⌛ Validating objetos.wlk","timeElapsed":186,"timestamp":"2024-10-11T22:21:56.152Z"}
{"level":"info","message":"⌛ Building environment","timeElapsed":201,"timestamp":"2024-10-11T22:21:56.355Z"}
{"level":"info","message":"⌛ Building environment","timeElapsed":153,"timestamp":"2024-10-11T22:21:56.509Z"}
{"level":"info","message":"⌛ Building environment","timeElapsed":133,"timestamp":"2024-10-11T22:21:56.643Z"}
{"level":"info","message":"⌛ Validating objetos.wlk","timeElapsed":189,"timestamp":"2024-10-11T22:21:56.838Z"}
{"level":"info","message":"⌛ Building environment","timeElapsed":165,"timestamp":"2024-10-11T22:21:57.004Z"}
{"level":"info","message":"⌛ Building environment","timeElapsed":158,"timestamp":"2024-10-11T22:21:57.162Z"}
{"level":"info","message":"⌛ Building environment","timeElapsed":158,"timestamp":"2024-10-11T22:21:57.320Z"}
{"level":"info","message":"⌛ Building environment","timeElapsed":140,"timestamp":"2024-10-11T22:21:57.462Z"}
{"level":"info","message":"⌛ Validating objetos.wlk","timeElapsed":189,"timestamp":"2024-10-11T22:21:57.651Z"}
{"level":"info","message":"⌛ Building environment","timeElapsed":138,"timestamp":"2024-10-11T22:21:57.790Z"}
{"level":"info","message":"⌛ Building environment","timeElapsed":142,"timestamp":"2024-10-11T22:21:57.933Z"}
{"level":"info","message":"⌛ Building environment","timeElapsed":364,"timestamp":"2024-10-11T22:21:58.305Z"}
{"level":"info","message":"⌛ Validating objetos.wlk","timeElapsed":227,"timestamp":"2024-10-11T22:21:58.532Z"}
{"level":"info","message":"⌛ Building environment","timeElapsed":166,"timestamp":"2024-10-11T22:21:58.699Z"}
{"level":"info","message":"⌛ Validating objetos.wlk","timeElapsed":189,"timestamp":"2024-10-11T22:21:58.897Z"}
{"level":"info","message":"⌛ Building environment","timeElapsed":142,"timestamp":"2024-10-11T22:21:59.048Z"}
{"level":"info","message":"⌛ Validating objetos.wlk","timeElapsed":184,"timestamp":"2024-10-11T22:21:59.238Z"}
{"level":"info","message":"⌛ Validating objetos.wlk","timeElapsed":197,"timestamp":"2024-10-11T22:21:59.435Z"}
{"level":"info","message":"⌛ Validating objetos.wlk","timeElapsed":194,"timestamp":"2024-10-11T22:21:59.631Z"}
{"level":"info","message":"⌛ Building environment","timeElapsed":148,"timestamp":"2024-10-11T22:21:59.779Z"}
{"level":"error","message":"✘ Completions for node failed: Error: [Send]{f24853} at objetos.wlk:-- exhausted all cases without a match [Send]{f24853} at objetos.wlk:-- exhausted all cases without a match","stack":"Error: [Send]{f24853} at objetos.wlk:-- exhausted all cases without a match\n    at /home/felipe/.vscode/extensions/uqbar.wollok-lsp-ide-0.3.6/out/server/src/server.js:38:6067\n    at yh (/home/felipe/.vscode/extensions/uqbar.wollok-lsp-ide-0.3.6/out/server/src/server.js:2291:42)\n    at kh (/home/felipe/.vscode/extensions/uqbar.wollok-lsp-ide-0.3.6/out/server/src/server.js:2291:1004)\n    at Y5n (/home/felipe/.vscode/extensions/uqbar.wollok-lsp-ide-0.3.6/out/server/src/server.js:2291:1160)\n    at /home/felipe/.vscode/extensions/uqbar.wollok-lsp-ide-0.3.6/out/server/src/server.js:38:6056\n    at yh (/home/felipe/.vscode/extensions/uqbar.wollok-lsp-ide-0.3.6/out/server/src/server.js:2291:42)\n    at /home/felipe/.vscode/extensions/uqbar.wollok-lsp-ide-0.3.6/out/server/src/server.js:2291:2700\n    at /home/felipe/.vscode/extensions/uqbar.wollok-lsp-ide-0.3.6/out/server/src/server.js:2298:3774\n    at /home/felipe/.vscode/extensions/uqbar.wollok-lsp-ide-0.3.6/out/server/src/server.js:37:74872\n    at Fe (/home/felipe/.vscode/extensions/uqbar.wollok-lsp-ide-0.3.6/out/server/src/server.js:7:8527)","timestamp":"2024-10-11T22:21:59.818Z"}
{"level":"error","message":"✘ Completions for node failed: Error: [Assignment]{e386d6} at objetos.wlk:56 exhausted all cases without a match [Assignment]{e386d6} at objetos.wlk:56 exhausted all cases without a match","stack":"Error: [Assignment]{e386d6} at objetos.wlk:56 exhausted all cases without a match\n    at /home/felipe/.vscode/extensions/uqbar.wollok-lsp-ide-0.3.6/out/server/src/server.js:38:6067\n    at yh (/home/felipe/.vscode/extensions/uqbar.wollok-lsp-ide-0.3.6/out/server/src/server.js:2291:42)\n    at kh (/home/felipe/.vscode/extensions/uqbar.wollok-lsp-ide-0.3.6/out/server/src/server.js:2291:1004)\n    at yh (/home/felipe/.vscode/extensions/uqbar.wollok-lsp-ide-0.3.6/out/server/src/server.js:2291:456)\n    at kh (/home/felipe/.vscode/extensions/uqbar.wollok-lsp-ide-0.3.6/out/server/src/server.js:2291:1004)\n    at Y5n (/home/felipe/.vscode/extensions/uqbar.wollok-lsp-ide-0.3.6/out/server/src/server.js:2291:1160)\n    at /home/felipe/.vscode/extensions/uqbar.wollok-lsp-ide-0.3.6/out/server/src/server.js:38:6056\n    at yh (/home/felipe/.vscode/extensions/uqbar.wollok-lsp-ide-0.3.6/out/server/src/server.js:2291:42)\n    at /home/felipe/.vscode/extensions/uqbar.wollok-lsp-ide-0.3.6/out/server/src/server.js:2291:2700\n    at /home/felipe/.vscode/extensions/uqbar.wollok-lsp-ide-0.3.6/out/server/src/server.js:2298:3774","timestamp":"2024-10-11T22:21:59.818Z"}
{"level":"info","message":"⌛ Building environment","timeElapsed":157,"timestamp":"2024-10-11T22:21:59.980Z"}
{"level":"info","message":"⌛ Validating objetos.wlk","timeElapsed":207,"timestamp":"2024-10-11T22:22:00.188Z"}
{"level":"info","message":"⌛ Building environment","timeElapsed":148,"timestamp":"2024-10-11T22:22:00.338Z"}
{"level":"info","message":"⌛ Validating objetos.wlk","timeElapsed":183,"timestamp":"2024-10-11T22:22:00.522Z"}
{"level":"info","message":"⌛ Building environment","timeElapsed":145,"timestamp":"2024-10-11T22:22:00.668Z"}
{"level":"info","message":"⌛ Building environment","timeElapsed":161,"timestamp":"2024-10-11T22:22:00.830Z"}
{"level":"info","message":"⌛ Validating objetos.wlk","timeElapsed":207,"timestamp":"2024-10-11T22:22:01.038Z"}
{"level":"info","message":"⌛ Validating objetos.wlk","timeElapsed":181,"timestamp":"2024-10-11T22:22:01.220Z"}
{"level":"info","message":"⌛ Validating objetos.wlk","timeElapsed":181,"timestamp":"2024-10-11T22:22:01.408Z"}
{"level":"info","message":"⌛ Building environment","timeElapsed":144,"timestamp":"2024-10-11T22:22:01.554Z"}
{"level":"info","message":"⌛ Validating objetos.wlk","timeElapsed":191,"timestamp":"2024-10-11T22:22:01.746Z"}
{"level":"info","message":"⌛ Building environment","timeElapsed":139,"timestamp":"2024-10-11T22:22:01.885Z"}
{"level":"info","message":"⌛ Validating objetos.wlk","timeElapsed":197,"timestamp":"2024-10-11T22:22:02.092Z"}
{"level":"info","message":"⌛ Building environment","timeElapsed":136,"timestamp":"2024-10-11T22:22:02.228Z"}
{"level":"info","message":"⌛ Building environment","timeElapsed":133,"timestamp":"2024-10-11T22:22:02.362Z"}
{"level":"info","message":"⌛ Validating objetos.wlk","timeElapsed":180,"timestamp":"2024-10-11T22:22:02.543Z"}
{"level":"info","message":"⌛ Validating objetos.wlk","timeElapsed":176,"timestamp":"2024-10-11T22:22:02.727Z"}
{"level":"info","message":"⌛ Building environment","timeElapsed":139,"timestamp":"2024-10-11T22:22:02.866Z"}
{"level":"info","message":"⌛ Building environment","timeElapsed":135,"timestamp":"2024-10-11T22:22:03.001Z"}
{"level":"info","message":"⌛ Validating objetos.wlk","timeElapsed":173,"timestamp":"2024-10-11T22:22:03.188Z"}
{"level":"info","message":"⌛ Building environment","timeElapsed":162,"timestamp":"2024-10-11T22:22:03.350Z"}
{"level":"error","message":"✘ Completions for node failed: Error: [Send]{0dba4e} at objetos.wlk:-- exhausted all cases without a match [Send]{0dba4e} at objetos.wlk:-- exhausted all cases without a match","stack":"Error: [Send]{0dba4e} at objetos.wlk:-- exhausted all cases without a match\n    at /home/felipe/.vscode/extensions/uqbar.wollok-lsp-ide-0.3.6/out/server/src/server.js:38:6067\n    at yh (/home/felipe/.vscode/extensions/uqbar.wollok-lsp-ide-0.3.6/out/server/src/server.js:2291:42)\n    at kh (/home/felipe/.vscode/extensions/uqbar.wollok-lsp-ide-0.3.6/out/server/src/server.js:2291:1004)\n    at Y5n (/home/felipe/.vscode/extensions/uqbar.wollok-lsp-ide-0.3.6/out/server/src/server.js:2291:1160)\n    at /home/felipe/.vscode/extensions/uqbar.wollok-lsp-ide-0.3.6/out/server/src/server.js:38:6056\n    at yh (/home/felipe/.vscode/extensions/uqbar.wollok-lsp-ide-0.3.6/out/server/src/server.js:2291:42)\n    at /home/felipe/.vscode/extensions/uqbar.wollok-lsp-ide-0.3.6/out/server/src/server.js:2291:2700\n    at /home/felipe/.vscode/extensions/uqbar.wollok-lsp-ide-0.3.6/out/server/src/server.js:2298:3774\n    at /home/felipe/.vscode/extensions/uqbar.wollok-lsp-ide-0.3.6/out/server/src/server.js:37:74872\n    at Fe (/home/felipe/.vscode/extensions/uqbar.wollok-lsp-ide-0.3.6/out/server/src/server.js:7:8527)","timestamp":"2024-10-11T22:22:03.385Z"}
{"level":"error","message":"✘ Completions for node failed: Error: [Assignment]{fc0326} at objetos.wlk:56 exhausted all cases without a match [Assignment]{fc0326} at objetos.wlk:56 exhausted all cases without a match","stack":"Error: [Assignment]{fc0326} at objetos.wlk:56 exhausted all cases without a match\n    at /home/felipe/.vscode/extensions/uqbar.wollok-lsp-ide-0.3.6/out/server/src/server.js:38:6067\n    at yh (/home/felipe/.vscode/extensions/uqbar.wollok-lsp-ide-0.3.6/out/server/src/server.js:2291:42)\n    at kh (/home/felipe/.vscode/extensions/uqbar.wollok-lsp-ide-0.3.6/out/server/src/server.js:2291:1004)\n    at yh (/home/felipe/.vscode/extensions/uqbar.wollok-lsp-ide-0.3.6/out/server/src/server.js:2291:456)\n    at kh (/home/felipe/.vscode/extensions/uqbar.wollok-lsp-ide-0.3.6/out/server/src/server.js:2291:1004)\n    at Y5n (/home/felipe/.vscode/extensions/uqbar.wollok-lsp-ide-0.3.6/out/server/src/server.js:2291:1160)\n    at /home/felipe/.vscode/extensions/uqbar.wollok-lsp-ide-0.3.6/out/server/src/server.js:38:6056\n    at yh (/home/felipe/.vscode/extensions/uqbar.wollok-lsp-ide-0.3.6/out/server/src/server.js:2291:42)\n    at /home/felipe/.vscode/extensions/uqbar.wollok-lsp-ide-0.3.6/out/server/src/server.js:2291:2700\n    at /home/felipe/.vscode/extensions/uqbar.wollok-lsp-ide-0.3.6/out/server/src/server.js:2298:3774","timestamp":"2024-10-11T22:22:03.385Z"}
{"level":"info","message":"⌛ Validating objetos.wlk","timeElapsed":186,"timestamp":"2024-10-11T22:22:03.576Z"}
{"level":"info","message":"⌛ Building environment","timeElapsed":267,"timestamp":"2024-10-11T22:22:03.844Z"}
{"level":"info","message":"⌛ Building environment","timeElapsed":153,"timestamp":"2024-10-11T22:22:03.997Z"}
{"level":"info","message":"⌛ Validating objetos.wlk","timeElapsed":175,"timestamp":"2024-10-11T22:22:04.172Z"}
{"level":"info","message":"⌛ Validating objetos.wlk","timeElapsed":242,"timestamp":"2024-10-11T22:22:04.416Z"}
{"level":"info","message":"⌛ Building environment","timeElapsed":140,"timestamp":"2024-10-11T22:22:04.563Z"}
{"level":"info","message":"⌛ Validating objetos.wlk","timeElapsed":179,"timestamp":"2024-10-11T22:22:04.742Z"}
{"level":"info","message":"⌛ Validating objetos.wlk","timeElapsed":175,"timestamp":"2024-10-11T22:22:04.924Z"}
{"level":"info","message":"⌛ Validating objetos.wlk","timeElapsed":180,"timestamp":"2024-10-11T22:22:05.104Z"}
{"level":"info","message":"⌛ Validating objetos.wlk","timeElapsed":178,"timestamp":"2024-10-11T22:22:05.283Z"}
{"level":"info","message":"⌛ Validating objetos.wlk","timeElapsed":198,"timestamp":"2024-10-11T22:22:05.483Z"}
{"level":"info","message":"⌛ Validating objetos.wlk","timeElapsed":177,"timestamp":"2024-10-11T22:22:05.660Z"}
{"level":"info","message":"⌛ Validating objetos.wlk","timeElapsed":179,"timestamp":"2024-10-11T22:22:05.840Z"}
{"level":"info","message":"⌛ Validating objetos.wlk","timeElapsed":180,"timestamp":"2024-10-11T22:22:06.020Z"}
{"level":"info","message":"⌛ Validating objetos.wlk","timeElapsed":173,"timestamp":"2024-10-11T22:22:06.194Z"}
{"level":"info","message":"⌛ Validating objetos.wlk","timeElapsed":178,"timestamp":"2024-10-11T22:22:06.373Z"}
{"level":"info","message":"⌛ Validating objetos.wlk","timeElapsed":183,"timestamp":"2024-10-11T22:22:06.556Z"}
{"level":"info","message":"⌛ Building environment","timeElapsed":316,"timestamp":"2024-10-11T22:22:53.641Z"}
{"level":"error","message":"✘ Completions for node failed: Error: [Parameter]{9fb639} at objetos.wlk:46 exhausted all cases without a match [Parameter]{9fb639} at objetos.wlk:46 exhausted all cases without a match","stack":"Error: [Parameter]{9fb639} at objetos.wlk:46 exhausted all cases without a match\n    at /home/felipe/.vscode/extensions/uqbar.wollok-lsp-ide-0.3.6/out/server/src/server.js:38:6067\n    at yh (/home/felipe/.vscode/extensions/uqbar.wollok-lsp-ide-0.3.6/out/server/src/server.js:2291:42)\n    at /home/felipe/.vscode/extensions/uqbar.wollok-lsp-ide-0.3.6/out/server/src/server.js:2291:2700\n    at /home/felipe/.vscode/extensions/uqbar.wollok-lsp-ide-0.3.6/out/server/src/server.js:2298:3774\n    at /home/felipe/.vscode/extensions/uqbar.wollok-lsp-ide-0.3.6/out/server/src/server.js:37:74872\n    at Fe (/home/felipe/.vscode/extensions/uqbar.wollok-lsp-ide-0.3.6/out/server/src/server.js:7:8527)\n    at Pt (/home/felipe/.vscode/extensions/uqbar.wollok-lsp-ide-0.3.6/out/server/src/server.js:7:6189)\n    at Gi (/home/felipe/.vscode/extensions/uqbar.wollok-lsp-ide-0.3.6/out/server/src/server.js:7:6378)\n    at Immediate._onImmediate (/home/felipe/.vscode/extensions/uqbar.wollok-lsp-ide-0.3.6/out/server/src/server.js:7:6142)\n    at process.processImmediate (node:internal/timers:483:21)","timestamp":"2024-10-11T22:22:53.672Z"}
{"level":"info","message":"⌛ Building environment","timeElapsed":155,"timestamp":"2024-10-11T22:22:53.833Z"}
{"level":"info","message":"⌛ Validating objetos.wlk","timeElapsed":279,"timestamp":"2024-10-11T22:22:54.114Z"}
{"level":"info","message":"onRequest - completionItem/resolve","timestamp":"2024-10-11T22:22:54.114Z"}
{"level":"info","message":"⌛ Validating objetos.wlk","timeElapsed":185,"timestamp":"2024-10-11T22:22:54.299Z"}
{"level":"info","message":"⌛ Building environment","timeElapsed":162,"timestamp":"2024-10-11T22:22:54.469Z"}
{"level":"info","message":"onRequest - completionItem/resolve","timestamp":"2024-10-11T22:22:54.470Z"}
{"level":"info","message":"⌛ Validating objetos.wlk","timeElapsed":184,"timestamp":"2024-10-11T22:22:54.665Z"}
{"level":"info","message":"⌛ Building environment","timeElapsed":187,"timestamp":"2024-10-11T22:22:55.432Z"}
{"level":"info","message":"⌛ Validating objetos.wlk","timeElapsed":208,"timestamp":"2024-10-11T22:22:55.642Z"}
{"level":"info","message":"⌛ Building environment","timeElapsed":167,"timestamp":"2024-10-11T22:22:55.976Z"}
{"level":"info","message":"⌛ Validating objetos.wlk","timeElapsed":249,"timestamp":"2024-10-11T22:22:56.227Z"}
{"level":"info","message":"⌛ Building environment","timeElapsed":159,"timestamp":"2024-10-11T22:22:56.386Z"}
{"level":"error","message":"✘ Completions for node failed: Error: [Parameter]{afbd57} at objetos.wlk:46 exhausted all cases without a match [Parameter]{afbd57} at objetos.wlk:46 exhausted all cases without a match","stack":"Error: [Parameter]{afbd57} at objetos.wlk:46 exhausted all cases without a match\n    at /home/felipe/.vscode/extensions/uqbar.wollok-lsp-ide-0.3.6/out/server/src/server.js:38:6067\n    at yh (/home/felipe/.vscode/extensions/uqbar.wollok-lsp-ide-0.3.6/out/server/src/server.js:2291:42)\n    at /home/felipe/.vscode/extensions/uqbar.wollok-lsp-ide-0.3.6/out/server/src/server.js:2291:2700\n    at /home/felipe/.vscode/extensions/uqbar.wollok-lsp-ide-0.3.6/out/server/src/server.js:2298:3774\n    at /home/felipe/.vscode/extensions/uqbar.wollok-lsp-ide-0.3.6/out/server/src/server.js:37:74872\n    at Fe (/home/felipe/.vscode/extensions/uqbar.wollok-lsp-ide-0.3.6/out/server/src/server.js:7:8527)\n    at Pt (/home/felipe/.vscode/extensions/uqbar.wollok-lsp-ide-0.3.6/out/server/src/server.js:7:6189)\n    at Gi (/home/felipe/.vscode/extensions/uqbar.wollok-lsp-ide-0.3.6/out/server/src/server.js:7:6378)\n    at Immediate._onImmediate (/home/felipe/.vscode/extensions/uqbar.wollok-lsp-ide-0.3.6/out/server/src/server.js:7:6142)\n    at process.processImmediate (node:internal/timers:483:21)","timestamp":"2024-10-11T22:22:56.423Z"}
{"level":"info","message":"⌛ Validating objetos.wlk","timeElapsed":193,"timestamp":"2024-10-11T22:22:56.620Z"}
{"level":"info","message":"onRequest - completionItem/resolve","timestamp":"2024-10-11T22:22:56.621Z"}
{"level":"info","message":"⌛ Building environment","timeElapsed":220,"timestamp":"2024-10-11T22:22:58.037Z"}
{"level":"error","message":"✘ Completions for node failed: Error: [Parameter]{7eb8fb} at objetos.wlk:46 exhausted all cases without a match [Parameter]{7eb8fb} at objetos.wlk:46 exhausted all cases without a match","stack":"Error: [Parameter]{7eb8fb} at objetos.wlk:46 exhausted all cases without a match\n    at /home/felipe/.vscode/extensions/uqbar.wollok-lsp-ide-0.3.6/out/server/src/server.js:38:6067\n    at yh (/home/felipe/.vscode/extensions/uqbar.wollok-lsp-ide-0.3.6/out/server/src/server.js:2291:42)\n    at /home/felipe/.vscode/extensions/uqbar.wollok-lsp-ide-0.3.6/out/server/src/server.js:2291:2700\n    at /home/felipe/.vscode/extensions/uqbar.wollok-lsp-ide-0.3.6/out/server/src/server.js:2298:3774\n    at /home/felipe/.vscode/extensions/uqbar.wollok-lsp-ide-0.3.6/out/server/src/server.js:37:74872\n    at Fe (/home/felipe/.vscode/extensions/uqbar.wollok-lsp-ide-0.3.6/out/server/src/server.js:7:8527)\n    at Pt (/home/felipe/.vscode/extensions/uqbar.wollok-lsp-ide-0.3.6/out/server/src/server.js:7:6189)\n    at Gi (/home/felipe/.vscode/extensions/uqbar.wollok-lsp-ide-0.3.6/out/server/src/server.js:7:6378)\n    at Immediate._onImmediate (/home/felipe/.vscode/extensions/uqbar.wollok-lsp-ide-0.3.6/out/server/src/server.js:7:6142)\n    at process.processImmediate (node:internal/timers:483:21)","timestamp":"2024-10-11T22:22:58.136Z"}
{"level":"info","message":"⌛ Validating objetos.wlk","timeElapsed":229,"timestamp":"2024-10-11T22:22:58.370Z"}
{"level":"info","message":"onRequest - completionItem/resolve","timestamp":"2024-10-11T22:22:58.373Z"}
{"level":"info","message":"⌛ Building environment","timeElapsed":287,"timestamp":"2024-10-11T22:23:16.838Z"}
{"level":"error","message":"✘ Completions for node failed: Error: [Send]{a0e56a} at objetos.wlk:47 exhausted all cases without a match [Send]{a0e56a} at objetos.wlk:47 exhausted all cases without a match","stack":"Error: [Send]{a0e56a} at objetos.wlk:47 exhausted all cases without a match\n    at /home/felipe/.vscode/extensions/uqbar.wollok-lsp-ide-0.3.6/out/server/src/server.js:38:6067\n    at yh (/home/felipe/.vscode/extensions/uqbar.wollok-lsp-ide-0.3.6/out/server/src/server.js:2291:42)\n    at kh (/home/felipe/.vscode/extensions/uqbar.wollok-lsp-ide-0.3.6/out/server/src/server.js:2291:1004)\n    at Y5n (/home/felipe/.vscode/extensions/uqbar.wollok-lsp-ide-0.3.6/out/server/src/server.js:2291:1160)\n    at /home/felipe/.vscode/extensions/uqbar.wollok-lsp-ide-0.3.6/out/server/src/server.js:38:6056\n    at yh (/home/felipe/.vscode/extensions/uqbar.wollok-lsp-ide-0.3.6/out/server/src/server.js:2291:42)\n    at /home/felipe/.vscode/extensions/uqbar.wollok-lsp-ide-0.3.6/out/server/src/server.js:2291:2700\n    at /home/felipe/.vscode/extensions/uqbar.wollok-lsp-ide-0.3.6/out/server/src/server.js:2298:3774\n    at /home/felipe/.vscode/extensions/uqbar.wollok-lsp-ide-0.3.6/out/server/src/server.js:37:74872\n    at Fe (/home/felipe/.vscode/extensions/uqbar.wollok-lsp-ide-0.3.6/out/server/src/server.js:7:8527)","timestamp":"2024-10-11T22:23:16.879Z"}
{"level":"info","message":"⌛ Building environment","timeElapsed":169,"timestamp":"2024-10-11T22:23:17.054Z"}
{"level":"info","message":"⌛ Building environment","timeElapsed":360,"timestamp":"2024-10-11T22:23:17.416Z"}
{"level":"info","message":"⌛ Validating objetos.wlk","timeElapsed":222,"timestamp":"2024-10-11T22:23:17.639Z"}
{"level":"info","message":"onRequest - completionItem/resolve","timestamp":"2024-10-11T22:23:17.640Z"}
{"level":"info","message":"⌛ Building environment","timeElapsed":154,"timestamp":"2024-10-11T22:23:17.794Z"}
{"level":"info","message":"onRequest - completionItem/resolve","timestamp":"2024-10-11T22:23:17.803Z"}
{"level":"info","message":"⌛ Validating objetos.wlk","timeElapsed":206,"timestamp":"2024-10-11T22:23:18.009Z"}
{"level":"info","message":"⌛ Building environment","timeElapsed":237,"timestamp":"2024-10-11T22:23:18.250Z"}
{"level":"info","message":"onRequest - completionItem/resolve","timestamp":"2024-10-11T22:23:18.253Z"}
{"level":"info","message":"⌛ Building environment","timeElapsed":172,"timestamp":"2024-10-11T22:23:18.426Z"}
{"level":"info","message":"onRequest - completionItem/resolve","timestamp":"2024-10-11T22:23:18.435Z"}
{"level":"info","message":"⌛ Validating objetos.wlk","timeElapsed":227,"timestamp":"2024-10-11T22:23:18.662Z"}
{"level":"info","message":"⌛ Building environment","timeElapsed":302,"timestamp":"2024-10-11T22:23:18.966Z"}
{"level":"info","message":"onRequest - completionItem/resolve","timestamp":"2024-10-11T22:23:18.967Z"}
{"level":"info","message":"⌛ Validating objetos.wlk","timeElapsed":216,"timestamp":"2024-10-11T22:23:19.190Z"}
{"level":"info","message":"⌛ Validating objetos.wlk","timeElapsed":189,"timestamp":"2024-10-11T22:23:19.379Z"}
{"level":"info","message":"⌛ Validating objetos.wlk","timeElapsed":202,"timestamp":"2024-10-11T22:23:19.581Z"}
{"level":"info","message":"⌛ Validating objetos.wlk","timeElapsed":209,"timestamp":"2024-10-11T22:23:19.820Z"}
{"level":"info","message":"⌛ Building environment","timeElapsed":168,"timestamp":"2024-10-11T22:23:19.990Z"}
{"level":"error","message":"✘ Completions for node failed: Error: [Send]{24bd68} at objetos.wlk:48 exhausted all cases without a match [Send]{24bd68} at objetos.wlk:48 exhausted all cases without a match","stack":"Error: [Send]{24bd68} at objetos.wlk:48 exhausted all cases without a match\n    at /home/felipe/.vscode/extensions/uqbar.wollok-lsp-ide-0.3.6/out/server/src/server.js:38:6067\n    at yh (/home/felipe/.vscode/extensions/uqbar.wollok-lsp-ide-0.3.6/out/server/src/server.js:2291:42)\n    at kh (/home/felipe/.vscode/extensions/uqbar.wollok-lsp-ide-0.3.6/out/server/src/server.js:2291:1004)\n    at Y5n (/home/felipe/.vscode/extensions/uqbar.wollok-lsp-ide-0.3.6/out/server/src/server.js:2291:1160)\n    at /home/felipe/.vscode/extensions/uqbar.wollok-lsp-ide-0.3.6/out/server/src/server.js:38:6056\n    at yh (/home/felipe/.vscode/extensions/uqbar.wollok-lsp-ide-0.3.6/out/server/src/server.js:2291:42)\n    at /home/felipe/.vscode/extensions/uqbar.wollok-lsp-ide-0.3.6/out/server/src/server.js:2291:2700\n    at /home/felipe/.vscode/extensions/uqbar.wollok-lsp-ide-0.3.6/out/server/src/server.js:2298:3774\n    at /home/felipe/.vscode/extensions/uqbar.wollok-lsp-ide-0.3.6/out/server/src/server.js:37:74872\n    at Fe (/home/felipe/.vscode/extensions/uqbar.wollok-lsp-ide-0.3.6/out/server/src/server.js:7:8527)","timestamp":"2024-10-11T22:23:20.046Z"}
{"level":"info","message":"⌛ Building environment","timeElapsed":156,"timestamp":"2024-10-11T22:23:20.210Z"}
{"level":"info","message":"⌛ Building environment","timeElapsed":158,"timestamp":"2024-10-11T22:23:20.377Z"}
{"level":"info","message":"⌛ Building environment","timeElapsed":194,"timestamp":"2024-10-11T22:23:20.571Z"}
{"level":"info","message":"⌛ Validating objetos.wlk","timeElapsed":204,"timestamp":"2024-10-11T22:23:20.776Z"}
{"level":"info","message":"⌛ Building environment","timeElapsed":168,"timestamp":"2024-10-11T22:23:20.944Z"}
{"level":"info","message":"onRequest - completionItem/resolve","timestamp":"2024-10-11T22:23:20.945Z"}
{"level":"info","message":"⌛ Building environment","timeElapsed":145,"timestamp":"2024-10-11T22:23:21.091Z"}
{"level":"info","message":"onRequest - completionItem/resolve","timestamp":"2024-10-11T22:23:21.091Z"}
{"level":"info","message":"⌛ Validating objetos.wlk","timeElapsed":183,"timestamp":"2024-10-11T22:23:21.275Z"}
{"level":"info","message":"⌛ Building environment","timeElapsed":159,"timestamp":"2024-10-11T22:23:21.435Z"}
{"level":"info","message":"onRequest - completionItem/resolve","timestamp":"2024-10-11T22:23:21.436Z"}
{"level":"info","message":"⌛ Validating objetos.wlk","timeElapsed":201,"timestamp":"2024-10-11T22:23:21.637Z"}
{"level":"info","message":"⌛ Validating objetos.wlk","timeElapsed":198,"timestamp":"2024-10-11T22:23:21.842Z"}
{"level":"info","message":"⌛ Validating objetos.wlk","timeElapsed":196,"timestamp":"2024-10-11T22:23:22.038Z"}
{"level":"info","message":"⌛ Validating objetos.wlk","timeElapsed":196,"timestamp":"2024-10-11T22:23:22.234Z"}
{"level":"info","message":"⌛ Validating objetos.wlk","timeElapsed":194,"timestamp":"2024-10-11T22:23:22.431Z"}
{"level":"info","message":"⌛ Building environment","timeElapsed":204,"timestamp":"2024-10-11T22:23:32.853Z"}
{"level":"info","message":"⌛ Validating objetos.wlk","timeElapsed":201,"timestamp":"2024-10-11T22:23:33.098Z"}
{"level":"info","message":"onRequest - completionItem/resolve","timestamp":"2024-10-11T22:23:33.099Z"}
{"level":"info","message":"⌛ Building environment","timeElapsed":184,"timestamp":"2024-10-11T22:23:38.373Z"}
{"level":"info","message":"onRequest - completionItem/resolve","timestamp":"2024-10-11T22:23:38.387Z"}
{"level":"info","message":"⌛ Building environment","timeElapsed":137,"timestamp":"2024-10-11T22:23:38.526Z"}
{"level":"info","message":"onRequest - completionItem/resolve","timestamp":"2024-10-11T22:23:38.526Z"}
{"level":"info","message":"⌛ Validating objetos.wlk","timeElapsed":207,"timestamp":"2024-10-11T22:23:38.734Z"}
{"level":"info","message":"⌛ Validating objetos.wlk","timeElapsed":194,"timestamp":"2024-10-11T22:23:38.928Z"}
{"level":"info","message":"⌛ Building environment","timeElapsed":191,"timestamp":"2024-10-11T22:23:39.119Z"}
{"level":"info","message":"⌛ Building environment","timeElapsed":202,"timestamp":"2024-10-11T22:23:39.329Z"}
{"level":"info","message":"⌛ Building environment","timeElapsed":153,"timestamp":"2024-10-11T22:23:39.489Z"}
{"level":"info","message":"⌛ Validating objetos.wlk","timeElapsed":206,"timestamp":"2024-10-11T22:23:39.696Z"}
{"level":"info","message":"⌛ Building environment","timeElapsed":145,"timestamp":"2024-10-11T22:23:39.842Z"}
{"level":"info","message":"⌛ Validating objetos.wlk","timeElapsed":191,"timestamp":"2024-10-11T22:23:40.034Z"}
{"level":"info","message":"⌛ Building environment","timeElapsed":145,"timestamp":"2024-10-11T22:23:40.180Z"}
{"level":"info","message":"⌛ Validating objetos.wlk","timeElapsed":180,"timestamp":"2024-10-11T22:23:40.365Z"}
{"level":"info","message":"⌛ Building environment","timeElapsed":147,"timestamp":"2024-10-11T22:23:40.512Z"}
{"level":"info","message":"onRequest - completionItem/resolve","timestamp":"2024-10-11T22:23:40.513Z"}
{"level":"info","message":"⌛ Validating objetos.wlk","timeElapsed":183,"timestamp":"2024-10-11T22:23:40.703Z"}
{"level":"info","message":"⌛ Validating objetos.wlk","timeElapsed":234,"timestamp":"2024-10-11T22:23:40.942Z"}
{"level":"info","message":"⌛ Validating objetos.wlk","timeElapsed":181,"timestamp":"2024-10-11T22:23:41.124Z"}
{"level":"info","message":"⌛ Building environment","timeElapsed":183,"timestamp":"2024-10-11T22:23:41.340Z"}
{"level":"info","message":"⌛ Validating objetos.wlk","timeElapsed":182,"timestamp":"2024-10-11T22:23:41.523Z"}
{"level":"info","message":"⌛ Building environment","timeElapsed":152,"timestamp":"2024-10-11T22:23:42.248Z"}
{"level":"info","message":"⌛ Validating objetos.wlk","timeElapsed":203,"timestamp":"2024-10-11T22:23:42.454Z"}
{"level":"info","message":"⌛ Building environment","timeElapsed":155,"timestamp":"2024-10-11T22:23:42.609Z"}
{"level":"error","message":"✘ Completions for node failed: Error: [Send]{a8b784} at objetos.wlk:48 exhausted all cases without a match [Send]{a8b784} at objetos.wlk:48 exhausted all cases without a match","stack":"Error: [Send]{a8b784} at objetos.wlk:48 exhausted all cases without a match\n    at /home/felipe/.vscode/extensions/uqbar.wollok-lsp-ide-0.3.6/out/server/src/server.js:38:6067\n    at yh (/home/felipe/.vscode/extensions/uqbar.wollok-lsp-ide-0.3.6/out/server/src/server.js:2291:42)\n    at kh (/home/felipe/.vscode/extensions/uqbar.wollok-lsp-ide-0.3.6/out/server/src/server.js:2291:1004)\n    at Y5n (/home/felipe/.vscode/extensions/uqbar.wollok-lsp-ide-0.3.6/out/server/src/server.js:2291:1160)\n    at /home/felipe/.vscode/extensions/uqbar.wollok-lsp-ide-0.3.6/out/server/src/server.js:38:6056\n    at yh (/home/felipe/.vscode/extensions/uqbar.wollok-lsp-ide-0.3.6/out/server/src/server.js:2291:42)\n    at /home/felipe/.vscode/extensions/uqbar.wollok-lsp-ide-0.3.6/out/server/src/server.js:2291:2700\n    at /home/felipe/.vscode/extensions/uqbar.wollok-lsp-ide-0.3.6/out/server/src/server.js:2298:3774\n    at /home/felipe/.vscode/extensions/uqbar.wollok-lsp-ide-0.3.6/out/server/src/server.js:37:74872\n    at Fe (/home/felipe/.vscode/extensions/uqbar.wollok-lsp-ide-0.3.6/out/server/src/server.js:7:8527)","timestamp":"2024-10-11T22:23:42.648Z"}
{"level":"info","message":"⌛ Building environment","timeElapsed":166,"timestamp":"2024-10-11T22:23:42.818Z"}
{"level":"info","message":"⌛ Validating objetos.wlk","timeElapsed":201,"timestamp":"2024-10-11T22:23:43.026Z"}
{"level":"info","message":"⌛ Validating objetos.wlk","timeElapsed":184,"timestamp":"2024-10-11T22:23:43.217Z"}
{"level":"info","message":"⌛ Building environment","timeElapsed":145,"timestamp":"2024-10-11T22:23:43.364Z"}
{"level":"error","message":"✘ Completions for node failed: Error: [Send]{b178a9} at objetos.wlk:48 exhausted all cases without a match [Send]{b178a9} at objetos.wlk:48 exhausted all cases without a match","stack":"Error: [Send]{b178a9} at objetos.wlk:48 exhausted all cases without a match\n    at /home/felipe/.vscode/extensions/uqbar.wollok-lsp-ide-0.3.6/out/server/src/server.js:38:6067\n    at yh (/home/felipe/.vscode/extensions/uqbar.wollok-lsp-ide-0.3.6/out/server/src/server.js:2291:42)\n    at kh (/home/felipe/.vscode/extensions/uqbar.wollok-lsp-ide-0.3.6/out/server/src/server.js:2291:1004)\n    at Y5n (/home/felipe/.vscode/extensions/uqbar.wollok-lsp-ide-0.3.6/out/server/src/server.js:2291:1160)\n    at /home/felipe/.vscode/extensions/uqbar.wollok-lsp-ide-0.3.6/out/server/src/server.js:38:6056\n    at yh (/home/felipe/.vscode/extensions/uqbar.wollok-lsp-ide-0.3.6/out/server/src/server.js:2291:42)\n    at /home/felipe/.vscode/extensions/uqbar.wollok-lsp-ide-0.3.6/out/server/src/server.js:2291:2700\n    at /home/felipe/.vscode/extensions/uqbar.wollok-lsp-ide-0.3.6/out/server/src/server.js:2298:3774\n    at /home/felipe/.vscode/extensions/uqbar.wollok-lsp-ide-0.3.6/out/server/src/server.js:37:74872\n    at Fe (/home/felipe/.vscode/extensions/uqbar.wollok-lsp-ide-0.3.6/out/server/src/server.js:7:8527)","timestamp":"2024-10-11T22:23:43.405Z"}
{"level":"info","message":"⌛ Building environment","timeElapsed":144,"timestamp":"2024-10-11T22:23:43.554Z"}
{"level":"info","message":"⌛ Building environment","timeElapsed":154,"timestamp":"2024-10-11T22:23:43.713Z"}
{"level":"info","message":"⌛ Validating objetos.wlk","timeElapsed":182,"timestamp":"2024-10-11T22:23:43.895Z"}
{"level":"info","message":"⌛ Building environment","timeElapsed":143,"timestamp":"2024-10-11T22:23:44.039Z"}
{"level":"info","message":"⌛ Validating objetos.wlk","timeElapsed":192,"timestamp":"2024-10-11T22:23:44.232Z"}
{"level":"info","message":"⌛ Building environment","timeElapsed":190,"timestamp":"2024-10-11T22:23:44.423Z"}
{"level":"error","message":"✘ Completions for node failed: Error: [Send]{9ff874} at objetos.wlk:48 exhausted all cases without a match [Send]{9ff874} at objetos.wlk:48 exhausted all cases without a match","stack":"Error: [Send]{9ff874} at objetos.wlk:48 exhausted all cases without a match\n    at /home/felipe/.vscode/extensions/uqbar.wollok-lsp-ide-0.3.6/out/server/src/server.js:38:6067\n    at yh (/home/felipe/.vscode/extensions/uqbar.wollok-lsp-ide-0.3.6/out/server/src/server.js:2291:42)\n    at kh (/home/felipe/.vscode/extensions/uqbar.wollok-lsp-ide-0.3.6/out/server/src/server.js:2291:1004)\n    at Y5n (/home/felipe/.vscode/extensions/uqbar.wollok-lsp-ide-0.3.6/out/server/src/server.js:2291:1160)\n    at /home/felipe/.vscode/extensions/uqbar.wollok-lsp-ide-0.3.6/out/server/src/server.js:38:6056\n    at yh (/home/felipe/.vscode/extensions/uqbar.wollok-lsp-ide-0.3.6/out/server/src/server.js:2291:42)\n    at /home/felipe/.vscode/extensions/uqbar.wollok-lsp-ide-0.3.6/out/server/src/server.js:2291:2700\n    at /home/felipe/.vscode/extensions/uqbar.wollok-lsp-ide-0.3.6/out/server/src/server.js:2298:3774\n    at /home/felipe/.vscode/extensions/uqbar.wollok-lsp-ide-0.3.6/out/server/src/server.js:37:74872\n    at Fe (/home/felipe/.vscode/extensions/uqbar.wollok-lsp-ide-0.3.6/out/server/src/server.js:7:8527)","timestamp":"2024-10-11T22:23:44.462Z"}
{"level":"info","message":"⌛ Building environment","timeElapsed":141,"timestamp":"2024-10-11T22:23:44.607Z"}
{"level":"info","message":"⌛ Validating objetos.wlk","timeElapsed":289,"timestamp":"2024-10-11T22:23:44.902Z"}
{"level":"info","message":"⌛ Validating objetos.wlk","timeElapsed":182,"timestamp":"2024-10-11T22:23:45.094Z"}
{"level":"info","message":"⌛ Building environment","timeElapsed":141,"timestamp":"2024-10-11T22:23:45.237Z"}
{"level":"info","message":"⌛ Validating objetos.wlk","timeElapsed":187,"timestamp":"2024-10-11T22:23:45.430Z"}
{"level":"info","message":"⌛ Validating objetos.wlk","timeElapsed":183,"timestamp":"2024-10-11T22:23:45.613Z"}
{"level":"info","message":"⌛ Building environment","timeElapsed":138,"timestamp":"2024-10-11T22:23:45.751Z"}
{"level":"info","message":"⌛ Validating objetos.wlk","timeElapsed":214,"timestamp":"2024-10-11T22:23:45.973Z"}
{"level":"info","message":"⌛ Validating objetos.wlk","timeElapsed":197,"timestamp":"2024-10-11T22:23:46.170Z"}
{"level":"info","message":"⌛ Building environment","timeElapsed":193,"timestamp":"2024-10-11T22:23:55.225Z"}
{"level":"error","message":"✘ Completions for node failed: Error: [Send]{8a6e2a} at objetos.wlk:-- exhausted all cases without a match [Send]{8a6e2a} at objetos.wlk:-- exhausted all cases without a match","stack":"Error: [Send]{8a6e2a} at objetos.wlk:-- exhausted all cases without a match\n    at /home/felipe/.vscode/extensions/uqbar.wollok-lsp-ide-0.3.6/out/server/src/server.js:38:6067\n    at yh (/home/felipe/.vscode/extensions/uqbar.wollok-lsp-ide-0.3.6/out/server/src/server.js:2291:42)\n    at kh (/home/felipe/.vscode/extensions/uqbar.wollok-lsp-ide-0.3.6/out/server/src/server.js:2291:1004)\n    at Y5n (/home/felipe/.vscode/extensions/uqbar.wollok-lsp-ide-0.3.6/out/server/src/server.js:2291:1160)\n    at /home/felipe/.vscode/extensions/uqbar.wollok-lsp-ide-0.3.6/out/server/src/server.js:38:6056\n    at yh (/home/felipe/.vscode/extensions/uqbar.wollok-lsp-ide-0.3.6/out/server/src/server.js:2291:42)\n    at /home/felipe/.vscode/extensions/uqbar.wollok-lsp-ide-0.3.6/out/server/src/server.js:2291:2700\n    at /home/felipe/.vscode/extensions/uqbar.wollok-lsp-ide-0.3.6/out/server/src/server.js:2298:3774\n    at /home/felipe/.vscode/extensions/uqbar.wollok-lsp-ide-0.3.6/out/server/src/server.js:37:74872\n    at Fe (/home/felipe/.vscode/extensions/uqbar.wollok-lsp-ide-0.3.6/out/server/src/server.js:7:8527)","timestamp":"2024-10-11T22:23:55.262Z"}
{"level":"error","message":"✘ Completions for node failed: Error: [Assignment]{8a0b48} at objetos.wlk:52 exhausted all cases without a match [Assignment]{8a0b48} at objetos.wlk:52 exhausted all cases without a match","stack":"Error: [Assignment]{8a0b48} at objetos.wlk:52 exhausted all cases without a match\n    at /home/felipe/.vscode/extensions/uqbar.wollok-lsp-ide-0.3.6/out/server/src/server.js:38:6067\n    at yh (/home/felipe/.vscode/extensions/uqbar.wollok-lsp-ide-0.3.6/out/server/src/server.js:2291:42)\n    at kh (/home/felipe/.vscode/extensions/uqbar.wollok-lsp-ide-0.3.6/out/server/src/server.js:2291:1004)\n    at yh (/home/felipe/.vscode/extensions/uqbar.wollok-lsp-ide-0.3.6/out/server/src/server.js:2291:456)\n    at kh (/home/felipe/.vscode/extensions/uqbar.wollok-lsp-ide-0.3.6/out/server/src/server.js:2291:1004)\n    at Y5n (/home/felipe/.vscode/extensions/uqbar.wollok-lsp-ide-0.3.6/out/server/src/server.js:2291:1160)\n    at /home/felipe/.vscode/extensions/uqbar.wollok-lsp-ide-0.3.6/out/server/src/server.js:38:6056\n    at yh (/home/felipe/.vscode/extensions/uqbar.wollok-lsp-ide-0.3.6/out/server/src/server.js:2291:42)\n    at /home/felipe/.vscode/extensions/uqbar.wollok-lsp-ide-0.3.6/out/server/src/server.js:2291:2700\n    at /home/felipe/.vscode/extensions/uqbar.wollok-lsp-ide-0.3.6/out/server/src/server.js:2298:3774","timestamp":"2024-10-11T22:23:55.262Z"}
{"level":"info","message":"⌛ Validating objetos.wlk","timeElapsed":183,"timestamp":"2024-10-11T22:23:55.449Z"}
{"level":"info","message":"onRequest - completionItem/resolve","timestamp":"2024-10-11T22:23:55.449Z"}
{"level":"info","message":"⌛ Building environment","timeElapsed":163,"timestamp":"2024-10-11T22:23:56.236Z"}
{"level":"info","message":"⌛ Validating objetos.wlk","timeElapsed":200,"timestamp":"2024-10-11T22:23:56.437Z"}
{"level":"info","message":"⌛ Building environment","timeElapsed":185,"timestamp":"2024-10-11T22:24:02.683Z"}
{"level":"error","message":"✘ Completions for node failed: Error: [Parameter]{b9c901} at objetos.wlk:51 exhausted all cases without a match [Parameter]{b9c901} at objetos.wlk:51 exhausted all cases without a match","stack":"Error: [Parameter]{b9c901} at objetos.wlk:51 exhausted all cases without a match\n    at /home/felipe/.vscode/extensions/uqbar.wollok-lsp-ide-0.3.6/out/server/src/server.js:38:6067\n    at yh (/home/felipe/.vscode/extensions/uqbar.wollok-lsp-ide-0.3.6/out/server/src/server.js:2291:42)\n    at /home/felipe/.vscode/extensions/uqbar.wollok-lsp-ide-0.3.6/out/server/src/server.js:2291:2700\n    at /home/felipe/.vscode/extensions/uqbar.wollok-lsp-ide-0.3.6/out/server/src/server.js:2298:3774\n    at /home/felipe/.vscode/extensions/uqbar.wollok-lsp-ide-0.3.6/out/server/src/server.js:37:74872\n    at Fe (/home/felipe/.vscode/extensions/uqbar.wollok-lsp-ide-0.3.6/out/server/src/server.js:7:8527)\n    at Pt (/home/felipe/.vscode/extensions/uqbar.wollok-lsp-ide-0.3.6/out/server/src/server.js:7:6189)\n    at Gi (/home/felipe/.vscode/extensions/uqbar.wollok-lsp-ide-0.3.6/out/server/src/server.js:7:6378)\n    at Immediate._onImmediate (/home/felipe/.vscode/extensions/uqbar.wollok-lsp-ide-0.3.6/out/server/src/server.js:7:6142)\n    at process.processImmediate (node:internal/timers:483:21)","timestamp":"2024-10-11T22:24:02.718Z"}
{"level":"info","message":"⌛ Validating objetos.wlk","timeElapsed":212,"timestamp":"2024-10-11T22:24:02.934Z"}
{"level":"info","message":"onRequest - completionItem/resolve","timestamp":"2024-10-11T22:24:02.934Z"}
{"level":"info","message":"⌛ Building environment","timeElapsed":146,"timestamp":"2024-10-11T22:24:03.081Z"}
{"level":"info","message":"onRequest - completionItem/resolve","timestamp":"2024-10-11T22:24:03.083Z"}
{"level":"info","message":"⌛ Validating objetos.wlk","timeElapsed":204,"timestamp":"2024-10-11T22:24:03.335Z"}
{"level":"info","message":"⌛ Building environment","timeElapsed":180,"timestamp":"2024-10-11T22:24:03.634Z"}
{"level":"info","message":"onRequest - completionItem/resolve","timestamp":"2024-10-11T22:24:03.635Z"}
{"level":"info","message":"⌛ Validating objetos.wlk","timeElapsed":196,"timestamp":"2024-10-11T22:24:03.832Z"}
{"level":"info","message":"⌛ Building environment","timeElapsed":145,"timestamp":"2024-10-11T22:24:03.986Z"}
{"level":"info","message":"⌛ Validating objetos.wlk","timeElapsed":187,"timestamp":"2024-10-11T22:24:04.174Z"}
{"level":"info","message":"⌛ Building environment","timeElapsed":242,"timestamp":"2024-10-11T22:24:04.504Z"}
{"level":"info","message":"⌛ Validating objetos.wlk","timeElapsed":178,"timestamp":"2024-10-11T22:24:04.687Z"}
{"level":"info","message":"⌛ Building environment","timeElapsed":146,"timestamp":"2024-10-11T22:24:04.848Z"}
{"level":"error","message":"✘ Completions for node failed: Error: [Parameter]{da7a6e} at objetos.wlk:51 exhausted all cases without a match [Parameter]{da7a6e} at objetos.wlk:51 exhausted all cases without a match","stack":"Error: [Parameter]{da7a6e} at objetos.wlk:51 exhausted all cases without a match\n    at /home/felipe/.vscode/extensions/uqbar.wollok-lsp-ide-0.3.6/out/server/src/server.js:38:6067\n    at yh (/home/felipe/.vscode/extensions/uqbar.wollok-lsp-ide-0.3.6/out/server/src/server.js:2291:42)\n    at /home/felipe/.vscode/extensions/uqbar.wollok-lsp-ide-0.3.6/out/server/src/server.js:2291:2700\n    at /home/felipe/.vscode/extensions/uqbar.wollok-lsp-ide-0.3.6/out/server/src/server.js:2298:3774\n    at /home/felipe/.vscode/extensions/uqbar.wollok-lsp-ide-0.3.6/out/server/src/server.js:37:74872\n    at Fe (/home/felipe/.vscode/extensions/uqbar.wollok-lsp-ide-0.3.6/out/server/src/server.js:7:8527)\n    at Pt (/home/felipe/.vscode/extensions/uqbar.wollok-lsp-ide-0.3.6/out/server/src/server.js:7:6189)\n    at Gi (/home/felipe/.vscode/extensions/uqbar.wollok-lsp-ide-0.3.6/out/server/src/server.js:7:6378)\n    at Immediate._onImmediate (/home/felipe/.vscode/extensions/uqbar.wollok-lsp-ide-0.3.6/out/server/src/server.js:7:6142)\n    at process.processImmediate (node:internal/timers:483:21)","timestamp":"2024-10-11T22:24:04.882Z"}
{"level":"info","message":"⌛ Validating objetos.wlk","timeElapsed":218,"timestamp":"2024-10-11T22:24:05.106Z"}
{"level":"info","message":"onRequest - completionItem/resolve","timestamp":"2024-10-11T22:24:05.106Z"}
{"level":"info","message":"⌛ Building environment","timeElapsed":142,"timestamp":"2024-10-11T22:24:05.249Z"}
{"level":"error","message":"✘ Completions for node failed: Error: [Parameter]{28bb69} at objetos.wlk:51 exhausted all cases without a match [Parameter]{28bb69} at objetos.wlk:51 exhausted all cases without a match","stack":"Error: [Parameter]{28bb69} at objetos.wlk:51 exhausted all cases without a match\n    at /home/felipe/.vscode/extensions/uqbar.wollok-lsp-ide-0.3.6/out/server/src/server.js:38:6067\n    at yh (/home/felipe/.vscode/extensions/uqbar.wollok-lsp-ide-0.3.6/out/server/src/server.js:2291:42)\n    at /home/felipe/.vscode/extensions/uqbar.wollok-lsp-ide-0.3.6/out/server/src/server.js:2291:2700\n    at /home/felipe/.vscode/extensions/uqbar.wollok-lsp-ide-0.3.6/out/server/src/server.js:2298:3774\n    at /home/felipe/.vscode/extensions/uqbar.wollok-lsp-ide-0.3.6/out/server/src/server.js:37:74872\n    at Fe (/home/felipe/.vscode/extensions/uqbar.wollok-lsp-ide-0.3.6/out/server/src/server.js:7:8527)\n    at Pt (/home/felipe/.vscode/extensions/uqbar.wollok-lsp-ide-0.3.6/out/server/src/server.js:7:6189)\n    at Gi (/home/felipe/.vscode/extensions/uqbar.wollok-lsp-ide-0.3.6/out/server/src/server.js:7:6378)\n    at Immediate._onImmediate (/home/felipe/.vscode/extensions/uqbar.wollok-lsp-ide-0.3.6/out/server/src/server.js:7:6142)\n    at process.processImmediate (node:internal/timers:483:21)","timestamp":"2024-10-11T22:24:05.284Z"}
{"level":"info","message":"⌛ Validating objetos.wlk","timeElapsed":178,"timestamp":"2024-10-11T22:24:05.466Z"}
{"level":"info","message":"onRequest - completionItem/resolve","timestamp":"2024-10-11T22:24:05.467Z"}
{"level":"info","message":"⌛ Building environment","timeElapsed":191,"timestamp":"2024-10-11T22:24:09.462Z"}
{"level":"error","message":"✘ Completions for node failed: Error: [Send]{e4ae61} at objetos.wlk:-- exhausted all cases without a match [Send]{e4ae61} at objetos.wlk:-- exhausted all cases without a match","stack":"Error: [Send]{e4ae61} at objetos.wlk:-- exhausted all cases without a match\n    at /home/felipe/.vscode/extensions/uqbar.wollok-lsp-ide-0.3.6/out/server/src/server.js:38:6067\n    at yh (/home/felipe/.vscode/extensions/uqbar.wollok-lsp-ide-0.3.6/out/server/src/server.js:2291:42)\n    at kh (/home/felipe/.vscode/extensions/uqbar.wollok-lsp-ide-0.3.6/out/server/src/server.js:2291:1004)\n    at Y5n (/home/felipe/.vscode/extensions/uqbar.wollok-lsp-ide-0.3.6/out/server/src/server.js:2291:1160)\n    at /home/felipe/.vscode/extensions/uqbar.wollok-lsp-ide-0.3.6/out/server/src/server.js:38:6056\n    at yh (/home/felipe/.vscode/extensions/uqbar.wollok-lsp-ide-0.3.6/out/server/src/server.js:2291:42)\n    at /home/felipe/.vscode/extensions/uqbar.wollok-lsp-ide-0.3.6/out/server/src/server.js:2291:2700\n    at /home/felipe/.vscode/extensions/uqbar.wollok-lsp-ide-0.3.6/out/server/src/server.js:2298:3774\n    at /home/felipe/.vscode/extensions/uqbar.wollok-lsp-ide-0.3.6/out/server/src/server.js:37:74872\n    at Fe (/home/felipe/.vscode/extensions/uqbar.wollok-lsp-ide-0.3.6/out/server/src/server.js:7:8527)","timestamp":"2024-10-11T22:24:09.499Z"}
{"level":"error","message":"✘ Completions for node failed: Error: [Assignment]{b626b6} at objetos.wlk:52 exhausted all cases without a match [Assignment]{b626b6} at objetos.wlk:52 exhausted all cases without a match","stack":"Error: [Assignment]{b626b6} at objetos.wlk:52 exhausted all cases without a match\n    at /home/felipe/.vscode/extensions/uqbar.wollok-lsp-ide-0.3.6/out/server/src/server.js:38:6067\n    at yh (/home/felipe/.vscode/extensions/uqbar.wollok-lsp-ide-0.3.6/out/server/src/server.js:2291:42)\n    at kh (/home/felipe/.vscode/extensions/uqbar.wollok-lsp-ide-0.3.6/out/server/src/server.js:2291:1004)\n    at yh (/home/felipe/.vscode/extensions/uqbar.wollok-lsp-ide-0.3.6/out/server/src/server.js:2291:456)\n    at kh (/home/felipe/.vscode/extensions/uqbar.wollok-lsp-ide-0.3.6/out/server/src/server.js:2291:1004)\n    at Y5n (/home/felipe/.vscode/extensions/uqbar.wollok-lsp-ide-0.3.6/out/server/src/server.js:2291:1160)\n    at /home/felipe/.vscode/extensions/uqbar.wollok-lsp-ide-0.3.6/out/server/src/server.js:38:6056\n    at yh (/home/felipe/.vscode/extensions/uqbar.wollok-lsp-ide-0.3.6/out/server/src/server.js:2291:42)\n    at /home/felipe/.vscode/extensions/uqbar.wollok-lsp-ide-0.3.6/out/server/src/server.js:2291:2700\n    at /home/felipe/.vscode/extensions/uqbar.wollok-lsp-ide-0.3.6/out/server/src/server.js:2298:3774","timestamp":"2024-10-11T22:24:09.499Z"}
{"level":"info","message":"⌛ Validating objetos.wlk","timeElapsed":207,"timestamp":"2024-10-11T22:24:09.710Z"}
{"level":"info","message":"onRequest - completionItem/resolve","timestamp":"2024-10-11T22:24:09.710Z"}
{"level":"info","message":"⌛ Building environment","timeElapsed":153,"timestamp":"2024-10-11T22:24:09.864Z"}
{"level":"info","message":"onRequest - completionItem/resolve","timestamp":"2024-10-11T22:24:09.865Z"}
{"level":"info","message":"⌛ Validating objetos.wlk","timeElapsed":179,"timestamp":"2024-10-11T22:24:10.045Z"}
{"level":"info","message":"⌛ Building environment","timeElapsed":152,"timestamp":"2024-10-11T22:24:10.210Z"}
{"level":"info","message":"onRequest - completionItem/resolve","timestamp":"2024-10-11T22:24:10.210Z"}
{"level":"info","message":"⌛ Validating objetos.wlk","timeElapsed":201,"timestamp":"2024-10-11T22:24:10.412Z"}
{"level":"info","message":"⌛ Building environment","timeElapsed":140,"timestamp":"2024-10-11T22:24:10.559Z"}
{"level":"info","message":"⌛ Validating objetos.wlk","timeElapsed":176,"timestamp":"2024-10-11T22:24:10.742Z"}
{"level":"info","message":"⌛ Building environment","timeElapsed":151,"timestamp":"2024-10-11T22:24:11.566Z"}
{"level":"info","message":"⌛ Validating objetos.wlk","timeElapsed":180,"timestamp":"2024-10-11T22:24:11.747Z"}
{"level":"info","message":"⌛ Building environment","timeElapsed":141,"timestamp":"2024-10-11T22:24:12.089Z"}
{"level":"info","message":"⌛ Validating objetos.wlk","timeElapsed":194,"timestamp":"2024-10-11T22:24:12.322Z"}
{"level":"info","message":"onRequest - completionItem/resolve","timestamp":"2024-10-11T22:24:12.323Z"}
{"level":"info","message":"⌛ Building environment","timeElapsed":155,"timestamp":"2024-10-11T22:24:13.938Z"}
{"level":"info","message":"onRequest - completionItem/resolve","timestamp":"2024-10-11T22:24:13.943Z"}
{"level":"info","message":"⌛ Validating objetos.wlk","timeElapsed":184,"timestamp":"2024-10-11T22:24:14.128Z"}
{"level":"info","message":"onRequest - completionItem/resolve","timestamp":"2024-10-11T22:24:16.730Z"}
{"level":"info","message":"onRequest - completionItem/resolve","timestamp":"2024-10-11T22:24:16.796Z"}
{"level":"info","message":"onRequest - completionItem/resolve","timestamp":"2024-10-11T22:24:16.944Z"}
{"level":"info","message":"onRequest - completionItem/resolve","timestamp":"2024-10-11T22:24:17.096Z"}
{"level":"info","message":"onRequest - completionItem/resolve","timestamp":"2024-10-11T22:24:17.252Z"}
{"level":"info","message":"onRequest - completionItem/resolve","timestamp":"2024-10-11T22:24:17.393Z"}
{"level":"info","message":"onRequest - completionItem/resolve","timestamp":"2024-10-11T22:24:17.537Z"}
{"level":"info","message":"onRequest - completionItem/resolve","timestamp":"2024-10-11T22:24:17.728Z"}
{"level":"info","message":"⌛ Building environment","timeElapsed":215,"timestamp":"2024-10-11T22:24:18.449Z"}
{"level":"info","message":"⌛ Validating objetos.wlk","timeElapsed":175,"timestamp":"2024-10-11T22:24:18.625Z"}
{"level":"info","message":"⌛ Building environment","timeElapsed":241,"timestamp":"2024-10-11T22:24:41.806Z"}
{"level":"error","message":"✘ Completions for node failed: Error: [Send]{57e1b2} at objetos.wlk:-- exhausted all cases without a match [Send]{57e1b2} at objetos.wlk:-- exhausted all cases without a match","stack":"Error: [Send]{57e1b2} at objetos.wlk:-- exhausted all cases without a match\n    at /home/felipe/.vscode/extensions/uqbar.wollok-lsp-ide-0.3.6/out/server/src/server.js:38:6067\n    at yh (/home/felipe/.vscode/extensions/uqbar.wollok-lsp-ide-0.3.6/out/server/src/server.js:2291:42)\n    at kh (/home/felipe/.vscode/extensions/uqbar.wollok-lsp-ide-0.3.6/out/server/src/server.js:2291:1004)\n    at Y5n (/home/felipe/.vscode/extensions/uqbar.wollok-lsp-ide-0.3.6/out/server/src/server.js:2291:1160)\n    at /home/felipe/.vscode/extensions/uqbar.wollok-lsp-ide-0.3.6/out/server/src/server.js:38:6056\n    at yh (/home/felipe/.vscode/extensions/uqbar.wollok-lsp-ide-0.3.6/out/server/src/server.js:2291:42)\n    at /home/felipe/.vscode/extensions/uqbar.wollok-lsp-ide-0.3.6/out/server/src/server.js:2291:2700\n    at /home/felipe/.vscode/extensions/uqbar.wollok-lsp-ide-0.3.6/out/server/src/server.js:2298:3774\n    at /home/felipe/.vscode/extensions/uqbar.wollok-lsp-ide-0.3.6/out/server/src/server.js:37:74872\n    at Fe (/home/felipe/.vscode/extensions/uqbar.wollok-lsp-ide-0.3.6/out/server/src/server.js:7:8527)","timestamp":"2024-10-11T22:24:41.898Z"}
{"level":"error","message":"✘ Completions for node failed: Error: [Assignment]{1d1415} at objetos.wlk:56 exhausted all cases without a match [Assignment]{1d1415} at objetos.wlk:56 exhausted all cases without a match","stack":"Error: [Assignment]{1d1415} at objetos.wlk:56 exhausted all cases without a match\n    at /home/felipe/.vscode/extensions/uqbar.wollok-lsp-ide-0.3.6/out/server/src/server.js:38:6067\n    at yh (/home/felipe/.vscode/extensions/uqbar.wollok-lsp-ide-0.3.6/out/server/src/server.js:2291:42)\n    at kh (/home/felipe/.vscode/extensions/uqbar.wollok-lsp-ide-0.3.6/out/server/src/server.js:2291:1004)\n    at yh (/home/felipe/.vscode/extensions/uqbar.wollok-lsp-ide-0.3.6/out/server/src/server.js:2291:456)\n    at kh (/home/felipe/.vscode/extensions/uqbar.wollok-lsp-ide-0.3.6/out/server/src/server.js:2291:1004)\n    at Y5n (/home/felipe/.vscode/extensions/uqbar.wollok-lsp-ide-0.3.6/out/server/src/server.js:2291:1160)\n    at /home/felipe/.vscode/extensions/uqbar.wollok-lsp-ide-0.3.6/out/server/src/server.js:38:6056\n    at yh (/home/felipe/.vscode/extensions/uqbar.wollok-lsp-ide-0.3.6/out/server/src/server.js:2291:42)\n    at /home/felipe/.vscode/extensions/uqbar.wollok-lsp-ide-0.3.6/out/server/src/server.js:2291:2700\n    at /home/felipe/.vscode/extensions/uqbar.wollok-lsp-ide-0.3.6/out/server/src/server.js:2298:3774","timestamp":"2024-10-11T22:24:41.898Z"}
{"level":"info","message":"⌛ Validating objetos.wlk","timeElapsed":229,"timestamp":"2024-10-11T22:24:42.132Z"}
{"level":"info","message":"onRequest - completionItem/resolve","timestamp":"2024-10-11T22:24:42.134Z"}
{"level":"info","message":"⌛ Building environment","timeElapsed":179,"timestamp":"2024-10-11T22:24:42.314Z"}
{"level":"info","message":"⌛ Validating objetos.wlk","timeElapsed":205,"timestamp":"2024-10-11T22:24:42.532Z"}
{"level":"info","message":"⌛ Building environment","timeElapsed":235,"timestamp":"2024-10-11T22:24:42.793Z"}
{"level":"error","message":"✘ Completions for node failed: Error: [Send]{789f47} at objetos.wlk:-- exhausted all cases without a match [Send]{789f47} at objetos.wlk:-- exhausted all cases without a match","stack":"Error: [Send]{789f47} at objetos.wlk:-- exhausted all cases without a match\n    at /home/felipe/.vscode/extensions/uqbar.wollok-lsp-ide-0.3.6/out/server/src/server.js:38:6067\n    at yh (/home/felipe/.vscode/extensions/uqbar.wollok-lsp-ide-0.3.6/out/server/src/server.js:2291:42)\n    at kh (/home/felipe/.vscode/extensions/uqbar.wollok-lsp-ide-0.3.6/out/server/src/server.js:2291:1004)\n    at Y5n (/home/felipe/.vscode/extensions/uqbar.wollok-lsp-ide-0.3.6/out/server/src/server.js:2291:1160)\n    at /home/felipe/.vscode/extensions/uqbar.wollok-lsp-ide-0.3.6/out/server/src/server.js:38:6056\n    at yh (/home/felipe/.vscode/extensions/uqbar.wollok-lsp-ide-0.3.6/out/server/src/server.js:2291:42)\n    at /home/felipe/.vscode/extensions/uqbar.wollok-lsp-ide-0.3.6/out/server/src/server.js:2291:2700\n    at /home/felipe/.vscode/extensions/uqbar.wollok-lsp-ide-0.3.6/out/server/src/server.js:2298:3774\n    at /home/felipe/.vscode/extensions/uqbar.wollok-lsp-ide-0.3.6/out/server/src/server.js:37:74872\n    at Fe (/home/felipe/.vscode/extensions/uqbar.wollok-lsp-ide-0.3.6/out/server/src/server.js:7:8527)","timestamp":"2024-10-11T22:24:42.836Z"}
{"level":"error","message":"✘ Completions for node failed: Error: [Assignment]{05b1b1} at objetos.wlk:56 exhausted all cases without a match [Assignment]{05b1b1} at objetos.wlk:56 exhausted all cases without a match","stack":"Error: [Assignment]{05b1b1} at objetos.wlk:56 exhausted all cases without a match\n    at /home/felipe/.vscode/extensions/uqbar.wollok-lsp-ide-0.3.6/out/server/src/server.js:38:6067\n    at yh (/home/felipe/.vscode/extensions/uqbar.wollok-lsp-ide-0.3.6/out/server/src/server.js:2291:42)\n    at kh (/home/felipe/.vscode/extensions/uqbar.wollok-lsp-ide-0.3.6/out/server/src/server.js:2291:1004)\n    at yh (/home/felipe/.vscode/extensions/uqbar.wollok-lsp-ide-0.3.6/out/server/src/server.js:2291:456)\n    at kh (/home/felipe/.vscode/extensions/uqbar.wollok-lsp-ide-0.3.6/out/server/src/server.js:2291:1004)\n    at Y5n (/home/felipe/.vscode/extensions/uqbar.wollok-lsp-ide-0.3.6/out/server/src/server.js:2291:1160)\n    at /home/felipe/.vscode/extensions/uqbar.wollok-lsp-ide-0.3.6/out/server/src/server.js:38:6056\n    at yh (/home/felipe/.vscode/extensions/uqbar.wollok-lsp-ide-0.3.6/out/server/src/server.js:2291:42)\n    at /home/felipe/.vscode/extensions/uqbar.wollok-lsp-ide-0.3.6/out/server/src/server.js:2291:2700\n    at /home/felipe/.vscode/extensions/uqbar.wollok-lsp-ide-0.3.6/out/server/src/server.js:2298:3774","timestamp":"2024-10-11T22:24:42.836Z"}
{"level":"info","message":"⌛ Building environment","timeElapsed":180,"timestamp":"2024-10-11T22:24:43.020Z"}
{"level":"info","message":"⌛ Validating objetos.wlk","timeElapsed":339,"timestamp":"2024-10-11T22:24:43.365Z"}
{"level":"info","message":"onRequest - completionItem/resolve","timestamp":"2024-10-11T22:24:43.366Z"}
{"level":"info","message":"⌛ Building environment","timeElapsed":255,"timestamp":"2024-10-11T22:24:43.621Z"}
{"level":"info","message":"onRequest - completionItem/resolve","timestamp":"2024-10-11T22:24:43.624Z"}
{"level":"info","message":"⌛ Validating objetos.wlk","timeElapsed":237,"timestamp":"2024-10-11T22:24:43.861Z"}
{"level":"info","message":"⌛ Building environment","timeElapsed":154,"timestamp":"2024-10-11T22:24:44.016Z"}
{"level":"info","message":"onRequest - completionItem/resolve","timestamp":"2024-10-11T22:24:44.023Z"}
{"level":"info","message":"⌛ Building environment","timeElapsed":229,"timestamp":"2024-10-11T22:24:44.252Z"}
{"level":"info","message":"onRequest - completionItem/resolve","timestamp":"2024-10-11T22:24:44.254Z"}
{"level":"info","message":"⌛ Validating objetos.wlk","timeElapsed":226,"timestamp":"2024-10-11T22:24:44.497Z"}
{"level":"info","message":"onRequest - completionItem/resolve","timestamp":"2024-10-11T22:24:44.497Z"}
{"level":"info","message":"⌛ Building environment","timeElapsed":146,"timestamp":"2024-10-11T22:24:44.644Z"}
{"level":"info","message":"⌛ Validating objetos.wlk","timeElapsed":189,"timestamp":"2024-10-11T22:24:44.839Z"}
{"level":"info","message":"⌛ Validating objetos.wlk","timeElapsed":217,"timestamp":"2024-10-11T22:24:45.104Z"}
{"level":"info","message":"⌛ Building environment","timeElapsed":164,"timestamp":"2024-10-11T22:24:45.268Z"}
{"level":"info","message":"⌛ Validating objetos.wlk","timeElapsed":191,"timestamp":"2024-10-11T22:24:45.506Z"}
{"level":"info","message":"⌛ Validating objetos.wlk","timeElapsed":200,"timestamp":"2024-10-11T22:24:45.708Z"}
{"level":"info","message":"onRequest - completionItem/resolve","timestamp":"2024-10-11T22:24:45.710Z"}
{"level":"info","message":"⌛ Building environment","timeElapsed":232,"timestamp":"2024-10-11T22:24:46.743Z"}
{"level":"info","message":"onRequest - completionItem/resolve","timestamp":"2024-10-11T22:24:46.744Z"}
{"level":"info","message":"⌛ Building environment","timeElapsed":201,"timestamp":"2024-10-11T22:24:46.945Z"}
{"level":"info","message":"onRequest - completionItem/resolve","timestamp":"2024-10-11T22:24:46.946Z"}
{"level":"info","message":"⌛ Validating objetos.wlk","timeElapsed":278,"timestamp":"2024-10-11T22:24:47.224Z"}
{"level":"info","message":"⌛ Building environment","timeElapsed":145,"timestamp":"2024-10-11T22:24:47.371Z"}
{"level":"info","message":"onRequest - completionItem/resolve","timestamp":"2024-10-11T22:24:47.371Z"}
{"level":"info","message":"⌛ Validating objetos.wlk","timeElapsed":201,"timestamp":"2024-10-11T22:24:47.573Z"}
{"level":"info","message":"⌛ Validating objetos.wlk","timeElapsed":202,"timestamp":"2024-10-11T22:24:47.782Z"}
{"level":"info","message":"⌛ Building environment","timeElapsed":149,"timestamp":"2024-10-11T22:24:47.931Z"}
{"level":"info","message":"⌛ Validating objetos.wlk","timeElapsed":185,"timestamp":"2024-10-11T22:24:48.118Z"}
{"level":"info","message":"⌛ Building environment","timeElapsed":178,"timestamp":"2024-10-11T22:24:48.341Z"}
{"level":"info","message":"⌛ Validating objetos.wlk","timeElapsed":195,"timestamp":"2024-10-11T22:24:48.537Z"}
{"level":"info","message":"⌛ Building environment","timeElapsed":257,"timestamp":"2024-10-11T22:24:50.192Z"}
{"level":"error","message":"✘ Completions for node failed: Error: [Return]{33f03c} at objetos.wlk:-- exhausted all cases without a match [Return]{33f03c} at objetos.wlk:-- exhausted all cases without a match","stack":"Error: [Return]{33f03c} at objetos.wlk:-- exhausted all cases without a match\n    at /home/felipe/.vscode/extensions/uqbar.wollok-lsp-ide-0.3.6/out/server/src/server.js:38:6067\n    at yh (/home/felipe/.vscode/extensions/uqbar.wollok-lsp-ide-0.3.6/out/server/src/server.js:2291:42)\n    at kh (/home/felipe/.vscode/extensions/uqbar.wollok-lsp-ide-0.3.6/out/server/src/server.js:2291:1004)\n    at Y5n (/home/felipe/.vscode/extensions/uqbar.wollok-lsp-ide-0.3.6/out/server/src/server.js:2291:1160)\n    at /home/felipe/.vscode/extensions/uqbar.wollok-lsp-ide-0.3.6/out/server/src/server.js:38:6056\n    at yh (/home/felipe/.vscode/extensions/uqbar.wollok-lsp-ide-0.3.6/out/server/src/server.js:2291:42)\n    at /home/felipe/.vscode/extensions/uqbar.wollok-lsp-ide-0.3.6/out/server/src/server.js:2291:2700\n    at /home/felipe/.vscode/extensions/uqbar.wollok-lsp-ide-0.3.6/out/server/src/server.js:2298:3774\n    at /home/felipe/.vscode/extensions/uqbar.wollok-lsp-ide-0.3.6/out/server/src/server.js:37:74872\n    at Fe (/home/felipe/.vscode/extensions/uqbar.wollok-lsp-ide-0.3.6/out/server/src/server.js:7:8527)","timestamp":"2024-10-11T22:24:50.235Z"}
{"level":"info","message":"⌛ Building environment","timeElapsed":157,"timestamp":"2024-10-11T22:24:50.397Z"}
{"level":"info","message":"⌛ Building environment","timeElapsed":144,"timestamp":"2024-10-11T22:24:50.547Z"}
{"level":"info","message":"⌛ Validating objetos.wlk","timeElapsed":192,"timestamp":"2024-10-11T22:24:50.739Z"}
{"level":"info","message":"onRequest - completionItem/resolve","timestamp":"2024-10-11T22:24:50.740Z"}
{"level":"info","message":"⌛ Building environment","timeElapsed":168,"timestamp":"2024-10-11T22:24:50.908Z"}
{"level":"error","message":"✘ Completions for node failed: Error: [Return]{9706de} at objetos.wlk:-- exhausted all cases without a match [Return]{9706de} at objetos.wlk:-- exhausted all cases without a match","stack":"Error: [Return]{9706de} at objetos.wlk:-- exhausted all cases without a match\n    at /home/felipe/.vscode/extensions/uqbar.wollok-lsp-ide-0.3.6/out/server/src/server.js:38:6067\n    at yh (/home/felipe/.vscode/extensions/uqbar.wollok-lsp-ide-0.3.6/out/server/src/server.js:2291:42)\n    at kh (/home/felipe/.vscode/extensions/uqbar.wollok-lsp-ide-0.3.6/out/server/src/server.js:2291:1004)\n    at Y5n (/home/felipe/.vscode/extensions/uqbar.wollok-lsp-ide-0.3.6/out/server/src/server.js:2291:1160)\n    at /home/felipe/.vscode/extensions/uqbar.wollok-lsp-ide-0.3.6/out/server/src/server.js:38:6056\n    at yh (/home/felipe/.vscode/extensions/uqbar.wollok-lsp-ide-0.3.6/out/server/src/server.js:2291:42)\n    at /home/felipe/.vscode/extensions/uqbar.wollok-lsp-ide-0.3.6/out/server/src/server.js:2291:2700\n    at /home/felipe/.vscode/extensions/uqbar.wollok-lsp-ide-0.3.6/out/server/src/server.js:2298:3774\n    at /home/felipe/.vscode/extensions/uqbar.wollok-lsp-ide-0.3.6/out/server/src/server.js:37:74872\n    at Fe (/home/felipe/.vscode/extensions/uqbar.wollok-lsp-ide-0.3.6/out/server/src/server.js:7:8527)","timestamp":"2024-10-11T22:24:50.956Z"}
{"level":"info","message":"⌛ Validating objetos.wlk","timeElapsed":183,"timestamp":"2024-10-11T22:24:51.145Z"}
{"level":"info","message":"⌛ Validating objetos.wlk","timeElapsed":193,"timestamp":"2024-10-11T22:24:51.338Z"}
{"level":"info","message":"⌛ Building environment","timeElapsed":154,"timestamp":"2024-10-11T22:24:51.493Z"}
{"level":"error","message":"✘ Completions for node failed: Error: [Return]{04697b} at objetos.wlk:-- exhausted all cases without a match [Return]{04697b} at objetos.wlk:-- exhausted all cases without a match","stack":"Error: [Return]{04697b} at objetos.wlk:-- exhausted all cases without a match\n    at /home/felipe/.vscode/extensions/uqbar.wollok-lsp-ide-0.3.6/out/server/src/server.js:38:6067\n    at yh (/home/felipe/.vscode/extensions/uqbar.wollok-lsp-ide-0.3.6/out/server/src/server.js:2291:42)\n    at kh (/home/felipe/.vscode/extensions/uqbar.wollok-lsp-ide-0.3.6/out/server/src/server.js:2291:1004)\n    at Y5n (/home/felipe/.vscode/extensions/uqbar.wollok-lsp-ide-0.3.6/out/server/src/server.js:2291:1160)\n    at /home/felipe/.vscode/extensions/uqbar.wollok-lsp-ide-0.3.6/out/server/src/server.js:38:6056\n    at yh (/home/felipe/.vscode/extensions/uqbar.wollok-lsp-ide-0.3.6/out/server/src/server.js:2291:42)\n    at /home/felipe/.vscode/extensions/uqbar.wollok-lsp-ide-0.3.6/out/server/src/server.js:2291:2700\n    at /home/felipe/.vscode/extensions/uqbar.wollok-lsp-ide-0.3.6/out/server/src/server.js:2298:3774\n    at /home/felipe/.vscode/extensions/uqbar.wollok-lsp-ide-0.3.6/out/server/src/server.js:37:74872\n    at Fe (/home/felipe/.vscode/extensions/uqbar.wollok-lsp-ide-0.3.6/out/server/src/server.js:7:8527)","timestamp":"2024-10-11T22:24:51.534Z"}
{"level":"info","message":"⌛ Validating objetos.wlk","timeElapsed":195,"timestamp":"2024-10-11T22:24:51.734Z"}
{"level":"info","message":"⌛ Building environment","timeElapsed":209,"timestamp":"2024-10-11T22:24:51.943Z"}
{"level":"info","message":"⌛ Building environment","timeElapsed":150,"timestamp":"2024-10-11T22:24:52.101Z"}
{"level":"info","message":"⌛ Validating objetos.wlk","timeElapsed":221,"timestamp":"2024-10-11T22:24:52.329Z"}
{"level":"info","message":"⌛ Validating objetos.wlk","timeElapsed":217,"timestamp":"2024-10-11T22:24:52.547Z"}
{"level":"info","message":"⌛ Validating objetos.wlk","timeElapsed":193,"timestamp":"2024-10-11T22:24:52.740Z"}
{"level":"info","message":"⌛ Building environment","timeElapsed":242,"timestamp":"2024-10-11T22:24:53.179Z"}
{"level":"info","message":"⌛ Building environment","timeElapsed":177,"timestamp":"2024-10-11T22:24:53.356Z"}
{"level":"info","message":"⌛ Validating objetos.wlk","timeElapsed":187,"timestamp":"2024-10-11T22:24:53.544Z"}
{"level":"info","message":"⌛ Validating objetos.wlk","timeElapsed":189,"timestamp":"2024-10-11T22:24:53.734Z"}
{"level":"info","message":"⌛ Building environment","timeElapsed":150,"timestamp":"2024-10-11T22:24:53.894Z"}
{"level":"info","message":"⌛ Validating objetos.wlk","timeElapsed":202,"timestamp":"2024-10-11T22:24:54.097Z"}
{"level":"info","message":"⌛ Building environment","timeElapsed":234,"timestamp":"2024-10-11T22:24:54.380Z"}
{"level":"info","message":"⌛ Validating objetos.wlk","timeElapsed":223,"timestamp":"2024-10-11T22:24:54.604Z"}
{"level":"info","message":"⌛ Building environment","timeElapsed":161,"timestamp":"2024-10-11T22:24:54.773Z"}
{"level":"info","message":"⌛ Validating objetos.wlk","timeElapsed":196,"timestamp":"2024-10-11T22:24:54.983Z"}
{"level":"info","message":"⌛ Building environment","timeElapsed":153,"timestamp":"2024-10-11T22:24:55.145Z"}
{"level":"error","message":"✘ Completions for node failed: Error: [Return]{dd769e} at objetos.wlk:-- exhausted all cases without a match [Return]{dd769e} at objetos.wlk:-- exhausted all cases without a match","stack":"Error: [Return]{dd769e} at objetos.wlk:-- exhausted all cases without a match\n    at /home/felipe/.vscode/extensions/uqbar.wollok-lsp-ide-0.3.6/out/server/src/server.js:38:6067\n    at yh (/home/felipe/.vscode/extensions/uqbar.wollok-lsp-ide-0.3.6/out/server/src/server.js:2291:42)\n    at kh (/home/felipe/.vscode/extensions/uqbar.wollok-lsp-ide-0.3.6/out/server/src/server.js:2291:1004)\n    at Y5n (/home/felipe/.vscode/extensions/uqbar.wollok-lsp-ide-0.3.6/out/server/src/server.js:2291:1160)\n    at /home/felipe/.vscode/extensions/uqbar.wollok-lsp-ide-0.3.6/out/server/src/server.js:38:6056\n    at yh (/home/felipe/.vscode/extensions/uqbar.wollok-lsp-ide-0.3.6/out/server/src/server.js:2291:42)\n    at /home/felipe/.vscode/extensions/uqbar.wollok-lsp-ide-0.3.6/out/server/src/server.js:2291:2700\n    at /home/felipe/.vscode/extensions/uqbar.wollok-lsp-ide-0.3.6/out/server/src/server.js:2298:3774\n    at /home/felipe/.vscode/extensions/uqbar.wollok-lsp-ide-0.3.6/out/server/src/server.js:37:74872\n    at Fe (/home/felipe/.vscode/extensions/uqbar.wollok-lsp-ide-0.3.6/out/server/src/server.js:7:8527)","timestamp":"2024-10-11T22:24:55.180Z"}
{"level":"info","message":"⌛ Building environment","timeElapsed":160,"timestamp":"2024-10-11T22:24:55.345Z"}
{"level":"info","message":"⌛ Validating objetos.wlk","timeElapsed":204,"timestamp":"2024-10-11T22:24:55.549Z"}
{"level":"info","message":"onRequest - completionItem/resolve","timestamp":"2024-10-11T22:24:55.551Z"}
{"level":"info","message":"⌛ Building environment","timeElapsed":170,"timestamp":"2024-10-11T22:24:55.721Z"}
{"level":"info","message":"onRequest - completionItem/resolve","timestamp":"2024-10-11T22:24:55.721Z"}
{"level":"info","message":"⌛ Validating objetos.wlk","timeElapsed":188,"timestamp":"2024-10-11T22:24:55.910Z"}
{"level":"info","message":"⌛ Building environment","timeElapsed":167,"timestamp":"2024-10-11T22:24:56.077Z"}
{"level":"info","message":"onRequest - completionItem/resolve","timestamp":"2024-10-11T22:24:56.078Z"}
{"level":"info","message":"⌛ Building environment","timeElapsed":150,"timestamp":"2024-10-11T22:24:56.228Z"}
{"level":"info","message":"⌛ Validating objetos.wlk","timeElapsed":213,"timestamp":"2024-10-11T22:24:56.487Z"}
{"level":"info","message":"⌛ Validating objetos.wlk","timeElapsed":217,"timestamp":"2024-10-11T22:24:56.706Z"}
{"level":"info","message":"⌛ Validating objetos.wlk","timeElapsed":323,"timestamp":"2024-10-11T22:24:57.030Z"}
{"level":"info","message":"onRequest - completionItem/resolve","timestamp":"2024-10-11T22:24:57.031Z"}
{"level":"info","message":"⌛ Building environment","timeElapsed":150,"timestamp":"2024-10-11T22:24:57.181Z"}
{"level":"info","message":"onRequest - completionItem/resolve","timestamp":"2024-10-11T22:24:57.188Z"}
{"level":"info","message":"⌛ Building environment","timeElapsed":137,"timestamp":"2024-10-11T22:24:57.326Z"}
{"level":"info","message":"onRequest - completionItem/resolve","timestamp":"2024-10-11T22:24:57.326Z"}
{"level":"info","message":"⌛ Building environment","timeElapsed":144,"timestamp":"2024-10-11T22:24:57.470Z"}
{"level":"info","message":"onRequest - completionItem/resolve","timestamp":"2024-10-11T22:24:57.471Z"}
{"level":"info","message":"⌛ Building environment","timeElapsed":138,"timestamp":"2024-10-11T22:24:57.610Z"}
{"level":"info","message":"onRequest - completionItem/resolve","timestamp":"2024-10-11T22:24:57.610Z"}
{"level":"info","message":"⌛ Building environment","timeElapsed":155,"timestamp":"2024-10-11T22:24:57.766Z"}
{"level":"info","message":"onRequest - completionItem/resolve","timestamp":"2024-10-11T22:24:57.767Z"}
{"level":"info","message":"⌛ Validating objetos.wlk","timeElapsed":214,"timestamp":"2024-10-11T22:24:57.981Z"}
{"level":"info","message":"⌛ Validating objetos.wlk","timeElapsed":192,"timestamp":"2024-10-11T22:24:58.180Z"}
{"level":"info","message":"⌛ Validating objetos.wlk","timeElapsed":208,"timestamp":"2024-10-11T22:24:58.389Z"}
{"level":"info","message":"⌛ Validating objetos.wlk","timeElapsed":184,"timestamp":"2024-10-11T22:24:58.573Z"}
{"level":"info","message":"⌛ Building environment","timeElapsed":215,"timestamp":"2024-10-11T22:24:58.789Z"}
{"level":"info","message":"⌛ Validating objetos.wlk","timeElapsed":179,"timestamp":"2024-10-11T22:24:58.968Z"}
{"level":"info","message":"⌛ Validating objetos.wlk","timeElapsed":186,"timestamp":"2024-10-11T22:24:59.161Z"}
{"level":"info","message":"⌛ Building environment","timeElapsed":252,"timestamp":"2024-10-11T22:25:18.888Z"}
{"level":"info","message":"⌛ Validating objetos.wlk","timeElapsed":243,"timestamp":"2024-10-11T22:25:19.135Z"}
{"level":"info","message":"⌛ Building environment","timeElapsed":229,"timestamp":"2024-10-11T22:26:44.166Z"}
{"level":"info","message":"⌛ Validating objetos.wlk","timeElapsed":223,"timestamp":"2024-10-11T22:26:44.395Z"}
{"level":"info","message":"⌛ Building environment","timeElapsed":194,"timestamp":"2024-10-11T22:27:04.608Z"}
{"level":"info","message":"⌛ Validating hector.wlk","timeElapsed":186,"timestamp":"2024-10-11T22:27:04.797Z"}
{"level":"info","message":"⌛ Building environment","timeElapsed":186,"timestamp":"2024-10-11T22:27:07.348Z"}
{"level":"info","message":"⌛ Validating hector.wlk","timeElapsed":246,"timestamp":"2024-10-11T22:27:07.598Z"}
{"level":"info","message":"⌛ Building environment","timeElapsed":160,"timestamp":"2024-10-11T22:27:07.759Z"}
{"level":"info","message":"⌛ Validating hector.wlk","timeElapsed":237,"timestamp":"2024-10-11T22:27:08.008Z"}
{"level":"info","message":"⌛ Building environment","timeElapsed":156,"timestamp":"2024-10-11T22:27:08.165Z"}
{"level":"info","message":"⌛ Validating hector.wlk","timeElapsed":207,"timestamp":"2024-10-11T22:27:08.411Z"}
{"level":"info","message":"onRequest - completionItem/resolve","timestamp":"2024-10-11T22:27:08.411Z"}
{"level":"info","message":"⌛ Building environment","timeElapsed":163,"timestamp":"2024-10-11T22:27:08.576Z"}
{"level":"info","message":"onRequest - completionItem/resolve","timestamp":"2024-10-11T22:27:08.577Z"}
{"level":"info","message":"⌛ Building environment","timeElapsed":276,"timestamp":"2024-10-11T22:27:08.855Z"}
{"level":"info","message":"onRequest - completionItem/resolve","timestamp":"2024-10-11T22:27:08.855Z"}
{"level":"info","message":"⌛ Validating hector.wlk","timeElapsed":316,"timestamp":"2024-10-11T22:27:09.172Z"}
{"level":"info","message":"⌛ Building environment","timeElapsed":158,"timestamp":"2024-10-11T22:27:09.332Z"}
{"level":"info","message":"onRequest - completionItem/resolve","timestamp":"2024-10-11T22:27:09.333Z"}
{"level":"info","message":"⌛ Validating hector.wlk","timeElapsed":214,"timestamp":"2024-10-11T22:27:09.547Z"}
{"level":"info","message":"⌛ Building environment","timeElapsed":212,"timestamp":"2024-10-11T22:27:09.807Z"}
{"level":"info","message":"onRequest - completionItem/resolve","timestamp":"2024-10-11T22:27:09.808Z"}
{"level":"info","message":"⌛ Validating hector.wlk","timeElapsed":233,"timestamp":"2024-10-11T22:27:10.055Z"}
{"level":"info","message":"onRequest - completionItem/resolve","timestamp":"2024-10-11T22:27:10.055Z"}
{"level":"info","message":"⌛ Building environment","timeElapsed":152,"timestamp":"2024-10-11T22:27:10.208Z"}
{"level":"info","message":"⌛ Validating hector.wlk","timeElapsed":195,"timestamp":"2024-10-11T22:27:10.404Z"}
{"level":"info","message":"⌛ Validating hector.wlk","timeElapsed":183,"timestamp":"2024-10-11T22:27:10.595Z"}
{"level":"info","message":"⌛ Building environment","timeElapsed":162,"timestamp":"2024-10-11T22:27:11.055Z"}
{"level":"info","message":"⌛ Validating hector.wlk","timeElapsed":224,"timestamp":"2024-10-11T22:27:11.314Z"}
{"level":"info","message":"onRequest - completionItem/resolve","timestamp":"2024-10-11T22:27:11.314Z"}
{"level":"info","message":"⌛ Building environment","timeElapsed":162,"timestamp":"2024-10-11T22:27:11.477Z"}
{"level":"info","message":"⌛ Building environment","timeElapsed":149,"timestamp":"2024-10-11T22:27:11.663Z"}
{"level":"info","message":"⌛ Validating hector.wlk","timeElapsed":203,"timestamp":"2024-10-11T22:27:11.868Z"}
{"level":"info","message":"⌛ Validating hector.wlk","timeElapsed":204,"timestamp":"2024-10-11T22:27:12.080Z"}
{"level":"info","message":"⌛ Building environment","timeElapsed":159,"timestamp":"2024-10-11T22:27:12.242Z"}
{"level":"info","message":"⌛ Validating hector.wlk","timeElapsed":189,"timestamp":"2024-10-11T22:27:12.484Z"}
{"level":"info","message":"⌛ Building environment","timeElapsed":141,"timestamp":"2024-10-11T22:27:12.627Z"}
{"level":"info","message":"⌛ Validating hector.wlk","timeElapsed":196,"timestamp":"2024-10-11T22:27:12.832Z"}
{"level":"info","message":"⌛ Building environment","timeElapsed":150,"timestamp":"2024-10-11T22:27:13.082Z"}
{"level":"info","message":"⌛ Validating hector.wlk","timeElapsed":200,"timestamp":"2024-10-11T22:27:13.320Z"}
{"level":"info","message":"⌛ Building environment","timeElapsed":145,"timestamp":"2024-10-11T22:27:13.466Z"}
{"level":"info","message":"⌛ Building environment","timeElapsed":144,"timestamp":"2024-10-11T22:27:13.651Z"}
{"level":"info","message":"⌛ Validating hector.wlk","timeElapsed":193,"timestamp":"2024-10-11T22:27:13.851Z"}
{"level":"info","message":"⌛ Building environment","timeElapsed":151,"timestamp":"2024-10-11T22:27:14.003Z"}
{"level":"info","message":"⌛ Validating hector.wlk","timeElapsed":180,"timestamp":"2024-10-11T22:27:14.223Z"}
{"level":"info","message":"⌛ Building environment","timeElapsed":136,"timestamp":"2024-10-11T22:27:14.361Z"}
{"level":"info","message":"⌛ Building environment","timeElapsed":153,"timestamp":"2024-10-11T22:27:14.515Z"}
{"level":"info","message":"⌛ Validating hector.wlk","timeElapsed":199,"timestamp":"2024-10-11T22:27:14.722Z"}
{"level":"info","message":"⌛ Validating hector.wlk","timeElapsed":212,"timestamp":"2024-10-11T22:27:14.940Z"}
{"level":"info","message":"⌛ Validating hector.wlk","timeElapsed":195,"timestamp":"2024-10-11T22:27:15.138Z"}
{"level":"info","message":"⌛ Building environment","timeElapsed":190,"timestamp":"2024-10-11T22:27:15.328Z"}
{"level":"info","message":"⌛ Building environment","timeElapsed":142,"timestamp":"2024-10-11T22:27:15.476Z"}
{"level":"info","message":"⌛ Validating hector.wlk","timeElapsed":221,"timestamp":"2024-10-11T22:27:15.746Z"}
{"level":"info","message":"⌛ Validating hector.wlk","timeElapsed":256,"timestamp":"2024-10-11T22:27:16.003Z"}
{"level":"info","message":"⌛ Building environment","timeElapsed":167,"timestamp":"2024-10-11T22:27:16.171Z"}
{"level":"info","message":"⌛ Building environment","timeElapsed":138,"timestamp":"2024-10-11T22:27:16.346Z"}
{"level":"info","message":"⌛ Validating hector.wlk","timeElapsed":178,"timestamp":"2024-10-11T22:27:16.532Z"}
{"level":"info","message":"⌛ Validating hector.wlk","timeElapsed":170,"timestamp":"2024-10-11T22:27:16.703Z"}
{"level":"info","message":"⌛ Building environment","timeElapsed":156,"timestamp":"2024-10-11T22:27:16.982Z"}
{"level":"info","message":"⌛ Validating hector.wlk","timeElapsed":176,"timestamp":"2024-10-11T22:27:17.197Z"}
{"level":"info","message":"⌛ Building environment","timeElapsed":172,"timestamp":"2024-10-11T22:27:23.621Z"}
{"level":"info","message":"⌛ Validating hector.wlk","timeElapsed":178,"timestamp":"2024-10-11T22:27:23.804Z"}
{"level":"info","message":"⌛ Building environment","timeElapsed":153,"timestamp":"2024-10-11T22:27:23.986Z"}
{"level":"info","message":"⌛ Validating hector.wlk","timeElapsed":181,"timestamp":"2024-10-11T22:27:24.169Z"}
{"level":"info","message":"⌛ Building environment","timeElapsed":164,"timestamp":"2024-10-11T22:27:24.973Z"}
{"level":"info","message":"⌛ Building environment","timeElapsed":165,"timestamp":"2024-10-11T22:27:25.179Z"}
{"level":"info","message":"⌛ Validating hector.wlk","timeElapsed":199,"timestamp":"2024-10-11T22:27:25.379Z"}
{"level":"info","message":"onRequest - completionItem/resolve","timestamp":"2024-10-11T22:27:25.379Z"}
{"level":"info","message":"⌛ Building environment","timeElapsed":164,"timestamp":"2024-10-11T22:27:25.545Z"}
{"level":"info","message":"onRequest - completionItem/resolve","timestamp":"2024-10-11T22:27:25.545Z"}
{"level":"info","message":"⌛ Validating hector.wlk","timeElapsed":203,"timestamp":"2024-10-11T22:27:25.748Z"}
{"level":"info","message":"⌛ Building environment","timeElapsed":167,"timestamp":"2024-10-11T22:27:25.915Z"}
{"level":"info","message":"⌛ Building environment","timeElapsed":153,"timestamp":"2024-10-11T22:27:26.112Z"}
{"level":"info","message":"⌛ Building environment","timeElapsed":143,"timestamp":"2024-10-11T22:27:26.256Z"}
{"level":"info","message":"⌛ Validating hector.wlk","timeElapsed":215,"timestamp":"2024-10-11T22:27:26.471Z"}
{"level":"info","message":"⌛ Building environment","timeElapsed":150,"timestamp":"2024-10-11T22:27:26.628Z"}
{"level":"info","message":"⌛ Validating hector.wlk","timeElapsed":205,"timestamp":"2024-10-11T22:27:26.840Z"}
{"level":"info","message":"⌛ Validating hector.wlk","timeElapsed":196,"timestamp":"2024-10-11T22:27:27.038Z"}
{"level":"info","message":"⌛ Validating hector.wlk","timeElapsed":180,"timestamp":"2024-10-11T22:27:27.218Z"}
{"level":"info","message":"⌛ Building environment","timeElapsed":150,"timestamp":"2024-10-11T22:27:27.370Z"}
{"level":"error","message":"✘ Completions for node failed: Error: [Return]{5a181a} at hector.wlk:90 exhausted all cases without a match [Return]{5a181a} at hector.wlk:90 exhausted all cases without a match","stack":"Error: [Return]{5a181a} at hector.wlk:90 exhausted all cases without a match\n    at /home/felipe/.vscode/extensions/uqbar.wollok-lsp-ide-0.3.6/out/server/src/server.js:38:6067\n    at yh (/home/felipe/.vscode/extensions/uqbar.wollok-lsp-ide-0.3.6/out/server/src/server.js:2291:42)\n    at kh (/home/felipe/.vscode/extensions/uqbar.wollok-lsp-ide-0.3.6/out/server/src/server.js:2291:1004)\n    at Y5n (/home/felipe/.vscode/extensions/uqbar.wollok-lsp-ide-0.3.6/out/server/src/server.js:2291:1160)\n    at /home/felipe/.vscode/extensions/uqbar.wollok-lsp-ide-0.3.6/out/server/src/server.js:38:6056\n    at yh (/home/felipe/.vscode/extensions/uqbar.wollok-lsp-ide-0.3.6/out/server/src/server.js:2291:42)\n    at /home/felipe/.vscode/extensions/uqbar.wollok-lsp-ide-0.3.6/out/server/src/server.js:2291:2700\n    at /home/felipe/.vscode/extensions/uqbar.wollok-lsp-ide-0.3.6/out/server/src/server.js:2298:3774\n    at /home/felipe/.vscode/extensions/uqbar.wollok-lsp-ide-0.3.6/out/server/src/server.js:37:74872\n    at Fe (/home/felipe/.vscode/extensions/uqbar.wollok-lsp-ide-0.3.6/out/server/src/server.js:7:8527)","timestamp":"2024-10-11T22:27:27.413Z"}
{"level":"info","message":"⌛ Building environment","timeElapsed":159,"timestamp":"2024-10-11T22:27:27.577Z"}
{"level":"info","message":"⌛ Building environment","timeElapsed":140,"timestamp":"2024-10-11T22:27:27.717Z"}
{"level":"info","message":"⌛ Validating hector.wlk","timeElapsed":194,"timestamp":"2024-10-11T22:27:27.912Z"}
{"level":"info","message":"⌛ Building environment","timeElapsed":180,"timestamp":"2024-10-11T22:27:28.093Z"}
{"level":"info","message":"⌛ Building environment","timeElapsed":150,"timestamp":"2024-10-11T22:27:28.243Z"}
{"level":"info","message":"⌛ Building environment","timeElapsed":148,"timestamp":"2024-10-11T22:27:28.398Z"}
{"level":"info","message":"⌛ Validating hector.wlk","timeElapsed":218,"timestamp":"2024-10-11T22:27:28.616Z"}
{"level":"info","message":"onRequest - completionItem/resolve","timestamp":"2024-10-11T22:27:28.618Z"}
{"level":"info","message":"⌛ Building environment","timeElapsed":317,"timestamp":"2024-10-11T22:27:28.937Z"}
{"level":"info","message":"onRequest - completionItem/resolve","timestamp":"2024-10-11T22:27:28.938Z"}
{"level":"info","message":"⌛ Validating hector.wlk","timeElapsed":218,"timestamp":"2024-10-11T22:27:29.156Z"}
{"level":"info","message":"⌛ Validating hector.wlk","timeElapsed":189,"timestamp":"2024-10-11T22:27:29.346Z"}
{"level":"info","message":"⌛ Validating hector.wlk","timeElapsed":196,"timestamp":"2024-10-11T22:27:29.549Z"}
{"level":"info","message":"⌛ Validating hector.wlk","timeElapsed":190,"timestamp":"2024-10-11T22:27:29.740Z"}
{"level":"info","message":"⌛ Validating hector.wlk","timeElapsed":195,"timestamp":"2024-10-11T22:27:29.935Z"}
{"level":"info","message":"⌛ Building environment","timeElapsed":143,"timestamp":"2024-10-11T22:27:30.080Z"}
{"level":"info","message":"⌛ Validating hector.wlk","timeElapsed":238,"timestamp":"2024-10-11T22:27:30.365Z"}
{"level":"info","message":"⌛ Validating hector.wlk","timeElapsed":194,"timestamp":"2024-10-11T22:27:30.559Z"}
{"level":"info","message":"onRequest - completionItem/resolve","timestamp":"2024-10-11T22:27:30.561Z"}
{"level":"info","message":"⌛ Building environment","timeElapsed":144,"timestamp":"2024-10-11T22:27:30.909Z"}
{"level":"info","message":"onRequest - completionItem/resolve","timestamp":"2024-10-11T22:27:30.910Z"}
{"level":"info","message":"⌛ Validating hector.wlk","timeElapsed":293,"timestamp":"2024-10-11T22:27:31.204Z"}
{"level":"info","message":"⌛ Building environment","timeElapsed":182,"timestamp":"2024-10-11T22:27:31.389Z"}
{"level":"info","message":"onRequest - completionItem/resolve","timestamp":"2024-10-11T22:27:31.390Z"}
{"level":"info","message":"⌛ Building environment","timeElapsed":148,"timestamp":"2024-10-11T22:27:31.539Z"}
{"level":"info","message":"onRequest - completionItem/resolve","timestamp":"2024-10-11T22:27:31.539Z"}
{"level":"info","message":"⌛ Building environment","timeElapsed":155,"timestamp":"2024-10-11T22:27:31.695Z"}
{"level":"info","message":"onRequest - completionItem/resolve","timestamp":"2024-10-11T22:27:31.696Z"}
{"level":"info","message":"⌛ Validating hector.wlk","timeElapsed":241,"timestamp":"2024-10-11T22:27:31.937Z"}
{"level":"info","message":"⌛ Validating hector.wlk","timeElapsed":192,"timestamp":"2024-10-11T22:27:32.131Z"}
{"level":"info","message":"⌛ Building environment","timeElapsed":192,"timestamp":"2024-10-11T22:27:32.323Z"}
{"level":"info","message":"onRequest - completionItem/resolve","timestamp":"2024-10-11T22:27:32.329Z"}
{"level":"info","message":"⌛ Validating hector.wlk","timeElapsed":201,"timestamp":"2024-10-11T22:27:32.531Z"}
{"level":"info","message":"⌛ Building environment","timeElapsed":144,"timestamp":"2024-10-11T22:27:32.675Z"}
{"level":"info","message":"onRequest - completionItem/resolve","timestamp":"2024-10-11T22:27:32.681Z"}
{"level":"info","message":"⌛ Building environment","timeElapsed":132,"timestamp":"2024-10-11T22:27:32.813Z"}
{"level":"info","message":"onRequest - completionItem/resolve","timestamp":"2024-10-11T22:27:32.814Z"}
{"level":"info","message":"⌛ Validating hector.wlk","timeElapsed":186,"timestamp":"2024-10-11T22:27:33.006Z"}
{"level":"info","message":"⌛ Building environment","timeElapsed":136,"timestamp":"2024-10-11T22:27:33.144Z"}
{"level":"info","message":"⌛ Validating hector.wlk","timeElapsed":178,"timestamp":"2024-10-11T22:27:33.323Z"}
{"level":"info","message":"⌛ Validating hector.wlk","timeElapsed":181,"timestamp":"2024-10-11T22:27:33.510Z"}
{"level":"info","message":"⌛ Validating hector.wlk","timeElapsed":181,"timestamp":"2024-10-11T22:27:33.692Z"}
{"level":"info","message":"⌛ Building environment","timeElapsed":173,"timestamp":"2024-10-11T22:27:39.951Z"}
{"level":"info","message":"⌛ Validating hector.wlk","timeElapsed":184,"timestamp":"2024-10-11T22:27:40.137Z"}
{"level":"info","message":"⌛ Building environment","timeElapsed":199,"timestamp":"2024-10-11T22:27:53.593Z"}
{"level":"error","message":"✘ Completions for node failed: Error: [Return]{b3001f} at hector.wlk:90 exhausted all cases without a match [Return]{b3001f} at hector.wlk:90 exhausted all cases without a match","stack":"Error: [Return]{b3001f} at hector.wlk:90 exhausted all cases without a match\n    at /home/felipe/.vscode/extensions/uqbar.wollok-lsp-ide-0.3.6/out/server/src/server.js:38:6067\n    at yh (/home/felipe/.vscode/extensions/uqbar.wollok-lsp-ide-0.3.6/out/server/src/server.js:2291:42)\n    at kh (/home/felipe/.vscode/extensions/uqbar.wollok-lsp-ide-0.3.6/out/server/src/server.js:2291:1004)\n    at Y5n (/home/felipe/.vscode/extensions/uqbar.wollok-lsp-ide-0.3.6/out/server/src/server.js:2291:1160)\n    at /home/felipe/.vscode/extensions/uqbar.wollok-lsp-ide-0.3.6/out/server/src/server.js:38:6056\n    at yh (/home/felipe/.vscode/extensions/uqbar.wollok-lsp-ide-0.3.6/out/server/src/server.js:2291:42)\n    at /home/felipe/.vscode/extensions/uqbar.wollok-lsp-ide-0.3.6/out/server/src/server.js:2291:2700\n    at /home/felipe/.vscode/extensions/uqbar.wollok-lsp-ide-0.3.6/out/server/src/server.js:2298:3774\n    at /home/felipe/.vscode/extensions/uqbar.wollok-lsp-ide-0.3.6/out/server/src/server.js:37:74872\n    at Fe (/home/felipe/.vscode/extensions/uqbar.wollok-lsp-ide-0.3.6/out/server/src/server.js:7:8527)","timestamp":"2024-10-11T22:27:53.635Z"}
{"level":"info","message":"⌛ Building environment","timeElapsed":152,"timestamp":"2024-10-11T22:27:53.794Z"}
{"level":"info","message":"⌛ Validating hector.wlk","timeElapsed":184,"timestamp":"2024-10-11T22:27:53.978Z"}
{"level":"info","message":"⌛ Building environment","timeElapsed":142,"timestamp":"2024-10-11T22:27:54.120Z"}
{"level":"error","message":"✘ Completions for node failed: Error: [Return]{74cf34} at hector.wlk:90 exhausted all cases without a match [Return]{74cf34} at hector.wlk:90 exhausted all cases without a match","stack":"Error: [Return]{74cf34} at hector.wlk:90 exhausted all cases without a match\n    at /home/felipe/.vscode/extensions/uqbar.wollok-lsp-ide-0.3.6/out/server/src/server.js:38:6067\n    at yh (/home/felipe/.vscode/extensions/uqbar.wollok-lsp-ide-0.3.6/out/server/src/server.js:2291:42)\n    at kh (/home/felipe/.vscode/extensions/uqbar.wollok-lsp-ide-0.3.6/out/server/src/server.js:2291:1004)\n    at Y5n (/home/felipe/.vscode/extensions/uqbar.wollok-lsp-ide-0.3.6/out/server/src/server.js:2291:1160)\n    at /home/felipe/.vscode/extensions/uqbar.wollok-lsp-ide-0.3.6/out/server/src/server.js:38:6056\n    at yh (/home/felipe/.vscode/extensions/uqbar.wollok-lsp-ide-0.3.6/out/server/src/server.js:2291:42)\n    at /home/felipe/.vscode/extensions/uqbar.wollok-lsp-ide-0.3.6/out/server/src/server.js:2291:2700\n    at /home/felipe/.vscode/extensions/uqbar.wollok-lsp-ide-0.3.6/out/server/src/server.js:2298:3774\n    at /home/felipe/.vscode/extensions/uqbar.wollok-lsp-ide-0.3.6/out/server/src/server.js:37:74872\n    at Fe (/home/felipe/.vscode/extensions/uqbar.wollok-lsp-ide-0.3.6/out/server/src/server.js:7:8527)","timestamp":"2024-10-11T22:27:54.157Z"}
{"level":"info","message":"⌛ Validating hector.wlk","timeElapsed":204,"timestamp":"2024-10-11T22:27:54.367Z"}
{"level":"info","message":"⌛ Validating hector.wlk","timeElapsed":183,"timestamp":"2024-10-11T22:27:54.551Z"}
{"level":"info","message":"⌛ Building environment","timeElapsed":149,"timestamp":"2024-10-11T22:27:54.703Z"}
{"level":"info","message":"⌛ Building environment","timeElapsed":146,"timestamp":"2024-10-11T22:27:54.849Z"}
{"level":"info","message":"⌛ Building environment","timeElapsed":146,"timestamp":"2024-10-11T22:27:54.996Z"}
{"level":"error","message":"✘ Completions for node failed: Error: [Return]{514cf3} at hector.wlk:90 exhausted all cases without a match [Return]{514cf3} at hector.wlk:90 exhausted all cases without a match","stack":"Error: [Return]{514cf3} at hector.wlk:90 exhausted all cases without a match\n    at /home/felipe/.vscode/extensions/uqbar.wollok-lsp-ide-0.3.6/out/server/src/server.js:38:6067\n    at yh (/home/felipe/.vscode/extensions/uqbar.wollok-lsp-ide-0.3.6/out/server/src/server.js:2291:42)\n    at kh (/home/felipe/.vscode/extensions/uqbar.wollok-lsp-ide-0.3.6/out/server/src/server.js:2291:1004)\n    at Y5n (/home/felipe/.vscode/extensions/uqbar.wollok-lsp-ide-0.3.6/out/server/src/server.js:2291:1160)\n    at /home/felipe/.vscode/extensions/uqbar.wollok-lsp-ide-0.3.6/out/server/src/server.js:38:6056\n    at yh (/home/felipe/.vscode/extensions/uqbar.wollok-lsp-ide-0.3.6/out/server/src/server.js:2291:42)\n    at /home/felipe/.vscode/extensions/uqbar.wollok-lsp-ide-0.3.6/out/server/src/server.js:2291:2700\n    at /home/felipe/.vscode/extensions/uqbar.wollok-lsp-ide-0.3.6/out/server/src/server.js:2298:3774\n    at /home/felipe/.vscode/extensions/uqbar.wollok-lsp-ide-0.3.6/out/server/src/server.js:37:74872\n    at Fe (/home/felipe/.vscode/extensions/uqbar.wollok-lsp-ide-0.3.6/out/server/src/server.js:7:8527)","timestamp":"2024-10-11T22:27:55.034Z"}
{"level":"info","message":"⌛ Validating hector.wlk","timeElapsed":178,"timestamp":"2024-10-11T22:27:55.216Z"}
{"level":"info","message":"⌛ Building environment","timeElapsed":175,"timestamp":"2024-10-11T22:27:55.392Z"}
{"level":"info","message":"⌛ Validating hector.wlk","timeElapsed":188,"timestamp":"2024-10-11T22:27:55.581Z"}
{"level":"info","message":"⌛ Validating hector.wlk","timeElapsed":186,"timestamp":"2024-10-11T22:27:55.767Z"}
{"level":"info","message":"⌛ Building environment","timeElapsed":180,"timestamp":"2024-10-11T22:27:55.955Z"}
{"level":"error","message":"✘ Completions for node failed: Error: [Return]{24090a} at hector.wlk:90 exhausted all cases without a match [Return]{24090a} at hector.wlk:90 exhausted all cases without a match","stack":"Error: [Return]{24090a} at hector.wlk:90 exhausted all cases without a match\n    at /home/felipe/.vscode/extensions/uqbar.wollok-lsp-ide-0.3.6/out/server/src/server.js:38:6067\n    at yh (/home/felipe/.vscode/extensions/uqbar.wollok-lsp-ide-0.3.6/out/server/src/server.js:2291:42)\n    at kh (/home/felipe/.vscode/extensions/uqbar.wollok-lsp-ide-0.3.6/out/server/src/server.js:2291:1004)\n    at Y5n (/home/felipe/.vscode/extensions/uqbar.wollok-lsp-ide-0.3.6/out/server/src/server.js:2291:1160)\n    at /home/felipe/.vscode/extensions/uqbar.wollok-lsp-ide-0.3.6/out/server/src/server.js:38:6056\n    at yh (/home/felipe/.vscode/extensions/uqbar.wollok-lsp-ide-0.3.6/out/server/src/server.js:2291:42)\n    at /home/felipe/.vscode/extensions/uqbar.wollok-lsp-ide-0.3.6/out/server/src/server.js:2291:2700\n    at /home/felipe/.vscode/extensions/uqbar.wollok-lsp-ide-0.3.6/out/server/src/server.js:2298:3774\n    at /home/felipe/.vscode/extensions/uqbar.wollok-lsp-ide-0.3.6/out/server/src/server.js:37:74872\n    at Fe (/home/felipe/.vscode/extensions/uqbar.wollok-lsp-ide-0.3.6/out/server/src/server.js:7:8527)","timestamp":"2024-10-11T22:27:55.994Z"}
{"level":"info","message":"⌛ Validating hector.wlk","timeElapsed":175,"timestamp":"2024-10-11T22:27:56.174Z"}
{"level":"info","message":"⌛ Validating hector.wlk","timeElapsed":204,"timestamp":"2024-10-11T22:27:56.379Z"}
{"level":"info","message":"⌛ Building environment","timeElapsed":153,"timestamp":"2024-10-11T22:27:56.535Z"}
{"level":"error","message":"✘ Completions for node failed: Error: [Return]{1782f1} at hector.wlk:90 exhausted all cases without a match [Return]{1782f1} at hector.wlk:90 exhausted all cases without a match","stack":"Error: [Return]{1782f1} at hector.wlk:90 exhausted all cases without a match\n    at /home/felipe/.vscode/extensions/uqbar.wollok-lsp-ide-0.3.6/out/server/src/server.js:38:6067\n    at yh (/home/felipe/.vscode/extensions/uqbar.wollok-lsp-ide-0.3.6/out/server/src/server.js:2291:42)\n    at kh (/home/felipe/.vscode/extensions/uqbar.wollok-lsp-ide-0.3.6/out/server/src/server.js:2291:1004)\n    at Y5n (/home/felipe/.vscode/extensions/uqbar.wollok-lsp-ide-0.3.6/out/server/src/server.js:2291:1160)\n    at /home/felipe/.vscode/extensions/uqbar.wollok-lsp-ide-0.3.6/out/server/src/server.js:38:6056\n    at yh (/home/felipe/.vscode/extensions/uqbar.wollok-lsp-ide-0.3.6/out/server/src/server.js:2291:42)\n    at /home/felipe/.vscode/extensions/uqbar.wollok-lsp-ide-0.3.6/out/server/src/server.js:2291:2700\n    at /home/felipe/.vscode/extensions/uqbar.wollok-lsp-ide-0.3.6/out/server/src/server.js:2298:3774\n    at /home/felipe/.vscode/extensions/uqbar.wollok-lsp-ide-0.3.6/out/server/src/server.js:37:74872\n    at Fe (/home/felipe/.vscode/extensions/uqbar.wollok-lsp-ide-0.3.6/out/server/src/server.js:7:8527)","timestamp":"2024-10-11T22:27:56.572Z"}
{"level":"info","message":"⌛ Validating hector.wlk","timeElapsed":236,"timestamp":"2024-10-11T22:27:56.813Z"}
{"level":"info","message":"⌛ Building environment","timeElapsed":186,"timestamp":"2024-10-11T22:27:57.001Z"}
{"level":"error","message":"✘ Completions for node failed: Error: [Return]{bd9cca} at hector.wlk:90 exhausted all cases without a match [Return]{bd9cca} at hector.wlk:90 exhausted all cases without a match","stack":"Error: [Return]{bd9cca} at hector.wlk:90 exhausted all cases without a match\n    at /home/felipe/.vscode/extensions/uqbar.wollok-lsp-ide-0.3.6/out/server/src/server.js:38:6067\n    at yh (/home/felipe/.vscode/extensions/uqbar.wollok-lsp-ide-0.3.6/out/server/src/server.js:2291:42)\n    at kh (/home/felipe/.vscode/extensions/uqbar.wollok-lsp-ide-0.3.6/out/server/src/server.js:2291:1004)\n    at Y5n (/home/felipe/.vscode/extensions/uqbar.wollok-lsp-ide-0.3.6/out/server/src/server.js:2291:1160)\n    at /home/felipe/.vscode/extensions/uqbar.wollok-lsp-ide-0.3.6/out/server/src/server.js:38:6056\n    at yh (/home/felipe/.vscode/extensions/uqbar.wollok-lsp-ide-0.3.6/out/server/src/server.js:2291:42)\n    at /home/felipe/.vscode/extensions/uqbar.wollok-lsp-ide-0.3.6/out/server/src/server.js:2291:2700\n    at /home/felipe/.vscode/extensions/uqbar.wollok-lsp-ide-0.3.6/out/server/src/server.js:2298:3774\n    at /home/felipe/.vscode/extensions/uqbar.wollok-lsp-ide-0.3.6/out/server/src/server.js:37:74872\n    at Fe (/home/felipe/.vscode/extensions/uqbar.wollok-lsp-ide-0.3.6/out/server/src/server.js:7:8527)","timestamp":"2024-10-11T22:27:57.044Z"}
{"level":"info","message":"⌛ Building environment","timeElapsed":154,"timestamp":"2024-10-11T22:27:57.204Z"}
{"level":"info","message":"⌛ Validating hector.wlk","timeElapsed":182,"timestamp":"2024-10-11T22:27:57.387Z"}
{"level":"info","message":"⌛ Validating hector.wlk","timeElapsed":193,"timestamp":"2024-10-11T22:27:57.580Z"}
{"level":"info","message":"⌛ Building environment","timeElapsed":145,"timestamp":"2024-10-11T22:27:57.727Z"}
{"level":"error","message":"✘ Completions for node failed: Error: [Return]{b9005b} at hector.wlk:90 exhausted all cases without a match [Return]{b9005b} at hector.wlk:90 exhausted all cases without a match","stack":"Error: [Return]{b9005b} at hector.wlk:90 exhausted all cases without a match\n    at /home/felipe/.vscode/extensions/uqbar.wollok-lsp-ide-0.3.6/out/server/src/server.js:38:6067\n    at yh (/home/felipe/.vscode/extensions/uqbar.wollok-lsp-ide-0.3.6/out/server/src/server.js:2291:42)\n    at kh (/home/felipe/.vscode/extensions/uqbar.wollok-lsp-ide-0.3.6/out/server/src/server.js:2291:1004)\n    at Y5n (/home/felipe/.vscode/extensions/uqbar.wollok-lsp-ide-0.3.6/out/server/src/server.js:2291:1160)\n    at /home/felipe/.vscode/extensions/uqbar.wollok-lsp-ide-0.3.6/out/server/src/server.js:38:6056\n    at yh (/home/felipe/.vscode/extensions/uqbar.wollok-lsp-ide-0.3.6/out/server/src/server.js:2291:42)\n    at /home/felipe/.vscode/extensions/uqbar.wollok-lsp-ide-0.3.6/out/server/src/server.js:2291:2700\n    at /home/felipe/.vscode/extensions/uqbar.wollok-lsp-ide-0.3.6/out/server/src/server.js:2298:3774\n    at /home/felipe/.vscode/extensions/uqbar.wollok-lsp-ide-0.3.6/out/server/src/server.js:37:74872\n    at Fe (/home/felipe/.vscode/extensions/uqbar.wollok-lsp-ide-0.3.6/out/server/src/server.js:7:8527)","timestamp":"2024-10-11T22:27:57.765Z"}
{"level":"info","message":"⌛ Building environment","timeElapsed":137,"timestamp":"2024-10-11T22:27:57.907Z"}
{"level":"info","message":"⌛ Building environment","timeElapsed":199,"timestamp":"2024-10-11T22:27:58.106Z"}
{"level":"info","message":"⌛ Validating hector.wlk","timeElapsed":185,"timestamp":"2024-10-11T22:27:58.292Z"}
{"level":"info","message":"⌛ Validating hector.wlk","timeElapsed":174,"timestamp":"2024-10-11T22:27:58.467Z"}
{"level":"info","message":"⌛ Building environment","timeElapsed":153,"timestamp":"2024-10-11T22:27:58.621Z"}
{"level":"info","message":"⌛ Validating hector.wlk","timeElapsed":174,"timestamp":"2024-10-11T22:27:58.801Z"}
{"level":"info","message":"⌛ Validating hector.wlk","timeElapsed":189,"timestamp":"2024-10-11T22:27:58.991Z"}
{"level":"info","message":"⌛ Building environment","timeElapsed":149,"timestamp":"2024-10-11T22:27:59.373Z"}
{"level":"info","message":"⌛ Validating hector.wlk","timeElapsed":181,"timestamp":"2024-10-11T22:27:59.561Z"}
{"level":"info","message":"⌛ Building environment","timeElapsed":162,"timestamp":"2024-10-11T22:27:59.934Z"}
{"level":"info","message":"⌛ Building environment","timeElapsed":155,"timestamp":"2024-10-11T22:28:00.128Z"}
{"level":"info","message":"⌛ Validating hector.wlk","timeElapsed":299,"timestamp":"2024-10-11T22:28:00.428Z"}
{"level":"info","message":"onRequest - completionItem/resolve","timestamp":"2024-10-11T22:28:00.431Z"}
{"level":"info","message":"⌛ Validating hector.wlk","timeElapsed":206,"timestamp":"2024-10-11T22:28:00.638Z"}
{"level":"info","message":"⌛ Building environment","timeElapsed":137,"timestamp":"2024-10-11T22:28:00.783Z"}
{"level":"info","message":"onRequest - completionItem/resolve","timestamp":"2024-10-11T22:28:00.783Z"}
{"level":"info","message":"⌛ Building environment","timeElapsed":182,"timestamp":"2024-10-11T22:28:00.966Z"}
{"level":"info","message":"⌛ Validating hector.wlk","timeElapsed":211,"timestamp":"2024-10-11T22:28:01.186Z"}
{"level":"info","message":"⌛ Validating hector.wlk","timeElapsed":202,"timestamp":"2024-10-11T22:28:01.389Z"}
{"level":"info","message":"⌛ Building environment","timeElapsed":162,"timestamp":"2024-10-11T22:28:01.553Z"}
{"level":"error","message":"✘ Completions for node failed: Error: [Send]{87d1c5} at hector.wlk:90 exhausted all cases without a match [Send]{87d1c5} at hector.wlk:90 exhausted all cases without a match","stack":"Error: [Send]{87d1c5} at hector.wlk:90 exhausted all cases without a match\n    at /home/felipe/.vscode/extensions/uqbar.wollok-lsp-ide-0.3.6/out/server/src/server.js:38:6067\n    at yh (/home/felipe/.vscode/extensions/uqbar.wollok-lsp-ide-0.3.6/out/server/src/server.js:2291:42)\n    at kh (/home/felipe/.vscode/extensions/uqbar.wollok-lsp-ide-0.3.6/out/server/src/server.js:2291:1004)\n    at Y5n (/home/felipe/.vscode/extensions/uqbar.wollok-lsp-ide-0.3.6/out/server/src/server.js:2291:1160)\n    at /home/felipe/.vscode/extensions/uqbar.wollok-lsp-ide-0.3.6/out/server/src/server.js:38:6056\n    at yh (/home/felipe/.vscode/extensions/uqbar.wollok-lsp-ide-0.3.6/out/server/src/server.js:2291:42)\n    at /home/felipe/.vscode/extensions/uqbar.wollok-lsp-ide-0.3.6/out/server/src/server.js:2291:2700\n    at /home/felipe/.vscode/extensions/uqbar.wollok-lsp-ide-0.3.6/out/server/src/server.js:2298:3774\n    at /home/felipe/.vscode/extensions/uqbar.wollok-lsp-ide-0.3.6/out/server/src/server.js:37:74872\n    at Fe (/home/felipe/.vscode/extensions/uqbar.wollok-lsp-ide-0.3.6/out/server/src/server.js:7:8527)","timestamp":"2024-10-11T22:28:01.594Z"}
{"level":"error","message":"✘ Completions for node failed: Error: [Return]{8b6097} at hector.wlk:90 exhausted all cases without a match [Return]{8b6097} at hector.wlk:90 exhausted all cases without a match","stack":"Error: [Return]{8b6097} at hector.wlk:90 exhausted all cases without a match\n    at /home/felipe/.vscode/extensions/uqbar.wollok-lsp-ide-0.3.6/out/server/src/server.js:38:6067\n    at yh (/home/felipe/.vscode/extensions/uqbar.wollok-lsp-ide-0.3.6/out/server/src/server.js:2291:42)\n    at kh (/home/felipe/.vscode/extensions/uqbar.wollok-lsp-ide-0.3.6/out/server/src/server.js:2291:1004)\n    at yh (/home/felipe/.vscode/extensions/uqbar.wollok-lsp-ide-0.3.6/out/server/src/server.js:2291:456)\n    at kh (/home/felipe/.vscode/extensions/uqbar.wollok-lsp-ide-0.3.6/out/server/src/server.js:2291:1004)\n    at Y5n (/home/felipe/.vscode/extensions/uqbar.wollok-lsp-ide-0.3.6/out/server/src/server.js:2291:1160)\n    at /home/felipe/.vscode/extensions/uqbar.wollok-lsp-ide-0.3.6/out/server/src/server.js:38:6056\n    at yh (/home/felipe/.vscode/extensions/uqbar.wollok-lsp-ide-0.3.6/out/server/src/server.js:2291:42)\n    at /home/felipe/.vscode/extensions/uqbar.wollok-lsp-ide-0.3.6/out/server/src/server.js:2291:2700\n    at /home/felipe/.vscode/extensions/uqbar.wollok-lsp-ide-0.3.6/out/server/src/server.js:2298:3774","timestamp":"2024-10-11T22:28:01.594Z"}
{"level":"info","message":"⌛ Building environment","timeElapsed":155,"timestamp":"2024-10-11T22:28:01.753Z"}
{"level":"info","message":"⌛ Building environment","timeElapsed":147,"timestamp":"2024-10-11T22:28:01.901Z"}
{"level":"info","message":"⌛ Validating hector.wlk","timeElapsed":175,"timestamp":"2024-10-11T22:28:02.077Z"}
{"level":"info","message":"onRequest - completionItem/resolve","timestamp":"2024-10-11T22:28:02.086Z"}
{"level":"info","message":"⌛ Validating hector.wlk","timeElapsed":182,"timestamp":"2024-10-11T22:28:02.269Z"}
{"level":"info","message":"⌛ Validating hector.wlk","timeElapsed":201,"timestamp":"2024-10-11T22:28:02.470Z"}
{"level":"info","message":"⌛ Building environment","timeElapsed":148,"timestamp":"2024-10-11T22:28:02.618Z"}
{"level":"info","message":"⌛ Validating hector.wlk","timeElapsed":229,"timestamp":"2024-10-11T22:28:02.850Z"}
{"level":"info","message":"⌛ Building environment","timeElapsed":169,"timestamp":"2024-10-11T22:28:03.334Z"}
{"level":"info","message":"⌛ Validating hector.wlk","timeElapsed":199,"timestamp":"2024-10-11T22:28:03.583Z"}
{"level":"info","message":"onRequest - completionItem/resolve","timestamp":"2024-10-11T22:28:03.583Z"}
{"level":"info","message":"⌛ Building environment","timeElapsed":196,"timestamp":"2024-10-11T22:28:04.414Z"}
{"level":"info","message":"onRequest - completionItem/resolve","timestamp":"2024-10-11T22:28:04.421Z"}
{"level":"info","message":"⌛ Building environment","timeElapsed":157,"timestamp":"2024-10-11T22:28:04.578Z"}
{"level":"info","message":"onRequest - completionItem/resolve","timestamp":"2024-10-11T22:28:04.579Z"}
{"level":"info","message":"⌛ Validating hector.wlk","timeElapsed":216,"timestamp":"2024-10-11T22:28:04.795Z"}
{"level":"info","message":"⌛ Building environment","timeElapsed":177,"timestamp":"2024-10-11T22:28:04.973Z"}
{"level":"info","message":"onRequest - completionItem/resolve","timestamp":"2024-10-11T22:28:04.974Z"}
{"level":"info","message":"⌛ Validating hector.wlk","timeElapsed":308,"timestamp":"2024-10-11T22:28:05.282Z"}
{"level":"info","message":"⌛ Building environment","timeElapsed":142,"timestamp":"2024-10-11T22:28:05.425Z"}
{"level":"info","message":"onRequest - completionItem/resolve","timestamp":"2024-10-11T22:28:05.425Z"}
{"level":"info","message":"⌛ Building environment","timeElapsed":172,"timestamp":"2024-10-11T22:28:05.598Z"}
{"level":"info","message":"onRequest - completionItem/resolve","timestamp":"2024-10-11T22:28:05.599Z"}
{"level":"info","message":"⌛ Building environment","timeElapsed":137,"timestamp":"2024-10-11T22:28:05.736Z"}
{"level":"info","message":"onRequest - completionItem/resolve","timestamp":"2024-10-11T22:28:05.737Z"}
{"level":"info","message":"⌛ Validating hector.wlk","timeElapsed":176,"timestamp":"2024-10-11T22:28:05.913Z"}
{"level":"info","message":"⌛ Building environment","timeElapsed":141,"timestamp":"2024-10-11T22:28:06.054Z"}
{"level":"info","message":"onRequest - completionItem/resolve","timestamp":"2024-10-11T22:28:06.054Z"}
{"level":"info","message":"⌛ Validating hector.wlk","timeElapsed":201,"timestamp":"2024-10-11T22:28:06.262Z"}
{"level":"info","message":"⌛ Validating hector.wlk","timeElapsed":198,"timestamp":"2024-10-11T22:28:06.462Z"}
{"level":"info","message":"⌛ Validating hector.wlk","timeElapsed":193,"timestamp":"2024-10-11T22:28:06.655Z"}
{"level":"info","message":"⌛ Validating hector.wlk","timeElapsed":185,"timestamp":"2024-10-11T22:28:06.842Z"}
{"level":"info","message":"⌛ Building environment","timeElapsed":137,"timestamp":"2024-10-11T22:28:06.981Z"}
{"level":"info","message":"⌛ Building environment","timeElapsed":134,"timestamp":"2024-10-11T22:28:07.128Z"}
{"level":"info","message":"⌛ Building environment","timeElapsed":139,"timestamp":"2024-10-11T22:28:07.273Z"}
{"level":"info","message":"⌛ Building environment","timeElapsed":190,"timestamp":"2024-10-11T22:28:07.464Z"}
{"level":"info","message":"⌛ Validating hector.wlk","timeElapsed":187,"timestamp":"2024-10-11T22:28:07.657Z"}
{"level":"info","message":"⌛ Validating hector.wlk","timeElapsed":181,"timestamp":"2024-10-11T22:28:07.845Z"}
{"level":"info","message":"⌛ Validating hector.wlk","timeElapsed":176,"timestamp":"2024-10-11T22:28:08.022Z"}
{"level":"info","message":"⌛ Validating hector.wlk","timeElapsed":179,"timestamp":"2024-10-11T22:28:08.201Z"}
{"level":"info","message":"⌛ Building environment","timeElapsed":140,"timestamp":"2024-10-11T22:28:08.341Z"}
{"level":"info","message":"⌛ Validating hector.wlk","timeElapsed":177,"timestamp":"2024-10-11T22:28:08.525Z"}
{"level":"info","message":"⌛ Building environment","timeElapsed":183,"timestamp":"2024-10-11T22:28:09.913Z"}
{"level":"info","message":"⌛ Validating hector.wlk","timeElapsed":222,"timestamp":"2024-10-11T22:28:10.196Z"}
{"level":"info","message":"⌛ Building environment","timeElapsed":330,"timestamp":"2024-10-11T22:28:10.529Z"}
{"level":"info","message":"onRequest - completionItem/resolve","timestamp":"2024-10-11T22:28:10.530Z"}
{"level":"info","message":"⌛ Building environment","timeElapsed":160,"timestamp":"2024-10-11T22:28:10.691Z"}
{"level":"info","message":"onRequest - completionItem/resolve","timestamp":"2024-10-11T22:28:10.691Z"}
{"level":"info","message":"⌛ Building environment","timeElapsed":150,"timestamp":"2024-10-11T22:28:10.841Z"}
{"level":"info","message":"onRequest - completionItem/resolve","timestamp":"2024-10-11T22:28:10.842Z"}
{"level":"info","message":"⌛ Building environment","timeElapsed":154,"timestamp":"2024-10-11T22:28:10.996Z"}
{"level":"info","message":"onRequest - completionItem/resolve","timestamp":"2024-10-11T22:28:10.997Z"}
{"level":"info","message":"⌛ Validating hector.wlk","timeElapsed":229,"timestamp":"2024-10-11T22:28:11.226Z"}
{"level":"info","message":"⌛ Building environment","timeElapsed":168,"timestamp":"2024-10-11T22:28:11.394Z"}
{"level":"info","message":"onRequest - completionItem/resolve","timestamp":"2024-10-11T22:28:11.394Z"}
{"level":"info","message":"⌛ Validating hector.wlk","timeElapsed":198,"timestamp":"2024-10-11T22:28:11.594Z"}
{"level":"info","message":"⌛ Validating hector.wlk","timeElapsed":192,"timestamp":"2024-10-11T22:28:11.786Z"}
{"level":"info","message":"⌛ Validating hector.wlk","timeElapsed":173,"timestamp":"2024-10-11T22:28:11.969Z"}
{"level":"info","message":"⌛ Validating hector.wlk","timeElapsed":187,"timestamp":"2024-10-11T22:28:12.157Z"}
{"level":"info","message":"onRequest - completionItem/resolve","timestamp":"2024-10-11T22:28:12.157Z"}
{"level":"info","message":"onRequest - completionItem/resolve","timestamp":"2024-10-11T22:28:12.174Z"}
{"level":"info","message":"⌛ Building environment","timeElapsed":147,"timestamp":"2024-10-11T22:28:12.828Z"}
{"level":"info","message":"⌛ Validating hector.wlk","timeElapsed":186,"timestamp":"2024-10-11T22:28:13.015Z"}
{"level":"info","message":"⌛ Building environment","timeElapsed":187,"timestamp":"2024-10-11T22:28:25.609Z"}
{"level":"info","message":"⌛ Building environment","timeElapsed":137,"timestamp":"2024-10-11T22:28:25.747Z"}
{"level":"info","message":"⌛ Validating hector.wlk","timeElapsed":175,"timestamp":"2024-10-11T22:28:25.922Z"}
{"level":"info","message":"⌛ Validating hector.wlk","timeElapsed":197,"timestamp":"2024-10-11T22:28:26.121Z"}
{"level":"info","message":"⌛ Building environment","timeElapsed":153,"timestamp":"2024-10-11T22:28:26.638Z"}
{"level":"info","message":"⌛ Validating hector.wlk","timeElapsed":201,"timestamp":"2024-10-11T22:28:26.872Z"}
{"level":"info","message":"onRequest - completionItem/resolve","timestamp":"2024-10-11T22:28:26.873Z"}
{"level":"info","message":"⌛ Building environment","timeElapsed":172,"timestamp":"2024-10-11T22:28:27.046Z"}
{"level":"info","message":"onRequest - completionItem/resolve","timestamp":"2024-10-11T22:28:27.046Z"}
{"level":"info","message":"⌛ Building environment","timeElapsed":178,"timestamp":"2024-10-11T22:28:27.225Z"}
{"level":"info","message":"onRequest - completionItem/resolve","timestamp":"2024-10-11T22:28:27.226Z"}
{"level":"info","message":"⌛ Validating hector.wlk","timeElapsed":193,"timestamp":"2024-10-11T22:28:27.420Z"}
{"level":"info","message":"⌛ Building environment","timeElapsed":178,"timestamp":"2024-10-11T22:28:27.598Z"}
{"level":"info","message":"onRequest - completionItem/resolve","timestamp":"2024-10-11T22:28:27.599Z"}
{"level":"info","message":"⌛ Validating hector.wlk","timeElapsed":185,"timestamp":"2024-10-11T22:28:27.785Z"}
{"level":"info","message":"⌛ Building environment","timeElapsed":185,"timestamp":"2024-10-11T22:28:27.971Z"}
{"level":"info","message":"⌛ Validating hector.wlk","timeElapsed":193,"timestamp":"2024-10-11T22:28:28.195Z"}
{"level":"info","message":"⌛ Validating hector.wlk","timeElapsed":208,"timestamp":"2024-10-11T22:28:28.404Z"}
{"level":"info","message":"⌛ Building environment","timeElapsed":130,"timestamp":"2024-10-11T22:28:28.541Z"}
{"level":"info","message":"⌛ Building environment","timeElapsed":136,"timestamp":"2024-10-11T22:28:28.677Z"}
{"level":"info","message":"⌛ Validating hector.wlk","timeElapsed":181,"timestamp":"2024-10-11T22:28:28.858Z"}
{"level":"info","message":"⌛ Validating hector.wlk","timeElapsed":172,"timestamp":"2024-10-11T22:28:29.038Z"}
{"level":"info","message":"⌛ Building environment","timeElapsed":180,"timestamp":"2024-10-11T22:28:33.355Z"}
{"level":"info","message":"⌛ Building environment","timeElapsed":147,"timestamp":"2024-10-11T22:28:33.507Z"}
{"level":"info","message":"⌛ Validating hector.wlk","timeElapsed":187,"timestamp":"2024-10-11T22:28:33.696Z"}
{"level":"info","message":"⌛ Building environment","timeElapsed":149,"timestamp":"2024-10-11T22:28:33.845Z"}
{"level":"info","message":"⌛ Validating hector.wlk","timeElapsed":189,"timestamp":"2024-10-11T22:28:34.036Z"}
{"level":"info","message":"⌛ Building environment","timeElapsed":141,"timestamp":"2024-10-11T22:28:34.177Z"}
{"level":"info","message":"⌛ Building environment","timeElapsed":146,"timestamp":"2024-10-11T22:28:34.325Z"}
{"level":"info","message":"⌛ Validating hector.wlk","timeElapsed":188,"timestamp":"2024-10-11T22:28:34.513Z"}
{"level":"info","message":"⌛ Building environment","timeElapsed":155,"timestamp":"2024-10-11T22:28:34.669Z"}
{"level":"info","message":"⌛ Building environment","timeElapsed":143,"timestamp":"2024-10-11T22:28:34.812Z"}
{"level":"info","message":"⌛ Validating hector.wlk","timeElapsed":199,"timestamp":"2024-10-11T22:28:35.012Z"}
{"level":"info","message":"⌛ Building environment","timeElapsed":145,"timestamp":"2024-10-11T22:28:35.157Z"}
{"level":"info","message":"⌛ Validating hector.wlk","timeElapsed":282,"timestamp":"2024-10-11T22:28:35.440Z"}
{"level":"info","message":"⌛ Building environment","timeElapsed":193,"timestamp":"2024-10-11T22:28:35.633Z"}
{"level":"info","message":"⌛ Building environment","timeElapsed":152,"timestamp":"2024-10-11T22:28:35.786Z"}
{"level":"info","message":"⌛ Validating hector.wlk","timeElapsed":249,"timestamp":"2024-10-11T22:28:36.041Z"}
{"level":"info","message":"⌛ Validating hector.wlk","timeElapsed":200,"timestamp":"2024-10-11T22:28:36.242Z"}
{"level":"info","message":"⌛ Building environment","timeElapsed":157,"timestamp":"2024-10-11T22:28:36.409Z"}
{"level":"info","message":"⌛ Validating hector.wlk","timeElapsed":180,"timestamp":"2024-10-11T22:28:36.632Z"}
{"level":"info","message":"⌛ Building environment","timeElapsed":137,"timestamp":"2024-10-11T22:28:36.770Z"}
{"level":"info","message":"⌛ Building environment","timeElapsed":146,"timestamp":"2024-10-11T22:28:36.916Z"}
{"level":"info","message":"⌛ Validating hector.wlk","timeElapsed":186,"timestamp":"2024-10-11T22:28:37.102Z"}
{"level":"info","message":"⌛ Building environment","timeElapsed":191,"timestamp":"2024-10-11T22:28:37.294Z"}
{"level":"info","message":"⌛ Validating hector.wlk","timeElapsed":189,"timestamp":"2024-10-11T22:28:37.483Z"}
{"level":"info","message":"⌛ Building environment","timeElapsed":151,"timestamp":"2024-10-11T22:28:37.635Z"}
{"level":"info","message":"⌛ Building environment","timeElapsed":157,"timestamp":"2024-10-11T22:28:37.793Z"}
{"level":"info","message":"⌛ Building environment","timeElapsed":151,"timestamp":"2024-10-11T22:28:37.944Z"}
{"level":"info","message":"⌛ Building environment","timeElapsed":139,"timestamp":"2024-10-11T22:28:38.088Z"}
{"level":"info","message":"⌛ Validating hector.wlk","timeElapsed":204,"timestamp":"2024-10-11T22:28:38.293Z"}
{"level":"info","message":"⌛ Validating hector.wlk","timeElapsed":209,"timestamp":"2024-10-11T22:28:38.509Z"}
{"level":"info","message":"⌛ Validating hector.wlk","timeElapsed":189,"timestamp":"2024-10-11T22:28:38.700Z"}
{"level":"info","message":"⌛ Validating hector.wlk","timeElapsed":187,"timestamp":"2024-10-11T22:28:38.889Z"}
{"level":"info","message":"⌛ Validating hector.wlk","timeElapsed":203,"timestamp":"2024-10-11T22:28:39.092Z"}
{"level":"info","message":"⌛ Validating hector.wlk","timeElapsed":188,"timestamp":"2024-10-11T22:28:39.310Z"}
{"level":"info","message":"⌛ Validating hector.wlk","timeElapsed":187,"timestamp":"2024-10-11T22:28:39.498Z"}
{"level":"info","message":"⌛ Validating hector.wlk","timeElapsed":194,"timestamp":"2024-10-11T22:28:39.693Z"}
{"level":"info","message":"⌛ Building environment","timeElapsed":133,"timestamp":"2024-10-11T22:28:39.827Z"}
{"level":"info","message":"⌛ Building environment","timeElapsed":135,"timestamp":"2024-10-11T22:28:39.969Z"}
{"level":"info","message":"⌛ Building environment","timeElapsed":144,"timestamp":"2024-10-11T22:28:40.156Z"}
{"level":"info","message":"⌛ Building environment","timeElapsed":150,"timestamp":"2024-10-11T22:28:40.306Z"}
{"level":"error","message":"✘ Failed to rebuild document Failed to parse hector.wlk: \n-- PARSING FAILED --------------------------------------------------\n\n  100 | \t\t\n  101 | \n> 102 | \t}\n      |  ^\n  103 | }\n  104 | \n\nExpected one of the following: \n\n'@', 'class', 'const', 'describe', 'mixin', 'object', 'only', 'package', 'program', 'test', 'var', '{', EOF, comment, not \"}\n\", whitespace\n","stack":"Error: Failed to parse hector.wlk: \n-- PARSING FAILED --------------------------------------------------\n\n  100 | \t\t\n  101 | \n> 102 | \t}\n      |  ^\n  103 | }\n  104 | \n\nExpected one of the following: \n\n'@', 'class', 'const', 'describe', 'mixin', 'object', 'only', 'package', 'program', 'test', 'var', '{', EOF, comment, not \"}\n\", whitespace\n\n    at /home/felipe/.vscode/extensions/uqbar.wollok-lsp-ide-0.3.6/out/server/src/server.js:2254:32415\n    at Array.map (<anonymous>)\n    at Jfn (/home/felipe/.vscode/extensions/uqbar.wollok-lsp-ide-0.3.6/out/server/src/server.js:2254:32339)\n    at k2.buildEnvironmentFrom (/home/felipe/.vscode/extensions/uqbar.wollok-lsp-ide-0.3.6/out/server/src/server.js:2285:6721)\n    at k2.updateEnvironmentWith (/home/felipe/.vscode/extensions/uqbar.wollok-lsp-ide-0.3.6/out/server/src/server.js:2285:6456)\n    at jL (/home/felipe/.vscode/extensions/uqbar.wollok-lsp-ide-0.3.6/out/server/src/server.js:2298:2292)\n    at v3.invoke (/home/felipe/.vscode/extensions/uqbar.wollok-lsp-ide-0.3.6/out/server/src/server.js:3:157200)\n    at o.fire (/home/felipe/.vscode/extensions/uqbar.wollok-lsp-ide-0.3.6/out/server/src/server.js:3:157970)\n    at /home/felipe/.vscode/extensions/uqbar.wollok-lsp-ide-0.3.6/out/server/src/server.js:37:57871\n    at Vr (/home/felipe/.vscode/extensions/uqbar.wollok-lsp-ide-0.3.6/out/server/src/server.js:8:1561)","timestamp":"2024-10-11T22:28:40.347Z"}
{"level":"error","message":"✘ Failed to rebuild document Failed to parse hector.wlk: \n-- PARSING FAILED --------------------------------------------------\n\n  100 | \t\t\n  101 | \n> 102 | \t}\n      |  ^\n  103 | }\n  104 | \n\nExpected one of the following: \n\n'@', 'class', 'const', 'describe', 'mixin', 'object', 'only', 'package', 'program', 'test', 'var', '{', EOF, comment, not \"}\n\", whitespace\n","stack":"Error: Failed to parse hector.wlk: \n-- PARSING FAILED --------------------------------------------------\n\n  100 | \t\t\n  101 | \n> 102 | \t}\n      |  ^\n  103 | }\n  104 | \n\nExpected one of the following: \n\n'@', 'class', 'const', 'describe', 'mixin', 'object', 'only', 'package', 'program', 'test', 'var', '{', EOF, comment, not \"}\n\", whitespace\n\n    at /home/felipe/.vscode/extensions/uqbar.wollok-lsp-ide-0.3.6/out/server/src/server.js:2254:32415\n    at Array.map (<anonymous>)\n    at Jfn (/home/felipe/.vscode/extensions/uqbar.wollok-lsp-ide-0.3.6/out/server/src/server.js:2254:32339)\n    at k2.buildEnvironmentFrom (/home/felipe/.vscode/extensions/uqbar.wollok-lsp-ide-0.3.6/out/server/src/server.js:2285:6721)\n    at k2.updateEnvironmentWith (/home/felipe/.vscode/extensions/uqbar.wollok-lsp-ide-0.3.6/out/server/src/server.js:2285:6456)\n    at jL (/home/felipe/.vscode/extensions/uqbar.wollok-lsp-ide-0.3.6/out/server/src/server.js:2298:2292)\n    at v3.invoke (/home/felipe/.vscode/extensions/uqbar.wollok-lsp-ide-0.3.6/out/server/src/server.js:3:157200)\n    at o.fire (/home/felipe/.vscode/extensions/uqbar.wollok-lsp-ide-0.3.6/out/server/src/server.js:3:157970)\n    at /home/felipe/.vscode/extensions/uqbar.wollok-lsp-ide-0.3.6/out/server/src/server.js:37:57871\n    at Vr (/home/felipe/.vscode/extensions/uqbar.wollok-lsp-ide-0.3.6/out/server/src/server.js:8:1561)","timestamp":"2024-10-11T22:28:40.388Z"}
{"level":"info","message":"⌛ Validating hector.wlk","timeElapsed":220,"timestamp":"2024-10-11T22:28:40.619Z"}
{"level":"info","message":"⌛ Validating hector.wlk","timeElapsed":195,"timestamp":"2024-10-11T22:28:40.814Z"}
{"level":"info","message":"⌛ Building environment","timeElapsed":156,"timestamp":"2024-10-11T22:28:40.972Z"}
{"level":"info","message":"onRequest - completionItem/resolve","timestamp":"2024-10-11T22:28:40.973Z"}
{"level":"info","message":"⌛ Building environment","timeElapsed":248,"timestamp":"2024-10-11T22:28:41.221Z"}
{"level":"info","message":"⌛ Validating hector.wlk","timeElapsed":188,"timestamp":"2024-10-11T22:28:41.409Z"}
{"level":"info","message":"⌛ Building environment","timeElapsed":153,"timestamp":"2024-10-11T22:28:41.604Z"}
{"level":"info","message":"⌛ Validating hector.wlk","timeElapsed":192,"timestamp":"2024-10-11T22:28:41.796Z"}
{"level":"info","message":"⌛ Building environment","timeElapsed":151,"timestamp":"2024-10-11T22:28:41.948Z"}
{"level":"info","message":"⌛ Building environment","timeElapsed":148,"timestamp":"2024-10-11T22:28:42.097Z"}
{"level":"info","message":"⌛ Building environment","timeElapsed":142,"timestamp":"2024-10-11T22:28:42.239Z"}
{"level":"info","message":"⌛ Building environment","timeElapsed":139,"timestamp":"2024-10-11T22:28:42.380Z"}
{"level":"info","message":"⌛ Validating hector.wlk","timeElapsed":285,"timestamp":"2024-10-11T22:28:42.668Z"}
{"level":"info","message":"⌛ Validating hector.wlk","timeElapsed":200,"timestamp":"2024-10-11T22:28:42.875Z"}
{"level":"info","message":"⌛ Building environment","timeElapsed":201,"timestamp":"2024-10-11T22:28:43.078Z"}
{"level":"info","message":"⌛ Building environment","timeElapsed":157,"timestamp":"2024-10-11T22:28:43.235Z"}
{"level":"info","message":"⌛ Validating hector.wlk","timeElapsed":259,"timestamp":"2024-10-11T22:28:43.540Z"}
{"level":"info","message":"⌛ Building environment","timeElapsed":137,"timestamp":"2024-10-11T22:28:43.678Z"}
{"level":"info","message":"⌛ Building environment","timeElapsed":138,"timestamp":"2024-10-11T22:28:43.816Z"}
{"level":"info","message":"⌛ Validating hector.wlk","timeElapsed":184,"timestamp":"2024-10-11T22:28:44.001Z"}
{"level":"info","message":"⌛ Building environment","timeElapsed":146,"timestamp":"2024-10-11T22:28:44.147Z"}
{"level":"info","message":"⌛ Validating hector.wlk","timeElapsed":199,"timestamp":"2024-10-11T22:28:44.347Z"}
{"level":"info","message":"⌛ Validating hector.wlk","timeElapsed":178,"timestamp":"2024-10-11T22:28:44.526Z"}
{"level":"info","message":"⌛ Validating hector.wlk","timeElapsed":180,"timestamp":"2024-10-11T22:28:44.716Z"}
{"level":"info","message":"⌛ Building environment","timeElapsed":138,"timestamp":"2024-10-11T22:28:44.855Z"}
{"level":"info","message":"⌛ Building environment","timeElapsed":143,"timestamp":"2024-10-11T22:28:44.999Z"}
{"level":"info","message":"⌛ Building environment","timeElapsed":235,"timestamp":"2024-10-11T22:28:45.235Z"}
{"level":"info","message":"⌛ Building environment","timeElapsed":186,"timestamp":"2024-10-11T22:28:45.422Z"}
{"level":"info","message":"⌛ Validating hector.wlk","timeElapsed":182,"timestamp":"2024-10-11T22:28:45.604Z"}
{"level":"info","message":"⌛ Building environment","timeElapsed":146,"timestamp":"2024-10-11T22:28:45.752Z"}
{"level":"info","message":"⌛ Validating hector.wlk","timeElapsed":180,"timestamp":"2024-10-11T22:28:45.932Z"}
{"level":"info","message":"⌛ Building environment","timeElapsed":143,"timestamp":"2024-10-11T22:28:46.077Z"}
{"level":"info","message":"⌛ Building environment","timeElapsed":139,"timestamp":"2024-10-11T22:28:46.255Z"}
{"level":"info","message":"⌛ Validating hector.wlk","timeElapsed":178,"timestamp":"2024-10-11T22:28:46.433Z"}
{"level":"info","message":"⌛ Validating hector.wlk","timeElapsed":173,"timestamp":"2024-10-11T22:28:46.606Z"}
{"level":"info","message":"⌛ Validating hector.wlk","timeElapsed":171,"timestamp":"2024-10-11T22:28:46.784Z"}
{"level":"info","message":"⌛ Building environment","timeElapsed":134,"timestamp":"2024-10-11T22:28:46.920Z"}
{"level":"info","message":"⌛ Validating hector.wlk","timeElapsed":181,"timestamp":"2024-10-11T22:28:47.109Z"}
{"level":"info","message":"⌛ Validating hector.wlk","timeElapsed":175,"timestamp":"2024-10-11T22:28:47.285Z"}
{"level":"info","message":"⌛ Building environment","timeElapsed":147,"timestamp":"2024-10-11T22:28:47.432Z"}
{"level":"info","message":"⌛ Building environment","timeElapsed":145,"timestamp":"2024-10-11T22:28:47.577Z"}
{"level":"info","message":"⌛ Validating hector.wlk","timeElapsed":181,"timestamp":"2024-10-11T22:28:47.759Z"}
{"level":"info","message":"⌛ Building environment","timeElapsed":145,"timestamp":"2024-10-11T22:28:47.905Z"}
{"level":"info","message":"⌛ Validating hector.wlk","timeElapsed":177,"timestamp":"2024-10-11T22:28:48.082Z"}
{"level":"info","message":"⌛ Validating hector.wlk","timeElapsed":194,"timestamp":"2024-10-11T22:28:48.283Z"}
{"level":"info","message":"⌛ Validating hector.wlk","timeElapsed":184,"timestamp":"2024-10-11T22:28:48.468Z"}
{"level":"info","message":"⌛ Validating hector.wlk","timeElapsed":182,"timestamp":"2024-10-11T22:28:48.651Z"}
{"level":"info","message":"⌛ Validating hector.wlk","timeElapsed":180,"timestamp":"2024-10-11T22:28:48.833Z"}
{"level":"info","message":"⌛ Validating hector.wlk","timeElapsed":179,"timestamp":"2024-10-11T22:28:49.013Z"}
{"level":"info","message":"⌛ Validating hector.wlk","timeElapsed":175,"timestamp":"2024-10-11T22:28:49.188Z"}
{"level":"info","message":"⌛ Validating hector.wlk","timeElapsed":190,"timestamp":"2024-10-11T22:28:49.378Z"}
{"level":"info","message":"⌛ Building environment","timeElapsed":158,"timestamp":"2024-10-11T22:28:54.131Z"}
{"level":"info","message":"⌛ Validating hector.wlk","timeElapsed":182,"timestamp":"2024-10-11T22:28:54.315Z"}
{"level":"info","message":"⌛ Building environment","timeElapsed":171,"timestamp":"2024-10-11T22:28:55.321Z"}
{"level":"info","message":"⌛ Validating hector.wlk","timeElapsed":181,"timestamp":"2024-10-11T22:28:55.503Z"}
{"level":"info","message":"⌛ Building environment","timeElapsed":146,"timestamp":"2024-10-11T22:28:55.707Z"}
{"level":"info","message":"⌛ Validating hector.wlk","timeElapsed":188,"timestamp":"2024-10-11T22:28:55.897Z"}
{"level":"info","message":"⌛ Building environment","timeElapsed":180,"timestamp":"2024-10-11T22:28:58.789Z"}
{"level":"info","message":"⌛ Validating hector.wlk","timeElapsed":181,"timestamp":"2024-10-11T22:28:58.972Z"}
{"level":"info","message":"⌛ Building environment","timeElapsed":142,"timestamp":"2024-10-11T22:28:59.376Z"}
{"level":"info","message":"⌛ Validating hector.wlk","timeElapsed":184,"timestamp":"2024-10-11T22:28:59.562Z"}
{"level":"info","message":"⌛ Building environment","timeElapsed":146,"timestamp":"2024-10-11T22:29:00.074Z"}
{"level":"info","message":"⌛ Validating hector.wlk","timeElapsed":218,"timestamp":"2024-10-11T22:29:00.293Z"}
{"level":"info","message":"⌛ Building environment","timeElapsed":135,"timestamp":"2024-10-11T22:29:00.430Z"}
{"level":"info","message":"⌛ Building environment","timeElapsed":260,"timestamp":"2024-10-11T22:29:00.693Z"}
{"level":"info","message":"⌛ Validating hector.wlk","timeElapsed":224,"timestamp":"2024-10-11T22:29:00.917Z"}
{"level":"info","message":"⌛ Validating hector.wlk","timeElapsed":189,"timestamp":"2024-10-11T22:29:01.113Z"}
{"level":"info","message":"⌛ Building environment","timeElapsed":265,"timestamp":"2024-10-11T22:29:02.605Z"}
{"level":"info","message":"⌛ Building environment","timeElapsed":234,"timestamp":"2024-10-11T22:29:02.840Z"}
{"level":"info","message":"⌛ Validating hector.wlk","timeElapsed":187,"timestamp":"2024-10-11T22:29:03.074Z"}
{"level":"info","message":"⌛ Building environment","timeElapsed":137,"timestamp":"2024-10-11T22:29:03.213Z"}
{"level":"info","message":"⌛ Building environment","timeElapsed":162,"timestamp":"2024-10-11T22:29:03.376Z"}
{"level":"info","message":"⌛ Validating hector.wlk","timeElapsed":177,"timestamp":"2024-10-11T22:29:03.555Z"}
{"level":"info","message":"onRequest - completionItem/resolve","timestamp":"2024-10-11T22:29:03.555Z"}
{"level":"info","message":"⌛ Validating hector.wlk","timeElapsed":191,"timestamp":"2024-10-11T22:29:03.754Z"}
{"level":"info","message":"⌛ Validating hector.wlk","timeElapsed":199,"timestamp":"2024-10-11T22:29:03.953Z"}
{"level":"info","message":"⌛ Building environment","timeElapsed":147,"timestamp":"2024-10-11T22:29:04.101Z"}
{"level":"info","message":"⌛ Validating hector.wlk","timeElapsed":185,"timestamp":"2024-10-11T22:29:04.287Z"}
{"level":"info","message":"⌛ Building environment","timeElapsed":172,"timestamp":"2024-10-11T22:29:05.897Z"}
{"level":"info","message":"⌛ Validating hector.wlk","timeElapsed":194,"timestamp":"2024-10-11T22:29:06.092Z"}
{"level":"info","message":"⌛ Building environment","timeElapsed":166,"timestamp":"2024-10-11T22:29:06.768Z"}
{"level":"info","message":"⌛ Validating hector.wlk","timeElapsed":199,"timestamp":"2024-10-11T22:29:06.969Z"}
{"level":"info","message":"⌛ Building environment","timeElapsed":274,"timestamp":"2024-10-11T22:29:57.583Z"}
{"level":"error","message":"✘ Completions for node failed: Error: [Send]{371ead} at hector.wlk:90 exhausted all cases without a match [Send]{371ead} at hector.wlk:90 exhausted all cases without a match","stack":"Error: [Send]{371ead} at hector.wlk:90 exhausted all cases without a match\n    at /home/felipe/.vscode/extensions/uqbar.wollok-lsp-ide-0.3.6/out/server/src/server.js:38:6067\n    at yh (/home/felipe/.vscode/extensions/uqbar.wollok-lsp-ide-0.3.6/out/server/src/server.js:2291:42)\n    at kh (/home/felipe/.vscode/extensions/uqbar.wollok-lsp-ide-0.3.6/out/server/src/server.js:2291:1004)\n    at Y5n (/home/felipe/.vscode/extensions/uqbar.wollok-lsp-ide-0.3.6/out/server/src/server.js:2291:1160)\n    at /home/felipe/.vscode/extensions/uqbar.wollok-lsp-ide-0.3.6/out/server/src/server.js:38:6056\n    at yh (/home/felipe/.vscode/extensions/uqbar.wollok-lsp-ide-0.3.6/out/server/src/server.js:2291:42)\n    at /home/felipe/.vscode/extensions/uqbar.wollok-lsp-ide-0.3.6/out/server/src/server.js:2291:2700\n    at /home/felipe/.vscode/extensions/uqbar.wollok-lsp-ide-0.3.6/out/server/src/server.js:2298:3774\n    at /home/felipe/.vscode/extensions/uqbar.wollok-lsp-ide-0.3.6/out/server/src/server.js:37:74872\n    at Fe (/home/felipe/.vscode/extensions/uqbar.wollok-lsp-ide-0.3.6/out/server/src/server.js:7:8527)","timestamp":"2024-10-11T22:29:57.626Z"}
{"level":"error","message":"✘ Completions for node failed: Error: [Return]{197f75} at hector.wlk:90 exhausted all cases without a match [Return]{197f75} at hector.wlk:90 exhausted all cases without a match","stack":"Error: [Return]{197f75} at hector.wlk:90 exhausted all cases without a match\n    at /home/felipe/.vscode/extensions/uqbar.wollok-lsp-ide-0.3.6/out/server/src/server.js:38:6067\n    at yh (/home/felipe/.vscode/extensions/uqbar.wollok-lsp-ide-0.3.6/out/server/src/server.js:2291:42)\n    at kh (/home/felipe/.vscode/extensions/uqbar.wollok-lsp-ide-0.3.6/out/server/src/server.js:2291:1004)\n    at yh (/home/felipe/.vscode/extensions/uqbar.wollok-lsp-ide-0.3.6/out/server/src/server.js:2291:456)\n    at kh (/home/felipe/.vscode/extensions/uqbar.wollok-lsp-ide-0.3.6/out/server/src/server.js:2291:1004)\n    at Y5n (/home/felipe/.vscode/extensions/uqbar.wollok-lsp-ide-0.3.6/out/server/src/server.js:2291:1160)\n    at /home/felipe/.vscode/extensions/uqbar.wollok-lsp-ide-0.3.6/out/server/src/server.js:38:6056\n    at yh (/home/felipe/.vscode/extensions/uqbar.wollok-lsp-ide-0.3.6/out/server/src/server.js:2291:42)\n    at /home/felipe/.vscode/extensions/uqbar.wollok-lsp-ide-0.3.6/out/server/src/server.js:2291:2700\n    at /home/felipe/.vscode/extensions/uqbar.wollok-lsp-ide-0.3.6/out/server/src/server.js:2298:3774","timestamp":"2024-10-11T22:29:57.626Z"}
{"level":"info","message":"⌛ Validating hector.wlk","timeElapsed":284,"timestamp":"2024-10-11T22:29:57.917Z"}
{"level":"info","message":"onRequest - completionItem/resolve","timestamp":"2024-10-11T22:29:57.918Z"}
{"level":"info","message":"⌛ Building environment","timeElapsed":160,"timestamp":"2024-10-11T22:29:58.211Z"}
{"level":"info","message":"⌛ Validating hector.wlk","timeElapsed":184,"timestamp":"2024-10-11T22:29:58.400Z"}
{"level":"info","message":"⌛ Building environment","timeElapsed":184,"timestamp":"2024-10-11T22:30:01.310Z"}
{"level":"info","message":"⌛ Building environment","timeElapsed":228,"timestamp":"2024-10-11T22:30:01.540Z"}
{"level":"info","message":"⌛ Validating hector.wlk","timeElapsed":210,"timestamp":"2024-10-11T22:30:01.751Z"}
{"level":"info","message":"⌛ Validating hector.wlk","timeElapsed":188,"timestamp":"2024-10-11T22:30:01.946Z"}
{"level":"info","message":"⌛ Building environment","timeElapsed":258,"timestamp":"2024-10-11T22:30:28.709Z"}
{"level":"error","message":"✘ Completions for node failed: Error: [Send]{a72ebf} at hector.wlk:90 exhausted all cases without a match [Send]{a72ebf} at hector.wlk:90 exhausted all cases without a match","stack":"Error: [Send]{a72ebf} at hector.wlk:90 exhausted all cases without a match\n    at /home/felipe/.vscode/extensions/uqbar.wollok-lsp-ide-0.3.6/out/server/src/server.js:38:6067\n    at yh (/home/felipe/.vscode/extensions/uqbar.wollok-lsp-ide-0.3.6/out/server/src/server.js:2291:42)\n    at kh (/home/felipe/.vscode/extensions/uqbar.wollok-lsp-ide-0.3.6/out/server/src/server.js:2291:1004)\n    at Y5n (/home/felipe/.vscode/extensions/uqbar.wollok-lsp-ide-0.3.6/out/server/src/server.js:2291:1160)\n    at /home/felipe/.vscode/extensions/uqbar.wollok-lsp-ide-0.3.6/out/server/src/server.js:38:6056\n    at yh (/home/felipe/.vscode/extensions/uqbar.wollok-lsp-ide-0.3.6/out/server/src/server.js:2291:42)\n    at /home/felipe/.vscode/extensions/uqbar.wollok-lsp-ide-0.3.6/out/server/src/server.js:2291:2700\n    at /home/felipe/.vscode/extensions/uqbar.wollok-lsp-ide-0.3.6/out/server/src/server.js:2298:3774\n    at /home/felipe/.vscode/extensions/uqbar.wollok-lsp-ide-0.3.6/out/server/src/server.js:37:74872\n    at Fe (/home/felipe/.vscode/extensions/uqbar.wollok-lsp-ide-0.3.6/out/server/src/server.js:7:8527)","timestamp":"2024-10-11T22:30:28.755Z"}
{"level":"error","message":"✘ Completions for node failed: Error: [Return]{4adb45} at hector.wlk:90 exhausted all cases without a match [Return]{4adb45} at hector.wlk:90 exhausted all cases without a match","stack":"Error: [Return]{4adb45} at hector.wlk:90 exhausted all cases without a match\n    at /home/felipe/.vscode/extensions/uqbar.wollok-lsp-ide-0.3.6/out/server/src/server.js:38:6067\n    at yh (/home/felipe/.vscode/extensions/uqbar.wollok-lsp-ide-0.3.6/out/server/src/server.js:2291:42)\n    at kh (/home/felipe/.vscode/extensions/uqbar.wollok-lsp-ide-0.3.6/out/server/src/server.js:2291:1004)\n    at yh (/home/felipe/.vscode/extensions/uqbar.wollok-lsp-ide-0.3.6/out/server/src/server.js:2291:456)\n    at kh (/home/felipe/.vscode/extensions/uqbar.wollok-lsp-ide-0.3.6/out/server/src/server.js:2291:1004)\n    at Y5n (/home/felipe/.vscode/extensions/uqbar.wollok-lsp-ide-0.3.6/out/server/src/server.js:2291:1160)\n    at /home/felipe/.vscode/extensions/uqbar.wollok-lsp-ide-0.3.6/out/server/src/server.js:38:6056\n    at yh (/home/felipe/.vscode/extensions/uqbar.wollok-lsp-ide-0.3.6/out/server/src/server.js:2291:42)\n    at /home/felipe/.vscode/extensions/uqbar.wollok-lsp-ide-0.3.6/out/server/src/server.js:2291:2700\n    at /home/felipe/.vscode/extensions/uqbar.wollok-lsp-ide-0.3.6/out/server/src/server.js:2298:3774","timestamp":"2024-10-11T22:30:28.756Z"}
{"level":"info","message":"⌛ Building environment","timeElapsed":260,"timestamp":"2024-10-11T22:30:29.022Z"}
{"level":"info","message":"⌛ Validating hector.wlk","timeElapsed":204,"timestamp":"2024-10-11T22:30:29.227Z"}
{"level":"info","message":"onRequest - completionItem/resolve","timestamp":"2024-10-11T22:30:29.228Z"}
{"level":"info","message":"⌛ Validating hector.wlk","timeElapsed":195,"timestamp":"2024-10-11T22:30:29.432Z"}
{"level":"info","message":"⌛ Building environment","timeElapsed":176,"timestamp":"2024-10-11T22:30:29.609Z"}
{"level":"info","message":"⌛ Building environment","timeElapsed":241,"timestamp":"2024-10-11T22:30:29.852Z"}
{"level":"error","message":"✘ Completions for node failed: Error: [Send]{f923a6} at hector.wlk:90 exhausted all cases without a match [Send]{f923a6} at hector.wlk:90 exhausted all cases without a match","stack":"Error: [Send]{f923a6} at hector.wlk:90 exhausted all cases without a match\n    at /home/felipe/.vscode/extensions/uqbar.wollok-lsp-ide-0.3.6/out/server/src/server.js:38:6067\n    at yh (/home/felipe/.vscode/extensions/uqbar.wollok-lsp-ide-0.3.6/out/server/src/server.js:2291:42)\n    at kh (/home/felipe/.vscode/extensions/uqbar.wollok-lsp-ide-0.3.6/out/server/src/server.js:2291:1004)\n    at Y5n (/home/felipe/.vscode/extensions/uqbar.wollok-lsp-ide-0.3.6/out/server/src/server.js:2291:1160)\n    at /home/felipe/.vscode/extensions/uqbar.wollok-lsp-ide-0.3.6/out/server/src/server.js:38:6056\n    at yh (/home/felipe/.vscode/extensions/uqbar.wollok-lsp-ide-0.3.6/out/server/src/server.js:2291:42)\n    at /home/felipe/.vscode/extensions/uqbar.wollok-lsp-ide-0.3.6/out/server/src/server.js:2291:2700\n    at /home/felipe/.vscode/extensions/uqbar.wollok-lsp-ide-0.3.6/out/server/src/server.js:2298:3774\n    at /home/felipe/.vscode/extensions/uqbar.wollok-lsp-ide-0.3.6/out/server/src/server.js:37:74872\n    at Fe (/home/felipe/.vscode/extensions/uqbar.wollok-lsp-ide-0.3.6/out/server/src/server.js:7:8527)","timestamp":"2024-10-11T22:30:29.907Z"}
{"level":"error","message":"✘ Completions for node failed: Error: [Return]{8db8fb} at hector.wlk:90 exhausted all cases without a match [Return]{8db8fb} at hector.wlk:90 exhausted all cases without a match","stack":"Error: [Return]{8db8fb} at hector.wlk:90 exhausted all cases without a match\n    at /home/felipe/.vscode/extensions/uqbar.wollok-lsp-ide-0.3.6/out/server/src/server.js:38:6067\n    at yh (/home/felipe/.vscode/extensions/uqbar.wollok-lsp-ide-0.3.6/out/server/src/server.js:2291:42)\n    at kh (/home/felipe/.vscode/extensions/uqbar.wollok-lsp-ide-0.3.6/out/server/src/server.js:2291:1004)\n    at yh (/home/felipe/.vscode/extensions/uqbar.wollok-lsp-ide-0.3.6/out/server/src/server.js:2291:456)\n    at kh (/home/felipe/.vscode/extensions/uqbar.wollok-lsp-ide-0.3.6/out/server/src/server.js:2291:1004)\n    at Y5n (/home/felipe/.vscode/extensions/uqbar.wollok-lsp-ide-0.3.6/out/server/src/server.js:2291:1160)\n    at /home/felipe/.vscode/extensions/uqbar.wollok-lsp-ide-0.3.6/out/server/src/server.js:38:6056\n    at yh (/home/felipe/.vscode/extensions/uqbar.wollok-lsp-ide-0.3.6/out/server/src/server.js:2291:42)\n    at /home/felipe/.vscode/extensions/uqbar.wollok-lsp-ide-0.3.6/out/server/src/server.js:2291:2700\n    at /home/felipe/.vscode/extensions/uqbar.wollok-lsp-ide-0.3.6/out/server/src/server.js:2298:3774","timestamp":"2024-10-11T22:30:29.907Z"}
{"level":"info","message":"⌛ Validating hector.wlk","timeElapsed":211,"timestamp":"2024-10-11T22:30:30.125Z"}
{"level":"info","message":"⌛ Validating hector.wlk","timeElapsed":191,"timestamp":"2024-10-11T22:30:30.318Z"}
{"level":"info","message":"⌛ Building environment","timeElapsed":226,"timestamp":"2024-10-11T22:30:30.546Z"}
{"level":"info","message":"⌛ Validating hector.wlk","timeElapsed":225,"timestamp":"2024-10-11T22:30:30.780Z"}
{"level":"info","message":"⌛ Building environment","timeElapsed":160,"timestamp":"2024-10-11T22:30:30.942Z"}
{"level":"error","message":"✘ Completions for node failed: Error: [Send]{7ecf48} at hector.wlk:90 exhausted all cases without a match [Send]{7ecf48} at hector.wlk:90 exhausted all cases without a match","stack":"Error: [Send]{7ecf48} at hector.wlk:90 exhausted all cases without a match\n    at /home/felipe/.vscode/extensions/uqbar.wollok-lsp-ide-0.3.6/out/server/src/server.js:38:6067\n    at yh (/home/felipe/.vscode/extensions/uqbar.wollok-lsp-ide-0.3.6/out/server/src/server.js:2291:42)\n    at kh (/home/felipe/.vscode/extensions/uqbar.wollok-lsp-ide-0.3.6/out/server/src/server.js:2291:1004)\n    at Y5n (/home/felipe/.vscode/extensions/uqbar.wollok-lsp-ide-0.3.6/out/server/src/server.js:2291:1160)\n    at /home/felipe/.vscode/extensions/uqbar.wollok-lsp-ide-0.3.6/out/server/src/server.js:38:6056\n    at yh (/home/felipe/.vscode/extensions/uqbar.wollok-lsp-ide-0.3.6/out/server/src/server.js:2291:42)\n    at /home/felipe/.vscode/extensions/uqbar.wollok-lsp-ide-0.3.6/out/server/src/server.js:2291:2700\n    at /home/felipe/.vscode/extensions/uqbar.wollok-lsp-ide-0.3.6/out/server/src/server.js:2298:3774\n    at /home/felipe/.vscode/extensions/uqbar.wollok-lsp-ide-0.3.6/out/server/src/server.js:37:74872\n    at Fe (/home/felipe/.vscode/extensions/uqbar.wollok-lsp-ide-0.3.6/out/server/src/server.js:7:8527)","timestamp":"2024-10-11T22:30:30.991Z"}
{"level":"error","message":"✘ Completions for node failed: Error: [Return]{2344a5} at hector.wlk:90 exhausted all cases without a match [Return]{2344a5} at hector.wlk:90 exhausted all cases without a match","stack":"Error: [Return]{2344a5} at hector.wlk:90 exhausted all cases without a match\n    at /home/felipe/.vscode/extensions/uqbar.wollok-lsp-ide-0.3.6/out/server/src/server.js:38:6067\n    at yh (/home/felipe/.vscode/extensions/uqbar.wollok-lsp-ide-0.3.6/out/server/src/server.js:2291:42)\n    at kh (/home/felipe/.vscode/extensions/uqbar.wollok-lsp-ide-0.3.6/out/server/src/server.js:2291:1004)\n    at yh (/home/felipe/.vscode/extensions/uqbar.wollok-lsp-ide-0.3.6/out/server/src/server.js:2291:456)\n    at kh (/home/felipe/.vscode/extensions/uqbar.wollok-lsp-ide-0.3.6/out/server/src/server.js:2291:1004)\n    at Y5n (/home/felipe/.vscode/extensions/uqbar.wollok-lsp-ide-0.3.6/out/server/src/server.js:2291:1160)\n    at /home/felipe/.vscode/extensions/uqbar.wollok-lsp-ide-0.3.6/out/server/src/server.js:38:6056\n    at yh (/home/felipe/.vscode/extensions/uqbar.wollok-lsp-ide-0.3.6/out/server/src/server.js:2291:42)\n    at /home/felipe/.vscode/extensions/uqbar.wollok-lsp-ide-0.3.6/out/server/src/server.js:2291:2700\n    at /home/felipe/.vscode/extensions/uqbar.wollok-lsp-ide-0.3.6/out/server/src/server.js:2298:3774","timestamp":"2024-10-11T22:30:30.991Z"}
{"level":"info","message":"⌛ Validating hector.wlk","timeElapsed":209,"timestamp":"2024-10-11T22:30:31.207Z"}
{"level":"info","message":"⌛ Building environment","timeElapsed":168,"timestamp":"2024-10-11T22:30:31.638Z"}
{"level":"error","message":"✘ Completions for node failed: Error: [Send]{893361} at hector.wlk:90 exhausted all cases without a match [Send]{893361} at hector.wlk:90 exhausted all cases without a match","stack":"Error: [Send]{893361} at hector.wlk:90 exhausted all cases without a match\n    at /home/felipe/.vscode/extensions/uqbar.wollok-lsp-ide-0.3.6/out/server/src/server.js:38:6067\n    at yh (/home/felipe/.vscode/extensions/uqbar.wollok-lsp-ide-0.3.6/out/server/src/server.js:2291:42)\n    at kh (/home/felipe/.vscode/extensions/uqbar.wollok-lsp-ide-0.3.6/out/server/src/server.js:2291:1004)\n    at Y5n (/home/felipe/.vscode/extensions/uqbar.wollok-lsp-ide-0.3.6/out/server/src/server.js:2291:1160)\n    at /home/felipe/.vscode/extensions/uqbar.wollok-lsp-ide-0.3.6/out/server/src/server.js:38:6056\n    at yh (/home/felipe/.vscode/extensions/uqbar.wollok-lsp-ide-0.3.6/out/server/src/server.js:2291:42)\n    at /home/felipe/.vscode/extensions/uqbar.wollok-lsp-ide-0.3.6/out/server/src/server.js:2291:2700\n    at /home/felipe/.vscode/extensions/uqbar.wollok-lsp-ide-0.3.6/out/server/src/server.js:2298:3774\n    at /home/felipe/.vscode/extensions/uqbar.wollok-lsp-ide-0.3.6/out/server/src/server.js:37:74872\n    at Fe (/home/felipe/.vscode/extensions/uqbar.wollok-lsp-ide-0.3.6/out/server/src/server.js:7:8527)","timestamp":"2024-10-11T22:30:31.677Z"}
{"level":"error","message":"✘ Completions for node failed: Error: [Return]{0f62f1} at hector.wlk:90 exhausted all cases without a match [Return]{0f62f1} at hector.wlk:90 exhausted all cases without a match","stack":"Error: [Return]{0f62f1} at hector.wlk:90 exhausted all cases without a match\n    at /home/felipe/.vscode/extensions/uqbar.wollok-lsp-ide-0.3.6/out/server/src/server.js:38:6067\n    at yh (/home/felipe/.vscode/extensions/uqbar.wollok-lsp-ide-0.3.6/out/server/src/server.js:2291:42)\n    at kh (/home/felipe/.vscode/extensions/uqbar.wollok-lsp-ide-0.3.6/out/server/src/server.js:2291:1004)\n    at yh (/home/felipe/.vscode/extensions/uqbar.wollok-lsp-ide-0.3.6/out/server/src/server.js:2291:456)\n    at kh (/home/felipe/.vscode/extensions/uqbar.wollok-lsp-ide-0.3.6/out/server/src/server.js:2291:1004)\n    at Y5n (/home/felipe/.vscode/extensions/uqbar.wollok-lsp-ide-0.3.6/out/server/src/server.js:2291:1160)\n    at /home/felipe/.vscode/extensions/uqbar.wollok-lsp-ide-0.3.6/out/server/src/server.js:38:6056\n    at yh (/home/felipe/.vscode/extensions/uqbar.wollok-lsp-ide-0.3.6/out/server/src/server.js:2291:42)\n    at /home/felipe/.vscode/extensions/uqbar.wollok-lsp-ide-0.3.6/out/server/src/server.js:2291:2700\n    at /home/felipe/.vscode/extensions/uqbar.wollok-lsp-ide-0.3.6/out/server/src/server.js:2298:3774","timestamp":"2024-10-11T22:30:31.677Z"}
{"level":"info","message":"⌛ Validating hector.wlk","timeElapsed":259,"timestamp":"2024-10-11T22:30:31.939Z"}
{"level":"info","message":"⌛ Building environment","timeElapsed":156,"timestamp":"2024-10-11T22:30:32.096Z"}
{"level":"error","message":"✘ Completions for node failed: Error: [Send]{c5d2e7} at hector.wlk:90 exhausted all cases without a match [Send]{c5d2e7} at hector.wlk:90 exhausted all cases without a match","stack":"Error: [Send]{c5d2e7} at hector.wlk:90 exhausted all cases without a match\n    at /home/felipe/.vscode/extensions/uqbar.wollok-lsp-ide-0.3.6/out/server/src/server.js:38:6067\n    at yh (/home/felipe/.vscode/extensions/uqbar.wollok-lsp-ide-0.3.6/out/server/src/server.js:2291:42)\n    at kh (/home/felipe/.vscode/extensions/uqbar.wollok-lsp-ide-0.3.6/out/server/src/server.js:2291:1004)\n    at Y5n (/home/felipe/.vscode/extensions/uqbar.wollok-lsp-ide-0.3.6/out/server/src/server.js:2291:1160)\n    at /home/felipe/.vscode/extensions/uqbar.wollok-lsp-ide-0.3.6/out/server/src/server.js:38:6056\n    at yh (/home/felipe/.vscode/extensions/uqbar.wollok-lsp-ide-0.3.6/out/server/src/server.js:2291:42)\n    at /home/felipe/.vscode/extensions/uqbar.wollok-lsp-ide-0.3.6/out/server/src/server.js:2291:2700\n    at /home/felipe/.vscode/extensions/uqbar.wollok-lsp-ide-0.3.6/out/server/src/server.js:2298:3774\n    at /home/felipe/.vscode/extensions/uqbar.wollok-lsp-ide-0.3.6/out/server/src/server.js:37:74872\n    at Fe (/home/felipe/.vscode/extensions/uqbar.wollok-lsp-ide-0.3.6/out/server/src/server.js:7:8527)","timestamp":"2024-10-11T22:30:32.191Z"}
{"level":"error","message":"✘ Completions for node failed: Error: [Return]{50ff64} at hector.wlk:90 exhausted all cases without a match [Return]{50ff64} at hector.wlk:90 exhausted all cases without a match","stack":"Error: [Return]{50ff64} at hector.wlk:90 exhausted all cases without a match\n    at /home/felipe/.vscode/extensions/uqbar.wollok-lsp-ide-0.3.6/out/server/src/server.js:38:6067\n    at yh (/home/felipe/.vscode/extensions/uqbar.wollok-lsp-ide-0.3.6/out/server/src/server.js:2291:42)\n    at kh (/home/felipe/.vscode/extensions/uqbar.wollok-lsp-ide-0.3.6/out/server/src/server.js:2291:1004)\n    at yh (/home/felipe/.vscode/extensions/uqbar.wollok-lsp-ide-0.3.6/out/server/src/server.js:2291:456)\n    at kh (/home/felipe/.vscode/extensions/uqbar.wollok-lsp-ide-0.3.6/out/server/src/server.js:2291:1004)\n    at Y5n (/home/felipe/.vscode/extensions/uqbar.wollok-lsp-ide-0.3.6/out/server/src/server.js:2291:1160)\n    at /home/felipe/.vscode/extensions/uqbar.wollok-lsp-ide-0.3.6/out/server/src/server.js:38:6056\n    at yh (/home/felipe/.vscode/extensions/uqbar.wollok-lsp-ide-0.3.6/out/server/src/server.js:2291:42)\n    at /home/felipe/.vscode/extensions/uqbar.wollok-lsp-ide-0.3.6/out/server/src/server.js:2291:2700\n    at /home/felipe/.vscode/extensions/uqbar.wollok-lsp-ide-0.3.6/out/server/src/server.js:2298:3774","timestamp":"2024-10-11T22:30:32.192Z"}
{"level":"info","message":"⌛ Validating hector.wlk","timeElapsed":221,"timestamp":"2024-10-11T22:30:32.418Z"}
{"level":"info","message":"⌛ Building environment","timeElapsed":196,"timestamp":"2024-10-11T22:30:32.616Z"}
{"level":"error","message":"✘ Completions for node failed: Error: [Send]{42a052} at hector.wlk:90 exhausted all cases without a match [Send]{42a052} at hector.wlk:90 exhausted all cases without a match","stack":"Error: [Send]{42a052} at hector.wlk:90 exhausted all cases without a match\n    at /home/felipe/.vscode/extensions/uqbar.wollok-lsp-ide-0.3.6/out/server/src/server.js:38:6067\n    at yh (/home/felipe/.vscode/extensions/uqbar.wollok-lsp-ide-0.3.6/out/server/src/server.js:2291:42)\n    at kh (/home/felipe/.vscode/extensions/uqbar.wollok-lsp-ide-0.3.6/out/server/src/server.js:2291:1004)\n    at Y5n (/home/felipe/.vscode/extensions/uqbar.wollok-lsp-ide-0.3.6/out/server/src/server.js:2291:1160)\n    at /home/felipe/.vscode/extensions/uqbar.wollok-lsp-ide-0.3.6/out/server/src/server.js:38:6056\n    at yh (/home/felipe/.vscode/extensions/uqbar.wollok-lsp-ide-0.3.6/out/server/src/server.js:2291:42)\n    at /home/felipe/.vscode/extensions/uqbar.wollok-lsp-ide-0.3.6/out/server/src/server.js:2291:2700\n    at /home/felipe/.vscode/extensions/uqbar.wollok-lsp-ide-0.3.6/out/server/src/server.js:2298:3774\n    at /home/felipe/.vscode/extensions/uqbar.wollok-lsp-ide-0.3.6/out/server/src/server.js:37:74872\n    at Fe (/home/felipe/.vscode/extensions/uqbar.wollok-lsp-ide-0.3.6/out/server/src/server.js:7:8527)","timestamp":"2024-10-11T22:30:32.656Z"}
{"level":"error","message":"✘ Completions for node failed: Error: [Return]{299c94} at hector.wlk:90 exhausted all cases without a match [Return]{299c94} at hector.wlk:90 exhausted all cases without a match","stack":"Error: [Return]{299c94} at hector.wlk:90 exhausted all cases without a match\n    at /home/felipe/.vscode/extensions/uqbar.wollok-lsp-ide-0.3.6/out/server/src/server.js:38:6067\n    at yh (/home/felipe/.vscode/extensions/uqbar.wollok-lsp-ide-0.3.6/out/server/src/server.js:2291:42)\n    at kh (/home/felipe/.vscode/extensions/uqbar.wollok-lsp-ide-0.3.6/out/server/src/server.js:2291:1004)\n    at yh (/home/felipe/.vscode/extensions/uqbar.wollok-lsp-ide-0.3.6/out/server/src/server.js:2291:456)\n    at kh (/home/felipe/.vscode/extensions/uqbar.wollok-lsp-ide-0.3.6/out/server/src/server.js:2291:1004)\n    at Y5n (/home/felipe/.vscode/extensions/uqbar.wollok-lsp-ide-0.3.6/out/server/src/server.js:2291:1160)\n    at /home/felipe/.vscode/extensions/uqbar.wollok-lsp-ide-0.3.6/out/server/src/server.js:38:6056\n    at yh (/home/felipe/.vscode/extensions/uqbar.wollok-lsp-ide-0.3.6/out/server/src/server.js:2291:42)\n    at /home/felipe/.vscode/extensions/uqbar.wollok-lsp-ide-0.3.6/out/server/src/server.js:2291:2700\n    at /home/felipe/.vscode/extensions/uqbar.wollok-lsp-ide-0.3.6/out/server/src/server.js:2298:3774","timestamp":"2024-10-11T22:30:32.656Z"}
{"level":"info","message":"⌛ Building environment","timeElapsed":141,"timestamp":"2024-10-11T22:30:32.802Z"}
{"level":"info","message":"⌛ Building environment","timeElapsed":169,"timestamp":"2024-10-11T22:30:32.972Z"}
{"level":"info","message":"⌛ Validating hector.wlk","timeElapsed":245,"timestamp":"2024-10-11T22:30:33.220Z"}
{"level":"info","message":"⌛ Validating hector.wlk","timeElapsed":177,"timestamp":"2024-10-11T22:30:33.399Z"}
{"level":"info","message":"⌛ Building environment","timeElapsed":169,"timestamp":"2024-10-11T22:30:33.576Z"}
{"level":"error","message":"✘ Completions for node failed: Error: [Send]{70dd3e} at hector.wlk:90 exhausted all cases without a match [Send]{70dd3e} at hector.wlk:90 exhausted all cases without a match","stack":"Error: [Send]{70dd3e} at hector.wlk:90 exhausted all cases without a match\n    at /home/felipe/.vscode/extensions/uqbar.wollok-lsp-ide-0.3.6/out/server/src/server.js:38:6067\n    at yh (/home/felipe/.vscode/extensions/uqbar.wollok-lsp-ide-0.3.6/out/server/src/server.js:2291:42)\n    at kh (/home/felipe/.vscode/extensions/uqbar.wollok-lsp-ide-0.3.6/out/server/src/server.js:2291:1004)\n    at Y5n (/home/felipe/.vscode/extensions/uqbar.wollok-lsp-ide-0.3.6/out/server/src/server.js:2291:1160)\n    at /home/felipe/.vscode/extensions/uqbar.wollok-lsp-ide-0.3.6/out/server/src/server.js:38:6056\n    at yh (/home/felipe/.vscode/extensions/uqbar.wollok-lsp-ide-0.3.6/out/server/src/server.js:2291:42)\n    at /home/felipe/.vscode/extensions/uqbar.wollok-lsp-ide-0.3.6/out/server/src/server.js:2291:2700\n    at /home/felipe/.vscode/extensions/uqbar.wollok-lsp-ide-0.3.6/out/server/src/server.js:2298:3774\n    at /home/felipe/.vscode/extensions/uqbar.wollok-lsp-ide-0.3.6/out/server/src/server.js:37:74872\n    at Fe (/home/felipe/.vscode/extensions/uqbar.wollok-lsp-ide-0.3.6/out/server/src/server.js:7:8527)","timestamp":"2024-10-11T22:30:33.615Z"}
{"level":"error","message":"✘ Completions for node failed: Error: [Return]{750f71} at hector.wlk:90 exhausted all cases without a match [Return]{750f71} at hector.wlk:90 exhausted all cases without a match","stack":"Error: [Return]{750f71} at hector.wlk:90 exhausted all cases without a match\n    at /home/felipe/.vscode/extensions/uqbar.wollok-lsp-ide-0.3.6/out/server/src/server.js:38:6067\n    at yh (/home/felipe/.vscode/extensions/uqbar.wollok-lsp-ide-0.3.6/out/server/src/server.js:2291:42)\n    at kh (/home/felipe/.vscode/extensions/uqbar.wollok-lsp-ide-0.3.6/out/server/src/server.js:2291:1004)\n    at yh (/home/felipe/.vscode/extensions/uqbar.wollok-lsp-ide-0.3.6/out/server/src/server.js:2291:456)\n    at kh (/home/felipe/.vscode/extensions/uqbar.wollok-lsp-ide-0.3.6/out/server/src/server.js:2291:1004)\n    at Y5n (/home/felipe/.vscode/extensions/uqbar.wollok-lsp-ide-0.3.6/out/server/src/server.js:2291:1160)\n    at /home/felipe/.vscode/extensions/uqbar.wollok-lsp-ide-0.3.6/out/server/src/server.js:38:6056\n    at yh (/home/felipe/.vscode/extensions/uqbar.wollok-lsp-ide-0.3.6/out/server/src/server.js:2291:42)\n    at /home/felipe/.vscode/extensions/uqbar.wollok-lsp-ide-0.3.6/out/server/src/server.js:2291:2700\n    at /home/felipe/.vscode/extensions/uqbar.wollok-lsp-ide-0.3.6/out/server/src/server.js:2298:3774","timestamp":"2024-10-11T22:30:33.615Z"}
{"level":"info","message":"⌛ Validating hector.wlk","timeElapsed":178,"timestamp":"2024-10-11T22:30:33.797Z"}
{"level":"info","message":"⌛ Validating hector.wlk","timeElapsed":196,"timestamp":"2024-10-11T22:30:33.994Z"}
{"level":"info","message":"⌛ Building environment","timeElapsed":194,"timestamp":"2024-10-11T22:30:34.331Z"}
{"level":"info","message":"⌛ Validating hector.wlk","timeElapsed":208,"timestamp":"2024-10-11T22:30:34.540Z"}
{"level":"error","message":"✘ Failed to get type description: Error: Failed to print, found malformed node Failed to print, found malformed node","node":{"id":"8cd7cbf6-eab3-49c2-9677-652adde29bc1","metadata":[],"problems":[{"code":"malformedSentence","sourceMap":{"end":{"column":0,"line":93,"offset":2107},"start":{"column":1,"line":92,"offset":2087}}}],"scope":{"containerScope":{"containerScope":{"containerScope":{"containerScope":{"contributions":{},"includedScopes":[]},"contributions":{},"includedScopes":[{"contributions":{},"includedScopes":[]},{"contributions":{},"includedScopes":[]},{"contributions":{},"includedScopes":[]},{"contributions":{},"includedScopes":[]}]},"contributions":{},"includedScopes":[{"containerScope":{"containerScope":{"containerScope":{"contributions":{},"includedScopes":[]},"contributions":{},"includedScopes":[]},"contributions":{},"includedScopes":[]},"contributions":{},"includedScopes":[]}]},"contributions":{},"includedScopes":[]},"contributions":{},"includedScopes":[]},"sentences":[{"id":"c2cfe890-0f08-48d6-ad7a-fbb70ff854d6","metadata":[],"scope":{"containerScope":{"containerScope":{"containerScope":{"containerScope":{"containerScope":{"contributions":{},"includedScopes":[]},"contributions":{},"includedScopes":[{"contributions":{},"includedScopes":[]},{"contributions":{},"includedScopes":[]},{"contributions":{},"includedScopes":[]},{"contributions":{},"includedScopes":[]}]},"contributions":{},"includedScopes":[{"containerScope":{"containerScope":{"containerScope":{"contributions":{},"includedScopes":[]},"contributions":{},"includedScopes":[]},"contributions":{},"includedScopes":[]},"contributions":{},"includedScopes":[]}]},"contributions":{},"includedScopes":[]},"contributions":{},"includedScopes":[]},"contributions":{},"includedScopes":[]},"sourceMap":{"end":{"column":42,"line":91,"offset":2082},"start":{"column":3,"line":90,"offset":2009}},"value":{"args":[{"args":[],"id":"0398f247-50d4-4395-889c-7ba890c9db4e","message":"puedeVender","metadata":[],"receiver":{"args":[],"id":"a5ce569f-9ab4-4226-937e-6543625a66a7","message":"mercadoAqui","metadata":[],"receiver":{"id":"d274d8c8-6d0b-4ea5-b101-c3ec72240d75","metadata":[],"name":"terreno","scope":{"containerScope":{"containerScope":{"containerScope":{"containerScope":{"containerScope":{"containerScope":{"containerScope":{"containerScope":{"containerScope":{"contributions":{},"includedScopes":[]},"contributions":{},"includedScopes":[{"contributions":{},"includedScopes":[]},{"contributions":{},"includedScopes":[]},{"contributions":{},"includedScopes":[]},{"contributions":{},"includedScopes":[]}]},"contributions":{},"includedScopes":[{"containerScope":{"containerScope":{"containerScope":{"contributions":{},"includedScopes":[]},"contributions":{},"includedScopes":[]},"contributions":{},"includedScopes":[]},"contributions":{},"includedScopes":[]}]},"contributions":{},"includedScopes":[]},"contributions":{},"includedScopes":[]},"contributions":{},"includedScopes":[]},"contributions":{},"includedScopes":[]},"contributions":{},"includedScopes":[]},"contributions":{},"includedScopes":[]},"contributions":{},"includedScopes":[]},"sourceMap":{"end":{"column":14,"line":91,"offset":2054},"start":{"column":7,"line":91,"offset":2047}}},"scope":{"containerScope":{"containerScope":{"containerScope":{"containerScope":{"containerScope":{"containerScope":{"containerScope":{"containerScope":{"contributions":{},"includedScopes":[]},"contributions":{},"includedScopes":[{"contributions":{},"includedScopes":[]},{"contributions":{},"includedScopes":[]},{"contributions":{},"includedScopes":[]},{"contributions":{},"includedScopes":[]}]},"contributions":{},"includedScopes":[{"containerScope":{"containerScope":{"containerScope":{"contributions":{},"includedScopes":[]},"contributions":{},"includedScopes":[]},"contributions":{},"includedScopes":[]},"contributions":{},"includedScopes":[]}]},"contributions":{},"includedScopes":[]},"contributions":{},"includedScopes":[]},"contributions":{},"includedScopes":[]},"contributions":{},"includedScopes":[]},"contributions":{},"includedScopes":[]},"contributions":{},"includedScopes":[]},"sourceMap":{"end":{"column":28,"line":91,"offset":2068},"start":{"column":7,"line":91,"offset":2047}}},"scope":{"containerScope":{"containerScope":{"containerScope":{"containerScope":{"containerScope":{"containerScope":{"containerScope":{"contributions":{},"includedScopes":[]},"contributions":{},"includedScopes":[{"contributions":{},"includedScopes":[]},{"contributions":{},"includedScopes":[]},{"contributions":{},"includedScopes":[]},{"contributions":{},"includedScopes":[]}]},"contributions":{},"includedScopes":[{"containerScope":{"containerScope":{"containerScope":{"contributions":{},"includedScopes":[]},"contributions":{},"includedScopes":[]},"contributions":{},"includedScopes":[]},"contributions":{},"includedScopes":[]}]},"contributions":{},"includedScopes":[]},"contributions":{},"includedScopes":[]},"contributions":{},"includedScopes":[]},"contributions":{},"includedScopes":[]},"contributions":{},"includedScopes":[]},"sourceMap":{"end":{"column":42,"line":91,"offset":2082},"start":{"column":7,"line":91,"offset":2047}}}],"id":"0ffeaf52-fc33-4753-8cf5-378adb3341f4","message":"and","metadata":[],"receiver":{"args":[],"id":"bbaff4bd-61c8-4fe6-a444-4d4bb5d52cec","message":"hayMercado","metadata":[],"receiver":{"id":"245f5981-52fd-45c8-8d9c-dc353b160769","metadata":[],"name":"terreno","scope":{"containerScope":{"containerScope":{"containerScope":{"containerScope":{"containerScope":{"containerScope":{"containerScope":{"containerScope":{"contributions":{},"includedScopes":[]},"contributions":{},"includedScopes":[{"contributions":{},"includedScopes":[]},{"contributions":{},"includedScopes":[]},{"contributions":{},"includedScopes":[]},{"contributions":{},"includedScopes":[]}]},"contributions":{},"includedScopes":[{"containerScope":{"containerScope":{"containerScope":{"contributions":{},"includedScopes":[]},"contributions":{},"includedScopes":[]},"contributions":{},"includedScopes":[]},"contributions":{},"includedScopes":[]}]},"contributions":{},"includedScopes":[]},"contributions":{},"includedScopes":[]},"contributions":{},"includedScopes":[]},"contributions":{},"includedScopes":[]},"contributions":{},"includedScopes":[]},"contributions":{},"includedScopes":[]},"sourceMap":{"end":{"column":17,"line":90,"offset":2023},"start":{"column":10,"line":90,"offset":2016}}},"scope":{"containerScope":{"containerScope":{"containerScope":{"containerScope":{"containerScope":{"containerScope":{"containerScope":{"contributions":{},"includedScopes":[]},"contributions":{},"includedScopes":[{"contributions":{},"includedScopes":[]},{"contributions":{},"includedScopes":[]},{"contributions":{},"includedScopes":[]},{"contributions":{},"includedScopes":[]}]},"contributions":{},"includedScopes":[{"containerScope":{"containerScope":{"containerScope":{"contributions":{},"includedScopes":[]},"contributions":{},"includedScopes":[]},"contributions":{},"includedScopes":[]},"contributions":{},"includedScopes":[]}]},"contributions":{},"includedScopes":[]},"contributions":{},"includedScopes":[]},"contributions":{},"includedScopes":[]},"contributions":{},"includedScopes":[]},"contributions":{},"includedScopes":[]},"sourceMap":{"end":{"column":30,"line":90,"offset":2036},"start":{"column":10,"line":90,"offset":2016}}},"scope":{"containerScope":{"containerScope":{"containerScope":{"containerScope":{"containerScope":{"containerScope":{"contributions":{},"includedScopes":[]},"contributions":{},"includedScopes":[{"contributions":{},"includedScopes":[]},{"contributions":{},"includedScopes":[]},{"contributions":{},"includedScopes":[]},{"contributions":{},"includedScopes":[]}]},"contributions":{},"includedScopes":[{"containerScope":{"containerScope":{"containerScope":{"contributions":{},"includedScopes":[]},"contributions":{},"includedScopes":[]},"contributions":{},"includedScopes":[]},"contributions":{},"includedScopes":[]}]},"contributions":{},"includedScopes":[]},"contributions":{},"includedScopes":[]},"contributions":{},"includedScopes":[]},"contributions":{},"includedScopes":[]},"sourceMap":{"end":{"column":42,"line":91,"offset":2082},"start":{"column":10,"line":90,"offset":2016}}}},{"id":"0e8a654a-522f-4442-af63-28b392061a1c","metadata":[],"name":"and","scope":{"containerScope":{"containerScope":{"containerScope":{"containerScope":{"containerScope":{"contributions":{},"includedScopes":[]},"contributions":{},"includedScopes":[{"contributions":{},"includedScopes":[]},{"contributions":{},"includedScopes":[]},{"contributions":{},"includedScopes":[]},{"contributions":{},"includedScopes":[]}]},"contributions":{},"includedScopes":[{"containerScope":{"containerScope":{"containerScope":{"contributions":{},"includedScopes":[]},"contributions":{},"includedScopes":[]},"contributions":{},"includedScopes":[]},"contributions":{},"includedScopes":[]}]},"contributions":{},"includedScopes":[]},"contributions":{},"includedScopes":[]},"contributions":{},"includedScopes":[]},"sourceMap":{"end":{"column":0,"line":92,"offset":2086},"start":{"column":43,"line":91,"offset":2083}}}],"sourceMap":{"end":{"column":3,"line":93,"offset":2110},"start":{"column":24,"line":89,"offset":2005}}},"stack":"Error: Failed to print, found malformed node\n    at /home/felipe/.vscode/extensions/uqbar.wollok-lsp-ide-0.3.6/out/server/src/server.js:68:3533\n    at /home/felipe/.vscode/extensions/uqbar.wollok-lsp-ide-0.3.6/out/server/src/server.js:68:5372\n    at /home/felipe/.vscode/extensions/uqbar.wollok-lsp-ide-0.3.6/out/server/src/server.js:38:6056\n    at /home/felipe/.vscode/extensions/uqbar.wollok-lsp-ide-0.3.6/out/server/src/server.js:68:3612\n    at aln (/home/felipe/.vscode/extensions/uqbar.wollok-lsp-ide-0.3.6/out/server/src/server.js:68:3344)\n    at /home/felipe/.vscode/extensions/uqbar.wollok-lsp-ide-0.3.6/out/server/src/server.js:2285:847\n    at /home/felipe/.vscode/extensions/uqbar.wollok-lsp-ide-0.3.6/out/server/src/server.js:2298:3774\n    at /home/felipe/.vscode/extensions/uqbar.wollok-lsp-ide-0.3.6/out/server/src/server.js:37:74770\n    at Fe (/home/felipe/.vscode/extensions/uqbar.wollok-lsp-ide-0.3.6/out/server/src/server.js:7:8527)\n    at Pt (/home/felipe/.vscode/extensions/uqbar.wollok-lsp-ide-0.3.6/out/server/src/server.js:7:6189)","timestamp":"2024-10-11T22:30:38.477Z"}
{"level":"info","message":"⌛ Building environment","timeElapsed":199,"timestamp":"2024-10-11T22:30:39.550Z"}
{"level":"info","message":"⌛ Building environment","timeElapsed":173,"timestamp":"2024-10-11T22:30:39.778Z"}
{"level":"info","message":"⌛ Validating hector.wlk","timeElapsed":209,"timestamp":"2024-10-11T22:30:39.987Z"}
{"level":"info","message":"⌛ Validating hector.wlk","timeElapsed":189,"timestamp":"2024-10-11T22:30:40.178Z"}
{"level":"info","message":"⌛ Building environment","timeElapsed":154,"timestamp":"2024-10-11T22:30:40.340Z"}
{"level":"info","message":"⌛ Building environment","timeElapsed":166,"timestamp":"2024-10-11T22:30:40.508Z"}
{"level":"info","message":"⌛ Validating hector.wlk","timeElapsed":183,"timestamp":"2024-10-11T22:30:40.691Z"}
{"level":"info","message":"⌛ Validating hector.wlk","timeElapsed":196,"timestamp":"2024-10-11T22:30:40.894Z"}
{"level":"info","message":"⌛ Building environment","timeElapsed":153,"timestamp":"2024-10-11T22:30:41.119Z"}
{"level":"info","message":"⌛ Validating hector.wlk","timeElapsed":203,"timestamp":"2024-10-11T22:30:41.367Z"}
{"level":"info","message":"onRequest - completionItem/resolve","timestamp":"2024-10-11T22:30:41.368Z"}
{"level":"info","message":"⌛ Building environment","timeElapsed":190,"timestamp":"2024-10-11T22:30:45.440Z"}
{"level":"info","message":"⌛ Validating hector.wlk","timeElapsed":190,"timestamp":"2024-10-11T22:30:45.632Z"}
{"level":"info","message":"⌛ Building environment","timeElapsed":148,"timestamp":"2024-10-11T22:30:45.832Z"}
{"level":"info","message":"⌛ Validating hector.wlk","timeElapsed":210,"timestamp":"2024-10-11T22:30:46.044Z"}
{"level":"info","message":"⌛ Building environment","timeElapsed":146,"timestamp":"2024-10-11T22:30:46.196Z"}
{"level":"info","message":"⌛ Validating hector.wlk","timeElapsed":207,"timestamp":"2024-10-11T22:30:46.439Z"}
{"level":"info","message":"onRequest - completionItem/resolve","timestamp":"2024-10-11T22:30:46.440Z"}
{"level":"info","message":"⌛ Building environment","timeElapsed":151,"timestamp":"2024-10-11T22:30:46.593Z"}
{"level":"info","message":"onRequest - completionItem/resolve","timestamp":"2024-10-11T22:30:46.593Z"}
{"level":"info","message":"⌛ Validating hector.wlk","timeElapsed":195,"timestamp":"2024-10-11T22:30:46.789Z"}
{"level":"info","message":"⌛ Building environment","timeElapsed":155,"timestamp":"2024-10-11T22:30:46.965Z"}
{"level":"info","message":"onRequest - completionItem/resolve","timestamp":"2024-10-11T22:30:46.966Z"}
{"level":"info","message":"⌛ Validating hector.wlk","timeElapsed":200,"timestamp":"2024-10-11T22:30:47.167Z"}
{"level":"info","message":"⌛ Building environment","timeElapsed":157,"timestamp":"2024-10-11T22:30:47.482Z"}
{"level":"info","message":"⌛ Validating hector.wlk","timeElapsed":211,"timestamp":"2024-10-11T22:30:47.695Z"}
{"level":"info","message":"⌛ Building environment","timeElapsed":155,"timestamp":"2024-10-11T22:30:47.873Z"}
{"level":"info","message":"⌛ Validating hector.wlk","timeElapsed":210,"timestamp":"2024-10-11T22:30:48.089Z"}
{"level":"info","message":"⌛ Building environment","timeElapsed":207,"timestamp":"2024-10-11T22:30:48.304Z"}
{"level":"info","message":"⌛ Building environment","timeElapsed":170,"timestamp":"2024-10-11T22:30:48.484Z"}
{"level":"info","message":"⌛ Validating hector.wlk","timeElapsed":183,"timestamp":"2024-10-11T22:30:48.676Z"}
{"level":"info","message":"⌛ Validating hector.wlk","timeElapsed":194,"timestamp":"2024-10-11T22:30:48.871Z"}
{"level":"info","message":"⌛ Building environment","timeElapsed":206,"timestamp":"2024-10-11T22:30:49.286Z"}
{"level":"info","message":"onRequest - completionItem/resolve","timestamp":"2024-10-11T22:30:49.287Z"}
{"level":"info","message":"⌛ Building environment","timeElapsed":158,"timestamp":"2024-10-11T22:30:49.446Z"}
{"level":"info","message":"⌛ Validating hector.wlk","timeElapsed":209,"timestamp":"2024-10-11T22:30:49.708Z"}
{"level":"info","message":"⌛ Validating hector.wlk","timeElapsed":208,"timestamp":"2024-10-11T22:30:49.917Z"}
{"level":"info","message":"onRequest - completionItem/resolve","timestamp":"2024-10-11T22:30:49.919Z"}
{"level":"info","message":"⌛ Building environment","timeElapsed":144,"timestamp":"2024-10-11T22:30:50.065Z"}
{"level":"info","message":"onRequest - completionItem/resolve","timestamp":"2024-10-11T22:30:50.065Z"}
{"level":"info","message":"⌛ Validating hector.wlk","timeElapsed":201,"timestamp":"2024-10-11T22:30:50.267Z"}
{"level":"info","message":"⌛ Building environment","timeElapsed":143,"timestamp":"2024-10-11T22:30:50.420Z"}
{"level":"info","message":"⌛ Validating hector.wlk","timeElapsed":182,"timestamp":"2024-10-11T22:30:50.641Z"}
{"level":"info","message":"⌛ Building environment","timeElapsed":159,"timestamp":"2024-10-11T22:30:50.801Z"}
{"level":"info","message":"⌛ Validating hector.wlk","timeElapsed":182,"timestamp":"2024-10-11T22:30:51.019Z"}
{"level":"info","message":"⌛ Building environment","timeElapsed":148,"timestamp":"2024-10-11T22:30:51.658Z"}
{"level":"info","message":"⌛ Validating hector.wlk","timeElapsed":187,"timestamp":"2024-10-11T22:30:51.883Z"}
{"level":"info","message":"⌛ Building environment","timeElapsed":144,"timestamp":"2024-10-11T22:30:52.625Z"}
{"level":"info","message":"⌛ Validating hector.wlk","timeElapsed":177,"timestamp":"2024-10-11T22:30:52.835Z"}
{"level":"info","message":"⌛ Building environment","timeElapsed":144,"timestamp":"2024-10-11T22:30:53.487Z"}
{"level":"info","message":"⌛ Validating hector.wlk","timeElapsed":182,"timestamp":"2024-10-11T22:30:53.706Z"}
{"level":"info","message":"⌛ Building environment","timeElapsed":149,"timestamp":"2024-10-11T22:30:54.042Z"}
{"level":"info","message":"⌛ Building environment","timeElapsed":134,"timestamp":"2024-10-11T22:30:54.220Z"}
{"level":"info","message":"⌛ Validating hector.wlk","timeElapsed":190,"timestamp":"2024-10-11T22:30:54.411Z"}
{"level":"info","message":"⌛ Validating hector.wlk","timeElapsed":194,"timestamp":"2024-10-11T22:30:54.605Z"}
{"level":"info","message":"⌛ Building environment","timeElapsed":202,"timestamp":"2024-10-11T22:30:54.819Z"}
{"level":"info","message":"⌛ Building environment","timeElapsed":149,"timestamp":"2024-10-11T22:30:55.003Z"}
{"level":"info","message":"⌛ Validating hector.wlk","timeElapsed":174,"timestamp":"2024-10-11T22:30:55.178Z"}
{"level":"info","message":"⌛ Validating hector.wlk","timeElapsed":188,"timestamp":"2024-10-11T22:30:55.373Z"}
{"level":"info","message":"⌛ Building environment","timeElapsed":190,"timestamp":"2024-10-11T22:30:56.660Z"}
{"level":"info","message":"⌛ Validating hector.wlk","timeElapsed":215,"timestamp":"2024-10-11T22:30:56.931Z"}
{"level":"info","message":"⌛ Building environment","timeElapsed":169,"timestamp":"2024-10-11T22:31:01.168Z"}
{"level":"info","message":"⌛ Validating hector.wlk","timeElapsed":192,"timestamp":"2024-10-11T22:31:01.361Z"}
{"level":"info","message":"⌛ Building environment","timeElapsed":147,"timestamp":"2024-10-11T22:31:01.517Z"}
{"level":"info","message":"⌛ Validating hector.wlk","timeElapsed":269,"timestamp":"2024-10-11T22:31:01.793Z"}
{"level":"info","message":"⌛ Building environment","timeElapsed":315,"timestamp":"2024-10-11T22:31:02.109Z"}
{"level":"info","message":"⌛ Validating hector.wlk","timeElapsed":225,"timestamp":"2024-10-11T22:31:02.344Z"}
{"level":"info","message":"⌛ Building environment","timeElapsed":291,"timestamp":"2024-10-11T22:31:12.802Z"}
{"level":"info","message":"⌛ Building environment","timeElapsed":164,"timestamp":"2024-10-11T22:31:13.028Z"}
{"level":"info","message":"⌛ Validating hector.wlk","timeElapsed":208,"timestamp":"2024-10-11T22:31:13.237Z"}
{"level":"info","message":"onRequest - completionItem/resolve","timestamp":"2024-10-11T22:31:13.246Z"}
{"level":"info","message":"⌛ Building environment","timeElapsed":179,"timestamp":"2024-10-11T22:31:13.427Z"}
{"level":"info","message":"onRequest - completionItem/resolve","timestamp":"2024-10-11T22:31:13.427Z"}
{"level":"info","message":"⌛ Validating hector.wlk","timeElapsed":204,"timestamp":"2024-10-11T22:31:13.632Z"}
{"level":"info","message":"⌛ Building environment","timeElapsed":142,"timestamp":"2024-10-11T22:31:13.776Z"}
{"level":"info","message":"onRequest - completionItem/resolve","timestamp":"2024-10-11T22:31:13.776Z"}
{"level":"info","message":"⌛ Building environment","timeElapsed":174,"timestamp":"2024-10-11T22:31:13.951Z"}
{"level":"info","message":"onRequest - completionItem/resolve","timestamp":"2024-10-11T22:31:13.952Z"}
{"level":"info","message":"⌛ Building environment","timeElapsed":173,"timestamp":"2024-10-11T22:31:14.125Z"}
{"level":"info","message":"onRequest - completionItem/resolve","timestamp":"2024-10-11T22:31:14.126Z"}
{"level":"info","message":"⌛ Validating hector.wlk","timeElapsed":203,"timestamp":"2024-10-11T22:31:14.330Z"}
{"level":"info","message":"⌛ Building environment","timeElapsed":150,"timestamp":"2024-10-11T22:31:14.480Z"}
{"level":"info","message":"onRequest - completionItem/resolve","timestamp":"2024-10-11T22:31:14.481Z"}
{"level":"info","message":"⌛ Validating hector.wlk","timeElapsed":205,"timestamp":"2024-10-11T22:31:14.686Z"}
{"level":"info","message":"⌛ Validating hector.wlk","timeElapsed":201,"timestamp":"2024-10-11T22:31:14.899Z"}
{"level":"info","message":"⌛ Building environment","timeElapsed":149,"timestamp":"2024-10-11T22:31:15.048Z"}
{"level":"info","message":"⌛ Validating hector.wlk","timeElapsed":177,"timestamp":"2024-10-11T22:31:15.230Z"}
{"level":"info","message":"⌛ Validating hector.wlk","timeElapsed":214,"timestamp":"2024-10-11T22:31:15.453Z"}
{"level":"info","message":"⌛ Building environment","timeElapsed":163,"timestamp":"2024-10-11T22:31:15.617Z"}
{"level":"info","message":"⌛ Validating hector.wlk","timeElapsed":211,"timestamp":"2024-10-11T22:31:15.835Z"}
{"level":"info","message":"⌛ Building environment","timeElapsed":149,"timestamp":"2024-10-11T22:31:15.985Z"}
{"level":"info","message":"⌛ Building environment","timeElapsed":158,"timestamp":"2024-10-11T22:31:16.149Z"}
{"level":"info","message":"⌛ Building environment","timeElapsed":232,"timestamp":"2024-10-11T22:31:16.382Z"}
{"level":"info","message":"⌛ Validating hector.wlk","timeElapsed":221,"timestamp":"2024-10-11T22:31:16.604Z"}
{"level":"info","message":"⌛ Building environment","timeElapsed":155,"timestamp":"2024-10-11T22:31:16.760Z"}
{"level":"info","message":"⌛ Building environment","timeElapsed":151,"timestamp":"2024-10-11T22:31:16.911Z"}
{"level":"info","message":"⌛ Validating hector.wlk","timeElapsed":181,"timestamp":"2024-10-11T22:31:17.094Z"}
{"level":"info","message":"⌛ Building environment","timeElapsed":144,"timestamp":"2024-10-11T22:31:17.238Z"}
{"level":"info","message":"⌛ Validating hector.wlk","timeElapsed":208,"timestamp":"2024-10-11T22:31:17.447Z"}
{"level":"info","message":"⌛ Building environment","timeElapsed":145,"timestamp":"2024-10-11T22:31:17.593Z"}
{"level":"info","message":"⌛ Building environment","timeElapsed":161,"timestamp":"2024-10-11T22:31:17.754Z"}
{"level":"info","message":"⌛ Validating hector.wlk","timeElapsed":299,"timestamp":"2024-10-11T22:31:18.066Z"}
{"level":"info","message":"⌛ Building environment","timeElapsed":211,"timestamp":"2024-10-11T22:31:18.278Z"}
{"level":"info","message":"⌛ Validating hector.wlk","timeElapsed":255,"timestamp":"2024-10-11T22:31:18.534Z"}
{"level":"info","message":"⌛ Validating hector.wlk","timeElapsed":198,"timestamp":"2024-10-11T22:31:18.740Z"}
{"level":"info","message":"⌛ Validating hector.wlk","timeElapsed":201,"timestamp":"2024-10-11T22:31:18.942Z"}
{"level":"info","message":"⌛ Building environment","timeElapsed":162,"timestamp":"2024-10-11T22:31:19.107Z"}
{"level":"info","message":"⌛ Building environment","timeElapsed":174,"timestamp":"2024-10-11T22:31:19.338Z"}
{"level":"info","message":"⌛ Validating hector.wlk","timeElapsed":199,"timestamp":"2024-10-11T22:31:19.542Z"}
{"level":"info","message":"⌛ Building environment","timeElapsed":156,"timestamp":"2024-10-11T22:31:19.699Z"}
{"level":"info","message":"⌛ Building environment","timeElapsed":138,"timestamp":"2024-10-11T22:31:19.837Z"}
{"level":"info","message":"⌛ Validating hector.wlk","timeElapsed":185,"timestamp":"2024-10-11T22:31:20.023Z"}
{"level":"info","message":"⌛ Building environment","timeElapsed":148,"timestamp":"2024-10-11T22:31:20.173Z"}
{"level":"info","message":"⌛ Building environment","timeElapsed":141,"timestamp":"2024-10-11T22:31:20.321Z"}
{"level":"info","message":"⌛ Validating hector.wlk","timeElapsed":199,"timestamp":"2024-10-11T22:31:20.531Z"}
{"level":"info","message":"⌛ Building environment","timeElapsed":222,"timestamp":"2024-10-11T22:31:20.754Z"}
{"level":"info","message":"⌛ Validating hector.wlk","timeElapsed":182,"timestamp":"2024-10-11T22:31:20.949Z"}
{"level":"info","message":"⌛ Building environment","timeElapsed":176,"timestamp":"2024-10-11T22:31:21.125Z"}
{"level":"info","message":"⌛ Validating hector.wlk","timeElapsed":195,"timestamp":"2024-10-11T22:31:21.321Z"}
{"level":"info","message":"⌛ Building environment","timeElapsed":159,"timestamp":"2024-10-11T22:31:21.488Z"}
{"level":"info","message":"⌛ Validating hector.wlk","timeElapsed":196,"timestamp":"2024-10-11T22:31:21.693Z"}
{"level":"info","message":"⌛ Validating hector.wlk","timeElapsed":207,"timestamp":"2024-10-11T22:31:21.902Z"}
{"level":"info","message":"⌛ Building environment","timeElapsed":161,"timestamp":"2024-10-11T22:31:22.064Z"}
{"level":"error","message":"✘ Completions for node failed: Error: [Return]{d8afb9} at hector.wlk:96 exhausted all cases without a match [Return]{d8afb9} at hector.wlk:96 exhausted all cases without a match","stack":"Error: [Return]{d8afb9} at hector.wlk:96 exhausted all cases without a match\n    at /home/felipe/.vscode/extensions/uqbar.wollok-lsp-ide-0.3.6/out/server/src/server.js:38:6067\n    at yh (/home/felipe/.vscode/extensions/uqbar.wollok-lsp-ide-0.3.6/out/server/src/server.js:2291:42)\n    at kh (/home/felipe/.vscode/extensions/uqbar.wollok-lsp-ide-0.3.6/out/server/src/server.js:2291:1004)\n    at Y5n (/home/felipe/.vscode/extensions/uqbar.wollok-lsp-ide-0.3.6/out/server/src/server.js:2291:1160)\n    at /home/felipe/.vscode/extensions/uqbar.wollok-lsp-ide-0.3.6/out/server/src/server.js:38:6056\n    at yh (/home/felipe/.vscode/extensions/uqbar.wollok-lsp-ide-0.3.6/out/server/src/server.js:2291:42)\n    at /home/felipe/.vscode/extensions/uqbar.wollok-lsp-ide-0.3.6/out/server/src/server.js:2291:2700\n    at /home/felipe/.vscode/extensions/uqbar.wollok-lsp-ide-0.3.6/out/server/src/server.js:2298:3774\n    at /home/felipe/.vscode/extensions/uqbar.wollok-lsp-ide-0.3.6/out/server/src/server.js:37:74872\n    at Fe (/home/felipe/.vscode/extensions/uqbar.wollok-lsp-ide-0.3.6/out/server/src/server.js:7:8527)","timestamp":"2024-10-11T22:31:22.098Z"}
{"level":"info","message":"⌛ Validating hector.wlk","timeElapsed":197,"timestamp":"2024-10-11T22:31:22.298Z"}
{"level":"info","message":"⌛ Validating hector.wlk","timeElapsed":211,"timestamp":"2024-10-11T22:31:22.509Z"}
{"level":"info","message":"⌛ Building environment","timeElapsed":153,"timestamp":"2024-10-11T22:31:22.663Z"}
{"level":"info","message":"⌛ Validating hector.wlk","timeElapsed":189,"timestamp":"2024-10-11T22:31:22.858Z"}
{"level":"info","message":"⌛ Building environment","timeElapsed":143,"timestamp":"2024-10-11T22:31:23.002Z"}
{"level":"info","message":"⌛ Validating hector.wlk","timeElapsed":191,"timestamp":"2024-10-11T22:31:23.193Z"}
{"level":"info","message":"⌛ Building environment","timeElapsed":159,"timestamp":"2024-10-11T22:31:23.353Z"}
{"level":"info","message":"⌛ Building environment","timeElapsed":143,"timestamp":"2024-10-11T22:31:23.497Z"}
{"level":"info","message":"⌛ Building environment","timeElapsed":134,"timestamp":"2024-10-11T22:31:23.638Z"}
{"level":"info","message":"⌛ Validating hector.wlk","timeElapsed":202,"timestamp":"2024-10-11T22:31:23.841Z"}
{"level":"info","message":"⌛ Building environment","timeElapsed":167,"timestamp":"2024-10-11T22:31:24.009Z"}
{"level":"info","message":"⌛ Validating hector.wlk","timeElapsed":183,"timestamp":"2024-10-11T22:31:24.204Z"}
{"level":"info","message":"onRequest - completionItem/resolve","timestamp":"2024-10-11T22:31:24.205Z"}
{"level":"info","message":"⌛ Building environment","timeElapsed":153,"timestamp":"2024-10-11T22:31:24.358Z"}
{"level":"info","message":"⌛ Validating hector.wlk","timeElapsed":199,"timestamp":"2024-10-11T22:31:24.558Z"}
{"level":"info","message":"⌛ Validating hector.wlk","timeElapsed":225,"timestamp":"2024-10-11T22:31:24.790Z"}
{"level":"info","message":"⌛ Validating hector.wlk","timeElapsed":253,"timestamp":"2024-10-11T22:31:25.043Z"}
{"level":"info","message":"⌛ Validating hector.wlk","timeElapsed":207,"timestamp":"2024-10-11T22:31:25.251Z"}
{"level":"info","message":"⌛ Validating hector.wlk","timeElapsed":202,"timestamp":"2024-10-11T22:31:25.455Z"}
{"level":"info","message":"⌛ Building environment","timeElapsed":143,"timestamp":"2024-10-11T22:31:25.598Z"}
{"level":"info","message":"⌛ Validating hector.wlk","timeElapsed":184,"timestamp":"2024-10-11T22:31:25.784Z"}
{"level":"info","message":"⌛ Validating hector.wlk","timeElapsed":200,"timestamp":"2024-10-11T22:31:25.991Z"}
{"level":"info","message":"⌛ Building environment","timeElapsed":145,"timestamp":"2024-10-11T22:31:26.136Z"}
{"level":"info","message":"⌛ Validating hector.wlk","timeElapsed":178,"timestamp":"2024-10-11T22:31:26.328Z"}
{"level":"info","message":"⌛ Validating hector.wlk","timeElapsed":189,"timestamp":"2024-10-11T22:31:26.517Z"}
{"level":"info","message":"⌛ Building environment","timeElapsed":154,"timestamp":"2024-10-11T22:31:27.028Z"}
{"level":"info","message":"⌛ Validating hector.wlk","timeElapsed":253,"timestamp":"2024-10-11T22:31:27.282Z"}
{"level":"info","message":"⌛ Building environment","timeElapsed":201,"timestamp":"2024-10-11T22:31:28.951Z"}
{"level":"info","message":"⌛ Validating hector.wlk","timeElapsed":218,"timestamp":"2024-10-11T22:31:29.170Z"}
{"level":"info","message":"⌛ Building environment","timeElapsed":190,"timestamp":"2024-10-11T22:31:30.001Z"}
{"level":"error","message":"✘ Completions for node failed: Error: [Send]{805fe1} at hector.wlk:96 exhausted all cases without a match [Send]{805fe1} at hector.wlk:96 exhausted all cases without a match","stack":"Error: [Send]{805fe1} at hector.wlk:96 exhausted all cases without a match\n    at /home/felipe/.vscode/extensions/uqbar.wollok-lsp-ide-0.3.6/out/server/src/server.js:38:6067\n    at yh (/home/felipe/.vscode/extensions/uqbar.wollok-lsp-ide-0.3.6/out/server/src/server.js:2291:42)\n    at kh (/home/felipe/.vscode/extensions/uqbar.wollok-lsp-ide-0.3.6/out/server/src/server.js:2291:1004)\n    at Y5n (/home/felipe/.vscode/extensions/uqbar.wollok-lsp-ide-0.3.6/out/server/src/server.js:2291:1160)\n    at /home/felipe/.vscode/extensions/uqbar.wollok-lsp-ide-0.3.6/out/server/src/server.js:38:6056\n    at yh (/home/felipe/.vscode/extensions/uqbar.wollok-lsp-ide-0.3.6/out/server/src/server.js:2291:42)\n    at /home/felipe/.vscode/extensions/uqbar.wollok-lsp-ide-0.3.6/out/server/src/server.js:2291:2700\n    at /home/felipe/.vscode/extensions/uqbar.wollok-lsp-ide-0.3.6/out/server/src/server.js:2298:3774\n    at /home/felipe/.vscode/extensions/uqbar.wollok-lsp-ide-0.3.6/out/server/src/server.js:37:74872\n    at Fe (/home/felipe/.vscode/extensions/uqbar.wollok-lsp-ide-0.3.6/out/server/src/server.js:7:8527)","timestamp":"2024-10-11T22:31:30.047Z"}
{"level":"error","message":"✘ Completions for node failed: Error: [Return]{8eafbf} at hector.wlk:96 exhausted all cases without a match [Return]{8eafbf} at hector.wlk:96 exhausted all cases without a match","stack":"Error: [Return]{8eafbf} at hector.wlk:96 exhausted all cases without a match\n    at /home/felipe/.vscode/extensions/uqbar.wollok-lsp-ide-0.3.6/out/server/src/server.js:38:6067\n    at yh (/home/felipe/.vscode/extensions/uqbar.wollok-lsp-ide-0.3.6/out/server/src/server.js:2291:42)\n    at kh (/home/felipe/.vscode/extensions/uqbar.wollok-lsp-ide-0.3.6/out/server/src/server.js:2291:1004)\n    at yh (/home/felipe/.vscode/extensions/uqbar.wollok-lsp-ide-0.3.6/out/server/src/server.js:2291:456)\n    at kh (/home/felipe/.vscode/extensions/uqbar.wollok-lsp-ide-0.3.6/out/server/src/server.js:2291:1004)\n    at Y5n (/home/felipe/.vscode/extensions/uqbar.wollok-lsp-ide-0.3.6/out/server/src/server.js:2291:1160)\n    at /home/felipe/.vscode/extensions/uqbar.wollok-lsp-ide-0.3.6/out/server/src/server.js:38:6056\n    at yh (/home/felipe/.vscode/extensions/uqbar.wollok-lsp-ide-0.3.6/out/server/src/server.js:2291:42)\n    at /home/felipe/.vscode/extensions/uqbar.wollok-lsp-ide-0.3.6/out/server/src/server.js:2291:2700\n    at /home/felipe/.vscode/extensions/uqbar.wollok-lsp-ide-0.3.6/out/server/src/server.js:2298:3774","timestamp":"2024-10-11T22:31:30.047Z"}
{"level":"info","message":"⌛ Building environment","timeElapsed":157,"timestamp":"2024-10-11T22:31:30.213Z"}
{"level":"info","message":"⌛ Validating hector.wlk","timeElapsed":212,"timestamp":"2024-10-11T22:31:30.425Z"}
{"level":"info","message":"onRequest - completionItem/resolve","timestamp":"2024-10-11T22:31:30.426Z"}
{"level":"info","message":"⌛ Building environment","timeElapsed":149,"timestamp":"2024-10-11T22:31:30.575Z"}
{"level":"info","message":"onRequest - completionItem/resolve","timestamp":"2024-10-11T22:31:30.576Z"}
{"level":"info","message":"⌛ Validating hector.wlk","timeElapsed":185,"timestamp":"2024-10-11T22:31:30.761Z"}
{"level":"info","message":"⌛ Building environment","timeElapsed":184,"timestamp":"2024-10-11T22:31:30.945Z"}
{"level":"info","message":"onRequest - completionItem/resolve","timestamp":"2024-10-11T22:31:30.950Z"}
{"level":"info","message":"⌛ Validating hector.wlk","timeElapsed":183,"timestamp":"2024-10-11T22:31:31.133Z"}
{"level":"info","message":"onRequest - completionItem/resolve","timestamp":"2024-10-11T22:31:31.143Z"}
{"level":"info","message":"⌛ Building environment","timeElapsed":145,"timestamp":"2024-10-11T22:31:31.288Z"}
{"level":"info","message":"⌛ Validating hector.wlk","timeElapsed":188,"timestamp":"2024-10-11T22:31:31.477Z"}
{"level":"info","message":"⌛ Validating hector.wlk","timeElapsed":197,"timestamp":"2024-10-11T22:31:31.682Z"}
{"level":"info","message":"⌛ Building environment","timeElapsed":153,"timestamp":"2024-10-11T22:31:31.836Z"}
{"level":"info","message":"⌛ Validating hector.wlk","timeElapsed":226,"timestamp":"2024-10-11T22:31:32.110Z"}
{"level":"info","message":"onRequest - completionItem/resolve","timestamp":"2024-10-11T22:31:32.110Z"}
{"level":"info","message":"⌛ Building environment","timeElapsed":177,"timestamp":"2024-10-11T22:31:32.288Z"}
{"level":"info","message":"onRequest - completionItem/resolve","timestamp":"2024-10-11T22:31:32.289Z"}
{"level":"info","message":"⌛ Building environment","timeElapsed":142,"timestamp":"2024-10-11T22:31:32.439Z"}
{"level":"info","message":"onRequest - completionItem/resolve","timestamp":"2024-10-11T22:31:32.439Z"}
{"level":"info","message":"⌛ Building environment","timeElapsed":176,"timestamp":"2024-10-11T22:31:32.617Z"}
{"level":"info","message":"onRequest - completionItem/resolve","timestamp":"2024-10-11T22:31:32.617Z"}
{"level":"info","message":"⌛ Validating hector.wlk","timeElapsed":202,"timestamp":"2024-10-11T22:31:32.819Z"}
{"level":"info","message":"⌛ Validating hector.wlk","timeElapsed":194,"timestamp":"2024-10-11T22:31:33.014Z"}
{"level":"info","message":"⌛ Validating hector.wlk","timeElapsed":204,"timestamp":"2024-10-11T22:31:33.224Z"}
{"level":"info","message":"onRequest - completionItem/resolve","timestamp":"2024-10-11T22:31:36.056Z"}
{"level":"info","message":"⌛ Building environment","timeElapsed":181,"timestamp":"2024-10-11T22:31:36.682Z"}
{"level":"info","message":"⌛ Validating hector.wlk","timeElapsed":202,"timestamp":"2024-10-11T22:31:36.885Z"}
{"level":"info","message":"⌛ Building environment","timeElapsed":155,"timestamp":"2024-10-11T22:31:39.040Z"}
{"level":"info","message":"⌛ Validating hector.wlk","timeElapsed":204,"timestamp":"2024-10-11T22:31:39.288Z"}
{"level":"info","message":"onRequest - completionItem/resolve","timestamp":"2024-10-11T22:31:39.288Z"}
{"level":"info","message":"⌛ Building environment","timeElapsed":180,"timestamp":"2024-10-11T22:31:40.025Z"}
{"level":"error","message":"✘ Completions for node failed: Error: [Send]{051034} at hector.wlk:96 exhausted all cases without a match [Send]{051034} at hector.wlk:96 exhausted all cases without a match","stack":"Error: [Send]{051034} at hector.wlk:96 exhausted all cases without a match\n    at /home/felipe/.vscode/extensions/uqbar.wollok-lsp-ide-0.3.6/out/server/src/server.js:38:6067\n    at yh (/home/felipe/.vscode/extensions/uqbar.wollok-lsp-ide-0.3.6/out/server/src/server.js:2291:42)\n    at kh (/home/felipe/.vscode/extensions/uqbar.wollok-lsp-ide-0.3.6/out/server/src/server.js:2291:1004)\n    at Y5n (/home/felipe/.vscode/extensions/uqbar.wollok-lsp-ide-0.3.6/out/server/src/server.js:2291:1160)\n    at /home/felipe/.vscode/extensions/uqbar.wollok-lsp-ide-0.3.6/out/server/src/server.js:38:6056\n    at yh (/home/felipe/.vscode/extensions/uqbar.wollok-lsp-ide-0.3.6/out/server/src/server.js:2291:42)\n    at /home/felipe/.vscode/extensions/uqbar.wollok-lsp-ide-0.3.6/out/server/src/server.js:2291:2700\n    at /home/felipe/.vscode/extensions/uqbar.wollok-lsp-ide-0.3.6/out/server/src/server.js:2298:3774\n    at /home/felipe/.vscode/extensions/uqbar.wollok-lsp-ide-0.3.6/out/server/src/server.js:37:74872\n    at Fe (/home/felipe/.vscode/extensions/uqbar.wollok-lsp-ide-0.3.6/out/server/src/server.js:7:8527)","timestamp":"2024-10-11T22:31:40.065Z"}
{"level":"error","message":"✘ Completions for node failed: Error: [Send]{78840b} at hector.wlk:96 exhausted all cases without a match [Send]{78840b} at hector.wlk:96 exhausted all cases without a match","stack":"Error: [Send]{78840b} at hector.wlk:96 exhausted all cases without a match\n    at /home/felipe/.vscode/extensions/uqbar.wollok-lsp-ide-0.3.6/out/server/src/server.js:38:6067\n    at yh (/home/felipe/.vscode/extensions/uqbar.wollok-lsp-ide-0.3.6/out/server/src/server.js:2291:42)\n    at kh (/home/felipe/.vscode/extensions/uqbar.wollok-lsp-ide-0.3.6/out/server/src/server.js:2291:1004)\n    at yh (/home/felipe/.vscode/extensions/uqbar.wollok-lsp-ide-0.3.6/out/server/src/server.js:2291:456)\n    at kh (/home/felipe/.vscode/extensions/uqbar.wollok-lsp-ide-0.3.6/out/server/src/server.js:2291:1004)\n    at Y5n (/home/felipe/.vscode/extensions/uqbar.wollok-lsp-ide-0.3.6/out/server/src/server.js:2291:1160)\n    at /home/felipe/.vscode/extensions/uqbar.wollok-lsp-ide-0.3.6/out/server/src/server.js:38:6056\n    at yh (/home/felipe/.vscode/extensions/uqbar.wollok-lsp-ide-0.3.6/out/server/src/server.js:2291:42)\n    at /home/felipe/.vscode/extensions/uqbar.wollok-lsp-ide-0.3.6/out/server/src/server.js:2291:2700\n    at /home/felipe/.vscode/extensions/uqbar.wollok-lsp-ide-0.3.6/out/server/src/server.js:2298:3774","timestamp":"2024-10-11T22:31:40.066Z"}
{"level":"error","message":"✘ Completions for node failed: Error: [Return]{562504} at hector.wlk:96 exhausted all cases without a match [Return]{562504} at hector.wlk:96 exhausted all cases without a match","stack":"Error: [Return]{562504} at hector.wlk:96 exhausted all cases without a match\n    at /home/felipe/.vscode/extensions/uqbar.wollok-lsp-ide-0.3.6/out/server/src/server.js:38:6067\n    at yh (/home/felipe/.vscode/extensions/uqbar.wollok-lsp-ide-0.3.6/out/server/src/server.js:2291:42)\n    at kh (/home/felipe/.vscode/extensions/uqbar.wollok-lsp-ide-0.3.6/out/server/src/server.js:2291:1004)\n    at yh (/home/felipe/.vscode/extensions/uqbar.wollok-lsp-ide-0.3.6/out/server/src/server.js:2291:456)\n    at kh (/home/felipe/.vscode/extensions/uqbar.wollok-lsp-ide-0.3.6/out/server/src/server.js:2291:1004)\n    at yh (/home/felipe/.vscode/extensions/uqbar.wollok-lsp-ide-0.3.6/out/server/src/server.js:2291:456)\n    at kh (/home/felipe/.vscode/extensions/uqbar.wollok-lsp-ide-0.3.6/out/server/src/server.js:2291:1004)\n    at Y5n (/home/felipe/.vscode/extensions/uqbar.wollok-lsp-ide-0.3.6/out/server/src/server.js:2291:1160)\n    at /home/felipe/.vscode/extensions/uqbar.wollok-lsp-ide-0.3.6/out/server/src/server.js:38:6056\n    at yh (/home/felipe/.vscode/extensions/uqbar.wollok-lsp-ide-0.3.6/out/server/src/server.js:2291:42)","timestamp":"2024-10-11T22:31:40.066Z"}
{"level":"info","message":"⌛ Validating hector.wlk","timeElapsed":218,"timestamp":"2024-10-11T22:31:40.289Z"}
{"level":"info","message":"onRequest - completionItem/resolve","timestamp":"2024-10-11T22:31:40.289Z"}
{"level":"info","message":"⌛ Building environment","timeElapsed":170,"timestamp":"2024-10-11T22:31:41.748Z"}
{"level":"info","message":"⌛ Validating hector.wlk","timeElapsed":188,"timestamp":"2024-10-11T22:31:41.937Z"}
{"level":"info","message":"⌛ Building environment","timeElapsed":158,"timestamp":"2024-10-11T22:31:42.268Z"}
{"level":"info","message":"⌛ Validating hector.wlk","timeElapsed":183,"timestamp":"2024-10-11T22:31:42.453Z"}
{"level":"info","message":"⌛ Building environment","timeElapsed":195,"timestamp":"2024-10-11T22:31:43.029Z"}
{"level":"info","message":"⌛ Validating hector.wlk","timeElapsed":226,"timestamp":"2024-10-11T22:31:43.313Z"}
{"level":"info","message":"onRequest - completionItem/resolve","timestamp":"2024-10-11T22:31:43.314Z"}
{"level":"info","message":"⌛ Building environment","timeElapsed":238,"timestamp":"2024-10-11T22:31:54.510Z"}
{"level":"info","message":"onRequest - completionItem/resolve","timestamp":"2024-10-11T22:31:54.511Z"}
{"level":"info","message":"⌛ Building environment","timeElapsed":175,"timestamp":"2024-10-11T22:31:54.686Z"}
{"level":"info","message":"onRequest - completionItem/resolve","timestamp":"2024-10-11T22:31:54.687Z"}
{"level":"info","message":"⌛ Building environment","timeElapsed":171,"timestamp":"2024-10-11T22:31:54.859Z"}
{"level":"info","message":"onRequest - completionItem/resolve","timestamp":"2024-10-11T22:31:54.859Z"}
{"level":"info","message":"⌛ Validating hector.wlk","timeElapsed":207,"timestamp":"2024-10-11T22:31:55.067Z"}
{"level":"info","message":"⌛ Validating hector.wlk","timeElapsed":185,"timestamp":"2024-10-11T22:31:55.253Z"}
{"level":"info","message":"⌛ Building environment","timeElapsed":142,"timestamp":"2024-10-11T22:31:55.395Z"}
{"level":"info","message":"onRequest - completionItem/resolve","timestamp":"2024-10-11T22:31:55.395Z"}
{"level":"info","message":"⌛ Building environment","timeElapsed":140,"timestamp":"2024-10-11T22:31:55.536Z"}
{"level":"info","message":"⌛ Validating hector.wlk","timeElapsed":202,"timestamp":"2024-10-11T22:31:55.738Z"}
{"level":"info","message":"onRequest - completionItem/resolve","timestamp":"2024-10-11T22:31:55.740Z"}
{"level":"info","message":"⌛ Validating hector.wlk","timeElapsed":197,"timestamp":"2024-10-11T22:31:55.947Z"}
{"level":"info","message":"⌛ Validating hector.wlk","timeElapsed":196,"timestamp":"2024-10-11T22:31:56.143Z"}
{"level":"info","message":"⌛ Building environment","timeElapsed":197,"timestamp":"2024-10-11T22:31:56.342Z"}
{"level":"info","message":"⌛ Building environment","timeElapsed":214,"timestamp":"2024-10-11T22:31:56.597Z"}
{"level":"info","message":"⌛ Building environment","timeElapsed":145,"timestamp":"2024-10-11T22:31:56.747Z"}
{"level":"info","message":"⌛ Validating hector.wlk","timeElapsed":195,"timestamp":"2024-10-11T22:31:56.942Z"}
{"level":"info","message":"⌛ Validating hector.wlk","timeElapsed":202,"timestamp":"2024-10-11T22:31:57.151Z"}
{"level":"info","message":"⌛ Validating hector.wlk","timeElapsed":183,"timestamp":"2024-10-11T22:31:57.334Z"}
{"level":"info","message":"⌛ Building environment","timeElapsed":142,"timestamp":"2024-10-11T22:31:57.477Z"}
{"level":"info","message":"⌛ Validating hector.wlk","timeElapsed":173,"timestamp":"2024-10-11T22:31:57.689Z"}
{"level":"info","message":"⌛ Building environment","timeElapsed":153,"timestamp":"2024-10-11T22:31:58.081Z"}
{"level":"info","message":"⌛ Validating hector.wlk","timeElapsed":180,"timestamp":"2024-10-11T22:31:58.263Z"}
{"level":"info","message":"⌛ Building environment","timeElapsed":147,"timestamp":"2024-10-11T22:31:58.420Z"}
{"level":"info","message":"⌛ Building environment","timeElapsed":136,"timestamp":"2024-10-11T22:31:58.601Z"}
{"level":"info","message":"⌛ Validating hector.wlk","timeElapsed":176,"timestamp":"2024-10-11T22:31:58.783Z"}
{"level":"info","message":"⌛ Validating hector.wlk","timeElapsed":184,"timestamp":"2024-10-11T22:31:58.968Z"}
{"level":"info","message":"⌛ Building environment","timeElapsed":150,"timestamp":"2024-10-11T22:31:59.296Z"}
{"level":"info","message":"⌛ Validating hector.wlk","timeElapsed":187,"timestamp":"2024-10-11T22:31:59.484Z"}
{"level":"info","message":"⌛ Building environment","timeElapsed":241,"timestamp":"2024-10-11T22:32:05.562Z"}
{"level":"info","message":"⌛ Validating hector.wlk","timeElapsed":191,"timestamp":"2024-10-11T22:32:05.755Z"}
{"level":"info","message":"⌛ Building environment","timeElapsed":213,"timestamp":"2024-10-11T22:32:06.375Z"}
{"level":"info","message":"⌛ Building environment","timeElapsed":164,"timestamp":"2024-10-11T22:32:06.589Z"}
{"level":"info","message":"⌛ Validating hector.wlk","timeElapsed":207,"timestamp":"2024-10-11T22:32:06.803Z"}
{"level":"info","message":"⌛ Validating hector.wlk","timeElapsed":203,"timestamp":"2024-10-11T22:32:07.015Z"}
{"level":"info","message":"⌛ Building environment","timeElapsed":158,"timestamp":"2024-10-11T22:32:07.348Z"}
{"level":"info","message":"⌛ Validating hector.wlk","timeElapsed":195,"timestamp":"2024-10-11T22:32:07.545Z"}
{"level":"info","message":"⌛ Building environment","timeElapsed":156,"timestamp":"2024-10-11T22:32:08.106Z"}
{"level":"info","message":"⌛ Validating hector.wlk","timeElapsed":212,"timestamp":"2024-10-11T22:32:08.357Z"}
{"level":"info","message":"onRequest - completionItem/resolve","timestamp":"2024-10-11T22:32:08.357Z"}
{"level":"info","message":"⌛ Building environment","timeElapsed":157,"timestamp":"2024-10-11T22:32:08.515Z"}
{"level":"info","message":"⌛ Building environment","timeElapsed":178,"timestamp":"2024-10-11T22:32:08.731Z"}
{"level":"info","message":"⌛ Building environment","timeElapsed":145,"timestamp":"2024-10-11T22:32:08.877Z"}
{"level":"info","message":"⌛ Validating hector.wlk","timeElapsed":184,"timestamp":"2024-10-11T22:32:09.062Z"}
{"level":"info","message":"⌛ Building environment","timeElapsed":139,"timestamp":"2024-10-11T22:32:09.202Z"}
{"level":"info","message":"⌛ Validating hector.wlk","timeElapsed":173,"timestamp":"2024-10-11T22:32:09.413Z"}
{"level":"info","message":"⌛ Validating hector.wlk","timeElapsed":190,"timestamp":"2024-10-11T22:32:09.604Z"}
{"level":"info","message":"⌛ Validating hector.wlk","timeElapsed":293,"timestamp":"2024-10-11T22:32:09.898Z"}
{"level":"info","message":"⌛ Building environment","timeElapsed":166,"timestamp":"2024-10-11T22:32:10.065Z"}
{"level":"info","message":"⌛ Building environment","timeElapsed":146,"timestamp":"2024-10-11T22:32:10.245Z"}
{"level":"info","message":"⌛ Building environment","timeElapsed":141,"timestamp":"2024-10-11T22:32:10.388Z"}
{"level":"info","message":"⌛ Validating hector.wlk","timeElapsed":202,"timestamp":"2024-10-11T22:32:10.590Z"}
{"level":"info","message":"⌛ Validating hector.wlk","timeElapsed":200,"timestamp":"2024-10-11T22:32:10.801Z"}
{"level":"info","message":"⌛ Validating hector.wlk","timeElapsed":195,"timestamp":"2024-10-11T22:32:10.997Z"}
{"level":"info","message":"⌛ Building environment","timeElapsed":163,"timestamp":"2024-10-11T22:32:11.160Z"}
{"level":"info","message":"⌛ Building environment","timeElapsed":192,"timestamp":"2024-10-11T22:32:11.389Z"}
{"level":"info","message":"⌛ Building environment","timeElapsed":154,"timestamp":"2024-10-11T22:32:11.544Z"}
{"level":"info","message":"⌛ Building environment","timeElapsed":143,"timestamp":"2024-10-11T22:32:11.689Z"}
{"level":"info","message":"⌛ Validating hector.wlk","timeElapsed":176,"timestamp":"2024-10-11T22:32:11.865Z"}
{"level":"info","message":"⌛ Validating hector.wlk","timeElapsed":200,"timestamp":"2024-10-11T22:32:12.072Z"}
{"level":"info","message":"⌛ Validating hector.wlk","timeElapsed":192,"timestamp":"2024-10-11T22:32:12.264Z"}
{"level":"info","message":"⌛ Validating hector.wlk","timeElapsed":189,"timestamp":"2024-10-11T22:32:12.454Z"}
{"level":"info","message":"⌛ Building environment","timeElapsed":325,"timestamp":"2024-10-11T22:32:13.870Z"}
{"level":"info","message":"⌛ Building environment","timeElapsed":174,"timestamp":"2024-10-11T22:32:14.103Z"}
{"level":"info","message":"⌛ Building environment","timeElapsed":158,"timestamp":"2024-10-11T22:32:14.262Z"}
{"level":"info","message":"⌛ Validating hector.wlk","timeElapsed":205,"timestamp":"2024-10-11T22:32:14.467Z"}
{"level":"info","message":"⌛ Building environment","timeElapsed":144,"timestamp":"2024-10-11T22:32:14.613Z"}
{"level":"info","message":"⌛ Validating hector.wlk","timeElapsed":196,"timestamp":"2024-10-11T22:32:14.810Z"}
{"level":"info","message":"⌛ Building environment","timeElapsed":163,"timestamp":"2024-10-11T22:32:14.974Z"}
{"level":"info","message":"⌛ Validating hector.wlk","timeElapsed":200,"timestamp":"2024-10-11T22:32:15.219Z"}
{"level":"info","message":"⌛ Validating hector.wlk","timeElapsed":192,"timestamp":"2024-10-11T22:32:15.412Z"}
{"level":"info","message":"⌛ Validating hector.wlk","timeElapsed":199,"timestamp":"2024-10-11T22:32:15.611Z"}
{"level":"info","message":"onRequest - completionItem/resolve","timestamp":"2024-10-11T22:32:15.613Z"}
{"level":"info","message":"⌛ Building environment","timeElapsed":148,"timestamp":"2024-10-11T22:32:16.695Z"}
{"level":"info","message":"⌛ Validating hector.wlk","timeElapsed":183,"timestamp":"2024-10-11T22:32:16.879Z"}
{"level":"info","message":"⌛ Building environment","timeElapsed":158,"timestamp":"2024-10-11T22:32:19.309Z"}
{"level":"info","message":"⌛ Building environment","timeElapsed":156,"timestamp":"2024-10-11T22:32:19.466Z"}
{"level":"info","message":"⌛ Validating hector.wlk","timeElapsed":186,"timestamp":"2024-10-11T22:32:19.652Z"}
{"level":"info","message":"⌛ Validating hector.wlk","timeElapsed":211,"timestamp":"2024-10-11T22:32:19.863Z"}
{"level":"info","message":"⌛ Building environment","timeElapsed":149,"timestamp":"2024-10-11T22:32:21.021Z"}
{"level":"info","message":"⌛ Validating hector.wlk","timeElapsed":192,"timestamp":"2024-10-11T22:32:21.219Z"}
{"level":"info","message":"⌛ Building environment","timeElapsed":199,"timestamp":"2024-10-11T22:32:24.240Z"}
{"level":"info","message":"⌛ Validating hector.wlk","timeElapsed":216,"timestamp":"2024-10-11T22:32:24.486Z"}
{"level":"info","message":"⌛ Building environment","timeElapsed":239,"timestamp":"2024-10-11T22:32:37.078Z"}
{"level":"error","message":"✘ Completions for node failed: Error: [If]{044b0b} at hector.wlk:100 exhausted all cases without a match [If]{044b0b} at hector.wlk:100 exhausted all cases without a match","stack":"Error: [If]{044b0b} at hector.wlk:100 exhausted all cases without a match\n    at /home/felipe/.vscode/extensions/uqbar.wollok-lsp-ide-0.3.6/out/server/src/server.js:38:6067\n    at yh (/home/felipe/.vscode/extensions/uqbar.wollok-lsp-ide-0.3.6/out/server/src/server.js:2291:42)\n    at kh (/home/felipe/.vscode/extensions/uqbar.wollok-lsp-ide-0.3.6/out/server/src/server.js:2291:1004)\n    at z5n (/home/felipe/.vscode/extensions/uqbar.wollok-lsp-ide-0.3.6/out/server/src/server.js:2291:730)\n    at /home/felipe/.vscode/extensions/uqbar.wollok-lsp-ide-0.3.6/out/server/src/server.js:38:6056\n    at yh (/home/felipe/.vscode/extensions/uqbar.wollok-lsp-ide-0.3.6/out/server/src/server.js:2291:42)\n    at kh (/home/felipe/.vscode/extensions/uqbar.wollok-lsp-ide-0.3.6/out/server/src/server.js:2291:1004)\n    at Y5n (/home/felipe/.vscode/extensions/uqbar.wollok-lsp-ide-0.3.6/out/server/src/server.js:2291:1160)\n    at /home/felipe/.vscode/extensions/uqbar.wollok-lsp-ide-0.3.6/out/server/src/server.js:38:6056\n    at yh (/home/felipe/.vscode/extensions/uqbar.wollok-lsp-ide-0.3.6/out/server/src/server.js:2291:42)","timestamp":"2024-10-11T22:32:37.120Z"}
{"level":"info","message":"⌛ Building environment","timeElapsed":170,"timestamp":"2024-10-11T22:32:37.294Z"}
{"level":"info","message":"⌛ Validating hector.wlk","timeElapsed":203,"timestamp":"2024-10-11T22:32:37.498Z"}
{"level":"info","message":"onRequest - completionItem/resolve","timestamp":"2024-10-11T22:32:37.499Z"}
{"level":"info","message":"⌛ Building environment","timeElapsed":175,"timestamp":"2024-10-11T22:32:37.684Z"}
{"level":"info","message":"onRequest - completionItem/resolve","timestamp":"2024-10-11T22:32:37.684Z"}
{"level":"info","message":"⌛ Validating hector.wlk","timeElapsed":186,"timestamp":"2024-10-11T22:32:37.871Z"}
{"level":"info","message":"⌛ Building environment","timeElapsed":156,"timestamp":"2024-10-11T22:32:38.029Z"}
{"level":"info","message":"onRequest - completionItem/resolve","timestamp":"2024-10-11T22:32:38.030Z"}
{"level":"info","message":"⌛ Building environment","timeElapsed":158,"timestamp":"2024-10-11T22:32:38.188Z"}
{"level":"info","message":"onRequest - completionItem/resolve","timestamp":"2024-10-11T22:32:38.189Z"}
{"level":"info","message":"⌛ Validating hector.wlk","timeElapsed":191,"timestamp":"2024-10-11T22:32:38.380Z"}
{"level":"info","message":"onRequest - completionItem/resolve","timestamp":"2024-10-11T22:32:38.386Z"}
{"level":"info","message":"⌛ Building environment","timeElapsed":151,"timestamp":"2024-10-11T22:32:38.538Z"}
{"level":"info","message":"⌛ Validating hector.wlk","timeElapsed":191,"timestamp":"2024-10-11T22:32:38.734Z"}
{"level":"info","message":"⌛ Validating hector.wlk","timeElapsed":241,"timestamp":"2024-10-11T22:32:39.019Z"}
{"level":"info","message":"⌛ Validating hector.wlk","timeElapsed":191,"timestamp":"2024-10-11T22:32:39.211Z"}
{"level":"info","message":"⌛ Building environment","timeElapsed":192,"timestamp":"2024-10-11T22:32:39.403Z"}
{"level":"info","message":"⌛ Building environment","timeElapsed":159,"timestamp":"2024-10-11T22:32:39.613Z"}
{"level":"info","message":"⌛ Building environment","timeElapsed":223,"timestamp":"2024-10-11T22:32:39.838Z"}
{"level":"info","message":"⌛ Validating hector.wlk","timeElapsed":253,"timestamp":"2024-10-11T22:32:40.091Z"}
{"level":"info","message":"onRequest - completionItem/resolve","timestamp":"2024-10-11T22:32:40.091Z"}
{"level":"info","message":"⌛ Building environment","timeElapsed":186,"timestamp":"2024-10-11T22:32:40.279Z"}
{"level":"info","message":"onRequest - completionItem/resolve","timestamp":"2024-10-11T22:32:40.279Z"}
{"level":"info","message":"⌛ Validating hector.wlk","timeElapsed":217,"timestamp":"2024-10-11T22:32:40.497Z"}
{"level":"info","message":"⌛ Validating hector.wlk","timeElapsed":180,"timestamp":"2024-10-11T22:32:40.684Z"}
{"level":"info","message":"⌛ Building environment","timeElapsed":163,"timestamp":"2024-10-11T22:32:40.848Z"}
{"level":"info","message":"onRequest - completionItem/resolve","timestamp":"2024-10-11T22:32:40.849Z"}
{"level":"info","message":"⌛ Validating hector.wlk","timeElapsed":197,"timestamp":"2024-10-11T22:32:41.046Z"}
{"level":"info","message":"⌛ Building environment","timeElapsed":162,"timestamp":"2024-10-11T22:32:41.216Z"}
{"level":"info","message":"onRequest - completionItem/resolve","timestamp":"2024-10-11T22:32:41.221Z"}
{"level":"info","message":"⌛ Building environment","timeElapsed":155,"timestamp":"2024-10-11T22:32:41.376Z"}
{"level":"info","message":"onRequest - completionItem/resolve","timestamp":"2024-10-11T22:32:41.377Z"}
{"level":"info","message":"⌛ Validating hector.wlk","timeElapsed":191,"timestamp":"2024-10-11T22:32:41.580Z"}
{"level":"info","message":"⌛ Building environment","timeElapsed":153,"timestamp":"2024-10-11T22:32:41.733Z"}
{"level":"info","message":"⌛ Validating hector.wlk","timeElapsed":173,"timestamp":"2024-10-11T22:32:41.906Z"}
{"level":"info","message":"⌛ Validating hector.wlk","timeElapsed":177,"timestamp":"2024-10-11T22:32:42.083Z"}
{"level":"info","message":"⌛ Validating hector.wlk","timeElapsed":186,"timestamp":"2024-10-11T22:32:42.277Z"}
{"level":"info","message":"⌛ Building environment","timeElapsed":175,"timestamp":"2024-10-11T22:32:43.955Z"}
{"level":"error","message":"✘ Completions for node failed: Error: [Send]{ac4e09} at hector.wlk:101 exhausted all cases without a match [Send]{ac4e09} at hector.wlk:101 exhausted all cases without a match","stack":"Error: [Send]{ac4e09} at hector.wlk:101 exhausted all cases without a match\n    at /home/felipe/.vscode/extensions/uqbar.wollok-lsp-ide-0.3.6/out/server/src/server.js:38:6067\n    at yh (/home/felipe/.vscode/extensions/uqbar.wollok-lsp-ide-0.3.6/out/server/src/server.js:2291:42)\n    at kh (/home/felipe/.vscode/extensions/uqbar.wollok-lsp-ide-0.3.6/out/server/src/server.js:2291:1004)\n    at Y5n (/home/felipe/.vscode/extensions/uqbar.wollok-lsp-ide-0.3.6/out/server/src/server.js:2291:1160)\n    at /home/felipe/.vscode/extensions/uqbar.wollok-lsp-ide-0.3.6/out/server/src/server.js:38:6056\n    at yh (/home/felipe/.vscode/extensions/uqbar.wollok-lsp-ide-0.3.6/out/server/src/server.js:2291:42)\n    at /home/felipe/.vscode/extensions/uqbar.wollok-lsp-ide-0.3.6/out/server/src/server.js:2291:2700\n    at /home/felipe/.vscode/extensions/uqbar.wollok-lsp-ide-0.3.6/out/server/src/server.js:2298:3774\n    at /home/felipe/.vscode/extensions/uqbar.wollok-lsp-ide-0.3.6/out/server/src/server.js:37:74872\n    at Fe (/home/felipe/.vscode/extensions/uqbar.wollok-lsp-ide-0.3.6/out/server/src/server.js:7:8527)","timestamp":"2024-10-11T22:32:43.991Z"}
{"level":"error","message":"✘ Completions for node failed: Error: [If]{5b9f18} at hector.wlk:100 exhausted all cases without a match [If]{5b9f18} at hector.wlk:100 exhausted all cases without a match","stack":"Error: [If]{5b9f18} at hector.wlk:100 exhausted all cases without a match\n    at /home/felipe/.vscode/extensions/uqbar.wollok-lsp-ide-0.3.6/out/server/src/server.js:38:6067\n    at yh (/home/felipe/.vscode/extensions/uqbar.wollok-lsp-ide-0.3.6/out/server/src/server.js:2291:42)\n    at kh (/home/felipe/.vscode/extensions/uqbar.wollok-lsp-ide-0.3.6/out/server/src/server.js:2291:1004)\n    at z5n (/home/felipe/.vscode/extensions/uqbar.wollok-lsp-ide-0.3.6/out/server/src/server.js:2291:730)\n    at /home/felipe/.vscode/extensions/uqbar.wollok-lsp-ide-0.3.6/out/server/src/server.js:38:6056\n    at yh (/home/felipe/.vscode/extensions/uqbar.wollok-lsp-ide-0.3.6/out/server/src/server.js:2291:42)\n    at kh (/home/felipe/.vscode/extensions/uqbar.wollok-lsp-ide-0.3.6/out/server/src/server.js:2291:1004)\n    at yh (/home/felipe/.vscode/extensions/uqbar.wollok-lsp-ide-0.3.6/out/server/src/server.js:2291:456)\n    at kh (/home/felipe/.vscode/extensions/uqbar.wollok-lsp-ide-0.3.6/out/server/src/server.js:2291:1004)\n    at Y5n (/home/felipe/.vscode/extensions/uqbar.wollok-lsp-ide-0.3.6/out/server/src/server.js:2291:1160)","timestamp":"2024-10-11T22:32:43.991Z"}
{"level":"info","message":"⌛ Building environment","timeElapsed":208,"timestamp":"2024-10-11T22:32:44.206Z"}
{"level":"info","message":"⌛ Validating hector.wlk","timeElapsed":189,"timestamp":"2024-10-11T22:32:44.396Z"}
{"level":"info","message":"onRequest - completionItem/resolve","timestamp":"2024-10-11T22:32:44.397Z"}
{"level":"info","message":"⌛ Building environment","timeElapsed":153,"timestamp":"2024-10-11T22:32:44.550Z"}
{"level":"info","message":"onRequest - completionItem/resolve","timestamp":"2024-10-11T22:32:44.550Z"}
{"level":"info","message":"⌛ Validating hector.wlk","timeElapsed":194,"timestamp":"2024-10-11T22:32:44.744Z"}
{"level":"info","message":"⌛ Building environment","timeElapsed":153,"timestamp":"2024-10-11T22:32:44.898Z"}
{"level":"info","message":"onRequest - completionItem/resolve","timestamp":"2024-10-11T22:32:44.899Z"}
{"level":"info","message":"⌛ Validating hector.wlk","timeElapsed":185,"timestamp":"2024-10-11T22:32:45.084Z"}
{"level":"info","message":"onRequest - completionItem/resolve","timestamp":"2024-10-11T22:32:45.092Z"}
{"level":"info","message":"⌛ Building environment","timeElapsed":151,"timestamp":"2024-10-11T22:32:45.243Z"}
{"level":"info","message":"⌛ Validating hector.wlk","timeElapsed":195,"timestamp":"2024-10-11T22:32:45.441Z"}
{"level":"info","message":"⌛ Validating hector.wlk","timeElapsed":208,"timestamp":"2024-10-11T22:32:45.655Z"}
{"level":"info","message":"⌛ Building environment","timeElapsed":163,"timestamp":"2024-10-11T22:32:45.819Z"}
{"level":"info","message":"⌛ Validating hector.wlk","timeElapsed":188,"timestamp":"2024-10-11T22:32:46.052Z"}
{"level":"info","message":"onRequest - completionItem/resolve","timestamp":"2024-10-11T22:32:46.053Z"}
{"level":"info","message":"⌛ Building environment","timeElapsed":199,"timestamp":"2024-10-11T22:32:47.325Z"}
{"level":"info","message":"onRequest - completionItem/resolve","timestamp":"2024-10-11T22:32:47.326Z"}
{"level":"info","message":"⌛ Building environment","timeElapsed":250,"timestamp":"2024-10-11T22:32:47.578Z"}
{"level":"info","message":"onRequest - completionItem/resolve","timestamp":"2024-10-11T22:32:47.579Z"}
{"level":"info","message":"⌛ Validating hector.wlk","timeElapsed":185,"timestamp":"2024-10-11T22:32:47.764Z"}
{"level":"info","message":"⌛ Building environment","timeElapsed":281,"timestamp":"2024-10-11T22:32:48.048Z"}
{"level":"info","message":"onRequest - completionItem/resolve","timestamp":"2024-10-11T22:32:48.049Z"}
{"level":"info","message":"⌛ Building environment","timeElapsed":150,"timestamp":"2024-10-11T22:32:48.200Z"}
{"level":"info","message":"onRequest - completionItem/resolve","timestamp":"2024-10-11T22:32:48.200Z"}
{"level":"info","message":"⌛ Validating hector.wlk","timeElapsed":208,"timestamp":"2024-10-11T22:32:48.408Z"}
{"level":"info","message":"⌛ Validating hector.wlk","timeElapsed":212,"timestamp":"2024-10-11T22:32:48.630Z"}
{"level":"info","message":"⌛ Validating hector.wlk","timeElapsed":205,"timestamp":"2024-10-11T22:32:48.835Z"}
{"level":"info","message":"onRequest - completionItem/resolve","timestamp":"2024-10-11T22:32:48.961Z"}
{"level":"info","message":"⌛ Building environment","timeElapsed":176,"timestamp":"2024-10-11T22:32:49.352Z"}
{"level":"info","message":"⌛ Validating hector.wlk","timeElapsed":185,"timestamp":"2024-10-11T22:32:49.538Z"}
{"level":"info","message":"⌛ Building environment","timeElapsed":170,"timestamp":"2024-10-11T22:32:52.201Z"}
{"level":"info","message":"⌛ Validating hector.wlk","timeElapsed":198,"timestamp":"2024-10-11T22:32:52.447Z"}
{"level":"info","message":"onRequest - completionItem/resolve","timestamp":"2024-10-11T22:32:52.449Z"}
{"level":"info","message":"⌛ Building environment","timeElapsed":162,"timestamp":"2024-10-11T22:32:53.097Z"}
{"level":"info","message":"onRequest - completionItem/resolve","timestamp":"2024-10-11T22:32:53.098Z"}
{"level":"info","message":"⌛ Building environment","timeElapsed":185,"timestamp":"2024-10-11T22:32:53.283Z"}
{"level":"info","message":"⌛ Validating hector.wlk","timeElapsed":213,"timestamp":"2024-10-11T22:32:53.497Z"}
{"level":"info","message":"onRequest - completionItem/resolve","timestamp":"2024-10-11T22:32:53.498Z"}
{"level":"info","message":"⌛ Building environment","timeElapsed":198,"timestamp":"2024-10-11T22:32:53.696Z"}
{"level":"info","message":"onRequest - completionItem/resolve","timestamp":"2024-10-11T22:32:53.702Z"}
{"level":"info","message":"⌛ Validating hector.wlk","timeElapsed":175,"timestamp":"2024-10-11T22:32:53.877Z"}
{"level":"info","message":"⌛ Building environment","timeElapsed":167,"timestamp":"2024-10-11T22:32:54.045Z"}
{"level":"info","message":"onRequest - completionItem/resolve","timestamp":"2024-10-11T22:32:54.045Z"}
{"level":"info","message":"⌛ Validating hector.wlk","timeElapsed":239,"timestamp":"2024-10-11T22:32:54.290Z"}
{"level":"info","message":"⌛ Validating hector.wlk","timeElapsed":211,"timestamp":"2024-10-11T22:32:54.505Z"}
{"level":"info","message":"onRequest - completionItem/resolve","timestamp":"2024-10-11T22:32:54.505Z"}
{"level":"info","message":"⌛ Building environment","timeElapsed":167,"timestamp":"2024-10-11T22:32:54.672Z"}
{"level":"info","message":"⌛ Validating hector.wlk","timeElapsed":191,"timestamp":"2024-10-11T22:32:54.872Z"}
{"level":"info","message":"⌛ Building environment","timeElapsed":152,"timestamp":"2024-10-11T22:32:59.606Z"}
{"level":"info","message":"⌛ Validating hector.wlk","timeElapsed":182,"timestamp":"2024-10-11T22:32:59.789Z"}
{"level":"info","message":"⌛ Building environment","timeElapsed":154,"timestamp":"2024-10-11T22:33:00.844Z"}
{"level":"info","message":"⌛ Validating hector.wlk","timeElapsed":183,"timestamp":"2024-10-11T22:33:01.034Z"}
{"level":"info","message":"⌛ Building environment","timeElapsed":158,"timestamp":"2024-10-11T22:33:02.033Z"}
{"level":"info","message":"⌛ Validating hector.wlk","timeElapsed":187,"timestamp":"2024-10-11T22:33:02.222Z"}
{"level":"info","message":"⌛ Building environment","timeElapsed":341,"timestamp":"2024-10-11T22:33:39.806Z"}
{"level":"error","message":"✘ Completions for node failed: Error: [If]{571571} at hector.wlk:100 exhausted all cases without a match [If]{571571} at hector.wlk:100 exhausted all cases without a match","stack":"Error: [If]{571571} at hector.wlk:100 exhausted all cases without a match\n    at /home/felipe/.vscode/extensions/uqbar.wollok-lsp-ide-0.3.6/out/server/src/server.js:38:6067\n    at yh (/home/felipe/.vscode/extensions/uqbar.wollok-lsp-ide-0.3.6/out/server/src/server.js:2291:42)\n    at kh (/home/felipe/.vscode/extensions/uqbar.wollok-lsp-ide-0.3.6/out/server/src/server.js:2291:1004)\n    at z5n (/home/felipe/.vscode/extensions/uqbar.wollok-lsp-ide-0.3.6/out/server/src/server.js:2291:730)\n    at /home/felipe/.vscode/extensions/uqbar.wollok-lsp-ide-0.3.6/out/server/src/server.js:38:6056\n    at yh (/home/felipe/.vscode/extensions/uqbar.wollok-lsp-ide-0.3.6/out/server/src/server.js:2291:42)\n    at kh (/home/felipe/.vscode/extensions/uqbar.wollok-lsp-ide-0.3.6/out/server/src/server.js:2291:1004)\n    at Y5n (/home/felipe/.vscode/extensions/uqbar.wollok-lsp-ide-0.3.6/out/server/src/server.js:2291:1160)\n    at /home/felipe/.vscode/extensions/uqbar.wollok-lsp-ide-0.3.6/out/server/src/server.js:38:6056\n    at yh (/home/felipe/.vscode/extensions/uqbar.wollok-lsp-ide-0.3.6/out/server/src/server.js:2291:42)","timestamp":"2024-10-11T22:33:39.908Z"}
{"level":"info","message":"⌛ Validating hector.wlk","timeElapsed":224,"timestamp":"2024-10-11T22:33:40.136Z"}
{"level":"info","message":"onRequest - completionItem/resolve","timestamp":"2024-10-11T22:33:40.138Z"}
{"level":"info","message":"⌛ Building environment","timeElapsed":223,"timestamp":"2024-10-11T22:33:40.895Z"}
{"level":"info","message":"⌛ Validating hector.wlk","timeElapsed":283,"timestamp":"2024-10-11T22:33:41.227Z"}
{"level":"info","message":"⌛ Building environment","timeElapsed":297,"timestamp":"2024-10-11T22:33:41.525Z"}
{"level":"info","message":"⌛ Building environment","timeElapsed":160,"timestamp":"2024-10-11T22:33:41.686Z"}
{"level":"info","message":"⌛ Building environment","timeElapsed":148,"timestamp":"2024-10-11T22:33:41.835Z"}
{"level":"info","message":"⌛ Validating hector.wlk","timeElapsed":311,"timestamp":"2024-10-11T22:33:42.147Z"}
{"level":"info","message":"⌛ Validating hector.wlk","timeElapsed":198,"timestamp":"2024-10-11T22:33:42.346Z"}
{"level":"info","message":"⌛ Validating hector.wlk","timeElapsed":182,"timestamp":"2024-10-11T22:33:42.538Z"}
{"level":"info","message":"⌛ Building environment","timeElapsed":189,"timestamp":"2024-10-11T22:33:42.728Z"}
{"level":"info","message":"⌛ Building environment","timeElapsed":155,"timestamp":"2024-10-11T22:33:42.884Z"}
{"level":"info","message":"⌛ Building environment","timeElapsed":226,"timestamp":"2024-10-11T22:33:43.159Z"}
{"level":"info","message":"⌛ Validating hector.wlk","timeElapsed":256,"timestamp":"2024-10-11T22:33:43.465Z"}
{"level":"info","message":"⌛ Validating hector.wlk","timeElapsed":200,"timestamp":"2024-10-11T22:33:43.667Z"}
{"level":"info","message":"⌛ Building environment","timeElapsed":160,"timestamp":"2024-10-11T22:33:43.829Z"}
{"level":"info","message":"⌛ Validating hector.wlk","timeElapsed":187,"timestamp":"2024-10-11T22:33:44.017Z"}
{"level":"info","message":"⌛ Building environment","timeElapsed":158,"timestamp":"2024-10-11T22:33:44.177Z"}
{"level":"info","message":"onRequest - completionItem/resolve","timestamp":"2024-10-11T22:33:44.177Z"}
{"level":"info","message":"⌛ Building environment","timeElapsed":175,"timestamp":"2024-10-11T22:33:44.353Z"}
{"level":"info","message":"onRequest - completionItem/resolve","timestamp":"2024-10-11T22:33:44.353Z"}
{"level":"info","message":"⌛ Building environment","timeElapsed":144,"timestamp":"2024-10-11T22:33:44.498Z"}
{"level":"info","message":"onRequest - completionItem/resolve","timestamp":"2024-10-11T22:33:44.499Z"}
{"level":"info","message":"⌛ Validating hector.wlk","timeElapsed":197,"timestamp":"2024-10-11T22:33:44.703Z"}
{"level":"info","message":"⌛ Validating hector.wlk","timeElapsed":204,"timestamp":"2024-10-11T22:33:44.909Z"}
{"level":"info","message":"⌛ Validating hector.wlk","timeElapsed":204,"timestamp":"2024-10-11T22:33:45.114Z"}
{"level":"info","message":"⌛ Validating hector.wlk","timeElapsed":190,"timestamp":"2024-10-11T22:33:45.305Z"}
{"level":"info","message":"⌛ Building environment","timeElapsed":214,"timestamp":"2024-10-11T22:33:46.584Z"}
{"level":"info","message":"onRequest - completionItem/resolve","timestamp":"2024-10-11T22:33:46.585Z"}
{"level":"info","message":"⌛ Building environment","timeElapsed":238,"timestamp":"2024-10-11T22:33:46.823Z"}
{"level":"info","message":"onRequest - completionItem/resolve","timestamp":"2024-10-11T22:33:46.824Z"}
{"level":"info","message":"⌛ Validating hector.wlk","timeElapsed":252,"timestamp":"2024-10-11T22:33:47.076Z"}
{"level":"info","message":"⌛ Building environment","timeElapsed":164,"timestamp":"2024-10-11T22:33:47.241Z"}
{"level":"info","message":"onRequest - completionItem/resolve","timestamp":"2024-10-11T22:33:47.242Z"}
{"level":"info","message":"⌛ Validating hector.wlk","timeElapsed":186,"timestamp":"2024-10-11T22:33:47.429Z"}
{"level":"info","message":"⌛ Building environment","timeElapsed":224,"timestamp":"2024-10-11T22:33:47.656Z"}
{"level":"info","message":"onRequest - completionItem/resolve","timestamp":"2024-10-11T22:33:47.662Z"}
{"level":"info","message":"⌛ Validating hector.wlk","timeElapsed":196,"timestamp":"2024-10-11T22:33:47.870Z"}
{"level":"info","message":"⌛ Building environment","timeElapsed":148,"timestamp":"2024-10-11T22:33:48.020Z"}
{"level":"info","message":"onRequest - completionItem/resolve","timestamp":"2024-10-11T22:33:48.021Z"}
{"level":"info","message":"⌛ Building environment","timeElapsed":143,"timestamp":"2024-10-11T22:33:48.164Z"}
{"level":"info","message":"onRequest - completionItem/resolve","timestamp":"2024-10-11T22:33:48.165Z"}
{"level":"info","message":"⌛ Validating hector.wlk","timeElapsed":205,"timestamp":"2024-10-11T22:33:48.371Z"}
{"level":"info","message":"⌛ Building environment","timeElapsed":154,"timestamp":"2024-10-11T22:33:48.525Z"}
{"level":"info","message":"onRequest - completionItem/resolve","timestamp":"2024-10-11T22:33:48.526Z"}
{"level":"info","message":"⌛ Validating hector.wlk","timeElapsed":186,"timestamp":"2024-10-11T22:33:48.712Z"}
{"level":"info","message":"⌛ Validating hector.wlk","timeElapsed":187,"timestamp":"2024-10-11T22:33:48.906Z"}
{"level":"info","message":"⌛ Building environment","timeElapsed":144,"timestamp":"2024-10-11T22:33:49.052Z"}
{"level":"info","message":"⌛ Validating hector.wlk","timeElapsed":181,"timestamp":"2024-10-11T22:33:49.233Z"}
{"level":"info","message":"⌛ Validating hector.wlk","timeElapsed":188,"timestamp":"2024-10-11T22:33:49.434Z"}
{"level":"info","message":"⌛ Building environment","timeElapsed":148,"timestamp":"2024-10-11T22:33:51.548Z"}
{"level":"info","message":"⌛ Validating hector.wlk","timeElapsed":198,"timestamp":"2024-10-11T22:33:51.790Z"}
{"level":"info","message":"onRequest - completionItem/resolve","timestamp":"2024-10-11T22:33:51.790Z"}
{"level":"info","message":"⌛ Building environment","timeElapsed":175,"timestamp":"2024-10-11T22:33:53.875Z"}
{"level":"info","message":"onRequest - completionItem/resolve","timestamp":"2024-10-11T22:33:53.876Z"}
{"level":"info","message":"⌛ Validating hector.wlk","timeElapsed":190,"timestamp":"2024-10-11T22:33:54.067Z"}
{"level":"info","message":"⌛ Building environment","timeElapsed":150,"timestamp":"2024-10-11T22:33:54.282Z"}
{"level":"info","message":"onRequest - completionItem/resolve","timestamp":"2024-10-11T22:33:54.288Z"}
{"level":"info","message":"⌛ Validating hector.wlk","timeElapsed":242,"timestamp":"2024-10-11T22:33:54.531Z"}
{"level":"info","message":"⌛ Building environment","timeElapsed":170,"timestamp":"2024-10-11T22:33:54.702Z"}
{"level":"info","message":"⌛ Validating hector.wlk","timeElapsed":181,"timestamp":"2024-10-11T22:33:54.889Z"}
{"level":"info","message":"onRequest - completionItem/resolve","timestamp":"2024-10-11T22:33:56.966Z"}
{"level":"info","message":"onRequest - completionItem/resolve","timestamp":"2024-10-11T22:33:57.130Z"}
{"level":"info","message":"⌛ Building environment","timeElapsed":195,"timestamp":"2024-10-11T22:33:57.988Z"}
{"level":"info","message":"⌛ Validating hector.wlk","timeElapsed":182,"timestamp":"2024-10-11T22:33:58.176Z"}
{"level":"info","message":"⌛ Building environment","timeElapsed":177,"timestamp":"2024-10-11T22:34:00.102Z"}
{"level":"info","message":"⌛ Validating hector.wlk","timeElapsed":184,"timestamp":"2024-10-11T22:34:00.287Z"}
{"level":"info","message":"⌛ Building environment","timeElapsed":165,"timestamp":"2024-10-11T22:34:04.023Z"}
{"level":"error","message":"✘ Completions for node failed: Error: [If]{2f79e0} at hector.wlk:100 exhausted all cases without a match [If]{2f79e0} at hector.wlk:100 exhausted all cases without a match","stack":"Error: [If]{2f79e0} at hector.wlk:100 exhausted all cases without a match\n    at /home/felipe/.vscode/extensions/uqbar.wollok-lsp-ide-0.3.6/out/server/src/server.js:38:6067\n    at yh (/home/felipe/.vscode/extensions/uqbar.wollok-lsp-ide-0.3.6/out/server/src/server.js:2291:42)\n    at kh (/home/felipe/.vscode/extensions/uqbar.wollok-lsp-ide-0.3.6/out/server/src/server.js:2291:1004)\n    at z5n (/home/felipe/.vscode/extensions/uqbar.wollok-lsp-ide-0.3.6/out/server/src/server.js:2291:730)\n    at /home/felipe/.vscode/extensions/uqbar.wollok-lsp-ide-0.3.6/out/server/src/server.js:38:6056\n    at yh (/home/felipe/.vscode/extensions/uqbar.wollok-lsp-ide-0.3.6/out/server/src/server.js:2291:42)\n    at kh (/home/felipe/.vscode/extensions/uqbar.wollok-lsp-ide-0.3.6/out/server/src/server.js:2291:1004)\n    at Y5n (/home/felipe/.vscode/extensions/uqbar.wollok-lsp-ide-0.3.6/out/server/src/server.js:2291:1160)\n    at /home/felipe/.vscode/extensions/uqbar.wollok-lsp-ide-0.3.6/out/server/src/server.js:38:6056\n    at yh (/home/felipe/.vscode/extensions/uqbar.wollok-lsp-ide-0.3.6/out/server/src/server.js:2291:42)","timestamp":"2024-10-11T22:34:04.065Z"}
{"level":"info","message":"⌛ Building environment","timeElapsed":161,"timestamp":"2024-10-11T22:34:04.230Z"}
{"level":"info","message":"⌛ Validating hector.wlk","timeElapsed":186,"timestamp":"2024-10-11T22:34:04.417Z"}
{"level":"info","message":"onRequest - completionItem/resolve","timestamp":"2024-10-11T22:34:04.419Z"}
{"level":"info","message":"⌛ Building environment","timeElapsed":203,"timestamp":"2024-10-11T22:34:04.623Z"}
{"level":"info","message":"onRequest - completionItem/resolve","timestamp":"2024-10-11T22:34:04.628Z"}
{"level":"info","message":"⌛ Validating hector.wlk","timeElapsed":188,"timestamp":"2024-10-11T22:34:04.816Z"}
{"level":"info","message":"⌛ Building environment","timeElapsed":147,"timestamp":"2024-10-11T22:34:04.964Z"}
{"level":"info","message":"onRequest - completionItem/resolve","timestamp":"2024-10-11T22:34:04.965Z"}
{"level":"info","message":"⌛ Building environment","timeElapsed":159,"timestamp":"2024-10-11T22:34:05.124Z"}
{"level":"info","message":"onRequest - completionItem/resolve","timestamp":"2024-10-11T22:34:05.125Z"}
{"level":"info","message":"⌛ Validating hector.wlk","timeElapsed":208,"timestamp":"2024-10-11T22:34:05.333Z"}
{"level":"info","message":"⌛ Validating hector.wlk","timeElapsed":206,"timestamp":"2024-10-11T22:34:05.548Z"}
{"level":"info","message":"⌛ Building environment","timeElapsed":164,"timestamp":"2024-10-11T22:34:05.712Z"}
{"level":"info","message":"onRequest - completionItem/resolve","timestamp":"2024-10-11T22:34:05.713Z"}
{"level":"info","message":"⌛ Validating hector.wlk","timeElapsed":204,"timestamp":"2024-10-11T22:34:05.917Z"}
{"level":"info","message":"⌛ Building environment","timeElapsed":149,"timestamp":"2024-10-11T22:34:06.067Z"}
{"level":"info","message":"onRequest - completionItem/resolve","timestamp":"2024-10-11T22:34:06.068Z"}
{"level":"info","message":"⌛ Building environment","timeElapsed":141,"timestamp":"2024-10-11T22:34:06.209Z"}
{"level":"info","message":"onRequest - completionItem/resolve","timestamp":"2024-10-11T22:34:06.210Z"}
{"level":"info","message":"⌛ Building environment","timeElapsed":144,"timestamp":"2024-10-11T22:34:06.355Z"}
{"level":"info","message":"onRequest - completionItem/resolve","timestamp":"2024-10-11T22:34:06.356Z"}
{"level":"info","message":"⌛ Validating hector.wlk","timeElapsed":173,"timestamp":"2024-10-11T22:34:06.529Z"}
{"level":"info","message":"⌛ Building environment","timeElapsed":171,"timestamp":"2024-10-11T22:34:06.702Z"}
{"level":"info","message":"⌛ Validating hector.wlk","timeElapsed":177,"timestamp":"2024-10-11T22:34:06.889Z"}
{"level":"info","message":"⌛ Validating hector.wlk","timeElapsed":180,"timestamp":"2024-10-11T22:34:07.070Z"}
{"level":"info","message":"⌛ Validating hector.wlk","timeElapsed":177,"timestamp":"2024-10-11T22:34:07.248Z"}
{"level":"info","message":"⌛ Validating hector.wlk","timeElapsed":170,"timestamp":"2024-10-11T22:34:07.418Z"}
{"level":"info","message":"⌛ Building environment","timeElapsed":293,"timestamp":"2024-10-11T22:35:05.390Z"}
{"level":"info","message":"⌛ Validating hector.wlk","timeElapsed":218,"timestamp":"2024-10-11T22:35:05.623Z"}
{"level":"info","message":"⌛ Building environment","timeElapsed":193,"timestamp":"2024-10-11T22:35:05.989Z"}
{"level":"info","message":"⌛ Validating hector.wlk","timeElapsed":236,"timestamp":"2024-10-11T22:35:06.232Z"}
{"level":"info","message":"⌛ Building environment","timeElapsed":170,"timestamp":"2024-10-11T22:35:06.410Z"}
{"level":"info","message":"⌛ Building environment","timeElapsed":230,"timestamp":"2024-10-11T22:35:06.656Z"}
{"level":"info","message":"⌛ Validating hector.wlk","timeElapsed":209,"timestamp":"2024-10-11T22:35:06.866Z"}
{"level":"info","message":"⌛ Validating hector.wlk","timeElapsed":177,"timestamp":"2024-10-11T22:35:07.049Z"}
{"level":"info","message":"⌛ Building environment","timeElapsed":286,"timestamp":"2024-10-11T22:35:19.153Z"}
{"level":"error","message":"✘ Completions for node failed: Error: [If]{e40db3} at hector.wlk:100 exhausted all cases without a match [If]{e40db3} at hector.wlk:100 exhausted all cases without a match","stack":"Error: [If]{e40db3} at hector.wlk:100 exhausted all cases without a match\n    at /home/felipe/.vscode/extensions/uqbar.wollok-lsp-ide-0.3.6/out/server/src/server.js:38:6067\n    at yh (/home/felipe/.vscode/extensions/uqbar.wollok-lsp-ide-0.3.6/out/server/src/server.js:2291:42)\n    at kh (/home/felipe/.vscode/extensions/uqbar.wollok-lsp-ide-0.3.6/out/server/src/server.js:2291:1004)\n    at z5n (/home/felipe/.vscode/extensions/uqbar.wollok-lsp-ide-0.3.6/out/server/src/server.js:2291:730)\n    at /home/felipe/.vscode/extensions/uqbar.wollok-lsp-ide-0.3.6/out/server/src/server.js:38:6056\n    at yh (/home/felipe/.vscode/extensions/uqbar.wollok-lsp-ide-0.3.6/out/server/src/server.js:2291:42)\n    at kh (/home/felipe/.vscode/extensions/uqbar.wollok-lsp-ide-0.3.6/out/server/src/server.js:2291:1004)\n    at Y5n (/home/felipe/.vscode/extensions/uqbar.wollok-lsp-ide-0.3.6/out/server/src/server.js:2291:1160)\n    at /home/felipe/.vscode/extensions/uqbar.wollok-lsp-ide-0.3.6/out/server/src/server.js:38:6056\n    at yh (/home/felipe/.vscode/extensions/uqbar.wollok-lsp-ide-0.3.6/out/server/src/server.js:2291:42)","timestamp":"2024-10-11T22:35:19.198Z"}
{"level":"info","message":"⌛ Building environment","timeElapsed":175,"timestamp":"2024-10-11T22:35:19.381Z"}
{"level":"info","message":"⌛ Validating hector.wlk","timeElapsed":209,"timestamp":"2024-10-11T22:35:19.596Z"}
{"level":"info","message":"⌛ Building environment","timeElapsed":257,"timestamp":"2024-10-11T22:35:19.857Z"}
{"level":"info","message":"onRequest - completionItem/resolve","timestamp":"2024-10-11T22:35:19.858Z"}
{"level":"info","message":"⌛ Building environment","timeElapsed":164,"timestamp":"2024-10-11T22:35:20.023Z"}
{"level":"info","message":"onRequest - completionItem/resolve","timestamp":"2024-10-11T22:35:20.024Z"}
{"level":"info","message":"⌛ Validating hector.wlk","timeElapsed":250,"timestamp":"2024-10-11T22:35:20.274Z"}
{"level":"info","message":"⌛ Validating hector.wlk","timeElapsed":246,"timestamp":"2024-10-11T22:35:20.613Z"}
{"level":"info","message":"⌛ Building environment","timeElapsed":173,"timestamp":"2024-10-11T22:35:20.787Z"}
{"level":"info","message":"⌛ Validating hector.wlk","timeElapsed":216,"timestamp":"2024-10-11T22:35:21.056Z"}
{"level":"info","message":"⌛ Validating hector.wlk","timeElapsed":239,"timestamp":"2024-10-11T22:35:21.296Z"}
{"level":"info","message":"onRequest - completionItem/resolve","timestamp":"2024-10-11T22:35:21.298Z"}
{"level":"info","message":"⌛ Building environment","timeElapsed":265,"timestamp":"2024-10-11T22:35:21.564Z"}
{"level":"info","message":"onRequest - completionItem/resolve","timestamp":"2024-10-11T22:35:21.565Z"}
{"level":"info","message":"⌛ Building environment","timeElapsed":165,"timestamp":"2024-10-11T22:35:21.730Z"}
{"level":"info","message":"onRequest - completionItem/resolve","timestamp":"2024-10-11T22:35:21.736Z"}
{"level":"info","message":"⌛ Building environment","timeElapsed":136,"timestamp":"2024-10-11T22:35:21.873Z"}
{"level":"info","message":"onRequest - completionItem/resolve","timestamp":"2024-10-11T22:35:21.881Z"}
{"level":"info","message":"⌛ Validating hector.wlk","timeElapsed":279,"timestamp":"2024-10-11T22:35:22.160Z"}
{"level":"info","message":"⌛ Validating hector.wlk","timeElapsed":200,"timestamp":"2024-10-11T22:35:22.369Z"}
{"level":"info","message":"⌛ Validating hector.wlk","timeElapsed":233,"timestamp":"2024-10-11T22:35:22.603Z"}
{"level":"info","message":"⌛ Building environment","timeElapsed":181,"timestamp":"2024-10-11T22:35:22.786Z"}
{"level":"info","message":"onRequest - completionItem/resolve","timestamp":"2024-10-11T22:35:22.793Z"}
{"level":"info","message":"⌛ Building environment","timeElapsed":153,"timestamp":"2024-10-11T22:35:22.947Z"}
{"level":"info","message":"onRequest - completionItem/resolve","timestamp":"2024-10-11T22:35:22.954Z"}
{"level":"info","message":"⌛ Validating hector.wlk","timeElapsed":189,"timestamp":"2024-10-11T22:35:23.154Z"}
{"level":"info","message":"⌛ Building environment","timeElapsed":151,"timestamp":"2024-10-11T22:35:23.306Z"}
{"level":"info","message":"onRequest - completionItem/resolve","timestamp":"2024-10-11T22:35:23.307Z"}
{"level":"info","message":"⌛ Validating hector.wlk","timeElapsed":210,"timestamp":"2024-10-11T22:35:23.517Z"}
{"level":"info","message":"⌛ Validating hector.wlk","timeElapsed":194,"timestamp":"2024-10-11T22:35:23.720Z"}
{"level":"info","message":"⌛ Building environment","timeElapsed":180,"timestamp":"2024-10-11T22:35:23.900Z"}
{"level":"info","message":"onRequest - completionItem/resolve","timestamp":"2024-10-11T22:35:23.901Z"}
{"level":"info","message":"⌛ Building environment","timeElapsed":166,"timestamp":"2024-10-11T22:35:24.067Z"}
{"level":"error","message":"✘ Completions for node failed: Error: [If]{7ffb60} at hector.wlk:100 exhausted all cases without a match [If]{7ffb60} at hector.wlk:100 exhausted all cases without a match","stack":"Error: [If]{7ffb60} at hector.wlk:100 exhausted all cases without a match\n    at /home/felipe/.vscode/extensions/uqbar.wollok-lsp-ide-0.3.6/out/server/src/server.js:38:6067\n    at yh (/home/felipe/.vscode/extensions/uqbar.wollok-lsp-ide-0.3.6/out/server/src/server.js:2291:42)\n    at kh (/home/felipe/.vscode/extensions/uqbar.wollok-lsp-ide-0.3.6/out/server/src/server.js:2291:1004)\n    at z5n (/home/felipe/.vscode/extensions/uqbar.wollok-lsp-ide-0.3.6/out/server/src/server.js:2291:730)\n    at /home/felipe/.vscode/extensions/uqbar.wollok-lsp-ide-0.3.6/out/server/src/server.js:38:6056\n    at yh (/home/felipe/.vscode/extensions/uqbar.wollok-lsp-ide-0.3.6/out/server/src/server.js:2291:42)\n    at /home/felipe/.vscode/extensions/uqbar.wollok-lsp-ide-0.3.6/out/server/src/server.js:2291:2700\n    at /home/felipe/.vscode/extensions/uqbar.wollok-lsp-ide-0.3.6/out/server/src/server.js:2298:3774\n    at /home/felipe/.vscode/extensions/uqbar.wollok-lsp-ide-0.3.6/out/server/src/server.js:37:74872\n    at Fe (/home/felipe/.vscode/extensions/uqbar.wollok-lsp-ide-0.3.6/out/server/src/server.js:7:8527)","timestamp":"2024-10-11T22:35:24.101Z"}
{"level":"info","message":"⌛ Validating hector.wlk","timeElapsed":194,"timestamp":"2024-10-11T22:35:24.303Z"}
{"level":"info","message":"⌛ Validating hector.wlk","timeElapsed":195,"timestamp":"2024-10-11T22:35:24.498Z"}
{"level":"info","message":"⌛ Building environment","timeElapsed":159,"timestamp":"2024-10-11T22:35:24.659Z"}
{"level":"error","message":"✘ Completions for node failed: Error: [If]{a55545} at hector.wlk:100 exhausted all cases without a match [If]{a55545} at hector.wlk:100 exhausted all cases without a match","stack":"Error: [If]{a55545} at hector.wlk:100 exhausted all cases without a match\n    at /home/felipe/.vscode/extensions/uqbar.wollok-lsp-ide-0.3.6/out/server/src/server.js:38:6067\n    at yh (/home/felipe/.vscode/extensions/uqbar.wollok-lsp-ide-0.3.6/out/server/src/server.js:2291:42)\n    at kh (/home/felipe/.vscode/extensions/uqbar.wollok-lsp-ide-0.3.6/out/server/src/server.js:2291:1004)\n    at z5n (/home/felipe/.vscode/extensions/uqbar.wollok-lsp-ide-0.3.6/out/server/src/server.js:2291:730)\n    at /home/felipe/.vscode/extensions/uqbar.wollok-lsp-ide-0.3.6/out/server/src/server.js:38:6056\n    at yh (/home/felipe/.vscode/extensions/uqbar.wollok-lsp-ide-0.3.6/out/server/src/server.js:2291:42)\n    at /home/felipe/.vscode/extensions/uqbar.wollok-lsp-ide-0.3.6/out/server/src/server.js:2291:2700\n    at /home/felipe/.vscode/extensions/uqbar.wollok-lsp-ide-0.3.6/out/server/src/server.js:2298:3774\n    at /home/felipe/.vscode/extensions/uqbar.wollok-lsp-ide-0.3.6/out/server/src/server.js:37:74872\n    at Fe (/home/felipe/.vscode/extensions/uqbar.wollok-lsp-ide-0.3.6/out/server/src/server.js:7:8527)","timestamp":"2024-10-11T22:35:24.697Z"}
{"level":"info","message":"⌛ Building environment","timeElapsed":167,"timestamp":"2024-10-11T22:35:24.868Z"}
{"level":"info","message":"⌛ Building environment","timeElapsed":150,"timestamp":"2024-10-11T22:35:25.018Z"}
{"level":"info","message":"⌛ Building environment","timeElapsed":147,"timestamp":"2024-10-11T22:35:25.167Z"}
{"level":"info","message":"⌛ Validating hector.wlk","timeElapsed":200,"timestamp":"2024-10-11T22:35:25.367Z"}
{"level":"info","message":"⌛ Building environment","timeElapsed":149,"timestamp":"2024-10-11T22:35:25.517Z"}
{"level":"error","message":"✘ Completions for node failed: Error: [If]{fb36d4} at hector.wlk:100 exhausted all cases without a match [If]{fb36d4} at hector.wlk:100 exhausted all cases without a match","stack":"Error: [If]{fb36d4} at hector.wlk:100 exhausted all cases without a match\n    at /home/felipe/.vscode/extensions/uqbar.wollok-lsp-ide-0.3.6/out/server/src/server.js:38:6067\n    at yh (/home/felipe/.vscode/extensions/uqbar.wollok-lsp-ide-0.3.6/out/server/src/server.js:2291:42)\n    at kh (/home/felipe/.vscode/extensions/uqbar.wollok-lsp-ide-0.3.6/out/server/src/server.js:2291:1004)\n    at z5n (/home/felipe/.vscode/extensions/uqbar.wollok-lsp-ide-0.3.6/out/server/src/server.js:2291:730)\n    at /home/felipe/.vscode/extensions/uqbar.wollok-lsp-ide-0.3.6/out/server/src/server.js:38:6056\n    at yh (/home/felipe/.vscode/extensions/uqbar.wollok-lsp-ide-0.3.6/out/server/src/server.js:2291:42)\n    at /home/felipe/.vscode/extensions/uqbar.wollok-lsp-ide-0.3.6/out/server/src/server.js:2291:2700\n    at /home/felipe/.vscode/extensions/uqbar.wollok-lsp-ide-0.3.6/out/server/src/server.js:2298:3774\n    at /home/felipe/.vscode/extensions/uqbar.wollok-lsp-ide-0.3.6/out/server/src/server.js:37:74872\n    at Fe (/home/felipe/.vscode/extensions/uqbar.wollok-lsp-ide-0.3.6/out/server/src/server.js:7:8527)","timestamp":"2024-10-11T22:35:25.551Z"}
{"level":"info","message":"⌛ Validating hector.wlk","timeElapsed":177,"timestamp":"2024-10-11T22:35:25.732Z"}
{"level":"info","message":"⌛ Validating hector.wlk","timeElapsed":199,"timestamp":"2024-10-11T22:35:25.932Z"}
{"level":"info","message":"⌛ Validating hector.wlk","timeElapsed":213,"timestamp":"2024-10-11T22:35:26.148Z"}
{"level":"info","message":"⌛ Building environment","timeElapsed":200,"timestamp":"2024-10-11T22:35:26.348Z"}
{"level":"info","message":"⌛ Validating hector.wlk","timeElapsed":191,"timestamp":"2024-10-11T22:35:26.540Z"}
{"level":"info","message":"⌛ Validating hector.wlk","timeElapsed":270,"timestamp":"2024-10-11T22:35:26.819Z"}
{"level":"info","message":"⌛ Building environment","timeElapsed":176,"timestamp":"2024-10-11T22:35:28.006Z"}
{"level":"info","message":"⌛ Validating hector.wlk","timeElapsed":282,"timestamp":"2024-10-11T22:35:28.325Z"}
{"level":"info","message":"⌛ Building environment","timeElapsed":194,"timestamp":"2024-10-11T22:35:28.520Z"}
{"level":"info","message":"⌛ Validating hector.wlk","timeElapsed":208,"timestamp":"2024-10-11T22:35:28.734Z"}
{"level":"info","message":"⌛ Building environment","timeElapsed":156,"timestamp":"2024-10-11T22:35:28.891Z"}
{"level":"info","message":"⌛ Building environment","timeElapsed":162,"timestamp":"2024-10-11T22:35:29.085Z"}
{"level":"info","message":"⌛ Validating hector.wlk","timeElapsed":211,"timestamp":"2024-10-11T22:35:29.297Z"}
{"level":"info","message":"onRequest - completionItem/resolve","timestamp":"2024-10-11T22:35:29.299Z"}
{"level":"info","message":"⌛ Building environment","timeElapsed":170,"timestamp":"2024-10-11T22:35:29.469Z"}
{"level":"info","message":"onRequest - completionItem/resolve","timestamp":"2024-10-11T22:35:29.475Z"}
{"level":"info","message":"⌛ Validating hector.wlk","timeElapsed":209,"timestamp":"2024-10-11T22:35:29.684Z"}
{"level":"info","message":"⌛ Building environment","timeElapsed":153,"timestamp":"2024-10-11T22:35:29.838Z"}
{"level":"info","message":"onRequest - completionItem/resolve","timestamp":"2024-10-11T22:35:29.839Z"}
{"level":"info","message":"⌛ Building environment","timeElapsed":177,"timestamp":"2024-10-11T22:35:30.016Z"}
{"level":"info","message":"onRequest - completionItem/resolve","timestamp":"2024-10-11T22:35:30.020Z"}
{"level":"error","message":"✘ Failed to rebuild document Failed to parse hector.wlk: \n-- PARSING FAILED --------------------------------------------------\n\n  112 | \t\t\tself.vender()\n  113 | \t\t}\n> 114 | \t}\n      |  ^\n  115 | }\n  116 | \n\nExpected one of the following: \n\n'@', 'class', 'const', 'describe', 'mixin', 'object', 'only', 'package', 'program', 'test', 'var', '{', EOF, comment, not \"}\n\", whitespace\n","stack":"Error: Failed to parse hector.wlk: \n-- PARSING FAILED --------------------------------------------------\n\n  112 | \t\t\tself.vender()\n  113 | \t\t}\n> 114 | \t}\n      |  ^\n  115 | }\n  116 | \n\nExpected one of the following: \n\n'@', 'class', 'const', 'describe', 'mixin', 'object', 'only', 'package', 'program', 'test', 'var', '{', EOF, comment, not \"}\n\", whitespace\n\n    at /home/felipe/.vscode/extensions/uqbar.wollok-lsp-ide-0.3.6/out/server/src/server.js:2254:32415\n    at Array.map (<anonymous>)\n    at Jfn (/home/felipe/.vscode/extensions/uqbar.wollok-lsp-ide-0.3.6/out/server/src/server.js:2254:32339)\n    at k2.buildEnvironmentFrom (/home/felipe/.vscode/extensions/uqbar.wollok-lsp-ide-0.3.6/out/server/src/server.js:2285:6721)\n    at k2.updateEnvironmentWith (/home/felipe/.vscode/extensions/uqbar.wollok-lsp-ide-0.3.6/out/server/src/server.js:2285:6456)\n    at jL (/home/felipe/.vscode/extensions/uqbar.wollok-lsp-ide-0.3.6/out/server/src/server.js:2298:2292)\n    at v3.invoke (/home/felipe/.vscode/extensions/uqbar.wollok-lsp-ide-0.3.6/out/server/src/server.js:3:157200)\n    at o.fire (/home/felipe/.vscode/extensions/uqbar.wollok-lsp-ide-0.3.6/out/server/src/server.js:3:157970)\n    at /home/felipe/.vscode/extensions/uqbar.wollok-lsp-ide-0.3.6/out/server/src/server.js:37:57871\n    at Vr (/home/felipe/.vscode/extensions/uqbar.wollok-lsp-ide-0.3.6/out/server/src/server.js:8:1561)","timestamp":"2024-10-11T22:35:30.175Z"}
{"level":"info","message":"onRequest - completionItem/resolve","timestamp":"2024-10-11T22:35:30.176Z"}
{"level":"info","message":"⌛ Validating hector.wlk","timeElapsed":247,"timestamp":"2024-10-11T22:35:30.424Z"}
{"level":"error","message":"✘ Failed to rebuild document Failed to parse hector.wlk: \n-- PARSING FAILED --------------------------------------------------\n\n  112 | \t\t\tself.vender()\n  113 | \t\t}\n> 114 | \t}\n      |  ^\n  115 | }\n  116 | \n\nExpected one of the following: \n\n'@', 'class', 'const', 'describe', 'mixin', 'object', 'only', 'package', 'program', 'test', 'var', '{', EOF, comment, not \"}\n\", whitespace\n","stack":"Error: Failed to parse hector.wlk: \n-- PARSING FAILED --------------------------------------------------\n\n  112 | \t\t\tself.vender()\n  113 | \t\t}\n> 114 | \t}\n      |  ^\n  115 | }\n  116 | \n\nExpected one of the following: \n\n'@', 'class', 'const', 'describe', 'mixin', 'object', 'only', 'package', 'program', 'test', 'var', '{', EOF, comment, not \"}\n\", whitespace\n\n    at /home/felipe/.vscode/extensions/uqbar.wollok-lsp-ide-0.3.6/out/server/src/server.js:2254:32415\n    at Array.map (<anonymous>)\n    at Jfn (/home/felipe/.vscode/extensions/uqbar.wollok-lsp-ide-0.3.6/out/server/src/server.js:2254:32339)\n    at k2.buildEnvironmentFrom (/home/felipe/.vscode/extensions/uqbar.wollok-lsp-ide-0.3.6/out/server/src/server.js:2285:6721)\n    at k2.updateEnvironmentWith (/home/felipe/.vscode/extensions/uqbar.wollok-lsp-ide-0.3.6/out/server/src/server.js:2285:6456)\n    at jL (/home/felipe/.vscode/extensions/uqbar.wollok-lsp-ide-0.3.6/out/server/src/server.js:2298:2292)\n    at v3.invoke (/home/felipe/.vscode/extensions/uqbar.wollok-lsp-ide-0.3.6/out/server/src/server.js:3:157200)\n    at o.fire (/home/felipe/.vscode/extensions/uqbar.wollok-lsp-ide-0.3.6/out/server/src/server.js:3:157970)\n    at /home/felipe/.vscode/extensions/uqbar.wollok-lsp-ide-0.3.6/out/server/src/server.js:37:57871\n    at Vr (/home/felipe/.vscode/extensions/uqbar.wollok-lsp-ide-0.3.6/out/server/src/server.js:8:1561)","timestamp":"2024-10-11T22:35:30.472Z"}
{"level":"info","message":"onRequest - completionItem/resolve","timestamp":"2024-10-11T22:35:30.472Z"}
{"level":"info","message":"⌛ Validating hector.wlk","timeElapsed":213,"timestamp":"2024-10-11T22:35:30.686Z"}
{"level":"info","message":"⌛ Building environment","timeElapsed":174,"timestamp":"2024-10-11T22:35:30.867Z"}
{"level":"info","message":"⌛ Building environment","timeElapsed":156,"timestamp":"2024-10-11T22:35:31.024Z"}
{"level":"info","message":"⌛ Autocomplete - Method","timeElapsed":103,"timestamp":"2024-10-11T22:35:31.136Z"}
{"level":"info","message":"⌛ Validating hector.wlk","timeElapsed":223,"timestamp":"2024-10-11T22:35:31.362Z"}
{"level":"info","message":"⌛ Building environment","timeElapsed":151,"timestamp":"2024-10-11T22:35:31.515Z"}
{"level":"info","message":"⌛ Building environment","timeElapsed":175,"timestamp":"2024-10-11T22:35:31.695Z"}
{"level":"info","message":"⌛ Building environment","timeElapsed":155,"timestamp":"2024-10-11T22:35:31.857Z"}
{"level":"info","message":"⌛ Building environment","timeElapsed":172,"timestamp":"2024-10-11T22:35:32.036Z"}
{"level":"info","message":"⌛ Validating hector.wlk","timeElapsed":206,"timestamp":"2024-10-11T22:35:32.254Z"}
{"level":"info","message":"⌛ Building environment","timeElapsed":153,"timestamp":"2024-10-11T22:35:32.408Z"}
{"level":"info","message":"⌛ Validating hector.wlk","timeElapsed":182,"timestamp":"2024-10-11T22:35:32.591Z"}
{"level":"info","message":"⌛ Building environment","timeElapsed":155,"timestamp":"2024-10-11T22:35:32.748Z"}
{"level":"info","message":"⌛ Validating hector.wlk","timeElapsed":189,"timestamp":"2024-10-11T22:35:32.983Z"}
{"level":"info","message":"⌛ Building environment","timeElapsed":142,"timestamp":"2024-10-11T22:35:33.127Z"}
{"level":"info","message":"⌛ Validating hector.wlk","timeElapsed":181,"timestamp":"2024-10-11T22:35:33.319Z"}
{"level":"info","message":"⌛ Building environment","timeElapsed":146,"timestamp":"2024-10-11T22:35:33.465Z"}
{"level":"info","message":"⌛ Validating hector.wlk","timeElapsed":197,"timestamp":"2024-10-11T22:35:33.663Z"}
{"level":"info","message":"⌛ Building environment","timeElapsed":154,"timestamp":"2024-10-11T22:35:33.820Z"}
{"level":"info","message":"⌛ Validating hector.wlk","timeElapsed":180,"timestamp":"2024-10-11T22:35:34.004Z"}
{"level":"info","message":"⌛ Building environment","timeElapsed":181,"timestamp":"2024-10-11T22:35:34.186Z"}
{"level":"info","message":"⌛ Building environment","timeElapsed":170,"timestamp":"2024-10-11T22:35:34.356Z"}
{"level":"info","message":"⌛ Validating hector.wlk","timeElapsed":174,"timestamp":"2024-10-11T22:35:34.530Z"}
{"level":"info","message":"⌛ Building environment","timeElapsed":136,"timestamp":"2024-10-11T22:35:34.674Z"}
{"level":"info","message":"⌛ Validating hector.wlk","timeElapsed":179,"timestamp":"2024-10-11T22:35:34.857Z"}
{"level":"info","message":"⌛ Validating hector.wlk","timeElapsed":181,"timestamp":"2024-10-11T22:35:35.046Z"}
{"level":"info","message":"⌛ Validating hector.wlk","timeElapsed":218,"timestamp":"2024-10-11T22:35:35.265Z"}
{"level":"info","message":"⌛ Validating hector.wlk","timeElapsed":210,"timestamp":"2024-10-11T22:35:35.476Z"}
{"level":"info","message":"⌛ Validating hector.wlk","timeElapsed":203,"timestamp":"2024-10-11T22:35:35.680Z"}
{"level":"info","message":"⌛ Validating hector.wlk","timeElapsed":184,"timestamp":"2024-10-11T22:35:35.865Z"}
{"level":"info","message":"⌛ Validating hector.wlk","timeElapsed":193,"timestamp":"2024-10-11T22:35:36.059Z"}
{"level":"info","message":"⌛ Building environment","timeElapsed":150,"timestamp":"2024-10-11T22:35:36.209Z"}
{"level":"info","message":"⌛ Building environment","timeElapsed":142,"timestamp":"2024-10-11T22:35:36.351Z"}
{"level":"info","message":"⌛ Building environment","timeElapsed":142,"timestamp":"2024-10-11T22:35:36.494Z"}
{"level":"info","message":"⌛ Validating hector.wlk","timeElapsed":197,"timestamp":"2024-10-11T22:35:36.700Z"}
{"level":"info","message":"⌛ Validating hector.wlk","timeElapsed":192,"timestamp":"2024-10-11T22:35:36.893Z"}
{"level":"info","message":"⌛ Validating hector.wlk","timeElapsed":252,"timestamp":"2024-10-11T22:35:37.149Z"}
{"level":"info","message":"⌛ Building environment","timeElapsed":207,"timestamp":"2024-10-11T22:35:39.289Z"}
{"level":"info","message":"⌛ Building environment","timeElapsed":199,"timestamp":"2024-10-11T22:35:39.531Z"}
{"level":"info","message":"⌛ Validating hector.wlk","timeElapsed":194,"timestamp":"2024-10-11T22:35:39.727Z"}
{"level":"info","message":"onRequest - completionItem/resolve","timestamp":"2024-10-11T22:35:39.727Z"}
{"level":"info","message":"⌛ Building environment","timeElapsed":177,"timestamp":"2024-10-11T22:35:39.904Z"}
{"level":"info","message":"onRequest - completionItem/resolve","timestamp":"2024-10-11T22:35:39.905Z"}
{"level":"info","message":"⌛ Validating hector.wlk","timeElapsed":208,"timestamp":"2024-10-11T22:35:40.119Z"}
{"level":"info","message":"⌛ Building environment","timeElapsed":148,"timestamp":"2024-10-11T22:35:40.269Z"}
{"level":"info","message":"onRequest - completionItem/resolve","timestamp":"2024-10-11T22:35:40.269Z"}
{"level":"info","message":"⌛ Building environment","timeElapsed":169,"timestamp":"2024-10-11T22:35:40.438Z"}
{"level":"info","message":"onRequest - completionItem/resolve","timestamp":"2024-10-11T22:35:40.439Z"}
{"level":"info","message":"⌛ Building environment","timeElapsed":165,"timestamp":"2024-10-11T22:35:40.605Z"}
{"level":"info","message":"onRequest - completionItem/resolve","timestamp":"2024-10-11T22:35:40.605Z"}
{"level":"info","message":"⌛ Validating hector.wlk","timeElapsed":196,"timestamp":"2024-10-11T22:35:40.802Z"}
{"level":"info","message":"⌛ Building environment","timeElapsed":248,"timestamp":"2024-10-11T22:35:41.050Z"}
{"level":"info","message":"onRequest - completionItem/resolve","timestamp":"2024-10-11T22:35:41.051Z"}
{"level":"info","message":"⌛ Validating hector.wlk","timeElapsed":185,"timestamp":"2024-10-11T22:35:41.236Z"}
{"level":"info","message":"⌛ Validating hector.wlk","timeElapsed":175,"timestamp":"2024-10-11T22:35:41.423Z"}
{"level":"info","message":"⌛ Building environment","timeElapsed":164,"timestamp":"2024-10-11T22:35:41.587Z"}
{"level":"info","message":"⌛ Validating hector.wlk","timeElapsed":177,"timestamp":"2024-10-11T22:35:41.765Z"}
{"level":"info","message":"⌛ Validating hector.wlk","timeElapsed":172,"timestamp":"2024-10-11T22:35:41.949Z"}
{"level":"info","message":"⌛ Validating hector.wlk","timeElapsed":191,"timestamp":"2024-10-11T22:35:42.141Z"}
{"level":"info","message":"⌛ Building environment","timeElapsed":143,"timestamp":"2024-10-11T22:35:42.285Z"}
{"level":"info","message":"⌛ Validating hector.wlk","timeElapsed":182,"timestamp":"2024-10-11T22:35:42.472Z"}
{"level":"info","message":"⌛ Building environment","timeElapsed":156,"timestamp":"2024-10-11T22:35:42.718Z"}
{"level":"info","message":"⌛ Validating hector.wlk","timeElapsed":193,"timestamp":"2024-10-11T22:35:42.912Z"}
{"level":"info","message":"⌛ Building environment","timeElapsed":173,"timestamp":"2024-10-11T22:35:43.087Z"}
{"level":"info","message":"⌛ Validating hector.wlk","timeElapsed":193,"timestamp":"2024-10-11T22:35:43.294Z"}
{"level":"info","message":"⌛ Building environment","timeElapsed":223,"timestamp":"2024-10-11T22:35:44.706Z"}
{"level":"error","message":"✘ Completions for node failed: Error: [Send]{95d35f} at hector.wlk:-- exhausted all cases without a match [Send]{95d35f} at hector.wlk:-- exhausted all cases without a match","stack":"Error: [Send]{95d35f} at hector.wlk:-- exhausted all cases without a match\n    at /home/felipe/.vscode/extensions/uqbar.wollok-lsp-ide-0.3.6/out/server/src/server.js:38:6067\n    at yh (/home/felipe/.vscode/extensions/uqbar.wollok-lsp-ide-0.3.6/out/server/src/server.js:2291:42)\n    at kh (/home/felipe/.vscode/extensions/uqbar.wollok-lsp-ide-0.3.6/out/server/src/server.js:2291:1004)\n    at Y5n (/home/felipe/.vscode/extensions/uqbar.wollok-lsp-ide-0.3.6/out/server/src/server.js:2291:1160)\n    at /home/felipe/.vscode/extensions/uqbar.wollok-lsp-ide-0.3.6/out/server/src/server.js:38:6056\n    at yh (/home/felipe/.vscode/extensions/uqbar.wollok-lsp-ide-0.3.6/out/server/src/server.js:2291:42)\n    at /home/felipe/.vscode/extensions/uqbar.wollok-lsp-ide-0.3.6/out/server/src/server.js:2291:2700\n    at /home/felipe/.vscode/extensions/uqbar.wollok-lsp-ide-0.3.6/out/server/src/server.js:2298:3774\n    at /home/felipe/.vscode/extensions/uqbar.wollok-lsp-ide-0.3.6/out/server/src/server.js:37:74872\n    at Fe (/home/felipe/.vscode/extensions/uqbar.wollok-lsp-ide-0.3.6/out/server/src/server.js:7:8527)","timestamp":"2024-10-11T22:35:44.755Z"}
{"level":"error","message":"✘ Completions for node failed: Error: [Assignment]{40dae1} at hector.wlk:108 exhausted all cases without a match [Assignment]{40dae1} at hector.wlk:108 exhausted all cases without a match","stack":"Error: [Assignment]{40dae1} at hector.wlk:108 exhausted all cases without a match\n    at /home/felipe/.vscode/extensions/uqbar.wollok-lsp-ide-0.3.6/out/server/src/server.js:38:6067\n    at yh (/home/felipe/.vscode/extensions/uqbar.wollok-lsp-ide-0.3.6/out/server/src/server.js:2291:42)\n    at kh (/home/felipe/.vscode/extensions/uqbar.wollok-lsp-ide-0.3.6/out/server/src/server.js:2291:1004)\n    at yh (/home/felipe/.vscode/extensions/uqbar.wollok-lsp-ide-0.3.6/out/server/src/server.js:2291:456)\n    at kh (/home/felipe/.vscode/extensions/uqbar.wollok-lsp-ide-0.3.6/out/server/src/server.js:2291:1004)\n    at Y5n (/home/felipe/.vscode/extensions/uqbar.wollok-lsp-ide-0.3.6/out/server/src/server.js:2291:1160)\n    at /home/felipe/.vscode/extensions/uqbar.wollok-lsp-ide-0.3.6/out/server/src/server.js:38:6056\n    at yh (/home/felipe/.vscode/extensions/uqbar.wollok-lsp-ide-0.3.6/out/server/src/server.js:2291:42)\n    at /home/felipe/.vscode/extensions/uqbar.wollok-lsp-ide-0.3.6/out/server/src/server.js:2291:2700\n    at /home/felipe/.vscode/extensions/uqbar.wollok-lsp-ide-0.3.6/out/server/src/server.js:2298:3774","timestamp":"2024-10-11T22:35:44.755Z"}
{"level":"info","message":"⌛ Building environment","timeElapsed":144,"timestamp":"2024-10-11T22:35:44.903Z"}
{"level":"info","message":"⌛ Validating hector.wlk","timeElapsed":185,"timestamp":"2024-10-11T22:35:45.094Z"}
{"level":"info","message":"onRequest - completionItem/resolve","timestamp":"2024-10-11T22:35:45.094Z"}
{"level":"info","message":"⌛ Validating hector.wlk","timeElapsed":207,"timestamp":"2024-10-11T22:35:45.303Z"}
{"level":"info","message":"⌛ Building environment","timeElapsed":141,"timestamp":"2024-10-11T22:35:45.457Z"}
{"level":"info","message":"⌛ Validating hector.wlk","timeElapsed":188,"timestamp":"2024-10-11T22:35:45.652Z"}
{"level":"info","message":"⌛ Building environment","timeElapsed":257,"timestamp":"2024-10-11T22:35:45.911Z"}
{"level":"info","message":"⌛ Validating hector.wlk","timeElapsed":208,"timestamp":"2024-10-11T22:35:46.127Z"}
{"level":"info","message":"⌛ Building environment","timeElapsed":171,"timestamp":"2024-10-11T22:35:46.436Z"}
{"level":"info","message":"⌛ Validating hector.wlk","timeElapsed":220,"timestamp":"2024-10-11T22:35:46.710Z"}
{"level":"info","message":"onRequest - completionItem/resolve","timestamp":"2024-10-11T22:35:46.710Z"}
{"level":"info","message":"⌛ Building environment","timeElapsed":191,"timestamp":"2024-10-11T22:35:46.902Z"}
{"level":"info","message":"onRequest - completionItem/resolve","timestamp":"2024-10-11T22:35:46.903Z"}
{"level":"info","message":"⌛ Building environment","timeElapsed":172,"timestamp":"2024-10-11T22:35:47.076Z"}
{"level":"info","message":"onRequest - completionItem/resolve","timestamp":"2024-10-11T22:35:47.076Z"}
{"level":"info","message":"⌛ Validating hector.wlk","timeElapsed":215,"timestamp":"2024-10-11T22:35:47.291Z"}
{"level":"info","message":"⌛ Building environment","timeElapsed":163,"timestamp":"2024-10-11T22:35:47.456Z"}
{"level":"info","message":"onRequest - completionItem/resolve","timestamp":"2024-10-11T22:35:47.461Z"}
{"level":"info","message":"⌛ Validating hector.wlk","timeElapsed":207,"timestamp":"2024-10-11T22:35:47.669Z"}
{"level":"info","message":"⌛ Building environment","timeElapsed":174,"timestamp":"2024-10-11T22:35:47.843Z"}
{"level":"info","message":"onRequest - completionItem/resolve","timestamp":"2024-10-11T22:35:47.844Z"}
{"level":"info","message":"⌛ Building environment","timeElapsed":194,"timestamp":"2024-10-11T22:35:48.038Z"}
{"level":"info","message":"onRequest - completionItem/resolve","timestamp":"2024-10-11T22:35:48.040Z"}
{"level":"info","message":"⌛ Building environment","timeElapsed":187,"timestamp":"2024-10-11T22:35:48.227Z"}
{"level":"info","message":"onRequest - completionItem/resolve","timestamp":"2024-10-11T22:35:48.227Z"}
{"level":"info","message":"⌛ Validating hector.wlk","timeElapsed":233,"timestamp":"2024-10-11T22:35:48.465Z"}
{"level":"info","message":"⌛ Building environment","timeElapsed":146,"timestamp":"2024-10-11T22:35:48.612Z"}
{"level":"info","message":"onRequest - completionItem/resolve","timestamp":"2024-10-11T22:35:48.612Z"}
{"level":"info","message":"⌛ Building environment","timeElapsed":141,"timestamp":"2024-10-11T22:35:48.753Z"}
{"level":"info","message":"onRequest - completionItem/resolve","timestamp":"2024-10-11T22:35:48.754Z"}
{"level":"info","message":"⌛ Building environment","timeElapsed":167,"timestamp":"2024-10-11T22:35:48.922Z"}
{"level":"info","message":"onRequest - completionItem/resolve","timestamp":"2024-10-11T22:35:48.922Z"}
{"level":"info","message":"⌛ Validating hector.wlk","timeElapsed":187,"timestamp":"2024-10-11T22:35:49.109Z"}
{"level":"info","message":"⌛ Building environment","timeElapsed":144,"timestamp":"2024-10-11T22:35:49.254Z"}
{"level":"info","message":"onRequest - completionItem/resolve","timestamp":"2024-10-11T22:35:49.255Z"}
{"level":"info","message":"⌛ Validating hector.wlk","timeElapsed":176,"timestamp":"2024-10-11T22:35:49.431Z"}
{"level":"info","message":"⌛ Validating hector.wlk","timeElapsed":197,"timestamp":"2024-10-11T22:35:49.628Z"}
{"level":"info","message":"⌛ Validating hector.wlk","timeElapsed":179,"timestamp":"2024-10-11T22:35:49.818Z"}
{"level":"info","message":"⌛ Validating hector.wlk","timeElapsed":185,"timestamp":"2024-10-11T22:35:50.004Z"}
{"level":"info","message":"⌛ Validating hector.wlk","timeElapsed":179,"timestamp":"2024-10-11T22:35:50.184Z"}
{"level":"info","message":"⌛ Validating hector.wlk","timeElapsed":180,"timestamp":"2024-10-11T22:35:50.364Z"}
{"level":"info","message":"⌛ Building environment","timeElapsed":164,"timestamp":"2024-10-11T22:35:51.049Z"}
{"level":"info","message":"onRequest - completionItem/resolve","timestamp":"2024-10-11T22:35:51.055Z"}
{"level":"info","message":"⌛ Building environment","timeElapsed":192,"timestamp":"2024-10-11T22:35:51.249Z"}
{"level":"info","message":"onRequest - completionItem/resolve","timestamp":"2024-10-11T22:35:51.256Z"}
{"level":"info","message":"⌛ Validating hector.wlk","timeElapsed":190,"timestamp":"2024-10-11T22:35:51.447Z"}
{"level":"info","message":"⌛ Building environment","timeElapsed":181,"timestamp":"2024-10-11T22:35:51.628Z"}
{"level":"info","message":"onRequest - completionItem/resolve","timestamp":"2024-10-11T22:35:51.629Z"}
{"level":"info","message":"⌛ Validating hector.wlk","timeElapsed":204,"timestamp":"2024-10-11T22:35:51.833Z"}
{"level":"info","message":"⌛ Building environment","timeElapsed":160,"timestamp":"2024-10-11T22:35:51.994Z"}
{"level":"info","message":"onRequest - completionItem/resolve","timestamp":"2024-10-11T22:35:52.001Z"}
{"level":"info","message":"⌛ Building environment","timeElapsed":150,"timestamp":"2024-10-11T22:35:52.151Z"}
{"level":"info","message":"onRequest - completionItem/resolve","timestamp":"2024-10-11T22:35:52.158Z"}
{"level":"info","message":"⌛ Validating hector.wlk","timeElapsed":259,"timestamp":"2024-10-11T22:35:52.417Z"}
{"level":"info","message":"⌛ Building environment","timeElapsed":189,"timestamp":"2024-10-11T22:35:52.606Z"}
{"level":"info","message":"onRequest - completionItem/resolve","timestamp":"2024-10-11T22:35:52.612Z"}
{"level":"info","message":"⌛ Building environment","timeElapsed":142,"timestamp":"2024-10-11T22:35:52.755Z"}
{"level":"info","message":"onRequest - completionItem/resolve","timestamp":"2024-10-11T22:35:52.760Z"}
{"level":"info","message":"⌛ Validating hector.wlk","timeElapsed":183,"timestamp":"2024-10-11T22:35:52.945Z"}
{"level":"info","message":"⌛ Building environment","timeElapsed":149,"timestamp":"2024-10-11T22:35:53.094Z"}
{"level":"info","message":"onRequest - completionItem/resolve","timestamp":"2024-10-11T22:35:53.095Z"}
{"level":"info","message":"⌛ Validating hector.wlk","timeElapsed":177,"timestamp":"2024-10-11T22:35:53.272Z"}
{"level":"info","message":"⌛ Building environment","timeElapsed":176,"timestamp":"2024-10-11T22:35:53.451Z"}
{"level":"info","message":"onRequest - completionItem/resolve","timestamp":"2024-10-11T22:35:53.456Z"}
{"level":"info","message":"⌛ Validating hector.wlk","timeElapsed":177,"timestamp":"2024-10-11T22:35:53.633Z"}
{"level":"info","message":"⌛ Validating hector.wlk","timeElapsed":175,"timestamp":"2024-10-11T22:35:53.817Z"}
{"level":"info","message":"⌛ Validating hector.wlk","timeElapsed":185,"timestamp":"2024-10-11T22:35:54.002Z"}
{"level":"info","message":"⌛ Validating hector.wlk","timeElapsed":183,"timestamp":"2024-10-11T22:35:54.186Z"}
{"level":"info","message":"onRequest - completionItem/resolve","timestamp":"2024-10-11T22:35:54.188Z"}
{"level":"info","message":"onRequest - completionItem/resolve","timestamp":"2024-10-11T22:35:54.188Z"}
{"level":"info","message":"onRequest - completionItem/resolve","timestamp":"2024-10-11T22:35:54.312Z"}
{"level":"info","message":"⌛ Building environment","timeElapsed":154,"timestamp":"2024-10-11T22:35:54.767Z"}
{"level":"info","message":"⌛ Validating hector.wlk","timeElapsed":186,"timestamp":"2024-10-11T22:35:54.959Z"}
{"level":"info","message":"⌛ Building environment","timeElapsed":192,"timestamp":"2024-10-11T22:35:57.126Z"}
{"level":"info","message":"⌛ Validating hector.wlk","timeElapsed":193,"timestamp":"2024-10-11T22:35:57.365Z"}
{"level":"info","message":"onRequest - completionItem/resolve","timestamp":"2024-10-11T22:35:57.365Z"}
{"level":"info","message":"⌛ Building environment","timeElapsed":163,"timestamp":"2024-10-11T22:35:58.474Z"}
{"level":"error","message":"✘ Completions for node failed: Error: [Send]{f100e7} at hector.wlk:108 exhausted all cases without a match [Send]{f100e7} at hector.wlk:108 exhausted all cases without a match","stack":"Error: [Send]{f100e7} at hector.wlk:108 exhausted all cases without a match\n    at /home/felipe/.vscode/extensions/uqbar.wollok-lsp-ide-0.3.6/out/server/src/server.js:38:6067\n    at yh (/home/felipe/.vscode/extensions/uqbar.wollok-lsp-ide-0.3.6/out/server/src/server.js:2291:42)\n    at kh (/home/felipe/.vscode/extensions/uqbar.wollok-lsp-ide-0.3.6/out/server/src/server.js:2291:1004)\n    at Y5n (/home/felipe/.vscode/extensions/uqbar.wollok-lsp-ide-0.3.6/out/server/src/server.js:2291:1160)\n    at /home/felipe/.vscode/extensions/uqbar.wollok-lsp-ide-0.3.6/out/server/src/server.js:38:6056\n    at yh (/home/felipe/.vscode/extensions/uqbar.wollok-lsp-ide-0.3.6/out/server/src/server.js:2291:42)\n    at /home/felipe/.vscode/extensions/uqbar.wollok-lsp-ide-0.3.6/out/server/src/server.js:2291:2700\n    at /home/felipe/.vscode/extensions/uqbar.wollok-lsp-ide-0.3.6/out/server/src/server.js:2298:3774\n    at /home/felipe/.vscode/extensions/uqbar.wollok-lsp-ide-0.3.6/out/server/src/server.js:37:74872\n    at Fe (/home/felipe/.vscode/extensions/uqbar.wollok-lsp-ide-0.3.6/out/server/src/server.js:7:8527)","timestamp":"2024-10-11T22:35:58.515Z"}
{"level":"error","message":"✘ Completions for node failed: Error: [Send]{24015f} at hector.wlk:-- exhausted all cases without a match [Send]{24015f} at hector.wlk:-- exhausted all cases without a match","stack":"Error: [Send]{24015f} at hector.wlk:-- exhausted all cases without a match\n    at /home/felipe/.vscode/extensions/uqbar.wollok-lsp-ide-0.3.6/out/server/src/server.js:38:6067\n    at yh (/home/felipe/.vscode/extensions/uqbar.wollok-lsp-ide-0.3.6/out/server/src/server.js:2291:42)\n    at kh (/home/felipe/.vscode/extensions/uqbar.wollok-lsp-ide-0.3.6/out/server/src/server.js:2291:1004)\n    at yh (/home/felipe/.vscode/extensions/uqbar.wollok-lsp-ide-0.3.6/out/server/src/server.js:2291:456)\n    at kh (/home/felipe/.vscode/extensions/uqbar.wollok-lsp-ide-0.3.6/out/server/src/server.js:2291:1004)\n    at Y5n (/home/felipe/.vscode/extensions/uqbar.wollok-lsp-ide-0.3.6/out/server/src/server.js:2291:1160)\n    at /home/felipe/.vscode/extensions/uqbar.wollok-lsp-ide-0.3.6/out/server/src/server.js:38:6056\n    at yh (/home/felipe/.vscode/extensions/uqbar.wollok-lsp-ide-0.3.6/out/server/src/server.js:2291:42)\n    at /home/felipe/.vscode/extensions/uqbar.wollok-lsp-ide-0.3.6/out/server/src/server.js:2291:2700\n    at /home/felipe/.vscode/extensions/uqbar.wollok-lsp-ide-0.3.6/out/server/src/server.js:2298:3774","timestamp":"2024-10-11T22:35:58.515Z"}
{"level":"error","message":"✘ Completions for node failed: Error: [Assignment]{e34a39} at hector.wlk:108 exhausted all cases without a match [Assignment]{e34a39} at hector.wlk:108 exhausted all cases without a match","stack":"Error: [Assignment]{e34a39} at hector.wlk:108 exhausted all cases without a match\n    at /home/felipe/.vscode/extensions/uqbar.wollok-lsp-ide-0.3.6/out/server/src/server.js:38:6067\n    at yh (/home/felipe/.vscode/extensions/uqbar.wollok-lsp-ide-0.3.6/out/server/src/server.js:2291:42)\n    at kh (/home/felipe/.vscode/extensions/uqbar.wollok-lsp-ide-0.3.6/out/server/src/server.js:2291:1004)\n    at yh (/home/felipe/.vscode/extensions/uqbar.wollok-lsp-ide-0.3.6/out/server/src/server.js:2291:456)\n    at kh (/home/felipe/.vscode/extensions/uqbar.wollok-lsp-ide-0.3.6/out/server/src/server.js:2291:1004)\n    at yh (/home/felipe/.vscode/extensions/uqbar.wollok-lsp-ide-0.3.6/out/server/src/server.js:2291:456)\n    at kh (/home/felipe/.vscode/extensions/uqbar.wollok-lsp-ide-0.3.6/out/server/src/server.js:2291:1004)\n    at Y5n (/home/felipe/.vscode/extensions/uqbar.wollok-lsp-ide-0.3.6/out/server/src/server.js:2291:1160)\n    at /home/felipe/.vscode/extensions/uqbar.wollok-lsp-ide-0.3.6/out/server/src/server.js:38:6056\n    at yh (/home/felipe/.vscode/extensions/uqbar.wollok-lsp-ide-0.3.6/out/server/src/server.js:2291:42)","timestamp":"2024-10-11T22:35:58.516Z"}
{"level":"info","message":"⌛ Validating hector.wlk","timeElapsed":192,"timestamp":"2024-10-11T22:35:58.714Z"}
{"level":"info","message":"onRequest - completionItem/resolve","timestamp":"2024-10-11T22:35:58.715Z"}
{"level":"info","message":"⌛ Building environment","timeElapsed":252,"timestamp":"2024-10-11T22:35:59.689Z"}
{"level":"info","message":"⌛ Validating hector.wlk","timeElapsed":218,"timestamp":"2024-10-11T22:35:59.952Z"}
{"level":"info","message":"onRequest - completionItem/resolve","timestamp":"2024-10-11T22:35:59.953Z"}
{"level":"info","message":"⌛ Building environment","timeElapsed":165,"timestamp":"2024-10-11T22:36:00.119Z"}
{"level":"info","message":"⌛ Validating hector.wlk","timeElapsed":189,"timestamp":"2024-10-11T22:36:00.314Z"}
{"level":"info","message":"⌛ Building environment","timeElapsed":146,"timestamp":"2024-10-11T22:36:00.891Z"}
{"level":"info","message":"⌛ Validating hector.wlk","timeElapsed":224,"timestamp":"2024-10-11T22:36:01.162Z"}
{"level":"info","message":"onRequest - completionItem/resolve","timestamp":"2024-10-11T22:36:01.163Z"}
{"level":"info","message":"⌛ Building environment","timeElapsed":171,"timestamp":"2024-10-11T22:36:01.335Z"}
{"level":"info","message":"onRequest - completionItem/resolve","timestamp":"2024-10-11T22:36:01.342Z"}
{"level":"info","message":"⌛ Building environment","timeElapsed":300,"timestamp":"2024-10-11T22:36:01.642Z"}
{"level":"info","message":"onRequest - completionItem/resolve","timestamp":"2024-10-11T22:36:01.651Z"}
{"level":"info","message":"⌛ Building environment","timeElapsed":172,"timestamp":"2024-10-11T22:36:01.823Z"}
{"level":"info","message":"onRequest - completionItem/resolve","timestamp":"2024-10-11T22:36:01.830Z"}
{"level":"info","message":"⌛ Validating hector.wlk","timeElapsed":198,"timestamp":"2024-10-11T22:36:02.028Z"}
{"level":"info","message":"⌛ Building environment","timeElapsed":157,"timestamp":"2024-10-11T22:36:02.185Z"}
{"level":"info","message":"onRequest - completionItem/resolve","timestamp":"2024-10-11T22:36:02.185Z"}
{"level":"info","message":"⌛ Validating hector.wlk","timeElapsed":191,"timestamp":"2024-10-11T22:36:02.377Z"}
{"level":"info","message":"⌛ Building environment","timeElapsed":150,"timestamp":"2024-10-11T22:36:02.529Z"}
{"level":"info","message":"onRequest - completionItem/resolve","timestamp":"2024-10-11T22:36:02.536Z"}
{"level":"info","message":"⌛ Validating hector.wlk","timeElapsed":191,"timestamp":"2024-10-11T22:36:02.728Z"}
{"level":"info","message":"⌛ Validating hector.wlk","timeElapsed":198,"timestamp":"2024-10-11T22:36:02.933Z"}
{"level":"info","message":"⌛ Validating hector.wlk","timeElapsed":184,"timestamp":"2024-10-11T22:36:03.117Z"}
{"level":"info","message":"⌛ Building environment","timeElapsed":146,"timestamp":"2024-10-11T22:36:03.264Z"}
{"level":"info","message":"⌛ Validating hector.wlk","timeElapsed":189,"timestamp":"2024-10-11T22:36:03.491Z"}
{"level":"info","message":"⌛ Building environment","timeElapsed":150,"timestamp":"2024-10-11T22:36:03.642Z"}
{"level":"info","message":"⌛ Validating hector.wlk","timeElapsed":186,"timestamp":"2024-10-11T22:36:03.879Z"}
{"level":"info","message":"⌛ Building environment","timeElapsed":267,"timestamp":"2024-10-11T22:36:04.147Z"}
{"level":"info","message":"⌛ Building environment","timeElapsed":173,"timestamp":"2024-10-11T22:36:04.344Z"}
{"level":"info","message":"⌛ Building environment","timeElapsed":152,"timestamp":"2024-10-11T22:36:04.533Z"}
{"level":"info","message":"⌛ Validating hector.wlk","timeElapsed":219,"timestamp":"2024-10-11T22:36:04.752Z"}
{"level":"info","message":"⌛ Validating hector.wlk","timeElapsed":181,"timestamp":"2024-10-11T22:36:04.933Z"}
{"level":"info","message":"⌛ Building environment","timeElapsed":144,"timestamp":"2024-10-11T22:36:05.086Z"}
{"level":"info","message":"⌛ Validating hector.wlk","timeElapsed":189,"timestamp":"2024-10-11T22:36:05.281Z"}
{"level":"info","message":"⌛ Validating hector.wlk","timeElapsed":195,"timestamp":"2024-10-11T22:36:05.477Z"}
{"level":"info","message":"⌛ Building environment","timeElapsed":200,"timestamp":"2024-10-11T22:36:21.378Z"}
{"level":"info","message":"⌛ Building environment","timeElapsed":243,"timestamp":"2024-10-11T22:36:21.621Z"}
{"level":"info","message":"⌛ Validating objetos.wlk","timeElapsed":178,"timestamp":"2024-10-11T22:36:21.799Z"}
{"level":"info","message":"⌛ Validating objetos.wlk","timeElapsed":184,"timestamp":"2024-10-11T22:36:21.992Z"}
{"level":"info","message":"⌛ Building environment","timeElapsed":146,"timestamp":"2024-10-11T22:36:22.192Z"}
{"level":"info","message":"⌛ Validating objetos.wlk","timeElapsed":183,"timestamp":"2024-10-11T22:36:22.413Z"}
{"level":"info","message":"⌛ Building environment","timeElapsed":146,"timestamp":"2024-10-11T22:36:22.559Z"}
{"level":"info","message":"onRequest - completionItem/resolve","timestamp":"2024-10-11T22:36:22.560Z"}
{"level":"info","message":"⌛ Building environment","timeElapsed":171,"timestamp":"2024-10-11T22:36:22.732Z"}
{"level":"info","message":"onRequest - completionItem/resolve","timestamp":"2024-10-11T22:36:22.733Z"}
{"level":"info","message":"⌛ Building environment","timeElapsed":148,"timestamp":"2024-10-11T22:36:22.882Z"}
{"level":"info","message":"onRequest - completionItem/resolve","timestamp":"2024-10-11T22:36:22.882Z"}
{"level":"info","message":"⌛ Validating objetos.wlk","timeElapsed":207,"timestamp":"2024-10-11T22:36:23.090Z"}
{"level":"info","message":"⌛ Building environment","timeElapsed":151,"timestamp":"2024-10-11T22:36:23.242Z"}
{"level":"info","message":"onRequest - completionItem/resolve","timestamp":"2024-10-11T22:36:23.242Z"}
{"level":"info","message":"⌛ Validating objetos.wlk","timeElapsed":196,"timestamp":"2024-10-11T22:36:23.438Z"}
{"level":"error","message":"✘ Failed to rebuild document Failed to parse objetos.wlk: \n-- PARSING FAILED --------------------------------------------------\n\n  71 | \t\tmercaderia.clear()\n  72 | \t}\n> 73 | }\n     | ^\n  74 | \n  75 | class Aspersor {\n\nExpected one of the following: \n\n'@', 'class', 'const', 'describe', 'mixin', 'object', 'only', 'package', 'program', 'test', 'var', '{', EOF, comment, not \"}\n\n\", whitespace\n","stack":"Error: Failed to parse objetos.wlk: \n-- PARSING FAILED --------------------------------------------------\n\n  71 | \t\tmercaderia.clear()\n  72 | \t}\n> 73 | }\n     | ^\n  74 | \n  75 | class Aspersor {\n\nExpected one of the following: \n\n'@', 'class', 'const', 'describe', 'mixin', 'object', 'only', 'package', 'program', 'test', 'var', '{', EOF, comment, not \"}\n\n\", whitespace\n\n    at /home/felipe/.vscode/extensions/uqbar.wollok-lsp-ide-0.3.6/out/server/src/server.js:2254:32415\n    at Array.map (<anonymous>)\n    at Jfn (/home/felipe/.vscode/extensions/uqbar.wollok-lsp-ide-0.3.6/out/server/src/server.js:2254:32339)\n    at k2.buildEnvironmentFrom (/home/felipe/.vscode/extensions/uqbar.wollok-lsp-ide-0.3.6/out/server/src/server.js:2285:6721)\n    at k2.updateEnvironmentWith (/home/felipe/.vscode/extensions/uqbar.wollok-lsp-ide-0.3.6/out/server/src/server.js:2285:6456)\n    at jL (/home/felipe/.vscode/extensions/uqbar.wollok-lsp-ide-0.3.6/out/server/src/server.js:2298:2292)\n    at v3.invoke (/home/felipe/.vscode/extensions/uqbar.wollok-lsp-ide-0.3.6/out/server/src/server.js:3:157200)\n    at o.fire (/home/felipe/.vscode/extensions/uqbar.wollok-lsp-ide-0.3.6/out/server/src/server.js:3:157970)\n    at /home/felipe/.vscode/extensions/uqbar.wollok-lsp-ide-0.3.6/out/server/src/server.js:37:57871\n    at Vr (/home/felipe/.vscode/extensions/uqbar.wollok-lsp-ide-0.3.6/out/server/src/server.js:8:1561)","timestamp":"2024-10-11T22:36:23.469Z"}
{"level":"info","message":"onRequest - completionItem/resolve","timestamp":"2024-10-11T22:36:23.470Z"}
{"level":"info","message":"⌛ Validating objetos.wlk","timeElapsed":234,"timestamp":"2024-10-11T22:36:23.704Z"}
{"level":"error","message":"✘ Failed to rebuild document Failed to parse objetos.wlk: \n-- PARSING FAILED --------------------------------------------------\n\n  71 | \t\tmercaderia.clear()\n  72 | \t}\n> 73 | }\n     | ^\n  74 | \n  75 | class Aspersor {\n\nExpected one of the following: \n\n'@', 'class', 'const', 'describe', 'mixin', 'object', 'only', 'package', 'program', 'test', 'var', '{', EOF, comment, not \"}\n\n\", whitespace\n","stack":"Error: Failed to parse objetos.wlk: \n-- PARSING FAILED --------------------------------------------------\n\n  71 | \t\tmercaderia.clear()\n  72 | \t}\n> 73 | }\n     | ^\n  74 | \n  75 | class Aspersor {\n\nExpected one of the following: \n\n'@', 'class', 'const', 'describe', 'mixin', 'object', 'only', 'package', 'program', 'test', 'var', '{', EOF, comment, not \"}\n\n\", whitespace\n\n    at /home/felipe/.vscode/extensions/uqbar.wollok-lsp-ide-0.3.6/out/server/src/server.js:2254:32415\n    at Array.map (<anonymous>)\n    at Jfn (/home/felipe/.vscode/extensions/uqbar.wollok-lsp-ide-0.3.6/out/server/src/server.js:2254:32339)\n    at k2.buildEnvironmentFrom (/home/felipe/.vscode/extensions/uqbar.wollok-lsp-ide-0.3.6/out/server/src/server.js:2285:6721)\n    at k2.updateEnvironmentWith (/home/felipe/.vscode/extensions/uqbar.wollok-lsp-ide-0.3.6/out/server/src/server.js:2285:6456)\n    at jL (/home/felipe/.vscode/extensions/uqbar.wollok-lsp-ide-0.3.6/out/server/src/server.js:2298:2292)\n    at v3.invoke (/home/felipe/.vscode/extensions/uqbar.wollok-lsp-ide-0.3.6/out/server/src/server.js:3:157200)\n    at o.fire (/home/felipe/.vscode/extensions/uqbar.wollok-lsp-ide-0.3.6/out/server/src/server.js:3:157970)\n    at /home/felipe/.vscode/extensions/uqbar.wollok-lsp-ide-0.3.6/out/server/src/server.js:37:57871\n    at Vr (/home/felipe/.vscode/extensions/uqbar.wollok-lsp-ide-0.3.6/out/server/src/server.js:8:1561)","timestamp":"2024-10-11T22:36:23.742Z"}
{"level":"info","message":"onRequest - completionItem/resolve","timestamp":"2024-10-11T22:36:23.742Z"}
{"level":"info","message":"⌛ Validating objetos.wlk","timeElapsed":197,"timestamp":"2024-10-11T22:36:23.939Z"}
{"level":"info","message":"⌛ Building environment","timeElapsed":154,"timestamp":"2024-10-11T22:36:24.102Z"}
{"level":"info","message":"onRequest - completionItem/resolve","timestamp":"2024-10-11T22:36:24.102Z"}
{"level":"info","message":"⌛ Building environment","timeElapsed":214,"timestamp":"2024-10-11T22:36:24.317Z"}
{"level":"info","message":"⌛ Building environment","timeElapsed":137,"timestamp":"2024-10-11T22:36:24.494Z"}
{"level":"info","message":"⌛ Building environment","timeElapsed":150,"timestamp":"2024-10-11T22:36:24.644Z"}
{"level":"info","message":"⌛ Building environment","timeElapsed":147,"timestamp":"2024-10-11T22:36:24.793Z"}
{"level":"info","message":"⌛ Validating objetos.wlk","timeElapsed":190,"timestamp":"2024-10-11T22:36:24.983Z"}
{"level":"info","message":"⌛ Validating objetos.wlk","timeElapsed":197,"timestamp":"2024-10-11T22:36:25.187Z"}
{"level":"info","message":"⌛ Validating objetos.wlk","timeElapsed":201,"timestamp":"2024-10-11T22:36:25.390Z"}
{"level":"info","message":"⌛ Building environment","timeElapsed":139,"timestamp":"2024-10-11T22:36:25.530Z"}
{"level":"info","message":"⌛ Validating objetos.wlk","timeElapsed":230,"timestamp":"2024-10-11T22:36:25.872Z"}
{"level":"info","message":"⌛ Validating objetos.wlk","timeElapsed":238,"timestamp":"2024-10-11T22:36:26.111Z"}
{"level":"info","message":"⌛ Building environment","timeElapsed":177,"timestamp":"2024-10-11T22:36:26.290Z"}
{"level":"info","message":"⌛ Building environment","timeElapsed":162,"timestamp":"2024-10-11T22:36:26.452Z"}
{"level":"info","message":"⌛ Building environment","timeElapsed":147,"timestamp":"2024-10-11T22:36:26.600Z"}
{"level":"info","message":"⌛ Validating objetos.wlk","timeElapsed":174,"timestamp":"2024-10-11T22:36:26.775Z"}
{"level":"info","message":"⌛ Building environment","timeElapsed":161,"timestamp":"2024-10-11T22:36:26.937Z"}
{"level":"info","message":"⌛ Building environment","timeElapsed":159,"timestamp":"2024-10-11T22:36:27.103Z"}
{"level":"info","message":"⌛ Validating objetos.wlk","timeElapsed":189,"timestamp":"2024-10-11T22:36:27.299Z"}
{"level":"info","message":"⌛ Validating objetos.wlk","timeElapsed":179,"timestamp":"2024-10-11T22:36:27.480Z"}
{"level":"info","message":"⌛ Validating objetos.wlk","timeElapsed":276,"timestamp":"2024-10-11T22:36:27.756Z"}
{"level":"info","message":"⌛ Validating objetos.wlk","timeElapsed":189,"timestamp":"2024-10-11T22:36:27.947Z"}
{"level":"info","message":"⌛ Building environment","timeElapsed":142,"timestamp":"2024-10-11T22:36:28.090Z"}
{"level":"info","message":"⌛ Validating objetos.wlk","timeElapsed":190,"timestamp":"2024-10-11T22:36:28.280Z"}
{"level":"info","message":"⌛ Building environment","timeElapsed":134,"timestamp":"2024-10-11T22:36:28.422Z"}
{"level":"info","message":"⌛ Building environment","timeElapsed":136,"timestamp":"2024-10-11T22:36:28.559Z"}
{"level":"info","message":"⌛ Validating objetos.wlk","timeElapsed":185,"timestamp":"2024-10-11T22:36:28.752Z"}
{"level":"info","message":"⌛ Validating objetos.wlk","timeElapsed":174,"timestamp":"2024-10-11T22:36:28.927Z"}
{"level":"info","message":"⌛ Validating objetos.wlk","timeElapsed":196,"timestamp":"2024-10-11T22:36:29.124Z"}
{"level":"info","message":"⌛ Building environment","timeElapsed":150,"timestamp":"2024-10-11T22:36:29.274Z"}
{"level":"info","message":"⌛ Building environment","timeElapsed":157,"timestamp":"2024-10-11T22:36:29.483Z"}
{"level":"info","message":"⌛ Validating objetos.wlk","timeElapsed":205,"timestamp":"2024-10-11T22:36:29.689Z"}
{"level":"info","message":"⌛ Building environment","timeElapsed":194,"timestamp":"2024-10-11T22:36:29.884Z"}
{"level":"info","message":"onRequest - completionItem/resolve","timestamp":"2024-10-11T22:36:29.890Z"}
{"level":"info","message":"⌛ Building environment","timeElapsed":141,"timestamp":"2024-10-11T22:36:30.031Z"}
{"level":"info","message":"⌛ Validating objetos.wlk","timeElapsed":174,"timestamp":"2024-10-11T22:36:30.251Z"}
{"level":"info","message":"⌛ Building environment","timeElapsed":187,"timestamp":"2024-10-11T22:36:30.438Z"}
{"level":"info","message":"⌛ Building environment","timeElapsed":150,"timestamp":"2024-10-11T22:36:30.588Z"}
{"level":"info","message":"⌛ Building environment","timeElapsed":135,"timestamp":"2024-10-11T22:36:30.725Z"}
{"level":"info","message":"⌛ Validating objetos.wlk","timeElapsed":192,"timestamp":"2024-10-11T22:36:30.923Z"}
{"level":"info","message":"⌛ Validating objetos.wlk","timeElapsed":190,"timestamp":"2024-10-11T22:36:31.113Z"}
{"level":"info","message":"⌛ Validating objetos.wlk","timeElapsed":176,"timestamp":"2024-10-11T22:36:31.298Z"}
{"level":"info","message":"⌛ Validating objetos.wlk","timeElapsed":183,"timestamp":"2024-10-11T22:36:31.481Z"}
{"level":"info","message":"⌛ Validating objetos.wlk","timeElapsed":219,"timestamp":"2024-10-11T22:36:31.700Z"}
{"level":"info","message":"⌛ Building environment","timeElapsed":149,"timestamp":"2024-10-11T22:36:31.850Z"}
{"level":"error","message":"✘ Completions for node failed: Error: [Return]{58f381} at objetos.wlk:68 exhausted all cases without a match [Return]{58f381} at objetos.wlk:68 exhausted all cases without a match","stack":"Error: [Return]{58f381} at objetos.wlk:68 exhausted all cases without a match\n    at /home/felipe/.vscode/extensions/uqbar.wollok-lsp-ide-0.3.6/out/server/src/server.js:38:6067\n    at yh (/home/felipe/.vscode/extensions/uqbar.wollok-lsp-ide-0.3.6/out/server/src/server.js:2291:42)\n    at kh (/home/felipe/.vscode/extensions/uqbar.wollok-lsp-ide-0.3.6/out/server/src/server.js:2291:1004)\n    at Y5n (/home/felipe/.vscode/extensions/uqbar.wollok-lsp-ide-0.3.6/out/server/src/server.js:2291:1160)\n    at /home/felipe/.vscode/extensions/uqbar.wollok-lsp-ide-0.3.6/out/server/src/server.js:38:6056\n    at yh (/home/felipe/.vscode/extensions/uqbar.wollok-lsp-ide-0.3.6/out/server/src/server.js:2291:42)\n    at /home/felipe/.vscode/extensions/uqbar.wollok-lsp-ide-0.3.6/out/server/src/server.js:2291:2700\n    at /home/felipe/.vscode/extensions/uqbar.wollok-lsp-ide-0.3.6/out/server/src/server.js:2298:3774\n    at /home/felipe/.vscode/extensions/uqbar.wollok-lsp-ide-0.3.6/out/server/src/server.js:37:74872\n    at Fe (/home/felipe/.vscode/extensions/uqbar.wollok-lsp-ide-0.3.6/out/server/src/server.js:7:8527)","timestamp":"2024-10-11T22:36:31.884Z"}
{"level":"info","message":"⌛ Building environment","timeElapsed":143,"timestamp":"2024-10-11T22:36:32.032Z"}
{"level":"info","message":"⌛ Building environment","timeElapsed":157,"timestamp":"2024-10-11T22:36:32.190Z"}
{"level":"info","message":"⌛ Validating objetos.wlk","timeElapsed":254,"timestamp":"2024-10-11T22:36:32.446Z"}
{"level":"info","message":"onRequest - completionItem/resolve","timestamp":"2024-10-11T22:36:32.448Z"}
{"level":"info","message":"⌛ Validating objetos.wlk","timeElapsed":200,"timestamp":"2024-10-11T22:36:32.648Z"}
{"level":"info","message":"⌛ Building environment","timeElapsed":176,"timestamp":"2024-10-11T22:36:32.824Z"}
{"level":"info","message":"onRequest - completionItem/resolve","timestamp":"2024-10-11T22:36:32.825Z"}
{"level":"info","message":"⌛ Validating objetos.wlk","timeElapsed":193,"timestamp":"2024-10-11T22:36:33.025Z"}
{"level":"info","message":"⌛ Validating objetos.wlk","timeElapsed":197,"timestamp":"2024-10-11T22:36:33.223Z"}
{"level":"info","message":"onRequest - completionItem/resolve","timestamp":"2024-10-11T22:36:33.224Z"}
{"level":"info","message":"⌛ Building environment","timeElapsed":158,"timestamp":"2024-10-11T22:36:33.382Z"}
{"level":"info","message":"⌛ Validating objetos.wlk","timeElapsed":298,"timestamp":"2024-10-11T22:36:33.696Z"}
{"level":"info","message":"⌛ Building environment","timeElapsed":168,"timestamp":"2024-10-11T22:36:33.865Z"}
{"level":"info","message":"⌛ Building environment","timeElapsed":166,"timestamp":"2024-10-11T22:36:34.077Z"}
{"level":"info","message":"⌛ Building environment","timeElapsed":176,"timestamp":"2024-10-11T22:36:34.254Z"}
{"level":"info","message":"⌛ Validating objetos.wlk","timeElapsed":205,"timestamp":"2024-10-11T22:36:34.460Z"}
{"level":"info","message":"onRequest - completionItem/resolve","timestamp":"2024-10-11T22:36:34.462Z"}
{"level":"info","message":"⌛ Building environment","timeElapsed":161,"timestamp":"2024-10-11T22:36:34.623Z"}
{"level":"info","message":"onRequest - completionItem/resolve","timestamp":"2024-10-11T22:36:34.623Z"}
{"level":"info","message":"⌛ Validating objetos.wlk","timeElapsed":191,"timestamp":"2024-10-11T22:36:34.815Z"}
{"level":"info","message":"⌛ Validating objetos.wlk","timeElapsed":188,"timestamp":"2024-10-11T22:36:35.003Z"}
{"level":"info","message":"⌛ Building environment","timeElapsed":159,"timestamp":"2024-10-11T22:36:35.169Z"}
{"level":"info","message":"⌛ Validating objetos.wlk","timeElapsed":191,"timestamp":"2024-10-11T22:36:35.362Z"}
{"level":"info","message":"⌛ Building environment","timeElapsed":145,"timestamp":"2024-10-11T22:36:35.515Z"}
{"level":"info","message":"⌛ Validating objetos.wlk","timeElapsed":209,"timestamp":"2024-10-11T22:36:35.729Z"}
{"level":"info","message":"⌛ Validating objetos.wlk","timeElapsed":223,"timestamp":"2024-10-11T22:36:35.959Z"}
{"level":"info","message":"⌛ Building environment","timeElapsed":157,"timestamp":"2024-10-11T22:36:36.117Z"}
{"level":"error","message":"✘ Completions for node failed: Error: [Return]{94d1d4} at objetos.wlk:-- exhausted all cases without a match [Return]{94d1d4} at objetos.wlk:-- exhausted all cases without a match","stack":"Error: [Return]{94d1d4} at objetos.wlk:-- exhausted all cases without a match\n    at /home/felipe/.vscode/extensions/uqbar.wollok-lsp-ide-0.3.6/out/server/src/server.js:38:6067\n    at yh (/home/felipe/.vscode/extensions/uqbar.wollok-lsp-ide-0.3.6/out/server/src/server.js:2291:42)\n    at kh (/home/felipe/.vscode/extensions/uqbar.wollok-lsp-ide-0.3.6/out/server/src/server.js:2291:1004)\n    at Y5n (/home/felipe/.vscode/extensions/uqbar.wollok-lsp-ide-0.3.6/out/server/src/server.js:2291:1160)\n    at /home/felipe/.vscode/extensions/uqbar.wollok-lsp-ide-0.3.6/out/server/src/server.js:38:6056\n    at yh (/home/felipe/.vscode/extensions/uqbar.wollok-lsp-ide-0.3.6/out/server/src/server.js:2291:42)\n    at /home/felipe/.vscode/extensions/uqbar.wollok-lsp-ide-0.3.6/out/server/src/server.js:2291:2700\n    at /home/felipe/.vscode/extensions/uqbar.wollok-lsp-ide-0.3.6/out/server/src/server.js:2298:3774\n    at /home/felipe/.vscode/extensions/uqbar.wollok-lsp-ide-0.3.6/out/server/src/server.js:37:74872\n    at Fe (/home/felipe/.vscode/extensions/uqbar.wollok-lsp-ide-0.3.6/out/server/src/server.js:7:8527)","timestamp":"2024-10-11T22:36:36.159Z"}
{"level":"info","message":"⌛ Building environment","timeElapsed":169,"timestamp":"2024-10-11T22:36:36.333Z"}
{"level":"info","message":"⌛ Building environment","timeElapsed":147,"timestamp":"2024-10-11T22:36:36.481Z"}
{"level":"info","message":"⌛ Validating objetos.wlk","timeElapsed":189,"timestamp":"2024-10-11T22:36:36.676Z"}
{"level":"info","message":"onRequest - completionItem/resolve","timestamp":"2024-10-11T22:36:36.677Z"}
{"level":"info","message":"⌛ Building environment","timeElapsed":169,"timestamp":"2024-10-11T22:36:36.846Z"}
{"level":"error","message":"✘ Completions for node failed: Error: [Return]{a0a72d} at objetos.wlk:-- exhausted all cases without a match [Return]{a0a72d} at objetos.wlk:-- exhausted all cases without a match","stack":"Error: [Return]{a0a72d} at objetos.wlk:-- exhausted all cases without a match\n    at /home/felipe/.vscode/extensions/uqbar.wollok-lsp-ide-0.3.6/out/server/src/server.js:38:6067\n    at yh (/home/felipe/.vscode/extensions/uqbar.wollok-lsp-ide-0.3.6/out/server/src/server.js:2291:42)\n    at kh (/home/felipe/.vscode/extensions/uqbar.wollok-lsp-ide-0.3.6/out/server/src/server.js:2291:1004)\n    at Y5n (/home/felipe/.vscode/extensions/uqbar.wollok-lsp-ide-0.3.6/out/server/src/server.js:2291:1160)\n    at /home/felipe/.vscode/extensions/uqbar.wollok-lsp-ide-0.3.6/out/server/src/server.js:38:6056\n    at yh (/home/felipe/.vscode/extensions/uqbar.wollok-lsp-ide-0.3.6/out/server/src/server.js:2291:42)\n    at /home/felipe/.vscode/extensions/uqbar.wollok-lsp-ide-0.3.6/out/server/src/server.js:2291:2700\n    at /home/felipe/.vscode/extensions/uqbar.wollok-lsp-ide-0.3.6/out/server/src/server.js:2298:3774\n    at /home/felipe/.vscode/extensions/uqbar.wollok-lsp-ide-0.3.6/out/server/src/server.js:37:74872\n    at Fe (/home/felipe/.vscode/extensions/uqbar.wollok-lsp-ide-0.3.6/out/server/src/server.js:7:8527)","timestamp":"2024-10-11T22:36:36.886Z"}
{"level":"info","message":"⌛ Validating objetos.wlk","timeElapsed":181,"timestamp":"2024-10-11T22:36:37.074Z"}
{"level":"info","message":"⌛ Validating objetos.wlk","timeElapsed":179,"timestamp":"2024-10-11T22:36:37.253Z"}
{"level":"info","message":"⌛ Building environment","timeElapsed":225,"timestamp":"2024-10-11T22:36:37.481Z"}
{"level":"info","message":"⌛ Validating objetos.wlk","timeElapsed":204,"timestamp":"2024-10-11T22:36:37.685Z"}
{"level":"info","message":"⌛ Building environment","timeElapsed":152,"timestamp":"2024-10-11T22:36:37.838Z"}
{"level":"info","message":"⌛ Validating objetos.wlk","timeElapsed":197,"timestamp":"2024-10-11T22:36:38.042Z"}
{"level":"info","message":"⌛ Building environment","timeElapsed":157,"timestamp":"2024-10-11T22:36:38.201Z"}
{"level":"info","message":"⌛ Validating objetos.wlk","timeElapsed":185,"timestamp":"2024-10-11T22:36:38.386Z"}
{"level":"info","message":"⌛ Building environment","timeElapsed":142,"timestamp":"2024-10-11T22:36:38.537Z"}
{"level":"info","message":"⌛ Building environment","timeElapsed":139,"timestamp":"2024-10-11T22:36:38.680Z"}
{"level":"info","message":"⌛ Validating objetos.wlk","timeElapsed":188,"timestamp":"2024-10-11T22:36:38.869Z"}
{"level":"info","message":"⌛ Building environment","timeElapsed":144,"timestamp":"2024-10-11T22:36:39.014Z"}
{"level":"info","message":"⌛ Validating objetos.wlk","timeElapsed":189,"timestamp":"2024-10-11T22:36:39.210Z"}
{"level":"info","message":"⌛ Validating objetos.wlk","timeElapsed":245,"timestamp":"2024-10-11T22:36:39.457Z"}
{"level":"info","message":"⌛ Building environment","timeElapsed":194,"timestamp":"2024-10-11T22:36:39.659Z"}
{"level":"error","message":"✘ Completions for node failed: Error: [Return]{9932c8} at objetos.wlk:-- exhausted all cases without a match [Return]{9932c8} at objetos.wlk:-- exhausted all cases without a match","stack":"Error: [Return]{9932c8} at objetos.wlk:-- exhausted all cases without a match\n    at /home/felipe/.vscode/extensions/uqbar.wollok-lsp-ide-0.3.6/out/server/src/server.js:38:6067\n    at yh (/home/felipe/.vscode/extensions/uqbar.wollok-lsp-ide-0.3.6/out/server/src/server.js:2291:42)\n    at kh (/home/felipe/.vscode/extensions/uqbar.wollok-lsp-ide-0.3.6/out/server/src/server.js:2291:1004)\n    at Y5n (/home/felipe/.vscode/extensions/uqbar.wollok-lsp-ide-0.3.6/out/server/src/server.js:2291:1160)\n    at /home/felipe/.vscode/extensions/uqbar.wollok-lsp-ide-0.3.6/out/server/src/server.js:38:6056\n    at yh (/home/felipe/.vscode/extensions/uqbar.wollok-lsp-ide-0.3.6/out/server/src/server.js:2291:42)\n    at /home/felipe/.vscode/extensions/uqbar.wollok-lsp-ide-0.3.6/out/server/src/server.js:2291:2700\n    at /home/felipe/.vscode/extensions/uqbar.wollok-lsp-ide-0.3.6/out/server/src/server.js:2298:3774\n    at /home/felipe/.vscode/extensions/uqbar.wollok-lsp-ide-0.3.6/out/server/src/server.js:37:74872\n    at Fe (/home/felipe/.vscode/extensions/uqbar.wollok-lsp-ide-0.3.6/out/server/src/server.js:7:8527)","timestamp":"2024-10-11T22:36:39.698Z"}
{"level":"info","message":"⌛ Building environment","timeElapsed":145,"timestamp":"2024-10-11T22:36:39.850Z"}
{"level":"info","message":"⌛ Validating objetos.wlk","timeElapsed":185,"timestamp":"2024-10-11T22:36:40.035Z"}
{"level":"info","message":"⌛ Building environment","timeElapsed":157,"timestamp":"2024-10-11T22:36:40.192Z"}
{"level":"info","message":"⌛ Building environment","timeElapsed":282,"timestamp":"2024-10-11T22:36:40.474Z"}
{"level":"info","message":"⌛ Building environment","timeElapsed":155,"timestamp":"2024-10-11T22:36:40.631Z"}
{"level":"info","message":"⌛ Validating objetos.wlk","timeElapsed":206,"timestamp":"2024-10-11T22:36:40.889Z"}
{"level":"info","message":"⌛ Validating objetos.wlk","timeElapsed":194,"timestamp":"2024-10-11T22:36:41.084Z"}
{"level":"info","message":"⌛ Building environment","timeElapsed":168,"timestamp":"2024-10-11T22:36:41.254Z"}
{"level":"info","message":"⌛ Validating objetos.wlk","timeElapsed":184,"timestamp":"2024-10-11T22:36:41.439Z"}
{"level":"info","message":"⌛ Building environment","timeElapsed":145,"timestamp":"2024-10-11T22:36:41.591Z"}
{"level":"info","message":"⌛ Building environment","timeElapsed":148,"timestamp":"2024-10-11T22:36:41.741Z"}
{"level":"info","message":"⌛ Validating objetos.wlk","timeElapsed":186,"timestamp":"2024-10-11T22:36:41.927Z"}
{"level":"info","message":"⌛ Building environment","timeElapsed":233,"timestamp":"2024-10-11T22:36:42.161Z"}
{"level":"info","message":"⌛ Validating objetos.wlk","timeElapsed":246,"timestamp":"2024-10-11T22:36:42.408Z"}
{"level":"info","message":"⌛ Building environment","timeElapsed":179,"timestamp":"2024-10-11T22:36:42.588Z"}
{"level":"info","message":"onRequest - completionItem/resolve","timestamp":"2024-10-11T22:36:42.589Z"}
{"level":"info","message":"⌛ Validating objetos.wlk","timeElapsed":230,"timestamp":"2024-10-11T22:36:42.825Z"}
{"level":"info","message":"⌛ Validating objetos.wlk","timeElapsed":184,"timestamp":"2024-10-11T22:36:43.011Z"}
{"level":"info","message":"⌛ Validating objetos.wlk","timeElapsed":200,"timestamp":"2024-10-11T22:36:43.212Z"}
{"level":"info","message":"⌛ Validating objetos.wlk","timeElapsed":221,"timestamp":"2024-10-11T22:36:43.434Z"}
{"level":"info","message":"⌛ Building environment","timeElapsed":157,"timestamp":"2024-10-11T22:36:43.591Z"}
{"level":"info","message":"⌛ Validating objetos.wlk","timeElapsed":188,"timestamp":"2024-10-11T22:36:43.780Z"}
{"level":"info","message":"⌛ Validating objetos.wlk","timeElapsed":179,"timestamp":"2024-10-11T22:36:43.968Z"}
{"level":"info","message":"⌛ Building environment","timeElapsed":166,"timestamp":"2024-10-11T22:36:48.476Z"}
{"level":"info","message":"⌛ Building environment","timeElapsed":154,"timestamp":"2024-10-11T22:36:48.672Z"}
{"level":"info","message":"⌛ Validating objetos.wlk","timeElapsed":181,"timestamp":"2024-10-11T22:36:48.855Z"}
{"level":"info","message":"onRequest - completionItem/resolve","timestamp":"2024-10-11T22:36:48.856Z"}
{"level":"info","message":"⌛ Building environment","timeElapsed":150,"timestamp":"2024-10-11T22:36:49.007Z"}
{"level":"info","message":"onRequest - completionItem/resolve","timestamp":"2024-10-11T22:36:49.008Z"}
{"level":"info","message":"⌛ Validating objetos.wlk","timeElapsed":184,"timestamp":"2024-10-11T22:36:49.192Z"}
{"level":"info","message":"⌛ Building environment","timeElapsed":136,"timestamp":"2024-10-11T22:36:49.328Z"}
{"level":"info","message":"onRequest - completionItem/resolve","timestamp":"2024-10-11T22:36:49.335Z"}
{"level":"info","message":"⌛ Validating objetos.wlk","timeElapsed":177,"timestamp":"2024-10-11T22:36:49.512Z"}
{"level":"info","message":"⌛ Validating objetos.wlk","timeElapsed":192,"timestamp":"2024-10-11T22:36:49.710Z"}
{"level":"info","message":"⌛ Building environment","timeElapsed":145,"timestamp":"2024-10-11T22:36:50.667Z"}
{"level":"info","message":"⌛ Validating objetos.wlk","timeElapsed":226,"timestamp":"2024-10-11T22:36:50.895Z"}
{"level":"info","message":"⌛ Building environment","timeElapsed":187,"timestamp":"2024-10-11T22:36:51.335Z"}
{"level":"info","message":"⌛ Validating objetos.wlk","timeElapsed":251,"timestamp":"2024-10-11T22:36:51.587Z"}
{"level":"info","message":"⌛ Building environment","timeElapsed":172,"timestamp":"2024-10-11T22:36:53.605Z"}
{"level":"info","message":"⌛ Validating objetos.wlk","timeElapsed":182,"timestamp":"2024-10-11T22:36:53.793Z"}
{"level":"info","message":"⌛ Building environment","timeElapsed":172,"timestamp":"2024-10-11T22:36:56.261Z"}
{"level":"info","message":"⌛ Validating objetos.wlk","timeElapsed":173,"timestamp":"2024-10-11T22:36:56.437Z"}
{"level":"info","message":"⌛ Building environment","timeElapsed":161,"timestamp":"2024-10-11T22:36:57.677Z"}
{"level":"error","message":"✘ Completions for node failed: Error: [Send]{54493a} at objetos.wlk:-- exhausted all cases without a match [Send]{54493a} at objetos.wlk:-- exhausted all cases without a match","stack":"Error: [Send]{54493a} at objetos.wlk:-- exhausted all cases without a match\n    at /home/felipe/.vscode/extensions/uqbar.wollok-lsp-ide-0.3.6/out/server/src/server.js:38:6067\n    at yh (/home/felipe/.vscode/extensions/uqbar.wollok-lsp-ide-0.3.6/out/server/src/server.js:2291:42)\n    at kh (/home/felipe/.vscode/extensions/uqbar.wollok-lsp-ide-0.3.6/out/server/src/server.js:2291:1004)\n    at Y5n (/home/felipe/.vscode/extensions/uqbar.wollok-lsp-ide-0.3.6/out/server/src/server.js:2291:1160)\n    at /home/felipe/.vscode/extensions/uqbar.wollok-lsp-ide-0.3.6/out/server/src/server.js:38:6056\n    at yh (/home/felipe/.vscode/extensions/uqbar.wollok-lsp-ide-0.3.6/out/server/src/server.js:2291:42)\n    at /home/felipe/.vscode/extensions/uqbar.wollok-lsp-ide-0.3.6/out/server/src/server.js:2291:2700\n    at /home/felipe/.vscode/extensions/uqbar.wollok-lsp-ide-0.3.6/out/server/src/server.js:2298:3774\n    at /home/felipe/.vscode/extensions/uqbar.wollok-lsp-ide-0.3.6/out/server/src/server.js:37:74872\n    at Fe (/home/felipe/.vscode/extensions/uqbar.wollok-lsp-ide-0.3.6/out/server/src/server.js:7:8527)","timestamp":"2024-10-11T22:36:57.721Z"}
{"level":"error","message":"✘ Completions for node failed: Error: [Assignment]{0f5af8} at objetos.wlk:56 exhausted all cases without a match [Assignment]{0f5af8} at objetos.wlk:56 exhausted all cases without a match","stack":"Error: [Assignment]{0f5af8} at objetos.wlk:56 exhausted all cases without a match\n    at /home/felipe/.vscode/extensions/uqbar.wollok-lsp-ide-0.3.6/out/server/src/server.js:38:6067\n    at yh (/home/felipe/.vscode/extensions/uqbar.wollok-lsp-ide-0.3.6/out/server/src/server.js:2291:42)\n    at kh (/home/felipe/.vscode/extensions/uqbar.wollok-lsp-ide-0.3.6/out/server/src/server.js:2291:1004)\n    at yh (/home/felipe/.vscode/extensions/uqbar.wollok-lsp-ide-0.3.6/out/server/src/server.js:2291:456)\n    at kh (/home/felipe/.vscode/extensions/uqbar.wollok-lsp-ide-0.3.6/out/server/src/server.js:2291:1004)\n    at Y5n (/home/felipe/.vscode/extensions/uqbar.wollok-lsp-ide-0.3.6/out/server/src/server.js:2291:1160)\n    at /home/felipe/.vscode/extensions/uqbar.wollok-lsp-ide-0.3.6/out/server/src/server.js:38:6056\n    at yh (/home/felipe/.vscode/extensions/uqbar.wollok-lsp-ide-0.3.6/out/server/src/server.js:2291:42)\n    at /home/felipe/.vscode/extensions/uqbar.wollok-lsp-ide-0.3.6/out/server/src/server.js:2291:2700\n    at /home/felipe/.vscode/extensions/uqbar.wollok-lsp-ide-0.3.6/out/server/src/server.js:2298:3774","timestamp":"2024-10-11T22:36:57.722Z"}
{"level":"info","message":"⌛ Building environment","timeElapsed":168,"timestamp":"2024-10-11T22:36:57.895Z"}
{"level":"info","message":"⌛ Validating objetos.wlk","timeElapsed":187,"timestamp":"2024-10-11T22:36:58.083Z"}
{"level":"info","message":"onRequest - completionItem/resolve","timestamp":"2024-10-11T22:36:58.083Z"}
{"level":"info","message":"⌛ Building environment","timeElapsed":283,"timestamp":"2024-10-11T22:36:58.368Z"}
{"level":"info","message":"onRequest - completionItem/resolve","timestamp":"2024-10-11T22:36:58.369Z"}
{"level":"info","message":"⌛ Validating objetos.wlk","timeElapsed":293,"timestamp":"2024-10-11T22:36:58.662Z"}
{"level":"info","message":"⌛ Building environment","timeElapsed":139,"timestamp":"2024-10-11T22:36:58.801Z"}
{"level":"info","message":"onRequest - completionItem/resolve","timestamp":"2024-10-11T22:36:58.801Z"}
{"level":"info","message":"⌛ Building environment","timeElapsed":162,"timestamp":"2024-10-11T22:36:58.964Z"}
{"level":"info","message":"⌛ Building environment","timeElapsed":153,"timestamp":"2024-10-11T22:36:59.163Z"}
{"level":"info","message":"⌛ Validating objetos.wlk","timeElapsed":178,"timestamp":"2024-10-11T22:36:59.343Z"}
{"level":"info","message":"⌛ Building environment","timeElapsed":147,"timestamp":"2024-10-11T22:36:59.492Z"}
{"level":"info","message":"⌛ Building environment","timeElapsed":151,"timestamp":"2024-10-11T22:36:59.643Z"}
{"level":"info","message":"⌛ Validating objetos.wlk","timeElapsed":183,"timestamp":"2024-10-11T22:36:59.827Z"}
{"level":"info","message":"⌛ Building environment","timeElapsed":154,"timestamp":"2024-10-11T22:36:59.983Z"}
{"level":"info","message":"⌛ Building environment","timeElapsed":222,"timestamp":"2024-10-11T22:37:00.206Z"}
{"level":"info","message":"⌛ Validating objetos.wlk","timeElapsed":176,"timestamp":"2024-10-11T22:37:00.382Z"}
{"level":"info","message":"onRequest - completionItem/resolve","timestamp":"2024-10-11T22:37:00.383Z"}
{"level":"info","message":"⌛ Validating objetos.wlk","timeElapsed":203,"timestamp":"2024-10-11T22:37:00.586Z"}
{"level":"info","message":"⌛ Validating objetos.wlk","timeElapsed":189,"timestamp":"2024-10-11T22:37:00.783Z"}
{"level":"info","message":"⌛ Building environment","timeElapsed":154,"timestamp":"2024-10-11T22:37:00.938Z"}
{"level":"info","message":"onRequest - completionItem/resolve","timestamp":"2024-10-11T22:37:00.938Z"}
{"level":"info","message":"⌛ Validating objetos.wlk","timeElapsed":191,"timestamp":"2024-10-11T22:37:01.130Z"}
{"level":"info","message":"⌛ Validating objetos.wlk","timeElapsed":200,"timestamp":"2024-10-11T22:37:01.336Z"}
{"level":"info","message":"onRequest - completionItem/resolve","timestamp":"2024-10-11T22:37:01.337Z"}
{"level":"info","message":"⌛ Building environment","timeElapsed":155,"timestamp":"2024-10-11T22:37:01.492Z"}
{"level":"info","message":"⌛ Validating objetos.wlk","timeElapsed":188,"timestamp":"2024-10-11T22:37:01.682Z"}
{"level":"info","message":"⌛ Validating objetos.wlk","timeElapsed":220,"timestamp":"2024-10-11T22:37:01.954Z"}
{"level":"info","message":"⌛ Validating objetos.wlk","timeElapsed":179,"timestamp":"2024-10-11T22:37:02.133Z"}
{"level":"info","message":"⌛ Building environment","timeElapsed":324,"timestamp":"2024-10-11T22:39:50.768Z"}
{"level":"info","message":"⌛ Validating hector.wlk","timeElapsed":258,"timestamp":"2024-10-11T22:39:51.073Z"}
{"level":"info","message":"⌛ Building environment","timeElapsed":222,"timestamp":"2024-10-11T22:40:21.954Z"}
{"level":"info","message":"⌛ Validating game.wpgm","timeElapsed":441,"timestamp":"2024-10-11T22:40:22.410Z"}
{"level":"info","message":"⌛ Building environment","timeElapsed":182,"timestamp":"2024-10-11T22:40:30.408Z"}
{"level":"info","message":"⌛ Validating game.wpgm","timeElapsed":189,"timestamp":"2024-10-11T22:40:30.598Z"}
{"level":"info","message":"⌛ Building environment","timeElapsed":176,"timestamp":"2024-10-11T22:40:38.452Z"}
{"level":"info","message":"⌛ Validating game.wpgm","timeElapsed":225,"timestamp":"2024-10-11T22:40:38.680Z"}
{"level":"info","message":"⌛ Building environment","timeElapsed":179,"timestamp":"2024-10-11T22:40:39.887Z"}
{"level":"info","message":"⌛ Validating game.wpgm","timeElapsed":247,"timestamp":"2024-10-11T22:40:40.141Z"}
{"level":"info","message":"⌛ Building environment","timeElapsed":188,"timestamp":"2024-10-11T22:40:40.384Z"}
{"level":"info","message":"⌛ Validating game.wpgm","timeElapsed":229,"timestamp":"2024-10-11T22:40:40.623Z"}
{"level":"info","message":"⌛ Building environment","timeElapsed":219,"timestamp":"2024-10-11T22:40:43.523Z"}
{"level":"info","message":"⌛ Validating game.wpgm","timeElapsed":236,"timestamp":"2024-10-11T22:40:43.761Z"}
{"level":"info","message":"⌛ Building environment","timeElapsed":188,"timestamp":"2024-10-11T22:40:53.244Z"}
{"level":"error","message":"✘ Completions for node failed: Error: [Send]{dfb947} at game.wpgm:31 exhausted all cases without a match [Send]{dfb947} at game.wpgm:31 exhausted all cases without a match","stack":"Error: [Send]{dfb947} at game.wpgm:31 exhausted all cases without a match\n    at /home/felipe/.vscode/extensions/uqbar.wollok-lsp-ide-0.3.6/out/server/src/server.js:38:6067\n    at yh (/home/felipe/.vscode/extensions/uqbar.wollok-lsp-ide-0.3.6/out/server/src/server.js:2291:42)\n    at /home/felipe/.vscode/extensions/uqbar.wollok-lsp-ide-0.3.6/out/server/src/server.js:2291:2700\n    at /home/felipe/.vscode/extensions/uqbar.wollok-lsp-ide-0.3.6/out/server/src/server.js:2298:3774\n    at /home/felipe/.vscode/extensions/uqbar.wollok-lsp-ide-0.3.6/out/server/src/server.js:37:74872\n    at Fe (/home/felipe/.vscode/extensions/uqbar.wollok-lsp-ide-0.3.6/out/server/src/server.js:7:8527)\n    at Pt (/home/felipe/.vscode/extensions/uqbar.wollok-lsp-ide-0.3.6/out/server/src/server.js:7:6189)\n    at Gi (/home/felipe/.vscode/extensions/uqbar.wollok-lsp-ide-0.3.6/out/server/src/server.js:7:6378)\n    at Immediate._onImmediate (/home/felipe/.vscode/extensions/uqbar.wollok-lsp-ide-0.3.6/out/server/src/server.js:7:6142)\n    at process.processImmediate (node:internal/timers:483:21)","timestamp":"2024-10-11T22:40:53.278Z"}
{"level":"error","message":"✘ Completions for node failed: Error: [Send]{9620d6} at game.wpgm:31 exhausted all cases without a match [Send]{9620d6} at game.wpgm:31 exhausted all cases without a match","stack":"Error: [Send]{9620d6} at game.wpgm:31 exhausted all cases without a match\n    at /home/felipe/.vscode/extensions/uqbar.wollok-lsp-ide-0.3.6/out/server/src/server.js:38:6067\n    at yh (/home/felipe/.vscode/extensions/uqbar.wollok-lsp-ide-0.3.6/out/server/src/server.js:2291:42)\n    at kh (/home/felipe/.vscode/extensions/uqbar.wollok-lsp-ide-0.3.6/out/server/src/server.js:2291:1004)\n    at yh (/home/felipe/.vscode/extensions/uqbar.wollok-lsp-ide-0.3.6/out/server/src/server.js:2291:456)\n    at /home/felipe/.vscode/extensions/uqbar.wollok-lsp-ide-0.3.6/out/server/src/server.js:2291:2700\n    at /home/felipe/.vscode/extensions/uqbar.wollok-lsp-ide-0.3.6/out/server/src/server.js:2298:3774\n    at /home/felipe/.vscode/extensions/uqbar.wollok-lsp-ide-0.3.6/out/server/src/server.js:37:74872\n    at Fe (/home/felipe/.vscode/extensions/uqbar.wollok-lsp-ide-0.3.6/out/server/src/server.js:7:8527)\n    at Pt (/home/felipe/.vscode/extensions/uqbar.wollok-lsp-ide-0.3.6/out/server/src/server.js:7:6189)\n    at Gi (/home/felipe/.vscode/extensions/uqbar.wollok-lsp-ide-0.3.6/out/server/src/server.js:7:6378)","timestamp":"2024-10-11T22:40:53.278Z"}
{"level":"info","message":"⌛ Validating game.wpgm","timeElapsed":183,"timestamp":"2024-10-11T22:40:53.462Z"}
{"level":"info","message":"⌛ Building environment","timeElapsed":165,"timestamp":"2024-10-11T22:40:54.562Z"}
{"level":"info","message":"⌛ Validating game.wpgm","timeElapsed":293,"timestamp":"2024-10-11T22:40:54.857Z"}
{"level":"info","message":"⌛ Building environment","timeElapsed":161,"timestamp":"2024-10-11T22:40:55.252Z"}
{"level":"error","message":"✘ Completions for node failed: Error: [Send]{32fef4} at game.wpgm:31 exhausted all cases without a match [Send]{32fef4} at game.wpgm:31 exhausted all cases without a match","stack":"Error: [Send]{32fef4} at game.wpgm:31 exhausted all cases without a match\n    at /home/felipe/.vscode/extensions/uqbar.wollok-lsp-ide-0.3.6/out/server/src/server.js:38:6067\n    at yh (/home/felipe/.vscode/extensions/uqbar.wollok-lsp-ide-0.3.6/out/server/src/server.js:2291:42)\n    at /home/felipe/.vscode/extensions/uqbar.wollok-lsp-ide-0.3.6/out/server/src/server.js:2291:2700\n    at /home/felipe/.vscode/extensions/uqbar.wollok-lsp-ide-0.3.6/out/server/src/server.js:2298:3774\n    at /home/felipe/.vscode/extensions/uqbar.wollok-lsp-ide-0.3.6/out/server/src/server.js:37:74872\n    at Fe (/home/felipe/.vscode/extensions/uqbar.wollok-lsp-ide-0.3.6/out/server/src/server.js:7:8527)\n    at Pt (/home/felipe/.vscode/extensions/uqbar.wollok-lsp-ide-0.3.6/out/server/src/server.js:7:6189)\n    at Gi (/home/felipe/.vscode/extensions/uqbar.wollok-lsp-ide-0.3.6/out/server/src/server.js:7:6378)\n    at Immediate._onImmediate (/home/felipe/.vscode/extensions/uqbar.wollok-lsp-ide-0.3.6/out/server/src/server.js:7:6142)\n    at process.processImmediate (node:internal/timers:483:21)","timestamp":"2024-10-11T22:40:55.288Z"}
{"level":"error","message":"✘ Completions for node failed: Error: [Send]{a4074c} at game.wpgm:31 exhausted all cases without a match [Send]{a4074c} at game.wpgm:31 exhausted all cases without a match","stack":"Error: [Send]{a4074c} at game.wpgm:31 exhausted all cases without a match\n    at /home/felipe/.vscode/extensions/uqbar.wollok-lsp-ide-0.3.6/out/server/src/server.js:38:6067\n    at yh (/home/felipe/.vscode/extensions/uqbar.wollok-lsp-ide-0.3.6/out/server/src/server.js:2291:42)\n    at kh (/home/felipe/.vscode/extensions/uqbar.wollok-lsp-ide-0.3.6/out/server/src/server.js:2291:1004)\n    at yh (/home/felipe/.vscode/extensions/uqbar.wollok-lsp-ide-0.3.6/out/server/src/server.js:2291:456)\n    at /home/felipe/.vscode/extensions/uqbar.wollok-lsp-ide-0.3.6/out/server/src/server.js:2291:2700\n    at /home/felipe/.vscode/extensions/uqbar.wollok-lsp-ide-0.3.6/out/server/src/server.js:2298:3774\n    at /home/felipe/.vscode/extensions/uqbar.wollok-lsp-ide-0.3.6/out/server/src/server.js:37:74872\n    at Fe (/home/felipe/.vscode/extensions/uqbar.wollok-lsp-ide-0.3.6/out/server/src/server.js:7:8527)\n    at Pt (/home/felipe/.vscode/extensions/uqbar.wollok-lsp-ide-0.3.6/out/server/src/server.js:7:6189)\n    at Gi (/home/felipe/.vscode/extensions/uqbar.wollok-lsp-ide-0.3.6/out/server/src/server.js:7:6378)","timestamp":"2024-10-11T22:40:55.288Z"}
{"level":"info","message":"⌛ Validating game.wpgm","timeElapsed":189,"timestamp":"2024-10-11T22:40:55.481Z"}
{"level":"info","message":"⌛ Building environment","timeElapsed":215,"timestamp":"2024-10-11T22:41:01.136Z"}
{"level":"info","message":"⌛ Validating game.wpgm","timeElapsed":189,"timestamp":"2024-10-11T22:41:01.329Z"}
{"level":"info","message":"⌛ Building environment","timeElapsed":244,"timestamp":"2024-10-11T22:41:07.334Z"}
{"level":"info","message":"⌛ Validating game.wpgm","timeElapsed":186,"timestamp":"2024-10-11T22:41:07.522Z"}
{"level":"info","message":"⌛ Building environment","timeElapsed":142,"timestamp":"2024-10-11T22:41:07.699Z"}
{"level":"error","message":"✘ Completions for node failed: Error: [Return]{9efa9b} at game.wpgm:-- exhausted all cases without a match [Return]{9efa9b} at game.wpgm:-- exhausted all cases without a match","stack":"Error: [Return]{9efa9b} at game.wpgm:-- exhausted all cases without a match\n    at /home/felipe/.vscode/extensions/uqbar.wollok-lsp-ide-0.3.6/out/server/src/server.js:38:6067\n    at yh (/home/felipe/.vscode/extensions/uqbar.wollok-lsp-ide-0.3.6/out/server/src/server.js:2291:42)\n    at kh (/home/felipe/.vscode/extensions/uqbar.wollok-lsp-ide-0.3.6/out/server/src/server.js:2291:1004)\n    at Y5n (/home/felipe/.vscode/extensions/uqbar.wollok-lsp-ide-0.3.6/out/server/src/server.js:2291:1160)\n    at /home/felipe/.vscode/extensions/uqbar.wollok-lsp-ide-0.3.6/out/server/src/server.js:38:6056\n    at yh (/home/felipe/.vscode/extensions/uqbar.wollok-lsp-ide-0.3.6/out/server/src/server.js:2291:42)\n    at /home/felipe/.vscode/extensions/uqbar.wollok-lsp-ide-0.3.6/out/server/src/server.js:2291:2700\n    at /home/felipe/.vscode/extensions/uqbar.wollok-lsp-ide-0.3.6/out/server/src/server.js:2298:3774\n    at /home/felipe/.vscode/extensions/uqbar.wollok-lsp-ide-0.3.6/out/server/src/server.js:37:74872\n    at Fe (/home/felipe/.vscode/extensions/uqbar.wollok-lsp-ide-0.3.6/out/server/src/server.js:7:8527)","timestamp":"2024-10-11T22:41:07.740Z"}
{"level":"info","message":"⌛ Validating game.wpgm","timeElapsed":194,"timestamp":"2024-10-11T22:41:07.939Z"}
{"level":"info","message":"onRequest - completionItem/resolve","timestamp":"2024-10-11T22:41:07.939Z"}
{"level":"info","message":"⌛ Building environment","timeElapsed":150,"timestamp":"2024-10-11T22:41:08.301Z"}
{"level":"info","message":"⌛ Validating game.wpgm","timeElapsed":206,"timestamp":"2024-10-11T22:41:08.509Z"}
{"level":"info","message":"⌛ Building environment","timeElapsed":167,"timestamp":"2024-10-11T22:41:08.678Z"}
{"level":"info","message":"⌛ Validating game.wpgm","timeElapsed":205,"timestamp":"2024-10-11T22:41:08.890Z"}
{"level":"info","message":"⌛ Building environment","timeElapsed":154,"timestamp":"2024-10-11T22:41:10.053Z"}
{"level":"info","message":"⌛ Validating game.wpgm","timeElapsed":192,"timestamp":"2024-10-11T22:41:10.246Z"}
{"level":"info","message":"⌛ Building environment","timeElapsed":160,"timestamp":"2024-10-11T22:41:11.121Z"}
{"level":"info","message":"⌛ Validating game.wpgm","timeElapsed":240,"timestamp":"2024-10-11T22:41:11.407Z"}
{"level":"info","message":"onRequest - completionItem/resolve","timestamp":"2024-10-11T22:41:11.407Z"}
{"level":"info","message":"⌛ Building environment","timeElapsed":191,"timestamp":"2024-10-11T22:41:11.600Z"}
{"level":"info","message":"onRequest - completionItem/resolve","timestamp":"2024-10-11T22:41:11.600Z"}
{"level":"info","message":"⌛ Building environment","timeElapsed":165,"timestamp":"2024-10-11T22:41:11.765Z"}
{"level":"info","message":"onRequest - completionItem/resolve","timestamp":"2024-10-11T22:41:11.766Z"}
{"level":"info","message":"⌛ Building environment","timeElapsed":157,"timestamp":"2024-10-11T22:41:11.924Z"}
{"level":"info","message":"onRequest - completionItem/resolve","timestamp":"2024-10-11T22:41:11.924Z"}
{"level":"info","message":"⌛ Validating game.wpgm","timeElapsed":194,"timestamp":"2024-10-11T22:41:12.118Z"}
{"level":"info","message":"⌛ Building environment","timeElapsed":157,"timestamp":"2024-10-11T22:41:12.276Z"}
{"level":"info","message":"onRequest - completionItem/resolve","timestamp":"2024-10-11T22:41:12.276Z"}
{"level":"info","message":"⌛ Validating game.wpgm","timeElapsed":198,"timestamp":"2024-10-11T22:41:12.475Z"}
{"level":"info","message":"⌛ Building environment","timeElapsed":190,"timestamp":"2024-10-11T22:41:12.666Z"}
{"level":"info","message":"onRequest - completionItem/resolve","timestamp":"2024-10-11T22:41:12.667Z"}
{"level":"info","message":"⌛ Validating game.wpgm","timeElapsed":216,"timestamp":"2024-10-11T22:41:12.884Z"}
{"level":"info","message":"⌛ Validating game.wpgm","timeElapsed":190,"timestamp":"2024-10-11T22:41:13.084Z"}
{"level":"info","message":"onRequest - completionItem/resolve","timestamp":"2024-10-11T22:41:13.084Z"}
{"level":"info","message":"⌛ Validating game.wpgm","timeElapsed":196,"timestamp":"2024-10-11T22:41:13.280Z"}
{"level":"info","message":"⌛ Building environment","timeElapsed":212,"timestamp":"2024-10-11T22:41:13.493Z"}
{"level":"info","message":"⌛ Validating game.wpgm","timeElapsed":194,"timestamp":"2024-10-11T22:41:13.694Z"}
{"level":"info","message":"⌛ Building environment","timeElapsed":295,"timestamp":"2024-10-11T22:41:25.828Z"}
{"level":"info","message":"⌛ Building environment","timeElapsed":184,"timestamp":"2024-10-11T22:41:26.013Z"}
{"level":"info","message":"⌛ Validating hector.wlk","timeElapsed":223,"timestamp":"2024-10-11T22:41:26.244Z"}
{"level":"info","message":"⌛ Building environment","timeElapsed":150,"timestamp":"2024-10-11T22:41:26.396Z"}
{"level":"info","message":"⌛ Building environment","timeElapsed":149,"timestamp":"2024-10-11T22:41:26.552Z"}
{"level":"info","message":"⌛ Validating hector.wlk","timeElapsed":201,"timestamp":"2024-10-11T22:41:26.760Z"}
{"level":"info","message":"⌛ Building environment","timeElapsed":143,"timestamp":"2024-10-11T22:41:26.904Z"}
{"level":"info","message":"⌛ Building environment","timeElapsed":188,"timestamp":"2024-10-11T22:41:27.092Z"}
{"level":"info","message":"⌛ Validating hector.wlk","timeElapsed":183,"timestamp":"2024-10-11T22:41:27.276Z"}
{"level":"info","message":"⌛ Building environment","timeElapsed":139,"timestamp":"2024-10-11T22:41:27.416Z"}
{"level":"info","message":"⌛ Validating hector.wlk","timeElapsed":183,"timestamp":"2024-10-11T22:41:27.605Z"}
{"level":"info","message":"⌛ Building environment","timeElapsed":158,"timestamp":"2024-10-11T22:41:27.763Z"}
{"level":"info","message":"⌛ Building environment","timeElapsed":147,"timestamp":"2024-10-11T22:41:27.910Z"}
{"level":"info","message":"⌛ Validating hector.wlk","timeElapsed":206,"timestamp":"2024-10-11T22:41:28.117Z"}
{"level":"info","message":"⌛ Building environment","timeElapsed":144,"timestamp":"2024-10-11T22:41:28.268Z"}
{"level":"info","message":"⌛ Validating hector.wlk","timeElapsed":189,"timestamp":"2024-10-11T22:41:28.464Z"}
{"level":"info","message":"⌛ Validating hector.wlk","timeElapsed":194,"timestamp":"2024-10-11T22:41:28.660Z"}
{"level":"info","message":"⌛ Validating hector.wlk","timeElapsed":197,"timestamp":"2024-10-11T22:41:28.858Z"}
{"level":"info","message":"⌛ Validating hector.wlk","timeElapsed":188,"timestamp":"2024-10-11T22:41:29.047Z"}
{"level":"info","message":"⌛ Validating hector.wlk","timeElapsed":173,"timestamp":"2024-10-11T22:41:29.220Z"}
{"level":"info","message":"⌛ Building environment","timeElapsed":185,"timestamp":"2024-10-11T22:41:35.111Z"}
{"level":"error","message":"✘ Completions for node failed: Error: [Return]{354662} at game.wpgm:-- exhausted all cases without a match [Return]{354662} at game.wpgm:-- exhausted all cases without a match","stack":"Error: [Return]{354662} at game.wpgm:-- exhausted all cases without a match\n    at /home/felipe/.vscode/extensions/uqbar.wollok-lsp-ide-0.3.6/out/server/src/server.js:38:6067\n    at yh (/home/felipe/.vscode/extensions/uqbar.wollok-lsp-ide-0.3.6/out/server/src/server.js:2291:42)\n    at kh (/home/felipe/.vscode/extensions/uqbar.wollok-lsp-ide-0.3.6/out/server/src/server.js:2291:1004)\n    at Y5n (/home/felipe/.vscode/extensions/uqbar.wollok-lsp-ide-0.3.6/out/server/src/server.js:2291:1160)\n    at /home/felipe/.vscode/extensions/uqbar.wollok-lsp-ide-0.3.6/out/server/src/server.js:38:6056\n    at yh (/home/felipe/.vscode/extensions/uqbar.wollok-lsp-ide-0.3.6/out/server/src/server.js:2291:42)\n    at /home/felipe/.vscode/extensions/uqbar.wollok-lsp-ide-0.3.6/out/server/src/server.js:2291:2700\n    at /home/felipe/.vscode/extensions/uqbar.wollok-lsp-ide-0.3.6/out/server/src/server.js:2298:3774\n    at /home/felipe/.vscode/extensions/uqbar.wollok-lsp-ide-0.3.6/out/server/src/server.js:37:74872\n    at Fe (/home/felipe/.vscode/extensions/uqbar.wollok-lsp-ide-0.3.6/out/server/src/server.js:7:8527)","timestamp":"2024-10-11T22:41:35.152Z"}
{"level":"info","message":"⌛ Validating game.wpgm","timeElapsed":178,"timestamp":"2024-10-11T22:41:35.334Z"}
{"level":"info","message":"⌛ Building environment","timeElapsed":221,"timestamp":"2024-10-11T22:41:36.142Z"}
{"level":"info","message":"⌛ Validating game.wpgm","timeElapsed":198,"timestamp":"2024-10-11T22:41:36.347Z"}
{"level":"info","message":"⌛ Building environment","timeElapsed":269,"timestamp":"2024-10-11T22:42:03.240Z"}
{"level":"info","message":"⌛ Validating cultivos.wlk","timeElapsed":261,"timestamp":"2024-10-11T22:42:03.574Z"}
{"level":"info","message":"⌛ Building environment","timeElapsed":200,"timestamp":"2024-10-11T22:42:06.712Z"}
{"level":"info","message":"⌛ Validating posiciones.wlk","timeElapsed":290,"timestamp":"2024-10-11T22:42:07.021Z"}
{"level":"info","message":"⌛ Building environment","timeElapsed":421,"timestamp":"2024-10-12T11:32:04.952Z"}
{"level":"info","message":"onRequest - WORKSPACE_URI:file:///home/felipe/Documents/Universidad/Proramacion_Con_Objetos_1/2024s2-granja-villa-FeliQI-main/2024s2-granja-villa-FeliQI-5","timestamp":"2024-10-12T11:32:04.979Z"}
{"level":"info","message":"⌛ Building environment","timeElapsed":275,"timestamp":"2024-10-12T11:32:05.257Z"}
{"level":"info","message":"⌛ Building environment","timeElapsed":226,"timestamp":"2024-10-12T11:32:05.693Z"}
{"level":"info","message":"⌛ Validating game.wpgm","timeElapsed":262,"timestamp":"2024-10-12T11:32:05.957Z"}
{"level":"info","message":"⌛ Building environment","timeElapsed":289,"timestamp":"2024-10-12T11:32:06.248Z"}
{"level":"info","message":"⌛ Building environment","timeElapsed":160,"timestamp":"2024-10-12T11:32:06.421Z"}
{"level":"info","message":"⌛ Building environment","timeElapsed":148,"timestamp":"2024-10-12T11:32:06.570Z"}
{"level":"info","message":"⌛ Building environment","timeElapsed":134,"timestamp":"2024-10-12T11:32:06.706Z"}
{"level":"info","message":"⌛ Building environment","timeElapsed":134,"timestamp":"2024-10-12T11:32:06.847Z"}
{"level":"info","message":"⌛ Validating hector.wlk","timeElapsed":232,"timestamp":"2024-10-12T11:32:07.087Z"}
{"level":"info","message":"⌛ Validating game.wpgm","timeElapsed":236,"timestamp":"2024-10-12T11:32:07.323Z"}
{"level":"info","message":"⌛ Validating hector.wlk","timeElapsed":153,"timestamp":"2024-10-12T11:32:07.477Z"}
{"level":"info","message":"⌛ Validating posiciones.wlk","timeElapsed":205,"timestamp":"2024-10-12T11:32:07.682Z"}
{"level":"info","message":"⌛ Validating objetos.wlk","timeElapsed":224,"timestamp":"2024-10-12T11:32:07.908Z"}
{"level":"info","message":"⌛ Validating cultivos.wlk","timeElapsed":241,"timestamp":"2024-10-12T11:32:08.152Z"}
{"level":"info","message":"⌛ Validating testGranja.wtest","timeElapsed":372,"timestamp":"2024-10-12T11:32:08.524Z"}
{"level":"info","message":"⌛ Building environment","timeElapsed":446,"timestamp":"2024-10-12T11:39:37.764Z"}
{"level":"info","message":"⌛ Validating objetos.wlk","timeElapsed":334,"timestamp":"2024-10-12T11:39:38.173Z"}
{"level":"info","message":"⌛ Building environment","timeElapsed":223,"timestamp":"2024-10-12T11:39:43.791Z"}
{"level":"info","message":"⌛ Building environment","timeElapsed":170,"timestamp":"2024-10-12T11:39:43.962Z"}
{"level":"info","message":"⌛ Validating objetos.wlk","timeElapsed":231,"timestamp":"2024-10-12T11:39:44.201Z"}
{"level":"info","message":"⌛ Validating objetos.wlk","timeElapsed":194,"timestamp":"2024-10-12T11:39:44.396Z"}
{"level":"info","message":"⌛ Building environment","timeElapsed":218,"timestamp":"2024-10-12T11:39:44.643Z"}
{"level":"info","message":"⌛ Validating objetos.wlk","timeElapsed":233,"timestamp":"2024-10-12T11:39:44.963Z"}
{"level":"info","message":"⌛ Building environment","timeElapsed":189,"timestamp":"2024-10-12T11:39:45.152Z"}
{"level":"info","message":"onRequest - completionItem/resolve","timestamp":"2024-10-12T11:39:45.159Z"}
{"level":"info","message":"⌛ Building environment","timeElapsed":184,"timestamp":"2024-10-12T11:39:45.354Z"}
{"level":"info","message":"onRequest - completionItem/resolve","timestamp":"2024-10-12T11:39:45.364Z"}
{"level":"info","message":"⌛ Validating objetos.wlk","timeElapsed":253,"timestamp":"2024-10-12T11:39:45.618Z"}
{"level":"info","message":"⌛ Building environment","timeElapsed":203,"timestamp":"2024-10-12T11:39:45.823Z"}
{"level":"info","message":"onRequest - completionItem/resolve","timestamp":"2024-10-12T11:39:45.824Z"}
{"level":"info","message":"⌛ Validating objetos.wlk","timeElapsed":258,"timestamp":"2024-10-12T11:39:46.082Z"}
{"level":"info","message":"⌛ Building environment","timeElapsed":189,"timestamp":"2024-10-12T11:39:46.320Z"}
{"level":"info","message":"onRequest - completionItem/resolve","timestamp":"2024-10-12T11:39:46.321Z"}
{"level":"info","message":"⌛ Building environment","timeElapsed":169,"timestamp":"2024-10-12T11:39:46.491Z"}
{"level":"info","message":"onRequest - completionItem/resolve","timestamp":"2024-10-12T11:39:46.493Z"}
{"level":"info","message":"⌛ Validating objetos.wlk","timeElapsed":228,"timestamp":"2024-10-12T11:39:46.721Z"}
{"level":"info","message":"⌛ Building environment","timeElapsed":322,"timestamp":"2024-10-12T11:39:47.044Z"}
{"level":"info","message":"⌛ Validating objetos.wlk","timeElapsed":227,"timestamp":"2024-10-12T11:39:47.292Z"}
{"level":"info","message":"⌛ Validating objetos.wlk","timeElapsed":200,"timestamp":"2024-10-12T11:39:47.495Z"}
{"level":"info","message":"⌛ Validating objetos.wlk","timeElapsed":229,"timestamp":"2024-10-12T11:39:47.725Z"}
{"level":"info","message":"⌛ Building environment","timeElapsed":192,"timestamp":"2024-10-12T11:39:48.103Z"}
{"level":"info","message":"⌛ Building environment","timeElapsed":152,"timestamp":"2024-10-12T11:39:48.297Z"}
{"level":"info","message":"⌛ Validating objetos.wlk","timeElapsed":267,"timestamp":"2024-10-12T11:39:48.572Z"}
{"level":"info","message":"⌛ Validating objetos.wlk","timeElapsed":210,"timestamp":"2024-10-12T11:39:48.783Z"}
{"level":"info","message":"⌛ Building environment","timeElapsed":169,"timestamp":"2024-10-12T11:39:48.953Z"}
{"level":"info","message":"⌛ Building environment","timeElapsed":151,"timestamp":"2024-10-12T11:39:49.140Z"}
{"level":"info","message":"⌛ Building environment","timeElapsed":162,"timestamp":"2024-10-12T11:39:49.312Z"}
{"level":"info","message":"⌛ Validating objetos.wlk","timeElapsed":194,"timestamp":"2024-10-12T11:39:49.507Z"}
{"level":"info","message":"⌛ Building environment","timeElapsed":149,"timestamp":"2024-10-12T11:39:49.657Z"}
{"level":"info","message":"⌛ Validating objetos.wlk","timeElapsed":177,"timestamp":"2024-10-12T11:39:49.870Z"}
{"level":"info","message":"⌛ Validating objetos.wlk","timeElapsed":202,"timestamp":"2024-10-12T11:39:50.073Z"}
{"level":"info","message":"⌛ Validating objetos.wlk","timeElapsed":195,"timestamp":"2024-10-12T11:39:50.272Z"}
{"level":"info","message":"⌛ Building environment","timeElapsed":156,"timestamp":"2024-10-12T11:39:50.461Z"}
{"level":"info","message":"⌛ Validating objetos.wlk","timeElapsed":204,"timestamp":"2024-10-12T11:39:50.695Z"}
{"level":"info","message":"⌛ Building environment","timeElapsed":165,"timestamp":"2024-10-12T11:39:50.862Z"}
{"level":"info","message":"⌛ Building environment","timeElapsed":168,"timestamp":"2024-10-12T11:39:51.072Z"}
{"level":"info","message":"⌛ Validating objetos.wlk","timeElapsed":212,"timestamp":"2024-10-12T11:39:51.285Z"}
{"level":"info","message":"⌛ Validating objetos.wlk","timeElapsed":195,"timestamp":"2024-10-12T11:39:51.481Z"}
{"level":"info","message":"⌛ Building environment","timeElapsed":181,"timestamp":"2024-10-12T11:39:51.663Z"}
{"level":"info","message":"⌛ Building environment","timeElapsed":149,"timestamp":"2024-10-12T11:39:51.846Z"}
{"level":"info","message":"⌛ Building environment","timeElapsed":153,"timestamp":"2024-10-12T11:39:51.999Z"}
{"level":"info","message":"⌛ Building environment","timeElapsed":146,"timestamp":"2024-10-12T11:39:52.146Z"}
{"level":"info","message":"⌛ Validating objetos.wlk","timeElapsed":194,"timestamp":"2024-10-12T11:39:52.347Z"}
{"level":"info","message":"⌛ Validating objetos.wlk","timeElapsed":185,"timestamp":"2024-10-12T11:39:52.533Z"}
{"level":"info","message":"⌛ Validating objetos.wlk","timeElapsed":190,"timestamp":"2024-10-12T11:39:52.723Z"}
{"level":"info","message":"⌛ Validating objetos.wlk","timeElapsed":214,"timestamp":"2024-10-12T11:39:52.991Z"}
{"level":"info","message":"⌛ Building environment","timeElapsed":171,"timestamp":"2024-10-12T11:39:53.303Z"}
{"level":"info","message":"⌛ Validating objetos.wlk","timeElapsed":241,"timestamp":"2024-10-12T11:39:53.546Z"}
{"level":"info","message":"⌛ Building environment","timeElapsed":233,"timestamp":"2024-10-12T11:39:53.779Z"}
{"level":"info","message":"⌛ Building environment","timeElapsed":150,"timestamp":"2024-10-12T11:39:53.931Z"}
{"level":"info","message":"⌛ Validating objetos.wlk","timeElapsed":188,"timestamp":"2024-10-12T11:39:54.132Z"}
{"level":"info","message":"⌛ Validating objetos.wlk","timeElapsed":219,"timestamp":"2024-10-12T11:39:54.352Z"}
{"level":"info","message":"⌛ Building environment","timeElapsed":208,"timestamp":"2024-10-12T11:39:57.296Z"}
{"level":"info","message":"⌛ Building environment","timeElapsed":166,"timestamp":"2024-10-12T11:39:57.463Z"}
{"level":"info","message":"⌛ Validating objetos.wlk","timeElapsed":190,"timestamp":"2024-10-12T11:39:57.659Z"}
{"level":"info","message":"⌛ Building environment","timeElapsed":143,"timestamp":"2024-10-12T11:39:57.803Z"}
{"level":"info","message":"⌛ Validating objetos.wlk","timeElapsed":206,"timestamp":"2024-10-12T11:39:58.010Z"}
{"level":"info","message":"⌛ Validating objetos.wlk","timeElapsed":172,"timestamp":"2024-10-12T11:39:58.190Z"}
{"level":"info","message":"⌛ Building environment","timeElapsed":164,"timestamp":"2024-10-12T11:39:58.535Z"}
{"level":"info","message":"⌛ Building environment","timeElapsed":162,"timestamp":"2024-10-12T11:39:58.697Z"}
{"level":"info","message":"⌛ Validating objetos.wlk","timeElapsed":212,"timestamp":"2024-10-12T11:39:58.910Z"}
{"level":"info","message":"⌛ Building environment","timeElapsed":141,"timestamp":"2024-10-12T11:39:59.052Z"}
{"level":"info","message":"⌛ Validating objetos.wlk","timeElapsed":186,"timestamp":"2024-10-12T11:39:59.239Z"}
{"level":"info","message":"⌛ Validating objetos.wlk","timeElapsed":184,"timestamp":"2024-10-12T11:39:59.431Z"}
{"level":"info","message":"⌛ Building environment","timeElapsed":157,"timestamp":"2024-10-12T11:40:00.143Z"}
{"level":"info","message":"⌛ Building environment","timeElapsed":234,"timestamp":"2024-10-12T11:40:00.380Z"}
{"level":"info","message":"⌛ Validating objetos.wlk","timeElapsed":242,"timestamp":"2024-10-12T11:40:00.622Z"}
{"level":"info","message":"⌛ Building environment","timeElapsed":156,"timestamp":"2024-10-12T11:40:00.779Z"}
{"level":"info","message":"⌛ Validating objetos.wlk","timeElapsed":204,"timestamp":"2024-10-12T11:40:00.984Z"}
{"level":"info","message":"⌛ Validating objetos.wlk","timeElapsed":197,"timestamp":"2024-10-12T11:40:01.188Z"}
{"level":"info","message":"⌛ Building environment","timeElapsed":150,"timestamp":"2024-10-12T11:40:01.339Z"}
{"level":"info","message":"⌛ Building environment","timeElapsed":143,"timestamp":"2024-10-12T11:40:01.483Z"}
{"level":"info","message":"⌛ Validating objetos.wlk","timeElapsed":203,"timestamp":"2024-10-12T11:40:01.693Z"}
{"level":"info","message":"⌛ Validating objetos.wlk","timeElapsed":185,"timestamp":"2024-10-12T11:40:01.879Z"}
{"level":"info","message":"⌛ Building environment","timeElapsed":181,"timestamp":"2024-10-12T11:40:02.061Z"}
{"level":"info","message":"⌛ Building environment","timeElapsed":156,"timestamp":"2024-10-12T11:40:02.219Z"}
{"level":"info","message":"⌛ Building environment","timeElapsed":153,"timestamp":"2024-10-12T11:40:02.387Z"}
{"level":"info","message":"⌛ Validating objetos.wlk","timeElapsed":207,"timestamp":"2024-10-12T11:40:02.595Z"}
{"level":"info","message":"⌛ Building environment","timeElapsed":139,"timestamp":"2024-10-12T11:40:02.734Z"}
{"level":"info","message":"⌛ Validating objetos.wlk","timeElapsed":189,"timestamp":"2024-10-12T11:40:02.924Z"}
{"level":"info","message":"⌛ Validating objetos.wlk","timeElapsed":210,"timestamp":"2024-10-12T11:40:03.141Z"}
{"level":"info","message":"⌛ Validating objetos.wlk","timeElapsed":248,"timestamp":"2024-10-12T11:40:03.391Z"}
{"level":"info","message":"⌛ Building environment","timeElapsed":146,"timestamp":"2024-10-12T11:40:03.537Z"}
{"level":"info","message":"⌛ Building environment","timeElapsed":154,"timestamp":"2024-10-12T11:40:03.693Z"}
{"level":"info","message":"⌛ Validating objetos.wlk","timeElapsed":182,"timestamp":"2024-10-12T11:40:03.882Z"}
{"level":"info","message":"⌛ Validating objetos.wlk","timeElapsed":190,"timestamp":"2024-10-12T11:40:04.073Z"}
{"level":"info","message":"⌛ Building environment","timeElapsed":230,"timestamp":"2024-10-12T11:40:05.349Z"}
{"level":"info","message":"⌛ Validating objetos.wlk","timeElapsed":280,"timestamp":"2024-10-12T11:40:05.654Z"}
{"level":"info","message":"⌛ Building environment","timeElapsed":260,"timestamp":"2024-10-12T11:40:17.452Z"}
{"level":"info","message":"⌛ Building environment","timeElapsed":145,"timestamp":"2024-10-12T11:40:17.599Z"}
{"level":"info","message":"⌛ Validating objetos.wlk","timeElapsed":198,"timestamp":"2024-10-12T11:40:17.802Z"}
{"level":"info","message":"⌛ Building environment","timeElapsed":157,"timestamp":"2024-10-12T11:40:17.959Z"}
{"level":"info","message":"⌛ Validating objetos.wlk","timeElapsed":212,"timestamp":"2024-10-12T11:40:18.172Z"}
{"level":"info","message":"⌛ Building environment","timeElapsed":147,"timestamp":"2024-10-12T11:40:18.322Z"}
{"level":"info","message":"⌛ Validating objetos.wlk","timeElapsed":189,"timestamp":"2024-10-12T11:40:18.524Z"}
{"level":"info","message":"⌛ Building environment","timeElapsed":165,"timestamp":"2024-10-12T11:40:18.689Z"}
{"level":"info","message":"⌛ Building environment","timeElapsed":150,"timestamp":"2024-10-12T11:40:18.841Z"}
{"level":"info","message":"⌛ Validating objetos.wlk","timeElapsed":193,"timestamp":"2024-10-12T11:40:19.035Z"}
{"level":"info","message":"⌛ Building environment","timeElapsed":145,"timestamp":"2024-10-12T11:40:19.186Z"}
{"level":"info","message":"⌛ Validating objetos.wlk","timeElapsed":196,"timestamp":"2024-10-12T11:40:19.383Z"}
{"level":"info","message":"⌛ Validating objetos.wlk","timeElapsed":189,"timestamp":"2024-10-12T11:40:19.580Z"}
{"level":"info","message":"⌛ Building environment","timeElapsed":175,"timestamp":"2024-10-12T11:40:19.756Z"}
{"level":"info","message":"⌛ Validating objetos.wlk","timeElapsed":186,"timestamp":"2024-10-12T11:40:19.950Z"}
{"level":"info","message":"⌛ Building environment","timeElapsed":145,"timestamp":"2024-10-12T11:40:20.098Z"}
{"level":"info","message":"⌛ Building environment","timeElapsed":183,"timestamp":"2024-10-12T11:40:20.282Z"}
{"level":"info","message":"⌛ Building environment","timeElapsed":139,"timestamp":"2024-10-12T11:40:20.422Z"}
{"level":"info","message":"⌛ Validating objetos.wlk","timeElapsed":181,"timestamp":"2024-10-12T11:40:20.604Z"}
{"level":"info","message":"⌛ Validating objetos.wlk","timeElapsed":179,"timestamp":"2024-10-12T11:40:20.794Z"}
{"level":"info","message":"⌛ Validating objetos.wlk","timeElapsed":232,"timestamp":"2024-10-12T11:40:21.026Z"}
{"level":"info","message":"⌛ Validating objetos.wlk","timeElapsed":187,"timestamp":"2024-10-12T11:40:21.213Z"}
{"level":"info","message":"⌛ Building environment","timeElapsed":177,"timestamp":"2024-10-12T11:40:22.294Z"}
{"level":"info","message":"⌛ Validating objetos.wlk","timeElapsed":259,"timestamp":"2024-10-12T11:40:22.556Z"}
{"level":"info","message":"⌛ Building environment","timeElapsed":252,"timestamp":"2024-10-12T11:41:14.944Z"}
{"level":"info","message":"⌛ Validating objetos.wlk","timeElapsed":259,"timestamp":"2024-10-12T11:41:15.208Z"}
{"level":"info","message":"⌛ Building environment","timeElapsed":181,"timestamp":"2024-10-12T11:41:15.457Z"}
{"level":"info","message":"⌛ Building environment","timeElapsed":175,"timestamp":"2024-10-12T11:41:15.674Z"}
{"level":"info","message":"⌛ Validating objetos.wlk","timeElapsed":298,"timestamp":"2024-10-12T11:41:15.975Z"}
{"level":"info","message":"onRequest - completionItem/resolve","timestamp":"2024-10-12T11:41:15.976Z"}
{"level":"info","message":"⌛ Building environment","timeElapsed":192,"timestamp":"2024-10-12T11:41:16.169Z"}
{"level":"info","message":"onRequest - completionItem/resolve","timestamp":"2024-10-12T11:41:16.170Z"}
{"level":"info","message":"⌛ Validating objetos.wlk","timeElapsed":199,"timestamp":"2024-10-12T11:41:16.370Z"}
{"level":"info","message":"⌛ Building environment","timeElapsed":214,"timestamp":"2024-10-12T11:41:16.587Z"}
{"level":"info","message":"onRequest - completionItem/resolve","timestamp":"2024-10-12T11:41:16.588Z"}
{"level":"info","message":"⌛ Building environment","timeElapsed":211,"timestamp":"2024-10-12T11:41:16.799Z"}
{"level":"info","message":"onRequest - completionItem/resolve","timestamp":"2024-10-12T11:41:16.801Z"}
{"level":"info","message":"⌛ Building environment","timeElapsed":267,"timestamp":"2024-10-12T11:41:17.069Z"}
{"level":"info","message":"onRequest - completionItem/resolve","timestamp":"2024-10-12T11:41:17.070Z"}
{"level":"info","message":"⌛ Building environment","timeElapsed":182,"timestamp":"2024-10-12T11:41:17.252Z"}
{"level":"info","message":"onRequest - completionItem/resolve","timestamp":"2024-10-12T11:41:17.260Z"}
{"level":"info","message":"⌛ Validating objetos.wlk","timeElapsed":255,"timestamp":"2024-10-12T11:41:17.515Z"}
{"level":"info","message":"⌛ Validating objetos.wlk","timeElapsed":260,"timestamp":"2024-10-12T11:41:17.826Z"}
{"level":"info","message":"⌛ Building environment","timeElapsed":169,"timestamp":"2024-10-12T11:41:17.996Z"}
{"level":"info","message":"onRequest - completionItem/resolve","timestamp":"2024-10-12T11:41:17.996Z"}
{"level":"info","message":"⌛ Building environment","timeElapsed":166,"timestamp":"2024-10-12T11:41:18.164Z"}
{"level":"info","message":"⌛ Validating objetos.wlk","timeElapsed":222,"timestamp":"2024-10-12T11:41:18.432Z"}
{"level":"info","message":"⌛ Building environment","timeElapsed":275,"timestamp":"2024-10-12T11:41:18.707Z"}
{"level":"info","message":"⌛ Building environment","timeElapsed":259,"timestamp":"2024-10-12T11:41:18.968Z"}
{"level":"info","message":"⌛ Validating objetos.wlk","timeElapsed":244,"timestamp":"2024-10-12T11:41:19.222Z"}
{"level":"info","message":"⌛ Building environment","timeElapsed":156,"timestamp":"2024-10-12T11:41:19.382Z"}
{"level":"info","message":"⌛ Validating objetos.wlk","timeElapsed":209,"timestamp":"2024-10-12T11:41:19.592Z"}
{"level":"info","message":"⌛ Building environment","timeElapsed":146,"timestamp":"2024-10-12T11:41:19.738Z"}
{"level":"info","message":"⌛ Building environment","timeElapsed":143,"timestamp":"2024-10-12T11:41:19.889Z"}
{"level":"info","message":"⌛ Building environment","timeElapsed":148,"timestamp":"2024-10-12T11:41:20.038Z"}
{"level":"info","message":"⌛ Building environment","timeElapsed":228,"timestamp":"2024-10-12T11:41:20.268Z"}
{"level":"info","message":"⌛ Validating objetos.wlk","timeElapsed":201,"timestamp":"2024-10-12T11:41:20.476Z"}
{"level":"info","message":"⌛ Validating objetos.wlk","timeElapsed":197,"timestamp":"2024-10-12T11:41:20.675Z"}
{"level":"info","message":"⌛ Validating objetos.wlk","timeElapsed":200,"timestamp":"2024-10-12T11:41:20.875Z"}
{"level":"info","message":"⌛ Validating objetos.wlk","timeElapsed":191,"timestamp":"2024-10-12T11:41:21.066Z"}
{"level":"info","message":"⌛ Validating objetos.wlk","timeElapsed":197,"timestamp":"2024-10-12T11:41:21.264Z"}
{"level":"info","message":"⌛ Validating objetos.wlk","timeElapsed":218,"timestamp":"2024-10-12T11:41:21.483Z"}
{"level":"info","message":"⌛ Validating objetos.wlk","timeElapsed":228,"timestamp":"2024-10-12T11:41:21.712Z"}
{"level":"info","message":"⌛ Validating objetos.wlk","timeElapsed":195,"timestamp":"2024-10-12T11:41:21.907Z"}
{"level":"info","message":"⌛ Validating objetos.wlk","timeElapsed":185,"timestamp":"2024-10-12T11:41:22.092Z"}
{"level":"info","message":"⌛ Building environment","timeElapsed":272,"timestamp":"2024-10-12T11:41:42.759Z"}
{"level":"info","message":"⌛ Validating objetos.wlk","timeElapsed":228,"timestamp":"2024-10-12T11:41:42.993Z"}
{"level":"info","message":"⌛ Building environment","timeElapsed":187,"timestamp":"2024-10-12T11:41:43.297Z"}
{"level":"error","message":"✘ Completions for node failed: Error: [Parameter]{f6ce39} at objetos.wlk:101 exhausted all cases without a match [Parameter]{f6ce39} at objetos.wlk:101 exhausted all cases without a match","stack":"Error: [Parameter]{f6ce39} at objetos.wlk:101 exhausted all cases without a match\n    at /home/felipe/.vscode/extensions/uqbar.wollok-lsp-ide-0.3.6/out/server/src/server.js:38:6067\n    at yh (/home/felipe/.vscode/extensions/uqbar.wollok-lsp-ide-0.3.6/out/server/src/server.js:2291:42)\n    at /home/felipe/.vscode/extensions/uqbar.wollok-lsp-ide-0.3.6/out/server/src/server.js:2291:2700\n    at /home/felipe/.vscode/extensions/uqbar.wollok-lsp-ide-0.3.6/out/server/src/server.js:2298:3774\n    at /home/felipe/.vscode/extensions/uqbar.wollok-lsp-ide-0.3.6/out/server/src/server.js:37:74872\n    at Fe (/home/felipe/.vscode/extensions/uqbar.wollok-lsp-ide-0.3.6/out/server/src/server.js:7:8527)\n    at Pt (/home/felipe/.vscode/extensions/uqbar.wollok-lsp-ide-0.3.6/out/server/src/server.js:7:6189)\n    at Gi (/home/felipe/.vscode/extensions/uqbar.wollok-lsp-ide-0.3.6/out/server/src/server.js:7:6378)\n    at Immediate._onImmediate (/home/felipe/.vscode/extensions/uqbar.wollok-lsp-ide-0.3.6/out/server/src/server.js:7:6142)\n    at process.processImmediate (node:internal/timers:483:21)","timestamp":"2024-10-12T11:41:43.355Z"}
{"level":"info","message":"⌛ Building environment","timeElapsed":170,"timestamp":"2024-10-12T11:41:43.530Z"}
{"level":"info","message":"⌛ Validating objetos.wlk","timeElapsed":247,"timestamp":"2024-10-12T11:41:43.784Z"}
{"level":"info","message":"⌛ Building environment","timeElapsed":153,"timestamp":"2024-10-12T11:41:43.938Z"}
{"level":"info","message":"⌛ Building environment","timeElapsed":157,"timestamp":"2024-10-12T11:41:44.096Z"}
{"level":"error","message":"✘ Completions for node failed: Error: [Parameter]{68fa8b} at objetos.wlk:101 exhausted all cases without a match [Parameter]{68fa8b} at objetos.wlk:101 exhausted all cases without a match","stack":"Error: [Parameter]{68fa8b} at objetos.wlk:101 exhausted all cases without a match\n    at /home/felipe/.vscode/extensions/uqbar.wollok-lsp-ide-0.3.6/out/server/src/server.js:38:6067\n    at yh (/home/felipe/.vscode/extensions/uqbar.wollok-lsp-ide-0.3.6/out/server/src/server.js:2291:42)\n    at /home/felipe/.vscode/extensions/uqbar.wollok-lsp-ide-0.3.6/out/server/src/server.js:2291:2700\n    at /home/felipe/.vscode/extensions/uqbar.wollok-lsp-ide-0.3.6/out/server/src/server.js:2298:3774\n    at /home/felipe/.vscode/extensions/uqbar.wollok-lsp-ide-0.3.6/out/server/src/server.js:37:74872\n    at Fe (/home/felipe/.vscode/extensions/uqbar.wollok-lsp-ide-0.3.6/out/server/src/server.js:7:8527)\n    at Pt (/home/felipe/.vscode/extensions/uqbar.wollok-lsp-ide-0.3.6/out/server/src/server.js:7:6189)\n    at Gi (/home/felipe/.vscode/extensions/uqbar.wollok-lsp-ide-0.3.6/out/server/src/server.js:7:6378)\n    at Immediate._onImmediate (/home/felipe/.vscode/extensions/uqbar.wollok-lsp-ide-0.3.6/out/server/src/server.js:7:6142)\n    at process.processImmediate (node:internal/timers:483:21)","timestamp":"2024-10-12T11:41:44.133Z"}
{"level":"info","message":"⌛ Validating objetos.wlk","timeElapsed":189,"timestamp":"2024-10-12T11:41:44.330Z"}
{"level":"info","message":"⌛ Building environment","timeElapsed":143,"timestamp":"2024-10-12T11:41:44.473Z"}
{"level":"info","message":"⌛ Building environment","timeElapsed":169,"timestamp":"2024-10-12T11:41:44.642Z"}
{"level":"info","message":"⌛ Building environment","timeElapsed":138,"timestamp":"2024-10-12T11:41:44.782Z"}
{"level":"info","message":"⌛ Validating objetos.wlk","timeElapsed":201,"timestamp":"2024-10-12T11:41:44.988Z"}
{"level":"info","message":"⌛ Building environment","timeElapsed":165,"timestamp":"2024-10-12T11:41:45.155Z"}
{"level":"info","message":"⌛ Validating objetos.wlk","timeElapsed":231,"timestamp":"2024-10-12T11:41:45.387Z"}
{"level":"info","message":"⌛ Validating objetos.wlk","timeElapsed":191,"timestamp":"2024-10-12T11:41:45.586Z"}
{"level":"info","message":"⌛ Validating objetos.wlk","timeElapsed":185,"timestamp":"2024-10-12T11:41:45.772Z"}
{"level":"info","message":"⌛ Validating objetos.wlk","timeElapsed":209,"timestamp":"2024-10-12T11:41:45.982Z"}
{"level":"info","message":"⌛ Building environment","timeElapsed":149,"timestamp":"2024-10-12T11:41:46.132Z"}
{"level":"info","message":"⌛ Validating objetos.wlk","timeElapsed":210,"timestamp":"2024-10-12T11:41:46.342Z"}
{"level":"info","message":"⌛ Building environment","timeElapsed":193,"timestamp":"2024-10-12T11:41:46.539Z"}
{"level":"info","message":"⌛ Building environment","timeElapsed":162,"timestamp":"2024-10-12T11:41:46.701Z"}
{"level":"info","message":"⌛ Validating objetos.wlk","timeElapsed":201,"timestamp":"2024-10-12T11:41:46.910Z"}
{"level":"info","message":"⌛ Validating objetos.wlk","timeElapsed":177,"timestamp":"2024-10-12T11:41:47.087Z"}
{"level":"info","message":"⌛ Validating objetos.wlk","timeElapsed":195,"timestamp":"2024-10-12T11:41:47.282Z"}
{"level":"info","message":"⌛ Building environment","timeElapsed":235,"timestamp":"2024-10-12T11:41:53.015Z"}
{"level":"info","message":"⌛ Building environment","timeElapsed":197,"timestamp":"2024-10-12T11:41:53.291Z"}
{"level":"info","message":"⌛ Validating objetos.wlk","timeElapsed":237,"timestamp":"2024-10-12T11:41:53.528Z"}
{"level":"info","message":"⌛ Building environment","timeElapsed":143,"timestamp":"2024-10-12T11:41:53.671Z"}
{"level":"info","message":"onRequest - completionItem/resolve","timestamp":"2024-10-12T11:41:53.672Z"}
{"level":"info","message":"⌛ Building environment","timeElapsed":165,"timestamp":"2024-10-12T11:41:53.838Z"}
{"level":"info","message":"⌛ Building environment","timeElapsed":168,"timestamp":"2024-10-12T11:41:54.049Z"}
{"level":"info","message":"⌛ Validating objetos.wlk","timeElapsed":207,"timestamp":"2024-10-12T11:41:54.262Z"}
{"level":"info","message":"⌛ Building environment","timeElapsed":148,"timestamp":"2024-10-12T11:41:54.410Z"}
{"level":"info","message":"⌛ Building environment","timeElapsed":170,"timestamp":"2024-10-12T11:41:54.581Z"}
{"level":"info","message":"⌛ Validating objetos.wlk","timeElapsed":199,"timestamp":"2024-10-12T11:41:54.781Z"}
{"level":"info","message":"⌛ Validating objetos.wlk","timeElapsed":211,"timestamp":"2024-10-12T11:41:55.001Z"}
{"level":"info","message":"⌛ Building environment","timeElapsed":156,"timestamp":"2024-10-12T11:41:55.158Z"}
{"level":"error","message":"✘ Completions for node failed: Error: [Return]{b0ee72} at objetos.wlk:102 exhausted all cases without a match [Return]{b0ee72} at objetos.wlk:102 exhausted all cases without a match","stack":"Error: [Return]{b0ee72} at objetos.wlk:102 exhausted all cases without a match\n    at /home/felipe/.vscode/extensions/uqbar.wollok-lsp-ide-0.3.6/out/server/src/server.js:38:6067\n    at yh (/home/felipe/.vscode/extensions/uqbar.wollok-lsp-ide-0.3.6/out/server/src/server.js:2291:42)\n    at kh (/home/felipe/.vscode/extensions/uqbar.wollok-lsp-ide-0.3.6/out/server/src/server.js:2291:1004)\n    at Y5n (/home/felipe/.vscode/extensions/uqbar.wollok-lsp-ide-0.3.6/out/server/src/server.js:2291:1160)\n    at /home/felipe/.vscode/extensions/uqbar.wollok-lsp-ide-0.3.6/out/server/src/server.js:38:6056\n    at yh (/home/felipe/.vscode/extensions/uqbar.wollok-lsp-ide-0.3.6/out/server/src/server.js:2291:42)\n    at /home/felipe/.vscode/extensions/uqbar.wollok-lsp-ide-0.3.6/out/server/src/server.js:2291:2700\n    at /home/felipe/.vscode/extensions/uqbar.wollok-lsp-ide-0.3.6/out/server/src/server.js:2298:3774\n    at /home/felipe/.vscode/extensions/uqbar.wollok-lsp-ide-0.3.6/out/server/src/server.js:37:74872\n    at Fe (/home/felipe/.vscode/extensions/uqbar.wollok-lsp-ide-0.3.6/out/server/src/server.js:7:8527)","timestamp":"2024-10-12T11:41:55.192Z"}
{"level":"info","message":"⌛ Validating objetos.wlk","timeElapsed":197,"timestamp":"2024-10-12T11:41:55.394Z"}
{"level":"info","message":"⌛ Validating objetos.wlk","timeElapsed":194,"timestamp":"2024-10-12T11:41:55.589Z"}
{"level":"info","message":"⌛ Building environment","timeElapsed":157,"timestamp":"2024-10-12T11:41:55.746Z"}
{"level":"info","message":"⌛ Building environment","timeElapsed":145,"timestamp":"2024-10-12T11:41:55.892Z"}
{"level":"info","message":"⌛ Validating objetos.wlk","timeElapsed":205,"timestamp":"2024-10-12T11:41:56.098Z"}
{"level":"info","message":"⌛ Building environment","timeElapsed":161,"timestamp":"2024-10-12T11:41:56.265Z"}
{"level":"info","message":"⌛ Validating objetos.wlk","timeElapsed":207,"timestamp":"2024-10-12T11:41:56.473Z"}
{"level":"info","message":"⌛ Validating objetos.wlk","timeElapsed":228,"timestamp":"2024-10-12T11:41:56.708Z"}
{"level":"info","message":"⌛ Validating objetos.wlk","timeElapsed":193,"timestamp":"2024-10-12T11:41:56.901Z"}
{"level":"info","message":"⌛ Building environment","timeElapsed":258,"timestamp":"2024-10-12T11:41:57.161Z"}
{"level":"info","message":"⌛ Validating objetos.wlk","timeElapsed":319,"timestamp":"2024-10-12T11:41:57.538Z"}
{"level":"info","message":"⌛ Building environment","timeElapsed":194,"timestamp":"2024-10-12T11:41:57.734Z"}
{"level":"info","message":"⌛ Building environment","timeElapsed":259,"timestamp":"2024-10-12T11:41:57.994Z"}
{"level":"info","message":"⌛ Validating objetos.wlk","timeElapsed":211,"timestamp":"2024-10-12T11:41:58.215Z"}
{"level":"info","message":"onRequest - completionItem/resolve","timestamp":"2024-10-12T11:41:58.215Z"}
{"level":"info","message":"⌛ Validating objetos.wlk","timeElapsed":258,"timestamp":"2024-10-12T11:41:58.475Z"}
{"level":"info","message":"⌛ Validating objetos.wlk","timeElapsed":208,"timestamp":"2024-10-12T11:41:58.684Z"}
{"level":"info","message":"⌛ Building environment","timeElapsed":224,"timestamp":"2024-10-12T11:42:05.481Z"}
{"level":"info","message":"⌛ Building environment","timeElapsed":156,"timestamp":"2024-10-12T11:42:05.697Z"}
{"level":"info","message":"⌛ Validating objetos.wlk","timeElapsed":183,"timestamp":"2024-10-12T11:42:05.885Z"}
{"level":"info","message":"⌛ Building environment","timeElapsed":161,"timestamp":"2024-10-12T11:42:06.046Z"}
{"level":"info","message":"⌛ Validating objetos.wlk","timeElapsed":200,"timestamp":"2024-10-12T11:42:06.247Z"}
{"level":"info","message":"⌛ Building environment","timeElapsed":140,"timestamp":"2024-10-12T11:42:06.401Z"}
{"level":"info","message":"⌛ Validating objetos.wlk","timeElapsed":180,"timestamp":"2024-10-12T11:42:06.626Z"}
{"level":"info","message":"⌛ Validating objetos.wlk","timeElapsed":184,"timestamp":"2024-10-12T11:42:06.810Z"}
{"level":"info","message":"⌛ Building environment","timeElapsed":157,"timestamp":"2024-10-12T11:42:07.021Z"}
{"level":"info","message":"⌛ Validating objetos.wlk","timeElapsed":187,"timestamp":"2024-10-12T11:42:07.210Z"}
{"level":"info","message":"⌛ Building environment","timeElapsed":171,"timestamp":"2024-10-12T11:42:07.757Z"}
{"level":"info","message":"⌛ Building environment","timeElapsed":193,"timestamp":"2024-10-12T11:42:07.989Z"}
{"level":"info","message":"⌛ Validating objetos.wlk","timeElapsed":207,"timestamp":"2024-10-12T11:42:08.197Z"}
{"level":"info","message":"onRequest - completionItem/resolve","timestamp":"2024-10-12T11:42:08.198Z"}
{"level":"info","message":"⌛ Building environment","timeElapsed":213,"timestamp":"2024-10-12T11:42:08.411Z"}
{"level":"info","message":"onRequest - completionItem/resolve","timestamp":"2024-10-12T11:42:08.413Z"}
{"level":"info","message":"⌛ Building environment","timeElapsed":158,"timestamp":"2024-10-12T11:42:08.573Z"}
{"level":"info","message":"onRequest - completionItem/resolve","timestamp":"2024-10-12T11:42:08.574Z"}
{"level":"info","message":"⌛ Validating objetos.wlk","timeElapsed":196,"timestamp":"2024-10-12T11:42:08.770Z"}
{"level":"info","message":"⌛ Building environment","timeElapsed":153,"timestamp":"2024-10-12T11:42:08.925Z"}
{"level":"info","message":"onRequest - completionItem/resolve","timestamp":"2024-10-12T11:42:08.926Z"}
{"level":"info","message":"⌛ Building environment","timeElapsed":158,"timestamp":"2024-10-12T11:42:09.085Z"}
{"level":"info","message":"onRequest - completionItem/resolve","timestamp":"2024-10-12T11:42:09.086Z"}
{"level":"info","message":"⌛ Validating objetos.wlk","timeElapsed":203,"timestamp":"2024-10-12T11:42:09.290Z"}
{"level":"info","message":"⌛ Building environment","timeElapsed":361,"timestamp":"2024-10-12T11:42:09.655Z"}
{"level":"info","message":"onRequest - completionItem/resolve","timestamp":"2024-10-12T11:42:09.656Z"}
{"level":"info","message":"⌛ Validating objetos.wlk","timeElapsed":231,"timestamp":"2024-10-12T11:42:09.888Z"}
{"level":"info","message":"⌛ Validating objetos.wlk","timeElapsed":193,"timestamp":"2024-10-12T11:42:10.090Z"}
{"level":"info","message":"⌛ Validating objetos.wlk","timeElapsed":185,"timestamp":"2024-10-12T11:42:10.275Z"}
{"level":"info","message":"onRequest - completionItem/resolve","timestamp":"2024-10-12T11:42:10.276Z"}
{"level":"info","message":"⌛ Building environment","timeElapsed":148,"timestamp":"2024-10-12T11:42:10.424Z"}
{"level":"info","message":"⌛ Validating objetos.wlk","timeElapsed":205,"timestamp":"2024-10-12T11:42:10.629Z"}
{"level":"info","message":"⌛ Building environment","timeElapsed":139,"timestamp":"2024-10-12T11:42:10.776Z"}
{"level":"info","message":"⌛ Validating objetos.wlk","timeElapsed":186,"timestamp":"2024-10-12T11:42:10.976Z"}
{"level":"info","message":"⌛ Building environment","timeElapsed":156,"timestamp":"2024-10-12T11:42:11.132Z"}
{"level":"info","message":"⌛ Validating objetos.wlk","timeElapsed":189,"timestamp":"2024-10-12T11:42:11.323Z"}
{"level":"info","message":"⌛ Building environment","timeElapsed":176,"timestamp":"2024-10-12T11:42:11.509Z"}
{"level":"info","message":"⌛ Validating objetos.wlk","timeElapsed":197,"timestamp":"2024-10-12T11:42:11.724Z"}
{"level":"info","message":"⌛ Building environment","timeElapsed":149,"timestamp":"2024-10-12T11:42:11.874Z"}
{"level":"info","message":"⌛ Validating objetos.wlk","timeElapsed":194,"timestamp":"2024-10-12T11:42:12.068Z"}
{"level":"error","message":"✘ Completions for node failed: Error: [NamedArgument]{5c8dc4} at objetos.wlk:102 exhausted all cases without a match [NamedArgument]{5c8dc4} at objetos.wlk:102 exhausted all cases without a match","stack":"Error: [NamedArgument]{5c8dc4} at objetos.wlk:102 exhausted all cases without a match\n    at /home/felipe/.vscode/extensions/uqbar.wollok-lsp-ide-0.3.6/out/server/src/server.js:38:6067\n    at yh (/home/felipe/.vscode/extensions/uqbar.wollok-lsp-ide-0.3.6/out/server/src/server.js:2291:42)\n    at kh (/home/felipe/.vscode/extensions/uqbar.wollok-lsp-ide-0.3.6/out/server/src/server.js:2291:1004)\n    at Y5n (/home/felipe/.vscode/extensions/uqbar.wollok-lsp-ide-0.3.6/out/server/src/server.js:2291:1160)\n    at /home/felipe/.vscode/extensions/uqbar.wollok-lsp-ide-0.3.6/out/server/src/server.js:38:6056\n    at yh (/home/felipe/.vscode/extensions/uqbar.wollok-lsp-ide-0.3.6/out/server/src/server.js:2291:42)\n    at /home/felipe/.vscode/extensions/uqbar.wollok-lsp-ide-0.3.6/out/server/src/server.js:2291:2700\n    at /home/felipe/.vscode/extensions/uqbar.wollok-lsp-ide-0.3.6/out/server/src/server.js:2298:3774\n    at /home/felipe/.vscode/extensions/uqbar.wollok-lsp-ide-0.3.6/out/server/src/server.js:37:74872\n    at Fe (/home/felipe/.vscode/extensions/uqbar.wollok-lsp-ide-0.3.6/out/server/src/server.js:7:8527)","timestamp":"2024-10-12T11:42:12.110Z"}
{"level":"info","message":"⌛ Building environment","timeElapsed":166,"timestamp":"2024-10-12T11:42:12.276Z"}
{"level":"info","message":"⌛ Building environment","timeElapsed":152,"timestamp":"2024-10-12T11:42:12.430Z"}
{"level":"info","message":"⌛ Validating objetos.wlk","timeElapsed":209,"timestamp":"2024-10-12T11:42:12.640Z"}
{"level":"info","message":"⌛ Building environment","timeElapsed":154,"timestamp":"2024-10-12T11:42:12.794Z"}
{"level":"info","message":"onRequest - completionItem/resolve","timestamp":"2024-10-12T11:42:12.795Z"}
{"level":"info","message":"⌛ Building environment","timeElapsed":148,"timestamp":"2024-10-12T11:42:12.943Z"}
{"level":"info","message":"onRequest - completionItem/resolve","timestamp":"2024-10-12T11:42:12.944Z"}
{"level":"info","message":"⌛ Building environment","timeElapsed":137,"timestamp":"2024-10-12T11:42:13.082Z"}
{"level":"info","message":"onRequest - completionItem/resolve","timestamp":"2024-10-12T11:42:13.088Z"}
{"level":"info","message":"⌛ Validating objetos.wlk","timeElapsed":188,"timestamp":"2024-10-12T11:42:13.276Z"}
{"level":"info","message":"⌛ Building environment","timeElapsed":162,"timestamp":"2024-10-12T11:42:13.439Z"}
{"level":"info","message":"onRequest - completionItem/resolve","timestamp":"2024-10-12T11:42:13.440Z"}
{"level":"info","message":"⌛ Validating objetos.wlk","timeElapsed":193,"timestamp":"2024-10-12T11:42:13.634Z"}
{"level":"info","message":"⌛ Building environment","timeElapsed":154,"timestamp":"2024-10-12T11:42:13.790Z"}
{"level":"info","message":"onRequest - completionItem/resolve","timestamp":"2024-10-12T11:42:13.791Z"}
{"level":"info","message":"⌛ Validating objetos.wlk","timeElapsed":188,"timestamp":"2024-10-12T11:42:13.991Z"}
{"level":"info","message":"⌛ Validating objetos.wlk","timeElapsed":213,"timestamp":"2024-10-12T11:42:14.204Z"}
{"level":"info","message":"⌛ Validating objetos.wlk","timeElapsed":195,"timestamp":"2024-10-12T11:42:14.399Z"}
{"level":"info","message":"⌛ Validating objetos.wlk","timeElapsed":240,"timestamp":"2024-10-12T11:42:14.641Z"}
{"level":"info","message":"⌛ Validating objetos.wlk","timeElapsed":186,"timestamp":"2024-10-12T11:42:14.828Z"}
{"level":"info","message":"⌛ Building environment","timeElapsed":177,"timestamp":"2024-10-12T11:42:17.405Z"}
{"level":"info","message":"⌛ Validating objetos.wlk","timeElapsed":183,"timestamp":"2024-10-12T11:42:17.629Z"}
{"level":"info","message":"onRequest - completionItem/resolve","timestamp":"2024-10-12T11:42:17.630Z"}
{"level":"info","message":"⌛ Building environment","timeElapsed":197,"timestamp":"2024-10-12T11:42:18.333Z"}
{"level":"info","message":"onRequest - completionItem/resolve","timestamp":"2024-10-12T11:42:18.334Z"}
{"level":"info","message":"⌛ Building environment","timeElapsed":179,"timestamp":"2024-10-12T11:42:18.514Z"}
{"level":"info","message":"onRequest - completionItem/resolve","timestamp":"2024-10-12T11:42:18.515Z"}
{"level":"info","message":"⌛ Validating objetos.wlk","timeElapsed":219,"timestamp":"2024-10-12T11:42:18.735Z"}
{"level":"info","message":"⌛ Building environment","timeElapsed":151,"timestamp":"2024-10-12T11:42:18.886Z"}
{"level":"info","message":"onRequest - completionItem/resolve","timestamp":"2024-10-12T11:42:18.887Z"}
{"level":"info","message":"⌛ Validating objetos.wlk","timeElapsed":184,"timestamp":"2024-10-12T11:42:19.071Z"}
{"level":"info","message":"⌛ Building environment","timeElapsed":146,"timestamp":"2024-10-12T11:42:19.218Z"}
{"level":"info","message":"onRequest - completionItem/resolve","timestamp":"2024-10-12T11:42:19.218Z"}
{"level":"info","message":"⌛ Building environment","timeElapsed":142,"timestamp":"2024-10-12T11:42:19.360Z"}
{"level":"info","message":"onRequest - completionItem/resolve","timestamp":"2024-10-12T11:42:19.361Z"}
{"level":"info","message":"⌛ Building environment","timeElapsed":144,"timestamp":"2024-10-12T11:42:19.506Z"}
{"level":"info","message":"onRequest - completionItem/resolve","timestamp":"2024-10-12T11:42:19.506Z"}
{"level":"info","message":"⌛ Validating objetos.wlk","timeElapsed":188,"timestamp":"2024-10-12T11:42:19.695Z"}
{"level":"info","message":"⌛ Validating objetos.wlk","timeElapsed":193,"timestamp":"2024-10-12T11:42:19.890Z"}
{"level":"info","message":"⌛ Validating objetos.wlk","timeElapsed":217,"timestamp":"2024-10-12T11:42:20.115Z"}
{"level":"info","message":"⌛ Validating objetos.wlk","timeElapsed":198,"timestamp":"2024-10-12T11:42:20.313Z"}
{"level":"info","message":"⌛ Building environment","timeElapsed":242,"timestamp":"2024-10-12T11:42:22.256Z"}
{"level":"info","message":"⌛ Building environment","timeElapsed":145,"timestamp":"2024-10-12T11:42:22.401Z"}
{"level":"info","message":"⌛ Validating objetos.wlk","timeElapsed":200,"timestamp":"2024-10-12T11:42:22.607Z"}
{"level":"info","message":"⌛ Building environment","timeElapsed":136,"timestamp":"2024-10-12T11:42:22.744Z"}
{"level":"info","message":"⌛ Validating objetos.wlk","timeElapsed":195,"timestamp":"2024-10-12T11:42:22.940Z"}
{"level":"info","message":"⌛ Building environment","timeElapsed":143,"timestamp":"2024-10-12T11:42:23.085Z"}
{"level":"info","message":"⌛ Building environment","timeElapsed":163,"timestamp":"2024-10-12T11:42:23.248Z"}
{"level":"info","message":"⌛ Validating objetos.wlk","timeElapsed":197,"timestamp":"2024-10-12T11:42:23.446Z"}
{"level":"info","message":"⌛ Building environment","timeElapsed":149,"timestamp":"2024-10-12T11:42:23.596Z"}
{"level":"info","message":"⌛ Validating objetos.wlk","timeElapsed":199,"timestamp":"2024-10-12T11:42:23.799Z"}
{"level":"info","message":"⌛ Building environment","timeElapsed":198,"timestamp":"2024-10-12T11:42:24.053Z"}
{"level":"info","message":"⌛ Building environment","timeElapsed":145,"timestamp":"2024-10-12T11:42:24.241Z"}
{"level":"info","message":"⌛ Validating objetos.wlk","timeElapsed":225,"timestamp":"2024-10-12T11:42:24.473Z"}
{"level":"info","message":"⌛ Building environment","timeElapsed":144,"timestamp":"2024-10-12T11:42:24.618Z"}
{"level":"info","message":"⌛ Building environment","timeElapsed":155,"timestamp":"2024-10-12T11:42:24.774Z"}
{"level":"info","message":"⌛ Validating objetos.wlk","timeElapsed":208,"timestamp":"2024-10-12T11:42:24.982Z"}
{"level":"info","message":"⌛ Building environment","timeElapsed":228,"timestamp":"2024-10-12T11:42:25.212Z"}
{"level":"info","message":"⌛ Building environment","timeElapsed":141,"timestamp":"2024-10-12T11:42:25.360Z"}
{"level":"info","message":"⌛ Validating objetos.wlk","timeElapsed":190,"timestamp":"2024-10-12T11:42:25.554Z"}
{"level":"info","message":"⌛ Validating objetos.wlk","timeElapsed":212,"timestamp":"2024-10-12T11:42:25.774Z"}
{"level":"info","message":"⌛ Building environment","timeElapsed":133,"timestamp":"2024-10-12T11:42:25.908Z"}
{"level":"info","message":"⌛ Validating objetos.wlk","timeElapsed":189,"timestamp":"2024-10-12T11:42:26.112Z"}
{"level":"info","message":"⌛ Validating objetos.wlk","timeElapsed":211,"timestamp":"2024-10-12T11:42:26.323Z"}
{"level":"info","message":"⌛ Validating objetos.wlk","timeElapsed":200,"timestamp":"2024-10-12T11:42:26.525Z"}
{"level":"info","message":"⌛ Validating objetos.wlk","timeElapsed":213,"timestamp":"2024-10-12T11:42:26.739Z"}
{"level":"info","message":"⌛ Validating objetos.wlk","timeElapsed":196,"timestamp":"2024-10-12T11:42:26.936Z"}
{"level":"info","message":"⌛ Building environment","timeElapsed":159,"timestamp":"2024-10-12T11:42:28.641Z"}
{"level":"info","message":"⌛ Validating objetos.wlk","timeElapsed":188,"timestamp":"2024-10-12T11:42:28.830Z"}
{"level":"info","message":"⌛ Building environment","timeElapsed":273,"timestamp":"2024-10-12T11:42:32.283Z"}
{"level":"info","message":"⌛ Building environment","timeElapsed":149,"timestamp":"2024-10-12T11:42:32.433Z"}
{"level":"info","message":"⌛ Validating objetos.wlk","timeElapsed":178,"timestamp":"2024-10-12T11:42:32.617Z"}
{"level":"info","message":"⌛ Validating objetos.wlk","timeElapsed":179,"timestamp":"2024-10-12T11:42:32.796Z"}
{"level":"info","message":"⌛ Building environment","timeElapsed":161,"timestamp":"2024-10-12T11:42:34.153Z"}
{"level":"info","message":"⌛ Validating objetos.wlk","timeElapsed":203,"timestamp":"2024-10-12T11:42:34.391Z"}
{"level":"info","message":"onRequest - completionItem/resolve","timestamp":"2024-10-12T11:42:34.395Z"}
{"level":"info","message":"⌛ Building environment","timeElapsed":254,"timestamp":"2024-10-12T11:42:34.651Z"}
{"level":"info","message":"onRequest - completionItem/resolve","timestamp":"2024-10-12T11:42:34.652Z"}
{"level":"info","message":"⌛ Building environment","timeElapsed":154,"timestamp":"2024-10-12T11:42:34.807Z"}
{"level":"info","message":"onRequest - completionItem/resolve","timestamp":"2024-10-12T11:42:34.808Z"}
{"level":"info","message":"⌛ Building environment","timeElapsed":143,"timestamp":"2024-10-12T11:42:34.952Z"}
{"level":"info","message":"onRequest - completionItem/resolve","timestamp":"2024-10-12T11:42:34.952Z"}
{"level":"info","message":"⌛ Validating objetos.wlk","timeElapsed":232,"timestamp":"2024-10-12T11:42:35.184Z"}
{"level":"info","message":"⌛ Validating objetos.wlk","timeElapsed":198,"timestamp":"2024-10-12T11:42:35.389Z"}
{"level":"info","message":"⌛ Validating objetos.wlk","timeElapsed":205,"timestamp":"2024-10-12T11:42:35.597Z"}
{"level":"info","message":"⌛ Building environment","timeElapsed":175,"timestamp":"2024-10-12T11:42:35.875Z"}
{"level":"info","message":"onRequest - completionItem/resolve","timestamp":"2024-10-12T11:42:35.876Z"}
{"level":"info","message":"⌛ Building environment","timeElapsed":162,"timestamp":"2024-10-12T11:42:36.038Z"}
{"level":"info","message":"onRequest - completionItem/resolve","timestamp":"2024-10-12T11:42:36.039Z"}
{"level":"info","message":"⌛ Validating objetos.wlk","timeElapsed":184,"timestamp":"2024-10-12T11:42:36.223Z"}
{"level":"info","message":"⌛ Validating objetos.wlk","timeElapsed":191,"timestamp":"2024-10-12T11:42:36.415Z"}
{"level":"info","message":"⌛ Building environment","timeElapsed":155,"timestamp":"2024-10-12T11:42:39.894Z"}
{"level":"info","message":"onRequest - completionItem/resolve","timestamp":"2024-10-12T11:42:39.895Z"}
{"level":"info","message":"⌛ Validating objetos.wlk","timeElapsed":200,"timestamp":"2024-10-12T11:42:40.096Z"}
{"level":"info","message":"⌛ Building environment","timeElapsed":149,"timestamp":"2024-10-12T11:42:40.246Z"}
{"level":"info","message":"⌛ Building environment","timeElapsed":150,"timestamp":"2024-10-12T11:42:40.396Z"}
{"level":"info","message":"⌛ Validating objetos.wlk","timeElapsed":199,"timestamp":"2024-10-12T11:42:40.596Z"}
{"level":"info","message":"⌛ Building environment","timeElapsed":154,"timestamp":"2024-10-12T11:42:40.751Z"}
{"level":"info","message":"⌛ Validating objetos.wlk","timeElapsed":203,"timestamp":"2024-10-12T11:42:40.955Z"}
{"level":"info","message":"⌛ Building environment","timeElapsed":210,"timestamp":"2024-10-12T11:42:41.166Z"}
{"level":"info","message":"⌛ Building environment","timeElapsed":205,"timestamp":"2024-10-12T11:42:41.376Z"}
{"level":"info","message":"⌛ Validating objetos.wlk","timeElapsed":251,"timestamp":"2024-10-12T11:42:41.633Z"}
{"level":"info","message":"⌛ Validating objetos.wlk","timeElapsed":214,"timestamp":"2024-10-12T11:42:41.857Z"}
{"level":"info","message":"⌛ Validating objetos.wlk","timeElapsed":194,"timestamp":"2024-10-12T11:42:42.052Z"}
{"level":"info","message":"⌛ Building environment","timeElapsed":297,"timestamp":"2024-10-12T11:44:55.902Z"}
{"level":"info","message":"⌛ Building environment","timeElapsed":207,"timestamp":"2024-10-12T11:44:56.195Z"}
{"level":"info","message":"⌛ Validating objetos.wlk","timeElapsed":214,"timestamp":"2024-10-12T11:44:56.409Z"}
{"level":"info","message":"onRequest - completionItem/resolve","timestamp":"2024-10-12T11:44:56.411Z"}
{"level":"info","message":"⌛ Building environment","timeElapsed":164,"timestamp":"2024-10-12T11:44:56.576Z"}
{"level":"info","message":"onRequest - completionItem/resolve","timestamp":"2024-10-12T11:44:56.577Z"}
{"level":"info","message":"⌛ Validating objetos.wlk","timeElapsed":277,"timestamp":"2024-10-12T11:44:56.855Z"}
{"level":"info","message":"⌛ Building environment","timeElapsed":165,"timestamp":"2024-10-12T11:44:57.021Z"}
{"level":"info","message":"onRequest - completionItem/resolve","timestamp":"2024-10-12T11:44:57.021Z"}
{"level":"info","message":"⌛ Building environment","timeElapsed":166,"timestamp":"2024-10-12T11:44:57.188Z"}
{"level":"info","message":"onRequest - completionItem/resolve","timestamp":"2024-10-12T11:44:57.190Z"}
{"level":"info","message":"⌛ Validating objetos.wlk","timeElapsed":245,"timestamp":"2024-10-12T11:44:57.436Z"}
{"level":"info","message":"⌛ Building environment","timeElapsed":187,"timestamp":"2024-10-12T11:44:57.623Z"}
{"level":"info","message":"onRequest - completionItem/resolve","timestamp":"2024-10-12T11:44:57.624Z"}
{"level":"info","message":"⌛ Building environment","timeElapsed":164,"timestamp":"2024-10-12T11:44:57.789Z"}
{"level":"info","message":"⌛ Validating objetos.wlk","timeElapsed":245,"timestamp":"2024-10-12T11:44:58.036Z"}
{"level":"info","message":"⌛ Validating objetos.wlk","timeElapsed":197,"timestamp":"2024-10-12T11:44:58.242Z"}
{"level":"info","message":"⌛ Building environment","timeElapsed":177,"timestamp":"2024-10-12T11:44:58.420Z"}
{"level":"info","message":"⌛ Validating objetos.wlk","timeElapsed":203,"timestamp":"2024-10-12T11:44:58.673Z"}
{"level":"info","message":"⌛ Validating objetos.wlk","timeElapsed":253,"timestamp":"2024-10-12T11:44:58.929Z"}
{"level":"info","message":"⌛ Building environment","timeElapsed":182,"timestamp":"2024-10-12T11:44:59.113Z"}
{"level":"info","message":"⌛ Building environment","timeElapsed":146,"timestamp":"2024-10-12T11:44:59.260Z"}
{"level":"info","message":"⌛ Validating objetos.wlk","timeElapsed":234,"timestamp":"2024-10-12T11:44:59.546Z"}
{"level":"info","message":"⌛ Building environment","timeElapsed":184,"timestamp":"2024-10-12T11:44:59.731Z"}
{"level":"info","message":"⌛ Building environment","timeElapsed":150,"timestamp":"2024-10-12T11:44:59.882Z"}
{"level":"info","message":"⌛ Building environment","timeElapsed":272,"timestamp":"2024-10-12T11:45:00.234Z"}
{"level":"info","message":"⌛ Building environment","timeElapsed":161,"timestamp":"2024-10-12T11:45:00.410Z"}
{"level":"info","message":"⌛ Validating objetos.wlk","timeElapsed":243,"timestamp":"2024-10-12T11:45:00.653Z"}
{"level":"info","message":"⌛ Validating objetos.wlk","timeElapsed":236,"timestamp":"2024-10-12T11:45:00.936Z"}
{"level":"info","message":"⌛ Building environment","timeElapsed":190,"timestamp":"2024-10-12T11:45:01.128Z"}
{"level":"info","message":"⌛ Building environment","timeElapsed":154,"timestamp":"2024-10-12T11:45:01.284Z"}
{"level":"info","message":"⌛ Validating objetos.wlk","timeElapsed":191,"timestamp":"2024-10-12T11:45:01.475Z"}
{"level":"info","message":"⌛ Validating objetos.wlk","timeElapsed":259,"timestamp":"2024-10-12T11:45:01.736Z"}
{"level":"info","message":"⌛ Building environment","timeElapsed":176,"timestamp":"2024-10-12T11:45:01.912Z"}
{"level":"info","message":"⌛ Building environment","timeElapsed":158,"timestamp":"2024-10-12T11:45:02.072Z"}
{"level":"info","message":"⌛ Validating objetos.wlk","timeElapsed":179,"timestamp":"2024-10-12T11:45:02.288Z"}
{"level":"info","message":"⌛ Validating objetos.wlk","timeElapsed":245,"timestamp":"2024-10-12T11:45:02.536Z"}
{"level":"info","message":"⌛ Building environment","timeElapsed":191,"timestamp":"2024-10-12T11:45:02.727Z"}
{"level":"info","message":"⌛ Building environment","timeElapsed":137,"timestamp":"2024-10-12T11:45:02.901Z"}
{"level":"info","message":"⌛ Building environment","timeElapsed":154,"timestamp":"2024-10-12T11:45:03.113Z"}
{"level":"info","message":"⌛ Autocomplete - Package","timeElapsed":105,"timestamp":"2024-10-12T11:45:03.220Z"}
{"level":"info","message":"⌛ Building environment","timeElapsed":247,"timestamp":"2024-10-12T11:45:03.468Z"}
{"level":"info","message":"⌛ Validating objetos.wlk","timeElapsed":215,"timestamp":"2024-10-12T11:45:03.733Z"}
{"level":"info","message":"⌛ Validating objetos.wlk","timeElapsed":203,"timestamp":"2024-10-12T11:45:03.936Z"}
{"level":"info","message":"⌛ Validating objetos.wlk","timeElapsed":230,"timestamp":"2024-10-12T11:45:04.169Z"}
{"level":"info","message":"⌛ Validating objetos.wlk","timeElapsed":189,"timestamp":"2024-10-12T11:45:04.358Z"}
{"level":"info","message":"⌛ Validating objetos.wlk","timeElapsed":230,"timestamp":"2024-10-12T11:45:04.589Z"}
{"level":"info","message":"⌛ Validating objetos.wlk","timeElapsed":197,"timestamp":"2024-10-12T11:45:04.789Z"}
{"level":"info","message":"⌛ Building environment","timeElapsed":173,"timestamp":"2024-10-12T11:45:04.963Z"}
{"level":"info","message":"⌛ Building environment","timeElapsed":162,"timestamp":"2024-10-12T11:45:05.125Z"}
{"level":"info","message":"⌛ Validating objetos.wlk","timeElapsed":244,"timestamp":"2024-10-12T11:45:05.370Z"}
{"level":"info","message":"⌛ Building environment","timeElapsed":168,"timestamp":"2024-10-12T11:45:05.541Z"}
{"level":"info","message":"⌛ Building environment","timeElapsed":135,"timestamp":"2024-10-12T11:45:05.681Z"}
{"level":"info","message":"⌛ Validating objetos.wlk","timeElapsed":180,"timestamp":"2024-10-12T11:45:05.868Z"}
{"level":"info","message":"⌛ Building environment","timeElapsed":255,"timestamp":"2024-10-12T11:45:06.125Z"}
{"level":"info","message":"⌛ Building environment","timeElapsed":161,"timestamp":"2024-10-12T11:45:06.292Z"}
{"level":"info","message":"⌛ Building environment","timeElapsed":137,"timestamp":"2024-10-12T11:45:06.467Z"}
{"level":"info","message":"⌛ Building environment","timeElapsed":260,"timestamp":"2024-10-12T11:45:06.727Z"}
{"level":"info","message":"⌛ Building environment","timeElapsed":159,"timestamp":"2024-10-12T11:45:06.887Z"}
{"level":"info","message":"⌛ Building environment","timeElapsed":177,"timestamp":"2024-10-12T11:45:07.065Z"}
{"level":"info","message":"⌛ Validating objetos.wlk","timeElapsed":206,"timestamp":"2024-10-12T11:45:07.277Z"}
{"level":"info","message":"⌛ Building environment","timeElapsed":140,"timestamp":"2024-10-12T11:45:07.418Z"}
{"level":"info","message":"⌛ Validating objetos.wlk","timeElapsed":291,"timestamp":"2024-10-12T11:45:07.716Z"}
{"level":"info","message":"⌛ Validating objetos.wlk","timeElapsed":199,"timestamp":"2024-10-12T11:45:07.922Z"}
{"level":"info","message":"⌛ Validating objetos.wlk","timeElapsed":196,"timestamp":"2024-10-12T11:45:08.119Z"}
{"level":"info","message":"⌛ Validating objetos.wlk","timeElapsed":274,"timestamp":"2024-10-12T11:45:08.395Z"}
{"level":"info","message":"⌛ Validating objetos.wlk","timeElapsed":193,"timestamp":"2024-10-12T11:45:08.588Z"}
{"level":"info","message":"⌛ Validating objetos.wlk","timeElapsed":183,"timestamp":"2024-10-12T11:45:08.772Z"}
{"level":"info","message":"⌛ Validating objetos.wlk","timeElapsed":215,"timestamp":"2024-10-12T11:45:08.988Z"}
{"level":"info","message":"⌛ Validating objetos.wlk","timeElapsed":247,"timestamp":"2024-10-12T11:45:09.237Z"}
{"level":"info","message":"⌛ Validating objetos.wlk","timeElapsed":193,"timestamp":"2024-10-12T11:45:09.431Z"}
{"level":"info","message":"⌛ Validating objetos.wlk","timeElapsed":178,"timestamp":"2024-10-12T11:45:09.610Z"}
{"level":"info","message":"⌛ Building environment","timeElapsed":181,"timestamp":"2024-10-12T11:45:09.792Z"}
{"level":"info","message":"⌛ Building environment","timeElapsed":192,"timestamp":"2024-10-12T11:45:09.986Z"}
{"level":"info","message":"⌛ Building environment","timeElapsed":164,"timestamp":"2024-10-12T11:45:10.206Z"}
{"level":"info","message":"⌛ Building environment","timeElapsed":227,"timestamp":"2024-10-12T11:45:10.434Z"}
{"level":"info","message":"⌛ Building environment","timeElapsed":176,"timestamp":"2024-10-12T11:45:10.621Z"}
{"level":"info","message":"⌛ Building environment","timeElapsed":137,"timestamp":"2024-10-12T11:45:10.771Z"}
{"level":"info","message":"⌛ Building environment","timeElapsed":255,"timestamp":"2024-10-12T11:45:11.028Z"}
{"level":"info","message":"⌛ Building environment","timeElapsed":188,"timestamp":"2024-10-12T11:45:11.216Z"}
{"level":"info","message":"⌛ Validating objetos.wlk","timeElapsed":220,"timestamp":"2024-10-12T11:45:11.442Z"}
{"level":"info","message":"⌛ Validating objetos.wlk","timeElapsed":205,"timestamp":"2024-10-12T11:45:11.649Z"}
{"level":"info","message":"⌛ Building environment","timeElapsed":296,"timestamp":"2024-10-12T11:45:11.949Z"}
{"level":"info","message":"⌛ Building environment","timeElapsed":155,"timestamp":"2024-10-12T11:45:12.107Z"}
{"level":"info","message":"⌛ Validating objetos.wlk","timeElapsed":222,"timestamp":"2024-10-12T11:45:12.329Z"}
{"level":"info","message":"⌛ Building environment","timeElapsed":138,"timestamp":"2024-10-12T11:45:12.468Z"}
{"level":"info","message":"⌛ Validating objetos.wlk","timeElapsed":183,"timestamp":"2024-10-12T11:45:12.656Z"}
{"level":"info","message":"⌛ Building environment","timeElapsed":305,"timestamp":"2024-10-12T11:45:12.963Z"}
{"level":"info","message":"⌛ Building environment","timeElapsed":142,"timestamp":"2024-10-12T11:45:13.106Z"}
{"level":"info","message":"⌛ Validating objetos.wlk","timeElapsed":221,"timestamp":"2024-10-12T11:45:13.328Z"}
{"level":"info","message":"⌛ Validating objetos.wlk","timeElapsed":187,"timestamp":"2024-10-12T11:45:13.516Z"}
{"level":"info","message":"⌛ Building environment","timeElapsed":147,"timestamp":"2024-10-12T11:45:13.663Z"}
{"level":"info","message":"⌛ Validating objetos.wlk","timeElapsed":348,"timestamp":"2024-10-12T11:45:14.013Z"}
{"level":"info","message":"⌛ Building environment","timeElapsed":203,"timestamp":"2024-10-12T11:45:14.217Z"}
{"level":"info","message":"⌛ Validating objetos.wlk","timeElapsed":186,"timestamp":"2024-10-12T11:45:14.404Z"}
{"level":"info","message":"⌛ Building environment","timeElapsed":147,"timestamp":"2024-10-12T11:45:14.552Z"}
{"level":"info","message":"⌛ Building environment","timeElapsed":143,"timestamp":"2024-10-12T11:45:14.696Z"}
{"level":"info","message":"⌛ Building environment","timeElapsed":338,"timestamp":"2024-10-12T11:45:15.036Z"}
{"level":"info","message":"⌛ Building environment","timeElapsed":168,"timestamp":"2024-10-12T11:45:15.204Z"}
{"level":"info","message":"⌛ Validating objetos.wlk","timeElapsed":230,"timestamp":"2024-10-12T11:45:15.435Z"}
{"level":"info","message":"⌛ Validating objetos.wlk","timeElapsed":220,"timestamp":"2024-10-12T11:45:15.655Z"}
{"level":"info","message":"⌛ Validating objetos.wlk","timeElapsed":212,"timestamp":"2024-10-12T11:45:15.874Z"}
{"level":"info","message":"⌛ Validating objetos.wlk","timeElapsed":216,"timestamp":"2024-10-12T11:45:16.092Z"}
{"level":"info","message":"⌛ Validating objetos.wlk","timeElapsed":283,"timestamp":"2024-10-12T11:45:16.378Z"}
{"level":"info","message":"⌛ Building environment","timeElapsed":197,"timestamp":"2024-10-12T11:45:16.576Z"}
{"level":"info","message":"⌛ Validating objetos.wlk","timeElapsed":199,"timestamp":"2024-10-12T11:45:16.775Z"}
{"level":"info","message":"⌛ Building environment","timeElapsed":182,"timestamp":"2024-10-12T11:45:16.958Z"}
{"level":"info","message":"⌛ Building environment","timeElapsed":155,"timestamp":"2024-10-12T11:45:17.113Z"}
{"level":"info","message":"⌛ Building environment","timeElapsed":326,"timestamp":"2024-10-12T11:45:17.440Z"}
{"level":"info","message":"⌛ Validating objetos.wlk","timeElapsed":223,"timestamp":"2024-10-12T11:45:17.674Z"}
{"level":"info","message":"⌛ Validating objetos.wlk","timeElapsed":182,"timestamp":"2024-10-12T11:45:17.867Z"}
{"level":"info","message":"⌛ Validating objetos.wlk","timeElapsed":183,"timestamp":"2024-10-12T11:45:18.050Z"}
{"level":"info","message":"⌛ Validating objetos.wlk","timeElapsed":183,"timestamp":"2024-10-12T11:45:18.235Z"}
{"level":"info","message":"⌛ Validating objetos.wlk","timeElapsed":191,"timestamp":"2024-10-12T11:45:18.426Z"}
{"level":"info","message":"⌛ Validating objetos.wlk","timeElapsed":251,"timestamp":"2024-10-12T11:45:18.679Z"}
{"level":"info","message":"⌛ Validating objetos.wlk","timeElapsed":233,"timestamp":"2024-10-12T11:45:18.915Z"}
{"level":"info","message":"⌛ Validating objetos.wlk","timeElapsed":201,"timestamp":"2024-10-12T11:45:19.117Z"}
{"level":"info","message":"⌛ Validating objetos.wlk","timeElapsed":194,"timestamp":"2024-10-12T11:45:19.312Z"}
{"level":"info","message":"⌛ Building environment","timeElapsed":184,"timestamp":"2024-10-12T11:45:19.497Z"}
{"level":"info","message":"⌛ Building environment","timeElapsed":219,"timestamp":"2024-10-12T11:45:19.718Z"}
{"level":"info","message":"⌛ Building environment","timeElapsed":158,"timestamp":"2024-10-12T11:45:19.897Z"}
{"level":"info","message":"⌛ Building environment","timeElapsed":156,"timestamp":"2024-10-12T11:45:20.060Z"}
{"level":"info","message":"⌛ Building environment","timeElapsed":238,"timestamp":"2024-10-12T11:45:20.305Z"}
{"level":"info","message":"⌛ Building environment","timeElapsed":152,"timestamp":"2024-10-12T11:45:20.459Z"}
{"level":"info","message":"⌛ Validating objetos.wlk","timeElapsed":219,"timestamp":"2024-10-12T11:45:20.678Z"}
{"level":"info","message":"⌛ Building environment","timeElapsed":298,"timestamp":"2024-10-12T11:45:20.978Z"}
{"level":"info","message":"⌛ Validating objetos.wlk","timeElapsed":231,"timestamp":"2024-10-12T11:45:21.210Z"}
{"level":"info","message":"⌛ Building environment","timeElapsed":155,"timestamp":"2024-10-12T11:45:21.367Z"}
{"level":"info","message":"⌛ Validating objetos.wlk","timeElapsed":211,"timestamp":"2024-10-12T11:45:21.578Z"}
{"level":"info","message":"⌛ Building environment","timeElapsed":275,"timestamp":"2024-10-12T11:45:21.854Z"}
{"level":"info","message":"⌛ Validating objetos.wlk","timeElapsed":230,"timestamp":"2024-10-12T11:45:22.086Z"}
{"level":"info","message":"⌛ Validating objetos.wlk","timeElapsed":191,"timestamp":"2024-10-12T11:45:22.285Z"}
{"level":"info","message":"⌛ Building environment","timeElapsed":150,"timestamp":"2024-10-12T11:45:22.436Z"}
{"level":"info","message":"⌛ Validating objetos.wlk","timeElapsed":209,"timestamp":"2024-10-12T11:45:22.650Z"}
{"level":"info","message":"⌛ Building environment","timeElapsed":200,"timestamp":"2024-10-12T11:45:22.951Z"}
{"level":"info","message":"⌛ Building environment","timeElapsed":153,"timestamp":"2024-10-12T11:45:23.116Z"}
{"level":"info","message":"⌛ Building environment","timeElapsed":145,"timestamp":"2024-10-12T11:45:23.266Z"}
{"level":"info","message":"⌛ Validating objetos.wlk","timeElapsed":215,"timestamp":"2024-10-12T11:45:23.487Z"}
{"level":"info","message":"⌛ Building environment","timeElapsed":284,"timestamp":"2024-10-12T11:45:23.776Z"}
{"level":"info","message":"⌛ Building environment","timeElapsed":160,"timestamp":"2024-10-12T11:45:23.937Z"}
{"level":"info","message":"⌛ Validating objetos.wlk","timeElapsed":245,"timestamp":"2024-10-12T11:45:24.183Z"}
{"level":"info","message":"⌛ Building environment","timeElapsed":153,"timestamp":"2024-10-12T11:45:24.337Z"}
{"level":"info","message":"⌛ Building environment","timeElapsed":136,"timestamp":"2024-10-12T11:45:24.483Z"}
{"level":"info","message":"⌛ Validating objetos.wlk","timeElapsed":279,"timestamp":"2024-10-12T11:45:24.769Z"}
{"level":"info","message":"⌛ Validating objetos.wlk","timeElapsed":279,"timestamp":"2024-10-12T11:45:25.059Z"}
{"level":"info","message":"⌛ Building environment","timeElapsed":233,"timestamp":"2024-10-12T11:45:25.293Z"}
{"level":"info","message":"⌛ Building environment","timeElapsed":171,"timestamp":"2024-10-12T11:45:25.465Z"}
{"level":"info","message":"⌛ Building environment","timeElapsed":163,"timestamp":"2024-10-12T11:45:25.629Z"}
{"level":"info","message":"⌛ Building environment","timeElapsed":164,"timestamp":"2024-10-12T11:45:25.829Z"}
{"level":"info","message":"⌛ Validating objetos.wlk","timeElapsed":311,"timestamp":"2024-10-12T11:45:26.141Z"}
{"level":"info","message":"⌛ Validating objetos.wlk","timeElapsed":212,"timestamp":"2024-10-12T11:45:26.354Z"}
{"level":"info","message":"⌛ Validating objetos.wlk","timeElapsed":257,"timestamp":"2024-10-12T11:45:26.612Z"}
{"level":"info","message":"⌛ Validating objetos.wlk","timeElapsed":186,"timestamp":"2024-10-12T11:45:26.806Z"}
{"level":"info","message":"⌛ Validating objetos.wlk","timeElapsed":206,"timestamp":"2024-10-12T11:45:27.012Z"}
{"level":"info","message":"⌛ Building environment","timeElapsed":227,"timestamp":"2024-10-12T11:45:27.240Z"}
{"level":"info","message":"⌛ Building environment","timeElapsed":136,"timestamp":"2024-10-12T11:45:27.377Z"}
{"level":"info","message":"⌛ Building environment","timeElapsed":306,"timestamp":"2024-10-12T11:45:27.684Z"}
{"level":"info","message":"⌛ Validating objetos.wlk","timeElapsed":202,"timestamp":"2024-10-12T11:45:27.894Z"}
{"level":"info","message":"⌛ Validating objetos.wlk","timeElapsed":190,"timestamp":"2024-10-12T11:45:28.086Z"}
{"level":"info","message":"⌛ Validating objetos.wlk","timeElapsed":179,"timestamp":"2024-10-12T11:45:28.271Z"}
{"level":"info","message":"⌛ Validating objetos.wlk","timeElapsed":177,"timestamp":"2024-10-12T11:45:28.448Z"}
{"level":"info","message":"⌛ Validating objetos.wlk","timeElapsed":180,"timestamp":"2024-10-12T11:45:28.628Z"}
{"level":"info","message":"⌛ Validating objetos.wlk","timeElapsed":241,"timestamp":"2024-10-12T11:45:28.870Z"}
{"level":"info","message":"⌛ Validating objetos.wlk","timeElapsed":182,"timestamp":"2024-10-12T11:45:29.053Z"}
{"level":"info","message":"⌛ Validating objetos.wlk","timeElapsed":202,"timestamp":"2024-10-12T11:45:29.255Z"}
{"level":"info","message":"⌛ Validating objetos.wlk","timeElapsed":257,"timestamp":"2024-10-12T11:45:29.512Z"}
{"level":"info","message":"⌛ Building environment","timeElapsed":200,"timestamp":"2024-10-12T11:45:38.413Z"}
{"level":"info","message":"⌛ Building environment","timeElapsed":204,"timestamp":"2024-10-12T11:45:38.702Z"}
{"level":"info","message":"⌛ Validating objetos.wlk","timeElapsed":220,"timestamp":"2024-10-12T11:45:38.924Z"}
{"level":"info","message":"⌛ Building environment","timeElapsed":161,"timestamp":"2024-10-12T11:45:39.088Z"}
{"level":"info","message":"onRequest - completionItem/resolve","timestamp":"2024-10-12T11:45:39.089Z"}
{"level":"info","message":"⌛ Building environment","timeElapsed":279,"timestamp":"2024-10-12T11:45:39.368Z"}
{"level":"info","message":"onRequest - completionItem/resolve","timestamp":"2024-10-12T11:45:39.369Z"}
{"level":"info","message":"⌛ Validating objetos.wlk","timeElapsed":218,"timestamp":"2024-10-12T11:45:39.587Z"}
{"level":"info","message":"⌛ Building environment","timeElapsed":160,"timestamp":"2024-10-12T11:45:39.747Z"}
{"level":"info","message":"onRequest - completionItem/resolve","timestamp":"2024-10-12T11:45:39.749Z"}
{"level":"info","message":"⌛ Validating objetos.wlk","timeElapsed":224,"timestamp":"2024-10-12T11:45:40.019Z"}
{"level":"info","message":"⌛ Building environment","timeElapsed":174,"timestamp":"2024-10-12T11:45:40.194Z"}
{"level":"info","message":"onRequest - completionItem/resolve","timestamp":"2024-10-12T11:45:40.195Z"}
{"level":"info","message":"⌛ Validating objetos.wlk","timeElapsed":216,"timestamp":"2024-10-12T11:45:40.411Z"}
{"level":"info","message":"⌛ Validating objetos.wlk","timeElapsed":179,"timestamp":"2024-10-12T11:45:40.598Z"}
{"level":"info","message":"⌛ Validating objetos.wlk","timeElapsed":217,"timestamp":"2024-10-12T11:45:40.817Z"}
{"level":"info","message":"⌛ Building environment","timeElapsed":221,"timestamp":"2024-10-12T11:45:41.860Z"}
{"level":"info","message":"onRequest - completionItem/resolve","timestamp":"2024-10-12T11:45:41.861Z"}
{"level":"info","message":"⌛ Building environment","timeElapsed":173,"timestamp":"2024-10-12T11:45:42.036Z"}
{"level":"info","message":"onRequest - completionItem/resolve","timestamp":"2024-10-12T11:45:42.038Z"}
{"level":"info","message":"⌛ Validating objetos.wlk","timeElapsed":230,"timestamp":"2024-10-12T11:45:42.268Z"}
{"level":"info","message":"⌛ Building environment","timeElapsed":175,"timestamp":"2024-10-12T11:45:42.443Z"}
{"level":"error","message":"✘ Completions for node failed: Error: objetos.mercadoAdmin.ter [Field]{aaf673} at objetos.wlk:108 exhausted all cases without a match objetos.mercadoAdmin.ter [Field]{aaf673} at objetos.wlk:108 exhausted all cases without a match","stack":"Error: objetos.mercadoAdmin.ter [Field]{aaf673} at objetos.wlk:108 exhausted all cases without a match\n    at /home/felipe/.vscode/extensions/uqbar.wollok-lsp-ide-0.3.6/out/server/src/server.js:38:6067\n    at yh (/home/felipe/.vscode/extensions/uqbar.wollok-lsp-ide-0.3.6/out/server/src/server.js:2291:42)\n    at /home/felipe/.vscode/extensions/uqbar.wollok-lsp-ide-0.3.6/out/server/src/server.js:2291:2700\n    at /home/felipe/.vscode/extensions/uqbar.wollok-lsp-ide-0.3.6/out/server/src/server.js:2298:3774\n    at /home/felipe/.vscode/extensions/uqbar.wollok-lsp-ide-0.3.6/out/server/src/server.js:37:74872\n    at Fe (/home/felipe/.vscode/extensions/uqbar.wollok-lsp-ide-0.3.6/out/server/src/server.js:7:8527)\n    at Pt (/home/felipe/.vscode/extensions/uqbar.wollok-lsp-ide-0.3.6/out/server/src/server.js:7:6189)\n    at Gi (/home/felipe/.vscode/extensions/uqbar.wollok-lsp-ide-0.3.6/out/server/src/server.js:7:6378)\n    at Immediate._onImmediate (/home/felipe/.vscode/extensions/uqbar.wollok-lsp-ide-0.3.6/out/server/src/server.js:7:6142)\n    at process.processImmediate (node:internal/timers:483:21)","timestamp":"2024-10-12T11:45:42.480Z"}
{"level":"info","message":"⌛ Validating objetos.wlk","timeElapsed":187,"timestamp":"2024-10-12T11:45:42.671Z"}
{"level":"info","message":"⌛ Building environment","timeElapsed":206,"timestamp":"2024-10-12T11:45:42.878Z"}
{"level":"info","message":"⌛ Validating objetos.wlk","timeElapsed":233,"timestamp":"2024-10-12T11:45:43.112Z"}
{"level":"info","message":"⌛ Validating objetos.wlk","timeElapsed":208,"timestamp":"2024-10-12T11:45:43.330Z"}
{"level":"info","message":"⌛ Building environment","timeElapsed":207,"timestamp":"2024-10-12T11:45:43.729Z"}
{"level":"info","message":"⌛ Validating objetos.wlk","timeElapsed":226,"timestamp":"2024-10-12T11:45:43.957Z"}
{"level":"info","message":"⌛ Building environment","timeElapsed":223,"timestamp":"2024-10-12T11:45:44.180Z"}
{"level":"info","message":"⌛ Building environment","timeElapsed":203,"timestamp":"2024-10-12T11:45:44.433Z"}
{"level":"info","message":"⌛ Validating objetos.wlk","timeElapsed":228,"timestamp":"2024-10-12T11:45:44.661Z"}
{"level":"info","message":"⌛ Validating objetos.wlk","timeElapsed":203,"timestamp":"2024-10-12T11:45:44.873Z"}
{"level":"info","message":"⌛ Building environment","timeElapsed":161,"timestamp":"2024-10-12T11:45:45.034Z"}
{"level":"error","message":"✘ Completions for node failed: Error: objetos.mercadoAdmin.te [Field]{9d5e81} at objetos.wlk:108 exhausted all cases without a match objetos.mercadoAdmin.te [Field]{9d5e81} at objetos.wlk:108 exhausted all cases without a match","stack":"Error: objetos.mercadoAdmin.te [Field]{9d5e81} at objetos.wlk:108 exhausted all cases without a match\n    at /home/felipe/.vscode/extensions/uqbar.wollok-lsp-ide-0.3.6/out/server/src/server.js:38:6067\n    at yh (/home/felipe/.vscode/extensions/uqbar.wollok-lsp-ide-0.3.6/out/server/src/server.js:2291:42)\n    at /home/felipe/.vscode/extensions/uqbar.wollok-lsp-ide-0.3.6/out/server/src/server.js:2291:2700\n    at /home/felipe/.vscode/extensions/uqbar.wollok-lsp-ide-0.3.6/out/server/src/server.js:2298:3774\n    at /home/felipe/.vscode/extensions/uqbar.wollok-lsp-ide-0.3.6/out/server/src/server.js:37:74872\n    at Fe (/home/felipe/.vscode/extensions/uqbar.wollok-lsp-ide-0.3.6/out/server/src/server.js:7:8527)\n    at Pt (/home/felipe/.vscode/extensions/uqbar.wollok-lsp-ide-0.3.6/out/server/src/server.js:7:6189)\n    at Gi (/home/felipe/.vscode/extensions/uqbar.wollok-lsp-ide-0.3.6/out/server/src/server.js:7:6378)\n    at Immediate._onImmediate (/home/felipe/.vscode/extensions/uqbar.wollok-lsp-ide-0.3.6/out/server/src/server.js:7:6142)\n    at process.processImmediate (node:internal/timers:483:21)","timestamp":"2024-10-12T11:45:45.118Z"}
{"level":"info","message":"⌛ Building environment","timeElapsed":214,"timestamp":"2024-10-12T11:45:45.334Z"}
{"level":"info","message":"⌛ Building environment","timeElapsed":151,"timestamp":"2024-10-12T11:45:45.485Z"}
{"level":"info","message":"⌛ Validating objetos.wlk","timeElapsed":233,"timestamp":"2024-10-12T11:45:45.723Z"}
{"level":"info","message":"⌛ Building environment","timeElapsed":236,"timestamp":"2024-10-12T11:45:45.963Z"}
{"level":"info","message":"⌛ Building environment","timeElapsed":169,"timestamp":"2024-10-12T11:45:46.132Z"}
{"level":"error","message":"✘ Completions for node failed: Error: objetos.mercadoAdmin.terren [Field]{3af32b} at objetos.wlk:108 exhausted all cases without a match objetos.mercadoAdmin.terren [Field]{3af32b} at objetos.wlk:108 exhausted all cases without a match","stack":"Error: objetos.mercadoAdmin.terren [Field]{3af32b} at objetos.wlk:108 exhausted all cases without a match\n    at /home/felipe/.vscode/extensions/uqbar.wollok-lsp-ide-0.3.6/out/server/src/server.js:38:6067\n    at yh (/home/felipe/.vscode/extensions/uqbar.wollok-lsp-ide-0.3.6/out/server/src/server.js:2291:42)\n    at /home/felipe/.vscode/extensions/uqbar.wollok-lsp-ide-0.3.6/out/server/src/server.js:2291:2700\n    at /home/felipe/.vscode/extensions/uqbar.wollok-lsp-ide-0.3.6/out/server/src/server.js:2298:3774\n    at /home/felipe/.vscode/extensions/uqbar.wollok-lsp-ide-0.3.6/out/server/src/server.js:37:74872\n    at Fe (/home/felipe/.vscode/extensions/uqbar.wollok-lsp-ide-0.3.6/out/server/src/server.js:7:8527)\n    at Pt (/home/felipe/.vscode/extensions/uqbar.wollok-lsp-ide-0.3.6/out/server/src/server.js:7:6189)\n    at Gi (/home/felipe/.vscode/extensions/uqbar.wollok-lsp-ide-0.3.6/out/server/src/server.js:7:6378)\n    at Immediate._onImmediate (/home/felipe/.vscode/extensions/uqbar.wollok-lsp-ide-0.3.6/out/server/src/server.js:7:6142)\n    at process.processImmediate (node:internal/timers:483:21)","timestamp":"2024-10-12T11:45:46.171Z"}
{"level":"info","message":"⌛ Building environment","timeElapsed":165,"timestamp":"2024-10-12T11:45:46.337Z"}
{"level":"info","message":"⌛ Validating objetos.wlk","timeElapsed":292,"timestamp":"2024-10-12T11:45:46.630Z"}
{"level":"info","message":"⌛ Validating objetos.wlk","timeElapsed":198,"timestamp":"2024-10-12T11:45:46.829Z"}
{"level":"info","message":"⌛ Building environment","timeElapsed":163,"timestamp":"2024-10-12T11:45:47.003Z"}
{"level":"info","message":"⌛ Validating objetos.wlk","timeElapsed":200,"timestamp":"2024-10-12T11:45:47.221Z"}
{"level":"info","message":"⌛ Building environment","timeElapsed":149,"timestamp":"2024-10-12T11:45:47.371Z"}
{"level":"info","message":"⌛ Validating objetos.wlk","timeElapsed":267,"timestamp":"2024-10-12T11:45:47.640Z"}
{"level":"info","message":"⌛ Building environment","timeElapsed":172,"timestamp":"2024-10-12T11:45:47.813Z"}
{"level":"info","message":"⌛ Validating objetos.wlk","timeElapsed":178,"timestamp":"2024-10-12T11:45:47.997Z"}
{"level":"info","message":"⌛ Building environment","timeElapsed":165,"timestamp":"2024-10-12T11:45:48.169Z"}
{"level":"error","message":"✘ Completions for node failed: Error: objetos.mercadoAdmin.terreno [Field]{8b1e2b} at objetos.wlk:108 exhausted all cases without a match objetos.mercadoAdmin.terreno [Field]{8b1e2b} at objetos.wlk:108 exhausted all cases without a match","stack":"Error: objetos.mercadoAdmin.terreno [Field]{8b1e2b} at objetos.wlk:108 exhausted all cases without a match\n    at /home/felipe/.vscode/extensions/uqbar.wollok-lsp-ide-0.3.6/out/server/src/server.js:38:6067\n    at yh (/home/felipe/.vscode/extensions/uqbar.wollok-lsp-ide-0.3.6/out/server/src/server.js:2291:42)\n    at kh (/home/felipe/.vscode/extensions/uqbar.wollok-lsp-ide-0.3.6/out/server/src/server.js:2291:1004)\n    at Y5n (/home/felipe/.vscode/extensions/uqbar.wollok-lsp-ide-0.3.6/out/server/src/server.js:2291:1160)\n    at /home/felipe/.vscode/extensions/uqbar.wollok-lsp-ide-0.3.6/out/server/src/server.js:38:6056\n    at yh (/home/felipe/.vscode/extensions/uqbar.wollok-lsp-ide-0.3.6/out/server/src/server.js:2291:42)\n    at /home/felipe/.vscode/extensions/uqbar.wollok-lsp-ide-0.3.6/out/server/src/server.js:2291:2700\n    at /home/felipe/.vscode/extensions/uqbar.wollok-lsp-ide-0.3.6/out/server/src/server.js:2298:3774\n    at /home/felipe/.vscode/extensions/uqbar.wollok-lsp-ide-0.3.6/out/server/src/server.js:37:74872\n    at Fe (/home/felipe/.vscode/extensions/uqbar.wollok-lsp-ide-0.3.6/out/server/src/server.js:7:8527)","timestamp":"2024-10-12T11:45:48.272Z"}
{"level":"info","message":"⌛ Building environment","timeElapsed":185,"timestamp":"2024-10-12T11:45:48.457Z"}
{"level":"info","message":"⌛ Building environment","timeElapsed":144,"timestamp":"2024-10-12T11:45:48.607Z"}
{"level":"info","message":"⌛ Validating objetos.wlk","timeElapsed":202,"timestamp":"2024-10-12T11:45:48.816Z"}
{"level":"info","message":"⌛ Building environment","timeElapsed":260,"timestamp":"2024-10-12T11:45:49.078Z"}
{"level":"info","message":"⌛ Building environment","timeElapsed":173,"timestamp":"2024-10-12T11:45:49.253Z"}
{"level":"info","message":"⌛ Validating objetos.wlk","timeElapsed":215,"timestamp":"2024-10-12T11:45:49.469Z"}
{"level":"info","message":"⌛ Building environment","timeElapsed":147,"timestamp":"2024-10-12T11:45:49.616Z"}
{"level":"info","message":"⌛ Building environment","timeElapsed":287,"timestamp":"2024-10-12T11:45:49.905Z"}
{"level":"info","message":"⌛ Validating objetos.wlk","timeElapsed":199,"timestamp":"2024-10-12T11:45:50.113Z"}
{"level":"info","message":"⌛ Validating objetos.wlk","timeElapsed":191,"timestamp":"2024-10-12T11:45:50.305Z"}
{"level":"info","message":"⌛ Building environment","timeElapsed":149,"timestamp":"2024-10-12T11:45:50.455Z"}
{"level":"info","message":"⌛ Validating objetos.wlk","timeElapsed":200,"timestamp":"2024-10-12T11:45:50.655Z"}
{"level":"info","message":"⌛ Validating objetos.wlk","timeElapsed":262,"timestamp":"2024-10-12T11:45:50.918Z"}
{"level":"info","message":"⌛ Validating objetos.wlk","timeElapsed":196,"timestamp":"2024-10-12T11:45:51.120Z"}
{"level":"info","message":"⌛ Validating objetos.wlk","timeElapsed":198,"timestamp":"2024-10-12T11:45:51.318Z"}
{"level":"info","message":"⌛ Validating objetos.wlk","timeElapsed":258,"timestamp":"2024-10-12T11:45:51.577Z"}
{"level":"info","message":"⌛ Validating objetos.wlk","timeElapsed":211,"timestamp":"2024-10-12T11:45:51.788Z"}
{"level":"info","message":"⌛ Validating objetos.wlk","timeElapsed":234,"timestamp":"2024-10-12T11:45:52.025Z"}
{"level":"info","message":"⌛ Building environment","timeElapsed":198,"timestamp":"2024-10-12T11:45:53.026Z"}
{"level":"info","message":"⌛ Building environment","timeElapsed":164,"timestamp":"2024-10-12T11:45:53.192Z"}
{"level":"info","message":"⌛ Validating objetos.wlk","timeElapsed":224,"timestamp":"2024-10-12T11:45:53.418Z"}
{"level":"info","message":"⌛ Validating objetos.wlk","timeElapsed":183,"timestamp":"2024-10-12T11:45:53.601Z"}
{"level":"info","message":"⌛ Building environment","timeElapsed":195,"timestamp":"2024-10-12T11:46:01.107Z"}
{"level":"info","message":"⌛ Building environment","timeElapsed":238,"timestamp":"2024-10-12T11:46:01.382Z"}
{"level":"info","message":"⌛ Validating objetos.wlk","timeElapsed":234,"timestamp":"2024-10-12T11:46:01.617Z"}
{"level":"info","message":"⌛ Building environment","timeElapsed":166,"timestamp":"2024-10-12T11:46:01.784Z"}
{"level":"info","message":"⌛ Autocomplete - Singleton","timeElapsed":101,"timestamp":"2024-10-12T11:46:01.889Z"}
{"level":"info","message":"⌛ Building environment","timeElapsed":185,"timestamp":"2024-10-12T11:46:02.076Z"}
{"level":"info","message":"⌛ Validating objetos.wlk","timeElapsed":227,"timestamp":"2024-10-12T11:46:02.313Z"}
{"level":"info","message":"⌛ Building environment","timeElapsed":171,"timestamp":"2024-10-12T11:46:02.486Z"}
{"level":"info","message":"⌛ Validating objetos.wlk","timeElapsed":264,"timestamp":"2024-10-12T11:46:02.755Z"}
{"level":"info","message":"⌛ Building environment","timeElapsed":180,"timestamp":"2024-10-12T11:46:02.935Z"}
{"level":"info","message":"⌛ Building environment","timeElapsed":162,"timestamp":"2024-10-12T11:46:03.099Z"}
{"level":"info","message":"⌛ Building environment","timeElapsed":286,"timestamp":"2024-10-12T11:46:03.393Z"}
{"level":"info","message":"⌛ Validating objetos.wlk","timeElapsed":230,"timestamp":"2024-10-12T11:46:03.624Z"}
{"level":"info","message":"⌛ Building environment","timeElapsed":146,"timestamp":"2024-10-12T11:46:03.770Z"}
{"level":"info","message":"⌛ Building environment","timeElapsed":141,"timestamp":"2024-10-12T11:46:03.912Z"}
{"level":"info","message":"⌛ Validating objetos.wlk","timeElapsed":267,"timestamp":"2024-10-12T11:46:04.180Z"}
{"level":"info","message":"⌛ Building environment","timeElapsed":181,"timestamp":"2024-10-12T11:46:04.362Z"}
{"level":"info","message":"⌛ Building environment","timeElapsed":157,"timestamp":"2024-10-12T11:46:04.558Z"}
{"level":"info","message":"⌛ Validating objetos.wlk","timeElapsed":219,"timestamp":"2024-10-12T11:46:04.778Z"}
{"level":"info","message":"⌛ Building environment","timeElapsed":193,"timestamp":"2024-10-12T11:46:04.972Z"}
{"level":"info","message":"⌛ Validating objetos.wlk","timeElapsed":284,"timestamp":"2024-10-12T11:46:05.258Z"}
{"level":"info","message":"⌛ Building environment","timeElapsed":195,"timestamp":"2024-10-12T11:46:05.453Z"}
{"level":"info","message":"⌛ Building environment","timeElapsed":148,"timestamp":"2024-10-12T11:46:05.603Z"}
{"level":"info","message":"⌛ Validating objetos.wlk","timeElapsed":192,"timestamp":"2024-10-12T11:46:05.796Z"}
{"level":"error","message":"✘ Failed to rebuild document Failed to parse objetos.wlk: \n-- PARSING FAILED --------------------------------------------------\n\n  109 | \n  110 | \tmethod\n> 111 | }\n      | ^\n\nExpected one of the following: \n\n'!=', '!==', '%', '&&', '*', '**', '+', '-', '->', '..', '..<', '/', '<', '<<', '<<<', '<=', '<=>', '<>', '==', '===', '>', '>..', '>=', '>>', '>>>', '?:', '@', 'and', 'class', 'const', 'describe', 'invert', 'mixin', 'negate', 'object', 'only', 'or', 'package', 'plus', 'program', 'test', 'var', '{', '||', EOF, comment, identifier, not \"}\", whitespace\n","stack":"Error: Failed to parse objetos.wlk: \n-- PARSING FAILED --------------------------------------------------\n\n  109 | \n  110 | \tmethod\n> 111 | }\n      | ^\n\nExpected one of the following: \n\n'!=', '!==', '%', '&&', '*', '**', '+', '-', '->', '..', '..<', '/', '<', '<<', '<<<', '<=', '<=>', '<>', '==', '===', '>', '>..', '>=', '>>', '>>>', '?:', '@', 'and', 'class', 'const', 'describe', 'invert', 'mixin', 'negate', 'object', 'only', 'or', 'package', 'plus', 'program', 'test', 'var', '{', '||', EOF, comment, identifier, not \"}\", whitespace\n\n    at /home/felipe/.vscode/extensions/uqbar.wollok-lsp-ide-0.3.6/out/server/src/server.js:2254:32415\n    at Array.map (<anonymous>)\n    at Jfn (/home/felipe/.vscode/extensions/uqbar.wollok-lsp-ide-0.3.6/out/server/src/server.js:2254:32339)\n    at k2.buildEnvironmentFrom (/home/felipe/.vscode/extensions/uqbar.wollok-lsp-ide-0.3.6/out/server/src/server.js:2285:6721)\n    at k2.updateEnvironmentWith (/home/felipe/.vscode/extensions/uqbar.wollok-lsp-ide-0.3.6/out/server/src/server.js:2285:6456)\n    at jL (/home/felipe/.vscode/extensions/uqbar.wollok-lsp-ide-0.3.6/out/server/src/server.js:2298:2292)\n    at v3.invoke (/home/felipe/.vscode/extensions/uqbar.wollok-lsp-ide-0.3.6/out/server/src/server.js:3:157200)\n    at o.fire (/home/felipe/.vscode/extensions/uqbar.wollok-lsp-ide-0.3.6/out/server/src/server.js:3:157970)\n    at /home/felipe/.vscode/extensions/uqbar.wollok-lsp-ide-0.3.6/out/server/src/server.js:37:57871\n    at Vr (/home/felipe/.vscode/extensions/uqbar.wollok-lsp-ide-0.3.6/out/server/src/server.js:8:1561)","timestamp":"2024-10-12T11:46:05.840Z"}
{"level":"info","message":"⌛ Validating objetos.wlk","timeElapsed":210,"timestamp":"2024-10-12T11:46:06.050Z"}
{"level":"info","message":"⌛ Validating objetos.wlk","timeElapsed":269,"timestamp":"2024-10-12T11:46:06.371Z"}
{"level":"info","message":"⌛ Building environment","timeElapsed":201,"timestamp":"2024-10-12T11:46:06.573Z"}
{"level":"info","message":"⌛ Validating objetos.wlk","timeElapsed":191,"timestamp":"2024-10-12T11:46:06.765Z"}
{"level":"info","message":"onRequest - completionItem/resolve","timestamp":"2024-10-12T11:46:06.765Z"}
{"level":"error","message":"✘ Failed to rebuild document Failed to parse objetos.wlk: \n-- PARSING FAILED --------------------------------------------------\n\n  109 | \n  110 | \tmethod\n> 111 | }\n      | ^\n\nExpected one of the following: \n\n'!=', '!==', '%', '&&', '*', '**', '+', '-', '->', '..', '..<', '/', '<', '<<', '<<<', '<=', '<=>', '<>', '==', '===', '>', '>..', '>=', '>>', '>>>', '?:', '@', 'and', 'class', 'const', 'describe', 'invert', 'mixin', 'negate', 'object', 'only', 'or', 'package', 'plus', 'program', 'test', 'var', '{', '||', EOF, comment, identifier, not \"}\", whitespace\n","stack":"Error: Failed to parse objetos.wlk: \n-- PARSING FAILED --------------------------------------------------\n\n  109 | \n  110 | \tmethod\n> 111 | }\n      | ^\n\nExpected one of the following: \n\n'!=', '!==', '%', '&&', '*', '**', '+', '-', '->', '..', '..<', '/', '<', '<<', '<<<', '<=', '<=>', '<>', '==', '===', '>', '>..', '>=', '>>', '>>>', '?:', '@', 'and', 'class', 'const', 'describe', 'invert', 'mixin', 'negate', 'object', 'only', 'or', 'package', 'plus', 'program', 'test', 'var', '{', '||', EOF, comment, identifier, not \"}\", whitespace\n\n    at /home/felipe/.vscode/extensions/uqbar.wollok-lsp-ide-0.3.6/out/server/src/server.js:2254:32415\n    at Array.map (<anonymous>)\n    at Jfn (/home/felipe/.vscode/extensions/uqbar.wollok-lsp-ide-0.3.6/out/server/src/server.js:2254:32339)\n    at k2.buildEnvironmentFrom (/home/felipe/.vscode/extensions/uqbar.wollok-lsp-ide-0.3.6/out/server/src/server.js:2285:6721)\n    at k2.updateEnvironmentWith (/home/felipe/.vscode/extensions/uqbar.wollok-lsp-ide-0.3.6/out/server/src/server.js:2285:6456)\n    at jL (/home/felipe/.vscode/extensions/uqbar.wollok-lsp-ide-0.3.6/out/server/src/server.js:2298:2292)\n    at v3.invoke (/home/felipe/.vscode/extensions/uqbar.wollok-lsp-ide-0.3.6/out/server/src/server.js:3:157200)\n    at o.fire (/home/felipe/.vscode/extensions/uqbar.wollok-lsp-ide-0.3.6/out/server/src/server.js:3:157970)\n    at /home/felipe/.vscode/extensions/uqbar.wollok-lsp-ide-0.3.6/out/server/src/server.js:37:57871\n    at Vr (/home/felipe/.vscode/extensions/uqbar.wollok-lsp-ide-0.3.6/out/server/src/server.js:8:1561)","timestamp":"2024-10-12T11:46:06.812Z"}
{"level":"info","message":"onRequest - completionItem/resolve","timestamp":"2024-10-12T11:46:06.813Z"}
{"level":"info","message":"⌛ Validating objetos.wlk","timeElapsed":220,"timestamp":"2024-10-12T11:46:07.034Z"}
{"level":"error","message":"✘ Failed to rebuild document Failed to parse objetos.wlk: \n-- PARSING FAILED --------------------------------------------------\n\n  109 | \n  110 | \tmethod \n> 111 | }\n      | ^\n\nExpected one of the following: \n\n'!=', '!==', '%', '&&', '*', '**', '+', '-', '->', '..', '..<', '/', '<', '<<', '<<<', '<=', '<=>', '<>', '==', '===', '>', '>..', '>=', '>>', '>>>', '?:', '@', 'and', 'class', 'const', 'describe', 'invert', 'mixin', 'negate', 'object', 'only', 'or', 'package', 'plus', 'program', 'test', 'var', '{', '||', EOF, comment, identifier, not \"}\", whitespace\n","stack":"Error: Failed to parse objetos.wlk: \n-- PARSING FAILED --------------------------------------------------\n\n  109 | \n  110 | \tmethod \n> 111 | }\n      | ^\n\nExpected one of the following: \n\n'!=', '!==', '%', '&&', '*', '**', '+', '-', '->', '..', '..<', '/', '<', '<<', '<<<', '<=', '<=>', '<>', '==', '===', '>', '>..', '>=', '>>', '>>>', '?:', '@', 'and', 'class', 'const', 'describe', 'invert', 'mixin', 'negate', 'object', 'only', 'or', 'package', 'plus', 'program', 'test', 'var', '{', '||', EOF, comment, identifier, not \"}\", whitespace\n\n    at /home/felipe/.vscode/extensions/uqbar.wollok-lsp-ide-0.3.6/out/server/src/server.js:2254:32415\n    at Array.map (<anonymous>)\n    at Jfn (/home/felipe/.vscode/extensions/uqbar.wollok-lsp-ide-0.3.6/out/server/src/server.js:2254:32339)\n    at k2.buildEnvironmentFrom (/home/felipe/.vscode/extensions/uqbar.wollok-lsp-ide-0.3.6/out/server/src/server.js:2285:6721)\n    at k2.updateEnvironmentWith (/home/felipe/.vscode/extensions/uqbar.wollok-lsp-ide-0.3.6/out/server/src/server.js:2285:6456)\n    at jL (/home/felipe/.vscode/extensions/uqbar.wollok-lsp-ide-0.3.6/out/server/src/server.js:2298:2292)\n    at v3.invoke (/home/felipe/.vscode/extensions/uqbar.wollok-lsp-ide-0.3.6/out/server/src/server.js:3:157200)\n    at o.fire (/home/felipe/.vscode/extensions/uqbar.wollok-lsp-ide-0.3.6/out/server/src/server.js:3:157970)\n    at /home/felipe/.vscode/extensions/uqbar.wollok-lsp-ide-0.3.6/out/server/src/server.js:37:57871\n    at Vr (/home/felipe/.vscode/extensions/uqbar.wollok-lsp-ide-0.3.6/out/server/src/server.js:8:1561)","timestamp":"2024-10-12T11:46:07.086Z"}
{"level":"info","message":"onRequest - completionItem/resolve","timestamp":"2024-10-12T11:46:07.086Z"}
{"level":"info","message":"⌛ Validating objetos.wlk","timeElapsed":215,"timestamp":"2024-10-12T11:46:07.301Z"}
{"level":"info","message":"⌛ Building environment","timeElapsed":264,"timestamp":"2024-10-12T11:46:07.570Z"}
{"level":"info","message":"onRequest - completionItem/resolve","timestamp":"2024-10-12T11:46:07.577Z"}
{"level":"info","message":"⌛ Validating objetos.wlk","timeElapsed":232,"timestamp":"2024-10-12T11:46:07.817Z"}
{"level":"error","message":"✘ Failed to rebuild document Failed to parse objetos.wlk: \n-- PARSING FAILED --------------------------------------------------\n\n  109 | \n  110 | \tmethod \n> 111 | }\n      | ^\n\nExpected one of the following: \n\n'!=', '!==', '%', '&&', '*', '**', '+', '-', '->', '..', '..<', '/', '<', '<<', '<<<', '<=', '<=>', '<>', '==', '===', '>', '>..', '>=', '>>', '>>>', '?:', '@', 'and', 'class', 'const', 'describe', 'invert', 'mixin', 'negate', 'object', 'only', 'or', 'package', 'plus', 'program', 'test', 'var', '{', '||', EOF, comment, identifier, not \"}\", whitespace\n","stack":"Error: Failed to parse objetos.wlk: \n-- PARSING FAILED --------------------------------------------------\n\n  109 | \n  110 | \tmethod \n> 111 | }\n      | ^\n\nExpected one of the following: \n\n'!=', '!==', '%', '&&', '*', '**', '+', '-', '->', '..', '..<', '/', '<', '<<', '<<<', '<=', '<=>', '<>', '==', '===', '>', '>..', '>=', '>>', '>>>', '?:', '@', 'and', 'class', 'const', 'describe', 'invert', 'mixin', 'negate', 'object', 'only', 'or', 'package', 'plus', 'program', 'test', 'var', '{', '||', EOF, comment, identifier, not \"}\", whitespace\n\n    at /home/felipe/.vscode/extensions/uqbar.wollok-lsp-ide-0.3.6/out/server/src/server.js:2254:32415\n    at Array.map (<anonymous>)\n    at Jfn (/home/felipe/.vscode/extensions/uqbar.wollok-lsp-ide-0.3.6/out/server/src/server.js:2254:32339)\n    at k2.buildEnvironmentFrom (/home/felipe/.vscode/extensions/uqbar.wollok-lsp-ide-0.3.6/out/server/src/server.js:2285:6721)\n    at k2.updateEnvironmentWith (/home/felipe/.vscode/extensions/uqbar.wollok-lsp-ide-0.3.6/out/server/src/server.js:2285:6456)\n    at jL (/home/felipe/.vscode/extensions/uqbar.wollok-lsp-ide-0.3.6/out/server/src/server.js:2298:2292)\n    at v3.invoke (/home/felipe/.vscode/extensions/uqbar.wollok-lsp-ide-0.3.6/out/server/src/server.js:3:157200)\n    at o.fire (/home/felipe/.vscode/extensions/uqbar.wollok-lsp-ide-0.3.6/out/server/src/server.js:3:157970)\n    at /home/felipe/.vscode/extensions/uqbar.wollok-lsp-ide-0.3.6/out/server/src/server.js:37:57871\n    at Vr (/home/felipe/.vscode/extensions/uqbar.wollok-lsp-ide-0.3.6/out/server/src/server.js:8:1561)","timestamp":"2024-10-12T11:46:07.861Z"}
{"level":"info","message":"⌛ Validating objetos.wlk","timeElapsed":212,"timestamp":"2024-10-12T11:46:08.073Z"}
{"level":"info","message":"⌛ Building environment","timeElapsed":248,"timestamp":"2024-10-12T11:46:08.326Z"}
{"level":"info","message":"⌛ Building environment","timeElapsed":167,"timestamp":"2024-10-12T11:46:08.543Z"}
{"level":"info","message":"⌛ Building environment","timeElapsed":155,"timestamp":"2024-10-12T11:46:08.703Z"}
{"level":"info","message":"⌛ Building environment","timeElapsed":262,"timestamp":"2024-10-12T11:46:08.972Z"}
{"level":"info","message":"⌛ Building environment","timeElapsed":156,"timestamp":"2024-10-12T11:46:09.128Z"}
{"level":"info","message":"⌛ Validating objetos.wlk","timeElapsed":234,"timestamp":"2024-10-12T11:46:09.362Z"}
{"level":"info","message":"⌛ Building environment","timeElapsed":173,"timestamp":"2024-10-12T11:46:09.535Z"}
{"level":"info","message":"⌛ Building environment","timeElapsed":333,"timestamp":"2024-10-12T11:46:09.869Z"}
{"level":"info","message":"⌛ Building environment","timeElapsed":151,"timestamp":"2024-10-12T11:46:10.021Z"}
{"level":"info","message":"⌛ Validating objetos.wlk","timeElapsed":207,"timestamp":"2024-10-12T11:46:10.229Z"}
{"level":"info","message":"⌛ Building environment","timeElapsed":144,"timestamp":"2024-10-12T11:46:10.380Z"}
{"level":"info","message":"⌛ Building environment","timeElapsed":157,"timestamp":"2024-10-12T11:46:10.538Z"}
{"level":"info","message":"⌛ Building environment","timeElapsed":309,"timestamp":"2024-10-12T11:46:10.856Z"}
{"level":"info","message":"⌛ Building environment","timeElapsed":184,"timestamp":"2024-10-12T11:46:11.040Z"}
{"level":"info","message":"⌛ Validating objetos.wlk","timeElapsed":263,"timestamp":"2024-10-12T11:46:11.305Z"}
{"level":"info","message":"⌛ Building environment","timeElapsed":295,"timestamp":"2024-10-12T11:46:11.600Z"}
{"level":"info","message":"⌛ Validating objetos.wlk","timeElapsed":215,"timestamp":"2024-10-12T11:46:11.815Z"}
{"level":"info","message":"⌛ Validating objetos.wlk","timeElapsed":186,"timestamp":"2024-10-12T11:46:12.004Z"}
{"level":"info","message":"⌛ Validating objetos.wlk","timeElapsed":255,"timestamp":"2024-10-12T11:46:12.306Z"}
{"level":"info","message":"⌛ Validating objetos.wlk","timeElapsed":184,"timestamp":"2024-10-12T11:46:12.489Z"}
{"level":"info","message":"⌛ Building environment","timeElapsed":203,"timestamp":"2024-10-12T11:46:12.694Z"}
{"level":"info","message":"⌛ Building environment","timeElapsed":128,"timestamp":"2024-10-12T11:46:12.828Z"}
{"level":"info","message":"⌛ Validating objetos.wlk","timeElapsed":335,"timestamp":"2024-10-12T11:46:13.167Z"}
{"level":"info","message":"⌛ Building environment","timeElapsed":232,"timestamp":"2024-10-12T11:46:13.400Z"}
{"level":"info","message":"⌛ Validating objetos.wlk","timeElapsed":300,"timestamp":"2024-10-12T11:46:13.702Z"}
{"level":"info","message":"⌛ Validating objetos.wlk","timeElapsed":194,"timestamp":"2024-10-12T11:46:13.904Z"}
{"level":"info","message":"⌛ Validating objetos.wlk","timeElapsed":187,"timestamp":"2024-10-12T11:46:14.092Z"}
{"level":"info","message":"⌛ Validating objetos.wlk","timeElapsed":182,"timestamp":"2024-10-12T11:46:14.275Z"}
{"level":"info","message":"⌛ Validating objetos.wlk","timeElapsed":183,"timestamp":"2024-10-12T11:46:14.459Z"}
{"level":"info","message":"⌛ Validating objetos.wlk","timeElapsed":182,"timestamp":"2024-10-12T11:46:14.642Z"}
{"level":"info","message":"⌛ Validating objetos.wlk","timeElapsed":178,"timestamp":"2024-10-12T11:46:14.821Z"}
{"level":"info","message":"⌛ Validating objetos.wlk","timeElapsed":224,"timestamp":"2024-10-12T11:46:15.048Z"}
{"level":"info","message":"⌛ Validating objetos.wlk","timeElapsed":174,"timestamp":"2024-10-12T11:46:15.222Z"}
{"level":"info","message":"⌛ Validating objetos.wlk","timeElapsed":196,"timestamp":"2024-10-12T11:46:15.419Z"}
{"level":"info","message":"⌛ Building environment","timeElapsed":178,"timestamp":"2024-10-12T11:46:15.598Z"}
{"level":"info","message":"⌛ Building environment","timeElapsed":189,"timestamp":"2024-10-12T11:46:15.873Z"}
{"level":"info","message":"⌛ Validating objetos.wlk","timeElapsed":251,"timestamp":"2024-10-12T11:46:16.124Z"}
{"level":"info","message":"⌛ Validating objetos.wlk","timeElapsed":229,"timestamp":"2024-10-12T11:46:16.353Z"}
{"level":"info","message":"⌛ Building environment","timeElapsed":263,"timestamp":"2024-10-12T11:46:41.739Z"}
{"level":"info","message":"⌛ Building environment","timeElapsed":155,"timestamp":"2024-10-12T11:46:41.897Z"}
{"level":"info","message":"⌛ Validating objetos.wlk","timeElapsed":255,"timestamp":"2024-10-12T11:46:42.153Z"}
{"level":"info","message":"⌛ Validating objetos.wlk","timeElapsed":222,"timestamp":"2024-10-12T11:46:42.377Z"}
{"level":"info","message":"⌛ Building environment","timeElapsed":200,"timestamp":"2024-10-12T11:47:08.426Z"}
{"level":"info","message":"⌛ Building environment","timeElapsed":235,"timestamp":"2024-10-12T11:47:08.756Z"}
{"level":"info","message":"⌛ Validating objetos.wlk","timeElapsed":233,"timestamp":"2024-10-12T11:47:08.991Z"}
{"level":"info","message":"⌛ Building environment","timeElapsed":175,"timestamp":"2024-10-12T11:47:09.167Z"}
{"level":"info","message":"onRequest - completionItem/resolve","timestamp":"2024-10-12T11:47:09.172Z"}
{"level":"info","message":"⌛ Building environment","timeElapsed":292,"timestamp":"2024-10-12T11:47:09.464Z"}
{"level":"info","message":"onRequest - completionItem/resolve","timestamp":"2024-10-12T11:47:09.465Z"}
{"level":"info","message":"⌛ Validating objetos.wlk","timeElapsed":315,"timestamp":"2024-10-12T11:47:09.780Z"}
{"level":"info","message":"⌛ Building environment","timeElapsed":168,"timestamp":"2024-10-12T11:47:09.949Z"}
{"level":"info","message":"⌛ Building environment","timeElapsed":304,"timestamp":"2024-10-12T11:47:10.255Z"}
{"level":"info","message":"⌛ Validating objetos.wlk","timeElapsed":240,"timestamp":"2024-10-12T11:47:10.496Z"}
{"level":"info","message":"⌛ Validating objetos.wlk","timeElapsed":226,"timestamp":"2024-10-12T11:47:10.735Z"}
{"level":"info","message":"⌛ Building environment","timeElapsed":270,"timestamp":"2024-10-12T11:47:11.005Z"}
{"level":"error","message":"✘ Completions for node failed: Error: m [Variable]{5cd8cb} at objetos.wlk:111 exhausted all cases without a match m [Variable]{5cd8cb} at objetos.wlk:111 exhausted all cases without a match","stack":"Error: m [Variable]{5cd8cb} at objetos.wlk:111 exhausted all cases without a match\n    at /home/felipe/.vscode/extensions/uqbar.wollok-lsp-ide-0.3.6/out/server/src/server.js:38:6067\n    at yh (/home/felipe/.vscode/extensions/uqbar.wollok-lsp-ide-0.3.6/out/server/src/server.js:2291:42)\n    at /home/felipe/.vscode/extensions/uqbar.wollok-lsp-ide-0.3.6/out/server/src/server.js:2291:2700\n    at /home/felipe/.vscode/extensions/uqbar.wollok-lsp-ide-0.3.6/out/server/src/server.js:2298:3774\n    at /home/felipe/.vscode/extensions/uqbar.wollok-lsp-ide-0.3.6/out/server/src/server.js:37:74872\n    at Fe (/home/felipe/.vscode/extensions/uqbar.wollok-lsp-ide-0.3.6/out/server/src/server.js:7:8527)\n    at Pt (/home/felipe/.vscode/extensions/uqbar.wollok-lsp-ide-0.3.6/out/server/src/server.js:7:6189)\n    at Gi (/home/felipe/.vscode/extensions/uqbar.wollok-lsp-ide-0.3.6/out/server/src/server.js:7:6378)\n    at Immediate._onImmediate (/home/felipe/.vscode/extensions/uqbar.wollok-lsp-ide-0.3.6/out/server/src/server.js:7:6142)\n    at process.processImmediate (node:internal/timers:483:21)","timestamp":"2024-10-12T11:47:11.048Z"}
{"level":"info","message":"⌛ Building environment","timeElapsed":148,"timestamp":"2024-10-12T11:47:11.204Z"}
{"level":"info","message":"⌛ Validating objetos.wlk","timeElapsed":236,"timestamp":"2024-10-12T11:47:11.446Z"}
{"level":"info","message":"⌛ Building environment","timeElapsed":308,"timestamp":"2024-10-12T11:47:11.764Z"}
{"level":"info","message":"⌛ Building environment","timeElapsed":156,"timestamp":"2024-10-12T11:47:11.922Z"}
{"level":"info","message":"⌛ Validating objetos.wlk","timeElapsed":222,"timestamp":"2024-10-12T11:47:12.150Z"}
{"level":"info","message":"⌛ Building environment","timeElapsed":267,"timestamp":"2024-10-12T11:47:12.421Z"}
{"level":"info","message":"⌛ Building environment","timeElapsed":161,"timestamp":"2024-10-12T11:47:12.585Z"}
{"level":"info","message":"⌛ Building environment","timeElapsed":156,"timestamp":"2024-10-12T11:47:12.741Z"}
{"level":"info","message":"⌛ Validating objetos.wlk","timeElapsed":280,"timestamp":"2024-10-12T11:47:13.068Z"}
{"level":"info","message":"onRequest - completionItem/resolve","timestamp":"2024-10-12T11:47:13.069Z"}
{"level":"info","message":"⌛ Validating objetos.wlk","timeElapsed":201,"timestamp":"2024-10-12T11:47:13.271Z"}
{"level":"info","message":"⌛ Building environment","timeElapsed":184,"timestamp":"2024-10-12T11:47:13.456Z"}
{"level":"info","message":"⌛ Validating objetos.wlk","timeElapsed":182,"timestamp":"2024-10-12T11:47:13.649Z"}
{"level":"info","message":"⌛ Validating objetos.wlk","timeElapsed":200,"timestamp":"2024-10-12T11:47:13.849Z"}
{"level":"info","message":"⌛ Building environment","timeElapsed":268,"timestamp":"2024-10-12T11:47:14.121Z"}
{"level":"info","message":"⌛ Validating objetos.wlk","timeElapsed":249,"timestamp":"2024-10-12T11:47:14.371Z"}
{"level":"info","message":"⌛ Validating objetos.wlk","timeElapsed":216,"timestamp":"2024-10-12T11:47:14.587Z"}
{"level":"info","message":"⌛ Validating objetos.wlk","timeElapsed":206,"timestamp":"2024-10-12T11:47:14.803Z"}
{"level":"info","message":"⌛ Building environment","timeElapsed":244,"timestamp":"2024-10-12T11:47:15.051Z"}
{"level":"info","message":"⌛ Validating objetos.wlk","timeElapsed":233,"timestamp":"2024-10-12T11:47:15.297Z"}
{"level":"info","message":"⌛ Validating objetos.wlk","timeElapsed":220,"timestamp":"2024-10-12T11:47:15.518Z"}
{"level":"info","message":"⌛ Building environment","timeElapsed":234,"timestamp":"2024-10-12T11:47:15.754Z"}
{"level":"error","message":"✘ Completions for node failed: Error: mercado [Variable]{7ae81b} at objetos.wlk:111 exhausted all cases without a match mercado [Variable]{7ae81b} at objetos.wlk:111 exhausted all cases without a match","stack":"Error: mercado [Variable]{7ae81b} at objetos.wlk:111 exhausted all cases without a match\n    at /home/felipe/.vscode/extensions/uqbar.wollok-lsp-ide-0.3.6/out/server/src/server.js:38:6067\n    at yh (/home/felipe/.vscode/extensions/uqbar.wollok-lsp-ide-0.3.6/out/server/src/server.js:2291:42)\n    at kh (/home/felipe/.vscode/extensions/uqbar.wollok-lsp-ide-0.3.6/out/server/src/server.js:2291:1004)\n    at Y5n (/home/felipe/.vscode/extensions/uqbar.wollok-lsp-ide-0.3.6/out/server/src/server.js:2291:1160)\n    at /home/felipe/.vscode/extensions/uqbar.wollok-lsp-ide-0.3.6/out/server/src/server.js:38:6056\n    at yh (/home/felipe/.vscode/extensions/uqbar.wollok-lsp-ide-0.3.6/out/server/src/server.js:2291:42)\n    at /home/felipe/.vscode/extensions/uqbar.wollok-lsp-ide-0.3.6/out/server/src/server.js:2291:2700\n    at /home/felipe/.vscode/extensions/uqbar.wollok-lsp-ide-0.3.6/out/server/src/server.js:2298:3774\n    at /home/felipe/.vscode/extensions/uqbar.wollok-lsp-ide-0.3.6/out/server/src/server.js:37:74872\n    at Fe (/home/felipe/.vscode/extensions/uqbar.wollok-lsp-ide-0.3.6/out/server/src/server.js:7:8527)","timestamp":"2024-10-12T11:47:15.818Z"}
{"level":"info","message":"⌛ Building environment","timeElapsed":164,"timestamp":"2024-10-12T11:47:15.986Z"}
{"level":"info","message":"⌛ Building environment","timeElapsed":235,"timestamp":"2024-10-12T11:47:16.223Z"}
{"level":"info","message":"⌛ Building environment","timeElapsed":148,"timestamp":"2024-10-12T11:47:16.388Z"}
{"level":"info","message":"⌛ Validating objetos.wlk","timeElapsed":226,"timestamp":"2024-10-12T11:47:16.620Z"}
{"level":"info","message":"⌛ Building environment","timeElapsed":285,"timestamp":"2024-10-12T11:47:16.908Z"}
{"level":"info","message":"⌛ Building environment","timeElapsed":178,"timestamp":"2024-10-12T11:47:17.087Z"}
{"level":"info","message":"⌛ Building environment","timeElapsed":158,"timestamp":"2024-10-12T11:47:17.245Z"}
{"level":"info","message":"⌛ Building environment","timeElapsed":148,"timestamp":"2024-10-12T11:47:17.394Z"}
{"level":"info","message":"⌛ Validating objetos.wlk","timeElapsed":310,"timestamp":"2024-10-12T11:47:17.705Z"}
{"level":"info","message":"⌛ Validating objetos.wlk","timeElapsed":206,"timestamp":"2024-10-12T11:47:17.911Z"}
{"level":"info","message":"⌛ Validating objetos.wlk","timeElapsed":186,"timestamp":"2024-10-12T11:47:18.105Z"}
{"level":"info","message":"⌛ Validating objetos.wlk","timeElapsed":185,"timestamp":"2024-10-12T11:47:18.290Z"}
{"level":"info","message":"⌛ Building environment","timeElapsed":195,"timestamp":"2024-10-12T11:47:18.485Z"}
{"level":"info","message":"⌛ Building environment","timeElapsed":142,"timestamp":"2024-10-12T11:47:18.628Z"}
{"level":"info","message":"⌛ Building environment","timeElapsed":299,"timestamp":"2024-10-12T11:47:18.939Z"}
{"level":"info","message":"⌛ Validating objetos.wlk","timeElapsed":206,"timestamp":"2024-10-12T11:47:19.146Z"}
{"level":"info","message":"⌛ Building environment","timeElapsed":142,"timestamp":"2024-10-12T11:47:19.289Z"}
{"level":"info","message":"⌛ Validating objetos.wlk","timeElapsed":208,"timestamp":"2024-10-12T11:47:19.498Z"}
{"level":"info","message":"⌛ Validating objetos.wlk","timeElapsed":215,"timestamp":"2024-10-12T11:47:19.713Z"}
{"level":"info","message":"⌛ Building environment","timeElapsed":304,"timestamp":"2024-10-12T11:47:20.019Z"}
{"level":"info","message":"⌛ Validating objetos.wlk","timeElapsed":263,"timestamp":"2024-10-12T11:47:20.282Z"}
{"level":"info","message":"⌛ Building environment","timeElapsed":236,"timestamp":"2024-10-12T11:47:20.518Z"}
{"level":"info","message":"⌛ Building environment","timeElapsed":150,"timestamp":"2024-10-12T11:47:20.675Z"}
{"level":"info","message":"⌛ Validating objetos.wlk","timeElapsed":266,"timestamp":"2024-10-12T11:47:20.989Z"}
{"level":"info","message":"⌛ Building environment","timeElapsed":223,"timestamp":"2024-10-12T11:47:21.214Z"}
{"level":"info","message":"⌛ Validating objetos.wlk","timeElapsed":194,"timestamp":"2024-10-12T11:47:21.415Z"}
{"level":"info","message":"⌛ Validating objetos.wlk","timeElapsed":194,"timestamp":"2024-10-12T11:47:21.619Z"}
{"level":"info","message":"⌛ Validating objetos.wlk","timeElapsed":184,"timestamp":"2024-10-12T11:47:21.804Z"}
{"level":"info","message":"⌛ Validating objetos.wlk","timeElapsed":266,"timestamp":"2024-10-12T11:47:22.072Z"}
{"level":"info","message":"⌛ Validating objetos.wlk","timeElapsed":188,"timestamp":"2024-10-12T11:47:22.262Z"}
{"level":"info","message":"⌛ Validating objetos.wlk","timeElapsed":246,"timestamp":"2024-10-12T11:47:22.508Z"}
{"level":"info","message":"⌛ Validating objetos.wlk","timeElapsed":210,"timestamp":"2024-10-12T11:47:22.719Z"}
{"level":"info","message":"⌛ Building environment","timeElapsed":235,"timestamp":"2024-10-12T11:47:49.165Z"}
{"level":"info","message":"⌛ Validating objetos.wlk","timeElapsed":210,"timestamp":"2024-10-12T11:47:49.377Z"}
{"level":"info","message":"⌛ Building environment","timeElapsed":175,"timestamp":"2024-10-12T11:47:49.676Z"}
{"level":"info","message":"⌛ Building environment","timeElapsed":195,"timestamp":"2024-10-12T11:47:49.910Z"}
{"level":"info","message":"⌛ Validating objetos.wlk","timeElapsed":241,"timestamp":"2024-10-12T11:47:50.158Z"}
{"level":"info","message":"onRequest - completionItem/resolve","timestamp":"2024-10-12T11:47:50.158Z"}
{"level":"info","message":"⌛ Building environment","timeElapsed":176,"timestamp":"2024-10-12T11:47:50.335Z"}
{"level":"info","message":"onRequest - completionItem/resolve","timestamp":"2024-10-12T11:47:50.335Z"}
{"level":"info","message":"⌛ Building environment","timeElapsed":152,"timestamp":"2024-10-12T11:47:50.488Z"}
{"level":"info","message":"onRequest - completionItem/resolve","timestamp":"2024-10-12T11:47:50.489Z"}
{"level":"info","message":"⌛ Validating objetos.wlk","timeElapsed":232,"timestamp":"2024-10-12T11:47:50.723Z"}
{"level":"info","message":"⌛ Building environment","timeElapsed":175,"timestamp":"2024-10-12T11:47:50.898Z"}
{"level":"info","message":"onRequest - completionItem/resolve","timestamp":"2024-10-12T11:47:50.899Z"}
{"level":"info","message":"⌛ Building environment","timeElapsed":157,"timestamp":"2024-10-12T11:47:51.057Z"}
{"level":"info","message":"onRequest - completionItem/resolve","timestamp":"2024-10-12T11:47:51.060Z"}
{"level":"info","message":"⌛ Validating objetos.wlk","timeElapsed":226,"timestamp":"2024-10-12T11:47:51.287Z"}
{"level":"info","message":"⌛ Validating objetos.wlk","timeElapsed":185,"timestamp":"2024-10-12T11:47:51.473Z"}
{"level":"info","message":"⌛ Validating objetos.wlk","timeElapsed":183,"timestamp":"2024-10-12T11:47:51.663Z"}
{"level":"info","message":"⌛ Validating objetos.wlk","timeElapsed":198,"timestamp":"2024-10-12T11:47:51.862Z"}
{"level":"info","message":"⌛ Building environment","timeElapsed":199,"timestamp":"2024-10-12T11:47:52.062Z"}
{"level":"info","message":"⌛ Building environment","timeElapsed":236,"timestamp":"2024-10-12T11:47:52.300Z"}
{"level":"error","message":"✘ Completions for node failed: Error: objetos.mercadoAdmin.fa [Field]{87f0fb} at objetos.wlk:109 exhausted all cases without a match objetos.mercadoAdmin.fa [Field]{87f0fb} at objetos.wlk:109 exhausted all cases without a match","stack":"Error: objetos.mercadoAdmin.fa [Field]{87f0fb} at objetos.wlk:109 exhausted all cases without a match\n    at /home/felipe/.vscode/extensions/uqbar.wollok-lsp-ide-0.3.6/out/server/src/server.js:38:6067\n    at yh (/home/felipe/.vscode/extensions/uqbar.wollok-lsp-ide-0.3.6/out/server/src/server.js:2291:42)\n    at /home/felipe/.vscode/extensions/uqbar.wollok-lsp-ide-0.3.6/out/server/src/server.js:2291:2700\n    at /home/felipe/.vscode/extensions/uqbar.wollok-lsp-ide-0.3.6/out/server/src/server.js:2298:3774\n    at /home/felipe/.vscode/extensions/uqbar.wollok-lsp-ide-0.3.6/out/server/src/server.js:37:74872\n    at Fe (/home/felipe/.vscode/extensions/uqbar.wollok-lsp-ide-0.3.6/out/server/src/server.js:7:8527)\n    at Pt (/home/felipe/.vscode/extensions/uqbar.wollok-lsp-ide-0.3.6/out/server/src/server.js:7:6189)\n    at Gi (/home/felipe/.vscode/extensions/uqbar.wollok-lsp-ide-0.3.6/out/server/src/server.js:7:6378)\n    at Immediate._onImmediate (/home/felipe/.vscode/extensions/uqbar.wollok-lsp-ide-0.3.6/out/server/src/server.js:7:6142)\n    at process.processImmediate (node:internal/timers:483:21)","timestamp":"2024-10-12T11:47:52.343Z"}
{"level":"info","message":"⌛ Validating objetos.wlk","timeElapsed":230,"timestamp":"2024-10-12T11:47:52.573Z"}
{"level":"info","message":"⌛ Building environment","timeElapsed":168,"timestamp":"2024-10-12T11:47:52.741Z"}
{"level":"info","message":"⌛ Validating objetos.wlk","timeElapsed":229,"timestamp":"2024-10-12T11:47:52.977Z"}
{"level":"info","message":"⌛ Building environment","timeElapsed":170,"timestamp":"2024-10-12T11:47:53.147Z"}
{"level":"error","message":"✘ Completions for node failed: Error: objetos.mercadoAdmin.fact [Field]{0a182e} at objetos.wlk:109 exhausted all cases without a match objetos.mercadoAdmin.fact [Field]{0a182e} at objetos.wlk:109 exhausted all cases without a match","stack":"Error: objetos.mercadoAdmin.fact [Field]{0a182e} at objetos.wlk:109 exhausted all cases without a match\n    at /home/felipe/.vscode/extensions/uqbar.wollok-lsp-ide-0.3.6/out/server/src/server.js:38:6067\n    at yh (/home/felipe/.vscode/extensions/uqbar.wollok-lsp-ide-0.3.6/out/server/src/server.js:2291:42)\n    at /home/felipe/.vscode/extensions/uqbar.wollok-lsp-ide-0.3.6/out/server/src/server.js:2291:2700\n    at /home/felipe/.vscode/extensions/uqbar.wollok-lsp-ide-0.3.6/out/server/src/server.js:2298:3774\n    at /home/felipe/.vscode/extensions/uqbar.wollok-lsp-ide-0.3.6/out/server/src/server.js:37:74872\n    at Fe (/home/felipe/.vscode/extensions/uqbar.wollok-lsp-ide-0.3.6/out/server/src/server.js:7:8527)\n    at Pt (/home/felipe/.vscode/extensions/uqbar.wollok-lsp-ide-0.3.6/out/server/src/server.js:7:6189)\n    at Gi (/home/felipe/.vscode/extensions/uqbar.wollok-lsp-ide-0.3.6/out/server/src/server.js:7:6378)\n    at Immediate._onImmediate (/home/felipe/.vscode/extensions/uqbar.wollok-lsp-ide-0.3.6/out/server/src/server.js:7:6142)\n    at process.processImmediate (node:internal/timers:483:21)","timestamp":"2024-10-12T11:47:53.197Z"}
{"level":"info","message":"⌛ Building environment","timeElapsed":145,"timestamp":"2024-10-12T11:47:53.346Z"}
{"level":"info","message":"⌛ Validating objetos.wlk","timeElapsed":252,"timestamp":"2024-10-12T11:47:53.605Z"}
{"level":"info","message":"⌛ Validating objetos.wlk","timeElapsed":253,"timestamp":"2024-10-12T11:47:53.867Z"}
{"level":"info","message":"⌛ Building environment","timeElapsed":166,"timestamp":"2024-10-12T11:47:54.035Z"}
{"level":"info","message":"⌛ Building environment","timeElapsed":143,"timestamp":"2024-10-12T11:47:54.183Z"}
{"level":"error","message":"✘ Completions for node failed: Error: objetos.mercadoAdmin.factori [Field]{154fc9} at objetos.wlk:109 exhausted all cases without a match objetos.mercadoAdmin.factori [Field]{154fc9} at objetos.wlk:109 exhausted all cases without a match","stack":"Error: objetos.mercadoAdmin.factori [Field]{154fc9} at objetos.wlk:109 exhausted all cases without a match\n    at /home/felipe/.vscode/extensions/uqbar.wollok-lsp-ide-0.3.6/out/server/src/server.js:38:6067\n    at yh (/home/felipe/.vscode/extensions/uqbar.wollok-lsp-ide-0.3.6/out/server/src/server.js:2291:42)\n    at /home/felipe/.vscode/extensions/uqbar.wollok-lsp-ide-0.3.6/out/server/src/server.js:2291:2700\n    at /home/felipe/.vscode/extensions/uqbar.wollok-lsp-ide-0.3.6/out/server/src/server.js:2298:3774\n    at /home/felipe/.vscode/extensions/uqbar.wollok-lsp-ide-0.3.6/out/server/src/server.js:37:74872\n    at Fe (/home/felipe/.vscode/extensions/uqbar.wollok-lsp-ide-0.3.6/out/server/src/server.js:7:8527)\n    at Pt (/home/felipe/.vscode/extensions/uqbar.wollok-lsp-ide-0.3.6/out/server/src/server.js:7:6189)\n    at Gi (/home/felipe/.vscode/extensions/uqbar.wollok-lsp-ide-0.3.6/out/server/src/server.js:7:6378)\n    at Immediate._onImmediate (/home/felipe/.vscode/extensions/uqbar.wollok-lsp-ide-0.3.6/out/server/src/server.js:7:6142)\n    at process.processImmediate (node:internal/timers:483:21)","timestamp":"2024-10-12T11:47:54.281Z"}
{"level":"info","message":"⌛ Validating objetos.wlk","timeElapsed":215,"timestamp":"2024-10-12T11:47:54.498Z"}
{"level":"info","message":"⌛ Building environment","timeElapsed":197,"timestamp":"2024-10-12T11:47:54.697Z"}
{"level":"info","message":"⌛ Building environment","timeElapsed":137,"timestamp":"2024-10-12T11:47:54.840Z"}
{"level":"info","message":"⌛ Validating objetos.wlk","timeElapsed":262,"timestamp":"2024-10-12T11:47:55.115Z"}
{"level":"info","message":"⌛ Validating objetos.wlk","timeElapsed":189,"timestamp":"2024-10-12T11:47:55.304Z"}
{"level":"info","message":"⌛ Building environment","timeElapsed":170,"timestamp":"2024-10-12T11:47:55.474Z"}
{"level":"info","message":"⌛ Building environment","timeElapsed":147,"timestamp":"2024-10-12T11:47:55.622Z"}
{"level":"info","message":"⌛ Validating objetos.wlk","timeElapsed":242,"timestamp":"2024-10-12T11:47:55.866Z"}
{"level":"info","message":"⌛ Validating objetos.wlk","timeElapsed":185,"timestamp":"2024-10-12T11:47:56.052Z"}
{"level":"info","message":"⌛ Building environment","timeElapsed":172,"timestamp":"2024-10-12T11:47:56.224Z"}
{"level":"info","message":"⌛ Validating objetos.wlk","timeElapsed":180,"timestamp":"2024-10-12T11:47:56.411Z"}
{"level":"info","message":"⌛ Validating objetos.wlk","timeElapsed":232,"timestamp":"2024-10-12T11:47:56.644Z"}
{"level":"info","message":"⌛ Validating objetos.wlk","timeElapsed":196,"timestamp":"2024-10-12T11:47:56.842Z"}
{"level":"info","message":"⌛ Building environment","timeElapsed":175,"timestamp":"2024-10-12T11:47:57.017Z"}
{"level":"info","message":"⌛ Building environment","timeElapsed":187,"timestamp":"2024-10-12T11:47:57.258Z"}
{"level":"info","message":"⌛ Validating objetos.wlk","timeElapsed":239,"timestamp":"2024-10-12T11:47:57.506Z"}
{"level":"info","message":"⌛ Building environment","timeElapsed":150,"timestamp":"2024-10-12T11:47:57.658Z"}
{"level":"info","message":"⌛ Validating objetos.wlk","timeElapsed":222,"timestamp":"2024-10-12T11:47:57.886Z"}
{"level":"info","message":"⌛ Building environment","timeElapsed":195,"timestamp":"2024-10-12T11:47:58.093Z"}
{"level":"info","message":"⌛ Validating objetos.wlk","timeElapsed":199,"timestamp":"2024-10-12T11:47:58.292Z"}
{"level":"info","message":"⌛ Building environment","timeElapsed":216,"timestamp":"2024-10-12T11:47:58.555Z"}
{"level":"info","message":"⌛ Validating objetos.wlk","timeElapsed":206,"timestamp":"2024-10-12T11:47:58.762Z"}
{"level":"info","message":"⌛ Building environment","timeElapsed":160,"timestamp":"2024-10-12T11:47:58.923Z"}
{"level":"info","message":"⌛ Validating objetos.wlk","timeElapsed":234,"timestamp":"2024-10-12T11:47:59.210Z"}
{"level":"info","message":"⌛ Validating objetos.wlk","timeElapsed":210,"timestamp":"2024-10-12T11:47:59.421Z"}
{"level":"info","message":"⌛ Building environment","timeElapsed":166,"timestamp":"2024-10-12T11:47:59.588Z"}
{"level":"info","message":"⌛ Building environment","timeElapsed":177,"timestamp":"2024-10-12T11:47:59.810Z"}
{"level":"info","message":"⌛ Validating objetos.wlk","timeElapsed":211,"timestamp":"2024-10-12T11:48:00.021Z"}
{"level":"info","message":"⌛ Validating objetos.wlk","timeElapsed":191,"timestamp":"2024-10-12T11:48:00.220Z"}
{"level":"info","message":"⌛ Building environment","timeElapsed":275,"timestamp":"2024-10-12T11:48:01.617Z"}
{"level":"error","message":"✘ Completions for node failed: Error: [Literal]{e411d2} at objetos.wlk:109 exhausted all cases without a match [Literal]{e411d2} at objetos.wlk:109 exhausted all cases without a match","stack":"Error: [Literal]{e411d2} at objetos.wlk:109 exhausted all cases without a match\n    at /home/felipe/.vscode/extensions/uqbar.wollok-lsp-ide-0.3.6/out/server/src/server.js:38:6067\n    at yh (/home/felipe/.vscode/extensions/uqbar.wollok-lsp-ide-0.3.6/out/server/src/server.js:2291:42)\n    at kh (/home/felipe/.vscode/extensions/uqbar.wollok-lsp-ide-0.3.6/out/server/src/server.js:2291:1004)\n    at Y5n (/home/felipe/.vscode/extensions/uqbar.wollok-lsp-ide-0.3.6/out/server/src/server.js:2291:1160)\n    at /home/felipe/.vscode/extensions/uqbar.wollok-lsp-ide-0.3.6/out/server/src/server.js:38:6056\n    at yh (/home/felipe/.vscode/extensions/uqbar.wollok-lsp-ide-0.3.6/out/server/src/server.js:2291:42)\n    at /home/felipe/.vscode/extensions/uqbar.wollok-lsp-ide-0.3.6/out/server/src/server.js:2291:2700\n    at /home/felipe/.vscode/extensions/uqbar.wollok-lsp-ide-0.3.6/out/server/src/server.js:2298:3774\n    at /home/felipe/.vscode/extensions/uqbar.wollok-lsp-ide-0.3.6/out/server/src/server.js:37:74872\n    at Fe (/home/felipe/.vscode/extensions/uqbar.wollok-lsp-ide-0.3.6/out/server/src/server.js:7:8527)","timestamp":"2024-10-12T11:48:01.680Z"}
{"level":"error","message":"✘ Completions for node failed: Error: objetos.mercadoAdmin.factories [Field]{0f64bd} at objetos.wlk:109 exhausted all cases without a match objetos.mercadoAdmin.factories [Field]{0f64bd} at objetos.wlk:109 exhausted all cases without a match","stack":"Error: objetos.mercadoAdmin.factories [Field]{0f64bd} at objetos.wlk:109 exhausted all cases without a match\n    at /home/felipe/.vscode/extensions/uqbar.wollok-lsp-ide-0.3.6/out/server/src/server.js:38:6067\n    at yh (/home/felipe/.vscode/extensions/uqbar.wollok-lsp-ide-0.3.6/out/server/src/server.js:2291:42)\n    at kh (/home/felipe/.vscode/extensions/uqbar.wollok-lsp-ide-0.3.6/out/server/src/server.js:2291:1004)\n    at yh (/home/felipe/.vscode/extensions/uqbar.wollok-lsp-ide-0.3.6/out/server/src/server.js:2291:456)\n    at kh (/home/felipe/.vscode/extensions/uqbar.wollok-lsp-ide-0.3.6/out/server/src/server.js:2291:1004)\n    at Y5n (/home/felipe/.vscode/extensions/uqbar.wollok-lsp-ide-0.3.6/out/server/src/server.js:2291:1160)\n    at /home/felipe/.vscode/extensions/uqbar.wollok-lsp-ide-0.3.6/out/server/src/server.js:38:6056\n    at yh (/home/felipe/.vscode/extensions/uqbar.wollok-lsp-ide-0.3.6/out/server/src/server.js:2291:42)\n    at /home/felipe/.vscode/extensions/uqbar.wollok-lsp-ide-0.3.6/out/server/src/server.js:2291:2700\n    at /home/felipe/.vscode/extensions/uqbar.wollok-lsp-ide-0.3.6/out/server/src/server.js:2298:3774","timestamp":"2024-10-12T11:48:01.681Z"}
{"level":"info","message":"⌛ Building environment","timeElapsed":193,"timestamp":"2024-10-12T11:48:01.876Z"}
{"level":"info","message":"⌛ Building environment","timeElapsed":241,"timestamp":"2024-10-12T11:48:02.118Z"}
{"level":"info","message":"⌛ Validating objetos.wlk","timeElapsed":289,"timestamp":"2024-10-12T11:48:02.412Z"}
{"level":"info","message":"onRequest - completionItem/resolve","timestamp":"2024-10-12T11:48:02.414Z"}
{"level":"info","message":"⌛ Building environment","timeElapsed":166,"timestamp":"2024-10-12T11:48:02.581Z"}
{"level":"info","message":"onRequest - completionItem/resolve","timestamp":"2024-10-12T11:48:02.587Z"}
{"level":"info","message":"⌛ Building environment","timeElapsed":151,"timestamp":"2024-10-12T11:48:02.738Z"}
{"level":"info","message":"onRequest - completionItem/resolve","timestamp":"2024-10-12T11:48:02.745Z"}
{"level":"info","message":"⌛ Validating objetos.wlk","timeElapsed":240,"timestamp":"2024-10-12T11:48:02.986Z"}
{"level":"info","message":"⌛ Building environment","timeElapsed":184,"timestamp":"2024-10-12T11:48:03.170Z"}
{"level":"info","message":"onRequest - completionItem/resolve","timestamp":"2024-10-12T11:48:03.180Z"}
{"level":"info","message":"⌛ Validating objetos.wlk","timeElapsed":236,"timestamp":"2024-10-12T11:48:03.416Z"}
{"level":"info","message":"⌛ Building environment","timeElapsed":149,"timestamp":"2024-10-12T11:48:03.566Z"}
{"level":"info","message":"onRequest - completionItem/resolve","timestamp":"2024-10-12T11:48:03.567Z"}
{"level":"info","message":"⌛ Validating objetos.wlk","timeElapsed":242,"timestamp":"2024-10-12T11:48:03.857Z"}
{"level":"info","message":"⌛ Validating objetos.wlk","timeElapsed":194,"timestamp":"2024-10-12T11:48:04.052Z"}
{"level":"info","message":"⌛ Validating objetos.wlk","timeElapsed":195,"timestamp":"2024-10-12T11:48:04.248Z"}
{"level":"info","message":"⌛ Building environment","timeElapsed":171,"timestamp":"2024-10-12T11:48:04.421Z"}
{"level":"error","message":"✘ Completions for node failed: Error: [Literal]{cd9155} at objetos.wlk:109 exhausted all cases without a match [Literal]{cd9155} at objetos.wlk:109 exhausted all cases without a match","stack":"Error: [Literal]{cd9155} at objetos.wlk:109 exhausted all cases without a match\n    at /home/felipe/.vscode/extensions/uqbar.wollok-lsp-ide-0.3.6/out/server/src/server.js:38:6067\n    at yh (/home/felipe/.vscode/extensions/uqbar.wollok-lsp-ide-0.3.6/out/server/src/server.js:2291:42)\n    at kh (/home/felipe/.vscode/extensions/uqbar.wollok-lsp-ide-0.3.6/out/server/src/server.js:2291:1004)\n    at Y5n (/home/felipe/.vscode/extensions/uqbar.wollok-lsp-ide-0.3.6/out/server/src/server.js:2291:1160)\n    at /home/felipe/.vscode/extensions/uqbar.wollok-lsp-ide-0.3.6/out/server/src/server.js:38:6056\n    at yh (/home/felipe/.vscode/extensions/uqbar.wollok-lsp-ide-0.3.6/out/server/src/server.js:2291:42)\n    at /home/felipe/.vscode/extensions/uqbar.wollok-lsp-ide-0.3.6/out/server/src/server.js:2291:2700\n    at /home/felipe/.vscode/extensions/uqbar.wollok-lsp-ide-0.3.6/out/server/src/server.js:2298:3774\n    at /home/felipe/.vscode/extensions/uqbar.wollok-lsp-ide-0.3.6/out/server/src/server.js:37:74872\n    at Fe (/home/felipe/.vscode/extensions/uqbar.wollok-lsp-ide-0.3.6/out/server/src/server.js:7:8527)","timestamp":"2024-10-12T11:48:04.509Z"}
{"level":"error","message":"✘ Completions for node failed: Error: objetos.mercadoAdmin.factories [Field]{5e3d26} at objetos.wlk:109 exhausted all cases without a match objetos.mercadoAdmin.factories [Field]{5e3d26} at objetos.wlk:109 exhausted all cases without a match","stack":"Error: objetos.mercadoAdmin.factories [Field]{5e3d26} at objetos.wlk:109 exhausted all cases without a match\n    at /home/felipe/.vscode/extensions/uqbar.wollok-lsp-ide-0.3.6/out/server/src/server.js:38:6067\n    at yh (/home/felipe/.vscode/extensions/uqbar.wollok-lsp-ide-0.3.6/out/server/src/server.js:2291:42)\n    at kh (/home/felipe/.vscode/extensions/uqbar.wollok-lsp-ide-0.3.6/out/server/src/server.js:2291:1004)\n    at yh (/home/felipe/.vscode/extensions/uqbar.wollok-lsp-ide-0.3.6/out/server/src/server.js:2291:456)\n    at kh (/home/felipe/.vscode/extensions/uqbar.wollok-lsp-ide-0.3.6/out/server/src/server.js:2291:1004)\n    at Y5n (/home/felipe/.vscode/extensions/uqbar.wollok-lsp-ide-0.3.6/out/server/src/server.js:2291:1160)\n    at /home/felipe/.vscode/extensions/uqbar.wollok-lsp-ide-0.3.6/out/server/src/server.js:38:6056\n    at yh (/home/felipe/.vscode/extensions/uqbar.wollok-lsp-ide-0.3.6/out/server/src/server.js:2291:42)\n    at /home/felipe/.vscode/extensions/uqbar.wollok-lsp-ide-0.3.6/out/server/src/server.js:2291:2700\n    at /home/felipe/.vscode/extensions/uqbar.wollok-lsp-ide-0.3.6/out/server/src/server.js:2298:3774","timestamp":"2024-10-12T11:48:04.510Z"}
{"level":"info","message":"⌛ Validating objetos.wlk","timeElapsed":228,"timestamp":"2024-10-12T11:48:04.739Z"}
{"level":"info","message":"⌛ Building environment","timeElapsed":198,"timestamp":"2024-10-12T11:48:04.938Z"}
{"level":"info","message":"⌛ Building environment","timeElapsed":146,"timestamp":"2024-10-12T11:48:05.085Z"}
{"level":"info","message":"⌛ Building environment","timeElapsed":231,"timestamp":"2024-10-12T11:48:05.317Z"}
{"level":"info","message":"⌛ Validating objetos.wlk","timeElapsed":212,"timestamp":"2024-10-12T11:48:05.543Z"}
{"level":"info","message":"⌛ Building environment","timeElapsed":146,"timestamp":"2024-10-12T11:48:05.690Z"}
{"level":"error","message":"✘ Completions for node failed: Error: [Literal]{58400d} at objetos.wlk:109 exhausted all cases without a match [Literal]{58400d} at objetos.wlk:109 exhausted all cases without a match","stack":"Error: [Literal]{58400d} at objetos.wlk:109 exhausted all cases without a match\n    at /home/felipe/.vscode/extensions/uqbar.wollok-lsp-ide-0.3.6/out/server/src/server.js:38:6067\n    at yh (/home/felipe/.vscode/extensions/uqbar.wollok-lsp-ide-0.3.6/out/server/src/server.js:2291:42)\n    at kh (/home/felipe/.vscode/extensions/uqbar.wollok-lsp-ide-0.3.6/out/server/src/server.js:2291:1004)\n    at Y5n (/home/felipe/.vscode/extensions/uqbar.wollok-lsp-ide-0.3.6/out/server/src/server.js:2291:1160)\n    at /home/felipe/.vscode/extensions/uqbar.wollok-lsp-ide-0.3.6/out/server/src/server.js:38:6056\n    at yh (/home/felipe/.vscode/extensions/uqbar.wollok-lsp-ide-0.3.6/out/server/src/server.js:2291:42)\n    at /home/felipe/.vscode/extensions/uqbar.wollok-lsp-ide-0.3.6/out/server/src/server.js:2291:2700\n    at /home/felipe/.vscode/extensions/uqbar.wollok-lsp-ide-0.3.6/out/server/src/server.js:2298:3774\n    at /home/felipe/.vscode/extensions/uqbar.wollok-lsp-ide-0.3.6/out/server/src/server.js:37:74872\n    at Fe (/home/felipe/.vscode/extensions/uqbar.wollok-lsp-ide-0.3.6/out/server/src/server.js:7:8527)","timestamp":"2024-10-12T11:48:05.784Z"}
{"level":"error","message":"✘ Completions for node failed: Error: objetos.mercadoAdmin.factories [Field]{d05342} at objetos.wlk:109 exhausted all cases without a match objetos.mercadoAdmin.factories [Field]{d05342} at objetos.wlk:109 exhausted all cases without a match","stack":"Error: objetos.mercadoAdmin.factories [Field]{d05342} at objetos.wlk:109 exhausted all cases without a match\n    at /home/felipe/.vscode/extensions/uqbar.wollok-lsp-ide-0.3.6/out/server/src/server.js:38:6067\n    at yh (/home/felipe/.vscode/extensions/uqbar.wollok-lsp-ide-0.3.6/out/server/src/server.js:2291:42)\n    at kh (/home/felipe/.vscode/extensions/uqbar.wollok-lsp-ide-0.3.6/out/server/src/server.js:2291:1004)\n    at yh (/home/felipe/.vscode/extensions/uqbar.wollok-lsp-ide-0.3.6/out/server/src/server.js:2291:456)\n    at kh (/home/felipe/.vscode/extensions/uqbar.wollok-lsp-ide-0.3.6/out/server/src/server.js:2291:1004)\n    at Y5n (/home/felipe/.vscode/extensions/uqbar.wollok-lsp-ide-0.3.6/out/server/src/server.js:2291:1160)\n    at /home/felipe/.vscode/extensions/uqbar.wollok-lsp-ide-0.3.6/out/server/src/server.js:38:6056\n    at yh (/home/felipe/.vscode/extensions/uqbar.wollok-lsp-ide-0.3.6/out/server/src/server.js:2291:42)\n    at /home/felipe/.vscode/extensions/uqbar.wollok-lsp-ide-0.3.6/out/server/src/server.js:2291:2700\n    at /home/felipe/.vscode/extensions/uqbar.wollok-lsp-ide-0.3.6/out/server/src/server.js:2298:3774","timestamp":"2024-10-12T11:48:05.784Z"}
{"level":"info","message":"⌛ Building environment","timeElapsed":192,"timestamp":"2024-10-12T11:48:05.977Z"}
{"level":"info","message":"⌛ Validating objetos.wlk","timeElapsed":205,"timestamp":"2024-10-12T11:48:06.182Z"}
{"level":"info","message":"⌛ Validating objetos.wlk","timeElapsed":193,"timestamp":"2024-10-12T11:48:06.376Z"}
{"level":"info","message":"⌛ Validating objetos.wlk","timeElapsed":195,"timestamp":"2024-10-12T11:48:06.580Z"}
{"level":"info","message":"⌛ Validating objetos.wlk","timeElapsed":219,"timestamp":"2024-10-12T11:48:06.800Z"}
{"level":"info","message":"⌛ Validating objetos.wlk","timeElapsed":186,"timestamp":"2024-10-12T11:48:06.987Z"}
{"level":"info","message":"⌛ Building environment","timeElapsed":174,"timestamp":"2024-10-12T11:48:07.240Z"}
{"level":"error","message":"✘ Completions for node failed: Error: [Literal]{360af0} at objetos.wlk:109 exhausted all cases without a match [Literal]{360af0} at objetos.wlk:109 exhausted all cases without a match","stack":"Error: [Literal]{360af0} at objetos.wlk:109 exhausted all cases without a match\n    at /home/felipe/.vscode/extensions/uqbar.wollok-lsp-ide-0.3.6/out/server/src/server.js:38:6067\n    at yh (/home/felipe/.vscode/extensions/uqbar.wollok-lsp-ide-0.3.6/out/server/src/server.js:2291:42)\n    at kh (/home/felipe/.vscode/extensions/uqbar.wollok-lsp-ide-0.3.6/out/server/src/server.js:2291:1004)\n    at Y5n (/home/felipe/.vscode/extensions/uqbar.wollok-lsp-ide-0.3.6/out/server/src/server.js:2291:1160)\n    at /home/felipe/.vscode/extensions/uqbar.wollok-lsp-ide-0.3.6/out/server/src/server.js:38:6056\n    at yh (/home/felipe/.vscode/extensions/uqbar.wollok-lsp-ide-0.3.6/out/server/src/server.js:2291:42)\n    at /home/felipe/.vscode/extensions/uqbar.wollok-lsp-ide-0.3.6/out/server/src/server.js:2291:2700\n    at /home/felipe/.vscode/extensions/uqbar.wollok-lsp-ide-0.3.6/out/server/src/server.js:2298:3774\n    at /home/felipe/.vscode/extensions/uqbar.wollok-lsp-ide-0.3.6/out/server/src/server.js:37:74872\n    at Fe (/home/felipe/.vscode/extensions/uqbar.wollok-lsp-ide-0.3.6/out/server/src/server.js:7:8527)","timestamp":"2024-10-12T11:48:07.329Z"}
{"level":"error","message":"✘ Completions for node failed: Error: objetos.mercadoAdmin.factories [Field]{567caf} at objetos.wlk:109 exhausted all cases without a match objetos.mercadoAdmin.factories [Field]{567caf} at objetos.wlk:109 exhausted all cases without a match","stack":"Error: objetos.mercadoAdmin.factories [Field]{567caf} at objetos.wlk:109 exhausted all cases without a match\n    at /home/felipe/.vscode/extensions/uqbar.wollok-lsp-ide-0.3.6/out/server/src/server.js:38:6067\n    at yh (/home/felipe/.vscode/extensions/uqbar.wollok-lsp-ide-0.3.6/out/server/src/server.js:2291:42)\n    at kh (/home/felipe/.vscode/extensions/uqbar.wollok-lsp-ide-0.3.6/out/server/src/server.js:2291:1004)\n    at yh (/home/felipe/.vscode/extensions/uqbar.wollok-lsp-ide-0.3.6/out/server/src/server.js:2291:456)\n    at kh (/home/felipe/.vscode/extensions/uqbar.wollok-lsp-ide-0.3.6/out/server/src/server.js:2291:1004)\n    at Y5n (/home/felipe/.vscode/extensions/uqbar.wollok-lsp-ide-0.3.6/out/server/src/server.js:2291:1160)\n    at /home/felipe/.vscode/extensions/uqbar.wollok-lsp-ide-0.3.6/out/server/src/server.js:38:6056\n    at yh (/home/felipe/.vscode/extensions/uqbar.wollok-lsp-ide-0.3.6/out/server/src/server.js:2291:42)\n    at /home/felipe/.vscode/extensions/uqbar.wollok-lsp-ide-0.3.6/out/server/src/server.js:2291:2700\n    at /home/felipe/.vscode/extensions/uqbar.wollok-lsp-ide-0.3.6/out/server/src/server.js:2298:3774","timestamp":"2024-10-12T11:48:07.329Z"}
{"level":"info","message":"⌛ Validating objetos.wlk","timeElapsed":194,"timestamp":"2024-10-12T11:48:07.525Z"}
{"level":"info","message":"⌛ Building environment","timeElapsed":213,"timestamp":"2024-10-12T11:48:09.088Z"}
{"level":"info","message":"⌛ Building environment","timeElapsed":162,"timestamp":"2024-10-12T11:48:09.251Z"}
{"level":"info","message":"⌛ Validating objetos.wlk","timeElapsed":237,"timestamp":"2024-10-12T11:48:09.490Z"}
{"level":"info","message":"⌛ Building environment","timeElapsed":175,"timestamp":"2024-10-12T11:48:09.666Z"}
{"level":"info","message":"⌛ Validating objetos.wlk","timeElapsed":204,"timestamp":"2024-10-12T11:48:09.871Z"}
{"level":"info","message":"⌛ Validating objetos.wlk","timeElapsed":236,"timestamp":"2024-10-12T11:48:10.154Z"}
{"level":"info","message":"⌛ Building environment","timeElapsed":182,"timestamp":"2024-10-12T11:48:10.338Z"}
{"level":"error","message":"✘ Completions for node failed: Error: [Literal]{17290f} at objetos.wlk:109 exhausted all cases without a match [Literal]{17290f} at objetos.wlk:109 exhausted all cases without a match","stack":"Error: [Literal]{17290f} at objetos.wlk:109 exhausted all cases without a match\n    at /home/felipe/.vscode/extensions/uqbar.wollok-lsp-ide-0.3.6/out/server/src/server.js:38:6067\n    at yh (/home/felipe/.vscode/extensions/uqbar.wollok-lsp-ide-0.3.6/out/server/src/server.js:2291:42)\n    at kh (/home/felipe/.vscode/extensions/uqbar.wollok-lsp-ide-0.3.6/out/server/src/server.js:2291:1004)\n    at Y5n (/home/felipe/.vscode/extensions/uqbar.wollok-lsp-ide-0.3.6/out/server/src/server.js:2291:1160)\n    at /home/felipe/.vscode/extensions/uqbar.wollok-lsp-ide-0.3.6/out/server/src/server.js:38:6056\n    at yh (/home/felipe/.vscode/extensions/uqbar.wollok-lsp-ide-0.3.6/out/server/src/server.js:2291:42)\n    at /home/felipe/.vscode/extensions/uqbar.wollok-lsp-ide-0.3.6/out/server/src/server.js:2291:2700\n    at /home/felipe/.vscode/extensions/uqbar.wollok-lsp-ide-0.3.6/out/server/src/server.js:2298:3774\n    at /home/felipe/.vscode/extensions/uqbar.wollok-lsp-ide-0.3.6/out/server/src/server.js:37:74872\n    at Fe (/home/felipe/.vscode/extensions/uqbar.wollok-lsp-ide-0.3.6/out/server/src/server.js:7:8527)","timestamp":"2024-10-12T11:48:10.380Z"}
{"level":"error","message":"✘ Completions for node failed: Error: objetos.mercadoAdmin.factories [Field]{e74d61} at objetos.wlk:109 exhausted all cases without a match objetos.mercadoAdmin.factories [Field]{e74d61} at objetos.wlk:109 exhausted all cases without a match","stack":"Error: objetos.mercadoAdmin.factories [Field]{e74d61} at objetos.wlk:109 exhausted all cases without a match\n    at /home/felipe/.vscode/extensions/uqbar.wollok-lsp-ide-0.3.6/out/server/src/server.js:38:6067\n    at yh (/home/felipe/.vscode/extensions/uqbar.wollok-lsp-ide-0.3.6/out/server/src/server.js:2291:42)\n    at kh (/home/felipe/.vscode/extensions/uqbar.wollok-lsp-ide-0.3.6/out/server/src/server.js:2291:1004)\n    at yh (/home/felipe/.vscode/extensions/uqbar.wollok-lsp-ide-0.3.6/out/server/src/server.js:2291:456)\n    at kh (/home/felipe/.vscode/extensions/uqbar.wollok-lsp-ide-0.3.6/out/server/src/server.js:2291:1004)\n    at Y5n (/home/felipe/.vscode/extensions/uqbar.wollok-lsp-ide-0.3.6/out/server/src/server.js:2291:1160)\n    at /home/felipe/.vscode/extensions/uqbar.wollok-lsp-ide-0.3.6/out/server/src/server.js:38:6056\n    at yh (/home/felipe/.vscode/extensions/uqbar.wollok-lsp-ide-0.3.6/out/server/src/server.js:2291:42)\n    at /home/felipe/.vscode/extensions/uqbar.wollok-lsp-ide-0.3.6/out/server/src/server.js:2291:2700\n    at /home/felipe/.vscode/extensions/uqbar.wollok-lsp-ide-0.3.6/out/server/src/server.js:2298:3774","timestamp":"2024-10-12T11:48:10.380Z"}
{"level":"info","message":"⌛ Validating objetos.wlk","timeElapsed":206,"timestamp":"2024-10-12T11:48:10.588Z"}
{"level":"info","message":"⌛ Building environment","timeElapsed":214,"timestamp":"2024-10-12T11:48:10.804Z"}
{"level":"error","message":"✘ Completions for node failed: Error: [Literal]{65712d} at objetos.wlk:109 exhausted all cases without a match [Literal]{65712d} at objetos.wlk:109 exhausted all cases without a match","stack":"Error: [Literal]{65712d} at objetos.wlk:109 exhausted all cases without a match\n    at /home/felipe/.vscode/extensions/uqbar.wollok-lsp-ide-0.3.6/out/server/src/server.js:38:6067\n    at yh (/home/felipe/.vscode/extensions/uqbar.wollok-lsp-ide-0.3.6/out/server/src/server.js:2291:42)\n    at kh (/home/felipe/.vscode/extensions/uqbar.wollok-lsp-ide-0.3.6/out/server/src/server.js:2291:1004)\n    at Y5n (/home/felipe/.vscode/extensions/uqbar.wollok-lsp-ide-0.3.6/out/server/src/server.js:2291:1160)\n    at /home/felipe/.vscode/extensions/uqbar.wollok-lsp-ide-0.3.6/out/server/src/server.js:38:6056\n    at yh (/home/felipe/.vscode/extensions/uqbar.wollok-lsp-ide-0.3.6/out/server/src/server.js:2291:42)\n    at /home/felipe/.vscode/extensions/uqbar.wollok-lsp-ide-0.3.6/out/server/src/server.js:2291:2700\n    at /home/felipe/.vscode/extensions/uqbar.wollok-lsp-ide-0.3.6/out/server/src/server.js:2298:3774\n    at /home/felipe/.vscode/extensions/uqbar.wollok-lsp-ide-0.3.6/out/server/src/server.js:37:74872\n    at Fe (/home/felipe/.vscode/extensions/uqbar.wollok-lsp-ide-0.3.6/out/server/src/server.js:7:8527)","timestamp":"2024-10-12T11:48:10.845Z"}
{"level":"error","message":"✘ Completions for node failed: Error: objetos.mercadoAdmin.factories [Field]{755fb9} at objetos.wlk:109 exhausted all cases without a match objetos.mercadoAdmin.factories [Field]{755fb9} at objetos.wlk:109 exhausted all cases without a match","stack":"Error: objetos.mercadoAdmin.factories [Field]{755fb9} at objetos.wlk:109 exhausted all cases without a match\n    at /home/felipe/.vscode/extensions/uqbar.wollok-lsp-ide-0.3.6/out/server/src/server.js:38:6067\n    at yh (/home/felipe/.vscode/extensions/uqbar.wollok-lsp-ide-0.3.6/out/server/src/server.js:2291:42)\n    at kh (/home/felipe/.vscode/extensions/uqbar.wollok-lsp-ide-0.3.6/out/server/src/server.js:2291:1004)\n    at yh (/home/felipe/.vscode/extensions/uqbar.wollok-lsp-ide-0.3.6/out/server/src/server.js:2291:456)\n    at kh (/home/felipe/.vscode/extensions/uqbar.wollok-lsp-ide-0.3.6/out/server/src/server.js:2291:1004)\n    at Y5n (/home/felipe/.vscode/extensions/uqbar.wollok-lsp-ide-0.3.6/out/server/src/server.js:2291:1160)\n    at /home/felipe/.vscode/extensions/uqbar.wollok-lsp-ide-0.3.6/out/server/src/server.js:38:6056\n    at yh (/home/felipe/.vscode/extensions/uqbar.wollok-lsp-ide-0.3.6/out/server/src/server.js:2291:42)\n    at /home/felipe/.vscode/extensions/uqbar.wollok-lsp-ide-0.3.6/out/server/src/server.js:2291:2700\n    at /home/felipe/.vscode/extensions/uqbar.wollok-lsp-ide-0.3.6/out/server/src/server.js:2298:3774","timestamp":"2024-10-12T11:48:10.845Z"}
{"level":"info","message":"⌛ Building environment","timeElapsed":165,"timestamp":"2024-10-12T11:48:11.015Z"}
{"level":"info","message":"⌛ Validating objetos.wlk","timeElapsed":277,"timestamp":"2024-10-12T11:48:11.298Z"}
{"level":"info","message":"⌛ Validating objetos.wlk","timeElapsed":215,"timestamp":"2024-10-12T11:48:11.568Z"}
{"level":"info","message":"⌛ Building environment","timeElapsed":278,"timestamp":"2024-10-12T11:48:29.517Z"}
{"level":"info","message":"⌛ Building environment","timeElapsed":159,"timestamp":"2024-10-12T11:48:29.679Z"}
{"level":"info","message":"⌛ Validating objetos.wlk","timeElapsed":233,"timestamp":"2024-10-12T11:48:29.913Z"}
{"level":"info","message":"⌛ Building environment","timeElapsed":164,"timestamp":"2024-10-12T11:48:30.077Z"}
{"level":"info","message":"⌛ Validating objetos.wlk","timeElapsed":185,"timestamp":"2024-10-12T11:48:30.263Z"}
{"level":"info","message":"⌛ Validating objetos.wlk","timeElapsed":226,"timestamp":"2024-10-12T11:48:30.542Z"}
{"level":"info","message":"⌛ Building environment","timeElapsed":195,"timestamp":"2024-10-12T11:48:30.739Z"}
{"level":"error","message":"✘ Completions for node failed: Error: objetos.mercadoAdmin.factoru [Field]{8cc9ed} at objetos.wlk:109 exhausted all cases without a match objetos.mercadoAdmin.factoru [Field]{8cc9ed} at objetos.wlk:109 exhausted all cases without a match","stack":"Error: objetos.mercadoAdmin.factoru [Field]{8cc9ed} at objetos.wlk:109 exhausted all cases without a match\n    at /home/felipe/.vscode/extensions/uqbar.wollok-lsp-ide-0.3.6/out/server/src/server.js:38:6067\n    at yh (/home/felipe/.vscode/extensions/uqbar.wollok-lsp-ide-0.3.6/out/server/src/server.js:2291:42)\n    at /home/felipe/.vscode/extensions/uqbar.wollok-lsp-ide-0.3.6/out/server/src/server.js:2291:2700\n    at /home/felipe/.vscode/extensions/uqbar.wollok-lsp-ide-0.3.6/out/server/src/server.js:2298:3774\n    at /home/felipe/.vscode/extensions/uqbar.wollok-lsp-ide-0.3.6/out/server/src/server.js:37:74872\n    at Fe (/home/felipe/.vscode/extensions/uqbar.wollok-lsp-ide-0.3.6/out/server/src/server.js:7:8527)\n    at Pt (/home/felipe/.vscode/extensions/uqbar.wollok-lsp-ide-0.3.6/out/server/src/server.js:7:6189)\n    at Gi (/home/felipe/.vscode/extensions/uqbar.wollok-lsp-ide-0.3.6/out/server/src/server.js:7:6378)\n    at Immediate._onImmediate (/home/felipe/.vscode/extensions/uqbar.wollok-lsp-ide-0.3.6/out/server/src/server.js:7:6142)\n    at process.processImmediate (node:internal/timers:483:21)","timestamp":"2024-10-12T11:48:30.800Z"}
{"level":"info","message":"⌛ Validating objetos.wlk","timeElapsed":194,"timestamp":"2024-10-12T11:48:30.995Z"}
{"level":"info","message":"⌛ Building environment","timeElapsed":227,"timestamp":"2024-10-12T11:48:31.224Z"}
{"level":"error","message":"✘ Completions for node failed: Error: objetos.mercadoAdmin.factor [Field]{3e6d46} at objetos.wlk:109 exhausted all cases without a match objetos.mercadoAdmin.factor [Field]{3e6d46} at objetos.wlk:109 exhausted all cases without a match","stack":"Error: objetos.mercadoAdmin.factor [Field]{3e6d46} at objetos.wlk:109 exhausted all cases without a match\n    at /home/felipe/.vscode/extensions/uqbar.wollok-lsp-ide-0.3.6/out/server/src/server.js:38:6067\n    at yh (/home/felipe/.vscode/extensions/uqbar.wollok-lsp-ide-0.3.6/out/server/src/server.js:2291:42)\n    at /home/felipe/.vscode/extensions/uqbar.wollok-lsp-ide-0.3.6/out/server/src/server.js:2291:2700\n    at /home/felipe/.vscode/extensions/uqbar.wollok-lsp-ide-0.3.6/out/server/src/server.js:2298:3774\n    at /home/felipe/.vscode/extensions/uqbar.wollok-lsp-ide-0.3.6/out/server/src/server.js:37:74872\n    at Fe (/home/felipe/.vscode/extensions/uqbar.wollok-lsp-ide-0.3.6/out/server/src/server.js:7:8527)\n    at Pt (/home/felipe/.vscode/extensions/uqbar.wollok-lsp-ide-0.3.6/out/server/src/server.js:7:6189)\n    at Gi (/home/felipe/.vscode/extensions/uqbar.wollok-lsp-ide-0.3.6/out/server/src/server.js:7:6378)\n    at Immediate._onImmediate (/home/felipe/.vscode/extensions/uqbar.wollok-lsp-ide-0.3.6/out/server/src/server.js:7:6142)\n    at process.processImmediate (node:internal/timers:483:21)","timestamp":"2024-10-12T11:48:31.275Z"}
{"level":"info","message":"⌛ Building environment","timeElapsed":147,"timestamp":"2024-10-12T11:48:31.423Z"}
{"level":"info","message":"⌛ Validating objetos.wlk","timeElapsed":215,"timestamp":"2024-10-12T11:48:31.639Z"}
{"level":"info","message":"⌛ Validating objetos.wlk","timeElapsed":234,"timestamp":"2024-10-12T11:48:31.874Z"}
{"level":"info","message":"⌛ Building environment","timeElapsed":205,"timestamp":"2024-10-12T11:48:33.361Z"}
{"level":"info","message":"⌛ Validating objetos.wlk","timeElapsed":187,"timestamp":"2024-10-12T11:48:33.549Z"}
{"level":"error","message":"✘ Failed to get type description: Error: Failed to print, found malformed node Failed to print, found malformed node","node":{"id":"3b354af8-d48f-454e-9102-c165ac271757","members":[{"id":"1b45c7d1-475b-43a2-ba2a-dd4e2183fea7","isConstant":true,"isProperty":false,"metadata":[],"name":"terreno","scope":{"containerScope":{"containerScope":{"containerScope":{"contributions":{},"includedScopes":[]},"contributions":{},"includedScopes":[{"contributions":{},"includedScopes":[]},{"contributions":{},"includedScopes":[]},{"contributions":{},"includedScopes":[]}]},"contributions":{},"includedScopes":[{"containerScope":{"containerScope":{"containerScope":{"contributions":{},"includedScopes":[]},"contributions":{},"includedScopes":[]},"contributions":{},"includedScopes":[]},"contributions":{},"includedScopes":[]}]},"contributions":{},"includedScopes":[]},"sourceMap":{"end":{"column":24,"line":108,"offset":2250},"start":{"column":2,"line":108,"offset":2228}},"value":{"id":"40b810b7-bd34-4fdc-a18c-0fe0e0b244e9","metadata":[],"name":"granja","scope":{"containerScope":{"containerScope":{"containerScope":{"containerScope":{"contributions":{},"includedScopes":[]},"contributions":{},"includedScopes":[{"contributions":{},"includedScopes":[]},{"contributions":{},"includedScopes":[]},{"contributions":{},"includedScopes":[]}]},"contributions":{},"includedScopes":[{"containerScope":{"containerScope":{"containerScope":{"contributions":{},"includedScopes":[]},"contributions":{},"includedScopes":[]},"contributions":{},"includedScopes":[]},"contributions":{},"includedScopes":[]}]},"contributions":{},"includedScopes":[]},"contributions":{},"includedScopes":[]},"sourceMap":{"end":{"column":0,"line":109,"offset":2250},"start":{"column":18,"line":108,"offset":2244}}}},{"id":"585565a5-806a-4e3c-a9db-389aa84f1e9f","isConstant":true,"isProperty":false,"metadata":[],"name":"factory","scope":{"containerScope":{"containerScope":{"containerScope":{"contributions":{},"includedScopes":[]},"contributions":{},"includedScopes":[{"contributions":{},"includedScopes":[]},{"contributions":{},"includedScopes":[]},{"contributions":{},"includedScopes":[]}]},"contributions":{},"includedScopes":[{"containerScope":{"containerScope":{"containerScope":{"contributions":{},"includedScopes":[]},"contributions":{},"includedScopes":[]},"contributions":{},"includedScopes":[]},"contributions":{},"includedScopes":[]}]},"contributions":{},"includedScopes":[]},"sourceMap":{"end":{"column":15,"line":109,"offset":2265},"start":{"column":2,"line":109,"offset":2252}},"value":{"id":"ab77e165-3ea3-445a-9c96-cfa0af2a91b7","metadata":[],"scope":{"containerScope":{"containerScope":{"containerScope":{"containerScope":{"contributions":{},"includedScopes":[]},"contributions":{},"includedScopes":[{"contributions":{},"includedScopes":[]},{"contributions":{},"includedScopes":[]},{"contributions":{},"includedScopes":[]}]},"contributions":{},"includedScopes":[{"containerScope":{"containerScope":{"containerScope":{"contributions":{},"includedScopes":[]},"contributions":{},"includedScopes":[]},"contributions":{},"includedScopes":[]},"contributions":{},"includedScopes":[]}]},"contributions":{},"includedScopes":[]},"contributions":{},"includedScopes":[]},"value":null}},{"body":{"id":"88c007b9-6acc-4ebe-8a2d-d3897a02886b","metadata":[],"problems":[{"code":"malformedSentence","sourceMap":{"end":{"column":18,"line":112,"offset":2328},"start":{"column":17,"line":112,"offset":2327}}}],"scope":{"containerScope":{"containerScope":{"containerScope":{"containerScope":{"contributions":{},"includedScopes":[]},"contributions":{},"includedScopes":[{"contributions":{},"includedScopes":[]},{"contributions":{},"includedScopes":[]},{"contributions":{},"includedScopes":[]}]},"contributions":{},"includedScopes":[{"containerScope":{"containerScope":{"containerScope":{"contributions":{},"includedScopes":[]},"contributions":{},"includedScopes":[]},"contributions":{},"includedScopes":[]},"contributions":{},"includedScopes":[]}]},"contributions":{},"includedScopes":[]},"contributions":{},"includedScopes":[]},"sentences":[{"id":"d1e32733-9161-4946-accc-1295980dbf3a","isConstant":true,"metadata":[],"name":"mercado","scope":{"containerScope":{"containerScope":{"containerScope":{"containerScope":{"containerScope":{"contributions":{},"includedScopes":[]},"contributions":{},"includedScopes":[{"contributions":{},"includedScopes":[]},{"contributions":{},"includedScopes":[]},{"contributions":{},"includedScopes":[]}]},"contributions":{},"includedScopes":[{"containerScope":{"containerScope":{"containerScope":{"contributions":{},"includedScopes":[]},"contributions":{},"includedScopes":[]},"contributions":{},"includedScopes":[]},"contributions":{},"includedScopes":[]}]},"contributions":{},"includedScopes":[]},"contributions":{},"includedScopes":[]},"contributions":{},"includedScopes":[]},"sourceMap":{"end":{"column":16,"line":112,"offset":2326},"start":{"column":3,"line":112,"offset":2313}},"value":{"id":"ab747715-4f29-448f-af9c-a84e7f27b2fb","metadata":[],"scope":{"containerScope":{"containerScope":{"containerScope":{"containerScope":{"containerScope":{"containerScope":{"contributions":{},"includedScopes":[]},"contributions":{},"includedScopes":[{"contributions":{},"includedScopes":[]},{"contributions":{},"includedScopes":[]},{"contributions":{},"includedScopes":[]}]},"contributions":{},"includedScopes":[{"containerScope":{"containerScope":{"containerScope":{"contributions":{},"includedScopes":[]},"contributions":{},"includedScopes":[]},"contributions":{},"includedScopes":[]},"contributions":{},"includedScopes":[]}]},"contributions":{},"includedScopes":[]},"contributions":{},"includedScopes":[]},"contributions":{},"includedScopes":[]},"contributions":{},"includedScopes":[]},"value":null}}],"sourceMap":{"end":{"column":3,"line":113,"offset":2332},"start":{"column":24,"line":111,"offset":2309}}},"id":"bc8821a1-9aac-4827-bf3b-fde287d5e3b6","isOverride":false,"metadata":[],"name":"nuevoMercado","parameters":[],"problems":[],"scope":{"containerScope":{"containerScope":{"containerScope":{"contributions":{},"includedScopes":[]},"contributions":{},"includedScopes":[{"contributions":{},"includedScopes":[]},{"contributions":{},"includedScopes":[]},{"contributions":{},"includedScopes":[]}]},"contributions":{},"includedScopes":[{"containerScope":{"containerScope":{"containerScope":{"contributions":{},"includedScopes":[]},"contributions":{},"includedScopes":[]},"contributions":{},"includedScopes":[]},"contributions":{},"includedScopes":[]}]},"contributions":{},"includedScopes":[]},"sourceMap":{"end":{"column":3,"line":113,"offset":2332},"start":{"column":2,"line":111,"offset":2287}}}],"metadata":[],"name":"mercadoAdmin","problems":[{"code":"malformedMember","sourceMap":{"end":{"column":0,"line":110,"offset":2284},"start":{"column":16,"line":109,"offset":2266}}}],"scope":{"containerScope":{"containerScope":{"contributions":{},"includedScopes":[]},"contributions":{},"includedScopes":[{"contributions":{},"includedScopes":[]},{"contributions":{},"includedScopes":[]},{"contributions":{},"includedScopes":[]}]},"contributions":{},"includedScopes":[{"containerScope":{"containerScope":{"containerScope":{"contributions":{},"includedScopes":[]},"contributions":{},"includedScopes":[]},"contributions":{},"includedScopes":[]},"contributions":{},"includedScopes":[]}]},"sourceMap":{"end":{"column":2,"line":114,"offset":2334},"start":{"column":1,"line":107,"offset":2205}},"supertypes":[]},"stack":"Error: Failed to print, found malformed node\n    at /home/felipe/.vscode/extensions/uqbar.wollok-lsp-ide-0.3.6/out/server/src/server.js:68:3533\n    at aln (/home/felipe/.vscode/extensions/uqbar.wollok-lsp-ide-0.3.6/out/server/src/server.js:68:3344)\n    at /home/felipe/.vscode/extensions/uqbar.wollok-lsp-ide-0.3.6/out/server/src/server.js:2285:847\n    at /home/felipe/.vscode/extensions/uqbar.wollok-lsp-ide-0.3.6/out/server/src/server.js:2298:3774\n    at /home/felipe/.vscode/extensions/uqbar.wollok-lsp-ide-0.3.6/out/server/src/server.js:37:74770\n    at Fe (/home/felipe/.vscode/extensions/uqbar.wollok-lsp-ide-0.3.6/out/server/src/server.js:7:8527)\n    at Pt (/home/felipe/.vscode/extensions/uqbar.wollok-lsp-ide-0.3.6/out/server/src/server.js:7:6189)\n    at Gi (/home/felipe/.vscode/extensions/uqbar.wollok-lsp-ide-0.3.6/out/server/src/server.js:7:6378)\n    at Immediate._onImmediate (/home/felipe/.vscode/extensions/uqbar.wollok-lsp-ide-0.3.6/out/server/src/server.js:7:6142)\n    at process.processImmediate (node:internal/timers:483:21)","timestamp":"2024-10-12T11:48:34.293Z"}
{"level":"info","message":"⌛ Building environment","timeElapsed":242,"timestamp":"2024-10-12T11:48:35.580Z"}
{"level":"info","message":"⌛ Building environment","timeElapsed":171,"timestamp":"2024-10-12T11:48:35.752Z"}
{"level":"info","message":"⌛ Validating objetos.wlk","timeElapsed":222,"timestamp":"2024-10-12T11:48:35.976Z"}
{"level":"info","message":"⌛ Building environment","timeElapsed":214,"timestamp":"2024-10-12T11:48:36.192Z"}
{"level":"info","message":"⌛ Validating objetos.wlk","timeElapsed":212,"timestamp":"2024-10-12T11:48:36.405Z"}
{"level":"info","message":"⌛ Validating objetos.wlk","timeElapsed":225,"timestamp":"2024-10-12T11:48:36.641Z"}
{"level":"info","message":"⌛ Building environment","timeElapsed":235,"timestamp":"2024-10-12T11:48:36.878Z"}
{"level":"info","message":"⌛ Validating objetos.wlk","timeElapsed":210,"timestamp":"2024-10-12T11:48:37.101Z"}
{"level":"info","message":"⌛ Building environment","timeElapsed":173,"timestamp":"2024-10-12T11:48:39.044Z"}
{"level":"error","message":"✘ Completions for node failed: Error: mercado [Variable]{90f2b5} at objetos.wlk:112 exhausted all cases without a match mercado [Variable]{90f2b5} at objetos.wlk:112 exhausted all cases without a match","stack":"Error: mercado [Variable]{90f2b5} at objetos.wlk:112 exhausted all cases without a match\n    at /home/felipe/.vscode/extensions/uqbar.wollok-lsp-ide-0.3.6/out/server/src/server.js:38:6067\n    at yh (/home/felipe/.vscode/extensions/uqbar.wollok-lsp-ide-0.3.6/out/server/src/server.js:2291:42)\n    at kh (/home/felipe/.vscode/extensions/uqbar.wollok-lsp-ide-0.3.6/out/server/src/server.js:2291:1004)\n    at Y5n (/home/felipe/.vscode/extensions/uqbar.wollok-lsp-ide-0.3.6/out/server/src/server.js:2291:1160)\n    at /home/felipe/.vscode/extensions/uqbar.wollok-lsp-ide-0.3.6/out/server/src/server.js:38:6056\n    at yh (/home/felipe/.vscode/extensions/uqbar.wollok-lsp-ide-0.3.6/out/server/src/server.js:2291:42)\n    at /home/felipe/.vscode/extensions/uqbar.wollok-lsp-ide-0.3.6/out/server/src/server.js:2291:2700\n    at /home/felipe/.vscode/extensions/uqbar.wollok-lsp-ide-0.3.6/out/server/src/server.js:2298:3774\n    at /home/felipe/.vscode/extensions/uqbar.wollok-lsp-ide-0.3.6/out/server/src/server.js:37:74872\n    at Fe (/home/felipe/.vscode/extensions/uqbar.wollok-lsp-ide-0.3.6/out/server/src/server.js:7:8527)","timestamp":"2024-10-12T11:48:39.131Z"}
{"level":"info","message":"⌛ Building environment","timeElapsed":212,"timestamp":"2024-10-12T11:48:39.347Z"}
{"level":"info","message":"⌛ Validating objetos.wlk","timeElapsed":234,"timestamp":"2024-10-12T11:48:39.583Z"}
{"level":"info","message":"onRequest - completionItem/resolve","timestamp":"2024-10-12T11:48:39.584Z"}
{"level":"info","message":"⌛ Building environment","timeElapsed":175,"timestamp":"2024-10-12T11:48:39.759Z"}
{"level":"info","message":"onRequest - completionItem/resolve","timestamp":"2024-10-12T11:48:39.766Z"}
{"level":"info","message":"⌛ Validating objetos.wlk","timeElapsed":249,"timestamp":"2024-10-12T11:48:40.016Z"}
{"level":"info","message":"⌛ Building environment","timeElapsed":165,"timestamp":"2024-10-12T11:48:40.188Z"}
{"level":"info","message":"onRequest - completionItem/resolve","timestamp":"2024-10-12T11:48:40.188Z"}
{"level":"info","message":"⌛ Building environment","timeElapsed":143,"timestamp":"2024-10-12T11:48:40.331Z"}
{"level":"info","message":"onRequest - completionItem/resolve","timestamp":"2024-10-12T11:48:40.333Z"}
{"level":"info","message":"⌛ Building environment","timeElapsed":226,"timestamp":"2024-10-12T11:48:40.560Z"}
{"level":"info","message":"onRequest - completionItem/resolve","timestamp":"2024-10-12T11:48:40.561Z"}
{"level":"info","message":"⌛ Validating objetos.wlk","timeElapsed":234,"timestamp":"2024-10-12T11:48:40.796Z"}
{"level":"info","message":"⌛ Building environment","timeElapsed":144,"timestamp":"2024-10-12T11:48:40.942Z"}
{"level":"info","message":"onRequest - completionItem/resolve","timestamp":"2024-10-12T11:48:40.948Z"}
{"level":"info","message":"⌛ Validating objetos.wlk","timeElapsed":214,"timestamp":"2024-10-12T11:48:41.208Z"}
{"level":"info","message":"⌛ Validating objetos.wlk","timeElapsed":184,"timestamp":"2024-10-12T11:48:41.393Z"}
{"level":"info","message":"⌛ Validating objetos.wlk","timeElapsed":182,"timestamp":"2024-10-12T11:48:41.577Z"}
{"level":"info","message":"⌛ Building environment","timeElapsed":186,"timestamp":"2024-10-12T11:48:41.763Z"}
{"level":"info","message":"⌛ Validating objetos.wlk","timeElapsed":281,"timestamp":"2024-10-12T11:48:42.149Z"}
{"level":"info","message":"⌛ Building environment","timeElapsed":229,"timestamp":"2024-10-12T11:48:42.380Z"}
{"level":"info","message":"⌛ Validating objetos.wlk","timeElapsed":307,"timestamp":"2024-10-12T11:48:42.689Z"}
{"level":"info","message":"⌛ Building environment","timeElapsed":248,"timestamp":"2024-10-12T11:48:42.939Z"}
{"level":"info","message":"onRequest - completionItem/resolve","timestamp":"2024-10-12T11:48:42.940Z"}
{"level":"info","message":"⌛ Building environment","timeElapsed":160,"timestamp":"2024-10-12T11:48:43.100Z"}
{"level":"info","message":"onRequest - completionItem/resolve","timestamp":"2024-10-12T11:48:43.101Z"}
{"level":"info","message":"⌛ Building environment","timeElapsed":153,"timestamp":"2024-10-12T11:48:43.254Z"}
{"level":"info","message":"onRequest - completionItem/resolve","timestamp":"2024-10-12T11:48:43.256Z"}
{"level":"info","message":"⌛ Building environment","timeElapsed":248,"timestamp":"2024-10-12T11:48:43.505Z"}
{"level":"info","message":"onRequest - completionItem/resolve","timestamp":"2024-10-12T11:48:43.506Z"}
{"level":"info","message":"⌛ Validating objetos.wlk","timeElapsed":263,"timestamp":"2024-10-12T11:48:43.770Z"}
{"level":"info","message":"⌛ Building environment","timeElapsed":160,"timestamp":"2024-10-12T11:48:43.930Z"}
{"level":"info","message":"onRequest - completionItem/resolve","timestamp":"2024-10-12T11:48:43.931Z"}
{"level":"info","message":"⌛ Building environment","timeElapsed":179,"timestamp":"2024-10-12T11:48:44.112Z"}
{"level":"info","message":"onRequest - completionItem/resolve","timestamp":"2024-10-12T11:48:44.113Z"}
{"level":"info","message":"⌛ Validating objetos.wlk","timeElapsed":269,"timestamp":"2024-10-12T11:48:44.426Z"}
{"level":"info","message":"⌛ Validating objetos.wlk","timeElapsed":228,"timestamp":"2024-10-12T11:48:44.655Z"}
{"level":"info","message":"⌛ Validating objetos.wlk","timeElapsed":193,"timestamp":"2024-10-12T11:48:44.849Z"}
{"level":"info","message":"⌛ Validating objetos.wlk","timeElapsed":234,"timestamp":"2024-10-12T11:48:45.084Z"}
{"level":"info","message":"onRequest - completionItem/resolve","timestamp":"2024-10-12T11:48:45.084Z"}
{"level":"info","message":"⌛ Building environment","timeElapsed":178,"timestamp":"2024-10-12T11:48:45.263Z"}
{"level":"info","message":"⌛ Validating objetos.wlk","timeElapsed":233,"timestamp":"2024-10-12T11:48:45.541Z"}
{"level":"info","message":"⌛ Validating objetos.wlk","timeElapsed":215,"timestamp":"2024-10-12T11:48:45.757Z"}
{"level":"info","message":"⌛ Validating objetos.wlk","timeElapsed":207,"timestamp":"2024-10-12T11:48:45.965Z"}
{"level":"info","message":"⌛ Building environment","timeElapsed":280,"timestamp":"2024-10-12T11:55:08.911Z"}
{"level":"info","message":"⌛ Building environment","timeElapsed":322,"timestamp":"2024-10-12T11:55:09.236Z"}
{"level":"info","message":"⌛ Validating objetos.wlk","timeElapsed":211,"timestamp":"2024-10-12T11:55:09.448Z"}
{"level":"info","message":"⌛ Validating objetos.wlk","timeElapsed":182,"timestamp":"2024-10-12T11:55:09.630Z"}
{"level":"info","message":"⌛ Building environment","timeElapsed":179,"timestamp":"2024-10-12T11:55:10.353Z"}
{"level":"info","message":"⌛ Validating objetos.wlk","timeElapsed":225,"timestamp":"2024-10-12T11:55:10.630Z"}
{"level":"info","message":"onRequest - completionItem/resolve","timestamp":"2024-10-12T11:55:10.631Z"}
{"level":"info","message":"⌛ Building environment","timeElapsed":183,"timestamp":"2024-10-12T11:55:10.815Z"}
{"level":"info","message":"onRequest - completionItem/resolve","timestamp":"2024-10-12T11:55:10.817Z"}
{"level":"info","message":"⌛ Building environment","timeElapsed":220,"timestamp":"2024-10-12T11:55:11.087Z"}
{"level":"info","message":"onRequest - completionItem/resolve","timestamp":"2024-10-12T11:55:11.088Z"}
{"level":"info","message":"⌛ Validating objetos.wlk","timeElapsed":239,"timestamp":"2024-10-12T11:55:11.327Z"}
{"level":"info","message":"⌛ Building environment","timeElapsed":167,"timestamp":"2024-10-12T11:55:11.505Z"}
{"level":"info","message":"onRequest - completionItem/resolve","timestamp":"2024-10-12T11:55:11.506Z"}
{"level":"info","message":"⌛ Validating objetos.wlk","timeElapsed":231,"timestamp":"2024-10-12T11:55:11.738Z"}
{"level":"info","message":"⌛ Building environment","timeElapsed":176,"timestamp":"2024-10-12T11:55:11.915Z"}
{"level":"info","message":"onRequest - completionItem/resolve","timestamp":"2024-10-12T11:55:11.915Z"}
{"level":"info","message":"⌛ Building environment","timeElapsed":155,"timestamp":"2024-10-12T11:55:12.072Z"}
{"level":"info","message":"onRequest - completionItem/resolve","timestamp":"2024-10-12T11:55:12.073Z"}
{"level":"info","message":"⌛ Building environment","timeElapsed":278,"timestamp":"2024-10-12T11:55:12.353Z"}
{"level":"info","message":"⌛ Validating objetos.wlk","timeElapsed":220,"timestamp":"2024-10-12T11:55:12.573Z"}
{"level":"info","message":"⌛ Building environment","timeElapsed":152,"timestamp":"2024-10-12T11:55:12.735Z"}
{"level":"info","message":"⌛ Validating objetos.wlk","timeElapsed":233,"timestamp":"2024-10-12T11:55:13.058Z"}
{"level":"info","message":"⌛ Building environment","timeElapsed":185,"timestamp":"2024-10-12T11:55:13.246Z"}
{"level":"info","message":"⌛ Building environment","timeElapsed":144,"timestamp":"2024-10-12T11:55:13.396Z"}
{"level":"info","message":"⌛ Validating objetos.wlk","timeElapsed":196,"timestamp":"2024-10-12T11:55:13.600Z"}
{"level":"info","message":"⌛ Building environment","timeElapsed":272,"timestamp":"2024-10-12T11:55:13.873Z"}
{"level":"info","message":"⌛ Building environment","timeElapsed":160,"timestamp":"2024-10-12T11:55:14.034Z"}
{"level":"info","message":"⌛ Validating objetos.wlk","timeElapsed":233,"timestamp":"2024-10-12T11:55:14.269Z"}
{"level":"info","message":"⌛ Building environment","timeElapsed":290,"timestamp":"2024-10-12T11:55:14.561Z"}
{"level":"info","message":"⌛ Building environment","timeElapsed":177,"timestamp":"2024-10-12T11:55:14.754Z"}
{"level":"info","message":"⌛ Validating objetos.wlk","timeElapsed":254,"timestamp":"2024-10-12T11:55:15.022Z"}
{"level":"info","message":"⌛ Building environment","timeElapsed":146,"timestamp":"2024-10-12T11:55:15.170Z"}
{"level":"info","message":"⌛ Building environment","timeElapsed":298,"timestamp":"2024-10-12T11:55:15.475Z"}
{"level":"info","message":"⌛ Building environment","timeElapsed":144,"timestamp":"2024-10-12T11:55:15.653Z"}
{"level":"info","message":"⌛ Validating objetos.wlk","timeElapsed":258,"timestamp":"2024-10-12T11:55:15.911Z"}
{"level":"info","message":"⌛ Validating objetos.wlk","timeElapsed":200,"timestamp":"2024-10-12T11:55:16.112Z"}
{"level":"info","message":"⌛ Building environment","timeElapsed":152,"timestamp":"2024-10-12T11:55:16.272Z"}
{"level":"info","message":"⌛ Validating objetos.wlk","timeElapsed":266,"timestamp":"2024-10-12T11:55:16.539Z"}
{"level":"info","message":"⌛ Validating objetos.wlk","timeElapsed":217,"timestamp":"2024-10-12T11:55:16.771Z"}
{"level":"info","message":"⌛ Building environment","timeElapsed":195,"timestamp":"2024-10-12T11:55:16.966Z"}
{"level":"info","message":"⌛ Building environment","timeElapsed":150,"timestamp":"2024-10-12T11:55:17.117Z"}
{"level":"info","message":"⌛ Validating objetos.wlk","timeElapsed":205,"timestamp":"2024-10-12T11:55:17.322Z"}
{"level":"info","message":"⌛ Validating objetos.wlk","timeElapsed":200,"timestamp":"2024-10-12T11:55:17.531Z"}
{"level":"info","message":"⌛ Validating objetos.wlk","timeElapsed":271,"timestamp":"2024-10-12T11:55:17.803Z"}
{"level":"info","message":"⌛ Validating objetos.wlk","timeElapsed":282,"timestamp":"2024-10-12T11:55:18.085Z"}
{"level":"info","message":"⌛ Validating objetos.wlk","timeElapsed":223,"timestamp":"2024-10-12T11:55:18.309Z"}
{"level":"info","message":"⌛ Building environment","timeElapsed":195,"timestamp":"2024-10-12T11:55:18.505Z"}
{"level":"info","message":"⌛ Validating objetos.wlk","timeElapsed":217,"timestamp":"2024-10-12T11:55:18.736Z"}
{"level":"info","message":"⌛ Validating objetos.wlk","timeElapsed":258,"timestamp":"2024-10-12T11:55:18.996Z"}
{"level":"info","message":"⌛ Validating objetos.wlk","timeElapsed":194,"timestamp":"2024-10-12T11:55:19.190Z"}
{"level":"error","message":"✘ Failed to get type description: Error: Failed to print, found malformed node Failed to print, found malformed node","node":{"id":"9520b350-ef2b-4235-93b0-8452fa48ce46","members":[{"body":{"id":"e9835d8f-7729-4fa6-aaac-5bcfe195a80f","metadata":[],"problems":[],"scope":{"containerScope":{"containerScope":{"containerScope":{"containerScope":{"contributions":{},"includedScopes":[]},"contributions":{},"includedScopes":[{"contributions":{},"includedScopes":[]},{"contributions":{},"includedScopes":[]},{"contributions":{},"includedScopes":[]}]},"contributions":{},"includedScopes":[{"containerScope":{"containerScope":{"containerScope":{"contributions":{},"includedScopes":[]},"contributions":{},"includedScopes":[]},"contributions":{},"includedScopes":[]},"contributions":{},"includedScopes":[]}]},"contributions":{},"includedScopes":[]},"contributions":{},"includedScopes":[]},"sentences":[{"id":"880e1ac2-9840-453f-a823-d206096b0cb0","metadata":[],"scope":{"containerScope":{"containerScope":{"containerScope":{"containerScope":{"containerScope":{"contributions":{},"includedScopes":[]},"contributions":{},"includedScopes":[{"contributions":{},"includedScopes":[]},{"contributions":{},"includedScopes":[]},{"contributions":{},"includedScopes":[]}]},"contributions":{},"includedScopes":[{"containerScope":{"containerScope":{"containerScope":{"contributions":{},"includedScopes":[]},"contributions":{},"includedScopes":[]},"contributions":{},"includedScopes":[]},"contributions":{},"includedScopes":[]}]},"contributions":{},"includedScopes":[]},"contributions":{},"includedScopes":[]},"contributions":{},"includedScopes":[]},"sourceMap":{"end":{"column":4,"line":123,"offset":2526},"start":{"column":3,"line":120,"offset":2426}},"value":{"args":[{"args":[],"id":"68247931-2617-496b-9803-5cf309185331","message":"anyOne","metadata":[],"receiver":{"args":[{"args":[{"id":"c4b44048-d228-4bc7-80a1-68ecf368c7eb","metadata":[],"scope":{"containerScope":{"containerScope":{"containerScope":{"containerScope":{"containerScope":{"containerScope":{"containerScope":{"containerScope":{"containerScope":{"containerScope":{"contributions":{},"includedScopes":[]},"contributions":{},"includedScopes":[{"contributions":{},"includedScopes":[]},{"contributions":{},"includedScopes":[]},{"contributions":{},"includedScopes":[]}]},"contributions":{},"includedScopes":[{"containerScope":{"containerScope":{"containerScope":{"contributions":{},"includedScopes":[]},"contributions":{},"includedScopes":[]},"contributions":{},"includedScopes":[]},"contributions":{},"includedScopes":[]}]},"contributions":{},"includedScopes":[]},"contributions":{},"includedScopes":[]},"contributions":{},"includedScopes":[]},"contributions":{},"includedScopes":[]},"contributions":{},"includedScopes":[]},"contributions":{},"includedScopes":[]},"contributions":{},"includedScopes":[]},"contributions":{},"includedScopes":[]},"sourceMap":{"end":{"column":28,"line":121,"offset":2471},"start":{"column":27,"line":121,"offset":2470}},"value":1}],"id":"589e3f4d-e3e7-41fe-bc8b-d40f041a37ff","message":"-","metadata":[],"receiver":{"args":[],"id":"cdc8642f-7294-40ce-aa66-56ff068749a4","message":"width","metadata":[],"receiver":{"id":"49edc524-6d45-4cea-b8ad-6c1b5aa59a8d","metadata":[],"name":"game","scope":{"containerScope":{"containerScope":{"containerScope":{"containerScope":{"containerScope":{"containerScope":{"containerScope":{"containerScope":{"containerScope":{"containerScope":{"containerScope":{"contributions":{},"includedScopes":[]},"contributions":{},"includedScopes":[{"contributions":{},"includedScopes":[]},{"contributions":{},"includedScopes":[]},{"contributions":{},"includedScopes":[]}]},"contributions":{},"includedScopes":[{"containerScope":{"containerScope":{"containerScope":{"contributions":{},"includedScopes":[]},"contributions":{},"includedScopes":[]},"contributions":{},"includedScopes":[]},"contributions":{},"includedScopes":[]}]},"contributions":{},"includedScopes":[]},"contributions":{},"includedScopes":[]},"contributions":{},"includedScopes":[]},"contributions":{},"includedScopes":[]},"contributions":{},"includedScopes":[]},"contributions":{},"includedScopes":[]},"contributions":{},"includedScopes":[]},"contributions":{},"includedScopes":[]},"contributions":{},"includedScopes":[]},"sourceMap":{"end":{"column":16,"line":121,"offset":2459},"start":{"column":12,"line":121,"offset":2455}}},"scope":{"containerScope":{"containerScope":{"containerScope":{"containerScope":{"containerScope":{"containerScope":{"containerScope":{"containerScope":{"containerScope":{"containerScope":{"contributions":{},"includedScopes":[]},"contributions":{},"includedScopes":[{"contributions":{},"includedScopes":[]},{"contributions":{},"includedScopes":[]},{"contributions":{},"includedScopes":[]}]},"contributions":{},"includedScopes":[{"containerScope":{"containerScope":{"containerScope":{"contributions":{},"includedScopes":[]},"contributions":{},"includedScopes":[]},"contributions":{},"includedScopes":[]},"contributions":{},"includedScopes":[]}]},"contributions":{},"includedScopes":[]},"contributions":{},"includedScopes":[]},"contributions":{},"includedScopes":[]},"contributions":{},"includedScopes":[]},"contributions":{},"includedScopes":[]},"contributions":{},"includedScopes":[]},"contributions":{},"includedScopes":[]},"contributions":{},"includedScopes":[]},"sourceMap":{"end":{"column":24,"line":121,"offset":2467},"start":{"column":12,"line":121,"offset":2455}}},"scope":{"containerScope":{"containerScope":{"containerScope":{"containerScope":{"containerScope":{"containerScope":{"containerScope":{"containerScope":{"containerScope":{"contributions":{},"includedScopes":[]},"contributions":{},"includedScopes":[{"contributions":{},"includedScopes":[]},{"contributions":{},"includedScopes":[]},{"contributions":{},"includedScopes":[]}]},"contributions":{},"includedScopes":[{"containerScope":{"containerScope":{"containerScope":{"contributions":{},"includedScopes":[]},"contributions":{},"includedScopes":[]},"contributions":{},"includedScopes":[]},"contributions":{},"includedScopes":[]}]},"contributions":{},"includedScopes":[]},"contributions":{},"includedScopes":[]},"contributions":{},"includedScopes":[]},"contributions":{},"includedScopes":[]},"contributions":{},"includedScopes":[]},"contributions":{},"includedScopes":[]},"contributions":{},"includedScopes":[]},"sourceMap":{"end":{"column":28,"line":121,"offset":2471},"start":{"column":12,"line":121,"offset":2455}}}],"id":"08c530ef-ca88-4f9d-acd1-5698c2bb7559","message":"..","metadata":[],"receiver":{"id":"a2e1761d-bfe6-425a-8051-97fe41b059ff","metadata":[],"scope":{"containerScope":{"containerScope":{"containerScope":{"containerScope":{"containerScope":{"containerScope":{"containerScope":{"containerScope":{"containerScope":{"contributions":{},"includedScopes":[]},"contributions":{},"includedScopes":[{"contributions":{},"includedScopes":[]},{"contributions":{},"includedScopes":[]},{"contributions":{},"includedScopes":[]}]},"contributions":{},"includedScopes":[{"containerScope":{"containerScope":{"containerScope":{"contributions":{},"includedScopes":[]},"contributions":{},"includedScopes":[]},"contributions":{},"includedScopes":[]},"contributions":{},"includedScopes":[]}]},"contributions":{},"includedScopes":[]},"contributions":{},"includedScopes":[]},"contributions":{},"includedScopes":[]},"contributions":{},"includedScopes":[]},"contributions":{},"includedScopes":[]},"contributions":{},"includedScopes":[]},"contributions":{},"includedScopes":[]},"sourceMap":{"end":{"column":8,"line":121,"offset":2451},"start":{"column":7,"line":121,"offset":2450}},"value":0},"scope":{"containerScope":{"containerScope":{"containerScope":{"containerScope":{"containerScope":{"containerScope":{"containerScope":{"containerScope":{"contributions":{},"includedScopes":[]},"contributions":{},"includedScopes":[{"contributions":{},"includedScopes":[]},{"contributions":{},"includedScopes":[]},{"contributions":{},"includedScopes":[]}]},"contributions":{},"includedScopes":[{"containerScope":{"containerScope":{"containerScope":{"contributions":{},"includedScopes":[]},"contributions":{},"includedScopes":[]},"contributions":{},"includedScopes":[]},"contributions":{},"includedScopes":[]}]},"contributions":{},"includedScopes":[]},"contributions":{},"includedScopes":[]},"contributions":{},"includedScopes":[]},"contributions":{},"includedScopes":[]},"contributions":{},"includedScopes":[]},"contributions":{},"includedScopes":[]},"sourceMap":{"end":{"column":28,"line":121,"offset":2471},"start":{"column":7,"line":121,"offset":2450}}},"scope":{"containerScope":{"containerScope":{"containerScope":{"containerScope":{"containerScope":{"containerScope":{"containerScope":{"contributions":{},"includedScopes":[]},"contributions":{},"includedScopes":[{"contributions":{},"includedScopes":[]},{"contributions":{},"includedScopes":[]},{"contributions":{},"includedScopes":[]}]},"contributions":{},"includedScopes":[{"containerScope":{"containerScope":{"containerScope":{"contributions":{},"includedScopes":[]},"contributions":{},"includedScopes":[]},"contributions":{},"includedScopes":[]},"contributions":{},"includedScopes":[]}]},"contributions":{},"includedScopes":[]},"contributions":{},"includedScopes":[]},"contributions":{},"includedScopes":[]},"contributions":{},"includedScopes":[]},"contributions":{},"includedScopes":[]},"sourceMap":{"end":{"column":39,"line":121,"offset":2482},"start":{"column":6,"line":121,"offset":2449}}},{"args":[],"id":"9e0f7b4e-ca1b-40fa-a646-423d3f79604e","message":"anyOne","metadata":[],"receiver":{"args":[{"args":[{"id":"fc3dd09a-e2ac-43a2-b7d0-984007bbfeb5","metadata":[],"scope":{"containerScope":{"containerScope":{"containerScope":{"containerScope":{"containerScope":{"containerScope":{"containerScope":{"containerScope":{"containerScope":{"containerScope":{"contributions":{},"includedScopes":[]},"contributions":{},"includedScopes":[{"contributions":{},"includedScopes":[]},{"contributions":{},"includedScopes":[]},{"contributions":{},"includedScopes":[]}]},"contributions":{},"includedScopes":[{"containerScope":{"containerScope":{"containerScope":{"contributions":{},"includedScopes":[]},"contributions":{},"includedScopes":[]},"contributions":{},"includedScopes":[]},"contributions":{},"includedScopes":[]}]},"contributions":{},"includedScopes":[]},"contributions":{},"includedScopes":[]},"contributions":{},"includedScopes":[]},"contributions":{},"includedScopes":[]},"contributions":{},"includedScopes":[]},"contributions":{},"includedScopes":[]},"contributions":{},"includedScopes":[]},"contributions":{},"includedScopes":[]},"sourceMap":{"end":{"column":29,"line":122,"offset":2512},"start":{"column":28,"line":122,"offset":2511}},"value":1}],"id":"f40c3922-22dc-4c46-81fe-1edec208d195","message":"-","metadata":[],"receiver":{"args":[],"id":"8f63e5a2-5716-48b8-a3c8-38de81a7c507","message":"height","metadata":[],"receiver":{"id":"8690cdd7-f811-4660-936f-249ea6fdfdb6","metadata":[],"name":"game","scope":{"containerScope":{"containerScope":{"containerScope":{"containerScope":{"containerScope":{"containerScope":{"containerScope":{"containerScope":{"containerScope":{"containerScope":{"containerScope":{"contributions":{},"includedScopes":[]},"contributions":{},"includedScopes":[{"contributions":{},"includedScopes":[]},{"contributions":{},"includedScopes":[]},{"contributions":{},"includedScopes":[]}]},"contributions":{},"includedScopes":[{"containerScope":{"containerScope":{"containerScope":{"contributions":{},"includedScopes":[]},"contributions":{},"includedScopes":[]},"contributions":{},"includedScopes":[]},"contributions":{},"includedScopes":[]}]},"contributions":{},"includedScopes":[]},"contributions":{},"includedScopes":[]},"contributions":{},"includedScopes":[]},"contributions":{},"includedScopes":[]},"contributions":{},"includedScopes":[]},"contributions":{},"includedScopes":[]},"contributions":{},"includedScopes":[]},"contributions":{},"includedScopes":[]},"contributions":{},"includedScopes":[]},"sourceMap":{"end":{"column":16,"line":122,"offset":2499},"start":{"column":12,"line":122,"offset":2495}}},"scope":{"containerScope":{"containerScope":{"containerScope":{"containerScope":{"containerScope":{"containerScope":{"containerScope":{"containerScope":{"containerScope":{"containerScope":{"contributions":{},"includedScopes":[]},"contributions":{},"includedScopes":[{"contributions":{},"includedScopes":[]},{"contributions":{},"includedScopes":[]},{"contributions":{},"includedScopes":[]}]},"contributions":{},"includedScopes":[{"containerScope":{"containerScope":{"containerScope":{"contributions":{},"includedScopes":[]},"contributions":{},"includedScopes":[]},"contributions":{},"includedScopes":[]},"contributions":{},"includedScopes":[]}]},"contributions":{},"includedScopes":[]},"contributions":{},"includedScopes":[]},"contributions":{},"includedScopes":[]},"contributions":{},"includedScopes":[]},"contributions":{},"includedScopes":[]},"contributions":{},"includedScopes":[]},"contributions":{},"includedScopes":[]},"contributions":{},"includedScopes":[]},"sourceMap":{"end":{"column":25,"line":122,"offset":2508},"start":{"column":12,"line":122,"offset":2495}}},"scope":{"containerScope":{"containerScope":{"containerScope":{"containerScope":{"containerScope":{"containerScope":{"containerScope":{"containerScope":{"containerScope":{"contributions":{},"includedScopes":[]},"contributions":{},"includedScopes":[{"contributions":{},"includedScopes":[]},{"contributions":{},"includedScopes":[]},{"contributions":{},"includedScopes":[]}]},"contributions":{},"includedScopes":[{"containerScope":{"containerScope":{"containerScope":{"contributions":{},"includedScopes":[]},"contributions":{},"includedScopes":[]},"contributions":{},"includedScopes":[]},"contributions":{},"includedScopes":[]}]},"contributions":{},"includedScopes":[]},"contributions":{},"includedScopes":[]},"contributions":{},"includedScopes":[]},"contributions":{},"includedScopes":[]},"contributions":{},"includedScopes":[]},"contributions":{},"includedScopes":[]},"contributions":{},"includedScopes":[]},"sourceMap":{"end":{"column":29,"line":122,"offset":2512},"start":{"column":12,"line":122,"offset":2495}}}],"id":"e07c99fc-1900-4c7a-b607-8e990b68feb5","message":"..","metadata":[],"receiver":{"id":"d09ff666-5f00-48e0-8091-27ae8976b1b0","metadata":[],"scope":{"containerScope":{"containerScope":{"containerScope":{"containerScope":{"containerScope":{"containerScope":{"containerScope":{"containerScope":{"containerScope":{"contributions":{},"includedScopes":[]},"contributions":{},"includedScopes":[{"contributions":{},"includedScopes":[]},{"contributions":{},"includedScopes":[]},{"contributions":{},"includedScopes":[]}]},"contributions":{},"includedScopes":[{"containerScope":{"containerScope":{"containerScope":{"contributions":{},"includedScopes":[]},"contributions":{},"includedScopes":[]},"contributions":{},"includedScopes":[]},"contributions":{},"includedScopes":[]}]},"contributions":{},"includedScopes":[]},"contributions":{},"includedScopes":[]},"contributions":{},"includedScopes":[]},"contributions":{},"includedScopes":[]},"contributions":{},"includedScopes":[]},"contributions":{},"includedScopes":[]},"contributions":{},"includedScopes":[]},"sourceMap":{"end":{"column":8,"line":122,"offset":2491},"start":{"column":7,"line":122,"offset":2490}},"value":0},"scope":{"containerScope":{"containerScope":{"containerScope":{"containerScope":{"containerScope":{"containerScope":{"containerScope":{"containerScope":{"contributions":{},"includedScopes":[]},"contributions":{},"includedScopes":[{"contributions":{},"includedScopes":[]},{"contributions":{},"includedScopes":[]},{"contributions":{},"includedScopes":[]}]},"contributions":{},"includedScopes":[{"containerScope":{"containerScope":{"containerScope":{"contributions":{},"includedScopes":[]},"contributions":{},"includedScopes":[]},"contributions":{},"includedScopes":[]},"contributions":{},"includedScopes":[]}]},"contributions":{},"includedScopes":[]},"contributions":{},"includedScopes":[]},"contributions":{},"includedScopes":[]},"contributions":{},"includedScopes":[]},"contributions":{},"includedScopes":[]},"contributions":{},"includedScopes":[]},"sourceMap":{"end":{"column":29,"line":122,"offset":2512},"start":{"column":7,"line":122,"offset":2490}}},"scope":{"containerScope":{"containerScope":{"containerScope":{"containerScope":{"containerScope":{"containerScope":{"containerScope":{"contributions":{},"includedScopes":[]},"contributions":{},"includedScopes":[{"contributions":{},"includedScopes":[]},{"contributions":{},"includedScopes":[]},{"contributions":{},"includedScopes":[]}]},"contributions":{},"includedScopes":[{"containerScope":{"containerScope":{"containerScope":{"contributions":{},"includedScopes":[]},"contributions":{},"includedScopes":[]},"contributions":{},"includedScopes":[]},"contributions":{},"includedScopes":[]}]},"contributions":{},"includedScopes":[]},"contributions":{},"includedScopes":[]},"contributions":{},"includedScopes":[]},"contributions":{},"includedScopes":[]},"contributions":{},"includedScopes":[]},"sourceMap":{"end":{"column":39,"line":122,"offset":2522},"start":{"column":6,"line":122,"offset":2489}}}],"id":"27a1b0c6-7782-4033-b1e5-60fe6a4aa436","message":"at","metadata":[],"receiver":{"id":"e50e9b9a-48cf-458c-8b7c-195b2e655b66","metadata":[],"name":"game","scope":{"containerScope":{"containerScope":{"containerScope":{"containerScope":{"containerScope":{"containerScope":{"containerScope":{"contributions":{},"includedScopes":[]},"contributions":{},"includedScopes":[{"contributions":{},"includedScopes":[]},{"contributions":{},"includedScopes":[]},{"contributions":{},"includedScopes":[]}]},"contributions":{},"includedScopes":[{"containerScope":{"containerScope":{"containerScope":{"contributions":{},"includedScopes":[]},"contributions":{},"includedScopes":[]},"contributions":{},"includedScopes":[]},"contributions":{},"includedScopes":[]}]},"contributions":{},"includedScopes":[]},"contributions":{},"includedScopes":[]},"contributions":{},"includedScopes":[]},"contributions":{},"includedScopes":[]},"contributions":{},"includedScopes":[]},"sourceMap":{"end":{"column":15,"line":120,"offset":2438},"start":{"column":11,"line":120,"offset":2434}}},"scope":{"containerScope":{"containerScope":{"containerScope":{"containerScope":{"containerScope":{"containerScope":{"contributions":{},"includedScopes":[]},"contributions":{},"includedScopes":[{"contributions":{},"includedScopes":[]},{"contributions":{},"includedScopes":[]},{"contributions":{},"includedScopes":[]}]},"contributions":{},"includedScopes":[{"containerScope":{"containerScope":{"containerScope":{"contributions":{},"includedScopes":[]},"contributions":{},"includedScopes":[]},"contributions":{},"includedScopes":[]},"contributions":{},"includedScopes":[]}]},"contributions":{},"includedScopes":[]},"contributions":{},"includedScopes":[]},"contributions":{},"includedScopes":[]},"contributions":{},"includedScopes":[]},"sourceMap":{"end":{"column":4,"line":123,"offset":2526},"start":{"column":11,"line":120,"offset":2434}}}}],"sourceMap":{"end":{"column":3,"line":124,"offset":2530},"start":{"column":20,"line":119,"offset":2422}}},"id":"d719693d-977d-49a3-b786-79a86597a0d0","isOverride":false,"metadata":[],"name":"position","parameters":[],"problems":[],"scope":{"containerScope":{"containerScope":{"containerScope":{"contributions":{},"includedScopes":[]},"contributions":{},"includedScopes":[{"contributions":{},"includedScopes":[]},{"contributions":{},"includedScopes":[]},{"contributions":{},"includedScopes":[]}]},"contributions":{},"includedScopes":[{"containerScope":{"containerScope":{"containerScope":{"contributions":{},"includedScopes":[]},"contributions":{},"includedScopes":[]},"contributions":{},"includedScopes":[]},"contributions":{},"includedScopes":[]}]},"contributions":{},"includedScopes":[]},"sourceMap":{"end":{"column":3,"line":124,"offset":2530},"start":{"column":2,"line":119,"offset":2404}}}],"metadata":[],"name":"randomizer","problems":[{"code":"malformedMember","sourceMap":{"end":{"column":0,"line":118,"offset":2401},"start":{"column":2,"line":117,"offset":2382}}}],"scope":{"containerScope":{"containerScope":{"contributions":{},"includedScopes":[]},"contributions":{},"includedScopes":[{"contributions":{},"includedScopes":[]},{"contributions":{},"includedScopes":[]},{"contributions":{},"includedScopes":[]}]},"contributions":{},"includedScopes":[{"containerScope":{"containerScope":{"containerScope":{"contributions":{},"includedScopes":[]},"contributions":{},"includedScopes":[]},"contributions":{},"includedScopes":[]},"contributions":{},"includedScopes":[]}]},"sourceMap":{"end":{"column":2,"line":125,"offset":2532},"start":{"column":1,"line":116,"offset":2361}},"supertypes":[]},"stack":"Error: Failed to print, found malformed node\n    at /home/felipe/.vscode/extensions/uqbar.wollok-lsp-ide-0.3.6/out/server/src/server.js:68:3533\n    at aln (/home/felipe/.vscode/extensions/uqbar.wollok-lsp-ide-0.3.6/out/server/src/server.js:68:3344)\n    at /home/felipe/.vscode/extensions/uqbar.wollok-lsp-ide-0.3.6/out/server/src/server.js:2285:847\n    at /home/felipe/.vscode/extensions/uqbar.wollok-lsp-ide-0.3.6/out/server/src/server.js:2298:3774\n    at /home/felipe/.vscode/extensions/uqbar.wollok-lsp-ide-0.3.6/out/server/src/server.js:37:74770\n    at Fe (/home/felipe/.vscode/extensions/uqbar.wollok-lsp-ide-0.3.6/out/server/src/server.js:7:8527)\n    at Pt (/home/felipe/.vscode/extensions/uqbar.wollok-lsp-ide-0.3.6/out/server/src/server.js:7:6189)\n    at Gi (/home/felipe/.vscode/extensions/uqbar.wollok-lsp-ide-0.3.6/out/server/src/server.js:7:6378)\n    at Immediate._onImmediate (/home/felipe/.vscode/extensions/uqbar.wollok-lsp-ide-0.3.6/out/server/src/server.js:7:6142)\n    at process.processImmediate (node:internal/timers:483:21)","timestamp":"2024-10-12T11:55:19.219Z"}
{"level":"info","message":"⌛ Validating objetos.wlk","timeElapsed":198,"timestamp":"2024-10-12T11:55:19.420Z"}
{"level":"info","message":"⌛ Building environment","timeElapsed":183,"timestamp":"2024-10-12T11:55:19.604Z"}
{"level":"info","message":"⌛ Validating objetos.wlk","timeElapsed":216,"timestamp":"2024-10-12T11:55:19.821Z"}
{"level":"info","message":"⌛ Building environment","timeElapsed":188,"timestamp":"2024-10-12T11:55:21.625Z"}
{"level":"info","message":"⌛ Validating objetos.wlk","timeElapsed":185,"timestamp":"2024-10-12T11:55:21.813Z"}
{"level":"info","message":"⌛ Building environment","timeElapsed":303,"timestamp":"2024-10-12T11:56:03.811Z"}
{"level":"error","message":"✘ Completions for node failed: Error: [Send]{8f57de} at objetos.wlk:112 exhausted all cases without a match [Send]{8f57de} at objetos.wlk:112 exhausted all cases without a match","stack":"Error: [Send]{8f57de} at objetos.wlk:112 exhausted all cases without a match\n    at /home/felipe/.vscode/extensions/uqbar.wollok-lsp-ide-0.3.6/out/server/src/server.js:38:6067\n    at yh (/home/felipe/.vscode/extensions/uqbar.wollok-lsp-ide-0.3.6/out/server/src/server.js:2291:42)\n    at kh (/home/felipe/.vscode/extensions/uqbar.wollok-lsp-ide-0.3.6/out/server/src/server.js:2291:1004)\n    at Y5n (/home/felipe/.vscode/extensions/uqbar.wollok-lsp-ide-0.3.6/out/server/src/server.js:2291:1160)\n    at /home/felipe/.vscode/extensions/uqbar.wollok-lsp-ide-0.3.6/out/server/src/server.js:38:6056\n    at yh (/home/felipe/.vscode/extensions/uqbar.wollok-lsp-ide-0.3.6/out/server/src/server.js:2291:42)\n    at /home/felipe/.vscode/extensions/uqbar.wollok-lsp-ide-0.3.6/out/server/src/server.js:2291:2700\n    at /home/felipe/.vscode/extensions/uqbar.wollok-lsp-ide-0.3.6/out/server/src/server.js:2298:3774\n    at /home/felipe/.vscode/extensions/uqbar.wollok-lsp-ide-0.3.6/out/server/src/server.js:37:74872\n    at Fe (/home/felipe/.vscode/extensions/uqbar.wollok-lsp-ide-0.3.6/out/server/src/server.js:7:8527)","timestamp":"2024-10-12T11:56:03.851Z"}
{"level":"error","message":"✘ Completions for node failed: Error: mercado [Variable]{455085} at objetos.wlk:112 exhausted all cases without a match mercado [Variable]{455085} at objetos.wlk:112 exhausted all cases without a match","stack":"Error: mercado [Variable]{455085} at objetos.wlk:112 exhausted all cases without a match\n    at /home/felipe/.vscode/extensions/uqbar.wollok-lsp-ide-0.3.6/out/server/src/server.js:38:6067\n    at yh (/home/felipe/.vscode/extensions/uqbar.wollok-lsp-ide-0.3.6/out/server/src/server.js:2291:42)\n    at kh (/home/felipe/.vscode/extensions/uqbar.wollok-lsp-ide-0.3.6/out/server/src/server.js:2291:1004)\n    at yh (/home/felipe/.vscode/extensions/uqbar.wollok-lsp-ide-0.3.6/out/server/src/server.js:2291:456)\n    at kh (/home/felipe/.vscode/extensions/uqbar.wollok-lsp-ide-0.3.6/out/server/src/server.js:2291:1004)\n    at Y5n (/home/felipe/.vscode/extensions/uqbar.wollok-lsp-ide-0.3.6/out/server/src/server.js:2291:1160)\n    at /home/felipe/.vscode/extensions/uqbar.wollok-lsp-ide-0.3.6/out/server/src/server.js:38:6056\n    at yh (/home/felipe/.vscode/extensions/uqbar.wollok-lsp-ide-0.3.6/out/server/src/server.js:2291:42)\n    at /home/felipe/.vscode/extensions/uqbar.wollok-lsp-ide-0.3.6/out/server/src/server.js:2291:2700\n    at /home/felipe/.vscode/extensions/uqbar.wollok-lsp-ide-0.3.6/out/server/src/server.js:2298:3774","timestamp":"2024-10-12T11:56:03.851Z"}
{"level":"info","message":"⌛ Building environment","timeElapsed":261,"timestamp":"2024-10-12T11:56:04.118Z"}
{"level":"info","message":"⌛ Validating objetos.wlk","timeElapsed":226,"timestamp":"2024-10-12T11:56:04.361Z"}
{"level":"info","message":"onRequest - completionItem/resolve","timestamp":"2024-10-12T11:56:04.362Z"}
{"level":"info","message":"⌛ Building environment","timeElapsed":156,"timestamp":"2024-10-12T11:56:04.520Z"}
{"level":"info","message":"onRequest - completionItem/resolve","timestamp":"2024-10-12T11:56:04.521Z"}
{"level":"info","message":"⌛ Building environment","timeElapsed":233,"timestamp":"2024-10-12T11:56:04.754Z"}
{"level":"info","message":"onRequest - completionItem/resolve","timestamp":"2024-10-12T11:56:04.755Z"}
{"level":"info","message":"⌛ Building environment","timeElapsed":169,"timestamp":"2024-10-12T11:56:04.925Z"}
{"level":"info","message":"onRequest - completionItem/resolve","timestamp":"2024-10-12T11:56:04.926Z"}
{"level":"info","message":"⌛ Validating objetos.wlk","timeElapsed":225,"timestamp":"2024-10-12T11:56:05.151Z"}
{"level":"info","message":"⌛ Validating objetos.wlk","timeElapsed":212,"timestamp":"2024-10-12T11:56:05.413Z"}
{"level":"info","message":"⌛ Validating objetos.wlk","timeElapsed":188,"timestamp":"2024-10-12T11:56:05.603Z"}
{"level":"info","message":"onRequest - completionItem/resolve","timestamp":"2024-10-12T11:56:05.603Z"}
{"level":"info","message":"⌛ Building environment","timeElapsed":189,"timestamp":"2024-10-12T11:56:05.793Z"}
{"level":"info","message":"⌛ Validating objetos.wlk","timeElapsed":193,"timestamp":"2024-10-12T11:56:05.986Z"}
{"level":"info","message":"⌛ Building environment","timeElapsed":188,"timestamp":"2024-10-12T11:56:06.225Z"}
{"level":"info","message":"⌛ Validating objetos.wlk","timeElapsed":225,"timestamp":"2024-10-12T11:56:06.496Z"}
{"level":"info","message":"⌛ Validating objetos.wlk","timeElapsed":252,"timestamp":"2024-10-12T11:56:06.750Z"}
{"level":"info","message":"onRequest - completionItem/resolve","timestamp":"2024-10-12T11:56:06.751Z"}
{"level":"info","message":"⌛ Building environment","timeElapsed":219,"timestamp":"2024-10-12T11:56:09.527Z"}
{"level":"info","message":"⌛ Validating objetos.wlk","timeElapsed":223,"timestamp":"2024-10-12T11:56:09.751Z"}
{"level":"info","message":"⌛ Building environment","timeElapsed":241,"timestamp":"2024-10-12T11:56:28.831Z"}
{"level":"info","message":"⌛ Validating objetos.wlk","timeElapsed":229,"timestamp":"2024-10-12T11:56:29.062Z"}
{"level":"info","message":"⌛ Building environment","timeElapsed":277,"timestamp":"2024-10-12T11:56:48.430Z"}
{"level":"info","message":"⌛ Building environment","timeElapsed":199,"timestamp":"2024-10-12T11:56:48.676Z"}
{"level":"info","message":"⌛ Validating objetos.wlk","timeElapsed":251,"timestamp":"2024-10-12T11:56:48.928Z"}
{"level":"info","message":"⌛ Building environment","timeElapsed":199,"timestamp":"2024-10-12T11:56:49.129Z"}
{"level":"info","message":"onRequest - completionItem/resolve","timestamp":"2024-10-12T11:56:49.130Z"}
{"level":"info","message":"⌛ Building environment","timeElapsed":173,"timestamp":"2024-10-12T11:56:49.303Z"}
{"level":"info","message":"onRequest - completionItem/resolve","timestamp":"2024-10-12T11:56:49.310Z"}
{"level":"info","message":"⌛ Validating objetos.wlk","timeElapsed":232,"timestamp":"2024-10-12T11:56:49.542Z"}
{"level":"info","message":"⌛ Building environment","timeElapsed":197,"timestamp":"2024-10-12T11:56:49.740Z"}
{"level":"info","message":"onRequest - completionItem/resolve","timestamp":"2024-10-12T11:56:49.740Z"}
{"level":"info","message":"⌛ Building environment","timeElapsed":179,"timestamp":"2024-10-12T11:56:49.919Z"}
{"level":"info","message":"onRequest - completionItem/resolve","timestamp":"2024-10-12T11:56:49.920Z"}
{"level":"info","message":"⌛ Building environment","timeElapsed":161,"timestamp":"2024-10-12T11:56:50.081Z"}
{"level":"info","message":"onRequest - completionItem/resolve","timestamp":"2024-10-12T11:56:50.085Z"}
{"level":"info","message":"⌛ Validating objetos.wlk","timeElapsed":279,"timestamp":"2024-10-12T11:56:50.365Z"}
{"level":"info","message":"⌛ Validating objetos.wlk","timeElapsed":184,"timestamp":"2024-10-12T11:56:50.556Z"}
{"level":"info","message":"⌛ Validating objetos.wlk","timeElapsed":179,"timestamp":"2024-10-12T11:56:50.736Z"}
{"level":"info","message":"⌛ Building environment","timeElapsed":190,"timestamp":"2024-10-12T11:56:50.927Z"}
{"level":"info","message":"⌛ Validating objetos.wlk","timeElapsed":303,"timestamp":"2024-10-12T11:56:51.289Z"}
{"level":"info","message":"⌛ Validating objetos.wlk","timeElapsed":249,"timestamp":"2024-10-12T11:56:51.539Z"}
{"level":"info","message":"⌛ Validating objetos.wlk","timeElapsed":212,"timestamp":"2024-10-12T11:56:51.752Z"}
{"level":"info","message":"⌛ Building environment","timeElapsed":174,"timestamp":"2024-10-12T11:56:51.927Z"}
{"level":"info","message":"onRequest - completionItem/resolve","timestamp":"2024-10-12T11:56:51.929Z"}
{"level":"info","message":"⌛ Building environment","timeElapsed":222,"timestamp":"2024-10-12T11:56:52.152Z"}
{"level":"info","message":"onRequest - completionItem/resolve","timestamp":"2024-10-12T11:56:52.153Z"}
{"level":"info","message":"⌛ Building environment","timeElapsed":156,"timestamp":"2024-10-12T11:56:52.310Z"}
{"level":"info","message":"onRequest - completionItem/resolve","timestamp":"2024-10-12T11:56:52.311Z"}
{"level":"info","message":"⌛ Building environment","timeElapsed":248,"timestamp":"2024-10-12T11:56:52.560Z"}
{"level":"info","message":"onRequest - completionItem/resolve","timestamp":"2024-10-12T11:56:52.560Z"}
{"level":"info","message":"⌛ Validating objetos.wlk","timeElapsed":243,"timestamp":"2024-10-12T11:56:52.827Z"}
{"level":"info","message":"⌛ Validating objetos.wlk","timeElapsed":206,"timestamp":"2024-10-12T11:56:53.033Z"}
{"level":"info","message":"⌛ Validating objetos.wlk","timeElapsed":237,"timestamp":"2024-10-12T11:56:53.274Z"}
{"level":"info","message":"⌛ Validating objetos.wlk","timeElapsed":199,"timestamp":"2024-10-12T11:56:53.474Z"}
{"level":"info","message":"onRequest - completionItem/resolve","timestamp":"2024-10-12T11:56:53.474Z"}
{"level":"info","message":"onRequest - completionItem/resolve","timestamp":"2024-10-12T11:56:53.474Z"}
{"level":"info","message":"⌛ Building environment","timeElapsed":192,"timestamp":"2024-10-12T11:56:53.667Z"}
{"level":"info","message":"⌛ Validating objetos.wlk","timeElapsed":226,"timestamp":"2024-10-12T11:56:53.946Z"}
{"level":"info","message":"⌛ Building environment","timeElapsed":207,"timestamp":"2024-10-12T11:56:54.275Z"}
{"level":"info","message":"⌛ Validating objetos.wlk","timeElapsed":213,"timestamp":"2024-10-12T11:56:54.531Z"}
{"level":"info","message":"onRequest - completionItem/resolve","timestamp":"2024-10-12T11:56:54.533Z"}
{"level":"info","message":"⌛ Building environment","timeElapsed":249,"timestamp":"2024-10-12T11:56:54.845Z"}
{"level":"info","message":"onRequest - completionItem/resolve","timestamp":"2024-10-12T11:56:54.846Z"}
{"level":"info","message":"⌛ Building environment","timeElapsed":176,"timestamp":"2024-10-12T11:56:55.023Z"}
{"level":"info","message":"onRequest - completionItem/resolve","timestamp":"2024-10-12T11:56:55.024Z"}
{"level":"info","message":"⌛ Validating objetos.wlk","timeElapsed":228,"timestamp":"2024-10-12T11:56:55.252Z"}
{"level":"info","message":"⌛ Building environment","timeElapsed":227,"timestamp":"2024-10-12T11:56:55.481Z"}
{"level":"info","message":"onRequest - completionItem/resolve","timestamp":"2024-10-12T11:56:55.505Z"}
{"level":"info","message":"⌛ Validating objetos.wlk","timeElapsed":231,"timestamp":"2024-10-12T11:56:55.737Z"}
{"level":"info","message":"⌛ Validating objetos.wlk","timeElapsed":213,"timestamp":"2024-10-12T11:56:55.959Z"}
{"level":"info","message":"⌛ Building environment","timeElapsed":228,"timestamp":"2024-10-12T11:56:57.172Z"}
{"level":"info","message":"⌛ Validating objetos.wlk","timeElapsed":238,"timestamp":"2024-10-12T11:56:57.427Z"}
{"level":"info","message":"⌛ Building environment","timeElapsed":181,"timestamp":"2024-10-12T11:56:57.791Z"}
{"level":"error","message":"✘ Completions for node failed: Error: [Send]{0d05fa} at objetos.wlk:113 exhausted all cases without a match [Send]{0d05fa} at objetos.wlk:113 exhausted all cases without a match","stack":"Error: [Send]{0d05fa} at objetos.wlk:113 exhausted all cases without a match\n    at /home/felipe/.vscode/extensions/uqbar.wollok-lsp-ide-0.3.6/out/server/src/server.js:38:6067\n    at yh (/home/felipe/.vscode/extensions/uqbar.wollok-lsp-ide-0.3.6/out/server/src/server.js:2291:42)\n    at kh (/home/felipe/.vscode/extensions/uqbar.wollok-lsp-ide-0.3.6/out/server/src/server.js:2291:1004)\n    at Y5n (/home/felipe/.vscode/extensions/uqbar.wollok-lsp-ide-0.3.6/out/server/src/server.js:2291:1160)\n    at /home/felipe/.vscode/extensions/uqbar.wollok-lsp-ide-0.3.6/out/server/src/server.js:38:6056\n    at yh (/home/felipe/.vscode/extensions/uqbar.wollok-lsp-ide-0.3.6/out/server/src/server.js:2291:42)\n    at /home/felipe/.vscode/extensions/uqbar.wollok-lsp-ide-0.3.6/out/server/src/server.js:2291:2700\n    at /home/felipe/.vscode/extensions/uqbar.wollok-lsp-ide-0.3.6/out/server/src/server.js:2298:3774\n    at /home/felipe/.vscode/extensions/uqbar.wollok-lsp-ide-0.3.6/out/server/src/server.js:37:74872\n    at Fe (/home/felipe/.vscode/extensions/uqbar.wollok-lsp-ide-0.3.6/out/server/src/server.js:7:8527)","timestamp":"2024-10-12T11:56:57.870Z"}
{"level":"info","message":"⌛ Building environment","timeElapsed":329,"timestamp":"2024-10-12T11:56:58.204Z"}
{"level":"info","message":"⌛ Validating objetos.wlk","timeElapsed":277,"timestamp":"2024-10-12T11:56:58.483Z"}
{"level":"info","message":"onRequest - completionItem/resolve","timestamp":"2024-10-12T11:56:58.484Z"}
{"level":"info","message":"⌛ Building environment","timeElapsed":178,"timestamp":"2024-10-12T11:56:58.663Z"}
{"level":"info","message":"onRequest - completionItem/resolve","timestamp":"2024-10-12T11:56:58.664Z"}
{"level":"info","message":"⌛ Building environment","timeElapsed":271,"timestamp":"2024-10-12T11:56:58.936Z"}
{"level":"info","message":"onRequest - completionItem/resolve","timestamp":"2024-10-12T11:56:58.937Z"}
{"level":"info","message":"⌛ Building environment","timeElapsed":155,"timestamp":"2024-10-12T11:56:59.093Z"}
{"level":"info","message":"onRequest - completionItem/resolve","timestamp":"2024-10-12T11:56:59.099Z"}
{"level":"info","message":"⌛ Validating objetos.wlk","timeElapsed":231,"timestamp":"2024-10-12T11:56:59.330Z"}
{"level":"info","message":"⌛ Building environment","timeElapsed":284,"timestamp":"2024-10-12T11:56:59.620Z"}
{"level":"info","message":"onRequest - completionItem/resolve","timestamp":"2024-10-12T11:56:59.622Z"}
{"level":"info","message":"⌛ Building environment","timeElapsed":157,"timestamp":"2024-10-12T11:56:59.780Z"}
{"level":"info","message":"onRequest - completionItem/resolve","timestamp":"2024-10-12T11:56:59.786Z"}
{"level":"info","message":"⌛ Validating objetos.wlk","timeElapsed":229,"timestamp":"2024-10-12T11:57:00.015Z"}
{"level":"info","message":"⌛ Building environment","timeElapsed":216,"timestamp":"2024-10-12T11:57:00.282Z"}
{"level":"info","message":"onRequest - completionItem/resolve","timestamp":"2024-10-12T11:57:00.290Z"}
{"level":"info","message":"⌛ Validating objetos.wlk","timeElapsed":222,"timestamp":"2024-10-12T11:57:00.513Z"}
{"level":"info","message":"⌛ Validating objetos.wlk","timeElapsed":187,"timestamp":"2024-10-12T11:57:00.711Z"}
{"level":"info","message":"⌛ Building environment","timeElapsed":158,"timestamp":"2024-10-12T11:57:00.871Z"}
{"level":"info","message":"onRequest - completionItem/resolve","timestamp":"2024-10-12T11:57:00.877Z"}
{"level":"info","message":"⌛ Validating objetos.wlk","timeElapsed":215,"timestamp":"2024-10-12T11:57:01.132Z"}
{"level":"info","message":"⌛ Validating objetos.wlk","timeElapsed":188,"timestamp":"2024-10-12T11:57:01.321Z"}
{"level":"info","message":"⌛ Validating objetos.wlk","timeElapsed":184,"timestamp":"2024-10-12T11:57:01.506Z"}
{"level":"info","message":"⌛ Validating objetos.wlk","timeElapsed":184,"timestamp":"2024-10-12T11:57:01.690Z"}
{"level":"info","message":"⌛ Building environment","timeElapsed":271,"timestamp":"2024-10-12T11:57:59.468Z"}
{"level":"info","message":"⌛ Validating objetos.wlk","timeElapsed":252,"timestamp":"2024-10-12T11:57:59.724Z"}
{"level":"info","message":"⌛ Building environment","timeElapsed":184,"timestamp":"2024-10-12T11:58:03.876Z"}
{"level":"info","message":"⌛ Validating objetos.wlk","timeElapsed":192,"timestamp":"2024-10-12T11:58:04.070Z"}
{"level":"info","message":"⌛ Building environment","timeElapsed":224,"timestamp":"2024-10-12T11:58:07.150Z"}
{"level":"info","message":"⌛ Validating objetos.wlk","timeElapsed":203,"timestamp":"2024-10-12T11:58:07.354Z"}
{"level":"info","message":"⌛ Building environment","timeElapsed":226,"timestamp":"2024-10-12T11:58:37.306Z"}
{"level":"info","message":"⌛ Validating objetos.wlk","timeElapsed":229,"timestamp":"2024-10-12T11:58:37.537Z"}
{"level":"info","message":"⌛ Building environment","timeElapsed":154,"timestamp":"2024-10-12T11:58:37.702Z"}
{"level":"info","message":"⌛ Validating objetos.wlk","timeElapsed":187,"timestamp":"2024-10-12T11:58:37.901Z"}
{"level":"info","message":"⌛ Building environment","timeElapsed":205,"timestamp":"2024-10-12T11:58:38.332Z"}
{"level":"info","message":"⌛ Validating objetos.wlk","timeElapsed":226,"timestamp":"2024-10-12T11:58:38.591Z"}
{"level":"info","message":"onRequest - completionItem/resolve","timestamp":"2024-10-12T11:58:38.592Z"}
{"level":"info","message":"⌛ Building environment","timeElapsed":186,"timestamp":"2024-10-12T11:58:38.779Z"}
{"level":"info","message":"onRequest - completionItem/resolve","timestamp":"2024-10-12T11:58:38.780Z"}
{"level":"info","message":"⌛ Building environment","timeElapsed":286,"timestamp":"2024-10-12T11:58:39.071Z"}
{"level":"info","message":"onRequest - completionItem/resolve","timestamp":"2024-10-12T11:58:39.075Z"}
{"level":"info","message":"⌛ Building environment","timeElapsed":264,"timestamp":"2024-10-12T11:58:39.340Z"}
{"level":"info","message":"onRequest - completionItem/resolve","timestamp":"2024-10-12T11:58:39.340Z"}
{"level":"info","message":"⌛ Validating objetos.wlk","timeElapsed":240,"timestamp":"2024-10-12T11:58:39.581Z"}
{"level":"info","message":"⌛ Building environment","timeElapsed":167,"timestamp":"2024-10-12T11:58:39.749Z"}
{"level":"info","message":"onRequest - completionItem/resolve","timestamp":"2024-10-12T11:58:39.750Z"}
{"level":"info","message":"⌛ Validating objetos.wlk","timeElapsed":260,"timestamp":"2024-10-12T11:58:40.012Z"}
{"level":"info","message":"⌛ Building environment","timeElapsed":187,"timestamp":"2024-10-12T11:58:40.200Z"}
{"level":"info","message":"onRequest - completionItem/resolve","timestamp":"2024-10-12T11:58:40.201Z"}
{"level":"info","message":"⌛ Validating objetos.wlk","timeElapsed":211,"timestamp":"2024-10-12T11:58:40.413Z"}
{"level":"info","message":"⌛ Building environment","timeElapsed":162,"timestamp":"2024-10-12T11:58:40.581Z"}
{"level":"info","message":"⌛ Building environment","timeElapsed":216,"timestamp":"2024-10-12T11:58:40.853Z"}
{"level":"info","message":"⌛ Validating objetos.wlk","timeElapsed":222,"timestamp":"2024-10-12T11:58:41.112Z"}
{"level":"info","message":"⌛ Building environment","timeElapsed":169,"timestamp":"2024-10-12T11:58:41.284Z"}
{"level":"info","message":"⌛ Validating objetos.wlk","timeElapsed":275,"timestamp":"2024-10-12T11:58:41.560Z"}
{"level":"info","message":"⌛ Building environment","timeElapsed":194,"timestamp":"2024-10-12T11:58:41.762Z"}
{"level":"info","message":"⌛ Validating objetos.wlk","timeElapsed":207,"timestamp":"2024-10-12T11:58:41.978Z"}
{"level":"info","message":"⌛ Validating objetos.wlk","timeElapsed":207,"timestamp":"2024-10-12T11:58:42.186Z"}
{"level":"info","message":"onRequest - completionItem/resolve","timestamp":"2024-10-12T11:58:42.188Z"}
{"level":"info","message":"⌛ Building environment","timeElapsed":254,"timestamp":"2024-10-12T11:58:42.442Z"}
{"level":"info","message":"onRequest - completionItem/resolve","timestamp":"2024-10-12T11:58:42.444Z"}
{"level":"error","message":"✘ Failed to rebuild document Failed to parse objetos.wlk: \n-- PARSING FAILED --------------------------------------------------\n\nGot the end of the input\n\nExpected one of the following: \n\n'inherits', '{', identifier, whitespace\n","stack":"Error: Failed to parse objetos.wlk: \n-- PARSING FAILED --------------------------------------------------\n\nGot the end of the input\n\nExpected one of the following: \n\n'inherits', '{', identifier, whitespace\n\n    at /home/felipe/.vscode/extensions/uqbar.wollok-lsp-ide-0.3.6/out/server/src/server.js:2254:32415\n    at Array.map (<anonymous>)\n    at Jfn (/home/felipe/.vscode/extensions/uqbar.wollok-lsp-ide-0.3.6/out/server/src/server.js:2254:32339)\n    at k2.buildEnvironmentFrom (/home/felipe/.vscode/extensions/uqbar.wollok-lsp-ide-0.3.6/out/server/src/server.js:2285:6721)\n    at k2.updateEnvironmentWith (/home/felipe/.vscode/extensions/uqbar.wollok-lsp-ide-0.3.6/out/server/src/server.js:2285:6456)\n    at jL (/home/felipe/.vscode/extensions/uqbar.wollok-lsp-ide-0.3.6/out/server/src/server.js:2298:2292)\n    at v3.invoke (/home/felipe/.vscode/extensions/uqbar.wollok-lsp-ide-0.3.6/out/server/src/server.js:3:157200)\n    at o.fire (/home/felipe/.vscode/extensions/uqbar.wollok-lsp-ide-0.3.6/out/server/src/server.js:3:157970)\n    at /home/felipe/.vscode/extensions/uqbar.wollok-lsp-ide-0.3.6/out/server/src/server.js:37:57871\n    at Vr (/home/felipe/.vscode/extensions/uqbar.wollok-lsp-ide-0.3.6/out/server/src/server.js:8:1561)","timestamp":"2024-10-12T11:58:42.494Z"}
{"level":"info","message":"onRequest - completionItem/resolve","timestamp":"2024-10-12T11:58:42.495Z"}
{"level":"info","message":"⌛ Validating objetos.wlk","timeElapsed":223,"timestamp":"2024-10-12T11:58:42.718Z"}
{"level":"info","message":"⌛ Building environment","timeElapsed":155,"timestamp":"2024-10-12T11:58:42.874Z"}
{"level":"info","message":"onRequest - completionItem/resolve","timestamp":"2024-10-12T11:58:42.876Z"}
{"level":"info","message":"⌛ Building environment","timeElapsed":261,"timestamp":"2024-10-12T11:58:43.138Z"}
{"level":"info","message":"onRequest - completionItem/resolve","timestamp":"2024-10-12T11:58:43.139Z"}
{"level":"info","message":"⌛ Building environment","timeElapsed":161,"timestamp":"2024-10-12T11:58:43.300Z"}
{"level":"info","message":"⌛ Validating objetos.wlk","timeElapsed":217,"timestamp":"2024-10-12T11:58:43.554Z"}
{"level":"info","message":"⌛ Building environment","timeElapsed":273,"timestamp":"2024-10-12T11:58:43.831Z"}
{"level":"info","message":"⌛ Building environment","timeElapsed":166,"timestamp":"2024-10-12T11:58:43.998Z"}
{"level":"info","message":"⌛ Building environment","timeElapsed":167,"timestamp":"2024-10-12T11:58:44.166Z"}
{"level":"info","message":"⌛ Validating objetos.wlk","timeElapsed":287,"timestamp":"2024-10-12T11:58:44.464Z"}
{"level":"info","message":"⌛ Validating objetos.wlk","timeElapsed":269,"timestamp":"2024-10-12T11:58:44.734Z"}
{"level":"info","message":"⌛ Building environment","timeElapsed":167,"timestamp":"2024-10-12T11:58:44.901Z"}
{"level":"info","message":"⌛ Validating objetos.wlk","timeElapsed":204,"timestamp":"2024-10-12T11:58:45.106Z"}
