{"level":"info","message":"⌛ Validating objetos.wlk","timeElapsed":202,"timestamp":"2024-10-12T11:58:45.312Z"}
{"level":"info","message":"⌛ Building environment","timeElapsed":231,"timestamp":"2024-10-12T11:58:45.557Z"}
{"level":"info","message":"⌛ Validating objetos.wlk","timeElapsed":236,"timestamp":"2024-10-12T11:58:45.902Z"}
{"level":"info","message":"⌛ Building environment","timeElapsed":192,"timestamp":"2024-10-12T11:58:46.097Z"}
{"level":"info","message":"⌛ Validating objetos.wlk","timeElapsed":197,"timestamp":"2024-10-12T11:58:46.295Z"}
{"level":"info","message":"⌛ Validating objetos.wlk","timeElapsed":188,"timestamp":"2024-10-12T11:58:46.485Z"}
{"level":"info","message":"⌛ Building environment","timeElapsed":158,"timestamp":"2024-10-12T11:58:46.651Z"}
{"level":"info","message":"⌛ Validating objetos.wlk","timeElapsed":216,"timestamp":"2024-10-12T11:58:46.929Z"}
{"level":"info","message":"⌛ Building environment","timeElapsed":210,"timestamp":"2024-10-12T11:58:47.140Z"}
{"level":"info","message":"⌛ Building environment","timeElapsed":232,"timestamp":"2024-10-12T11:58:47.375Z"}
{"level":"info","message":"⌛ Building environment","timeElapsed":206,"timestamp":"2024-10-12T11:58:47.591Z"}
{"level":"info","message":"⌛ Building environment","timeElapsed":390,"timestamp":"2024-10-12T11:58:47.984Z"}
{"level":"info","message":"⌛ Validating objetos.wlk","timeElapsed":224,"timestamp":"2024-10-12T11:58:48.209Z"}
{"level":"info","message":"⌛ Building environment","timeElapsed":160,"timestamp":"2024-10-12T11:58:48.369Z"}
{"level":"info","message":"⌛ Validating objetos.wlk","timeElapsed":195,"timestamp":"2024-10-12T11:58:48.579Z"}
{"level":"info","message":"⌛ Building environment","timeElapsed":281,"timestamp":"2024-10-12T11:58:48.867Z"}
{"level":"info","message":"⌛ Validating objetos.wlk","timeElapsed":212,"timestamp":"2024-10-12T11:58:49.081Z"}
{"level":"info","message":"⌛ Building environment","timeElapsed":166,"timestamp":"2024-10-12T11:58:49.257Z"}
{"level":"info","message":"⌛ Building environment","timeElapsed":158,"timestamp":"2024-10-12T11:58:49.415Z"}
{"level":"info","message":"⌛ Building environment","timeElapsed":143,"timestamp":"2024-10-12T11:58:49.565Z"}
{"level":"info","message":"⌛ Building environment","timeElapsed":447,"timestamp":"2024-10-12T11:58:50.014Z"}
{"level":"info","message":"⌛ Validating objetos.wlk","timeElapsed":245,"timestamp":"2024-10-12T11:58:50.260Z"}
{"level":"info","message":"⌛ Building environment","timeElapsed":156,"timestamp":"2024-10-12T11:58:50.417Z"}
{"level":"info","message":"⌛ Building environment","timeElapsed":145,"timestamp":"2024-10-12T11:58:50.563Z"}
{"level":"info","message":"⌛ Building environment","timeElapsed":146,"timestamp":"2024-10-12T11:58:50.714Z"}
{"level":"info","message":"⌛ Building environment","timeElapsed":299,"timestamp":"2024-10-12T11:58:51.014Z"}
{"level":"info","message":"⌛ Building environment","timeElapsed":155,"timestamp":"2024-10-12T11:58:51.170Z"}
{"level":"info","message":"⌛ Building environment","timeElapsed":167,"timestamp":"2024-10-12T11:58:51.343Z"}
{"level":"info","message":"⌛ Building environment","timeElapsed":146,"timestamp":"2024-10-12T11:58:51.490Z"}
{"level":"info","message":"⌛ Building environment","timeElapsed":147,"timestamp":"2024-10-12T11:58:51.638Z"}
{"level":"info","message":"⌛ Validating objetos.wlk","timeElapsed":205,"timestamp":"2024-10-12T11:58:51.843Z"}
{"level":"info","message":"⌛ Building environment","timeElapsed":378,"timestamp":"2024-10-12T11:58:52.223Z"}
{"level":"error","message":"✘ Failed to rebuild document Failed to parse objetos.wlk: \n-- PARSING FAILED --------------------------------------------------\n\nGot the end of the input\n\nExpected one of the following: \n\n'inherits', '{', identifier, whitespace\n","stack":"Error: Failed to parse objetos.wlk: \n-- PARSING FAILED --------------------------------------------------\n\nGot the end of the input\n\nExpected one of the following: \n\n'inherits', '{', identifier, whitespace\n\n    at /home/felipe/.vscode/extensions/uqbar.wollok-lsp-ide-0.3.6/out/server/src/server.js:2254:32415\n    at Array.map (<anonymous>)\n    at Jfn (/home/felipe/.vscode/extensions/uqbar.wollok-lsp-ide-0.3.6/out/server/src/server.js:2254:32339)\n    at k2.buildEnvironmentFrom (/home/felipe/.vscode/extensions/uqbar.wollok-lsp-ide-0.3.6/out/server/src/server.js:2285:6721)\n    at k2.updateEnvironmentWith (/home/felipe/.vscode/extensions/uqbar.wollok-lsp-ide-0.3.6/out/server/src/server.js:2285:6456)\n    at jL (/home/felipe/.vscode/extensions/uqbar.wollok-lsp-ide-0.3.6/out/server/src/server.js:2298:2292)\n    at v3.invoke (/home/felipe/.vscode/extensions/uqbar.wollok-lsp-ide-0.3.6/out/server/src/server.js:3:157200)\n    at o.fire (/home/felipe/.vscode/extensions/uqbar.wollok-lsp-ide-0.3.6/out/server/src/server.js:3:157970)\n    at /home/felipe/.vscode/extensions/uqbar.wollok-lsp-ide-0.3.6/out/server/src/server.js:37:57871\n    at Vr (/home/felipe/.vscode/extensions/uqbar.wollok-lsp-ide-0.3.6/out/server/src/server.js:8:1561)","timestamp":"2024-10-12T11:58:52.273Z"}
{"level":"info","message":"⌛ Building environment","timeElapsed":170,"timestamp":"2024-10-12T11:58:52.444Z"}
{"level":"info","message":"⌛ Building environment","timeElapsed":152,"timestamp":"2024-10-12T11:58:52.597Z"}
{"level":"info","message":"⌛ Building environment","timeElapsed":151,"timestamp":"2024-10-12T11:58:52.749Z"}
{"level":"info","message":"⌛ Building environment","timeElapsed":150,"timestamp":"2024-10-12T11:58:52.899Z"}
{"level":"info","message":"⌛ Building environment","timeElapsed":146,"timestamp":"2024-10-12T11:58:53.046Z"}
{"level":"info","message":"⌛ Validating objetos.wlk","timeElapsed":215,"timestamp":"2024-10-12T11:58:53.261Z"}
{"level":"info","message":"⌛ Building environment","timeElapsed":152,"timestamp":"2024-10-12T11:58:53.415Z"}
{"level":"info","message":"⌛ Building environment","timeElapsed":341,"timestamp":"2024-10-12T11:58:53.758Z"}
{"level":"info","message":"⌛ Building environment","timeElapsed":204,"timestamp":"2024-10-12T11:58:53.968Z"}
{"level":"info","message":"⌛ Building environment","timeElapsed":151,"timestamp":"2024-10-12T11:58:54.119Z"}
{"level":"info","message":"⌛ Building environment","timeElapsed":145,"timestamp":"2024-10-12T11:58:54.265Z"}
{"level":"info","message":"⌛ Building environment","timeElapsed":192,"timestamp":"2024-10-12T11:58:54.466Z"}
{"level":"info","message":"⌛ Building environment","timeElapsed":166,"timestamp":"2024-10-12T11:58:54.632Z"}
{"level":"info","message":"⌛ Building environment","timeElapsed":167,"timestamp":"2024-10-12T11:58:54.800Z"}
{"level":"info","message":"⌛ Building environment","timeElapsed":157,"timestamp":"2024-10-12T11:58:54.958Z"}
{"level":"error","message":"✘ Failed to rebuild document Failed to parse objetos.wlk: \n-- PARSING FAILED --------------------------------------------------\n\nGot the end of the input\n\nExpected one of the following: \n\n'@', 'const', 'method', 'override', 'var', '{', '}', any character/byte, comment, whitespace\n","stack":"Error: Failed to parse objetos.wlk: \n-- PARSING FAILED --------------------------------------------------\n\nGot the end of the input\n\nExpected one of the following: \n\n'@', 'const', 'method', 'override', 'var', '{', '}', any character/byte, comment, whitespace\n\n    at /home/felipe/.vscode/extensions/uqbar.wollok-lsp-ide-0.3.6/out/server/src/server.js:2254:32415\n    at Array.map (<anonymous>)\n    at Jfn (/home/felipe/.vscode/extensions/uqbar.wollok-lsp-ide-0.3.6/out/server/src/server.js:2254:32339)\n    at k2.buildEnvironmentFrom (/home/felipe/.vscode/extensions/uqbar.wollok-lsp-ide-0.3.6/out/server/src/server.js:2285:6721)\n    at k2.updateEnvironmentWith (/home/felipe/.vscode/extensions/uqbar.wollok-lsp-ide-0.3.6/out/server/src/server.js:2285:6456)\n    at jL (/home/felipe/.vscode/extensions/uqbar.wollok-lsp-ide-0.3.6/out/server/src/server.js:2298:2292)\n    at v3.invoke (/home/felipe/.vscode/extensions/uqbar.wollok-lsp-ide-0.3.6/out/server/src/server.js:3:157200)\n    at o.fire (/home/felipe/.vscode/extensions/uqbar.wollok-lsp-ide-0.3.6/out/server/src/server.js:3:157970)\n    at /home/felipe/.vscode/extensions/uqbar.wollok-lsp-ide-0.3.6/out/server/src/server.js:37:57871\n    at Vr (/home/felipe/.vscode/extensions/uqbar.wollok-lsp-ide-0.3.6/out/server/src/server.js:8:1561)","timestamp":"2024-10-12T11:58:55.010Z"}
{"level":"info","message":"⌛ Validating objetos.wlk","timeElapsed":214,"timestamp":"2024-10-12T11:58:55.225Z"}
{"level":"info","message":"⌛ Validating objetos.wlk","timeElapsed":209,"timestamp":"2024-10-12T11:58:55.444Z"}
{"level":"info","message":"⌛ Validating objetos.wlk","timeElapsed":209,"timestamp":"2024-10-12T11:58:55.652Z"}
{"level":"info","message":"⌛ Validating objetos.wlk","timeElapsed":194,"timestamp":"2024-10-12T11:58:55.848Z"}
{"level":"info","message":"⌛ Validating objetos.wlk","timeElapsed":188,"timestamp":"2024-10-12T11:58:56.036Z"}
{"level":"info","message":"⌛ Validating objetos.wlk","timeElapsed":184,"timestamp":"2024-10-12T11:58:56.220Z"}
{"level":"info","message":"⌛ Validating objetos.wlk","timeElapsed":185,"timestamp":"2024-10-12T11:58:56.407Z"}
{"level":"info","message":"⌛ Validating objetos.wlk","timeElapsed":188,"timestamp":"2024-10-12T11:58:56.595Z"}
{"level":"info","message":"⌛ Validating objetos.wlk","timeElapsed":194,"timestamp":"2024-10-12T11:58:56.789Z"}
{"level":"info","message":"⌛ Validating objetos.wlk","timeElapsed":184,"timestamp":"2024-10-12T11:58:56.974Z"}
{"level":"info","message":"⌛ Validating objetos.wlk","timeElapsed":186,"timestamp":"2024-10-12T11:58:57.160Z"}
{"level":"info","message":"⌛ Validating objetos.wlk","timeElapsed":183,"timestamp":"2024-10-12T11:58:57.343Z"}
{"level":"info","message":"⌛ Validating objetos.wlk","timeElapsed":187,"timestamp":"2024-10-12T11:58:57.530Z"}
{"level":"info","message":"⌛ Validating objetos.wlk","timeElapsed":185,"timestamp":"2024-10-12T11:58:57.715Z"}
{"level":"info","message":"⌛ Validating objetos.wlk","timeElapsed":183,"timestamp":"2024-10-12T11:58:57.899Z"}
{"level":"info","message":"⌛ Validating objetos.wlk","timeElapsed":184,"timestamp":"2024-10-12T11:58:58.085Z"}
{"level":"info","message":"⌛ Validating objetos.wlk","timeElapsed":184,"timestamp":"2024-10-12T11:58:58.270Z"}
{"level":"info","message":"⌛ Validating objetos.wlk","timeElapsed":189,"timestamp":"2024-10-12T11:58:58.458Z"}
{"level":"info","message":"⌛ Validating objetos.wlk","timeElapsed":183,"timestamp":"2024-10-12T11:58:58.641Z"}
{"level":"info","message":"⌛ Validating objetos.wlk","timeElapsed":185,"timestamp":"2024-10-12T11:58:58.826Z"}
{"level":"info","message":"⌛ Validating objetos.wlk","timeElapsed":187,"timestamp":"2024-10-12T11:58:59.013Z"}
{"level":"info","message":"⌛ Validating objetos.wlk","timeElapsed":181,"timestamp":"2024-10-12T11:58:59.195Z"}
{"level":"info","message":"⌛ Validating objetos.wlk","timeElapsed":182,"timestamp":"2024-10-12T11:58:59.377Z"}
{"level":"info","message":"⌛ Validating objetos.wlk","timeElapsed":186,"timestamp":"2024-10-12T11:58:59.563Z"}
{"level":"info","message":"⌛ Validating objetos.wlk","timeElapsed":182,"timestamp":"2024-10-12T11:58:59.747Z"}
{"level":"info","message":"⌛ Validating objetos.wlk","timeElapsed":192,"timestamp":"2024-10-12T11:58:59.940Z"}
{"level":"info","message":"⌛ Validating objetos.wlk","timeElapsed":183,"timestamp":"2024-10-12T11:59:00.123Z"}
{"level":"info","message":"⌛ Validating objetos.wlk","timeElapsed":180,"timestamp":"2024-10-12T11:59:00.304Z"}
{"level":"info","message":"⌛ Validating objetos.wlk","timeElapsed":198,"timestamp":"2024-10-12T11:59:00.503Z"}
{"level":"info","message":"⌛ Validating objetos.wlk","timeElapsed":187,"timestamp":"2024-10-12T11:59:00.690Z"}
{"level":"info","message":"⌛ Building environment","timeElapsed":252,"timestamp":"2024-10-12T12:00:43.616Z"}
{"level":"info","message":"⌛ Validating objetos.wlk","timeElapsed":253,"timestamp":"2024-10-12T12:00:43.874Z"}
{"level":"info","message":"⌛ Building environment","timeElapsed":203,"timestamp":"2024-10-12T12:05:24.079Z"}
{"level":"info","message":"⌛ Building environment","timeElapsed":177,"timestamp":"2024-10-12T12:05:24.352Z"}
{"level":"info","message":"⌛ Validating game.wpgm","timeElapsed":217,"timestamp":"2024-10-12T12:05:24.570Z"}
{"level":"info","message":"⌛ Validating game.wpgm","timeElapsed":219,"timestamp":"2024-10-12T12:05:24.800Z"}
{"level":"info","message":"⌛ Building environment","timeElapsed":242,"timestamp":"2024-10-12T12:05:25.046Z"}
{"level":"info","message":"⌛ Building environment","timeElapsed":150,"timestamp":"2024-10-12T12:05:25.211Z"}
{"level":"info","message":"⌛ Validating game.wpgm","timeElapsed":223,"timestamp":"2024-10-12T12:05:25.447Z"}
{"level":"info","message":"⌛ Validating game.wpgm","timeElapsed":249,"timestamp":"2024-10-12T12:05:25.697Z"}
{"level":"info","message":"⌛ Building environment","timeElapsed":184,"timestamp":"2024-10-12T12:05:25.882Z"}
{"level":"info","message":"⌛ Validating game.wpgm","timeElapsed":192,"timestamp":"2024-10-12T12:05:26.076Z"}
{"level":"info","message":"⌛ Building environment","timeElapsed":216,"timestamp":"2024-10-12T12:05:26.770Z"}
{"level":"info","message":"⌛ Building environment","timeElapsed":163,"timestamp":"2024-10-12T12:05:26.986Z"}
{"level":"info","message":"⌛ Validating game.wpgm","timeElapsed":227,"timestamp":"2024-10-12T12:05:27.213Z"}
{"level":"info","message":"⌛ Building environment","timeElapsed":148,"timestamp":"2024-10-12T12:05:27.362Z"}
{"level":"info","message":"⌛ Building environment","timeElapsed":156,"timestamp":"2024-10-12T12:05:27.519Z"}
{"level":"info","message":"⌛ Validating game.wpgm","timeElapsed":188,"timestamp":"2024-10-12T12:05:27.743Z"}
{"level":"info","message":"⌛ Validating game.wpgm","timeElapsed":199,"timestamp":"2024-10-12T12:05:27.943Z"}
{"level":"info","message":"⌛ Validating game.wpgm","timeElapsed":203,"timestamp":"2024-10-12T12:05:28.146Z"}
{"level":"info","message":"⌛ Building environment","timeElapsed":159,"timestamp":"2024-10-12T12:05:28.550Z"}
{"level":"info","message":"⌛ Validating game.wpgm","timeElapsed":228,"timestamp":"2024-10-12T12:05:28.823Z"}
{"level":"info","message":"onRequest - completionItem/resolve","timestamp":"2024-10-12T12:05:28.824Z"}
{"level":"info","message":"⌛ Building environment","timeElapsed":262,"timestamp":"2024-10-12T12:05:29.087Z"}
{"level":"info","message":"onRequest - completionItem/resolve","timestamp":"2024-10-12T12:05:29.087Z"}
{"level":"info","message":"⌛ Building environment","timeElapsed":147,"timestamp":"2024-10-12T12:05:29.234Z"}
{"level":"info","message":"onRequest - completionItem/resolve","timestamp":"2024-10-12T12:05:29.235Z"}
{"level":"info","message":"⌛ Validating game.wpgm","timeElapsed":188,"timestamp":"2024-10-12T12:05:29.424Z"}
{"level":"info","message":"⌛ Validating game.wpgm","timeElapsed":204,"timestamp":"2024-10-12T12:05:29.629Z"}
{"level":"info","message":"onRequest - completionItem/resolve","timestamp":"2024-10-12T12:05:30.734Z"}
{"level":"info","message":"onRequest - completionItem/resolve","timestamp":"2024-10-12T12:05:30.865Z"}
{"level":"info","message":"onRequest - completionItem/resolve","timestamp":"2024-10-12T12:05:31.551Z"}
{"level":"info","message":"⌛ Building environment","timeElapsed":195,"timestamp":"2024-10-12T12:05:32.284Z"}
{"level":"info","message":"⌛ Validating game.wpgm","timeElapsed":195,"timestamp":"2024-10-12T12:05:32.481Z"}
{"level":"info","message":"⌛ Building environment","timeElapsed":175,"timestamp":"2024-10-12T12:05:34.700Z"}
{"level":"info","message":"⌛ Building environment","timeElapsed":175,"timestamp":"2024-10-12T12:05:34.876Z"}
{"level":"info","message":"⌛ Validating game.wpgm","timeElapsed":198,"timestamp":"2024-10-12T12:05:35.082Z"}
{"level":"info","message":"⌛ Validating game.wpgm","timeElapsed":195,"timestamp":"2024-10-12T12:05:35.277Z"}
{"level":"info","message":"⌛ Building environment","timeElapsed":153,"timestamp":"2024-10-12T12:05:37.568Z"}
{"level":"info","message":"⌛ Validating game.wpgm","timeElapsed":189,"timestamp":"2024-10-12T12:05:37.759Z"}
{"level":"info","message":"⌛ Building environment","timeElapsed":172,"timestamp":"2024-10-12T12:05:38.268Z"}
{"level":"info","message":"⌛ Building environment","timeElapsed":155,"timestamp":"2024-10-12T12:05:38.424Z"}
{"level":"info","message":"⌛ Validating game.wpgm","timeElapsed":212,"timestamp":"2024-10-12T12:05:38.637Z"}
{"level":"info","message":"⌛ Building environment","timeElapsed":258,"timestamp":"2024-10-12T12:05:38.899Z"}
{"level":"info","message":"⌛ Validating game.wpgm","timeElapsed":350,"timestamp":"2024-10-12T12:05:39.250Z"}
{"level":"info","message":"⌛ Building environment","timeElapsed":146,"timestamp":"2024-10-12T12:05:39.396Z"}
{"level":"info","message":"⌛ Building environment","timeElapsed":146,"timestamp":"2024-10-12T12:05:39.543Z"}
{"level":"info","message":"⌛ Building environment","timeElapsed":133,"timestamp":"2024-10-12T12:05:39.677Z"}
{"level":"info","message":"⌛ Validating game.wpgm","timeElapsed":186,"timestamp":"2024-10-12T12:05:39.863Z"}
{"level":"info","message":"⌛ Building environment","timeElapsed":139,"timestamp":"2024-10-12T12:05:40.003Z"}
{"level":"info","message":"⌛ Building environment","timeElapsed":180,"timestamp":"2024-10-12T12:05:40.184Z"}
{"level":"info","message":"⌛ Validating game.wpgm","timeElapsed":189,"timestamp":"2024-10-12T12:05:40.379Z"}
{"level":"info","message":"⌛ Validating game.wpgm","timeElapsed":208,"timestamp":"2024-10-12T12:05:40.589Z"}
{"level":"info","message":"⌛ Validating game.wpgm","timeElapsed":198,"timestamp":"2024-10-12T12:05:40.788Z"}
{"level":"info","message":"⌛ Validating game.wpgm","timeElapsed":204,"timestamp":"2024-10-12T12:05:40.992Z"}
{"level":"info","message":"⌛ Validating game.wpgm","timeElapsed":184,"timestamp":"2024-10-12T12:05:41.177Z"}
{"level":"info","message":"⌛ Building environment","timeElapsed":184,"timestamp":"2024-10-12T12:05:43.951Z"}
{"level":"error","message":"✘ Completions for node failed: Error: [Send]{9ee18e} at game.wpgm:36 exhausted all cases without a match [Send]{9ee18e} at game.wpgm:36 exhausted all cases without a match","stack":"Error: [Send]{9ee18e} at game.wpgm:36 exhausted all cases without a match\n    at /home/felipe/.vscode/extensions/uqbar.wollok-lsp-ide-0.3.6/out/server/src/server.js:38:6067\n    at yh (/home/felipe/.vscode/extensions/uqbar.wollok-lsp-ide-0.3.6/out/server/src/server.js:2291:42)\n    at kh (/home/felipe/.vscode/extensions/uqbar.wollok-lsp-ide-0.3.6/out/server/src/server.js:2291:1004)\n    at Y5n (/home/felipe/.vscode/extensions/uqbar.wollok-lsp-ide-0.3.6/out/server/src/server.js:2291:1160)\n    at /home/felipe/.vscode/extensions/uqbar.wollok-lsp-ide-0.3.6/out/server/src/server.js:38:6056\n    at yh (/home/felipe/.vscode/extensions/uqbar.wollok-lsp-ide-0.3.6/out/server/src/server.js:2291:42)\n    at /home/felipe/.vscode/extensions/uqbar.wollok-lsp-ide-0.3.6/out/server/src/server.js:2291:2700\n    at /home/felipe/.vscode/extensions/uqbar.wollok-lsp-ide-0.3.6/out/server/src/server.js:2298:3774\n    at /home/felipe/.vscode/extensions/uqbar.wollok-lsp-ide-0.3.6/out/server/src/server.js:37:74872\n    at Fe (/home/felipe/.vscode/extensions/uqbar.wollok-lsp-ide-0.3.6/out/server/src/server.js:7:8527)","timestamp":"2024-10-12T12:05:43.990Z"}
{"level":"info","message":"⌛ Building environment","timeElapsed":146,"timestamp":"2024-10-12T12:05:44.136Z"}
{"level":"info","message":"⌛ Validating game.wpgm","timeElapsed":189,"timestamp":"2024-10-12T12:05:44.332Z"}
{"level":"info","message":"⌛ Building environment","timeElapsed":146,"timestamp":"2024-10-12T12:05:44.478Z"}
{"level":"error","message":"✘ Completions for node failed: Error: [Send]{b22738} at game.wpgm:36 exhausted all cases without a match [Send]{b22738} at game.wpgm:36 exhausted all cases without a match","stack":"Error: [Send]{b22738} at game.wpgm:36 exhausted all cases without a match\n    at /home/felipe/.vscode/extensions/uqbar.wollok-lsp-ide-0.3.6/out/server/src/server.js:38:6067\n    at yh (/home/felipe/.vscode/extensions/uqbar.wollok-lsp-ide-0.3.6/out/server/src/server.js:2291:42)\n    at kh (/home/felipe/.vscode/extensions/uqbar.wollok-lsp-ide-0.3.6/out/server/src/server.js:2291:1004)\n    at Y5n (/home/felipe/.vscode/extensions/uqbar.wollok-lsp-ide-0.3.6/out/server/src/server.js:2291:1160)\n    at /home/felipe/.vscode/extensions/uqbar.wollok-lsp-ide-0.3.6/out/server/src/server.js:38:6056\n    at yh (/home/felipe/.vscode/extensions/uqbar.wollok-lsp-ide-0.3.6/out/server/src/server.js:2291:42)\n    at /home/felipe/.vscode/extensions/uqbar.wollok-lsp-ide-0.3.6/out/server/src/server.js:2291:2700\n    at /home/felipe/.vscode/extensions/uqbar.wollok-lsp-ide-0.3.6/out/server/src/server.js:2298:3774\n    at /home/felipe/.vscode/extensions/uqbar.wollok-lsp-ide-0.3.6/out/server/src/server.js:37:74872\n    at Fe (/home/felipe/.vscode/extensions/uqbar.wollok-lsp-ide-0.3.6/out/server/src/server.js:7:8527)","timestamp":"2024-10-12T12:05:44.517Z"}
{"level":"info","message":"⌛ Validating game.wpgm","timeElapsed":187,"timestamp":"2024-10-12T12:05:44.706Z"}
{"level":"info","message":"⌛ Building environment","timeElapsed":135,"timestamp":"2024-10-12T12:05:44.842Z"}
{"level":"info","message":"⌛ Building environment","timeElapsed":133,"timestamp":"2024-10-12T12:05:44.975Z"}
{"level":"info","message":"⌛ Validating game.wpgm","timeElapsed":177,"timestamp":"2024-10-12T12:05:45.157Z"}
{"level":"info","message":"⌛ Validating game.wpgm","timeElapsed":179,"timestamp":"2024-10-12T12:05:45.345Z"}
{"level":"info","message":"⌛ Validating game.wpgm","timeElapsed":184,"timestamp":"2024-10-12T12:05:45.530Z"}
{"level":"info","message":"⌛ Building environment","timeElapsed":204,"timestamp":"2024-10-12T12:05:47.265Z"}
{"level":"info","message":"⌛ Building environment","timeElapsed":166,"timestamp":"2024-10-12T12:05:47.431Z"}
{"level":"info","message":"⌛ Validating game.wpgm","timeElapsed":223,"timestamp":"2024-10-12T12:05:47.660Z"}
{"level":"info","message":"⌛ Building environment","timeElapsed":141,"timestamp":"2024-10-12T12:05:47.803Z"}
{"level":"info","message":"⌛ Validating game.wpgm","timeElapsed":190,"timestamp":"2024-10-12T12:05:47.993Z"}
{"level":"info","message":"⌛ Building environment","timeElapsed":137,"timestamp":"2024-10-12T12:05:48.131Z"}
{"level":"info","message":"⌛ Building environment","timeElapsed":150,"timestamp":"2024-10-12T12:05:48.282Z"}
{"level":"info","message":"⌛ Validating game.wpgm","timeElapsed":195,"timestamp":"2024-10-12T12:05:48.481Z"}
{"level":"info","message":"⌛ Validating game.wpgm","timeElapsed":245,"timestamp":"2024-10-12T12:05:48.738Z"}
{"level":"info","message":"⌛ Building environment","timeElapsed":193,"timestamp":"2024-10-12T12:05:48.932Z"}
{"level":"error","message":"✘ Completions for node failed: Error: [Send]{c732cd} at game.wpgm:36 exhausted all cases without a match [Send]{c732cd} at game.wpgm:36 exhausted all cases without a match","stack":"Error: [Send]{c732cd} at game.wpgm:36 exhausted all cases without a match\n    at /home/felipe/.vscode/extensions/uqbar.wollok-lsp-ide-0.3.6/out/server/src/server.js:38:6067\n    at yh (/home/felipe/.vscode/extensions/uqbar.wollok-lsp-ide-0.3.6/out/server/src/server.js:2291:42)\n    at kh (/home/felipe/.vscode/extensions/uqbar.wollok-lsp-ide-0.3.6/out/server/src/server.js:2291:1004)\n    at Y5n (/home/felipe/.vscode/extensions/uqbar.wollok-lsp-ide-0.3.6/out/server/src/server.js:2291:1160)\n    at /home/felipe/.vscode/extensions/uqbar.wollok-lsp-ide-0.3.6/out/server/src/server.js:38:6056\n    at yh (/home/felipe/.vscode/extensions/uqbar.wollok-lsp-ide-0.3.6/out/server/src/server.js:2291:42)\n    at /home/felipe/.vscode/extensions/uqbar.wollok-lsp-ide-0.3.6/out/server/src/server.js:2291:2700\n    at /home/felipe/.vscode/extensions/uqbar.wollok-lsp-ide-0.3.6/out/server/src/server.js:2298:3774\n    at /home/felipe/.vscode/extensions/uqbar.wollok-lsp-ide-0.3.6/out/server/src/server.js:37:74872\n    at Fe (/home/felipe/.vscode/extensions/uqbar.wollok-lsp-ide-0.3.6/out/server/src/server.js:7:8527)","timestamp":"2024-10-12T12:05:48.979Z"}
{"level":"info","message":"⌛ Validating game.wpgm","timeElapsed":207,"timestamp":"2024-10-12T12:05:49.187Z"}
{"level":"info","message":"⌛ Building environment","timeElapsed":148,"timestamp":"2024-10-12T12:05:49.335Z"}
{"level":"info","message":"⌛ Building environment","timeElapsed":136,"timestamp":"2024-10-12T12:05:49.471Z"}
{"level":"info","message":"⌛ Building environment","timeElapsed":154,"timestamp":"2024-10-12T12:05:49.626Z"}
{"level":"info","message":"⌛ Building environment","timeElapsed":149,"timestamp":"2024-10-12T12:05:49.777Z"}
{"level":"info","message":"⌛ Validating game.wpgm","timeElapsed":202,"timestamp":"2024-10-12T12:05:49.979Z"}
{"level":"info","message":"⌛ Building environment","timeElapsed":150,"timestamp":"2024-10-12T12:05:50.131Z"}
{"level":"info","message":"onRequest - completionItem/resolve","timestamp":"2024-10-12T12:05:50.131Z"}
{"level":"info","message":"⌛ Building environment","timeElapsed":175,"timestamp":"2024-10-12T12:05:50.307Z"}
{"level":"info","message":"onRequest - completionItem/resolve","timestamp":"2024-10-12T12:05:50.315Z"}
{"level":"info","message":"⌛ Validating game.wpgm","timeElapsed":189,"timestamp":"2024-10-12T12:05:50.504Z"}
{"level":"info","message":"⌛ Validating game.wpgm","timeElapsed":190,"timestamp":"2024-10-12T12:05:50.703Z"}
{"level":"info","message":"⌛ Validating game.wpgm","timeElapsed":192,"timestamp":"2024-10-12T12:05:50.895Z"}
{"level":"info","message":"⌛ Building environment","timeElapsed":139,"timestamp":"2024-10-12T12:05:51.035Z"}
{"level":"error","message":"✘ Completions for node failed: Error: [Send]{d193e5} at game.wpgm:36 exhausted all cases without a match [Send]{d193e5} at game.wpgm:36 exhausted all cases without a match","stack":"Error: [Send]{d193e5} at game.wpgm:36 exhausted all cases without a match\n    at /home/felipe/.vscode/extensions/uqbar.wollok-lsp-ide-0.3.6/out/server/src/server.js:38:6067\n    at yh (/home/felipe/.vscode/extensions/uqbar.wollok-lsp-ide-0.3.6/out/server/src/server.js:2291:42)\n    at kh (/home/felipe/.vscode/extensions/uqbar.wollok-lsp-ide-0.3.6/out/server/src/server.js:2291:1004)\n    at Y5n (/home/felipe/.vscode/extensions/uqbar.wollok-lsp-ide-0.3.6/out/server/src/server.js:2291:1160)\n    at /home/felipe/.vscode/extensions/uqbar.wollok-lsp-ide-0.3.6/out/server/src/server.js:38:6056\n    at yh (/home/felipe/.vscode/extensions/uqbar.wollok-lsp-ide-0.3.6/out/server/src/server.js:2291:42)\n    at /home/felipe/.vscode/extensions/uqbar.wollok-lsp-ide-0.3.6/out/server/src/server.js:2291:2700\n    at /home/felipe/.vscode/extensions/uqbar.wollok-lsp-ide-0.3.6/out/server/src/server.js:2298:3774\n    at /home/felipe/.vscode/extensions/uqbar.wollok-lsp-ide-0.3.6/out/server/src/server.js:37:74872\n    at Fe (/home/felipe/.vscode/extensions/uqbar.wollok-lsp-ide-0.3.6/out/server/src/server.js:7:8527)","timestamp":"2024-10-12T12:05:51.070Z"}
{"level":"info","message":"⌛ Validating game.wpgm","timeElapsed":184,"timestamp":"2024-10-12T12:05:51.255Z"}
{"level":"info","message":"⌛ Building environment","timeElapsed":139,"timestamp":"2024-10-12T12:05:51.395Z"}
{"level":"info","message":"⌛ Building environment","timeElapsed":365,"timestamp":"2024-10-12T12:05:51.761Z"}
{"level":"info","message":"⌛ Validating game.wpgm","timeElapsed":310,"timestamp":"2024-10-12T12:05:52.071Z"}
{"level":"info","message":"⌛ Building environment","timeElapsed":197,"timestamp":"2024-10-12T12:05:52.268Z"}
{"level":"info","message":"⌛ Building environment","timeElapsed":150,"timestamp":"2024-10-12T12:05:52.419Z"}
{"level":"info","message":"⌛ Validating game.wpgm","timeElapsed":194,"timestamp":"2024-10-12T12:05:52.619Z"}
{"level":"info","message":"⌛ Validating game.wpgm","timeElapsed":183,"timestamp":"2024-10-12T12:05:52.810Z"}
{"level":"info","message":"⌛ Validating game.wpgm","timeElapsed":190,"timestamp":"2024-10-12T12:05:53.000Z"}
{"level":"info","message":"⌛ Building environment","timeElapsed":136,"timestamp":"2024-10-12T12:05:53.138Z"}
{"level":"info","message":"⌛ Validating game.wpgm","timeElapsed":195,"timestamp":"2024-10-12T12:05:53.369Z"}
{"level":"info","message":"⌛ Building environment","timeElapsed":143,"timestamp":"2024-10-12T12:05:53.513Z"}
{"level":"info","message":"⌛ Validating game.wpgm","timeElapsed":189,"timestamp":"2024-10-12T12:05:53.715Z"}
{"level":"info","message":"⌛ Validating game.wpgm","timeElapsed":199,"timestamp":"2024-10-12T12:05:53.914Z"}
{"level":"info","message":"⌛ Validating game.wpgm","timeElapsed":216,"timestamp":"2024-10-12T12:05:54.130Z"}
{"level":"info","message":"⌛ Building environment","timeElapsed":172,"timestamp":"2024-10-12T12:05:54.303Z"}
{"level":"info","message":"⌛ Validating game.wpgm","timeElapsed":214,"timestamp":"2024-10-12T12:05:54.517Z"}
{"level":"info","message":"⌛ Validating game.wpgm","timeElapsed":207,"timestamp":"2024-10-12T12:05:54.734Z"}
{"level":"info","message":"⌛ Building environment","timeElapsed":183,"timestamp":"2024-10-12T12:06:09.108Z"}
{"level":"info","message":"⌛ Validating objetos.wlk","timeElapsed":191,"timestamp":"2024-10-12T12:06:09.301Z"}
{"level":"info","message":"⌛ Building environment","timeElapsed":213,"timestamp":"2024-10-12T12:06:11.605Z"}
{"level":"info","message":"⌛ Building environment","timeElapsed":243,"timestamp":"2024-10-12T12:06:11.887Z"}
{"level":"info","message":"⌛ Validating objetos.wlk","timeElapsed":200,"timestamp":"2024-10-12T12:06:12.088Z"}
{"level":"info","message":"onRequest - completionItem/resolve","timestamp":"2024-10-12T12:06:12.090Z"}
{"level":"info","message":"⌛ Validating objetos.wlk","timeElapsed":215,"timestamp":"2024-10-12T12:06:12.312Z"}
{"level":"info","message":"⌛ Building environment","timeElapsed":168,"timestamp":"2024-10-12T12:06:12.482Z"}
{"level":"info","message":"onRequest - completionItem/resolve","timestamp":"2024-10-12T12:06:12.483Z"}
{"level":"info","message":"⌛ Building environment","timeElapsed":156,"timestamp":"2024-10-12T12:06:12.640Z"}
{"level":"info","message":"⌛ Building environment","timeElapsed":157,"timestamp":"2024-10-12T12:06:12.829Z"}
{"level":"info","message":"⌛ Validating objetos.wlk","timeElapsed":229,"timestamp":"2024-10-12T12:06:13.060Z"}
{"level":"info","message":"⌛ Validating objetos.wlk","timeElapsed":203,"timestamp":"2024-10-12T12:06:13.269Z"}
{"level":"info","message":"⌛ Validating objetos.wlk","timeElapsed":211,"timestamp":"2024-10-12T12:06:13.482Z"}
{"level":"info","message":"⌛ Building environment","timeElapsed":153,"timestamp":"2024-10-12T12:06:13.635Z"}
{"level":"info","message":"⌛ Building environment","timeElapsed":198,"timestamp":"2024-10-12T12:06:13.871Z"}
{"level":"info","message":"⌛ Building environment","timeElapsed":188,"timestamp":"2024-10-12T12:06:14.068Z"}
{"level":"info","message":"⌛ Validating objetos.wlk","timeElapsed":193,"timestamp":"2024-10-12T12:06:14.261Z"}
{"level":"info","message":"⌛ Validating objetos.wlk","timeElapsed":178,"timestamp":"2024-10-12T12:06:14.447Z"}
{"level":"info","message":"⌛ Building environment","timeElapsed":149,"timestamp":"2024-10-12T12:06:14.598Z"}
{"level":"info","message":"⌛ Validating objetos.wlk","timeElapsed":184,"timestamp":"2024-10-12T12:06:14.782Z"}
{"level":"info","message":"⌛ Validating objetos.wlk","timeElapsed":178,"timestamp":"2024-10-12T12:06:14.971Z"}
{"level":"info","message":"⌛ Building environment","timeElapsed":159,"timestamp":"2024-10-12T12:06:15.263Z"}
{"level":"info","message":"⌛ Validating objetos.wlk","timeElapsed":193,"timestamp":"2024-10-12T12:06:15.457Z"}
{"level":"info","message":"⌛ Building environment","timeElapsed":172,"timestamp":"2024-10-12T12:06:16.108Z"}
{"level":"info","message":"⌛ Building environment","timeElapsed":168,"timestamp":"2024-10-12T12:06:16.276Z"}
{"level":"info","message":"⌛ Validating objetos.wlk","timeElapsed":199,"timestamp":"2024-10-12T12:06:16.475Z"}
{"level":"info","message":"⌛ Building environment","timeElapsed":241,"timestamp":"2024-10-12T12:06:16.717Z"}
{"level":"info","message":"⌛ Validating objetos.wlk","timeElapsed":200,"timestamp":"2024-10-12T12:06:16.917Z"}
{"level":"info","message":"⌛ Building environment","timeElapsed":175,"timestamp":"2024-10-12T12:06:17.092Z"}
{"level":"info","message":"⌛ Building environment","timeElapsed":187,"timestamp":"2024-10-12T12:06:17.280Z"}
{"level":"info","message":"⌛ Building environment","timeElapsed":181,"timestamp":"2024-10-12T12:06:17.463Z"}
{"level":"info","message":"⌛ Validating objetos.wlk","timeElapsed":186,"timestamp":"2024-10-12T12:06:17.650Z"}
{"level":"info","message":"⌛ Building environment","timeElapsed":198,"timestamp":"2024-10-12T12:06:17.848Z"}
{"level":"info","message":"⌛ Validating objetos.wlk","timeElapsed":201,"timestamp":"2024-10-12T12:06:18.057Z"}
{"level":"info","message":"⌛ Building environment","timeElapsed":158,"timestamp":"2024-10-12T12:06:18.216Z"}
{"level":"info","message":"⌛ Validating objetos.wlk","timeElapsed":189,"timestamp":"2024-10-12T12:06:18.413Z"}
{"level":"info","message":"⌛ Validating objetos.wlk","timeElapsed":198,"timestamp":"2024-10-12T12:06:18.614Z"}
{"level":"info","message":"⌛ Building environment","timeElapsed":156,"timestamp":"2024-10-12T12:06:18.770Z"}
{"level":"info","message":"⌛ Building environment","timeElapsed":158,"timestamp":"2024-10-12T12:06:18.964Z"}
{"level":"info","message":"⌛ Validating objetos.wlk","timeElapsed":182,"timestamp":"2024-10-12T12:06:19.147Z"}
{"level":"info","message":"⌛ Building environment","timeElapsed":156,"timestamp":"2024-10-12T12:06:19.306Z"}
{"level":"info","message":"⌛ Building environment","timeElapsed":150,"timestamp":"2024-10-12T12:06:19.457Z"}
{"level":"error","message":"✘ Failed to rebuild document Failed to parse objetos.wlk: \n-- PARSING FAILED --------------------------------------------------\n\n  114 | \t\tterreno.mercados().add(mercado)\n  115 | \t}\n> 116 | }\n      | ^\n  117 | \n  118 | \n\nExpected one of the following: \n\n'@', 'class', 'const', 'describe', 'mixin', 'object', 'only', 'package', 'program', 'test', 'var', '{', EOF, comment, not \"}\n\n\n\", whitespace\n","stack":"Error: Failed to parse objetos.wlk: \n-- PARSING FAILED --------------------------------------------------\n\n  114 | \t\tterreno.mercados().add(mercado)\n  115 | \t}\n> 116 | }\n      | ^\n  117 | \n  118 | \n\nExpected one of the following: \n\n'@', 'class', 'const', 'describe', 'mixin', 'object', 'only', 'package', 'program', 'test', 'var', '{', EOF, comment, not \"}\n\n\n\", whitespace\n\n    at /home/felipe/.vscode/extensions/uqbar.wollok-lsp-ide-0.3.6/out/server/src/server.js:2254:32415\n    at Array.map (<anonymous>)\n    at Jfn (/home/felipe/.vscode/extensions/uqbar.wollok-lsp-ide-0.3.6/out/server/src/server.js:2254:32339)\n    at k2.buildEnvironmentFrom (/home/felipe/.vscode/extensions/uqbar.wollok-lsp-ide-0.3.6/out/server/src/server.js:2285:6721)\n    at k2.updateEnvironmentWith (/home/felipe/.vscode/extensions/uqbar.wollok-lsp-ide-0.3.6/out/server/src/server.js:2285:6456)\n    at jL (/home/felipe/.vscode/extensions/uqbar.wollok-lsp-ide-0.3.6/out/server/src/server.js:2298:2292)\n    at v3.invoke (/home/felipe/.vscode/extensions/uqbar.wollok-lsp-ide-0.3.6/out/server/src/server.js:3:157200)\n    at o.fire (/home/felipe/.vscode/extensions/uqbar.wollok-lsp-ide-0.3.6/out/server/src/server.js:3:157970)\n    at /home/felipe/.vscode/extensions/uqbar.wollok-lsp-ide-0.3.6/out/server/src/server.js:37:57871\n    at Vr (/home/felipe/.vscode/extensions/uqbar.wollok-lsp-ide-0.3.6/out/server/src/server.js:8:1561)","timestamp":"2024-10-12T12:06:19.504Z"}
{"level":"info","message":"⌛ Validating objetos.wlk","timeElapsed":183,"timestamp":"2024-10-12T12:06:19.688Z"}
{"level":"error","message":"✘ Failed to rebuild document Failed to parse objetos.wlk: \n-- PARSING FAILED --------------------------------------------------\n\n  114 | \t\tterreno.mercados().add(mercado)\n  115 | \t}\n> 116 | }\n      | ^\n  117 | \n  118 | \n\nExpected one of the following: \n\n'@', 'class', 'const', 'describe', 'mixin', 'object', 'only', 'package', 'program', 'test', 'var', '{', EOF, comment, not \"}\n\n\n\", whitespace\n","stack":"Error: Failed to parse objetos.wlk: \n-- PARSING FAILED --------------------------------------------------\n\n  114 | \t\tterreno.mercados().add(mercado)\n  115 | \t}\n> 116 | }\n      | ^\n  117 | \n  118 | \n\nExpected one of the following: \n\n'@', 'class', 'const', 'describe', 'mixin', 'object', 'only', 'package', 'program', 'test', 'var', '{', EOF, comment, not \"}\n\n\n\", whitespace\n\n    at /home/felipe/.vscode/extensions/uqbar.wollok-lsp-ide-0.3.6/out/server/src/server.js:2254:32415\n    at Array.map (<anonymous>)\n    at Jfn (/home/felipe/.vscode/extensions/uqbar.wollok-lsp-ide-0.3.6/out/server/src/server.js:2254:32339)\n    at k2.buildEnvironmentFrom (/home/felipe/.vscode/extensions/uqbar.wollok-lsp-ide-0.3.6/out/server/src/server.js:2285:6721)\n    at k2.updateEnvironmentWith (/home/felipe/.vscode/extensions/uqbar.wollok-lsp-ide-0.3.6/out/server/src/server.js:2285:6456)\n    at jL (/home/felipe/.vscode/extensions/uqbar.wollok-lsp-ide-0.3.6/out/server/src/server.js:2298:2292)\n    at v3.invoke (/home/felipe/.vscode/extensions/uqbar.wollok-lsp-ide-0.3.6/out/server/src/server.js:3:157200)\n    at o.fire (/home/felipe/.vscode/extensions/uqbar.wollok-lsp-ide-0.3.6/out/server/src/server.js:3:157970)\n    at /home/felipe/.vscode/extensions/uqbar.wollok-lsp-ide-0.3.6/out/server/src/server.js:37:57871\n    at Vr (/home/felipe/.vscode/extensions/uqbar.wollok-lsp-ide-0.3.6/out/server/src/server.js:8:1561)","timestamp":"2024-10-12T12:06:19.738Z"}
{"level":"info","message":"⌛ Validating objetos.wlk","timeElapsed":193,"timestamp":"2024-10-12T12:06:19.933Z"}
{"level":"info","message":"onRequest - completionItem/resolve","timestamp":"2024-10-12T12:06:19.933Z"}
{"level":"info","message":"⌛ Validating objetos.wlk","timeElapsed":196,"timestamp":"2024-10-12T12:06:20.129Z"}
{"level":"info","message":"⌛ Validating objetos.wlk","timeElapsed":185,"timestamp":"2024-10-12T12:06:20.314Z"}
{"level":"info","message":"⌛ Validating objetos.wlk","timeElapsed":186,"timestamp":"2024-10-12T12:06:20.501Z"}
{"level":"info","message":"⌛ Building environment","timeElapsed":169,"timestamp":"2024-10-12T12:06:21.323Z"}
{"level":"info","message":"⌛ Validating objetos.wlk","timeElapsed":203,"timestamp":"2024-10-12T12:06:21.528Z"}
{"level":"info","message":"⌛ Building environment","timeElapsed":170,"timestamp":"2024-10-12T12:06:21.699Z"}
{"level":"error","message":"✘ Completions for node failed: Error: objetos.mercadoAdmin.cr [Field]{65c9d3} at objetos.wlk:110 exhausted all cases without a match objetos.mercadoAdmin.cr [Field]{65c9d3} at objetos.wlk:110 exhausted all cases without a match","stack":"Error: objetos.mercadoAdmin.cr [Field]{65c9d3} at objetos.wlk:110 exhausted all cases without a match\n    at /home/felipe/.vscode/extensions/uqbar.wollok-lsp-ide-0.3.6/out/server/src/server.js:38:6067\n    at yh (/home/felipe/.vscode/extensions/uqbar.wollok-lsp-ide-0.3.6/out/server/src/server.js:2291:42)\n    at /home/felipe/.vscode/extensions/uqbar.wollok-lsp-ide-0.3.6/out/server/src/server.js:2291:2700\n    at /home/felipe/.vscode/extensions/uqbar.wollok-lsp-ide-0.3.6/out/server/src/server.js:2298:3774\n    at /home/felipe/.vscode/extensions/uqbar.wollok-lsp-ide-0.3.6/out/server/src/server.js:37:74872\n    at Fe (/home/felipe/.vscode/extensions/uqbar.wollok-lsp-ide-0.3.6/out/server/src/server.js:7:8527)\n    at Pt (/home/felipe/.vscode/extensions/uqbar.wollok-lsp-ide-0.3.6/out/server/src/server.js:7:6189)\n    at Gi (/home/felipe/.vscode/extensions/uqbar.wollok-lsp-ide-0.3.6/out/server/src/server.js:7:6378)\n    at Immediate._onImmediate (/home/felipe/.vscode/extensions/uqbar.wollok-lsp-ide-0.3.6/out/server/src/server.js:7:6142)\n    at process.processImmediate (node:internal/timers:483:21)","timestamp":"2024-10-12T12:06:21.733Z"}
{"level":"info","message":"⌛ Validating objetos.wlk","timeElapsed":196,"timestamp":"2024-10-12T12:06:21.930Z"}
{"level":"info","message":"onRequest - completionItem/resolve","timestamp":"2024-10-12T12:06:21.931Z"}
{"level":"info","message":"⌛ Building environment","timeElapsed":168,"timestamp":"2024-10-12T12:06:22.336Z"}
{"level":"info","message":"⌛ Validating objetos.wlk","timeElapsed":210,"timestamp":"2024-10-12T12:06:22.548Z"}
{"level":"info","message":"⌛ Building environment","timeElapsed":180,"timestamp":"2024-10-12T12:06:22.731Z"}
{"level":"error","message":"✘ Completions for node failed: Error: objetos.mercadoAdmin.crea [Field]{20260b} at objetos.wlk:110 exhausted all cases without a match objetos.mercadoAdmin.crea [Field]{20260b} at objetos.wlk:110 exhausted all cases without a match","stack":"Error: objetos.mercadoAdmin.crea [Field]{20260b} at objetos.wlk:110 exhausted all cases without a match\n    at /home/felipe/.vscode/extensions/uqbar.wollok-lsp-ide-0.3.6/out/server/src/server.js:38:6067\n    at yh (/home/felipe/.vscode/extensions/uqbar.wollok-lsp-ide-0.3.6/out/server/src/server.js:2291:42)\n    at /home/felipe/.vscode/extensions/uqbar.wollok-lsp-ide-0.3.6/out/server/src/server.js:2291:2700\n    at /home/felipe/.vscode/extensions/uqbar.wollok-lsp-ide-0.3.6/out/server/src/server.js:2298:3774\n    at /home/felipe/.vscode/extensions/uqbar.wollok-lsp-ide-0.3.6/out/server/src/server.js:37:74872\n    at Fe (/home/felipe/.vscode/extensions/uqbar.wollok-lsp-ide-0.3.6/out/server/src/server.js:7:8527)\n    at Pt (/home/felipe/.vscode/extensions/uqbar.wollok-lsp-ide-0.3.6/out/server/src/server.js:7:6189)\n    at Gi (/home/felipe/.vscode/extensions/uqbar.wollok-lsp-ide-0.3.6/out/server/src/server.js:7:6378)\n    at Immediate._onImmediate (/home/felipe/.vscode/extensions/uqbar.wollok-lsp-ide-0.3.6/out/server/src/server.js:7:6142)\n    at process.processImmediate (node:internal/timers:483:21)","timestamp":"2024-10-12T12:06:22.764Z"}
{"level":"info","message":"⌛ Building environment","timeElapsed":184,"timestamp":"2024-10-12T12:06:22.950Z"}
{"level":"info","message":"⌛ Validating objetos.wlk","timeElapsed":189,"timestamp":"2024-10-12T12:06:23.140Z"}
{"level":"info","message":"⌛ Building environment","timeElapsed":161,"timestamp":"2024-10-12T12:06:23.302Z"}
{"level":"error","message":"✘ Completions for node failed: Error: objetos.mercadoAdmin.creado [Field]{c99ab3} at objetos.wlk:110 exhausted all cases without a match objetos.mercadoAdmin.creado [Field]{c99ab3} at objetos.wlk:110 exhausted all cases without a match","stack":"Error: objetos.mercadoAdmin.creado [Field]{c99ab3} at objetos.wlk:110 exhausted all cases without a match\n    at /home/felipe/.vscode/extensions/uqbar.wollok-lsp-ide-0.3.6/out/server/src/server.js:38:6067\n    at yh (/home/felipe/.vscode/extensions/uqbar.wollok-lsp-ide-0.3.6/out/server/src/server.js:2291:42)\n    at /home/felipe/.vscode/extensions/uqbar.wollok-lsp-ide-0.3.6/out/server/src/server.js:2291:2700\n    at /home/felipe/.vscode/extensions/uqbar.wollok-lsp-ide-0.3.6/out/server/src/server.js:2298:3774\n    at /home/felipe/.vscode/extensions/uqbar.wollok-lsp-ide-0.3.6/out/server/src/server.js:37:74872\n    at Fe (/home/felipe/.vscode/extensions/uqbar.wollok-lsp-ide-0.3.6/out/server/src/server.js:7:8527)\n    at Pt (/home/felipe/.vscode/extensions/uqbar.wollok-lsp-ide-0.3.6/out/server/src/server.js:7:6189)\n    at Gi (/home/felipe/.vscode/extensions/uqbar.wollok-lsp-ide-0.3.6/out/server/src/server.js:7:6378)\n    at Immediate._onImmediate (/home/felipe/.vscode/extensions/uqbar.wollok-lsp-ide-0.3.6/out/server/src/server.js:7:6142)\n    at process.processImmediate (node:internal/timers:483:21)","timestamp":"2024-10-12T12:06:23.334Z"}
{"level":"info","message":"⌛ Building environment","timeElapsed":148,"timestamp":"2024-10-12T12:06:23.485Z"}
{"level":"info","message":"⌛ Validating objetos.wlk","timeElapsed":182,"timestamp":"2024-10-12T12:06:23.667Z"}
{"level":"info","message":"⌛ Validating objetos.wlk","timeElapsed":184,"timestamp":"2024-10-12T12:06:23.865Z"}
{"level":"info","message":"⌛ Validating objetos.wlk","timeElapsed":189,"timestamp":"2024-10-12T12:06:24.054Z"}
{"level":"info","message":"⌛ Building environment","timeElapsed":162,"timestamp":"2024-10-12T12:06:24.437Z"}
{"level":"info","message":"⌛ Validating objetos.wlk","timeElapsed":199,"timestamp":"2024-10-12T12:06:24.638Z"}
{"level":"error","message":"✘ Failed to rebuild document Failed to parse objetos.wlk: \n-- PARSING FAILED --------------------------------------------------\n\n  114 | \t\tterreno.mercados().add(mercado)\n  115 | \t}\n> 116 | }\n      | ^\n  117 | \n  118 | \n\nExpected one of the following: \n\n'@', 'class', 'const', 'describe', 'mixin', 'object', 'only', 'package', 'program', 'test', 'var', '{', EOF, comment, not \"}\n\n\n\", whitespace\n","stack":"Error: Failed to parse objetos.wlk: \n-- PARSING FAILED --------------------------------------------------\n\n  114 | \t\tterreno.mercados().add(mercado)\n  115 | \t}\n> 116 | }\n      | ^\n  117 | \n  118 | \n\nExpected one of the following: \n\n'@', 'class', 'const', 'describe', 'mixin', 'object', 'only', 'package', 'program', 'test', 'var', '{', EOF, comment, not \"}\n\n\n\", whitespace\n\n    at /home/felipe/.vscode/extensions/uqbar.wollok-lsp-ide-0.3.6/out/server/src/server.js:2254:32415\n    at Array.map (<anonymous>)\n    at Jfn (/home/felipe/.vscode/extensions/uqbar.wollok-lsp-ide-0.3.6/out/server/src/server.js:2254:32339)\n    at k2.buildEnvironmentFrom (/home/felipe/.vscode/extensions/uqbar.wollok-lsp-ide-0.3.6/out/server/src/server.js:2285:6721)\n    at k2.updateEnvironmentWith (/home/felipe/.vscode/extensions/uqbar.wollok-lsp-ide-0.3.6/out/server/src/server.js:2285:6456)\n    at jL (/home/felipe/.vscode/extensions/uqbar.wollok-lsp-ide-0.3.6/out/server/src/server.js:2298:2292)\n    at v3.invoke (/home/felipe/.vscode/extensions/uqbar.wollok-lsp-ide-0.3.6/out/server/src/server.js:3:157200)\n    at o.fire (/home/felipe/.vscode/extensions/uqbar.wollok-lsp-ide-0.3.6/out/server/src/server.js:3:157970)\n    at /home/felipe/.vscode/extensions/uqbar.wollok-lsp-ide-0.3.6/out/server/src/server.js:37:57871\n    at Vr (/home/felipe/.vscode/extensions/uqbar.wollok-lsp-ide-0.3.6/out/server/src/server.js:8:1561)","timestamp":"2024-10-12T12:06:24.680Z"}
{"level":"error","message":"✘ Failed to rebuild document Failed to parse objetos.wlk: \n-- PARSING FAILED --------------------------------------------------\n\n  114 | \t\tterreno.mercados().add(mercado)\n  115 | \t}\n> 116 | }\n      | ^\n  117 | \n  118 | \n\nExpected one of the following: \n\n'@', 'class', 'const', 'describe', 'mixin', 'object', 'only', 'package', 'program', 'test', 'var', '{', EOF, comment, not \"}\n\n\n\", whitespace\n","stack":"Error: Failed to parse objetos.wlk: \n-- PARSING FAILED --------------------------------------------------\n\n  114 | \t\tterreno.mercados().add(mercado)\n  115 | \t}\n> 116 | }\n      | ^\n  117 | \n  118 | \n\nExpected one of the following: \n\n'@', 'class', 'const', 'describe', 'mixin', 'object', 'only', 'package', 'program', 'test', 'var', '{', EOF, comment, not \"}\n\n\n\", whitespace\n\n    at /home/felipe/.vscode/extensions/uqbar.wollok-lsp-ide-0.3.6/out/server/src/server.js:2254:32415\n    at Array.map (<anonymous>)\n    at Jfn (/home/felipe/.vscode/extensions/uqbar.wollok-lsp-ide-0.3.6/out/server/src/server.js:2254:32339)\n    at k2.buildEnvironmentFrom (/home/felipe/.vscode/extensions/uqbar.wollok-lsp-ide-0.3.6/out/server/src/server.js:2285:6721)\n    at k2.updateEnvironmentWith (/home/felipe/.vscode/extensions/uqbar.wollok-lsp-ide-0.3.6/out/server/src/server.js:2285:6456)\n    at jL (/home/felipe/.vscode/extensions/uqbar.wollok-lsp-ide-0.3.6/out/server/src/server.js:2298:2292)\n    at v3.invoke (/home/felipe/.vscode/extensions/uqbar.wollok-lsp-ide-0.3.6/out/server/src/server.js:3:157200)\n    at o.fire (/home/felipe/.vscode/extensions/uqbar.wollok-lsp-ide-0.3.6/out/server/src/server.js:3:157970)\n    at /home/felipe/.vscode/extensions/uqbar.wollok-lsp-ide-0.3.6/out/server/src/server.js:37:57871\n    at Vr (/home/felipe/.vscode/extensions/uqbar.wollok-lsp-ide-0.3.6/out/server/src/server.js:8:1561)","timestamp":"2024-10-12T12:06:24.801Z"}
{"level":"info","message":"⌛ Building environment","timeElapsed":186,"timestamp":"2024-10-12T12:06:25.800Z"}
{"level":"info","message":"⌛ Validating objetos.wlk","timeElapsed":211,"timestamp":"2024-10-12T12:06:26.013Z"}
{"level":"info","message":"⌛ Building environment","timeElapsed":174,"timestamp":"2024-10-12T12:06:26.198Z"}
{"level":"info","message":"⌛ Validating objetos.wlk","timeElapsed":197,"timestamp":"2024-10-12T12:06:26.396Z"}
{"level":"info","message":"⌛ Building environment","timeElapsed":311,"timestamp":"2024-10-12T12:07:23.042Z"}
{"level":"info","message":"⌛ Validating objetos.wlk","timeElapsed":218,"timestamp":"2024-10-12T12:07:23.312Z"}
{"level":"info","message":"⌛ Building environment","timeElapsed":233,"timestamp":"2024-10-12T12:07:24.920Z"}
{"level":"info","message":"⌛ Validating objetos.wlk","timeElapsed":219,"timestamp":"2024-10-12T12:07:25.193Z"}
{"level":"info","message":"⌛ Building environment","timeElapsed":248,"timestamp":"2024-10-12T12:07:25.443Z"}
{"level":"info","message":"onRequest - completionItem/resolve","timestamp":"2024-10-12T12:07:25.467Z"}
{"level":"info","message":"⌛ Building environment","timeElapsed":163,"timestamp":"2024-10-12T12:07:25.631Z"}
{"level":"info","message":"onRequest - completionItem/resolve","timestamp":"2024-10-12T12:07:25.631Z"}
{"level":"info","message":"⌛ Building environment","timeElapsed":148,"timestamp":"2024-10-12T12:07:25.780Z"}
{"level":"info","message":"onRequest - completionItem/resolve","timestamp":"2024-10-12T12:07:25.782Z"}
{"level":"info","message":"⌛ Validating objetos.wlk","timeElapsed":286,"timestamp":"2024-10-12T12:07:26.069Z"}
{"level":"info","message":"⌛ Validating objetos.wlk","timeElapsed":218,"timestamp":"2024-10-12T12:07:26.299Z"}
{"level":"info","message":"⌛ Validating objetos.wlk","timeElapsed":201,"timestamp":"2024-10-12T12:07:26.500Z"}
{"level":"info","message":"⌛ Building environment","timeElapsed":183,"timestamp":"2024-10-12T12:07:26.684Z"}
{"level":"info","message":"onRequest - completionItem/resolve","timestamp":"2024-10-12T12:07:26.690Z"}
{"level":"info","message":"⌛ Building environment","timeElapsed":218,"timestamp":"2024-10-12T12:07:26.909Z"}
{"level":"info","message":"onRequest - completionItem/resolve","timestamp":"2024-10-12T12:07:26.917Z"}
{"level":"info","message":"⌛ Building environment","timeElapsed":169,"timestamp":"2024-10-12T12:07:27.086Z"}
{"level":"info","message":"⌛ Validating objetos.wlk","timeElapsed":205,"timestamp":"2024-10-12T12:07:27.339Z"}
{"level":"info","message":"⌛ Validating objetos.wlk","timeElapsed":191,"timestamp":"2024-10-12T12:07:27.531Z"}
{"level":"info","message":"⌛ Validating objetos.wlk","timeElapsed":185,"timestamp":"2024-10-12T12:07:27.716Z"}
{"level":"info","message":"⌛ Building environment","timeElapsed":254,"timestamp":"2024-10-12T12:07:29.850Z"}
{"level":"info","message":"⌛ Validating objetos.wlk","timeElapsed":256,"timestamp":"2024-10-12T12:07:30.144Z"}
{"level":"info","message":"⌛ Building environment","timeElapsed":159,"timestamp":"2024-10-12T12:07:30.304Z"}
{"level":"info","message":"⌛ Validating objetos.wlk","timeElapsed":214,"timestamp":"2024-10-12T12:07:30.564Z"}
{"level":"info","message":"onRequest - completionItem/resolve","timestamp":"2024-10-12T12:07:30.565Z"}
{"level":"info","message":"⌛ Building environment","timeElapsed":172,"timestamp":"2024-10-12T12:07:32.401Z"}
{"level":"info","message":"⌛ Validating objetos.wlk","timeElapsed":216,"timestamp":"2024-10-12T12:07:32.665Z"}
{"level":"info","message":"onRequest - completionItem/resolve","timestamp":"2024-10-12T12:07:32.667Z"}
{"level":"info","message":"⌛ Building environment","timeElapsed":188,"timestamp":"2024-10-12T12:07:32.857Z"}
{"level":"info","message":"onRequest - completionItem/resolve","timestamp":"2024-10-12T12:07:32.858Z"}
{"level":"info","message":"⌛ Validating objetos.wlk","timeElapsed":246,"timestamp":"2024-10-12T12:07:33.105Z"}
{"level":"info","message":"⌛ Building environment","timeElapsed":161,"timestamp":"2024-10-12T12:07:33.268Z"}
{"level":"info","message":"onRequest - completionItem/resolve","timestamp":"2024-10-12T12:07:33.269Z"}
{"level":"info","message":"⌛ Building environment","timeElapsed":161,"timestamp":"2024-10-12T12:07:33.430Z"}
{"level":"info","message":"onRequest - completionItem/resolve","timestamp":"2024-10-12T12:07:33.431Z"}
{"level":"info","message":"⌛ Validating objetos.wlk","timeElapsed":208,"timestamp":"2024-10-12T12:07:33.639Z"}
{"level":"info","message":"⌛ Validating objetos.wlk","timeElapsed":202,"timestamp":"2024-10-12T12:07:33.854Z"}
{"level":"info","message":"⌛ Building environment","timeElapsed":218,"timestamp":"2024-10-12T12:07:38.621Z"}
{"level":"info","message":"⌛ Validating objetos.wlk","timeElapsed":188,"timestamp":"2024-10-12T12:07:38.810Z"}
{"level":"info","message":"⌛ Building environment","timeElapsed":200,"timestamp":"2024-10-12T12:07:39.302Z"}
{"level":"error","message":"✘ Completions for node failed: Error: [Send]{637378} at objetos.wlk:114 exhausted all cases without a match [Send]{637378} at objetos.wlk:114 exhausted all cases without a match","stack":"Error: [Send]{637378} at objetos.wlk:114 exhausted all cases without a match\n    at /home/felipe/.vscode/extensions/uqbar.wollok-lsp-ide-0.3.6/out/server/src/server.js:38:6067\n    at yh (/home/felipe/.vscode/extensions/uqbar.wollok-lsp-ide-0.3.6/out/server/src/server.js:2291:42)\n    at kh (/home/felipe/.vscode/extensions/uqbar.wollok-lsp-ide-0.3.6/out/server/src/server.js:2291:1004)\n    at Y5n (/home/felipe/.vscode/extensions/uqbar.wollok-lsp-ide-0.3.6/out/server/src/server.js:2291:1160)\n    at /home/felipe/.vscode/extensions/uqbar.wollok-lsp-ide-0.3.6/out/server/src/server.js:38:6056\n    at yh (/home/felipe/.vscode/extensions/uqbar.wollok-lsp-ide-0.3.6/out/server/src/server.js:2291:42)\n    at /home/felipe/.vscode/extensions/uqbar.wollok-lsp-ide-0.3.6/out/server/src/server.js:2291:2700\n    at /home/felipe/.vscode/extensions/uqbar.wollok-lsp-ide-0.3.6/out/server/src/server.js:2298:3774\n    at /home/felipe/.vscode/extensions/uqbar.wollok-lsp-ide-0.3.6/out/server/src/server.js:37:74872\n    at Fe (/home/felipe/.vscode/extensions/uqbar.wollok-lsp-ide-0.3.6/out/server/src/server.js:7:8527)","timestamp":"2024-10-12T12:07:39.344Z"}
{"level":"info","message":"⌛ Building environment","timeElapsed":171,"timestamp":"2024-10-12T12:07:39.521Z"}
{"level":"info","message":"⌛ Validating objetos.wlk","timeElapsed":218,"timestamp":"2024-10-12T12:07:39.744Z"}
{"level":"info","message":"⌛ Building environment","timeElapsed":205,"timestamp":"2024-10-12T12:07:39.951Z"}
{"level":"info","message":"onRequest - completionItem/resolve","timestamp":"2024-10-12T12:07:39.956Z"}
{"level":"info","message":"⌛ Validating objetos.wlk","timeElapsed":199,"timestamp":"2024-10-12T12:07:40.156Z"}
{"level":"info","message":"⌛ Building environment","timeElapsed":194,"timestamp":"2024-10-12T12:07:40.350Z"}
{"level":"info","message":"onRequest - completionItem/resolve","timestamp":"2024-10-12T12:07:40.357Z"}
{"level":"info","message":"⌛ Building environment","timeElapsed":271,"timestamp":"2024-10-12T12:07:40.629Z"}
{"level":"info","message":"onRequest - completionItem/resolve","timestamp":"2024-10-12T12:07:40.630Z"}
{"level":"info","message":"⌛ Building environment","timeElapsed":176,"timestamp":"2024-10-12T12:07:40.807Z"}
{"level":"info","message":"onRequest - completionItem/resolve","timestamp":"2024-10-12T12:07:40.808Z"}
{"level":"info","message":"⌛ Validating objetos.wlk","timeElapsed":234,"timestamp":"2024-10-12T12:07:41.042Z"}
{"level":"info","message":"⌛ Building environment","timeElapsed":185,"timestamp":"2024-10-12T12:07:41.228Z"}
{"level":"info","message":"onRequest - completionItem/resolve","timestamp":"2024-10-12T12:07:41.229Z"}
{"level":"info","message":"⌛ Validating objetos.wlk","timeElapsed":192,"timestamp":"2024-10-12T12:07:41.428Z"}
{"level":"info","message":"⌛ Validating objetos.wlk","timeElapsed":190,"timestamp":"2024-10-12T12:07:41.618Z"}
{"level":"info","message":"⌛ Validating objetos.wlk","timeElapsed":187,"timestamp":"2024-10-12T12:07:41.806Z"}
{"level":"info","message":"⌛ Validating objetos.wlk","timeElapsed":192,"timestamp":"2024-10-12T12:07:41.999Z"}
{"level":"info","message":"⌛ Building environment","timeElapsed":169,"timestamp":"2024-10-12T12:07:46.036Z"}
{"level":"info","message":"⌛ Validating objetos.wlk","timeElapsed":190,"timestamp":"2024-10-12T12:07:46.232Z"}
{"level":"info","message":"⌛ Building environment","timeElapsed":165,"timestamp":"2024-10-12T12:07:47.086Z"}
{"level":"info","message":"⌛ Building environment","timeElapsed":155,"timestamp":"2024-10-12T12:07:47.287Z"}
{"level":"info","message":"⌛ Validating objetos.wlk","timeElapsed":199,"timestamp":"2024-10-12T12:07:47.493Z"}
{"level":"info","message":"onRequest - completionItem/resolve","timestamp":"2024-10-12T12:07:47.493Z"}
{"level":"info","message":"⌛ Validating objetos.wlk","timeElapsed":214,"timestamp":"2024-10-12T12:07:47.707Z"}
{"level":"info","message":"⌛ Building environment","timeElapsed":154,"timestamp":"2024-10-12T12:07:47.869Z"}
{"level":"info","message":"onRequest - completionItem/resolve","timestamp":"2024-10-12T12:07:47.869Z"}
{"level":"info","message":"⌛ Validating objetos.wlk","timeElapsed":190,"timestamp":"2024-10-12T12:07:48.068Z"}
{"level":"info","message":"⌛ Building environment","timeElapsed":174,"timestamp":"2024-10-12T12:07:48.558Z"}
{"level":"info","message":"⌛ Validating objetos.wlk","timeElapsed":206,"timestamp":"2024-10-12T12:07:48.766Z"}
{"level":"info","message":"⌛ Building environment","timeElapsed":196,"timestamp":"2024-10-12T12:07:49.687Z"}
{"level":"info","message":"⌛ Validating objetos.wlk","timeElapsed":182,"timestamp":"2024-10-12T12:07:49.870Z"}
{"level":"info","message":"⌛ Building environment","timeElapsed":283,"timestamp":"2024-10-12T12:08:32.919Z"}
{"level":"error","message":"✘ Completions for node failed: Error: [If]{81f840} at objetos.wlk:113 exhausted all cases without a match [If]{81f840} at objetos.wlk:113 exhausted all cases without a match","stack":"Error: [If]{81f840} at objetos.wlk:113 exhausted all cases without a match\n    at /home/felipe/.vscode/extensions/uqbar.wollok-lsp-ide-0.3.6/out/server/src/server.js:38:6067\n    at yh (/home/felipe/.vscode/extensions/uqbar.wollok-lsp-ide-0.3.6/out/server/src/server.js:2291:42)\n    at kh (/home/felipe/.vscode/extensions/uqbar.wollok-lsp-ide-0.3.6/out/server/src/server.js:2291:1004)\n    at Y5n (/home/felipe/.vscode/extensions/uqbar.wollok-lsp-ide-0.3.6/out/server/src/server.js:2291:1160)\n    at /home/felipe/.vscode/extensions/uqbar.wollok-lsp-ide-0.3.6/out/server/src/server.js:38:6056\n    at yh (/home/felipe/.vscode/extensions/uqbar.wollok-lsp-ide-0.3.6/out/server/src/server.js:2291:42)\n    at /home/felipe/.vscode/extensions/uqbar.wollok-lsp-ide-0.3.6/out/server/src/server.js:2291:2700\n    at /home/felipe/.vscode/extensions/uqbar.wollok-lsp-ide-0.3.6/out/server/src/server.js:2298:3774\n    at /home/felipe/.vscode/extensions/uqbar.wollok-lsp-ide-0.3.6/out/server/src/server.js:37:74872\n    at Fe (/home/felipe/.vscode/extensions/uqbar.wollok-lsp-ide-0.3.6/out/server/src/server.js:7:8527)","timestamp":"2024-10-12T12:08:33.011Z"}
{"level":"info","message":"⌛ Building environment","timeElapsed":194,"timestamp":"2024-10-12T12:08:33.210Z"}
{"level":"info","message":"⌛ Building environment","timeElapsed":174,"timestamp":"2024-10-12T12:08:33.386Z"}
{"level":"info","message":"⌛ Validating objetos.wlk","timeElapsed":222,"timestamp":"2024-10-12T12:08:33.608Z"}
{"level":"info","message":"⌛ Building environment","timeElapsed":255,"timestamp":"2024-10-12T12:08:33.910Z"}
{"level":"info","message":"⌛ Validating objetos.wlk","timeElapsed":238,"timestamp":"2024-10-12T12:08:34.170Z"}
{"level":"info","message":"⌛ Building environment","timeElapsed":173,"timestamp":"2024-10-12T12:08:34.345Z"}
{"level":"info","message":"⌛ Validating objetos.wlk","timeElapsed":295,"timestamp":"2024-10-12T12:08:34.641Z"}
{"level":"info","message":"⌛ Building environment","timeElapsed":260,"timestamp":"2024-10-12T12:08:34.903Z"}
{"level":"info","message":"⌛ Building environment","timeElapsed":201,"timestamp":"2024-10-12T12:08:35.125Z"}
{"level":"error","message":"✘ Completions for node failed: Error: [If]{ef4d2e} at objetos.wlk:113 exhausted all cases without a match [If]{ef4d2e} at objetos.wlk:113 exhausted all cases without a match","stack":"Error: [If]{ef4d2e} at objetos.wlk:113 exhausted all cases without a match\n    at /home/felipe/.vscode/extensions/uqbar.wollok-lsp-ide-0.3.6/out/server/src/server.js:38:6067\n    at yh (/home/felipe/.vscode/extensions/uqbar.wollok-lsp-ide-0.3.6/out/server/src/server.js:2291:42)\n    at kh (/home/felipe/.vscode/extensions/uqbar.wollok-lsp-ide-0.3.6/out/server/src/server.js:2291:1004)\n    at Y5n (/home/felipe/.vscode/extensions/uqbar.wollok-lsp-ide-0.3.6/out/server/src/server.js:2291:1160)\n    at /home/felipe/.vscode/extensions/uqbar.wollok-lsp-ide-0.3.6/out/server/src/server.js:38:6056\n    at yh (/home/felipe/.vscode/extensions/uqbar.wollok-lsp-ide-0.3.6/out/server/src/server.js:2291:42)\n    at /home/felipe/.vscode/extensions/uqbar.wollok-lsp-ide-0.3.6/out/server/src/server.js:2291:2700\n    at /home/felipe/.vscode/extensions/uqbar.wollok-lsp-ide-0.3.6/out/server/src/server.js:2298:3774\n    at /home/felipe/.vscode/extensions/uqbar.wollok-lsp-ide-0.3.6/out/server/src/server.js:37:74872\n    at Fe (/home/felipe/.vscode/extensions/uqbar.wollok-lsp-ide-0.3.6/out/server/src/server.js:7:8527)","timestamp":"2024-10-12T12:08:35.171Z"}
{"level":"info","message":"⌛ Building environment","timeElapsed":159,"timestamp":"2024-10-12T12:08:35.335Z"}
{"level":"info","message":"⌛ Validating objetos.wlk","timeElapsed":264,"timestamp":"2024-10-12T12:08:35.606Z"}
{"level":"info","message":"⌛ Building environment","timeElapsed":216,"timestamp":"2024-10-12T12:08:35.822Z"}
{"level":"info","message":"⌛ Building environment","timeElapsed":158,"timestamp":"2024-10-12T12:08:35.981Z"}
{"level":"info","message":"⌛ Validating objetos.wlk","timeElapsed":207,"timestamp":"2024-10-12T12:08:36.189Z"}
{"level":"info","message":"⌛ Building environment","timeElapsed":165,"timestamp":"2024-10-12T12:08:36.363Z"}
{"level":"info","message":"⌛ Building environment","timeElapsed":176,"timestamp":"2024-10-12T12:08:36.586Z"}
{"level":"info","message":"⌛ Building environment","timeElapsed":176,"timestamp":"2024-10-12T12:08:36.763Z"}
{"level":"info","message":"⌛ Validating objetos.wlk","timeElapsed":197,"timestamp":"2024-10-12T12:08:36.960Z"}
{"level":"info","message":"⌛ Building environment","timeElapsed":194,"timestamp":"2024-10-12T12:08:37.154Z"}
{"level":"info","message":"⌛ Validating objetos.wlk","timeElapsed":211,"timestamp":"2024-10-12T12:08:37.366Z"}
{"level":"info","message":"⌛ Validating objetos.wlk","timeElapsed":204,"timestamp":"2024-10-12T12:08:37.577Z"}
{"level":"info","message":"⌛ Building environment","timeElapsed":211,"timestamp":"2024-10-12T12:08:37.791Z"}
{"level":"info","message":"⌛ Building environment","timeElapsed":148,"timestamp":"2024-10-12T12:08:37.946Z"}
{"level":"info","message":"⌛ Validating objetos.wlk","timeElapsed":216,"timestamp":"2024-10-12T12:08:38.163Z"}
{"level":"info","message":"⌛ Validating objetos.wlk","timeElapsed":209,"timestamp":"2024-10-12T12:08:38.372Z"}
{"level":"info","message":"⌛ Building environment","timeElapsed":165,"timestamp":"2024-10-12T12:08:38.548Z"}
{"level":"info","message":"⌛ Building environment","timeElapsed":185,"timestamp":"2024-10-12T12:08:38.733Z"}
{"level":"info","message":"⌛ Validating objetos.wlk","timeElapsed":204,"timestamp":"2024-10-12T12:08:38.939Z"}
{"level":"info","message":"onRequest - completionItem/resolve","timestamp":"2024-10-12T12:08:38.939Z"}
{"level":"info","message":"⌛ Building environment","timeElapsed":172,"timestamp":"2024-10-12T12:08:39.111Z"}
{"level":"info","message":"onRequest - completionItem/resolve","timestamp":"2024-10-12T12:08:39.112Z"}
{"level":"info","message":"⌛ Validating objetos.wlk","timeElapsed":204,"timestamp":"2024-10-12T12:08:39.316Z"}
{"level":"info","message":"⌛ Building environment","timeElapsed":162,"timestamp":"2024-10-12T12:08:39.480Z"}
{"level":"info","message":"onRequest - completionItem/resolve","timestamp":"2024-10-12T12:08:39.481Z"}
{"level":"info","message":"⌛ Validating objetos.wlk","timeElapsed":218,"timestamp":"2024-10-12T12:08:39.700Z"}
{"level":"info","message":"⌛ Building environment","timeElapsed":170,"timestamp":"2024-10-12T12:08:39.880Z"}
{"level":"info","message":"onRequest - completionItem/resolve","timestamp":"2024-10-12T12:08:39.881Z"}
{"level":"info","message":"⌛ Validating objetos.wlk","timeElapsed":203,"timestamp":"2024-10-12T12:08:40.085Z"}
{"level":"info","message":"⌛ Building environment","timeElapsed":173,"timestamp":"2024-10-12T12:08:40.259Z"}
{"level":"error","message":"✘ Completions for node failed: Error: [Self]{d7007c} at objetos.wlk:113 exhausted all cases without a match [Self]{d7007c} at objetos.wlk:113 exhausted all cases without a match","stack":"Error: [Self]{d7007c} at objetos.wlk:113 exhausted all cases without a match\n    at /home/felipe/.vscode/extensions/uqbar.wollok-lsp-ide-0.3.6/out/server/src/server.js:38:6067\n    at yh (/home/felipe/.vscode/extensions/uqbar.wollok-lsp-ide-0.3.6/out/server/src/server.js:2291:42)\n    at /home/felipe/.vscode/extensions/uqbar.wollok-lsp-ide-0.3.6/out/server/src/server.js:2291:2700\n    at /home/felipe/.vscode/extensions/uqbar.wollok-lsp-ide-0.3.6/out/server/src/server.js:2298:3774\n    at /home/felipe/.vscode/extensions/uqbar.wollok-lsp-ide-0.3.6/out/server/src/server.js:37:74872\n    at Fe (/home/felipe/.vscode/extensions/uqbar.wollok-lsp-ide-0.3.6/out/server/src/server.js:7:8527)\n    at Pt (/home/felipe/.vscode/extensions/uqbar.wollok-lsp-ide-0.3.6/out/server/src/server.js:7:6189)\n    at Gi (/home/felipe/.vscode/extensions/uqbar.wollok-lsp-ide-0.3.6/out/server/src/server.js:7:6378)\n    at Immediate._onImmediate (/home/felipe/.vscode/extensions/uqbar.wollok-lsp-ide-0.3.6/out/server/src/server.js:7:6142)\n    at process.processImmediate (node:internal/timers:483:21)","timestamp":"2024-10-12T12:08:40.297Z"}
{"level":"error","message":"✘ Completions for node failed: Error: [If]{ced53c} at objetos.wlk:113 exhausted all cases without a match [If]{ced53c} at objetos.wlk:113 exhausted all cases without a match","stack":"Error: [If]{ced53c} at objetos.wlk:113 exhausted all cases without a match\n    at /home/felipe/.vscode/extensions/uqbar.wollok-lsp-ide-0.3.6/out/server/src/server.js:38:6067\n    at yh (/home/felipe/.vscode/extensions/uqbar.wollok-lsp-ide-0.3.6/out/server/src/server.js:2291:42)\n    at kh (/home/felipe/.vscode/extensions/uqbar.wollok-lsp-ide-0.3.6/out/server/src/server.js:2291:1004)\n    at yh (/home/felipe/.vscode/extensions/uqbar.wollok-lsp-ide-0.3.6/out/server/src/server.js:2291:456)\n    at /home/felipe/.vscode/extensions/uqbar.wollok-lsp-ide-0.3.6/out/server/src/server.js:2291:2700\n    at /home/felipe/.vscode/extensions/uqbar.wollok-lsp-ide-0.3.6/out/server/src/server.js:2298:3774\n    at /home/felipe/.vscode/extensions/uqbar.wollok-lsp-ide-0.3.6/out/server/src/server.js:37:74872\n    at Fe (/home/felipe/.vscode/extensions/uqbar.wollok-lsp-ide-0.3.6/out/server/src/server.js:7:8527)\n    at Pt (/home/felipe/.vscode/extensions/uqbar.wollok-lsp-ide-0.3.6/out/server/src/server.js:7:6189)\n    at Gi (/home/felipe/.vscode/extensions/uqbar.wollok-lsp-ide-0.3.6/out/server/src/server.js:7:6378)","timestamp":"2024-10-12T12:08:40.297Z"}
{"level":"info","message":"⌛ Validating objetos.wlk","timeElapsed":265,"timestamp":"2024-10-12T12:08:40.572Z"}
{"level":"info","message":"⌛ Validating objetos.wlk","timeElapsed":209,"timestamp":"2024-10-12T12:08:40.783Z"}
{"level":"info","message":"⌛ Building environment","timeElapsed":162,"timestamp":"2024-10-12T12:08:40.946Z"}
{"level":"info","message":"⌛ Building environment","timeElapsed":207,"timestamp":"2024-10-12T12:08:41.198Z"}
{"level":"info","message":"⌛ Validating objetos.wlk","timeElapsed":189,"timestamp":"2024-10-12T12:08:41.387Z"}
{"level":"info","message":"⌛ Building environment","timeElapsed":154,"timestamp":"2024-10-12T12:08:41.544Z"}
{"level":"info","message":"⌛ Building environment","timeElapsed":159,"timestamp":"2024-10-12T12:08:41.703Z"}
{"level":"info","message":"⌛ Validating objetos.wlk","timeElapsed":192,"timestamp":"2024-10-12T12:08:41.896Z"}
{"level":"info","message":"⌛ Validating objetos.wlk","timeElapsed":203,"timestamp":"2024-10-12T12:08:42.107Z"}
{"level":"info","message":"⌛ Building environment","timeElapsed":327,"timestamp":"2024-10-12T12:08:42.437Z"}
{"level":"info","message":"⌛ Validating objetos.wlk","timeElapsed":188,"timestamp":"2024-10-12T12:08:42.626Z"}
{"level":"info","message":"⌛ Building environment","timeElapsed":156,"timestamp":"2024-10-12T12:08:42.785Z"}
{"level":"info","message":"⌛ Validating objetos.wlk","timeElapsed":203,"timestamp":"2024-10-12T12:08:42.994Z"}
{"level":"info","message":"⌛ Building environment","timeElapsed":191,"timestamp":"2024-10-12T12:08:43.189Z"}
{"level":"info","message":"⌛ Validating objetos.wlk","timeElapsed":196,"timestamp":"2024-10-12T12:08:43.385Z"}
{"level":"info","message":"⌛ Building environment","timeElapsed":362,"timestamp":"2024-10-12T12:08:43.753Z"}
{"level":"info","message":"⌛ Building environment","timeElapsed":152,"timestamp":"2024-10-12T12:08:43.920Z"}
{"level":"info","message":"⌛ Building environment","timeElapsed":156,"timestamp":"2024-10-12T12:08:44.087Z"}
{"level":"info","message":"⌛ Validating objetos.wlk","timeElapsed":216,"timestamp":"2024-10-12T12:08:44.310Z"}
{"level":"info","message":"⌛ Validating objetos.wlk","timeElapsed":210,"timestamp":"2024-10-12T12:08:44.528Z"}
{"level":"info","message":"⌛ Validating objetos.wlk","timeElapsed":193,"timestamp":"2024-10-12T12:08:44.721Z"}
{"level":"info","message":"⌛ Building environment","timeElapsed":161,"timestamp":"2024-10-12T12:08:44.883Z"}
{"level":"info","message":"⌛ Validating objetos.wlk","timeElapsed":210,"timestamp":"2024-10-12T12:08:45.137Z"}
{"level":"info","message":"⌛ Building environment","timeElapsed":162,"timestamp":"2024-10-12T12:08:45.300Z"}
{"level":"info","message":"⌛ Building environment","timeElapsed":174,"timestamp":"2024-10-12T12:08:45.518Z"}
{"level":"info","message":"⌛ Building environment","timeElapsed":164,"timestamp":"2024-10-12T12:08:45.723Z"}
{"level":"info","message":"⌛ Validating objetos.wlk","timeElapsed":194,"timestamp":"2024-10-12T12:08:45.917Z"}
{"level":"info","message":"⌛ Building environment","timeElapsed":151,"timestamp":"2024-10-12T12:08:46.075Z"}
{"level":"info","message":"⌛ Validating objetos.wlk","timeElapsed":190,"timestamp":"2024-10-12T12:08:46.265Z"}
{"level":"info","message":"⌛ Building environment","timeElapsed":294,"timestamp":"2024-10-12T12:08:46.560Z"}
{"level":"info","message":"⌛ Building environment","timeElapsed":157,"timestamp":"2024-10-12T12:08:46.717Z"}
{"level":"info","message":"⌛ Building environment","timeElapsed":158,"timestamp":"2024-10-12T12:08:46.880Z"}
{"level":"info","message":"⌛ Validating objetos.wlk","timeElapsed":186,"timestamp":"2024-10-12T12:08:47.067Z"}
{"level":"info","message":"⌛ Building environment","timeElapsed":150,"timestamp":"2024-10-12T12:08:47.219Z"}
{"level":"info","message":"⌛ Building environment","timeElapsed":151,"timestamp":"2024-10-12T12:08:47.378Z"}
{"level":"info","message":"⌛ Validating objetos.wlk","timeElapsed":201,"timestamp":"2024-10-12T12:08:47.589Z"}
{"level":"info","message":"⌛ Validating objetos.wlk","timeElapsed":188,"timestamp":"2024-10-12T12:08:47.778Z"}
{"level":"info","message":"⌛ Validating objetos.wlk","timeElapsed":180,"timestamp":"2024-10-12T12:08:47.958Z"}
{"level":"info","message":"⌛ Validating objetos.wlk","timeElapsed":181,"timestamp":"2024-10-12T12:08:48.140Z"}
{"level":"info","message":"⌛ Validating objetos.wlk","timeElapsed":196,"timestamp":"2024-10-12T12:08:48.337Z"}
{"level":"info","message":"⌛ Validating objetos.wlk","timeElapsed":190,"timestamp":"2024-10-12T12:08:48.527Z"}
{"level":"info","message":"⌛ Validating objetos.wlk","timeElapsed":179,"timestamp":"2024-10-12T12:08:48.707Z"}
{"level":"info","message":"⌛ Validating objetos.wlk","timeElapsed":199,"timestamp":"2024-10-12T12:08:48.907Z"}
{"level":"info","message":"⌛ Validating objetos.wlk","timeElapsed":196,"timestamp":"2024-10-12T12:08:49.103Z"}
{"level":"info","message":"⌛ Validating objetos.wlk","timeElapsed":201,"timestamp":"2024-10-12T12:08:49.306Z"}
{"level":"info","message":"⌛ Validating objetos.wlk","timeElapsed":185,"timestamp":"2024-10-12T12:08:49.492Z"}
{"level":"info","message":"⌛ Validating objetos.wlk","timeElapsed":192,"timestamp":"2024-10-12T12:08:49.685Z"}
{"level":"info","message":"⌛ Validating objetos.wlk","timeElapsed":231,"timestamp":"2024-10-12T12:08:49.916Z"}
{"level":"info","message":"⌛ Building environment","timeElapsed":205,"timestamp":"2024-10-12T12:08:50.122Z"}
{"level":"info","message":"⌛ Building environment","timeElapsed":204,"timestamp":"2024-10-12T12:08:50.334Z"}
{"level":"info","message":"⌛ Validating objetos.wlk","timeElapsed":203,"timestamp":"2024-10-12T12:08:50.546Z"}
{"level":"info","message":"⌛ Validating objetos.wlk","timeElapsed":217,"timestamp":"2024-10-12T12:08:50.763Z"}
{"level":"info","message":"⌛ Building environment","timeElapsed":186,"timestamp":"2024-10-12T12:08:52.151Z"}
{"level":"info","message":"⌛ Validating objetos.wlk","timeElapsed":226,"timestamp":"2024-10-12T12:08:52.385Z"}
{"level":"info","message":"⌛ Building environment","timeElapsed":190,"timestamp":"2024-10-12T12:08:54.554Z"}
{"level":"info","message":"⌛ Validating objetos.wlk","timeElapsed":193,"timestamp":"2024-10-12T12:08:54.749Z"}
{"level":"info","message":"⌛ Building environment","timeElapsed":218,"timestamp":"2024-10-12T12:08:55.896Z"}
{"level":"info","message":"⌛ Validating objetos.wlk","timeElapsed":200,"timestamp":"2024-10-12T12:08:56.099Z"}
{"level":"info","message":"⌛ Building environment","timeElapsed":168,"timestamp":"2024-10-12T12:09:02.063Z"}
{"level":"info","message":"⌛ Validating objetos.wlk","timeElapsed":217,"timestamp":"2024-10-12T12:09:02.281Z"}
{"level":"info","message":"⌛ Building environment","timeElapsed":163,"timestamp":"2024-10-12T12:09:02.453Z"}
{"level":"info","message":"⌛ Validating objetos.wlk","timeElapsed":246,"timestamp":"2024-10-12T12:09:02.739Z"}
{"level":"info","message":"⌛ Building environment","timeElapsed":218,"timestamp":"2024-10-12T12:09:03.635Z"}
{"level":"info","message":"⌛ Building environment","timeElapsed":280,"timestamp":"2024-10-12T12:09:03.952Z"}
{"level":"info","message":"⌛ Validating objetos.wlk","timeElapsed":255,"timestamp":"2024-10-12T12:09:04.209Z"}
{"level":"info","message":"onRequest - completionItem/resolve","timestamp":"2024-10-12T12:09:04.209Z"}
{"level":"info","message":"⌛ Building environment","timeElapsed":189,"timestamp":"2024-10-12T12:09:04.399Z"}
{"level":"info","message":"onRequest - completionItem/resolve","timestamp":"2024-10-12T12:09:04.400Z"}
{"level":"info","message":"⌛ Building environment","timeElapsed":160,"timestamp":"2024-10-12T12:09:04.560Z"}
{"level":"info","message":"onRequest - completionItem/resolve","timestamp":"2024-10-12T12:09:04.561Z"}
{"level":"info","message":"⌛ Building environment","timeElapsed":181,"timestamp":"2024-10-12T12:09:04.742Z"}
{"level":"info","message":"onRequest - completionItem/resolve","timestamp":"2024-10-12T12:09:04.743Z"}
{"level":"info","message":"⌛ Validating objetos.wlk","timeElapsed":223,"timestamp":"2024-10-12T12:09:04.967Z"}
{"level":"error","message":"✘ Failed to rebuild document Failed to parse objetos.wlk: \n-- PARSING FAILED --------------------------------------------------\n\n  120 | \n  121 | \tmethod\n> 122 | }\n      | ^\n  123 | \n  124 | \n\nExpected one of the following: \n\n'!=', '!==', '%', '&&', '*', '**', '+', '-', '->', '..', '..<', '/', '<', '<<', '<<<', '<=', '<=>', '<>', '==', '===', '>', '>..', '>=', '>>', '>>>', '?:', 'and', 'invert', 'negate', 'or', 'plus', '||', identifier, whitespace\n","stack":"Error: Failed to parse objetos.wlk: \n-- PARSING FAILED --------------------------------------------------\n\n  120 | \n  121 | \tmethod\n> 122 | }\n      | ^\n  123 | \n  124 | \n\nExpected one of the following: \n\n'!=', '!==', '%', '&&', '*', '**', '+', '-', '->', '..', '..<', '/', '<', '<<', '<<<', '<=', '<=>', '<>', '==', '===', '>', '>..', '>=', '>>', '>>>', '?:', 'and', 'invert', 'negate', 'or', 'plus', '||', identifier, whitespace\n\n    at /home/felipe/.vscode/extensions/uqbar.wollok-lsp-ide-0.3.6/out/server/src/server.js:2254:32415\n    at Array.map (<anonymous>)\n    at Jfn (/home/felipe/.vscode/extensions/uqbar.wollok-lsp-ide-0.3.6/out/server/src/server.js:2254:32339)\n    at k2.buildEnvironmentFrom (/home/felipe/.vscode/extensions/uqbar.wollok-lsp-ide-0.3.6/out/server/src/server.js:2285:6721)\n    at k2.updateEnvironmentWith (/home/felipe/.vscode/extensions/uqbar.wollok-lsp-ide-0.3.6/out/server/src/server.js:2285:6456)\n    at jL (/home/felipe/.vscode/extensions/uqbar.wollok-lsp-ide-0.3.6/out/server/src/server.js:2298:2292)\n    at v3.invoke (/home/felipe/.vscode/extensions/uqbar.wollok-lsp-ide-0.3.6/out/server/src/server.js:3:157200)\n    at o.fire (/home/felipe/.vscode/extensions/uqbar.wollok-lsp-ide-0.3.6/out/server/src/server.js:3:157970)\n    at /home/felipe/.vscode/extensions/uqbar.wollok-lsp-ide-0.3.6/out/server/src/server.js:37:57871\n    at Vr (/home/felipe/.vscode/extensions/uqbar.wollok-lsp-ide-0.3.6/out/server/src/server.js:8:1561)","timestamp":"2024-10-12T12:09:05.031Z"}
{"level":"info","message":"onRequest - completionItem/resolve","timestamp":"2024-10-12T12:09:05.033Z"}
{"level":"error","message":"✘ Failed to rebuild document Failed to parse objetos.wlk: \n-- PARSING FAILED --------------------------------------------------\n\n  120 | \n  121 | \tmethod \n> 122 | }\n      | ^\n  123 | \n  124 | \n\nExpected one of the following: \n\n'!=', '!==', '%', '&&', '*', '**', '+', '-', '->', '..', '..<', '/', '<', '<<', '<<<', '<=', '<=>', '<>', '==', '===', '>', '>..', '>=', '>>', '>>>', '?:', 'and', 'invert', 'negate', 'or', 'plus', '||', identifier, whitespace\n","stack":"Error: Failed to parse objetos.wlk: \n-- PARSING FAILED --------------------------------------------------\n\n  120 | \n  121 | \tmethod \n> 122 | }\n      | ^\n  123 | \n  124 | \n\nExpected one of the following: \n\n'!=', '!==', '%', '&&', '*', '**', '+', '-', '->', '..', '..<', '/', '<', '<<', '<<<', '<=', '<=>', '<>', '==', '===', '>', '>..', '>=', '>>', '>>>', '?:', 'and', 'invert', 'negate', 'or', 'plus', '||', identifier, whitespace\n\n    at /home/felipe/.vscode/extensions/uqbar.wollok-lsp-ide-0.3.6/out/server/src/server.js:2254:32415\n    at Array.map (<anonymous>)\n    at Jfn (/home/felipe/.vscode/extensions/uqbar.wollok-lsp-ide-0.3.6/out/server/src/server.js:2254:32339)\n    at k2.buildEnvironmentFrom (/home/felipe/.vscode/extensions/uqbar.wollok-lsp-ide-0.3.6/out/server/src/server.js:2285:6721)\n    at k2.updateEnvironmentWith (/home/felipe/.vscode/extensions/uqbar.wollok-lsp-ide-0.3.6/out/server/src/server.js:2285:6456)\n    at jL (/home/felipe/.vscode/extensions/uqbar.wollok-lsp-ide-0.3.6/out/server/src/server.js:2298:2292)\n    at v3.invoke (/home/felipe/.vscode/extensions/uqbar.wollok-lsp-ide-0.3.6/out/server/src/server.js:3:157200)\n    at o.fire (/home/felipe/.vscode/extensions/uqbar.wollok-lsp-ide-0.3.6/out/server/src/server.js:3:157970)\n    at /home/felipe/.vscode/extensions/uqbar.wollok-lsp-ide-0.3.6/out/server/src/server.js:37:57871\n    at Vr (/home/felipe/.vscode/extensions/uqbar.wollok-lsp-ide-0.3.6/out/server/src/server.js:8:1561)","timestamp":"2024-10-12T12:09:05.100Z"}
{"level":"info","message":"onRequest - completionItem/resolve","timestamp":"2024-10-12T12:09:05.101Z"}
{"level":"info","message":"⌛ Validating objetos.wlk","timeElapsed":212,"timestamp":"2024-10-12T12:09:05.314Z"}
{"level":"info","message":"⌛ Validating objetos.wlk","timeElapsed":197,"timestamp":"2024-10-12T12:09:05.512Z"}
{"level":"info","message":"⌛ Building environment","timeElapsed":178,"timestamp":"2024-10-12T12:09:05.691Z"}
{"level":"info","message":"⌛ Validating objetos.wlk","timeElapsed":191,"timestamp":"2024-10-12T12:09:05.883Z"}
{"level":"info","message":"⌛ Building environment","timeElapsed":175,"timestamp":"2024-10-12T12:09:06.058Z"}
{"level":"info","message":"⌛ Building environment","timeElapsed":169,"timestamp":"2024-10-12T12:09:06.274Z"}
{"level":"info","message":"⌛ Building environment","timeElapsed":156,"timestamp":"2024-10-12T12:09:06.431Z"}
{"level":"info","message":"⌛ Building environment","timeElapsed":216,"timestamp":"2024-10-12T12:09:06.660Z"}
{"level":"info","message":"⌛ Building environment","timeElapsed":208,"timestamp":"2024-10-12T12:09:06.880Z"}
{"level":"info","message":"⌛ Validating objetos.wlk","timeElapsed":201,"timestamp":"2024-10-12T12:09:07.081Z"}
{"level":"info","message":"⌛ Building environment","timeElapsed":242,"timestamp":"2024-10-12T12:09:07.329Z"}
{"level":"info","message":"⌛ Validating objetos.wlk","timeElapsed":184,"timestamp":"2024-10-12T12:09:07.525Z"}
{"level":"info","message":"⌛ Validating objetos.wlk","timeElapsed":188,"timestamp":"2024-10-12T12:09:07.713Z"}
{"level":"info","message":"⌛ Validating objetos.wlk","timeElapsed":180,"timestamp":"2024-10-12T12:09:07.895Z"}
{"level":"info","message":"⌛ Building environment","timeElapsed":160,"timestamp":"2024-10-12T12:09:08.057Z"}
{"level":"info","message":"⌛ Building environment","timeElapsed":184,"timestamp":"2024-10-12T12:09:08.275Z"}
{"level":"info","message":"⌛ Validating objetos.wlk","timeElapsed":217,"timestamp":"2024-10-12T12:09:08.493Z"}
{"level":"info","message":"⌛ Building environment","timeElapsed":155,"timestamp":"2024-10-12T12:09:08.649Z"}
{"level":"info","message":"⌛ Building environment","timeElapsed":153,"timestamp":"2024-10-12T12:09:08.803Z"}
{"level":"info","message":"⌛ Validating objetos.wlk","timeElapsed":257,"timestamp":"2024-10-12T12:09:09.062Z"}
{"level":"info","message":"⌛ Building environment","timeElapsed":207,"timestamp":"2024-10-12T12:09:09.270Z"}
{"level":"info","message":"⌛ Building environment","timeElapsed":166,"timestamp":"2024-10-12T12:09:09.448Z"}
{"level":"info","message":"⌛ Validating objetos.wlk","timeElapsed":203,"timestamp":"2024-10-12T12:09:09.660Z"}
{"level":"info","message":"⌛ Validating objetos.wlk","timeElapsed":201,"timestamp":"2024-10-12T12:09:09.863Z"}
{"level":"info","message":"⌛ Building environment","timeElapsed":151,"timestamp":"2024-10-12T12:09:10.015Z"}
{"level":"info","message":"⌛ Building environment","timeElapsed":166,"timestamp":"2024-10-12T12:09:10.187Z"}
{"level":"info","message":"⌛ Validating objetos.wlk","timeElapsed":183,"timestamp":"2024-10-12T12:09:10.370Z"}
{"level":"info","message":"⌛ Building environment","timeElapsed":152,"timestamp":"2024-10-12T12:09:10.525Z"}
{"level":"info","message":"⌛ Validating objetos.wlk","timeElapsed":180,"timestamp":"2024-10-12T12:09:10.706Z"}
{"level":"info","message":"⌛ Validating objetos.wlk","timeElapsed":176,"timestamp":"2024-10-12T12:09:10.894Z"}
{"level":"info","message":"⌛ Building environment","timeElapsed":145,"timestamp":"2024-10-12T12:09:11.039Z"}
{"level":"info","message":"⌛ Validating objetos.wlk","timeElapsed":187,"timestamp":"2024-10-12T12:09:11.274Z"}
{"level":"info","message":"⌛ Building environment","timeElapsed":155,"timestamp":"2024-10-12T12:09:11.430Z"}
{"level":"info","message":"⌛ Validating objetos.wlk","timeElapsed":189,"timestamp":"2024-10-12T12:09:11.620Z"}
{"level":"info","message":"⌛ Building environment","timeElapsed":208,"timestamp":"2024-10-12T12:09:11.829Z"}
{"level":"info","message":"⌛ Building environment","timeElapsed":155,"timestamp":"2024-10-12T12:09:11.985Z"}
{"level":"info","message":"⌛ Building environment","timeElapsed":164,"timestamp":"2024-10-12T12:09:12.154Z"}
{"level":"info","message":"⌛ Building environment","timeElapsed":159,"timestamp":"2024-10-12T12:09:12.313Z"}
{"level":"info","message":"⌛ Validating objetos.wlk","timeElapsed":198,"timestamp":"2024-10-12T12:09:12.512Z"}
{"level":"info","message":"⌛ Building environment","timeElapsed":155,"timestamp":"2024-10-12T12:09:12.673Z"}
{"level":"info","message":"⌛ Validating objetos.wlk","timeElapsed":205,"timestamp":"2024-10-12T12:09:12.883Z"}
{"level":"info","message":"⌛ Validating objetos.wlk","timeElapsed":203,"timestamp":"2024-10-12T12:09:13.093Z"}
{"level":"info","message":"⌛ Validating objetos.wlk","timeElapsed":191,"timestamp":"2024-10-12T12:09:13.285Z"}
{"level":"info","message":"⌛ Validating objetos.wlk","timeElapsed":198,"timestamp":"2024-10-12T12:09:13.483Z"}
{"level":"info","message":"⌛ Validating objetos.wlk","timeElapsed":217,"timestamp":"2024-10-12T12:09:13.700Z"}
{"level":"info","message":"⌛ Validating objetos.wlk","timeElapsed":186,"timestamp":"2024-10-12T12:09:13.887Z"}
{"level":"info","message":"⌛ Validating objetos.wlk","timeElapsed":201,"timestamp":"2024-10-12T12:09:14.088Z"}
{"level":"info","message":"⌛ Validating objetos.wlk","timeElapsed":239,"timestamp":"2024-10-12T12:09:14.329Z"}
{"level":"info","message":"⌛ Validating objetos.wlk","timeElapsed":217,"timestamp":"2024-10-12T12:09:14.546Z"}
{"level":"info","message":"⌛ Building environment","timeElapsed":255,"timestamp":"2024-10-12T12:09:14.802Z"}
{"level":"error","message":"✘ Completions for node failed: Error: [Return]{b4345e} at objetos.wlk:122 exhausted all cases without a match [Return]{b4345e} at objetos.wlk:122 exhausted all cases without a match","stack":"Error: [Return]{b4345e} at objetos.wlk:122 exhausted all cases without a match\n    at /home/felipe/.vscode/extensions/uqbar.wollok-lsp-ide-0.3.6/out/server/src/server.js:38:6067\n    at yh (/home/felipe/.vscode/extensions/uqbar.wollok-lsp-ide-0.3.6/out/server/src/server.js:2291:42)\n    at kh (/home/felipe/.vscode/extensions/uqbar.wollok-lsp-ide-0.3.6/out/server/src/server.js:2291:1004)\n    at Y5n (/home/felipe/.vscode/extensions/uqbar.wollok-lsp-ide-0.3.6/out/server/src/server.js:2291:1160)\n    at /home/felipe/.vscode/extensions/uqbar.wollok-lsp-ide-0.3.6/out/server/src/server.js:38:6056\n    at yh (/home/felipe/.vscode/extensions/uqbar.wollok-lsp-ide-0.3.6/out/server/src/server.js:2291:42)\n    at /home/felipe/.vscode/extensions/uqbar.wollok-lsp-ide-0.3.6/out/server/src/server.js:2291:2700\n    at /home/felipe/.vscode/extensions/uqbar.wollok-lsp-ide-0.3.6/out/server/src/server.js:2298:3774\n    at /home/felipe/.vscode/extensions/uqbar.wollok-lsp-ide-0.3.6/out/server/src/server.js:37:74872\n    at Fe (/home/felipe/.vscode/extensions/uqbar.wollok-lsp-ide-0.3.6/out/server/src/server.js:7:8527)","timestamp":"2024-10-12T12:09:14.842Z"}
{"level":"info","message":"⌛ Building environment","timeElapsed":169,"timestamp":"2024-10-12T12:09:15.015Z"}
{"level":"info","message":"⌛ Building environment","timeElapsed":160,"timestamp":"2024-10-12T12:09:15.177Z"}
{"level":"info","message":"⌛ Building environment","timeElapsed":160,"timestamp":"2024-10-12T12:09:15.342Z"}
{"level":"info","message":"⌛ Building environment","timeElapsed":166,"timestamp":"2024-10-12T12:09:15.508Z"}
{"level":"info","message":"⌛ Building environment","timeElapsed":163,"timestamp":"2024-10-12T12:09:15.673Z"}
{"level":"info","message":"⌛ Building environment","timeElapsed":178,"timestamp":"2024-10-12T12:09:15.851Z"}
{"level":"info","message":"⌛ Building environment","timeElapsed":161,"timestamp":"2024-10-12T12:09:16.018Z"}
{"level":"info","message":"⌛ Building environment","timeElapsed":187,"timestamp":"2024-10-12T12:09:16.247Z"}
{"level":"info","message":"⌛ Building environment","timeElapsed":164,"timestamp":"2024-10-12T12:09:16.419Z"}
{"level":"info","message":"⌛ Building environment","timeElapsed":340,"timestamp":"2024-10-12T12:09:16.759Z"}
{"level":"info","message":"⌛ Validating objetos.wlk","timeElapsed":188,"timestamp":"2024-10-12T12:09:16.955Z"}
{"level":"info","message":"⌛ Building environment","timeElapsed":167,"timestamp":"2024-10-12T12:09:17.123Z"}
{"level":"info","message":"⌛ Validating objetos.wlk","timeElapsed":342,"timestamp":"2024-10-12T12:09:17.473Z"}
{"level":"info","message":"⌛ Validating objetos.wlk","timeElapsed":185,"timestamp":"2024-10-12T12:09:17.659Z"}
{"level":"info","message":"⌛ Validating objetos.wlk","timeElapsed":193,"timestamp":"2024-10-12T12:09:17.860Z"}
{"level":"info","message":"⌛ Validating objetos.wlk","timeElapsed":193,"timestamp":"2024-10-12T12:09:18.053Z"}
{"level":"info","message":"⌛ Validating objetos.wlk","timeElapsed":212,"timestamp":"2024-10-12T12:09:18.266Z"}
{"level":"info","message":"⌛ Building environment","timeElapsed":231,"timestamp":"2024-10-12T12:09:18.498Z"}
{"level":"info","message":"⌛ Validating objetos.wlk","timeElapsed":182,"timestamp":"2024-10-12T12:09:18.680Z"}
{"level":"info","message":"⌛ Validating objetos.wlk","timeElapsed":195,"timestamp":"2024-10-12T12:09:18.875Z"}
{"level":"info","message":"⌛ Validating objetos.wlk","timeElapsed":185,"timestamp":"2024-10-12T12:09:19.069Z"}
{"level":"info","message":"⌛ Validating objetos.wlk","timeElapsed":197,"timestamp":"2024-10-12T12:09:19.268Z"}
{"level":"info","message":"⌛ Validating objetos.wlk","timeElapsed":196,"timestamp":"2024-10-12T12:09:19.465Z"}
{"level":"info","message":"⌛ Validating objetos.wlk","timeElapsed":204,"timestamp":"2024-10-12T12:09:19.670Z"}
{"level":"info","message":"⌛ Building environment","timeElapsed":174,"timestamp":"2024-10-12T12:09:19.845Z"}
{"level":"info","message":"⌛ Building environment","timeElapsed":184,"timestamp":"2024-10-12T12:09:20.038Z"}
{"level":"info","message":"⌛ Validating objetos.wlk","timeElapsed":212,"timestamp":"2024-10-12T12:09:20.257Z"}
{"level":"info","message":"⌛ Building environment","timeElapsed":170,"timestamp":"2024-10-12T12:09:20.429Z"}
{"level":"info","message":"⌛ Building environment","timeElapsed":160,"timestamp":"2024-10-12T12:09:20.590Z"}
{"level":"info","message":"⌛ Validating objetos.wlk","timeElapsed":181,"timestamp":"2024-10-12T12:09:20.780Z"}
{"level":"info","message":"⌛ Building environment","timeElapsed":155,"timestamp":"2024-10-12T12:09:20.936Z"}
{"level":"info","message":"⌛ Validating objetos.wlk","timeElapsed":204,"timestamp":"2024-10-12T12:09:21.141Z"}
{"level":"info","message":"⌛ Building environment","timeElapsed":188,"timestamp":"2024-10-12T12:09:21.330Z"}
{"level":"info","message":"⌛ Validating objetos.wlk","timeElapsed":194,"timestamp":"2024-10-12T12:09:21.524Z"}
{"level":"info","message":"⌛ Validating objetos.wlk","timeElapsed":204,"timestamp":"2024-10-12T12:09:21.737Z"}
{"level":"info","message":"⌛ Validating objetos.wlk","timeElapsed":186,"timestamp":"2024-10-12T12:09:21.923Z"}
{"level":"info","message":"⌛ Validating objetos.wlk","timeElapsed":194,"timestamp":"2024-10-12T12:09:22.119Z"}
{"level":"info","message":"⌛ Building environment","timeElapsed":302,"timestamp":"2024-10-12T12:10:02.305Z"}
{"level":"error","message":"✘ Completions for node failed: Error: [Send]{1ea2dc} at game.wpgm:36 exhausted all cases without a match [Send]{1ea2dc} at game.wpgm:36 exhausted all cases without a match","stack":"Error: [Send]{1ea2dc} at game.wpgm:36 exhausted all cases without a match\n    at /home/felipe/.vscode/extensions/uqbar.wollok-lsp-ide-0.3.6/out/server/src/server.js:38:6067\n    at yh (/home/felipe/.vscode/extensions/uqbar.wollok-lsp-ide-0.3.6/out/server/src/server.js:2291:42)\n    at kh (/home/felipe/.vscode/extensions/uqbar.wollok-lsp-ide-0.3.6/out/server/src/server.js:2291:1004)\n    at Y5n (/home/felipe/.vscode/extensions/uqbar.wollok-lsp-ide-0.3.6/out/server/src/server.js:2291:1160)\n    at /home/felipe/.vscode/extensions/uqbar.wollok-lsp-ide-0.3.6/out/server/src/server.js:38:6056\n    at yh (/home/felipe/.vscode/extensions/uqbar.wollok-lsp-ide-0.3.6/out/server/src/server.js:2291:42)\n    at /home/felipe/.vscode/extensions/uqbar.wollok-lsp-ide-0.3.6/out/server/src/server.js:2291:2700\n    at /home/felipe/.vscode/extensions/uqbar.wollok-lsp-ide-0.3.6/out/server/src/server.js:2298:3774\n    at /home/felipe/.vscode/extensions/uqbar.wollok-lsp-ide-0.3.6/out/server/src/server.js:37:74872\n    at Fe (/home/felipe/.vscode/extensions/uqbar.wollok-lsp-ide-0.3.6/out/server/src/server.js:7:8527)","timestamp":"2024-10-12T12:10:02.342Z"}
{"level":"info","message":"⌛ Building environment","timeElapsed":249,"timestamp":"2024-10-12T12:10:02.593Z"}
{"level":"info","message":"⌛ Validating game.wpgm","timeElapsed":223,"timestamp":"2024-10-12T12:10:02.816Z"}
{"level":"info","message":"onRequest - completionItem/resolve","timestamp":"2024-10-12T12:10:02.817Z"}
{"level":"info","message":"⌛ Building environment","timeElapsed":142,"timestamp":"2024-10-12T12:10:02.959Z"}
{"level":"error","message":"✘ Completions for node failed: Error: [Send]{4698e7} at game.wpgm:36 exhausted all cases without a match [Send]{4698e7} at game.wpgm:36 exhausted all cases without a match","stack":"Error: [Send]{4698e7} at game.wpgm:36 exhausted all cases without a match\n    at /home/felipe/.vscode/extensions/uqbar.wollok-lsp-ide-0.3.6/out/server/src/server.js:38:6067\n    at yh (/home/felipe/.vscode/extensions/uqbar.wollok-lsp-ide-0.3.6/out/server/src/server.js:2291:42)\n    at kh (/home/felipe/.vscode/extensions/uqbar.wollok-lsp-ide-0.3.6/out/server/src/server.js:2291:1004)\n    at Y5n (/home/felipe/.vscode/extensions/uqbar.wollok-lsp-ide-0.3.6/out/server/src/server.js:2291:1160)\n    at /home/felipe/.vscode/extensions/uqbar.wollok-lsp-ide-0.3.6/out/server/src/server.js:38:6056\n    at yh (/home/felipe/.vscode/extensions/uqbar.wollok-lsp-ide-0.3.6/out/server/src/server.js:2291:42)\n    at /home/felipe/.vscode/extensions/uqbar.wollok-lsp-ide-0.3.6/out/server/src/server.js:2291:2700\n    at /home/felipe/.vscode/extensions/uqbar.wollok-lsp-ide-0.3.6/out/server/src/server.js:2298:3774\n    at /home/felipe/.vscode/extensions/uqbar.wollok-lsp-ide-0.3.6/out/server/src/server.js:37:74872\n    at Fe (/home/felipe/.vscode/extensions/uqbar.wollok-lsp-ide-0.3.6/out/server/src/server.js:7:8527)","timestamp":"2024-10-12T12:10:03.079Z"}
{"level":"info","message":"⌛ Autocomplete - Reference","timeElapsed":114,"timestamp":"2024-10-12T12:10:03.079Z"}
{"level":"info","message":"⌛ Validating game.wpgm","timeElapsed":245,"timestamp":"2024-10-12T12:10:03.324Z"}
{"level":"info","message":"⌛ Validating game.wpgm","timeElapsed":187,"timestamp":"2024-10-12T12:10:03.512Z"}
{"level":"info","message":"⌛ Building environment","timeElapsed":163,"timestamp":"2024-10-12T12:10:03.676Z"}
{"level":"error","message":"✘ Completions for node failed: Error: [Send]{05a668} at game.wpgm:36 exhausted all cases without a match [Send]{05a668} at game.wpgm:36 exhausted all cases without a match","stack":"Error: [Send]{05a668} at game.wpgm:36 exhausted all cases without a match\n    at /home/felipe/.vscode/extensions/uqbar.wollok-lsp-ide-0.3.6/out/server/src/server.js:38:6067\n    at yh (/home/felipe/.vscode/extensions/uqbar.wollok-lsp-ide-0.3.6/out/server/src/server.js:2291:42)\n    at kh (/home/felipe/.vscode/extensions/uqbar.wollok-lsp-ide-0.3.6/out/server/src/server.js:2291:1004)\n    at Y5n (/home/felipe/.vscode/extensions/uqbar.wollok-lsp-ide-0.3.6/out/server/src/server.js:2291:1160)\n    at /home/felipe/.vscode/extensions/uqbar.wollok-lsp-ide-0.3.6/out/server/src/server.js:38:6056\n    at yh (/home/felipe/.vscode/extensions/uqbar.wollok-lsp-ide-0.3.6/out/server/src/server.js:2291:42)\n    at /home/felipe/.vscode/extensions/uqbar.wollok-lsp-ide-0.3.6/out/server/src/server.js:2291:2700\n    at /home/felipe/.vscode/extensions/uqbar.wollok-lsp-ide-0.3.6/out/server/src/server.js:2298:3774\n    at /home/felipe/.vscode/extensions/uqbar.wollok-lsp-ide-0.3.6/out/server/src/server.js:37:74872\n    at Fe (/home/felipe/.vscode/extensions/uqbar.wollok-lsp-ide-0.3.6/out/server/src/server.js:7:8527)","timestamp":"2024-10-12T12:10:03.712Z"}
{"level":"info","message":"⌛ Building environment","timeElapsed":154,"timestamp":"2024-10-12T12:10:03.867Z"}
{"level":"error","message":"✘ Completions for node failed: Error: [Send]{be2f27} at game.wpgm:36 exhausted all cases without a match [Send]{be2f27} at game.wpgm:36 exhausted all cases without a match","stack":"Error: [Send]{be2f27} at game.wpgm:36 exhausted all cases without a match\n    at /home/felipe/.vscode/extensions/uqbar.wollok-lsp-ide-0.3.6/out/server/src/server.js:38:6067\n    at yh (/home/felipe/.vscode/extensions/uqbar.wollok-lsp-ide-0.3.6/out/server/src/server.js:2291:42)\n    at kh (/home/felipe/.vscode/extensions/uqbar.wollok-lsp-ide-0.3.6/out/server/src/server.js:2291:1004)\n    at Y5n (/home/felipe/.vscode/extensions/uqbar.wollok-lsp-ide-0.3.6/out/server/src/server.js:2291:1160)\n    at /home/felipe/.vscode/extensions/uqbar.wollok-lsp-ide-0.3.6/out/server/src/server.js:38:6056\n    at yh (/home/felipe/.vscode/extensions/uqbar.wollok-lsp-ide-0.3.6/out/server/src/server.js:2291:42)\n    at /home/felipe/.vscode/extensions/uqbar.wollok-lsp-ide-0.3.6/out/server/src/server.js:2291:2700\n    at /home/felipe/.vscode/extensions/uqbar.wollok-lsp-ide-0.3.6/out/server/src/server.js:2298:3774\n    at /home/felipe/.vscode/extensions/uqbar.wollok-lsp-ide-0.3.6/out/server/src/server.js:37:74872\n    at Fe (/home/felipe/.vscode/extensions/uqbar.wollok-lsp-ide-0.3.6/out/server/src/server.js:7:8527)","timestamp":"2024-10-12T12:10:03.967Z"}
{"level":"info","message":"⌛ Validating game.wpgm","timeElapsed":237,"timestamp":"2024-10-12T12:10:04.205Z"}
{"level":"info","message":"⌛ Building environment","timeElapsed":177,"timestamp":"2024-10-12T12:10:04.384Z"}
{"level":"info","message":"⌛ Validating game.wpgm","timeElapsed":259,"timestamp":"2024-10-12T12:10:04.643Z"}
{"level":"info","message":"⌛ Building environment","timeElapsed":222,"timestamp":"2024-10-12T12:10:04.866Z"}
{"level":"info","message":"onRequest - completionItem/resolve","timestamp":"2024-10-12T12:10:04.867Z"}
{"level":"info","message":"⌛ Building environment","timeElapsed":159,"timestamp":"2024-10-12T12:10:05.035Z"}
{"level":"info","message":"onRequest - completionItem/resolve","timestamp":"2024-10-12T12:10:05.041Z"}
{"level":"info","message":"⌛ Validating game.wpgm","timeElapsed":212,"timestamp":"2024-10-12T12:10:05.254Z"}
{"level":"info","message":"⌛ Validating game.wpgm","timeElapsed":189,"timestamp":"2024-10-12T12:10:05.451Z"}
{"level":"info","message":"⌛ Validating game.wpgm","timeElapsed":190,"timestamp":"2024-10-12T12:10:05.642Z"}
{"level":"info","message":"⌛ Building environment","timeElapsed":141,"timestamp":"2024-10-12T12:10:05.783Z"}
{"level":"info","message":"onRequest - completionItem/resolve","timestamp":"2024-10-12T12:10:05.784Z"}
{"level":"info","message":"⌛ Validating game.wpgm","timeElapsed":216,"timestamp":"2024-10-12T12:10:06.011Z"}
{"level":"info","message":"⌛ Building environment","timeElapsed":144,"timestamp":"2024-10-12T12:10:06.156Z"}
{"level":"error","message":"✘ Completions for node failed: Error: [Send]{1f1967} at game.wpgm:36 exhausted all cases without a match [Send]{1f1967} at game.wpgm:36 exhausted all cases without a match","stack":"Error: [Send]{1f1967} at game.wpgm:36 exhausted all cases without a match\n    at /home/felipe/.vscode/extensions/uqbar.wollok-lsp-ide-0.3.6/out/server/src/server.js:38:6067\n    at yh (/home/felipe/.vscode/extensions/uqbar.wollok-lsp-ide-0.3.6/out/server/src/server.js:2291:42)\n    at kh (/home/felipe/.vscode/extensions/uqbar.wollok-lsp-ide-0.3.6/out/server/src/server.js:2291:1004)\n    at Y5n (/home/felipe/.vscode/extensions/uqbar.wollok-lsp-ide-0.3.6/out/server/src/server.js:2291:1160)\n    at /home/felipe/.vscode/extensions/uqbar.wollok-lsp-ide-0.3.6/out/server/src/server.js:38:6056\n    at yh (/home/felipe/.vscode/extensions/uqbar.wollok-lsp-ide-0.3.6/out/server/src/server.js:2291:42)\n    at /home/felipe/.vscode/extensions/uqbar.wollok-lsp-ide-0.3.6/out/server/src/server.js:2291:2700\n    at /home/felipe/.vscode/extensions/uqbar.wollok-lsp-ide-0.3.6/out/server/src/server.js:2298:3774\n    at /home/felipe/.vscode/extensions/uqbar.wollok-lsp-ide-0.3.6/out/server/src/server.js:37:74872\n    at Fe (/home/felipe/.vscode/extensions/uqbar.wollok-lsp-ide-0.3.6/out/server/src/server.js:7:8527)","timestamp":"2024-10-12T12:10:06.192Z"}
{"level":"info","message":"⌛ Building environment","timeElapsed":140,"timestamp":"2024-10-12T12:10:06.334Z"}
{"level":"info","message":"⌛ Validating game.wpgm","timeElapsed":191,"timestamp":"2024-10-12T12:10:06.531Z"}
{"level":"info","message":"⌛ Validating game.wpgm","timeElapsed":197,"timestamp":"2024-10-12T12:10:06.736Z"}
{"level":"info","message":"⌛ Building environment","timeElapsed":158,"timestamp":"2024-10-12T12:10:06.896Z"}
{"level":"error","message":"✘ Completions for node failed: Error: [Send]{c48b5d} at game.wpgm:36 exhausted all cases without a match [Send]{c48b5d} at game.wpgm:36 exhausted all cases without a match","stack":"Error: [Send]{c48b5d} at game.wpgm:36 exhausted all cases without a match\n    at /home/felipe/.vscode/extensions/uqbar.wollok-lsp-ide-0.3.6/out/server/src/server.js:38:6067\n    at yh (/home/felipe/.vscode/extensions/uqbar.wollok-lsp-ide-0.3.6/out/server/src/server.js:2291:42)\n    at kh (/home/felipe/.vscode/extensions/uqbar.wollok-lsp-ide-0.3.6/out/server/src/server.js:2291:1004)\n    at Y5n (/home/felipe/.vscode/extensions/uqbar.wollok-lsp-ide-0.3.6/out/server/src/server.js:2291:1160)\n    at /home/felipe/.vscode/extensions/uqbar.wollok-lsp-ide-0.3.6/out/server/src/server.js:38:6056\n    at yh (/home/felipe/.vscode/extensions/uqbar.wollok-lsp-ide-0.3.6/out/server/src/server.js:2291:42)\n    at /home/felipe/.vscode/extensions/uqbar.wollok-lsp-ide-0.3.6/out/server/src/server.js:2291:2700\n    at /home/felipe/.vscode/extensions/uqbar.wollok-lsp-ide-0.3.6/out/server/src/server.js:2298:3774\n    at /home/felipe/.vscode/extensions/uqbar.wollok-lsp-ide-0.3.6/out/server/src/server.js:37:74872\n    at Fe (/home/felipe/.vscode/extensions/uqbar.wollok-lsp-ide-0.3.6/out/server/src/server.js:7:8527)","timestamp":"2024-10-12T12:10:06.940Z"}
{"level":"info","message":"⌛ Building environment","timeElapsed":151,"timestamp":"2024-10-12T12:10:07.093Z"}
{"level":"info","message":"⌛ Validating game.wpgm","timeElapsed":198,"timestamp":"2024-10-12T12:10:07.292Z"}
{"level":"info","message":"⌛ Building environment","timeElapsed":146,"timestamp":"2024-10-12T12:10:07.445Z"}
{"level":"error","message":"✘ Completions for node failed: Error: [Send]{097125} at game.wpgm:36 exhausted all cases without a match [Send]{097125} at game.wpgm:36 exhausted all cases without a match","stack":"Error: [Send]{097125} at game.wpgm:36 exhausted all cases without a match\n    at /home/felipe/.vscode/extensions/uqbar.wollok-lsp-ide-0.3.6/out/server/src/server.js:38:6067\n    at yh (/home/felipe/.vscode/extensions/uqbar.wollok-lsp-ide-0.3.6/out/server/src/server.js:2291:42)\n    at kh (/home/felipe/.vscode/extensions/uqbar.wollok-lsp-ide-0.3.6/out/server/src/server.js:2291:1004)\n    at Y5n (/home/felipe/.vscode/extensions/uqbar.wollok-lsp-ide-0.3.6/out/server/src/server.js:2291:1160)\n    at /home/felipe/.vscode/extensions/uqbar.wollok-lsp-ide-0.3.6/out/server/src/server.js:38:6056\n    at yh (/home/felipe/.vscode/extensions/uqbar.wollok-lsp-ide-0.3.6/out/server/src/server.js:2291:42)\n    at /home/felipe/.vscode/extensions/uqbar.wollok-lsp-ide-0.3.6/out/server/src/server.js:2291:2700\n    at /home/felipe/.vscode/extensions/uqbar.wollok-lsp-ide-0.3.6/out/server/src/server.js:2298:3774\n    at /home/felipe/.vscode/extensions/uqbar.wollok-lsp-ide-0.3.6/out/server/src/server.js:37:74872\n    at Fe (/home/felipe/.vscode/extensions/uqbar.wollok-lsp-ide-0.3.6/out/server/src/server.js:7:8527)","timestamp":"2024-10-12T12:10:07.497Z"}
{"level":"info","message":"⌛ Validating game.wpgm","timeElapsed":204,"timestamp":"2024-10-12T12:10:07.702Z"}
{"level":"info","message":"⌛ Building environment","timeElapsed":143,"timestamp":"2024-10-12T12:10:07.846Z"}
{"level":"info","message":"⌛ Building environment","timeElapsed":147,"timestamp":"2024-10-12T12:10:07.993Z"}
{"level":"info","message":"⌛ Validating game.wpgm","timeElapsed":187,"timestamp":"2024-10-12T12:10:08.190Z"}
{"level":"info","message":"⌛ Building environment","timeElapsed":147,"timestamp":"2024-10-12T12:10:08.337Z"}
{"level":"info","message":"⌛ Building environment","timeElapsed":160,"timestamp":"2024-10-12T12:10:08.498Z"}
{"level":"error","message":"✘ Completions for node failed: Error: [Send]{0ac692} at game.wpgm:36 exhausted all cases without a match [Send]{0ac692} at game.wpgm:36 exhausted all cases without a match","stack":"Error: [Send]{0ac692} at game.wpgm:36 exhausted all cases without a match\n    at /home/felipe/.vscode/extensions/uqbar.wollok-lsp-ide-0.3.6/out/server/src/server.js:38:6067\n    at yh (/home/felipe/.vscode/extensions/uqbar.wollok-lsp-ide-0.3.6/out/server/src/server.js:2291:42)\n    at kh (/home/felipe/.vscode/extensions/uqbar.wollok-lsp-ide-0.3.6/out/server/src/server.js:2291:1004)\n    at Y5n (/home/felipe/.vscode/extensions/uqbar.wollok-lsp-ide-0.3.6/out/server/src/server.js:2291:1160)\n    at /home/felipe/.vscode/extensions/uqbar.wollok-lsp-ide-0.3.6/out/server/src/server.js:38:6056\n    at yh (/home/felipe/.vscode/extensions/uqbar.wollok-lsp-ide-0.3.6/out/server/src/server.js:2291:42)\n    at /home/felipe/.vscode/extensions/uqbar.wollok-lsp-ide-0.3.6/out/server/src/server.js:2291:2700\n    at /home/felipe/.vscode/extensions/uqbar.wollok-lsp-ide-0.3.6/out/server/src/server.js:2298:3774\n    at /home/felipe/.vscode/extensions/uqbar.wollok-lsp-ide-0.3.6/out/server/src/server.js:37:74872\n    at Fe (/home/felipe/.vscode/extensions/uqbar.wollok-lsp-ide-0.3.6/out/server/src/server.js:7:8527)","timestamp":"2024-10-12T12:10:08.538Z"}
{"level":"info","message":"⌛ Validating game.wpgm","timeElapsed":181,"timestamp":"2024-10-12T12:10:08.720Z"}
{"level":"info","message":"⌛ Building environment","timeElapsed":191,"timestamp":"2024-10-12T12:10:08.911Z"}
{"level":"info","message":"⌛ Validating game.wpgm","timeElapsed":184,"timestamp":"2024-10-12T12:10:09.102Z"}
{"level":"info","message":"⌛ Validating game.wpgm","timeElapsed":202,"timestamp":"2024-10-12T12:10:09.305Z"}
{"level":"info","message":"⌛ Validating game.wpgm","timeElapsed":231,"timestamp":"2024-10-12T12:10:09.538Z"}
{"level":"info","message":"⌛ Validating game.wpgm","timeElapsed":194,"timestamp":"2024-10-12T12:10:09.732Z"}
{"level":"error","message":"✘ Failed to rebuild document Failed to parse game.wpgm: \n-- PARSING FAILED --------------------------------------------------\n\n  41 | \n  42 | \tgame.start()\n> 43 | }\n     | ^\n\nExpected one of the following: \n\n'@', 'class', 'const', 'describe', 'mixin', 'object', 'only', 'package', 'program', 'test', 'var', '{', EOF, comment, not \"}\", whitespace\n","stack":"Error: Failed to parse game.wpgm: \n-- PARSING FAILED --------------------------------------------------\n\n  41 | \n  42 | \tgame.start()\n> 43 | }\n     | ^\n\nExpected one of the following: \n\n'@', 'class', 'const', 'describe', 'mixin', 'object', 'only', 'package', 'program', 'test', 'var', '{', EOF, comment, not \"}\", whitespace\n\n    at /home/felipe/.vscode/extensions/uqbar.wollok-lsp-ide-0.3.6/out/server/src/server.js:2254:32415\n    at Array.map (<anonymous>)\n    at Jfn (/home/felipe/.vscode/extensions/uqbar.wollok-lsp-ide-0.3.6/out/server/src/server.js:2254:32339)\n    at k2.buildEnvironmentFrom (/home/felipe/.vscode/extensions/uqbar.wollok-lsp-ide-0.3.6/out/server/src/server.js:2285:6721)\n    at k2.updateEnvironmentWith (/home/felipe/.vscode/extensions/uqbar.wollok-lsp-ide-0.3.6/out/server/src/server.js:2285:6456)\n    at jL (/home/felipe/.vscode/extensions/uqbar.wollok-lsp-ide-0.3.6/out/server/src/server.js:2298:2292)\n    at v3.invoke (/home/felipe/.vscode/extensions/uqbar.wollok-lsp-ide-0.3.6/out/server/src/server.js:3:157200)\n    at o.fire (/home/felipe/.vscode/extensions/uqbar.wollok-lsp-ide-0.3.6/out/server/src/server.js:3:157970)\n    at /home/felipe/.vscode/extensions/uqbar.wollok-lsp-ide-0.3.6/out/server/src/server.js:37:57871\n    at Vr (/home/felipe/.vscode/extensions/uqbar.wollok-lsp-ide-0.3.6/out/server/src/server.js:8:1561)","timestamp":"2024-10-12T12:10:09.779Z"}
{"level":"info","message":"⌛ Building environment","timeElapsed":174,"timestamp":"2024-10-12T12:10:11.764Z"}
{"level":"info","message":"⌛ Validating game.wpgm","timeElapsed":193,"timestamp":"2024-10-12T12:10:11.959Z"}
{"level":"info","message":"⌛ Building environment","timeElapsed":177,"timestamp":"2024-10-12T12:10:18.595Z"}
{"level":"info","message":"⌛ Validating game.wpgm","timeElapsed":212,"timestamp":"2024-10-12T12:10:18.808Z"}
{"level":"info","message":"⌛ Building environment","timeElapsed":151,"timestamp":"2024-10-12T12:10:18.967Z"}
{"level":"info","message":"⌛ Validating game.wpgm","timeElapsed":195,"timestamp":"2024-10-12T12:10:19.163Z"}
{"level":"info","message":"⌛ Building environment","timeElapsed":149,"timestamp":"2024-10-12T12:10:19.322Z"}
{"level":"info","message":"⌛ Validating game.wpgm","timeElapsed":184,"timestamp":"2024-10-12T12:10:19.507Z"}
{"level":"info","message":"⌛ Building environment","timeElapsed":181,"timestamp":"2024-10-12T12:10:23.889Z"}
{"level":"info","message":"⌛ Validating game.wpgm","timeElapsed":269,"timestamp":"2024-10-12T12:10:24.162Z"}
{"level":"info","message":"⌛ Building environment","timeElapsed":158,"timestamp":"2024-10-12T12:10:24.320Z"}
{"level":"info","message":"⌛ Building environment","timeElapsed":150,"timestamp":"2024-10-12T12:10:24.478Z"}
{"level":"info","message":"⌛ Validating game.wpgm","timeElapsed":198,"timestamp":"2024-10-12T12:10:24.677Z"}
{"level":"info","message":"⌛ Validating game.wpgm","timeElapsed":194,"timestamp":"2024-10-12T12:10:24.877Z"}
{"level":"info","message":"⌛ Building environment","timeElapsed":166,"timestamp":"2024-10-12T12:10:25.044Z"}
{"level":"info","message":"⌛ Validating game.wpgm","timeElapsed":179,"timestamp":"2024-10-12T12:10:25.231Z"}
{"level":"info","message":"⌛ Building environment","timeElapsed":173,"timestamp":"2024-10-12T12:10:36.103Z"}
{"level":"info","message":"⌛ Validating objetos.wlk","timeElapsed":190,"timestamp":"2024-10-12T12:10:36.294Z"}
{"level":"info","message":"⌛ Building environment","timeElapsed":216,"timestamp":"2024-10-12T12:10:39.198Z"}
{"level":"error","message":"✘ Completions for node failed: Error: [If]{592e8e} at objetos.wlk:113 exhausted all cases without a match [If]{592e8e} at objetos.wlk:113 exhausted all cases without a match","stack":"Error: [If]{592e8e} at objetos.wlk:113 exhausted all cases without a match\n    at /home/felipe/.vscode/extensions/uqbar.wollok-lsp-ide-0.3.6/out/server/src/server.js:38:6067\n    at yh (/home/felipe/.vscode/extensions/uqbar.wollok-lsp-ide-0.3.6/out/server/src/server.js:2291:42)\n    at kh (/home/felipe/.vscode/extensions/uqbar.wollok-lsp-ide-0.3.6/out/server/src/server.js:2291:1004)\n    at z5n (/home/felipe/.vscode/extensions/uqbar.wollok-lsp-ide-0.3.6/out/server/src/server.js:2291:730)\n    at /home/felipe/.vscode/extensions/uqbar.wollok-lsp-ide-0.3.6/out/server/src/server.js:38:6056\n    at yh (/home/felipe/.vscode/extensions/uqbar.wollok-lsp-ide-0.3.6/out/server/src/server.js:2291:42)\n    at kh (/home/felipe/.vscode/extensions/uqbar.wollok-lsp-ide-0.3.6/out/server/src/server.js:2291:1004)\n    at Y5n (/home/felipe/.vscode/extensions/uqbar.wollok-lsp-ide-0.3.6/out/server/src/server.js:2291:1160)\n    at /home/felipe/.vscode/extensions/uqbar.wollok-lsp-ide-0.3.6/out/server/src/server.js:38:6056\n    at yh (/home/felipe/.vscode/extensions/uqbar.wollok-lsp-ide-0.3.6/out/server/src/server.js:2291:42)","timestamp":"2024-10-12T12:10:39.241Z"}
{"level":"info","message":"⌛ Building environment","timeElapsed":171,"timestamp":"2024-10-12T12:10:39.418Z"}
{"level":"info","message":"⌛ Validating objetos.wlk","timeElapsed":278,"timestamp":"2024-10-12T12:10:39.696Z"}
{"level":"info","message":"onRequest - completionItem/resolve","timestamp":"2024-10-12T12:10:39.697Z"}
{"level":"info","message":"⌛ Building environment","timeElapsed":170,"timestamp":"2024-10-12T12:10:39.868Z"}
{"level":"info","message":"onRequest - completionItem/resolve","timestamp":"2024-10-12T12:10:39.868Z"}
{"level":"info","message":"⌛ Validating objetos.wlk","timeElapsed":202,"timestamp":"2024-10-12T12:10:40.070Z"}
{"level":"info","message":"⌛ Building environment","timeElapsed":158,"timestamp":"2024-10-12T12:10:40.228Z"}
{"level":"info","message":"onRequest - completionItem/resolve","timestamp":"2024-10-12T12:10:40.229Z"}
{"level":"info","message":"⌛ Building environment","timeElapsed":160,"timestamp":"2024-10-12T12:10:40.389Z"}
{"level":"info","message":"⌛ Validating objetos.wlk","timeElapsed":233,"timestamp":"2024-10-12T12:10:40.657Z"}
{"level":"info","message":"⌛ Validating objetos.wlk","timeElapsed":245,"timestamp":"2024-10-12T12:10:40.903Z"}
{"level":"info","message":"⌛ Validating objetos.wlk","timeElapsed":209,"timestamp":"2024-10-12T12:10:41.115Z"}
{"level":"info","message":"onRequest - completionItem/resolve","timestamp":"2024-10-12T12:10:41.116Z"}
{"level":"info","message":"⌛ Building environment","timeElapsed":259,"timestamp":"2024-10-12T12:10:41.376Z"}
{"level":"info","message":"onRequest - completionItem/resolve","timestamp":"2024-10-12T12:10:41.378Z"}
{"level":"info","message":"⌛ Building environment","timeElapsed":162,"timestamp":"2024-10-12T12:10:41.540Z"}
{"level":"info","message":"onRequest - completionItem/resolve","timestamp":"2024-10-12T12:10:41.541Z"}
{"level":"info","message":"⌛ Building environment","timeElapsed":175,"timestamp":"2024-10-12T12:10:41.716Z"}
{"level":"info","message":"onRequest - completionItem/resolve","timestamp":"2024-10-12T12:10:41.718Z"}
{"level":"info","message":"⌛ Validating objetos.wlk","timeElapsed":232,"timestamp":"2024-10-12T12:10:41.957Z"}
{"level":"info","message":"⌛ Validating objetos.wlk","timeElapsed":220,"timestamp":"2024-10-12T12:10:42.178Z"}
{"level":"info","message":"⌛ Validating objetos.wlk","timeElapsed":205,"timestamp":"2024-10-12T12:10:42.382Z"}
{"level":"info","message":"onRequest - completionItem/resolve","timestamp":"2024-10-12T12:10:42.729Z"}
{"level":"info","message":"⌛ Building environment","timeElapsed":185,"timestamp":"2024-10-12T12:10:42.924Z"}
{"level":"info","message":"⌛ Validating objetos.wlk","timeElapsed":187,"timestamp":"2024-10-12T12:10:43.112Z"}
{"level":"info","message":"⌛ Building environment","timeElapsed":182,"timestamp":"2024-10-12T12:10:44.017Z"}
{"level":"error","message":"✘ Completions for node failed: Error: [Send]{147459} at objetos.wlk:117 exhausted all cases without a match [Send]{147459} at objetos.wlk:117 exhausted all cases without a match","stack":"Error: [Send]{147459} at objetos.wlk:117 exhausted all cases without a match\n    at /home/felipe/.vscode/extensions/uqbar.wollok-lsp-ide-0.3.6/out/server/src/server.js:38:6067\n    at yh (/home/felipe/.vscode/extensions/uqbar.wollok-lsp-ide-0.3.6/out/server/src/server.js:2291:42)\n    at kh (/home/felipe/.vscode/extensions/uqbar.wollok-lsp-ide-0.3.6/out/server/src/server.js:2291:1004)\n    at Y5n (/home/felipe/.vscode/extensions/uqbar.wollok-lsp-ide-0.3.6/out/server/src/server.js:2291:1160)\n    at /home/felipe/.vscode/extensions/uqbar.wollok-lsp-ide-0.3.6/out/server/src/server.js:38:6056\n    at yh (/home/felipe/.vscode/extensions/uqbar.wollok-lsp-ide-0.3.6/out/server/src/server.js:2291:42)\n    at /home/felipe/.vscode/extensions/uqbar.wollok-lsp-ide-0.3.6/out/server/src/server.js:2291:2700\n    at /home/felipe/.vscode/extensions/uqbar.wollok-lsp-ide-0.3.6/out/server/src/server.js:2298:3774\n    at /home/felipe/.vscode/extensions/uqbar.wollok-lsp-ide-0.3.6/out/server/src/server.js:37:74872\n    at Fe (/home/felipe/.vscode/extensions/uqbar.wollok-lsp-ide-0.3.6/out/server/src/server.js:7:8527)","timestamp":"2024-10-12T12:10:44.064Z"}
{"level":"error","message":"✘ Completions for node failed: Error: [If]{ea5a4f} at objetos.wlk:113 exhausted all cases without a match [If]{ea5a4f} at objetos.wlk:113 exhausted all cases without a match","stack":"Error: [If]{ea5a4f} at objetos.wlk:113 exhausted all cases without a match\n    at /home/felipe/.vscode/extensions/uqbar.wollok-lsp-ide-0.3.6/out/server/src/server.js:38:6067\n    at yh (/home/felipe/.vscode/extensions/uqbar.wollok-lsp-ide-0.3.6/out/server/src/server.js:2291:42)\n    at kh (/home/felipe/.vscode/extensions/uqbar.wollok-lsp-ide-0.3.6/out/server/src/server.js:2291:1004)\n    at z5n (/home/felipe/.vscode/extensions/uqbar.wollok-lsp-ide-0.3.6/out/server/src/server.js:2291:730)\n    at /home/felipe/.vscode/extensions/uqbar.wollok-lsp-ide-0.3.6/out/server/src/server.js:38:6056\n    at yh (/home/felipe/.vscode/extensions/uqbar.wollok-lsp-ide-0.3.6/out/server/src/server.js:2291:42)\n    at kh (/home/felipe/.vscode/extensions/uqbar.wollok-lsp-ide-0.3.6/out/server/src/server.js:2291:1004)\n    at yh (/home/felipe/.vscode/extensions/uqbar.wollok-lsp-ide-0.3.6/out/server/src/server.js:2291:456)\n    at kh (/home/felipe/.vscode/extensions/uqbar.wollok-lsp-ide-0.3.6/out/server/src/server.js:2291:1004)\n    at Y5n (/home/felipe/.vscode/extensions/uqbar.wollok-lsp-ide-0.3.6/out/server/src/server.js:2291:1160)","timestamp":"2024-10-12T12:10:44.065Z"}
{"level":"info","message":"⌛ Building environment","timeElapsed":236,"timestamp":"2024-10-12T12:10:44.309Z"}
{"level":"info","message":"⌛ Validating objetos.wlk","timeElapsed":208,"timestamp":"2024-10-12T12:10:44.525Z"}
{"level":"info","message":"onRequest - completionItem/resolve","timestamp":"2024-10-12T12:10:44.525Z"}
{"level":"info","message":"⌛ Building environment","timeElapsed":180,"timestamp":"2024-10-12T12:10:44.705Z"}
{"level":"info","message":"onRequest - completionItem/resolve","timestamp":"2024-10-12T12:10:44.706Z"}
{"level":"info","message":"⌛ Building environment","timeElapsed":154,"timestamp":"2024-10-12T12:10:44.860Z"}
{"level":"info","message":"onRequest - completionItem/resolve","timestamp":"2024-10-12T12:10:44.861Z"}
{"level":"info","message":"⌛ Validating objetos.wlk","timeElapsed":186,"timestamp":"2024-10-12T12:10:45.048Z"}
{"level":"info","message":"⌛ Building environment","timeElapsed":158,"timestamp":"2024-10-12T12:10:45.207Z"}
{"level":"info","message":"onRequest - completionItem/resolve","timestamp":"2024-10-12T12:10:45.207Z"}
{"level":"info","message":"⌛ Building environment","timeElapsed":166,"timestamp":"2024-10-12T12:10:45.374Z"}
{"level":"info","message":"onRequest - completionItem/resolve","timestamp":"2024-10-12T12:10:45.375Z"}
{"level":"info","message":"⌛ Building environment","timeElapsed":149,"timestamp":"2024-10-12T12:10:45.524Z"}
{"level":"info","message":"onRequest - completionItem/resolve","timestamp":"2024-10-12T12:10:45.525Z"}
{"level":"info","message":"⌛ Validating objetos.wlk","timeElapsed":196,"timestamp":"2024-10-12T12:10:45.721Z"}
{"level":"info","message":"⌛ Validating objetos.wlk","timeElapsed":188,"timestamp":"2024-10-12T12:10:45.910Z"}
{"level":"info","message":"⌛ Validating objetos.wlk","timeElapsed":255,"timestamp":"2024-10-12T12:10:46.173Z"}
{"level":"info","message":"⌛ Validating objetos.wlk","timeElapsed":188,"timestamp":"2024-10-12T12:10:46.361Z"}
{"level":"info","message":"⌛ Validating objetos.wlk","timeElapsed":182,"timestamp":"2024-10-12T12:10:46.543Z"}
{"level":"info","message":"⌛ Building environment","timeElapsed":190,"timestamp":"2024-10-12T12:10:59.985Z"}
{"level":"info","message":"⌛ Validating game.wpgm","timeElapsed":187,"timestamp":"2024-10-12T12:11:00.173Z"}
{"level":"info","message":"⌛ Building environment","timeElapsed":140,"timestamp":"2024-10-12T12:11:00.383Z"}
{"level":"info","message":"⌛ Validating game.wpgm","timeElapsed":186,"timestamp":"2024-10-12T12:11:00.570Z"}
{"level":"info","message":"⌛ Building environment","timeElapsed":255,"timestamp":"2024-10-12T12:11:04.344Z"}
{"level":"info","message":"⌛ Validating game.wpgm","timeElapsed":330,"timestamp":"2024-10-12T12:11:04.675Z"}
{"level":"info","message":"⌛ Validating objetos.wlk","timeElapsed":278,"timestamp":"2024-10-12T12:11:04.955Z"}
{"exitCode":"SIGHUP","level":"info","message":"👾 Game executed game.farmville on /home/felipe/Documents/Universidad/Proramacion_Con_Objetos_1/2024s2-granja-villa-FeliQI-main/2024s2-granja-villa-FeliQI-5","timeElapsed":17674,"timestamp":"2024-10-12T12:11:23.490Z"}
{"level":"info","message":"⌛ Building environment","timeElapsed":281,"timestamp":"2024-10-12T12:11:51.400Z"}
{"level":"info","message":"⌛ Validating objetos.wlk","timeElapsed":238,"timestamp":"2024-10-12T12:11:51.688Z"}
{"level":"info","message":"⌛ Building environment","timeElapsed":196,"timestamp":"2024-10-12T12:11:52.192Z"}
{"level":"info","message":"⌛ Building environment","timeElapsed":176,"timestamp":"2024-10-12T12:11:52.406Z"}
{"level":"info","message":"⌛ Validating objetos.wlk","timeElapsed":270,"timestamp":"2024-10-12T12:11:52.677Z"}
{"level":"info","message":"onRequest - completionItem/resolve","timestamp":"2024-10-12T12:11:52.678Z"}
{"level":"info","message":"⌛ Building environment","timeElapsed":187,"timestamp":"2024-10-12T12:11:52.865Z"}
{"level":"info","message":"onRequest - completionItem/resolve","timestamp":"2024-10-12T12:11:52.867Z"}
{"level":"info","message":"⌛ Building environment","timeElapsed":158,"timestamp":"2024-10-12T12:11:53.026Z"}
{"level":"info","message":"⌛ Validating objetos.wlk","timeElapsed":187,"timestamp":"2024-10-12T12:11:53.213Z"}
{"level":"info","message":"onRequest - completionItem/resolve","timestamp":"2024-10-12T12:11:53.215Z"}
{"level":"info","message":"⌛ Building environment","timeElapsed":268,"timestamp":"2024-10-12T12:11:53.484Z"}
{"level":"info","message":"onRequest - completionItem/resolve","timestamp":"2024-10-12T12:11:53.485Z"}
{"level":"info","message":"⌛ Validating objetos.wlk","timeElapsed":234,"timestamp":"2024-10-12T12:11:53.731Z"}
{"level":"info","message":"⌛ Validating objetos.wlk","timeElapsed":208,"timestamp":"2024-10-12T12:11:53.940Z"}
{"level":"info","message":"⌛ Building environment","timeElapsed":177,"timestamp":"2024-10-12T12:11:54.118Z"}
{"level":"info","message":"onRequest - completionItem/resolve","timestamp":"2024-10-12T12:11:54.119Z"}
{"level":"info","message":"⌛ Validating objetos.wlk","timeElapsed":197,"timestamp":"2024-10-12T12:11:54.316Z"}
{"level":"info","message":"⌛ Validating objetos.wlk","timeElapsed":199,"timestamp":"2024-10-12T12:11:54.526Z"}
{"level":"info","message":"⌛ Building environment","timeElapsed":290,"timestamp":"2024-10-12T12:12:20.722Z"}
{"level":"info","message":"onRequest - completionItem/resolve","timestamp":"2024-10-12T12:12:20.723Z"}
{"level":"info","message":"⌛ Building environment","timeElapsed":272,"timestamp":"2024-10-12T12:12:20.996Z"}
{"level":"error","message":"✘ Completions for node failed: Error: objetos.Mercado.im [Field]{126b92} at objetos.wlk:43 exhausted all cases without a match objetos.Mercado.im [Field]{126b92} at objetos.wlk:43 exhausted all cases without a match","stack":"Error: objetos.Mercado.im [Field]{126b92} at objetos.wlk:43 exhausted all cases without a match\n    at /home/felipe/.vscode/extensions/uqbar.wollok-lsp-ide-0.3.6/out/server/src/server.js:38:6067\n    at yh (/home/felipe/.vscode/extensions/uqbar.wollok-lsp-ide-0.3.6/out/server/src/server.js:2291:42)\n    at /home/felipe/.vscode/extensions/uqbar.wollok-lsp-ide-0.3.6/out/server/src/server.js:2291:2700\n    at /home/felipe/.vscode/extensions/uqbar.wollok-lsp-ide-0.3.6/out/server/src/server.js:2298:3774\n    at /home/felipe/.vscode/extensions/uqbar.wollok-lsp-ide-0.3.6/out/server/src/server.js:37:74872\n    at Fe (/home/felipe/.vscode/extensions/uqbar.wollok-lsp-ide-0.3.6/out/server/src/server.js:7:8527)\n    at Pt (/home/felipe/.vscode/extensions/uqbar.wollok-lsp-ide-0.3.6/out/server/src/server.js:7:6189)\n    at Gi (/home/felipe/.vscode/extensions/uqbar.wollok-lsp-ide-0.3.6/out/server/src/server.js:7:6378)\n    at Immediate._onImmediate (/home/felipe/.vscode/extensions/uqbar.wollok-lsp-ide-0.3.6/out/server/src/server.js:7:6142)\n    at process.processImmediate (node:internal/timers:483:21)","timestamp":"2024-10-12T12:12:21.040Z"}
{"level":"info","message":"⌛ Validating objetos.wlk","timeElapsed":213,"timestamp":"2024-10-12T12:12:21.255Z"}
{"level":"info","message":"⌛ Building environment","timeElapsed":235,"timestamp":"2024-10-12T12:12:21.491Z"}
{"level":"info","message":"⌛ Building environment","timeElapsed":313,"timestamp":"2024-10-12T12:12:21.806Z"}
{"level":"info","message":"⌛ Validating objetos.wlk","timeElapsed":222,"timestamp":"2024-10-12T12:12:22.028Z"}
{"level":"info","message":"⌛ Building environment","timeElapsed":157,"timestamp":"2024-10-12T12:12:22.186Z"}
{"level":"info","message":"⌛ Building environment","timeElapsed":185,"timestamp":"2024-10-12T12:12:22.378Z"}
{"level":"info","message":"⌛ Validating objetos.wlk","timeElapsed":266,"timestamp":"2024-10-12T12:12:22.644Z"}
{"level":"info","message":"⌛ Validating objetos.wlk","timeElapsed":190,"timestamp":"2024-10-12T12:12:22.844Z"}
{"level":"info","message":"⌛ Validating objetos.wlk","timeElapsed":191,"timestamp":"2024-10-12T12:12:23.038Z"}
{"level":"info","message":"⌛ Building environment","timeElapsed":206,"timestamp":"2024-10-12T12:12:23.245Z"}
{"level":"info","message":"⌛ Validating objetos.wlk","timeElapsed":200,"timestamp":"2024-10-12T12:12:23.447Z"}
{"level":"info","message":"⌛ Building environment","timeElapsed":167,"timestamp":"2024-10-12T12:12:23.625Z"}
{"level":"info","message":"⌛ Building environment","timeElapsed":160,"timestamp":"2024-10-12T12:12:23.799Z"}
{"level":"info","message":"⌛ Validating objetos.wlk","timeElapsed":188,"timestamp":"2024-10-12T12:12:23.988Z"}
{"level":"info","message":"⌛ Validating objetos.wlk","timeElapsed":215,"timestamp":"2024-10-12T12:12:24.213Z"}
{"level":"info","message":"⌛ Validating objetos.wlk","timeElapsed":215,"timestamp":"2024-10-12T12:12:24.428Z"}
{"level":"info","message":"⌛ Building environment","timeElapsed":170,"timestamp":"2024-10-12T12:12:24.599Z"}
{"level":"info","message":"⌛ Building environment","timeElapsed":165,"timestamp":"2024-10-12T12:12:24.765Z"}
{"level":"info","message":"⌛ Validating objetos.wlk","timeElapsed":203,"timestamp":"2024-10-12T12:12:24.976Z"}
{"level":"info","message":"⌛ Validating objetos.wlk","timeElapsed":227,"timestamp":"2024-10-12T12:12:25.206Z"}
{"level":"info","message":"⌛ Building environment","timeElapsed":189,"timestamp":"2024-10-12T12:12:25.396Z"}
{"level":"info","message":"⌛ Validating objetos.wlk","timeElapsed":198,"timestamp":"2024-10-12T12:12:25.604Z"}
{"level":"info","message":"⌛ Building environment","timeElapsed":185,"timestamp":"2024-10-12T12:12:25.806Z"}
{"level":"info","message":"⌛ Validating objetos.wlk","timeElapsed":196,"timestamp":"2024-10-12T12:12:26.003Z"}
{"level":"info","message":"⌛ Building environment","timeElapsed":189,"timestamp":"2024-10-12T12:12:26.690Z"}
{"level":"info","message":"⌛ Building environment","timeElapsed":166,"timestamp":"2024-10-12T12:12:26.857Z"}
{"level":"info","message":"⌛ Validating objetos.wlk","timeElapsed":225,"timestamp":"2024-10-12T12:12:27.082Z"}
{"level":"info","message":"⌛ Building environment","timeElapsed":159,"timestamp":"2024-10-12T12:12:27.244Z"}
{"level":"info","message":"⌛ Validating objetos.wlk","timeElapsed":187,"timestamp":"2024-10-12T12:12:27.432Z"}
{"level":"info","message":"⌛ Building environment","timeElapsed":167,"timestamp":"2024-10-12T12:12:27.599Z"}
{"level":"info","message":"⌛ Building environment","timeElapsed":176,"timestamp":"2024-10-12T12:12:27.777Z"}
{"level":"info","message":"⌛ Validating objetos.wlk","timeElapsed":297,"timestamp":"2024-10-12T12:12:28.074Z"}
{"level":"info","message":"⌛ Building environment","timeElapsed":158,"timestamp":"2024-10-12T12:12:28.243Z"}
{"level":"info","message":"⌛ Validating objetos.wlk","timeElapsed":192,"timestamp":"2024-10-12T12:12:28.436Z"}
{"level":"info","message":"⌛ Building environment","timeElapsed":164,"timestamp":"2024-10-12T12:12:28.601Z"}
{"level":"info","message":"⌛ Validating objetos.wlk","timeElapsed":194,"timestamp":"2024-10-12T12:12:28.795Z"}
{"level":"info","message":"⌛ Building environment","timeElapsed":158,"timestamp":"2024-10-12T12:12:28.954Z"}
{"level":"info","message":"⌛ Building environment","timeElapsed":158,"timestamp":"2024-10-12T12:12:29.113Z"}
{"level":"info","message":"⌛ Validating objetos.wlk","timeElapsed":184,"timestamp":"2024-10-12T12:12:29.297Z"}
{"level":"info","message":"⌛ Building environment","timeElapsed":202,"timestamp":"2024-10-12T12:12:29.512Z"}
{"level":"info","message":"⌛ Validating objetos.wlk","timeElapsed":235,"timestamp":"2024-10-12T12:12:29.748Z"}
{"level":"info","message":"⌛ Validating objetos.wlk","timeElapsed":219,"timestamp":"2024-10-12T12:12:29.975Z"}
{"level":"info","message":"⌛ Validating objetos.wlk","timeElapsed":192,"timestamp":"2024-10-12T12:12:30.168Z"}
{"level":"info","message":"⌛ Validating objetos.wlk","timeElapsed":257,"timestamp":"2024-10-12T12:12:30.427Z"}
{"level":"info","message":"⌛ Building environment","timeElapsed":243,"timestamp":"2024-10-12T12:13:03.518Z"}
{"level":"info","message":"⌛ Building environment","timeElapsed":227,"timestamp":"2024-10-12T12:13:03.750Z"}
{"level":"info","message":"⌛ Validating objetos.wlk","timeElapsed":230,"timestamp":"2024-10-12T12:13:03.980Z"}
{"level":"info","message":"⌛ Building environment","timeElapsed":173,"timestamp":"2024-10-12T12:13:04.155Z"}
{"level":"info","message":"⌛ Validating objetos.wlk","timeElapsed":259,"timestamp":"2024-10-12T12:13:04.420Z"}
{"level":"info","message":"⌛ Building environment","timeElapsed":175,"timestamp":"2024-10-12T12:13:04.596Z"}
{"level":"info","message":"⌛ Building environment","timeElapsed":165,"timestamp":"2024-10-12T12:13:04.761Z"}
{"level":"info","message":"⌛ Validating objetos.wlk","timeElapsed":192,"timestamp":"2024-10-12T12:13:04.955Z"}
{"level":"info","message":"⌛ Building environment","timeElapsed":250,"timestamp":"2024-10-12T12:13:05.207Z"}
{"level":"info","message":"⌛ Validating objetos.wlk","timeElapsed":226,"timestamp":"2024-10-12T12:13:05.453Z"}
{"level":"info","message":"⌛ Validating objetos.wlk","timeElapsed":195,"timestamp":"2024-10-12T12:13:05.649Z"}
{"level":"info","message":"⌛ Building environment","timeElapsed":179,"timestamp":"2024-10-12T12:13:05.830Z"}
{"level":"info","message":"⌛ Validating objetos.wlk","timeElapsed":247,"timestamp":"2024-10-12T12:13:06.174Z"}
{"level":"info","message":"⌛ Building environment","timeElapsed":199,"timestamp":"2024-10-12T12:13:06.374Z"}
{"level":"info","message":"⌛ Building environment","timeElapsed":157,"timestamp":"2024-10-12T12:13:06.540Z"}
{"level":"info","message":"⌛ Validating objetos.wlk","timeElapsed":187,"timestamp":"2024-10-12T12:13:06.727Z"}
{"level":"info","message":"onRequest - completionItem/resolve","timestamp":"2024-10-12T12:13:06.737Z"}
{"level":"info","message":"⌛ Building environment","timeElapsed":149,"timestamp":"2024-10-12T12:13:06.887Z"}
{"level":"info","message":"onRequest - completionItem/resolve","timestamp":"2024-10-12T12:13:06.887Z"}
{"level":"info","message":"⌛ Validating objetos.wlk","timeElapsed":195,"timestamp":"2024-10-12T12:13:07.090Z"}
{"level":"info","message":"⌛ Validating objetos.wlk","timeElapsed":187,"timestamp":"2024-10-12T12:13:07.278Z"}
{"level":"info","message":"⌛ Validating objetos.wlk","timeElapsed":194,"timestamp":"2024-10-12T12:13:07.474Z"}
{"level":"info","message":"⌛ Building environment","timeElapsed":218,"timestamp":"2024-10-12T12:13:18.300Z"}
{"level":"error","message":"✘ Completions for node failed: Error: objetos.Mercado.pimage [Field]{c72e03} at objetos.wlk:43 exhausted all cases without a match objetos.Mercado.pimage [Field]{c72e03} at objetos.wlk:43 exhausted all cases without a match","stack":"Error: objetos.Mercado.pimage [Field]{c72e03} at objetos.wlk:43 exhausted all cases without a match\n    at /home/felipe/.vscode/extensions/uqbar.wollok-lsp-ide-0.3.6/out/server/src/server.js:38:6067\n    at yh (/home/felipe/.vscode/extensions/uqbar.wollok-lsp-ide-0.3.6/out/server/src/server.js:2291:42)\n    at /home/felipe/.vscode/extensions/uqbar.wollok-lsp-ide-0.3.6/out/server/src/server.js:2291:2700\n    at /home/felipe/.vscode/extensions/uqbar.wollok-lsp-ide-0.3.6/out/server/src/server.js:2298:3774\n    at /home/felipe/.vscode/extensions/uqbar.wollok-lsp-ide-0.3.6/out/server/src/server.js:37:74872\n    at Fe (/home/felipe/.vscode/extensions/uqbar.wollok-lsp-ide-0.3.6/out/server/src/server.js:7:8527)\n    at Pt (/home/felipe/.vscode/extensions/uqbar.wollok-lsp-ide-0.3.6/out/server/src/server.js:7:6189)\n    at Gi (/home/felipe/.vscode/extensions/uqbar.wollok-lsp-ide-0.3.6/out/server/src/server.js:7:6378)\n    at Immediate._onImmediate (/home/felipe/.vscode/extensions/uqbar.wollok-lsp-ide-0.3.6/out/server/src/server.js:7:6142)\n    at process.processImmediate (node:internal/timers:483:21)","timestamp":"2024-10-12T12:13:18.339Z"}
{"level":"info","message":"⌛ Validating objetos.wlk","timeElapsed":203,"timestamp":"2024-10-12T12:13:18.547Z"}
{"level":"info","message":"onRequest - completionItem/resolve","timestamp":"2024-10-12T12:13:18.547Z"}
{"level":"info","message":"⌛ Building environment","timeElapsed":170,"timestamp":"2024-10-12T12:13:18.719Z"}
{"level":"info","message":"onRequest - completionItem/resolve","timestamp":"2024-10-12T12:13:18.720Z"}
{"level":"info","message":"⌛ Building environment","timeElapsed":186,"timestamp":"2024-10-12T12:13:18.907Z"}
{"level":"info","message":"onRequest - completionItem/resolve","timestamp":"2024-10-12T12:13:18.908Z"}
{"level":"info","message":"⌛ Validating objetos.wlk","timeElapsed":203,"timestamp":"2024-10-12T12:13:19.112Z"}
{"level":"info","message":"⌛ Building environment","timeElapsed":162,"timestamp":"2024-10-12T12:13:19.275Z"}
{"level":"info","message":"onRequest - completionItem/resolve","timestamp":"2024-10-12T12:13:19.275Z"}
{"level":"info","message":"⌛ Building environment","timeElapsed":175,"timestamp":"2024-10-12T12:13:19.450Z"}
{"level":"info","message":"onRequest - completionItem/resolve","timestamp":"2024-10-12T12:13:19.451Z"}
{"level":"info","message":"⌛ Validating objetos.wlk","timeElapsed":193,"timestamp":"2024-10-12T12:13:19.644Z"}
{"level":"info","message":"⌛ Building environment","timeElapsed":152,"timestamp":"2024-10-12T12:13:19.798Z"}
{"level":"info","message":"onRequest - completionItem/resolve","timestamp":"2024-10-12T12:13:19.799Z"}
{"level":"info","message":"⌛ Validating objetos.wlk","timeElapsed":200,"timestamp":"2024-10-12T12:13:20.000Z"}
{"level":"info","message":"⌛ Building environment","timeElapsed":211,"timestamp":"2024-10-12T12:13:20.220Z"}
{"level":"info","message":"onRequest - completionItem/resolve","timestamp":"2024-10-12T12:13:20.220Z"}
{"level":"info","message":"⌛ Validating objetos.wlk","timeElapsed":206,"timestamp":"2024-10-12T12:13:20.433Z"}
{"level":"info","message":"⌛ Validating objetos.wlk","timeElapsed":191,"timestamp":"2024-10-12T12:13:20.626Z"}
{"level":"info","message":"⌛ Validating objetos.wlk","timeElapsed":209,"timestamp":"2024-10-12T12:13:20.836Z"}
{"level":"info","message":"⌛ Building environment","timeElapsed":158,"timestamp":"2024-10-12T12:13:20.995Z"}
{"level":"info","message":"onRequest - completionItem/resolve","timestamp":"2024-10-12T12:13:20.995Z"}
{"level":"info","message":"⌛ Validating objetos.wlk","timeElapsed":190,"timestamp":"2024-10-12T12:13:21.187Z"}
{"level":"info","message":"⌛ Building environment","timeElapsed":199,"timestamp":"2024-10-12T12:13:22.103Z"}
{"level":"info","message":"⌛ Building environment","timeElapsed":154,"timestamp":"2024-10-12T12:13:22.259Z"}
{"level":"info","message":"⌛ Validating objetos.wlk","timeElapsed":190,"timestamp":"2024-10-12T12:13:22.456Z"}
{"level":"info","message":"⌛ Validating objetos.wlk","timeElapsed":213,"timestamp":"2024-10-12T12:13:22.670Z"}
{"level":"info","message":"⌛ Building environment","timeElapsed":217,"timestamp":"2024-10-12T12:13:22.900Z"}
{"level":"info","message":"⌛ Validating objetos.wlk","timeElapsed":228,"timestamp":"2024-10-12T12:13:23.135Z"}
{"level":"info","message":"⌛ Building environment","timeElapsed":330,"timestamp":"2024-10-12T12:16:49.307Z"}
{"level":"info","message":"⌛ Building environment","timeElapsed":254,"timestamp":"2024-10-12T12:16:49.564Z"}
{"level":"info","message":"⌛ Validating objetos.wlk","timeElapsed":218,"timestamp":"2024-10-12T12:16:49.783Z"}
{"level":"info","message":"⌛ Validating objetos.wlk","timeElapsed":211,"timestamp":"2024-10-12T12:16:50.000Z"}
{"level":"info","message":"⌛ Building environment","timeElapsed":260,"timestamp":"2024-10-12T12:16:50.262Z"}
{"level":"info","message":"⌛ Building environment","timeElapsed":179,"timestamp":"2024-10-12T12:16:50.480Z"}
{"level":"info","message":"⌛ Building environment","timeElapsed":180,"timestamp":"2024-10-12T12:16:50.660Z"}
{"level":"info","message":"⌛ Building environment","timeElapsed":256,"timestamp":"2024-10-12T12:16:50.919Z"}
{"level":"info","message":"⌛ Building environment","timeElapsed":183,"timestamp":"2024-10-12T12:16:51.103Z"}
{"level":"info","message":"⌛ Validating objetos.wlk","timeElapsed":212,"timestamp":"2024-10-12T12:16:51.316Z"}
{"level":"info","message":"onRequest - completionItem/resolve","timestamp":"2024-10-12T12:16:51.316Z"}
{"level":"error","message":"✘ Failed to rebuild document Failed to parse objetos.wlk: \n-- PARSING FAILED --------------------------------------------------\n\n  137 | \n  138 | \tmethod\n> 139 | }\n      | ^\n\nExpected one of the following: \n\n'!=', '!==', '%', '&&', '*', '**', '+', '-', '->', '..', '..<', '/', '<', '<<', '<<<', '<=', '<=>', '<>', '==', '===', '>', '>..', '>=', '>>', '>>>', '?:', 'and', 'invert', 'negate', 'or', 'plus', '||', identifier, whitespace\n","stack":"Error: Failed to parse objetos.wlk: \n-- PARSING FAILED --------------------------------------------------\n\n  137 | \n  138 | \tmethod\n> 139 | }\n      | ^\n\nExpected one of the following: \n\n'!=', '!==', '%', '&&', '*', '**', '+', '-', '->', '..', '..<', '/', '<', '<<', '<<<', '<=', '<=>', '<>', '==', '===', '>', '>..', '>=', '>>', '>>>', '?:', 'and', 'invert', 'negate', 'or', 'plus', '||', identifier, whitespace\n\n    at /home/felipe/.vscode/extensions/uqbar.wollok-lsp-ide-0.3.6/out/server/src/server.js:2254:32415\n    at Array.map (<anonymous>)\n    at Jfn (/home/felipe/.vscode/extensions/uqbar.wollok-lsp-ide-0.3.6/out/server/src/server.js:2254:32339)\n    at k2.buildEnvironmentFrom (/home/felipe/.vscode/extensions/uqbar.wollok-lsp-ide-0.3.6/out/server/src/server.js:2285:6721)\n    at k2.updateEnvironmentWith (/home/felipe/.vscode/extensions/uqbar.wollok-lsp-ide-0.3.6/out/server/src/server.js:2285:6456)\n    at jL (/home/felipe/.vscode/extensions/uqbar.wollok-lsp-ide-0.3.6/out/server/src/server.js:2298:2292)\n    at v3.invoke (/home/felipe/.vscode/extensions/uqbar.wollok-lsp-ide-0.3.6/out/server/src/server.js:3:157200)\n    at o.fire (/home/felipe/.vscode/extensions/uqbar.wollok-lsp-ide-0.3.6/out/server/src/server.js:3:157970)\n    at /home/felipe/.vscode/extensions/uqbar.wollok-lsp-ide-0.3.6/out/server/src/server.js:37:57871\n    at Vr (/home/felipe/.vscode/extensions/uqbar.wollok-lsp-ide-0.3.6/out/server/src/server.js:8:1561)","timestamp":"2024-10-12T12:16:51.373Z"}
{"level":"info","message":"onRequest - completionItem/resolve","timestamp":"2024-10-12T12:16:51.374Z"}
{"level":"info","message":"⌛ Validating objetos.wlk","timeElapsed":283,"timestamp":"2024-10-12T12:16:51.657Z"}
{"level":"error","message":"✘ Failed to rebuild document Failed to parse objetos.wlk: \n-- PARSING FAILED --------------------------------------------------\n\n  137 | \n  138 | \tmethod \n> 139 | }\n      | ^\n\nExpected one of the following: \n\n'!=', '!==', '%', '&&', '*', '**', '+', '-', '->', '..', '..<', '/', '<', '<<', '<<<', '<=', '<=>', '<>', '==', '===', '>', '>..', '>=', '>>', '>>>', '?:', 'and', 'invert', 'negate', 'or', 'plus', '||', identifier, whitespace\n","stack":"Error: Failed to parse objetos.wlk: \n-- PARSING FAILED --------------------------------------------------\n\n  137 | \n  138 | \tmethod \n> 139 | }\n      | ^\n\nExpected one of the following: \n\n'!=', '!==', '%', '&&', '*', '**', '+', '-', '->', '..', '..<', '/', '<', '<<', '<<<', '<=', '<=>', '<>', '==', '===', '>', '>..', '>=', '>>', '>>>', '?:', 'and', 'invert', 'negate', 'or', 'plus', '||', identifier, whitespace\n\n    at /home/felipe/.vscode/extensions/uqbar.wollok-lsp-ide-0.3.6/out/server/src/server.js:2254:32415\n    at Array.map (<anonymous>)\n    at Jfn (/home/felipe/.vscode/extensions/uqbar.wollok-lsp-ide-0.3.6/out/server/src/server.js:2254:32339)\n    at k2.buildEnvironmentFrom (/home/felipe/.vscode/extensions/uqbar.wollok-lsp-ide-0.3.6/out/server/src/server.js:2285:6721)\n    at k2.updateEnvironmentWith (/home/felipe/.vscode/extensions/uqbar.wollok-lsp-ide-0.3.6/out/server/src/server.js:2285:6456)\n    at jL (/home/felipe/.vscode/extensions/uqbar.wollok-lsp-ide-0.3.6/out/server/src/server.js:2298:2292)\n    at v3.invoke (/home/felipe/.vscode/extensions/uqbar.wollok-lsp-ide-0.3.6/out/server/src/server.js:3:157200)\n    at o.fire (/home/felipe/.vscode/extensions/uqbar.wollok-lsp-ide-0.3.6/out/server/src/server.js:3:157970)\n    at /home/felipe/.vscode/extensions/uqbar.wollok-lsp-ide-0.3.6/out/server/src/server.js:37:57871\n    at Vr (/home/felipe/.vscode/extensions/uqbar.wollok-lsp-ide-0.3.6/out/server/src/server.js:8:1561)","timestamp":"2024-10-12T12:16:51.727Z"}
{"level":"info","message":"onRequest - completionItem/resolve","timestamp":"2024-10-12T12:16:51.728Z"}
{"level":"info","message":"⌛ Validating objetos.wlk","timeElapsed":205,"timestamp":"2024-10-12T12:16:51.932Z"}
{"level":"info","message":"⌛ Validating objetos.wlk","timeElapsed":228,"timestamp":"2024-10-12T12:16:52.168Z"}
{"level":"info","message":"⌛ Validating objetos.wlk","timeElapsed":251,"timestamp":"2024-10-12T12:16:52.422Z"}
{"level":"info","message":"⌛ Building environment","timeElapsed":174,"timestamp":"2024-10-12T12:16:52.596Z"}
{"level":"info","message":"onRequest - completionItem/resolve","timestamp":"2024-10-12T12:16:52.597Z"}
{"level":"info","message":"⌛ Building environment","timeElapsed":190,"timestamp":"2024-10-12T12:16:52.787Z"}
{"level":"info","message":"⌛ Building environment","timeElapsed":163,"timestamp":"2024-10-12T12:16:52.995Z"}
{"level":"info","message":"⌛ Building environment","timeElapsed":162,"timestamp":"2024-10-12T12:16:53.157Z"}
{"level":"info","message":"⌛ Building environment","timeElapsed":157,"timestamp":"2024-10-12T12:16:53.321Z"}
{"level":"info","message":"⌛ Building environment","timeElapsed":205,"timestamp":"2024-10-12T12:16:53.526Z"}
{"level":"info","message":"⌛ Validating objetos.wlk","timeElapsed":209,"timestamp":"2024-10-12T12:16:53.741Z"}
{"level":"info","message":"⌛ Validating objetos.wlk","timeElapsed":200,"timestamp":"2024-10-12T12:16:53.951Z"}
{"level":"info","message":"⌛ Building environment","timeElapsed":161,"timestamp":"2024-10-12T12:16:54.113Z"}
{"level":"info","message":"⌛ Validating objetos.wlk","timeElapsed":205,"timestamp":"2024-10-12T12:16:54.319Z"}
{"level":"info","message":"⌛ Building environment","timeElapsed":157,"timestamp":"2024-10-12T12:16:54.477Z"}
{"level":"info","message":"⌛ Validating objetos.wlk","timeElapsed":191,"timestamp":"2024-10-12T12:16:54.674Z"}
{"level":"info","message":"⌛ Validating objetos.wlk","timeElapsed":281,"timestamp":"2024-10-12T12:16:54.955Z"}
{"level":"info","message":"⌛ Building environment","timeElapsed":163,"timestamp":"2024-10-12T12:16:55.126Z"}
{"level":"info","message":"⌛ Validating objetos.wlk","timeElapsed":187,"timestamp":"2024-10-12T12:16:55.314Z"}
{"level":"info","message":"⌛ Building environment","timeElapsed":152,"timestamp":"2024-10-12T12:16:55.466Z"}
{"level":"info","message":"⌛ Building environment","timeElapsed":152,"timestamp":"2024-10-12T12:16:55.659Z"}
{"level":"info","message":"⌛ Building environment","timeElapsed":155,"timestamp":"2024-10-12T12:16:55.821Z"}
{"level":"info","message":"⌛ Validating objetos.wlk","timeElapsed":190,"timestamp":"2024-10-12T12:16:56.019Z"}
{"level":"info","message":"⌛ Building environment","timeElapsed":178,"timestamp":"2024-10-12T12:16:56.197Z"}
{"level":"info","message":"⌛ Building environment","timeElapsed":173,"timestamp":"2024-10-12T12:16:56.371Z"}
{"level":"info","message":"⌛ Validating objetos.wlk","timeElapsed":188,"timestamp":"2024-10-12T12:16:56.560Z"}
{"level":"info","message":"⌛ Building environment","timeElapsed":156,"timestamp":"2024-10-12T12:16:56.726Z"}
{"level":"info","message":"⌛ Building environment","timeElapsed":277,"timestamp":"2024-10-12T12:16:57.004Z"}
{"level":"info","message":"⌛ Validating objetos.wlk","timeElapsed":195,"timestamp":"2024-10-12T12:16:57.210Z"}
{"level":"info","message":"⌛ Validating objetos.wlk","timeElapsed":207,"timestamp":"2024-10-12T12:16:57.419Z"}
{"level":"info","message":"⌛ Validating objetos.wlk","timeElapsed":188,"timestamp":"2024-10-12T12:16:57.609Z"}
{"level":"info","message":"⌛ Validating objetos.wlk","timeElapsed":185,"timestamp":"2024-10-12T12:16:57.795Z"}
{"level":"info","message":"⌛ Building environment","timeElapsed":168,"timestamp":"2024-10-12T12:16:57.964Z"}
{"level":"info","message":"⌛ Validating objetos.wlk","timeElapsed":186,"timestamp":"2024-10-12T12:16:58.150Z"}
{"level":"info","message":"⌛ Validating objetos.wlk","timeElapsed":191,"timestamp":"2024-10-12T12:16:58.348Z"}
{"level":"info","message":"⌛ Validating objetos.wlk","timeElapsed":197,"timestamp":"2024-10-12T12:16:58.547Z"}
{"level":"info","message":"⌛ Building environment","timeElapsed":161,"timestamp":"2024-10-12T12:16:58.709Z"}
{"level":"info","message":"⌛ Validating objetos.wlk","timeElapsed":244,"timestamp":"2024-10-12T12:16:58.957Z"}
{"level":"info","message":"⌛ Building environment","timeElapsed":202,"timestamp":"2024-10-12T12:16:59.171Z"}
{"level":"info","message":"⌛ Validating objetos.wlk","timeElapsed":215,"timestamp":"2024-10-12T12:16:59.404Z"}
{"level":"info","message":"⌛ Building environment","timeElapsed":169,"timestamp":"2024-10-12T12:16:59.574Z"}
{"level":"info","message":"⌛ Validating objetos.wlk","timeElapsed":189,"timestamp":"2024-10-12T12:16:59.763Z"}
{"level":"info","message":"⌛ Validating objetos.wlk","timeElapsed":177,"timestamp":"2024-10-12T12:16:59.949Z"}
{"level":"info","message":"⌛ Building environment","timeElapsed":152,"timestamp":"2024-10-12T12:17:00.101Z"}
{"level":"info","message":"⌛ Building environment","timeElapsed":153,"timestamp":"2024-10-12T12:17:00.256Z"}
{"level":"info","message":"⌛ Validating objetos.wlk","timeElapsed":181,"timestamp":"2024-10-12T12:17:00.438Z"}
{"level":"info","message":"⌛ Validating objetos.wlk","timeElapsed":195,"timestamp":"2024-10-12T12:17:00.641Z"}
{"level":"info","message":"⌛ Validating objetos.wlk","timeElapsed":211,"timestamp":"2024-10-12T12:17:00.855Z"}
{"level":"info","message":"⌛ Building environment","timeElapsed":258,"timestamp":"2024-10-12T12:17:01.113Z"}
{"level":"info","message":"⌛ Building environment","timeElapsed":164,"timestamp":"2024-10-12T12:17:01.318Z"}
{"level":"info","message":"⌛ Validating objetos.wlk","timeElapsed":193,"timestamp":"2024-10-12T12:17:01.511Z"}
{"level":"info","message":"onRequest - completionItem/resolve","timestamp":"2024-10-12T12:17:01.519Z"}
{"level":"info","message":"⌛ Validating objetos.wlk","timeElapsed":214,"timestamp":"2024-10-12T12:17:01.734Z"}
{"level":"info","message":"⌛ Building environment","timeElapsed":190,"timestamp":"2024-10-12T12:17:01.924Z"}
{"level":"info","message":"⌛ Building environment","timeElapsed":162,"timestamp":"2024-10-12T12:17:02.088Z"}
{"level":"info","message":"⌛ Building environment","timeElapsed":180,"timestamp":"2024-10-12T12:17:02.311Z"}
{"level":"info","message":"⌛ Validating objetos.wlk","timeElapsed":205,"timestamp":"2024-10-12T12:17:02.517Z"}
{"level":"info","message":"⌛ Building environment","timeElapsed":178,"timestamp":"2024-10-12T12:17:02.695Z"}
{"level":"info","message":"⌛ Validating objetos.wlk","timeElapsed":197,"timestamp":"2024-10-12T12:17:02.894Z"}
{"level":"info","message":"⌛ Validating objetos.wlk","timeElapsed":191,"timestamp":"2024-10-12T12:17:03.091Z"}
{"level":"info","message":"⌛ Building environment","timeElapsed":153,"timestamp":"2024-10-12T12:17:03.245Z"}
{"level":"info","message":"⌛ Validating objetos.wlk","timeElapsed":178,"timestamp":"2024-10-12T12:17:03.424Z"}
{"level":"info","message":"⌛ Validating objetos.wlk","timeElapsed":196,"timestamp":"2024-10-12T12:17:03.628Z"}
{"level":"info","message":"⌛ Building environment","timeElapsed":164,"timestamp":"2024-10-12T12:17:06.637Z"}
{"level":"info","message":"⌛ Validating objetos.wlk","timeElapsed":182,"timestamp":"2024-10-12T12:17:06.821Z"}
{"level":"info","message":"⌛ Building environment","timeElapsed":295,"timestamp":"2024-10-12T12:17:09.525Z"}
{"level":"info","message":"⌛ Building environment","timeElapsed":163,"timestamp":"2024-10-12T12:17:09.689Z"}
{"level":"info","message":"⌛ Building environment","timeElapsed":155,"timestamp":"2024-10-12T12:17:09.844Z"}
{"level":"info","message":"⌛ Validating objetos.wlk","timeElapsed":211,"timestamp":"2024-10-12T12:17:10.060Z"}
{"level":"info","message":"⌛ Validating objetos.wlk","timeElapsed":262,"timestamp":"2024-10-12T12:17:10.322Z"}
{"level":"info","message":"⌛ Validating objetos.wlk","timeElapsed":209,"timestamp":"2024-10-12T12:17:10.539Z"}
{"level":"info","message":"⌛ Building environment","timeElapsed":173,"timestamp":"2024-10-12T12:17:10.715Z"}
{"level":"info","message":"⌛ Building environment","timeElapsed":278,"timestamp":"2024-10-12T12:17:10.995Z"}
{"level":"info","message":"⌛ Building environment","timeElapsed":169,"timestamp":"2024-10-12T12:17:11.229Z"}
{"level":"info","message":"⌛ Validating objetos.wlk","timeElapsed":232,"timestamp":"2024-10-12T12:17:11.518Z"}
{"level":"info","message":"⌛ Building environment","timeElapsed":176,"timestamp":"2024-10-12T12:17:11.694Z"}
{"level":"info","message":"⌛ Validating objetos.wlk","timeElapsed":188,"timestamp":"2024-10-12T12:17:11.894Z"}
{"level":"info","message":"⌛ Validating objetos.wlk","timeElapsed":205,"timestamp":"2024-10-12T12:17:12.100Z"}
{"level":"info","message":"⌛ Validating objetos.wlk","timeElapsed":192,"timestamp":"2024-10-12T12:17:12.293Z"}
{"level":"info","message":"⌛ Building environment","timeElapsed":179,"timestamp":"2024-10-12T12:17:15.328Z"}
{"level":"info","message":"⌛ Validating objetos.wlk","timeElapsed":373,"timestamp":"2024-10-12T12:17:15.738Z"}
{"level":"info","message":"⌛ Building environment","timeElapsed":181,"timestamp":"2024-10-12T12:17:15.920Z"}
{"level":"info","message":"⌛ Building environment","timeElapsed":186,"timestamp":"2024-10-12T12:17:16.106Z"}
{"level":"info","message":"⌛ Building environment","timeElapsed":152,"timestamp":"2024-10-12T12:17:16.259Z"}
{"level":"info","message":"⌛ Building environment","timeElapsed":166,"timestamp":"2024-10-12T12:17:16.426Z"}
{"level":"info","message":"⌛ Validating objetos.wlk","timeElapsed":211,"timestamp":"2024-10-12T12:17:16.639Z"}
{"level":"info","message":"⌛ Validating objetos.wlk","timeElapsed":196,"timestamp":"2024-10-12T12:17:16.836Z"}
{"level":"info","message":"⌛ Validating objetos.wlk","timeElapsed":207,"timestamp":"2024-10-12T12:17:17.051Z"}
{"level":"info","message":"⌛ Validating objetos.wlk","timeElapsed":204,"timestamp":"2024-10-12T12:17:17.257Z"}
{"level":"info","message":"⌛ Building environment","timeElapsed":166,"timestamp":"2024-10-12T12:17:17.425Z"}
{"level":"info","message":"⌛ Validating objetos.wlk","timeElapsed":204,"timestamp":"2024-10-12T12:17:17.636Z"}
{"level":"info","message":"⌛ Building environment","timeElapsed":163,"timestamp":"2024-10-12T12:17:19.798Z"}
{"level":"info","message":"⌛ Validating objetos.wlk","timeElapsed":240,"timestamp":"2024-10-12T12:17:20.084Z"}
{"level":"info","message":"onRequest - completionItem/resolve","timestamp":"2024-10-12T12:17:20.087Z"}
{"level":"info","message":"⌛ Building environment","timeElapsed":176,"timestamp":"2024-10-12T12:17:20.263Z"}
{"level":"info","message":"onRequest - completionItem/resolve","timestamp":"2024-10-12T12:17:20.264Z"}
{"level":"info","message":"⌛ Building environment","timeElapsed":166,"timestamp":"2024-10-12T12:17:20.430Z"}
{"level":"info","message":"onRequest - completionItem/resolve","timestamp":"2024-10-12T12:17:20.431Z"}
{"level":"info","message":"⌛ Building environment","timeElapsed":169,"timestamp":"2024-10-12T12:17:20.600Z"}
{"level":"info","message":"onRequest - completionItem/resolve","timestamp":"2024-10-12T12:17:20.601Z"}
{"level":"info","message":"⌛ Validating objetos.wlk","timeElapsed":232,"timestamp":"2024-10-12T12:17:20.833Z"}
{"level":"info","message":"⌛ Validating objetos.wlk","timeElapsed":286,"timestamp":"2024-10-12T12:17:21.120Z"}
{"level":"info","message":"⌛ Building environment","timeElapsed":220,"timestamp":"2024-10-12T12:17:21.348Z"}
{"level":"info","message":"onRequest - completionItem/resolve","timestamp":"2024-10-12T12:17:21.349Z"}
{"level":"info","message":"⌛ Validating objetos.wlk","timeElapsed":201,"timestamp":"2024-10-12T12:17:21.551Z"}
{"level":"info","message":"⌛ Building environment","timeElapsed":243,"timestamp":"2024-10-12T12:17:21.804Z"}
{"level":"info","message":"onRequest - completionItem/resolve","timestamp":"2024-10-12T12:17:21.805Z"}
{"level":"info","message":"⌛ Validating objetos.wlk","timeElapsed":213,"timestamp":"2024-10-12T12:17:22.019Z"}
{"level":"info","message":"⌛ Building environment","timeElapsed":169,"timestamp":"2024-10-12T12:17:22.199Z"}
{"level":"info","message":"onRequest - completionItem/resolve","timestamp":"2024-10-12T12:17:22.200Z"}
{"level":"info","message":"⌛ Validating objetos.wlk","timeElapsed":187,"timestamp":"2024-10-12T12:17:22.391Z"}
{"level":"info","message":"⌛ Building environment","timeElapsed":195,"timestamp":"2024-10-12T12:17:22.587Z"}
{"level":"info","message":"onRequest - completionItem/resolve","timestamp":"2024-10-12T12:17:22.588Z"}
{"level":"info","message":"⌛ Building environment","timeElapsed":154,"timestamp":"2024-10-12T12:17:22.742Z"}
{"level":"info","message":"onRequest - completionItem/resolve","timestamp":"2024-10-12T12:17:22.743Z"}
{"level":"info","message":"⌛ Validating objetos.wlk","timeElapsed":179,"timestamp":"2024-10-12T12:17:22.922Z"}
{"level":"info","message":"⌛ Building environment","timeElapsed":158,"timestamp":"2024-10-12T12:17:23.088Z"}
{"level":"info","message":"⌛ Validating objetos.wlk","timeElapsed":197,"timestamp":"2024-10-12T12:17:23.291Z"}
{"level":"info","message":"⌛ Validating objetos.wlk","timeElapsed":198,"timestamp":"2024-10-12T12:17:23.489Z"}
{"level":"info","message":"⌛ Validating objetos.wlk","timeElapsed":211,"timestamp":"2024-10-12T12:17:23.707Z"}
{"level":"info","message":"⌛ Building environment","timeElapsed":177,"timestamp":"2024-10-12T12:17:25.398Z"}
{"level":"info","message":"⌛ Building environment","timeElapsed":166,"timestamp":"2024-10-12T12:17:25.565Z"}
{"level":"info","message":"⌛ Validating objetos.wlk","timeElapsed":190,"timestamp":"2024-10-12T12:17:25.756Z"}
{"level":"info","message":"⌛ Building environment","timeElapsed":155,"timestamp":"2024-10-12T12:17:25.912Z"}
{"level":"info","message":"⌛ Validating objetos.wlk","timeElapsed":284,"timestamp":"2024-10-12T12:17:26.197Z"}
{"level":"info","message":"⌛ Validating objetos.wlk","timeElapsed":187,"timestamp":"2024-10-12T12:17:26.390Z"}
{"level":"info","message":"⌛ Building environment","timeElapsed":222,"timestamp":"2024-10-12T12:17:26.614Z"}
{"level":"info","message":"⌛ Validating objetos.wlk","timeElapsed":190,"timestamp":"2024-10-12T12:17:26.813Z"}
{"level":"info","message":"⌛ Building environment","timeElapsed":225,"timestamp":"2024-10-12T12:17:29.579Z"}
{"level":"info","message":"⌛ Building environment","timeElapsed":182,"timestamp":"2024-10-12T12:17:29.761Z"}
{"level":"info","message":"⌛ Validating objetos.wlk","timeElapsed":195,"timestamp":"2024-10-12T12:17:29.958Z"}
{"level":"info","message":"⌛ Building environment","timeElapsed":169,"timestamp":"2024-10-12T12:17:30.128Z"}
{"level":"info","message":"⌛ Validating objetos.wlk","timeElapsed":241,"timestamp":"2024-10-12T12:17:30.369Z"}
{"level":"info","message":"⌛ Validating objetos.wlk","timeElapsed":201,"timestamp":"2024-10-12T12:17:30.577Z"}
{"level":"info","message":"⌛ Building environment","timeElapsed":228,"timestamp":"2024-10-12T12:17:42.314Z"}
{"level":"error","message":"✘ Completions for node failed: Error: [NamedArgument]{8fdc4c} at objetos.wlk:103 exhausted all cases without a match [NamedArgument]{8fdc4c} at objetos.wlk:103 exhausted all cases without a match","stack":"Error: [NamedArgument]{8fdc4c} at objetos.wlk:103 exhausted all cases without a match\n    at /home/felipe/.vscode/extensions/uqbar.wollok-lsp-ide-0.3.6/out/server/src/server.js:38:6067\n    at yh (/home/felipe/.vscode/extensions/uqbar.wollok-lsp-ide-0.3.6/out/server/src/server.js:2291:42)\n    at /home/felipe/.vscode/extensions/uqbar.wollok-lsp-ide-0.3.6/out/server/src/server.js:2291:2700\n    at /home/felipe/.vscode/extensions/uqbar.wollok-lsp-ide-0.3.6/out/server/src/server.js:2298:3774\n    at /home/felipe/.vscode/extensions/uqbar.wollok-lsp-ide-0.3.6/out/server/src/server.js:37:74872\n    at Fe (/home/felipe/.vscode/extensions/uqbar.wollok-lsp-ide-0.3.6/out/server/src/server.js:7:8527)\n    at Pt (/home/felipe/.vscode/extensions/uqbar.wollok-lsp-ide-0.3.6/out/server/src/server.js:7:6189)\n    at Gi (/home/felipe/.vscode/extensions/uqbar.wollok-lsp-ide-0.3.6/out/server/src/server.js:7:6378)\n    at Immediate._onImmediate (/home/felipe/.vscode/extensions/uqbar.wollok-lsp-ide-0.3.6/out/server/src/server.js:7:6142)\n    at process.processImmediate (node:internal/timers:483:21)","timestamp":"2024-10-12T12:17:42.350Z"}
{"level":"info","message":"⌛ Building environment","timeElapsed":283,"timestamp":"2024-10-12T12:17:42.637Z"}
{"level":"info","message":"⌛ Validating objetos.wlk","timeElapsed":236,"timestamp":"2024-10-12T12:17:42.873Z"}
{"level":"info","message":"⌛ Building environment","timeElapsed":186,"timestamp":"2024-10-12T12:17:43.061Z"}
{"level":"info","message":"⌛ Building environment","timeElapsed":272,"timestamp":"2024-10-12T12:17:43.335Z"}
{"level":"info","message":"⌛ Validating objetos.wlk","timeElapsed":214,"timestamp":"2024-10-12T12:17:43.549Z"}
{"level":"info","message":"⌛ Building environment","timeElapsed":175,"timestamp":"2024-10-12T12:17:43.725Z"}
{"level":"info","message":"⌛ Building environment","timeElapsed":182,"timestamp":"2024-10-12T12:17:43.908Z"}
{"level":"info","message":"⌛ Validating objetos.wlk","timeElapsed":236,"timestamp":"2024-10-12T12:17:44.150Z"}
{"level":"info","message":"⌛ Validating objetos.wlk","timeElapsed":207,"timestamp":"2024-10-12T12:17:44.359Z"}
{"level":"info","message":"⌛ Validating objetos.wlk","timeElapsed":189,"timestamp":"2024-10-12T12:17:44.548Z"}
{"level":"info","message":"⌛ Validating objetos.wlk","timeElapsed":183,"timestamp":"2024-10-12T12:17:44.731Z"}
{"level":"info","message":"⌛ Building environment","timeElapsed":165,"timestamp":"2024-10-12T12:17:44.898Z"}
{"level":"info","message":"⌛ Building environment","timeElapsed":162,"timestamp":"2024-10-12T12:17:45.068Z"}
{"level":"info","message":"⌛ Validating objetos.wlk","timeElapsed":208,"timestamp":"2024-10-12T12:17:45.276Z"}
{"level":"info","message":"⌛ Validating objetos.wlk","timeElapsed":206,"timestamp":"2024-10-12T12:17:45.484Z"}
{"level":"info","message":"⌛ Building environment","timeElapsed":165,"timestamp":"2024-10-12T12:17:45.657Z"}
{"level":"info","message":"⌛ Validating objetos.wlk","timeElapsed":187,"timestamp":"2024-10-12T12:17:45.853Z"}
{"level":"info","message":"⌛ Building environment","timeElapsed":181,"timestamp":"2024-10-12T12:17:46.125Z"}
{"level":"info","message":"⌛ Validating objetos.wlk","timeElapsed":240,"timestamp":"2024-10-12T12:17:46.422Z"}
{"level":"info","message":"⌛ Building environment","timeElapsed":241,"timestamp":"2024-10-12T12:17:46.664Z"}
{"level":"info","message":"onRequest - completionItem/resolve","timestamp":"2024-10-12T12:17:46.665Z"}
{"level":"info","message":"⌛ Building environment","timeElapsed":168,"timestamp":"2024-10-12T12:17:46.833Z"}
{"level":"info","message":"onRequest - completionItem/resolve","timestamp":"2024-10-12T12:17:46.839Z"}
{"level":"info","message":"⌛ Building environment","timeElapsed":173,"timestamp":"2024-10-12T12:17:47.012Z"}
{"level":"info","message":"onRequest - completionItem/resolve","timestamp":"2024-10-12T12:17:47.013Z"}
{"level":"info","message":"⌛ Building environment","timeElapsed":160,"timestamp":"2024-10-12T12:17:47.173Z"}
{"level":"info","message":"onRequest - completionItem/resolve","timestamp":"2024-10-12T12:17:47.174Z"}
{"level":"info","message":"⌛ Building environment","timeElapsed":163,"timestamp":"2024-10-12T12:17:47.337Z"}
{"level":"info","message":"onRequest - completionItem/resolve","timestamp":"2024-10-12T12:17:47.343Z"}
{"level":"info","message":"⌛ Validating objetos.wlk","timeElapsed":191,"timestamp":"2024-10-12T12:17:47.534Z"}
{"level":"info","message":"⌛ Building environment","timeElapsed":158,"timestamp":"2024-10-12T12:17:47.693Z"}
{"level":"info","message":"onRequest - completionItem/resolve","timestamp":"2024-10-12T12:17:47.694Z"}
{"level":"info","message":"⌛ Validating objetos.wlk","timeElapsed":185,"timestamp":"2024-10-12T12:17:47.879Z"}
{"level":"info","message":"⌛ Building environment","timeElapsed":158,"timestamp":"2024-10-12T12:17:48.039Z"}
{"level":"info","message":"onRequest - completionItem/resolve","timestamp":"2024-10-12T12:17:48.040Z"}
{"level":"info","message":"⌛ Validating objetos.wlk","timeElapsed":186,"timestamp":"2024-10-12T12:17:48.226Z"}
{"level":"info","message":"⌛ Building environment","timeElapsed":177,"timestamp":"2024-10-12T12:17:48.405Z"}
{"level":"info","message":"onRequest - completionItem/resolve","timestamp":"2024-10-12T12:17:48.405Z"}
{"level":"info","message":"⌛ Validating objetos.wlk","timeElapsed":210,"timestamp":"2024-10-12T12:17:48.616Z"}
{"level":"info","message":"⌛ Building environment","timeElapsed":161,"timestamp":"2024-10-12T12:17:48.777Z"}
{"level":"info","message":"onRequest - completionItem/resolve","timestamp":"2024-10-12T12:17:48.785Z"}
{"level":"info","message":"⌛ Validating objetos.wlk","timeElapsed":377,"timestamp":"2024-10-12T12:17:49.164Z"}
{"level":"info","message":"⌛ Validating objetos.wlk","timeElapsed":197,"timestamp":"2024-10-12T12:17:49.373Z"}
{"level":"info","message":"⌛ Validating objetos.wlk","timeElapsed":193,"timestamp":"2024-10-12T12:17:49.566Z"}
{"level":"info","message":"⌛ Building environment","timeElapsed":199,"timestamp":"2024-10-12T12:17:49.766Z"}
{"level":"info","message":"⌛ Validating objetos.wlk","timeElapsed":213,"timestamp":"2024-10-12T12:17:50.026Z"}
{"level":"info","message":"⌛ Building environment","timeElapsed":170,"timestamp":"2024-10-12T12:17:50.196Z"}
{"level":"info","message":"⌛ Building environment","timeElapsed":159,"timestamp":"2024-10-12T12:17:50.356Z"}
{"level":"info","message":"⌛ Validating objetos.wlk","timeElapsed":188,"timestamp":"2024-10-12T12:17:50.545Z"}
{"level":"info","message":"⌛ Building environment","timeElapsed":158,"timestamp":"2024-10-12T12:17:50.703Z"}
{"level":"info","message":"⌛ Building environment","timeElapsed":157,"timestamp":"2024-10-12T12:17:50.861Z"}
{"level":"info","message":"⌛ Building environment","timeElapsed":223,"timestamp":"2024-10-12T12:17:51.085Z"}
{"level":"info","message":"⌛ Building environment","timeElapsed":159,"timestamp":"2024-10-12T12:17:51.245Z"}
{"level":"info","message":"⌛ Validating objetos.wlk","timeElapsed":176,"timestamp":"2024-10-12T12:17:51.433Z"}
{"level":"info","message":"onRequest - completionItem/resolve","timestamp":"2024-10-12T12:17:51.433Z"}
{"level":"info","message":"⌛ Building environment","timeElapsed":160,"timestamp":"2024-10-12T12:17:51.593Z"}
{"level":"info","message":"⌛ Validating objetos.wlk","timeElapsed":191,"timestamp":"2024-10-12T12:17:51.785Z"}
{"level":"info","message":"⌛ Validating objetos.wlk","timeElapsed":182,"timestamp":"2024-10-12T12:17:51.979Z"}
{"level":"info","message":"⌛ Validating objetos.wlk","timeElapsed":185,"timestamp":"2024-10-12T12:17:52.165Z"}
{"level":"info","message":"⌛ Validating objetos.wlk","timeElapsed":204,"timestamp":"2024-10-12T12:17:52.369Z"}
{"level":"info","message":"⌛ Building environment","timeElapsed":167,"timestamp":"2024-10-12T12:17:52.537Z"}
{"level":"info","message":"⌛ Validating objetos.wlk","timeElapsed":196,"timestamp":"2024-10-12T12:17:52.733Z"}
{"level":"info","message":"⌛ Validating objetos.wlk","timeElapsed":186,"timestamp":"2024-10-12T12:17:52.919Z"}
{"level":"info","message":"⌛ Validating objetos.wlk","timeElapsed":183,"timestamp":"2024-10-12T12:17:53.114Z"}
{"level":"info","message":"⌛ Building environment","timeElapsed":159,"timestamp":"2024-10-12T12:17:53.275Z"}
{"level":"info","message":"⌛ Validating objetos.wlk","timeElapsed":183,"timestamp":"2024-10-12T12:17:53.458Z"}
{"level":"info","message":"⌛ Building environment","timeElapsed":167,"timestamp":"2024-10-12T12:17:53.626Z"}
{"level":"info","message":"⌛ Validating objetos.wlk","timeElapsed":195,"timestamp":"2024-10-12T12:17:53.830Z"}
{"level":"info","message":"⌛ Validating objetos.wlk","timeElapsed":205,"timestamp":"2024-10-12T12:17:54.036Z"}
{"level":"info","message":"⌛ Building environment","timeElapsed":180,"timestamp":"2024-10-12T12:17:59.895Z"}
{"level":"info","message":"⌛ Validating hector.wlk","timeElapsed":201,"timestamp":"2024-10-12T12:18:00.098Z"}
{"level":"info","message":"⌛ Building environment","timeElapsed":500,"timestamp":"2024-10-12T12:19:58.883Z"}
{"level":"info","message":"⌛ Validating hector.wlk","timeElapsed":440,"timestamp":"2024-10-12T12:19:59.411Z"}
{"level":"info","message":"⌛ Building environment","timeElapsed":292,"timestamp":"2024-10-12T12:20:20.265Z"}
{"level":"error","message":"✘ Completions for node failed: Error: [Send]{4d022a} at hector.wlk:90 exhausted all cases without a match [Send]{4d022a} at hector.wlk:90 exhausted all cases without a match","stack":"Error: [Send]{4d022a} at hector.wlk:90 exhausted all cases without a match\n    at /home/felipe/.vscode/extensions/uqbar.wollok-lsp-ide-0.3.6/out/server/src/server.js:38:6067\n    at yh (/home/felipe/.vscode/extensions/uqbar.wollok-lsp-ide-0.3.6/out/server/src/server.js:2291:42)\n    at kh (/home/felipe/.vscode/extensions/uqbar.wollok-lsp-ide-0.3.6/out/server/src/server.js:2291:1004)\n    at Y5n (/home/felipe/.vscode/extensions/uqbar.wollok-lsp-ide-0.3.6/out/server/src/server.js:2291:1160)\n    at /home/felipe/.vscode/extensions/uqbar.wollok-lsp-ide-0.3.6/out/server/src/server.js:38:6056\n    at yh (/home/felipe/.vscode/extensions/uqbar.wollok-lsp-ide-0.3.6/out/server/src/server.js:2291:42)\n    at /home/felipe/.vscode/extensions/uqbar.wollok-lsp-ide-0.3.6/out/server/src/server.js:2291:2700\n    at /home/felipe/.vscode/extensions/uqbar.wollok-lsp-ide-0.3.6/out/server/src/server.js:2298:3774\n    at /home/felipe/.vscode/extensions/uqbar.wollok-lsp-ide-0.3.6/out/server/src/server.js:37:74872\n    at Fe (/home/felipe/.vscode/extensions/uqbar.wollok-lsp-ide-0.3.6/out/server/src/server.js:7:8527)","timestamp":"2024-10-12T12:20:20.425Z"}
{"level":"error","message":"✘ Completions for node failed: Error: [Send]{587517} at hector.wlk:90 exhausted all cases without a match [Send]{587517} at hector.wlk:90 exhausted all cases without a match","stack":"Error: [Send]{587517} at hector.wlk:90 exhausted all cases without a match\n    at /home/felipe/.vscode/extensions/uqbar.wollok-lsp-ide-0.3.6/out/server/src/server.js:38:6067\n    at yh (/home/felipe/.vscode/extensions/uqbar.wollok-lsp-ide-0.3.6/out/server/src/server.js:2291:42)\n    at kh (/home/felipe/.vscode/extensions/uqbar.wollok-lsp-ide-0.3.6/out/server/src/server.js:2291:1004)\n    at yh (/home/felipe/.vscode/extensions/uqbar.wollok-lsp-ide-0.3.6/out/server/src/server.js:2291:456)\n    at kh (/home/felipe/.vscode/extensions/uqbar.wollok-lsp-ide-0.3.6/out/server/src/server.js:2291:1004)\n    at Y5n (/home/felipe/.vscode/extensions/uqbar.wollok-lsp-ide-0.3.6/out/server/src/server.js:2291:1160)\n    at /home/felipe/.vscode/extensions/uqbar.wollok-lsp-ide-0.3.6/out/server/src/server.js:38:6056\n    at yh (/home/felipe/.vscode/extensions/uqbar.wollok-lsp-ide-0.3.6/out/server/src/server.js:2291:42)\n    at /home/felipe/.vscode/extensions/uqbar.wollok-lsp-ide-0.3.6/out/server/src/server.js:2291:2700\n    at /home/felipe/.vscode/extensions/uqbar.wollok-lsp-ide-0.3.6/out/server/src/server.js:2298:3774","timestamp":"2024-10-12T12:20:20.426Z"}
{"level":"error","message":"✘ Completions for node failed: Error: [Send]{0d64a9} at hector.wlk:90 exhausted all cases without a match [Send]{0d64a9} at hector.wlk:90 exhausted all cases without a match","stack":"Error: [Send]{0d64a9} at hector.wlk:90 exhausted all cases without a match\n    at /home/felipe/.vscode/extensions/uqbar.wollok-lsp-ide-0.3.6/out/server/src/server.js:38:6067\n    at yh (/home/felipe/.vscode/extensions/uqbar.wollok-lsp-ide-0.3.6/out/server/src/server.js:2291:42)\n    at kh (/home/felipe/.vscode/extensions/uqbar.wollok-lsp-ide-0.3.6/out/server/src/server.js:2291:1004)\n    at yh (/home/felipe/.vscode/extensions/uqbar.wollok-lsp-ide-0.3.6/out/server/src/server.js:2291:456)\n    at kh (/home/felipe/.vscode/extensions/uqbar.wollok-lsp-ide-0.3.6/out/server/src/server.js:2291:1004)\n    at yh (/home/felipe/.vscode/extensions/uqbar.wollok-lsp-ide-0.3.6/out/server/src/server.js:2291:456)\n    at kh (/home/felipe/.vscode/extensions/uqbar.wollok-lsp-ide-0.3.6/out/server/src/server.js:2291:1004)\n    at Y5n (/home/felipe/.vscode/extensions/uqbar.wollok-lsp-ide-0.3.6/out/server/src/server.js:2291:1160)\n    at /home/felipe/.vscode/extensions/uqbar.wollok-lsp-ide-0.3.6/out/server/src/server.js:38:6056\n    at yh (/home/felipe/.vscode/extensions/uqbar.wollok-lsp-ide-0.3.6/out/server/src/server.js:2291:42)","timestamp":"2024-10-12T12:20:20.427Z"}
{"level":"error","message":"✘ Completions for node failed: Error: [Return]{e44178} at hector.wlk:90 exhausted all cases without a match [Return]{e44178} at hector.wlk:90 exhausted all cases without a match","stack":"Error: [Return]{e44178} at hector.wlk:90 exhausted all cases without a match\n    at /home/felipe/.vscode/extensions/uqbar.wollok-lsp-ide-0.3.6/out/server/src/server.js:38:6067\n    at yh (/home/felipe/.vscode/extensions/uqbar.wollok-lsp-ide-0.3.6/out/server/src/server.js:2291:42)\n    at kh (/home/felipe/.vscode/extensions/uqbar.wollok-lsp-ide-0.3.6/out/server/src/server.js:2291:1004)\n    at yh (/home/felipe/.vscode/extensions/uqbar.wollok-lsp-ide-0.3.6/out/server/src/server.js:2291:456)\n    at kh (/home/felipe/.vscode/extensions/uqbar.wollok-lsp-ide-0.3.6/out/server/src/server.js:2291:1004)\n    at yh (/home/felipe/.vscode/extensions/uqbar.wollok-lsp-ide-0.3.6/out/server/src/server.js:2291:456)\n    at kh (/home/felipe/.vscode/extensions/uqbar.wollok-lsp-ide-0.3.6/out/server/src/server.js:2291:1004)\n    at yh (/home/felipe/.vscode/extensions/uqbar.wollok-lsp-ide-0.3.6/out/server/src/server.js:2291:456)\n    at kh (/home/felipe/.vscode/extensions/uqbar.wollok-lsp-ide-0.3.6/out/server/src/server.js:2291:1004)\n    at Y5n (/home/felipe/.vscode/extensions/uqbar.wollok-lsp-ide-0.3.6/out/server/src/server.js:2291:1160)","timestamp":"2024-10-12T12:20:20.427Z"}
{"level":"info","message":"⌛ Autocomplete - Reference","timeElapsed":146,"timestamp":"2024-10-12T12:20:20.433Z"}
{"level":"info","message":"⌛ Building environment","timeElapsed":290,"timestamp":"2024-10-12T12:20:20.726Z"}
{"level":"info","message":"⌛ Validating hector.wlk","timeElapsed":348,"timestamp":"2024-10-12T12:20:21.077Z"}
{"level":"info","message":"onRequest - completionItem/resolve","timestamp":"2024-10-12T12:20:21.089Z"}
{"level":"info","message":"⌛ Validating hector.wlk","timeElapsed":365,"timestamp":"2024-10-12T12:20:21.455Z"}
{"level":"info","message":"⌛ Building environment","timeElapsed":382,"timestamp":"2024-10-12T12:20:21.841Z"}
{"level":"info","message":"onRequest - completionItem/resolve","timestamp":"2024-10-12T12:20:21.856Z"}
{"level":"info","message":"⌛ Building environment","timeElapsed":281,"timestamp":"2024-10-12T12:20:22.139Z"}
{"level":"info","message":"onRequest - completionItem/resolve","timestamp":"2024-10-12T12:20:22.140Z"}
{"level":"info","message":"⌛ Building environment","timeElapsed":385,"timestamp":"2024-10-12T12:20:22.527Z"}
{"level":"info","message":"onRequest - completionItem/resolve","timestamp":"2024-10-12T12:20:22.528Z"}
{"level":"info","message":"⌛ Building environment","timeElapsed":365,"timestamp":"2024-10-12T12:20:22.894Z"}
{"level":"info","message":"onRequest - completionItem/resolve","timestamp":"2024-10-12T12:20:22.898Z"}
{"level":"info","message":"⌛ Building environment","timeElapsed":273,"timestamp":"2024-10-12T12:20:23.171Z"}
{"level":"info","message":"onRequest - completionItem/resolve","timestamp":"2024-10-12T12:20:23.172Z"}
{"level":"info","message":"⌛ Building environment","timeElapsed":220,"timestamp":"2024-10-12T12:20:23.392Z"}
{"level":"info","message":"onRequest - completionItem/resolve","timestamp":"2024-10-12T12:20:23.393Z"}
{"level":"info","message":"⌛ Validating hector.wlk","timeElapsed":344,"timestamp":"2024-10-12T12:20:23.738Z"}
{"level":"info","message":"⌛ Validating hector.wlk","timeElapsed":385,"timestamp":"2024-10-12T12:20:24.198Z"}
{"level":"info","message":"⌛ Validating hector.wlk","timeElapsed":289,"timestamp":"2024-10-12T12:20:24.494Z"}
{"level":"info","message":"⌛ Validating hector.wlk","timeElapsed":284,"timestamp":"2024-10-12T12:20:24.779Z"}
{"level":"info","message":"⌛ Validating hector.wlk","timeElapsed":287,"timestamp":"2024-10-12T12:20:25.066Z"}
{"level":"info","message":"⌛ Validating hector.wlk","timeElapsed":305,"timestamp":"2024-10-12T12:20:25.375Z"}
{"level":"info","message":"⌛ Building environment","timeElapsed":284,"timestamp":"2024-10-12T12:20:42.676Z"}
{"level":"error","message":"✘ Completions for node failed: Error: [Send]{583ac6} at hector.wlk:91 exhausted all cases without a match [Send]{583ac6} at hector.wlk:91 exhausted all cases without a match","stack":"Error: [Send]{583ac6} at hector.wlk:91 exhausted all cases without a match\n    at /home/felipe/.vscode/extensions/uqbar.wollok-lsp-ide-0.3.6/out/server/src/server.js:38:6067\n    at yh (/home/felipe/.vscode/extensions/uqbar.wollok-lsp-ide-0.3.6/out/server/src/server.js:2291:42)\n    at kh (/home/felipe/.vscode/extensions/uqbar.wollok-lsp-ide-0.3.6/out/server/src/server.js:2291:1004)\n    at Y5n (/home/felipe/.vscode/extensions/uqbar.wollok-lsp-ide-0.3.6/out/server/src/server.js:2291:1160)\n    at /home/felipe/.vscode/extensions/uqbar.wollok-lsp-ide-0.3.6/out/server/src/server.js:38:6056\n    at yh (/home/felipe/.vscode/extensions/uqbar.wollok-lsp-ide-0.3.6/out/server/src/server.js:2291:42)\n    at /home/felipe/.vscode/extensions/uqbar.wollok-lsp-ide-0.3.6/out/server/src/server.js:2291:2700\n    at /home/felipe/.vscode/extensions/uqbar.wollok-lsp-ide-0.3.6/out/server/src/server.js:2298:3774\n    at /home/felipe/.vscode/extensions/uqbar.wollok-lsp-ide-0.3.6/out/server/src/server.js:37:74872\n    at Fe (/home/felipe/.vscode/extensions/uqbar.wollok-lsp-ide-0.3.6/out/server/src/server.js:7:8527)","timestamp":"2024-10-12T12:20:42.745Z"}
{"level":"error","message":"✘ Completions for node failed: Error: [Send]{d737e8} at hector.wlk:91 exhausted all cases without a match [Send]{d737e8} at hector.wlk:91 exhausted all cases without a match","stack":"Error: [Send]{d737e8} at hector.wlk:91 exhausted all cases without a match\n    at /home/felipe/.vscode/extensions/uqbar.wollok-lsp-ide-0.3.6/out/server/src/server.js:38:6067\n    at yh (/home/felipe/.vscode/extensions/uqbar.wollok-lsp-ide-0.3.6/out/server/src/server.js:2291:42)\n    at kh (/home/felipe/.vscode/extensions/uqbar.wollok-lsp-ide-0.3.6/out/server/src/server.js:2291:1004)\n    at yh (/home/felipe/.vscode/extensions/uqbar.wollok-lsp-ide-0.3.6/out/server/src/server.js:2291:456)\n    at kh (/home/felipe/.vscode/extensions/uqbar.wollok-lsp-ide-0.3.6/out/server/src/server.js:2291:1004)\n    at Y5n (/home/felipe/.vscode/extensions/uqbar.wollok-lsp-ide-0.3.6/out/server/src/server.js:2291:1160)\n    at /home/felipe/.vscode/extensions/uqbar.wollok-lsp-ide-0.3.6/out/server/src/server.js:38:6056\n    at yh (/home/felipe/.vscode/extensions/uqbar.wollok-lsp-ide-0.3.6/out/server/src/server.js:2291:42)\n    at /home/felipe/.vscode/extensions/uqbar.wollok-lsp-ide-0.3.6/out/server/src/server.js:2291:2700\n    at /home/felipe/.vscode/extensions/uqbar.wollok-lsp-ide-0.3.6/out/server/src/server.js:2298:3774","timestamp":"2024-10-12T12:20:42.746Z"}
{"level":"error","message":"✘ Completions for node failed: Error: [Send]{88992b} at hector.wlk:90 exhausted all cases without a match [Send]{88992b} at hector.wlk:90 exhausted all cases without a match","stack":"Error: [Send]{88992b} at hector.wlk:90 exhausted all cases without a match\n    at /home/felipe/.vscode/extensions/uqbar.wollok-lsp-ide-0.3.6/out/server/src/server.js:38:6067\n    at yh (/home/felipe/.vscode/extensions/uqbar.wollok-lsp-ide-0.3.6/out/server/src/server.js:2291:42)\n    at kh (/home/felipe/.vscode/extensions/uqbar.wollok-lsp-ide-0.3.6/out/server/src/server.js:2291:1004)\n    at yh (/home/felipe/.vscode/extensions/uqbar.wollok-lsp-ide-0.3.6/out/server/src/server.js:2291:456)\n    at kh (/home/felipe/.vscode/extensions/uqbar.wollok-lsp-ide-0.3.6/out/server/src/server.js:2291:1004)\n    at yh (/home/felipe/.vscode/extensions/uqbar.wollok-lsp-ide-0.3.6/out/server/src/server.js:2291:456)\n    at kh (/home/felipe/.vscode/extensions/uqbar.wollok-lsp-ide-0.3.6/out/server/src/server.js:2291:1004)\n    at Y5n (/home/felipe/.vscode/extensions/uqbar.wollok-lsp-ide-0.3.6/out/server/src/server.js:2291:1160)\n    at /home/felipe/.vscode/extensions/uqbar.wollok-lsp-ide-0.3.6/out/server/src/server.js:38:6056\n    at yh (/home/felipe/.vscode/extensions/uqbar.wollok-lsp-ide-0.3.6/out/server/src/server.js:2291:42)","timestamp":"2024-10-12T12:20:42.746Z"}
{"level":"error","message":"✘ Completions for node failed: Error: [Send]{48af84} at hector.wlk:90 exhausted all cases without a match [Send]{48af84} at hector.wlk:90 exhausted all cases without a match","stack":"Error: [Send]{48af84} at hector.wlk:90 exhausted all cases without a match\n    at /home/felipe/.vscode/extensions/uqbar.wollok-lsp-ide-0.3.6/out/server/src/server.js:38:6067\n    at yh (/home/felipe/.vscode/extensions/uqbar.wollok-lsp-ide-0.3.6/out/server/src/server.js:2291:42)\n    at kh (/home/felipe/.vscode/extensions/uqbar.wollok-lsp-ide-0.3.6/out/server/src/server.js:2291:1004)\n    at yh (/home/felipe/.vscode/extensions/uqbar.wollok-lsp-ide-0.3.6/out/server/src/server.js:2291:456)\n    at kh (/home/felipe/.vscode/extensions/uqbar.wollok-lsp-ide-0.3.6/out/server/src/server.js:2291:1004)\n    at yh (/home/felipe/.vscode/extensions/uqbar.wollok-lsp-ide-0.3.6/out/server/src/server.js:2291:456)\n    at kh (/home/felipe/.vscode/extensions/uqbar.wollok-lsp-ide-0.3.6/out/server/src/server.js:2291:1004)\n    at yh (/home/felipe/.vscode/extensions/uqbar.wollok-lsp-ide-0.3.6/out/server/src/server.js:2291:456)\n    at kh (/home/felipe/.vscode/extensions/uqbar.wollok-lsp-ide-0.3.6/out/server/src/server.js:2291:1004)\n    at Y5n (/home/felipe/.vscode/extensions/uqbar.wollok-lsp-ide-0.3.6/out/server/src/server.js:2291:1160)","timestamp":"2024-10-12T12:20:42.746Z"}
{"level":"error","message":"✘ Completions for node failed: Error: [Return]{db1cbf} at hector.wlk:90 exhausted all cases without a match [Return]{db1cbf} at hector.wlk:90 exhausted all cases without a match","stack":"Error: [Return]{db1cbf} at hector.wlk:90 exhausted all cases without a match\n    at /home/felipe/.vscode/extensions/uqbar.wollok-lsp-ide-0.3.6/out/server/src/server.js:38:6067\n    at yh (/home/felipe/.vscode/extensions/uqbar.wollok-lsp-ide-0.3.6/out/server/src/server.js:2291:42)\n    at kh (/home/felipe/.vscode/extensions/uqbar.wollok-lsp-ide-0.3.6/out/server/src/server.js:2291:1004)\n    at yh (/home/felipe/.vscode/extensions/uqbar.wollok-lsp-ide-0.3.6/out/server/src/server.js:2291:456)\n    at kh (/home/felipe/.vscode/extensions/uqbar.wollok-lsp-ide-0.3.6/out/server/src/server.js:2291:1004)\n    at yh (/home/felipe/.vscode/extensions/uqbar.wollok-lsp-ide-0.3.6/out/server/src/server.js:2291:456)\n    at kh (/home/felipe/.vscode/extensions/uqbar.wollok-lsp-ide-0.3.6/out/server/src/server.js:2291:1004)\n    at yh (/home/felipe/.vscode/extensions/uqbar.wollok-lsp-ide-0.3.6/out/server/src/server.js:2291:456)\n    at kh (/home/felipe/.vscode/extensions/uqbar.wollok-lsp-ide-0.3.6/out/server/src/server.js:2291:1004)\n    at yh (/home/felipe/.vscode/extensions/uqbar.wollok-lsp-ide-0.3.6/out/server/src/server.js:2291:456)","timestamp":"2024-10-12T12:20:42.747Z"}
{"level":"info","message":"⌛ Building environment","timeElapsed":261,"timestamp":"2024-10-12T12:20:43.022Z"}
{"level":"info","message":"⌛ Validating hector.wlk","timeElapsed":330,"timestamp":"2024-10-12T12:20:43.355Z"}
{"level":"info","message":"⌛ Building environment","timeElapsed":237,"timestamp":"2024-10-12T12:20:43.593Z"}
{"level":"info","message":"onRequest - completionItem/resolve","timestamp":"2024-10-12T12:20:43.593Z"}
{"level":"info","message":"⌛ Building environment","timeElapsed":209,"timestamp":"2024-10-12T12:20:43.803Z"}
{"level":"info","message":"onRequest - completionItem/resolve","timestamp":"2024-10-12T12:20:43.804Z"}
{"level":"info","message":"⌛ Building environment","timeElapsed":248,"timestamp":"2024-10-12T12:20:44.053Z"}
{"level":"info","message":"onRequest - completionItem/resolve","timestamp":"2024-10-12T12:20:44.062Z"}
{"level":"info","message":"⌛ Validating hector.wlk","timeElapsed":312,"timestamp":"2024-10-12T12:20:44.374Z"}
{"level":"info","message":"⌛ Building environment","timeElapsed":262,"timestamp":"2024-10-12T12:20:44.637Z"}
{"level":"info","message":"onRequest - completionItem/resolve","timestamp":"2024-10-12T12:20:44.640Z"}
{"level":"info","message":"⌛ Building environment","timeElapsed":341,"timestamp":"2024-10-12T12:20:44.982Z"}
{"level":"info","message":"onRequest - completionItem/resolve","timestamp":"2024-10-12T12:20:44.983Z"}
{"level":"info","message":"⌛ Building environment","timeElapsed":213,"timestamp":"2024-10-12T12:20:45.197Z"}
{"level":"info","message":"onRequest - completionItem/resolve","timestamp":"2024-10-12T12:20:45.206Z"}
{"level":"info","message":"⌛ Validating hector.wlk","timeElapsed":316,"timestamp":"2024-10-12T12:20:45.522Z"}
{"level":"info","message":"⌛ Validating hector.wlk","timeElapsed":311,"timestamp":"2024-10-12T12:20:45.842Z"}
{"level":"info","message":"⌛ Validating hector.wlk","timeElapsed":301,"timestamp":"2024-10-12T12:20:46.143Z"}
{"level":"info","message":"⌛ Validating hector.wlk","timeElapsed":320,"timestamp":"2024-10-12T12:20:46.465Z"}
{"level":"info","message":"⌛ Validating hector.wlk","timeElapsed":295,"timestamp":"2024-10-12T12:20:46.761Z"}
{"level":"info","message":"⌛ Validating hector.wlk","timeElapsed":294,"timestamp":"2024-10-12T12:20:47.055Z"}
{"level":"info","message":"⌛ Building environment","timeElapsed":349,"timestamp":"2024-10-12T12:21:53.629Z"}
{"level":"error","message":"✘ Completions for node failed: Error: [Send]{90f420} at hector.wlk:86 exhausted all cases without a match [Send]{90f420} at hector.wlk:86 exhausted all cases without a match","stack":"Error: [Send]{90f420} at hector.wlk:86 exhausted all cases without a match\n    at /home/felipe/.vscode/extensions/uqbar.wollok-lsp-ide-0.3.6/out/server/src/server.js:38:6067\n    at yh (/home/felipe/.vscode/extensions/uqbar.wollok-lsp-ide-0.3.6/out/server/src/server.js:2291:42)\n    at kh (/home/felipe/.vscode/extensions/uqbar.wollok-lsp-ide-0.3.6/out/server/src/server.js:2291:1004)\n    at Y5n (/home/felipe/.vscode/extensions/uqbar.wollok-lsp-ide-0.3.6/out/server/src/server.js:2291:1160)\n    at /home/felipe/.vscode/extensions/uqbar.wollok-lsp-ide-0.3.6/out/server/src/server.js:38:6056\n    at yh (/home/felipe/.vscode/extensions/uqbar.wollok-lsp-ide-0.3.6/out/server/src/server.js:2291:42)\n    at /home/felipe/.vscode/extensions/uqbar.wollok-lsp-ide-0.3.6/out/server/src/server.js:2291:2700\n    at /home/felipe/.vscode/extensions/uqbar.wollok-lsp-ide-0.3.6/out/server/src/server.js:2298:3774\n    at /home/felipe/.vscode/extensions/uqbar.wollok-lsp-ide-0.3.6/out/server/src/server.js:37:74872\n    at Fe (/home/felipe/.vscode/extensions/uqbar.wollok-lsp-ide-0.3.6/out/server/src/server.js:7:8527)","timestamp":"2024-10-12T12:21:53.766Z"}
{"level":"error","message":"✘ Completions for node failed: Error: [Send]{0d41d1} at hector.wlk:86 exhausted all cases without a match [Send]{0d41d1} at hector.wlk:86 exhausted all cases without a match","stack":"Error: [Send]{0d41d1} at hector.wlk:86 exhausted all cases without a match\n    at /home/felipe/.vscode/extensions/uqbar.wollok-lsp-ide-0.3.6/out/server/src/server.js:38:6067\n    at yh (/home/felipe/.vscode/extensions/uqbar.wollok-lsp-ide-0.3.6/out/server/src/server.js:2291:42)\n    at kh (/home/felipe/.vscode/extensions/uqbar.wollok-lsp-ide-0.3.6/out/server/src/server.js:2291:1004)\n    at yh (/home/felipe/.vscode/extensions/uqbar.wollok-lsp-ide-0.3.6/out/server/src/server.js:2291:456)\n    at kh (/home/felipe/.vscode/extensions/uqbar.wollok-lsp-ide-0.3.6/out/server/src/server.js:2291:1004)\n    at Y5n (/home/felipe/.vscode/extensions/uqbar.wollok-lsp-ide-0.3.6/out/server/src/server.js:2291:1160)\n    at /home/felipe/.vscode/extensions/uqbar.wollok-lsp-ide-0.3.6/out/server/src/server.js:38:6056\n    at yh (/home/felipe/.vscode/extensions/uqbar.wollok-lsp-ide-0.3.6/out/server/src/server.js:2291:42)\n    at /home/felipe/.vscode/extensions/uqbar.wollok-lsp-ide-0.3.6/out/server/src/server.js:2291:2700\n    at /home/felipe/.vscode/extensions/uqbar.wollok-lsp-ide-0.3.6/out/server/src/server.js:2298:3774","timestamp":"2024-10-12T12:21:53.767Z"}
{"level":"error","message":"✘ Completions for node failed: Error: [Send]{5f237f} at hector.wlk:86 exhausted all cases without a match [Send]{5f237f} at hector.wlk:86 exhausted all cases without a match","stack":"Error: [Send]{5f237f} at hector.wlk:86 exhausted all cases without a match\n    at /home/felipe/.vscode/extensions/uqbar.wollok-lsp-ide-0.3.6/out/server/src/server.js:38:6067\n    at yh (/home/felipe/.vscode/extensions/uqbar.wollok-lsp-ide-0.3.6/out/server/src/server.js:2291:42)\n    at kh (/home/felipe/.vscode/extensions/uqbar.wollok-lsp-ide-0.3.6/out/server/src/server.js:2291:1004)\n    at yh (/home/felipe/.vscode/extensions/uqbar.wollok-lsp-ide-0.3.6/out/server/src/server.js:2291:456)\n    at kh (/home/felipe/.vscode/extensions/uqbar.wollok-lsp-ide-0.3.6/out/server/src/server.js:2291:1004)\n    at yh (/home/felipe/.vscode/extensions/uqbar.wollok-lsp-ide-0.3.6/out/server/src/server.js:2291:456)\n    at kh (/home/felipe/.vscode/extensions/uqbar.wollok-lsp-ide-0.3.6/out/server/src/server.js:2291:1004)\n    at Y5n (/home/felipe/.vscode/extensions/uqbar.wollok-lsp-ide-0.3.6/out/server/src/server.js:2291:1160)\n    at /home/felipe/.vscode/extensions/uqbar.wollok-lsp-ide-0.3.6/out/server/src/server.js:38:6056\n    at yh (/home/felipe/.vscode/extensions/uqbar.wollok-lsp-ide-0.3.6/out/server/src/server.js:2291:42)","timestamp":"2024-10-12T12:21:53.767Z"}
{"level":"error","message":"✘ Completions for node failed: Error: [Return]{0eadf0} at hector.wlk:86 exhausted all cases without a match [Return]{0eadf0} at hector.wlk:86 exhausted all cases without a match","stack":"Error: [Return]{0eadf0} at hector.wlk:86 exhausted all cases without a match\n    at /home/felipe/.vscode/extensions/uqbar.wollok-lsp-ide-0.3.6/out/server/src/server.js:38:6067\n    at yh (/home/felipe/.vscode/extensions/uqbar.wollok-lsp-ide-0.3.6/out/server/src/server.js:2291:42)\n    at kh (/home/felipe/.vscode/extensions/uqbar.wollok-lsp-ide-0.3.6/out/server/src/server.js:2291:1004)\n    at yh (/home/felipe/.vscode/extensions/uqbar.wollok-lsp-ide-0.3.6/out/server/src/server.js:2291:456)\n    at kh (/home/felipe/.vscode/extensions/uqbar.wollok-lsp-ide-0.3.6/out/server/src/server.js:2291:1004)\n    at yh (/home/felipe/.vscode/extensions/uqbar.wollok-lsp-ide-0.3.6/out/server/src/server.js:2291:456)\n    at kh (/home/felipe/.vscode/extensions/uqbar.wollok-lsp-ide-0.3.6/out/server/src/server.js:2291:1004)\n    at yh (/home/felipe/.vscode/extensions/uqbar.wollok-lsp-ide-0.3.6/out/server/src/server.js:2291:456)\n    at kh (/home/felipe/.vscode/extensions/uqbar.wollok-lsp-ide-0.3.6/out/server/src/server.js:2291:1004)\n    at Y5n (/home/felipe/.vscode/extensions/uqbar.wollok-lsp-ide-0.3.6/out/server/src/server.js:2291:1160)","timestamp":"2024-10-12T12:21:53.767Z"}
{"level":"info","message":"⌛ Autocomplete - Reference","timeElapsed":131,"timestamp":"2024-10-12T12:21:53.773Z"}
{"level":"info","message":"⌛ Building environment","timeElapsed":364,"timestamp":"2024-10-12T12:21:54.139Z"}
{"level":"info","message":"⌛ Building environment","timeElapsed":247,"timestamp":"2024-10-12T12:21:54.388Z"}
{"level":"info","message":"⌛ Validating hector.wlk","timeElapsed":347,"timestamp":"2024-10-12T12:21:54.738Z"}
{"level":"info","message":"⌛ Building environment","timeElapsed":409,"timestamp":"2024-10-12T12:21:55.149Z"}
{"level":"info","message":"onRequest - completionItem/resolve","timestamp":"2024-10-12T12:21:55.151Z"}
{"level":"info","message":"⌛ Building environment","timeElapsed":278,"timestamp":"2024-10-12T12:21:55.430Z"}
{"level":"info","message":"onRequest - completionItem/resolve","timestamp":"2024-10-12T12:21:55.438Z"}
{"level":"info","message":"⌛ Building environment","timeElapsed":276,"timestamp":"2024-10-12T12:21:55.714Z"}
{"level":"info","message":"onRequest - completionItem/resolve","timestamp":"2024-10-12T12:21:55.717Z"}
{"level":"info","message":"⌛ Building environment","timeElapsed":476,"timestamp":"2024-10-12T12:21:56.195Z"}
{"level":"info","message":"onRequest - completionItem/resolve","timestamp":"2024-10-12T12:21:56.198Z"}
{"level":"info","message":"⌛ Validating hector.wlk","timeElapsed":338,"timestamp":"2024-10-12T12:21:56.536Z"}
{"level":"info","message":"⌛ Building environment","timeElapsed":265,"timestamp":"2024-10-12T12:21:56.802Z"}
{"level":"info","message":"onRequest - completionItem/resolve","timestamp":"2024-10-12T12:21:56.815Z"}
{"level":"info","message":"⌛ Validating hector.wlk","timeElapsed":347,"timestamp":"2024-10-12T12:21:57.163Z"}
{"level":"info","message":"⌛ Validating hector.wlk","timeElapsed":430,"timestamp":"2024-10-12T12:21:57.660Z"}
{"level":"info","message":"⌛ Validating hector.wlk","timeElapsed":298,"timestamp":"2024-10-12T12:21:57.959Z"}
{"level":"info","message":"⌛ Validating hector.wlk","timeElapsed":277,"timestamp":"2024-10-12T12:21:58.238Z"}
{"level":"info","message":"⌛ Validating hector.wlk","timeElapsed":317,"timestamp":"2024-10-12T12:21:58.614Z"}
{"level":"info","message":"⌛ Building environment","timeElapsed":268,"timestamp":"2024-10-12T12:21:58.884Z"}
{"level":"error","message":"✘ Completions for node failed: Error: [Send]{f66369} at hector.wlk:86 exhausted all cases without a match [Send]{f66369} at hector.wlk:86 exhausted all cases without a match","stack":"Error: [Send]{f66369} at hector.wlk:86 exhausted all cases without a match\n    at /home/felipe/.vscode/extensions/uqbar.wollok-lsp-ide-0.3.6/out/server/src/server.js:38:6067\n    at yh (/home/felipe/.vscode/extensions/uqbar.wollok-lsp-ide-0.3.6/out/server/src/server.js:2291:42)\n    at kh (/home/felipe/.vscode/extensions/uqbar.wollok-lsp-ide-0.3.6/out/server/src/server.js:2291:1004)\n    at Y5n (/home/felipe/.vscode/extensions/uqbar.wollok-lsp-ide-0.3.6/out/server/src/server.js:2291:1160)\n    at /home/felipe/.vscode/extensions/uqbar.wollok-lsp-ide-0.3.6/out/server/src/server.js:38:6056\n    at yh (/home/felipe/.vscode/extensions/uqbar.wollok-lsp-ide-0.3.6/out/server/src/server.js:2291:42)\n    at /home/felipe/.vscode/extensions/uqbar.wollok-lsp-ide-0.3.6/out/server/src/server.js:2291:2700\n    at /home/felipe/.vscode/extensions/uqbar.wollok-lsp-ide-0.3.6/out/server/src/server.js:2298:3774\n    at /home/felipe/.vscode/extensions/uqbar.wollok-lsp-ide-0.3.6/out/server/src/server.js:37:74872\n    at Fe (/home/felipe/.vscode/extensions/uqbar.wollok-lsp-ide-0.3.6/out/server/src/server.js:7:8527)","timestamp":"2024-10-12T12:21:58.933Z"}
{"level":"error","message":"✘ Completions for node failed: Error: [Send]{e18dc3} at hector.wlk:86 exhausted all cases without a match [Send]{e18dc3} at hector.wlk:86 exhausted all cases without a match","stack":"Error: [Send]{e18dc3} at hector.wlk:86 exhausted all cases without a match\n    at /home/felipe/.vscode/extensions/uqbar.wollok-lsp-ide-0.3.6/out/server/src/server.js:38:6067\n    at yh (/home/felipe/.vscode/extensions/uqbar.wollok-lsp-ide-0.3.6/out/server/src/server.js:2291:42)\n    at kh (/home/felipe/.vscode/extensions/uqbar.wollok-lsp-ide-0.3.6/out/server/src/server.js:2291:1004)\n    at yh (/home/felipe/.vscode/extensions/uqbar.wollok-lsp-ide-0.3.6/out/server/src/server.js:2291:456)\n    at kh (/home/felipe/.vscode/extensions/uqbar.wollok-lsp-ide-0.3.6/out/server/src/server.js:2291:1004)\n    at Y5n (/home/felipe/.vscode/extensions/uqbar.wollok-lsp-ide-0.3.6/out/server/src/server.js:2291:1160)\n    at /home/felipe/.vscode/extensions/uqbar.wollok-lsp-ide-0.3.6/out/server/src/server.js:38:6056\n    at yh (/home/felipe/.vscode/extensions/uqbar.wollok-lsp-ide-0.3.6/out/server/src/server.js:2291:42)\n    at /home/felipe/.vscode/extensions/uqbar.wollok-lsp-ide-0.3.6/out/server/src/server.js:2291:2700\n    at /home/felipe/.vscode/extensions/uqbar.wollok-lsp-ide-0.3.6/out/server/src/server.js:2298:3774","timestamp":"2024-10-12T12:21:58.934Z"}
{"level":"error","message":"✘ Completions for node failed: Error: [Return]{fbe078} at hector.wlk:86 exhausted all cases without a match [Return]{fbe078} at hector.wlk:86 exhausted all cases without a match","stack":"Error: [Return]{fbe078} at hector.wlk:86 exhausted all cases without a match\n    at /home/felipe/.vscode/extensions/uqbar.wollok-lsp-ide-0.3.6/out/server/src/server.js:38:6067\n    at yh (/home/felipe/.vscode/extensions/uqbar.wollok-lsp-ide-0.3.6/out/server/src/server.js:2291:42)\n    at kh (/home/felipe/.vscode/extensions/uqbar.wollok-lsp-ide-0.3.6/out/server/src/server.js:2291:1004)\n    at yh (/home/felipe/.vscode/extensions/uqbar.wollok-lsp-ide-0.3.6/out/server/src/server.js:2291:456)\n    at kh (/home/felipe/.vscode/extensions/uqbar.wollok-lsp-ide-0.3.6/out/server/src/server.js:2291:1004)\n    at yh (/home/felipe/.vscode/extensions/uqbar.wollok-lsp-ide-0.3.6/out/server/src/server.js:2291:456)\n    at kh (/home/felipe/.vscode/extensions/uqbar.wollok-lsp-ide-0.3.6/out/server/src/server.js:2291:1004)\n    at Y5n (/home/felipe/.vscode/extensions/uqbar.wollok-lsp-ide-0.3.6/out/server/src/server.js:2291:1160)\n    at /home/felipe/.vscode/extensions/uqbar.wollok-lsp-ide-0.3.6/out/server/src/server.js:38:6056\n    at yh (/home/felipe/.vscode/extensions/uqbar.wollok-lsp-ide-0.3.6/out/server/src/server.js:2291:42)","timestamp":"2024-10-12T12:21:58.934Z"}
{"level":"info","message":"⌛ Validating hector.wlk","timeElapsed":432,"timestamp":"2024-10-12T12:21:59.372Z"}
{"level":"info","message":"⌛ Building environment","timeElapsed":265,"timestamp":"2024-10-12T12:21:59.638Z"}
{"level":"info","message":"⌛ Building environment","timeElapsed":240,"timestamp":"2024-10-12T12:21:59.879Z"}
{"level":"info","message":"⌛ Building environment","timeElapsed":234,"timestamp":"2024-10-12T12:22:00.113Z"}
{"level":"info","message":"⌛ Building environment","timeElapsed":241,"timestamp":"2024-10-12T12:22:00.355Z"}
{"level":"info","message":"⌛ Building environment","timeElapsed":225,"timestamp":"2024-10-12T12:22:00.581Z"}
{"level":"info","message":"⌛ Building environment","timeElapsed":326,"timestamp":"2024-10-12T12:22:00.908Z"}
{"level":"info","message":"⌛ Building environment","timeElapsed":323,"timestamp":"2024-10-12T12:22:01.232Z"}
{"level":"info","message":"⌛ Validating hector.wlk","timeElapsed":282,"timestamp":"2024-10-12T12:22:01.532Z"}
{"level":"info","message":"onRequest - completionItem/resolve","timestamp":"2024-10-12T12:22:01.532Z"}
{"level":"info","message":"⌛ Validating hector.wlk","timeElapsed":313,"timestamp":"2024-10-12T12:22:01.846Z"}
{"level":"info","message":"⌛ Validating hector.wlk","timeElapsed":342,"timestamp":"2024-10-12T12:22:02.189Z"}
{"level":"info","message":"⌛ Validating hector.wlk","timeElapsed":305,"timestamp":"2024-10-12T12:22:02.497Z"}
{"level":"info","message":"⌛ Validating hector.wlk","timeElapsed":298,"timestamp":"2024-10-12T12:22:02.795Z"}
{"level":"info","message":"⌛ Validating hector.wlk","timeElapsed":316,"timestamp":"2024-10-12T12:22:03.111Z"}
{"level":"info","message":"⌛ Validating hector.wlk","timeElapsed":343,"timestamp":"2024-10-12T12:22:03.455Z"}
{"level":"info","message":"⌛ Validating hector.wlk","timeElapsed":306,"timestamp":"2024-10-12T12:22:03.763Z"}
{"exitCode":"SIGHUP","level":"info","message":"👾 Game executed game.farmville on /home/felipe/Documents/Universidad/Proramacion_Con_Objetos_1/2024s2-granja-villa-FeliQI-main/2024s2-granja-villa-FeliQI-5","timeElapsed":239281,"timestamp":"2024-10-12T12:22:03.960Z"}
{"level":"info","message":"⌛ Building environment","timeElapsed":260,"timestamp":"2024-10-12T12:22:10.871Z"}
{"level":"info","message":"⌛ Validating hector.wlk","timeElapsed":221,"timestamp":"2024-10-12T12:22:11.094Z"}
{"level":"info","message":"⌛ Building environment","timeElapsed":196,"timestamp":"2024-10-12T12:22:13.193Z"}
{"level":"info","message":"⌛ Validating hector.wlk","timeElapsed":223,"timestamp":"2024-10-12T12:22:13.422Z"}
{"level":"info","message":"⌛ Building environment","timeElapsed":224,"timestamp":"2024-10-12T12:22:21.587Z"}
{"level":"error","message":"✘ Completions for node failed: Error: [Send]{ca15aa} at hector.wlk:103 exhausted all cases without a match [Send]{ca15aa} at hector.wlk:103 exhausted all cases without a match","stack":"Error: [Send]{ca15aa} at hector.wlk:103 exhausted all cases without a match\n    at /home/felipe/.vscode/extensions/uqbar.wollok-lsp-ide-0.3.6/out/server/src/server.js:38:6067\n    at yh (/home/felipe/.vscode/extensions/uqbar.wollok-lsp-ide-0.3.6/out/server/src/server.js:2291:42)\n    at kh (/home/felipe/.vscode/extensions/uqbar.wollok-lsp-ide-0.3.6/out/server/src/server.js:2291:1004)\n    at Y5n (/home/felipe/.vscode/extensions/uqbar.wollok-lsp-ide-0.3.6/out/server/src/server.js:2291:1160)\n    at /home/felipe/.vscode/extensions/uqbar.wollok-lsp-ide-0.3.6/out/server/src/server.js:38:6056\n    at yh (/home/felipe/.vscode/extensions/uqbar.wollok-lsp-ide-0.3.6/out/server/src/server.js:2291:42)\n    at /home/felipe/.vscode/extensions/uqbar.wollok-lsp-ide-0.3.6/out/server/src/server.js:2291:2700\n    at /home/felipe/.vscode/extensions/uqbar.wollok-lsp-ide-0.3.6/out/server/src/server.js:2298:3774\n    at /home/felipe/.vscode/extensions/uqbar.wollok-lsp-ide-0.3.6/out/server/src/server.js:37:74872\n    at Fe (/home/felipe/.vscode/extensions/uqbar.wollok-lsp-ide-0.3.6/out/server/src/server.js:7:8527)","timestamp":"2024-10-12T12:22:21.636Z"}
{"level":"error","message":"✘ Completions for node failed: Error: [Send]{d3573c} at hector.wlk:103 exhausted all cases without a match [Send]{d3573c} at hector.wlk:103 exhausted all cases without a match","stack":"Error: [Send]{d3573c} at hector.wlk:103 exhausted all cases without a match\n    at /home/felipe/.vscode/extensions/uqbar.wollok-lsp-ide-0.3.6/out/server/src/server.js:38:6067\n    at yh (/home/felipe/.vscode/extensions/uqbar.wollok-lsp-ide-0.3.6/out/server/src/server.js:2291:42)\n    at kh (/home/felipe/.vscode/extensions/uqbar.wollok-lsp-ide-0.3.6/out/server/src/server.js:2291:1004)\n    at yh (/home/felipe/.vscode/extensions/uqbar.wollok-lsp-ide-0.3.6/out/server/src/server.js:2291:456)\n    at kh (/home/felipe/.vscode/extensions/uqbar.wollok-lsp-ide-0.3.6/out/server/src/server.js:2291:1004)\n    at Y5n (/home/felipe/.vscode/extensions/uqbar.wollok-lsp-ide-0.3.6/out/server/src/server.js:2291:1160)\n    at /home/felipe/.vscode/extensions/uqbar.wollok-lsp-ide-0.3.6/out/server/src/server.js:38:6056\n    at yh (/home/felipe/.vscode/extensions/uqbar.wollok-lsp-ide-0.3.6/out/server/src/server.js:2291:42)\n    at /home/felipe/.vscode/extensions/uqbar.wollok-lsp-ide-0.3.6/out/server/src/server.js:2291:2700\n    at /home/felipe/.vscode/extensions/uqbar.wollok-lsp-ide-0.3.6/out/server/src/server.js:2298:3774","timestamp":"2024-10-12T12:22:21.636Z"}
{"level":"error","message":"✘ Completions for node failed: Error: [If]{962f61} at hector.wlk:101 exhausted all cases without a match [If]{962f61} at hector.wlk:101 exhausted all cases without a match","stack":"Error: [If]{962f61} at hector.wlk:101 exhausted all cases without a match\n    at /home/felipe/.vscode/extensions/uqbar.wollok-lsp-ide-0.3.6/out/server/src/server.js:38:6067\n    at yh (/home/felipe/.vscode/extensions/uqbar.wollok-lsp-ide-0.3.6/out/server/src/server.js:2291:42)\n    at kh (/home/felipe/.vscode/extensions/uqbar.wollok-lsp-ide-0.3.6/out/server/src/server.js:2291:1004)\n    at z5n (/home/felipe/.vscode/extensions/uqbar.wollok-lsp-ide-0.3.6/out/server/src/server.js:2291:730)\n    at /home/felipe/.vscode/extensions/uqbar.wollok-lsp-ide-0.3.6/out/server/src/server.js:38:6056\n    at yh (/home/felipe/.vscode/extensions/uqbar.wollok-lsp-ide-0.3.6/out/server/src/server.js:2291:42)\n    at kh (/home/felipe/.vscode/extensions/uqbar.wollok-lsp-ide-0.3.6/out/server/src/server.js:2291:1004)\n    at yh (/home/felipe/.vscode/extensions/uqbar.wollok-lsp-ide-0.3.6/out/server/src/server.js:2291:456)\n    at kh (/home/felipe/.vscode/extensions/uqbar.wollok-lsp-ide-0.3.6/out/server/src/server.js:2291:1004)\n    at yh (/home/felipe/.vscode/extensions/uqbar.wollok-lsp-ide-0.3.6/out/server/src/server.js:2291:456)","timestamp":"2024-10-12T12:22:21.637Z"}
{"level":"info","message":"⌛ Building environment","timeElapsed":219,"timestamp":"2024-10-12T12:22:21.867Z"}
{"level":"info","message":"⌛ Validating hector.wlk","timeElapsed":271,"timestamp":"2024-10-12T12:22:22.140Z"}
{"level":"info","message":"onRequest - completionItem/resolve","timestamp":"2024-10-12T12:22:22.140Z"}
{"level":"info","message":"⌛ Validating hector.wlk","timeElapsed":258,"timestamp":"2024-10-12T12:22:22.398Z"}
{"level":"info","message":"⌛ Building environment","timeElapsed":224,"timestamp":"2024-10-12T12:22:22.631Z"}
{"level":"info","message":"onRequest - completionItem/resolve","timestamp":"2024-10-12T12:22:22.632Z"}
{"level":"info","message":"⌛ Building environment","timeElapsed":210,"timestamp":"2024-10-12T12:22:22.843Z"}
{"level":"info","message":"onRequest - completionItem/resolve","timestamp":"2024-10-12T12:22:22.844Z"}
{"level":"info","message":"⌛ Building environment","timeElapsed":201,"timestamp":"2024-10-12T12:22:23.045Z"}
{"level":"info","message":"onRequest - completionItem/resolve","timestamp":"2024-10-12T12:22:23.046Z"}
{"level":"info","message":"⌛ Building environment","timeElapsed":202,"timestamp":"2024-10-12T12:22:23.248Z"}
{"level":"info","message":"onRequest - completionItem/resolve","timestamp":"2024-10-12T12:22:23.249Z"}
{"level":"info","message":"⌛ Building environment","timeElapsed":223,"timestamp":"2024-10-12T12:22:23.473Z"}
{"level":"info","message":"onRequest - completionItem/resolve","timestamp":"2024-10-12T12:22:23.482Z"}
{"level":"info","message":"⌛ Validating hector.wlk","timeElapsed":274,"timestamp":"2024-10-12T12:22:23.757Z"}
{"level":"info","message":"⌛ Building environment","timeElapsed":201,"timestamp":"2024-10-12T12:22:23.958Z"}
{"level":"info","message":"onRequest - completionItem/resolve","timestamp":"2024-10-12T12:22:23.959Z"}
{"level":"info","message":"⌛ Validating hector.wlk","timeElapsed":230,"timestamp":"2024-10-12T12:22:24.189Z"}
{"level":"info","message":"⌛ Validating hector.wlk","timeElapsed":255,"timestamp":"2024-10-12T12:22:24.444Z"}
{"level":"info","message":"⌛ Validating hector.wlk","timeElapsed":266,"timestamp":"2024-10-12T12:22:24.724Z"}
{"level":"info","message":"⌛ Validating hector.wlk","timeElapsed":353,"timestamp":"2024-10-12T12:22:25.077Z"}
{"level":"info","message":"⌛ Validating hector.wlk","timeElapsed":284,"timestamp":"2024-10-12T12:22:25.366Z"}
{"level":"info","message":"⌛ Building environment","timeElapsed":249,"timestamp":"2024-10-12T12:22:31.086Z"}
{"level":"error","message":"✘ Completions for node failed: Error: [Send]{a0663a} at hector.wlk:114 exhausted all cases without a match [Send]{a0663a} at hector.wlk:114 exhausted all cases without a match","stack":"Error: [Send]{a0663a} at hector.wlk:114 exhausted all cases without a match\n    at /home/felipe/.vscode/extensions/uqbar.wollok-lsp-ide-0.3.6/out/server/src/server.js:38:6067\n    at yh (/home/felipe/.vscode/extensions/uqbar.wollok-lsp-ide-0.3.6/out/server/src/server.js:2291:42)\n    at kh (/home/felipe/.vscode/extensions/uqbar.wollok-lsp-ide-0.3.6/out/server/src/server.js:2291:1004)\n    at Y5n (/home/felipe/.vscode/extensions/uqbar.wollok-lsp-ide-0.3.6/out/server/src/server.js:2291:1160)\n    at /home/felipe/.vscode/extensions/uqbar.wollok-lsp-ide-0.3.6/out/server/src/server.js:38:6056\n    at yh (/home/felipe/.vscode/extensions/uqbar.wollok-lsp-ide-0.3.6/out/server/src/server.js:2291:42)\n    at /home/felipe/.vscode/extensions/uqbar.wollok-lsp-ide-0.3.6/out/server/src/server.js:2291:2700\n    at /home/felipe/.vscode/extensions/uqbar.wollok-lsp-ide-0.3.6/out/server/src/server.js:2298:3774\n    at /home/felipe/.vscode/extensions/uqbar.wollok-lsp-ide-0.3.6/out/server/src/server.js:37:74872\n    at Fe (/home/felipe/.vscode/extensions/uqbar.wollok-lsp-ide-0.3.6/out/server/src/server.js:7:8527)","timestamp":"2024-10-12T12:22:31.141Z"}
{"level":"error","message":"✘ Completions for node failed: Error: [Send]{2a43f3} at hector.wlk:114 exhausted all cases without a match [Send]{2a43f3} at hector.wlk:114 exhausted all cases without a match","stack":"Error: [Send]{2a43f3} at hector.wlk:114 exhausted all cases without a match\n    at /home/felipe/.vscode/extensions/uqbar.wollok-lsp-ide-0.3.6/out/server/src/server.js:38:6067\n    at yh (/home/felipe/.vscode/extensions/uqbar.wollok-lsp-ide-0.3.6/out/server/src/server.js:2291:42)\n    at kh (/home/felipe/.vscode/extensions/uqbar.wollok-lsp-ide-0.3.6/out/server/src/server.js:2291:1004)\n    at yh (/home/felipe/.vscode/extensions/uqbar.wollok-lsp-ide-0.3.6/out/server/src/server.js:2291:456)\n    at kh (/home/felipe/.vscode/extensions/uqbar.wollok-lsp-ide-0.3.6/out/server/src/server.js:2291:1004)\n    at Y5n (/home/felipe/.vscode/extensions/uqbar.wollok-lsp-ide-0.3.6/out/server/src/server.js:2291:1160)\n    at /home/felipe/.vscode/extensions/uqbar.wollok-lsp-ide-0.3.6/out/server/src/server.js:38:6056\n    at yh (/home/felipe/.vscode/extensions/uqbar.wollok-lsp-ide-0.3.6/out/server/src/server.js:2291:42)\n    at /home/felipe/.vscode/extensions/uqbar.wollok-lsp-ide-0.3.6/out/server/src/server.js:2291:2700\n    at /home/felipe/.vscode/extensions/uqbar.wollok-lsp-ide-0.3.6/out/server/src/server.js:2298:3774","timestamp":"2024-10-12T12:22:31.142Z"}
{"level":"error","message":"✘ Completions for node failed: Error: [If]{550238} at hector.wlk:113 exhausted all cases without a match [If]{550238} at hector.wlk:113 exhausted all cases without a match","stack":"Error: [If]{550238} at hector.wlk:113 exhausted all cases without a match\n    at /home/felipe/.vscode/extensions/uqbar.wollok-lsp-ide-0.3.6/out/server/src/server.js:38:6067\n    at yh (/home/felipe/.vscode/extensions/uqbar.wollok-lsp-ide-0.3.6/out/server/src/server.js:2291:42)\n    at kh (/home/felipe/.vscode/extensions/uqbar.wollok-lsp-ide-0.3.6/out/server/src/server.js:2291:1004)\n    at z5n (/home/felipe/.vscode/extensions/uqbar.wollok-lsp-ide-0.3.6/out/server/src/server.js:2291:730)\n    at /home/felipe/.vscode/extensions/uqbar.wollok-lsp-ide-0.3.6/out/server/src/server.js:38:6056\n    at yh (/home/felipe/.vscode/extensions/uqbar.wollok-lsp-ide-0.3.6/out/server/src/server.js:2291:42)\n    at kh (/home/felipe/.vscode/extensions/uqbar.wollok-lsp-ide-0.3.6/out/server/src/server.js:2291:1004)\n    at yh (/home/felipe/.vscode/extensions/uqbar.wollok-lsp-ide-0.3.6/out/server/src/server.js:2291:456)\n    at kh (/home/felipe/.vscode/extensions/uqbar.wollok-lsp-ide-0.3.6/out/server/src/server.js:2291:1004)\n    at yh (/home/felipe/.vscode/extensions/uqbar.wollok-lsp-ide-0.3.6/out/server/src/server.js:2291:456)","timestamp":"2024-10-12T12:22:31.143Z"}
{"level":"info","message":"⌛ Building environment","timeElapsed":249,"timestamp":"2024-10-12T12:22:31.397Z"}
{"level":"info","message":"⌛ Validating hector.wlk","timeElapsed":251,"timestamp":"2024-10-12T12:22:31.649Z"}
{"level":"info","message":"onRequest - completionItem/resolve","timestamp":"2024-10-12T12:22:31.652Z"}
{"level":"info","message":"⌛ Building environment","timeElapsed":235,"timestamp":"2024-10-12T12:22:31.887Z"}
{"level":"info","message":"onRequest - completionItem/resolve","timestamp":"2024-10-12T12:22:31.889Z"}
{"level":"info","message":"⌛ Building environment","timeElapsed":201,"timestamp":"2024-10-12T12:22:32.091Z"}
{"level":"info","message":"onRequest - completionItem/resolve","timestamp":"2024-10-12T12:22:32.092Z"}
{"level":"info","message":"⌛ Validating hector.wlk","timeElapsed":223,"timestamp":"2024-10-12T12:22:32.315Z"}
{"level":"info","message":"⌛ Building environment","timeElapsed":234,"timestamp":"2024-10-12T12:22:32.551Z"}
{"level":"info","message":"onRequest - completionItem/resolve","timestamp":"2024-10-12T12:22:32.566Z"}
{"level":"info","message":"⌛ Building environment","timeElapsed":225,"timestamp":"2024-10-12T12:22:32.791Z"}
{"level":"info","message":"onRequest - completionItem/resolve","timestamp":"2024-10-12T12:22:32.792Z"}
{"level":"info","message":"⌛ Building environment","timeElapsed":206,"timestamp":"2024-10-12T12:22:32.999Z"}
{"level":"info","message":"onRequest - completionItem/resolve","timestamp":"2024-10-12T12:22:32.999Z"}
{"level":"info","message":"⌛ Validating hector.wlk","timeElapsed":252,"timestamp":"2024-10-12T12:22:33.252Z"}
{"level":"info","message":"⌛ Building environment","timeElapsed":193,"timestamp":"2024-10-12T12:22:33.447Z"}
{"level":"info","message":"onRequest - completionItem/resolve","timestamp":"2024-10-12T12:22:33.447Z"}
{"level":"info","message":"⌛ Validating hector.wlk","timeElapsed":215,"timestamp":"2024-10-12T12:22:33.662Z"}
{"level":"info","message":"⌛ Validating hector.wlk","timeElapsed":223,"timestamp":"2024-10-12T12:22:33.893Z"}
{"level":"info","message":"⌛ Validating hector.wlk","timeElapsed":224,"timestamp":"2024-10-12T12:22:34.118Z"}
{"level":"info","message":"⌛ Validating hector.wlk","timeElapsed":220,"timestamp":"2024-10-12T12:22:34.339Z"}
{"level":"info","message":"⌛ Validating hector.wlk","timeElapsed":241,"timestamp":"2024-10-12T12:22:34.580Z"}
{"exitCode":"SIGHUP","level":"info","message":"👾 Game executed game.farmville on /home/felipe/Documents/Universidad/Proramacion_Con_Objetos_1/2024s2-granja-villa-FeliQI-main/2024s2-granja-villa-FeliQI-5","timeElapsed":18265,"timestamp":"2024-10-12T12:23:11.824Z"}
{"level":"info","message":"⌛ Building environment","timeElapsed":312,"timestamp":"2024-10-12T12:23:25.772Z"}
{"level":"info","message":"⌛ Validating hector.wlk","timeElapsed":330,"timestamp":"2024-10-12T12:23:26.104Z"}
{"level":"info","message":"⌛ Building environment","timeElapsed":279,"timestamp":"2024-10-12T12:23:27.462Z"}
{"level":"info","message":"⌛ Building environment","timeElapsed":268,"timestamp":"2024-10-12T12:23:27.842Z"}
{"level":"info","message":"⌛ Building environment","timeElapsed":331,"timestamp":"2024-10-12T12:23:28.174Z"}
{"level":"info","message":"⌛ Validating hector.wlk","timeElapsed":261,"timestamp":"2024-10-12T12:23:28.444Z"}
{"level":"info","message":"onRequest - completionItem/resolve","timestamp":"2024-10-12T12:23:28.445Z"}
{"level":"info","message":"⌛ Building environment","timeElapsed":213,"timestamp":"2024-10-12T12:23:28.658Z"}
{"level":"info","message":"onRequest - completionItem/resolve","timestamp":"2024-10-12T12:23:28.660Z"}
{"level":"info","message":"⌛ Validating hector.wlk","timeElapsed":309,"timestamp":"2024-10-12T12:23:28.972Z"}
{"level":"info","message":"⌛ Validating hector.wlk","timeElapsed":258,"timestamp":"2024-10-12T12:23:29.239Z"}
{"level":"info","message":"⌛ Validating hector.wlk","timeElapsed":274,"timestamp":"2024-10-12T12:23:29.513Z"}
{"level":"info","message":"⌛ Building environment","timeElapsed":377,"timestamp":"2024-10-12T12:23:29.891Z"}
{"level":"info","message":"⌛ Building environment","timeElapsed":311,"timestamp":"2024-10-12T12:23:30.251Z"}
{"level":"info","message":"⌛ Building environment","timeElapsed":231,"timestamp":"2024-10-12T12:23:30.483Z"}
{"level":"info","message":"⌛ Building environment","timeElapsed":225,"timestamp":"2024-10-12T12:23:30.709Z"}
{"level":"info","message":"⌛ Validating hector.wlk","timeElapsed":285,"timestamp":"2024-10-12T12:23:30.994Z"}
{"level":"info","message":"onRequest - completionItem/resolve","timestamp":"2024-10-12T12:23:30.995Z"}
{"level":"info","message":"⌛ Validating hector.wlk","timeElapsed":279,"timestamp":"2024-10-12T12:23:31.286Z"}
{"level":"info","message":"⌛ Validating hector.wlk","timeElapsed":233,"timestamp":"2024-10-12T12:23:31.519Z"}
{"level":"info","message":"⌛ Building environment","timeElapsed":204,"timestamp":"2024-10-12T12:23:31.724Z"}
{"level":"info","message":"⌛ Validating hector.wlk","timeElapsed":258,"timestamp":"2024-10-12T12:23:31.990Z"}
{"level":"info","message":"⌛ Validating hector.wlk","timeElapsed":261,"timestamp":"2024-10-12T12:23:32.260Z"}
{"level":"info","message":"⌛ Building environment","timeElapsed":252,"timestamp":"2024-10-12T12:23:34.086Z"}
{"level":"info","message":"⌛ Validating hector.wlk","timeElapsed":232,"timestamp":"2024-10-12T12:23:34.319Z"}
{"level":"info","message":"⌛ Building environment","timeElapsed":213,"timestamp":"2024-10-12T12:23:34.973Z"}
{"level":"info","message":"⌛ Validating hector.wlk","timeElapsed":247,"timestamp":"2024-10-12T12:23:35.222Z"}
{"level":"info","message":"⌛ Building environment","timeElapsed":195,"timestamp":"2024-10-12T12:23:35.418Z"}
{"level":"info","message":"⌛ Validating hector.wlk","timeElapsed":252,"timestamp":"2024-10-12T12:23:35.677Z"}
{"level":"info","message":"⌛ Building environment","timeElapsed":196,"timestamp":"2024-10-12T12:23:35.881Z"}
{"level":"info","message":"⌛ Validating hector.wlk","timeElapsed":283,"timestamp":"2024-10-12T12:23:36.167Z"}
{"level":"info","message":"⌛ Building environment","timeElapsed":202,"timestamp":"2024-10-12T12:23:36.370Z"}
{"level":"info","message":"⌛ Building environment","timeElapsed":193,"timestamp":"2024-10-12T12:23:36.569Z"}
{"level":"info","message":"⌛ Building environment","timeElapsed":202,"timestamp":"2024-10-12T12:23:36.772Z"}
{"level":"info","message":"⌛ Building environment","timeElapsed":203,"timestamp":"2024-10-12T12:23:36.975Z"}
{"level":"info","message":"⌛ Validating hector.wlk","timeElapsed":367,"timestamp":"2024-10-12T12:23:37.343Z"}
{"level":"info","message":"⌛ Validating hector.wlk","timeElapsed":258,"timestamp":"2024-10-12T12:23:37.602Z"}
{"level":"info","message":"⌛ Validating hector.wlk","timeElapsed":249,"timestamp":"2024-10-12T12:23:37.858Z"}
{"level":"info","message":"⌛ Building environment","timeElapsed":277,"timestamp":"2024-10-12T12:23:38.137Z"}
{"level":"info","message":"⌛ Validating hector.wlk","timeElapsed":249,"timestamp":"2024-10-12T12:23:38.387Z"}
{"level":"info","message":"⌛ Building environment","timeElapsed":329,"timestamp":"2024-10-12T12:23:38.718Z"}
{"level":"info","message":"⌛ Building environment","timeElapsed":199,"timestamp":"2024-10-12T12:23:38.925Z"}
{"level":"info","message":"⌛ Building environment","timeElapsed":197,"timestamp":"2024-10-12T12:23:39.139Z"}
{"level":"info","message":"⌛ Building environment","timeElapsed":202,"timestamp":"2024-10-12T12:23:39.342Z"}
{"level":"info","message":"⌛ Building environment","timeElapsed":201,"timestamp":"2024-10-12T12:23:39.544Z"}
{"level":"info","message":"⌛ Building environment","timeElapsed":227,"timestamp":"2024-10-12T12:23:39.773Z"}
{"level":"info","message":"⌛ Validating hector.wlk","timeElapsed":261,"timestamp":"2024-10-12T12:23:40.035Z"}
{"level":"info","message":"⌛ Building environment","timeElapsed":206,"timestamp":"2024-10-12T12:23:40.242Z"}
{"level":"info","message":"⌛ Building environment","timeElapsed":183,"timestamp":"2024-10-12T12:23:40.432Z"}
{"level":"info","message":"⌛ Validating hector.wlk","timeElapsed":236,"timestamp":"2024-10-12T12:23:40.668Z"}
{"level":"info","message":"⌛ Validating hector.wlk","timeElapsed":217,"timestamp":"2024-10-12T12:23:40.893Z"}
{"level":"info","message":"⌛ Building environment","timeElapsed":217,"timestamp":"2024-10-12T12:23:41.110Z"}
{"level":"info","message":"⌛ Validating hector.wlk","timeElapsed":237,"timestamp":"2024-10-12T12:23:41.355Z"}
{"level":"info","message":"⌛ Building environment","timeElapsed":203,"timestamp":"2024-10-12T12:23:41.558Z"}
{"level":"info","message":"⌛ Validating hector.wlk","timeElapsed":262,"timestamp":"2024-10-12T12:23:41.821Z"}
{"level":"info","message":"⌛ Building environment","timeElapsed":185,"timestamp":"2024-10-12T12:23:42.008Z"}
{"level":"info","message":"⌛ Building environment","timeElapsed":177,"timestamp":"2024-10-12T12:23:42.186Z"}
{"level":"info","message":"⌛ Validating hector.wlk","timeElapsed":241,"timestamp":"2024-10-12T12:23:42.428Z"}
{"level":"info","message":"⌛ Building environment","timeElapsed":232,"timestamp":"2024-10-12T12:23:42.661Z"}
{"level":"info","message":"⌛ Validating hector.wlk","timeElapsed":234,"timestamp":"2024-10-12T12:23:42.896Z"}
{"level":"info","message":"⌛ Validating hector.wlk","timeElapsed":252,"timestamp":"2024-10-12T12:23:43.157Z"}
{"level":"info","message":"⌛ Validating hector.wlk","timeElapsed":231,"timestamp":"2024-10-12T12:23:43.390Z"}
{"level":"info","message":"⌛ Building environment","timeElapsed":180,"timestamp":"2024-10-12T12:23:43.571Z"}
{"level":"info","message":"⌛ Building environment","timeElapsed":240,"timestamp":"2024-10-12T12:23:43.812Z"}
{"level":"info","message":"⌛ Validating hector.wlk","timeElapsed":238,"timestamp":"2024-10-12T12:23:44.057Z"}
{"level":"info","message":"⌛ Building environment","timeElapsed":394,"timestamp":"2024-10-12T12:23:44.454Z"}
{"level":"info","message":"⌛ Building environment","timeElapsed":227,"timestamp":"2024-10-12T12:23:44.683Z"}
{"level":"info","message":"⌛ Validating hector.wlk","timeElapsed":283,"timestamp":"2024-10-12T12:23:44.967Z"}
{"level":"info","message":"⌛ Building environment","timeElapsed":198,"timestamp":"2024-10-12T12:23:45.166Z"}
{"level":"info","message":"⌛ Building environment","timeElapsed":186,"timestamp":"2024-10-12T12:23:45.354Z"}
{"level":"info","message":"⌛ Validating hector.wlk","timeElapsed":250,"timestamp":"2024-10-12T12:23:45.610Z"}
{"level":"info","message":"⌛ Validating hector.wlk","timeElapsed":254,"timestamp":"2024-10-12T12:23:45.873Z"}
{"level":"info","message":"⌛ Validating hector.wlk","timeElapsed":380,"timestamp":"2024-10-12T12:23:46.255Z"}
{"level":"info","message":"⌛ Building environment","timeElapsed":225,"timestamp":"2024-10-12T12:23:46.480Z"}
{"level":"info","message":"⌛ Validating hector.wlk","timeElapsed":261,"timestamp":"2024-10-12T12:23:46.753Z"}
{"level":"info","message":"⌛ Validating hector.wlk","timeElapsed":246,"timestamp":"2024-10-12T12:23:47.002Z"}
{"level":"info","message":"⌛ Validating hector.wlk","timeElapsed":273,"timestamp":"2024-10-12T12:23:47.275Z"}
{"level":"info","message":"⌛ Validating hector.wlk","timeElapsed":308,"timestamp":"2024-10-12T12:23:47.584Z"}
{"level":"info","message":"⌛ Validating hector.wlk","timeElapsed":223,"timestamp":"2024-10-12T12:23:47.808Z"}
{"level":"info","message":"⌛ Validating hector.wlk","timeElapsed":254,"timestamp":"2024-10-12T12:23:48.063Z"}
{"level":"info","message":"⌛ Validating hector.wlk","timeElapsed":258,"timestamp":"2024-10-12T12:23:48.322Z"}
{"level":"info","message":"⌛ Building environment","timeElapsed":289,"timestamp":"2024-10-12T12:24:21.093Z"}
{"level":"info","message":"⌛ Building environment","timeElapsed":196,"timestamp":"2024-10-12T12:24:21.376Z"}
{"level":"info","message":"⌛ Building environment","timeElapsed":158,"timestamp":"2024-10-12T12:24:21.535Z"}
{"level":"info","message":"⌛ Validating hector.wlk","timeElapsed":230,"timestamp":"2024-10-12T12:24:21.767Z"}
{"level":"info","message":"⌛ Building environment","timeElapsed":255,"timestamp":"2024-10-12T12:24:22.022Z"}
{"level":"info","message":"⌛ Validating hector.wlk","timeElapsed":216,"timestamp":"2024-10-12T12:24:22.284Z"}
{"level":"info","message":"⌛ Validating hector.wlk","timeElapsed":209,"timestamp":"2024-10-12T12:24:22.494Z"}
{"level":"info","message":"⌛ Building environment","timeElapsed":155,"timestamp":"2024-10-12T12:24:22.649Z"}
{"level":"info","message":"⌛ Validating hector.wlk","timeElapsed":222,"timestamp":"2024-10-12T12:24:22.919Z"}
{"level":"info","message":"⌛ Building environment","timeElapsed":175,"timestamp":"2024-10-12T12:24:23.098Z"}
{"level":"info","message":"⌛ Validating hector.wlk","timeElapsed":201,"timestamp":"2024-10-12T12:24:23.299Z"}
{"level":"info","message":"⌛ Validating hector.wlk","timeElapsed":208,"timestamp":"2024-10-12T12:24:23.516Z"}
{"level":"info","message":"⌛ Building environment","timeElapsed":240,"timestamp":"2024-10-12T12:25:05.177Z"}
{"level":"info","message":"⌛ Validating hector.wlk","timeElapsed":245,"timestamp":"2024-10-12T12:25:05.425Z"}
{"level":"info","message":"⌛ Building environment","timeElapsed":179,"timestamp":"2024-10-12T12:25:05.937Z"}
{"level":"info","message":"⌛ Validating hector.wlk","timeElapsed":219,"timestamp":"2024-10-12T12:25:06.206Z"}
{"level":"info","message":"onRequest - completionItem/resolve","timestamp":"2024-10-12T12:25:06.208Z"}
{"level":"info","message":"⌛ Building environment","timeElapsed":240,"timestamp":"2024-10-12T12:25:06.449Z"}
{"level":"info","message":"⌛ Validating hector.wlk","timeElapsed":232,"timestamp":"2024-10-12T12:25:06.693Z"}
{"level":"info","message":"⌛ Building environment","timeElapsed":206,"timestamp":"2024-10-12T12:25:07.048Z"}
{"level":"info","message":"⌛ Validating hector.wlk","timeElapsed":248,"timestamp":"2024-10-12T12:25:07.304Z"}
{"level":"info","message":"⌛ Building environment","timeElapsed":294,"timestamp":"2024-10-12T12:25:08.255Z"}
{"level":"error","message":"✘ Completions for node failed: Error: [If]{83e637} at hector.wlk:66 exhausted all cases without a match [If]{83e637} at hector.wlk:66 exhausted all cases without a match","stack":"Error: [If]{83e637} at hector.wlk:66 exhausted all cases without a match\n    at /home/felipe/.vscode/extensions/uqbar.wollok-lsp-ide-0.3.6/out/server/src/server.js:38:6067\n    at yh (/home/felipe/.vscode/extensions/uqbar.wollok-lsp-ide-0.3.6/out/server/src/server.js:2291:42)\n    at kh (/home/felipe/.vscode/extensions/uqbar.wollok-lsp-ide-0.3.6/out/server/src/server.js:2291:1004)\n    at Y5n (/home/felipe/.vscode/extensions/uqbar.wollok-lsp-ide-0.3.6/out/server/src/server.js:2291:1160)\n    at /home/felipe/.vscode/extensions/uqbar.wollok-lsp-ide-0.3.6/out/server/src/server.js:38:6056\n    at yh (/home/felipe/.vscode/extensions/uqbar.wollok-lsp-ide-0.3.6/out/server/src/server.js:2291:42)\n    at /home/felipe/.vscode/extensions/uqbar.wollok-lsp-ide-0.3.6/out/server/src/server.js:2291:2700\n    at /home/felipe/.vscode/extensions/uqbar.wollok-lsp-ide-0.3.6/out/server/src/server.js:2298:3774\n    at /home/felipe/.vscode/extensions/uqbar.wollok-lsp-ide-0.3.6/out/server/src/server.js:37:74872\n    at Fe (/home/felipe/.vscode/extensions/uqbar.wollok-lsp-ide-0.3.6/out/server/src/server.js:7:8527)","timestamp":"2024-10-12T12:25:08.300Z"}
{"level":"info","message":"⌛ Building environment","timeElapsed":190,"timestamp":"2024-10-12T12:25:08.494Z"}
{"level":"info","message":"⌛ Building environment","timeElapsed":253,"timestamp":"2024-10-12T12:25:08.756Z"}
{"level":"info","message":"⌛ Validating hector.wlk","timeElapsed":212,"timestamp":"2024-10-12T12:25:08.969Z"}
{"level":"info","message":"onRequest - completionItem/resolve","timestamp":"2024-10-12T12:25:08.970Z"}
{"level":"info","message":"⌛ Building environment","timeElapsed":167,"timestamp":"2024-10-12T12:25:09.138Z"}
{"level":"info","message":"onRequest - completionItem/resolve","timestamp":"2024-10-12T12:25:09.144Z"}
{"level":"info","message":"⌛ Validating hector.wlk","timeElapsed":236,"timestamp":"2024-10-12T12:25:09.380Z"}
{"level":"info","message":"⌛ Validating hector.wlk","timeElapsed":207,"timestamp":"2024-10-12T12:25:09.588Z"}
{"level":"info","message":"⌛ Validating hector.wlk","timeElapsed":198,"timestamp":"2024-10-12T12:25:09.794Z"}
{"level":"info","message":"⌛ Building environment","timeElapsed":178,"timestamp":"2024-10-12T12:25:09.974Z"}
{"level":"info","message":"⌛ Building environment","timeElapsed":253,"timestamp":"2024-10-12T12:25:10.279Z"}
{"level":"info","message":"⌛ Validating hector.wlk","timeElapsed":207,"timestamp":"2024-10-12T12:25:10.487Z"}
{"level":"info","message":"onRequest - completionItem/resolve","timestamp":"2024-10-12T12:25:10.495Z"}
{"level":"info","message":"⌛ Validating hector.wlk","timeElapsed":213,"timestamp":"2024-10-12T12:25:10.709Z"}
{"level":"info","message":"⌛ Building environment","timeElapsed":210,"timestamp":"2024-10-12T12:25:11.136Z"}
{"level":"info","message":"onRequest - completionItem/resolve","timestamp":"2024-10-12T12:25:11.137Z"}
{"level":"info","message":"⌛ Building environment","timeElapsed":180,"timestamp":"2024-10-12T12:25:11.317Z"}
{"level":"info","message":"onRequest - completionItem/resolve","timestamp":"2024-10-12T12:25:11.318Z"}
{"level":"info","message":"⌛ Validating hector.wlk","timeElapsed":212,"timestamp":"2024-10-12T12:25:11.531Z"}
{"level":"info","message":"⌛ Building environment","timeElapsed":154,"timestamp":"2024-10-12T12:25:11.686Z"}
{"level":"info","message":"onRequest - completionItem/resolve","timestamp":"2024-10-12T12:25:11.686Z"}
{"level":"info","message":"⌛ Building environment","timeElapsed":174,"timestamp":"2024-10-12T12:25:11.860Z"}
{"level":"info","message":"onRequest - completionItem/resolve","timestamp":"2024-10-12T12:25:11.861Z"}
{"level":"info","message":"⌛ Validating hector.wlk","timeElapsed":203,"timestamp":"2024-10-12T12:25:12.064Z"}
{"level":"info","message":"⌛ Validating hector.wlk","timeElapsed":194,"timestamp":"2024-10-12T12:25:12.266Z"}
{"level":"info","message":"⌛ Building environment","timeElapsed":226,"timestamp":"2024-10-12T12:25:12.493Z"}
{"level":"info","message":"onRequest - completionItem/resolve","timestamp":"2024-10-12T12:25:12.500Z"}
{"level":"info","message":"⌛ Validating hector.wlk","timeElapsed":208,"timestamp":"2024-10-12T12:25:12.709Z"}
{"level":"info","message":"⌛ Building environment","timeElapsed":160,"timestamp":"2024-10-12T12:25:12.879Z"}
{"level":"info","message":"onRequest - completionItem/resolve","timestamp":"2024-10-12T12:25:12.887Z"}
{"level":"info","message":"⌛ Building environment","timeElapsed":151,"timestamp":"2024-10-12T12:25:13.038Z"}
{"level":"info","message":"onRequest - completionItem/resolve","timestamp":"2024-10-12T12:25:13.039Z"}
{"level":"info","message":"⌛ Building environment","timeElapsed":153,"timestamp":"2024-10-12T12:25:13.193Z"}
{"level":"info","message":"onRequest - completionItem/resolve","timestamp":"2024-10-12T12:25:13.193Z"}
{"level":"info","message":"⌛ Validating hector.wlk","timeElapsed":205,"timestamp":"2024-10-12T12:25:13.398Z"}
{"level":"info","message":"⌛ Building environment","timeElapsed":161,"timestamp":"2024-10-12T12:25:13.559Z"}
{"level":"info","message":"onRequest - completionItem/resolve","timestamp":"2024-10-12T12:25:13.560Z"}
{"level":"info","message":"⌛ Building environment","timeElapsed":223,"timestamp":"2024-10-12T12:25:13.784Z"}
{"level":"info","message":"onRequest - completionItem/resolve","timestamp":"2024-10-12T12:25:13.784Z"}
{"level":"info","message":"⌛ Validating hector.wlk","timeElapsed":204,"timestamp":"2024-10-12T12:25:13.988Z"}
{"level":"info","message":"⌛ Validating hector.wlk","timeElapsed":200,"timestamp":"2024-10-12T12:25:14.188Z"}
{"level":"info","message":"⌛ Validating hector.wlk","timeElapsed":189,"timestamp":"2024-10-12T12:25:14.385Z"}
{"level":"info","message":"⌛ Validating hector.wlk","timeElapsed":194,"timestamp":"2024-10-12T12:25:14.580Z"}
{"level":"info","message":"⌛ Validating hector.wlk","timeElapsed":210,"timestamp":"2024-10-12T12:25:14.792Z"}
{"level":"info","message":"⌛ Building environment","timeElapsed":158,"timestamp":"2024-10-12T12:25:14.951Z"}
{"level":"info","message":"⌛ Validating hector.wlk","timeElapsed":199,"timestamp":"2024-10-12T12:25:15.151Z"}
{"level":"info","message":"⌛ Building environment","timeElapsed":252,"timestamp":"2024-10-12T12:25:16.190Z"}
{"level":"info","message":"⌛ Validating hector.wlk","timeElapsed":244,"timestamp":"2024-10-12T12:25:16.435Z"}
{"level":"info","message":"⌛ Building environment","timeElapsed":204,"timestamp":"2024-10-12T12:25:17.342Z"}
{"level":"info","message":"⌛ Validating hector.wlk","timeElapsed":210,"timestamp":"2024-10-12T12:25:17.553Z"}
{"level":"info","message":"⌛ Building environment","timeElapsed":218,"timestamp":"2024-10-12T12:25:21.218Z"}
{"level":"info","message":"⌛ Validating hector.wlk","timeElapsed":200,"timestamp":"2024-10-12T12:25:21.420Z"}
{"level":"info","message":"⌛ Building environment","timeElapsed":192,"timestamp":"2024-10-12T12:25:23.671Z"}
{"level":"info","message":"⌛ Validating hector.wlk","timeElapsed":203,"timestamp":"2024-10-12T12:25:23.875Z"}
{"level":"info","message":"⌛ Building environment","timeElapsed":264,"timestamp":"2024-10-12T12:25:32.542Z"}
{"level":"info","message":"⌛ Validating hector.wlk","timeElapsed":180,"timestamp":"2024-10-12T12:25:32.729Z"}
{"level":"info","message":"⌛ Building environment","timeElapsed":314,"timestamp":"2024-10-12T12:26:23.979Z"}
{"level":"info","message":"⌛ Building environment","timeElapsed":223,"timestamp":"2024-10-12T12:26:24.303Z"}
{"level":"info","message":"⌛ Building environment","timeElapsed":165,"timestamp":"2024-10-12T12:26:24.468Z"}
{"level":"info","message":"⌛ Validating hector.wlk","timeElapsed":230,"timestamp":"2024-10-12T12:26:24.699Z"}
{"level":"info","message":"onRequest - completionItem/resolve","timestamp":"2024-10-12T12:26:24.701Z"}
{"level":"info","message":"⌛ Building environment","timeElapsed":274,"timestamp":"2024-10-12T12:26:24.976Z"}
{"level":"info","message":"onRequest - completionItem/resolve","timestamp":"2024-10-12T12:26:24.976Z"}
{"level":"info","message":"⌛ Validating hector.wlk","timeElapsed":235,"timestamp":"2024-10-12T12:26:25.212Z"}
{"level":"info","message":"⌛ Building environment","timeElapsed":181,"timestamp":"2024-10-12T12:26:25.393Z"}
{"level":"info","message":"⌛ Validating hector.wlk","timeElapsed":252,"timestamp":"2024-10-12T12:26:25.694Z"}
{"level":"info","message":"⌛ Validating hector.wlk","timeElapsed":272,"timestamp":"2024-10-12T12:26:25.969Z"}
{"level":"info","message":"⌛ Building environment","timeElapsed":204,"timestamp":"2024-10-12T12:26:26.173Z"}
{"level":"info","message":"⌛ Building environment","timeElapsed":161,"timestamp":"2024-10-12T12:26:26.334Z"}
{"level":"info","message":"⌛ Validating hector.wlk","timeElapsed":194,"timestamp":"2024-10-12T12:26:26.530Z"}
{"level":"info","message":"onRequest - completionItem/resolve","timestamp":"2024-10-12T12:26:26.530Z"}
{"level":"info","message":"⌛ Building environment","timeElapsed":174,"timestamp":"2024-10-12T12:26:26.714Z"}
{"level":"info","message":"onRequest - completionItem/resolve","timestamp":"2024-10-12T12:26:26.714Z"}
{"level":"info","message":"⌛ Building environment","timeElapsed":168,"timestamp":"2024-10-12T12:26:26.895Z"}
{"level":"info","message":"⌛ Validating hector.wlk","timeElapsed":191,"timestamp":"2024-10-12T12:26:27.095Z"}
{"level":"info","message":"⌛ Validating hector.wlk","timeElapsed":232,"timestamp":"2024-10-12T12:26:27.327Z"}
{"level":"info","message":"⌛ Validating hector.wlk","timeElapsed":209,"timestamp":"2024-10-12T12:26:27.536Z"}
{"level":"info","message":"⌛ Validating hector.wlk","timeElapsed":204,"timestamp":"2024-10-12T12:26:27.740Z"}
{"level":"info","message":"⌛ Building environment","timeElapsed":177,"timestamp":"2024-10-12T12:26:27.919Z"}
{"level":"error","message":"✘ Completions for node failed: Error: [Send]{4739ec} at hector.wlk:70 exhausted all cases without a match [Send]{4739ec} at hector.wlk:70 exhausted all cases without a match","stack":"Error: [Send]{4739ec} at hector.wlk:70 exhausted all cases without a match\n    at /home/felipe/.vscode/extensions/uqbar.wollok-lsp-ide-0.3.6/out/server/src/server.js:38:6067\n    at yh (/home/felipe/.vscode/extensions/uqbar.wollok-lsp-ide-0.3.6/out/server/src/server.js:2291:42)\n    at kh (/home/felipe/.vscode/extensions/uqbar.wollok-lsp-ide-0.3.6/out/server/src/server.js:2291:1004)\n    at Y5n (/home/felipe/.vscode/extensions/uqbar.wollok-lsp-ide-0.3.6/out/server/src/server.js:2291:1160)\n    at /home/felipe/.vscode/extensions/uqbar.wollok-lsp-ide-0.3.6/out/server/src/server.js:38:6056\n    at yh (/home/felipe/.vscode/extensions/uqbar.wollok-lsp-ide-0.3.6/out/server/src/server.js:2291:42)\n    at /home/felipe/.vscode/extensions/uqbar.wollok-lsp-ide-0.3.6/out/server/src/server.js:2291:2700\n    at /home/felipe/.vscode/extensions/uqbar.wollok-lsp-ide-0.3.6/out/server/src/server.js:2298:3774\n    at /home/felipe/.vscode/extensions/uqbar.wollok-lsp-ide-0.3.6/out/server/src/server.js:37:74872\n    at Fe (/home/felipe/.vscode/extensions/uqbar.wollok-lsp-ide-0.3.6/out/server/src/server.js:7:8527)","timestamp":"2024-10-12T12:26:27.963Z"}
{"level":"info","message":"⌛ Building environment","timeElapsed":166,"timestamp":"2024-10-12T12:26:28.136Z"}
{"level":"info","message":"⌛ Building environment","timeElapsed":166,"timestamp":"2024-10-12T12:26:28.309Z"}
{"level":"info","message":"⌛ Building environment","timeElapsed":169,"timestamp":"2024-10-12T12:26:28.485Z"}
{"level":"info","message":"⌛ Validating hector.wlk","timeElapsed":199,"timestamp":"2024-10-12T12:26:28.685Z"}
{"level":"info","message":"onRequest - completionItem/resolve","timestamp":"2024-10-12T12:26:28.685Z"}
{"level":"info","message":"⌛ Building environment","timeElapsed":177,"timestamp":"2024-10-12T12:26:28.862Z"}
{"level":"info","message":"onRequest - completionItem/resolve","timestamp":"2024-10-12T12:26:28.863Z"}
{"level":"info","message":"⌛ Validating hector.wlk","timeElapsed":202,"timestamp":"2024-10-12T12:26:29.065Z"}
{"level":"info","message":"⌛ Building environment","timeElapsed":219,"timestamp":"2024-10-12T12:26:29.285Z"}
{"level":"info","message":"onRequest - completionItem/resolve","timestamp":"2024-10-12T12:26:29.286Z"}
{"level":"info","message":"⌛ Validating hector.wlk","timeElapsed":291,"timestamp":"2024-10-12T12:26:29.577Z"}
{"level":"info","message":"⌛ Building environment","timeElapsed":186,"timestamp":"2024-10-12T12:26:29.764Z"}
{"level":"info","message":"onRequest - completionItem/resolve","timestamp":"2024-10-12T12:26:29.764Z"}
{"level":"info","message":"⌛ Validating hector.wlk","timeElapsed":223,"timestamp":"2024-10-12T12:26:29.988Z"}
{"level":"info","message":"⌛ Validating hector.wlk","timeElapsed":224,"timestamp":"2024-10-12T12:26:30.221Z"}
{"level":"info","message":"⌛ Building environment","timeElapsed":163,"timestamp":"2024-10-12T12:26:30.385Z"}
{"level":"info","message":"⌛ Validating hector.wlk","timeElapsed":191,"timestamp":"2024-10-12T12:26:30.621Z"}
{"level":"info","message":"⌛ Building environment","timeElapsed":157,"timestamp":"2024-10-12T12:26:30.778Z"}
{"level":"info","message":"⌛ Building environment","timeElapsed":160,"timestamp":"2024-10-12T12:26:30.939Z"}
{"level":"info","message":"⌛ Validating hector.wlk","timeElapsed":192,"timestamp":"2024-10-12T12:26:31.131Z"}
{"level":"info","message":"⌛ Building environment","timeElapsed":190,"timestamp":"2024-10-12T12:26:31.322Z"}
{"level":"info","message":"⌛ Building environment","timeElapsed":169,"timestamp":"2024-10-12T12:26:31.491Z"}
{"level":"info","message":"⌛ Building environment","timeElapsed":336,"timestamp":"2024-10-12T12:26:31.830Z"}
{"level":"info","message":"⌛ Building environment","timeElapsed":174,"timestamp":"2024-10-12T12:26:32.004Z"}
{"level":"info","message":"⌛ Validating hector.wlk","timeElapsed":264,"timestamp":"2024-10-12T12:26:32.270Z"}
{"level":"info","message":"⌛ Validating hector.wlk","timeElapsed":223,"timestamp":"2024-10-12T12:26:32.500Z"}
{"level":"info","message":"⌛ Validating hector.wlk","timeElapsed":210,"timestamp":"2024-10-12T12:26:32.710Z"}
{"level":"info","message":"⌛ Building environment","timeElapsed":178,"timestamp":"2024-10-12T12:26:32.890Z"}
{"level":"error","message":"✘ Completions for node failed: Error: [Send]{9dc28e} at hector.wlk:70 exhausted all cases without a match [Send]{9dc28e} at hector.wlk:70 exhausted all cases without a match","stack":"Error: [Send]{9dc28e} at hector.wlk:70 exhausted all cases without a match\n    at /home/felipe/.vscode/extensions/uqbar.wollok-lsp-ide-0.3.6/out/server/src/server.js:38:6067\n    at yh (/home/felipe/.vscode/extensions/uqbar.wollok-lsp-ide-0.3.6/out/server/src/server.js:2291:42)\n    at kh (/home/felipe/.vscode/extensions/uqbar.wollok-lsp-ide-0.3.6/out/server/src/server.js:2291:1004)\n    at Y5n (/home/felipe/.vscode/extensions/uqbar.wollok-lsp-ide-0.3.6/out/server/src/server.js:2291:1160)\n    at /home/felipe/.vscode/extensions/uqbar.wollok-lsp-ide-0.3.6/out/server/src/server.js:38:6056\n    at yh (/home/felipe/.vscode/extensions/uqbar.wollok-lsp-ide-0.3.6/out/server/src/server.js:2291:42)\n    at /home/felipe/.vscode/extensions/uqbar.wollok-lsp-ide-0.3.6/out/server/src/server.js:2291:2700\n    at /home/felipe/.vscode/extensions/uqbar.wollok-lsp-ide-0.3.6/out/server/src/server.js:2298:3774\n    at /home/felipe/.vscode/extensions/uqbar.wollok-lsp-ide-0.3.6/out/server/src/server.js:37:74872\n    at Fe (/home/felipe/.vscode/extensions/uqbar.wollok-lsp-ide-0.3.6/out/server/src/server.js:7:8527)","timestamp":"2024-10-12T12:26:32.936Z"}
{"level":"info","message":"⌛ Validating hector.wlk","timeElapsed":207,"timestamp":"2024-10-12T12:26:33.147Z"}
{"level":"info","message":"⌛ Validating hector.wlk","timeElapsed":216,"timestamp":"2024-10-12T12:26:33.364Z"}
{"level":"info","message":"⌛ Building environment","timeElapsed":169,"timestamp":"2024-10-12T12:26:33.536Z"}
{"level":"info","message":"⌛ Validating hector.wlk","timeElapsed":205,"timestamp":"2024-10-12T12:26:33.742Z"}
{"level":"info","message":"⌛ Validating hector.wlk","timeElapsed":210,"timestamp":"2024-10-12T12:26:33.962Z"}
{"level":"info","message":"⌛ Building environment","timeElapsed":178,"timestamp":"2024-10-12T12:26:34.141Z"}
{"level":"info","message":"⌛ Building environment","timeElapsed":247,"timestamp":"2024-10-12T12:26:34.397Z"}
{"level":"info","message":"⌛ Building environment","timeElapsed":171,"timestamp":"2024-10-12T12:26:34.569Z"}
{"level":"info","message":"⌛ Validating hector.wlk","timeElapsed":207,"timestamp":"2024-10-12T12:26:34.782Z"}
{"level":"info","message":"⌛ Building environment","timeElapsed":163,"timestamp":"2024-10-12T12:26:34.946Z"}
{"level":"info","message":"⌛ Validating hector.wlk","timeElapsed":184,"timestamp":"2024-10-12T12:26:35.141Z"}
{"level":"info","message":"⌛ Validating hector.wlk","timeElapsed":203,"timestamp":"2024-10-12T12:26:35.344Z"}
{"level":"info","message":"⌛ Validating hector.wlk","timeElapsed":243,"timestamp":"2024-10-12T12:26:35.588Z"}
{"level":"info","message":"⌛ Validating hector.wlk","timeElapsed":212,"timestamp":"2024-10-12T12:26:35.801Z"}
{"level":"info","message":"⌛ Validating hector.wlk","timeElapsed":204,"timestamp":"2024-10-12T12:26:36.006Z"}
{"level":"info","message":"⌛ Building environment","timeElapsed":189,"timestamp":"2024-10-12T12:26:36.195Z"}
{"level":"info","message":"⌛ Building environment","timeElapsed":171,"timestamp":"2024-10-12T12:26:36.367Z"}
{"level":"info","message":"⌛ Validating hector.wlk","timeElapsed":193,"timestamp":"2024-10-12T12:26:36.567Z"}
{"level":"info","message":"⌛ Validating hector.wlk","timeElapsed":213,"timestamp":"2024-10-12T12:26:36.780Z"}
{"level":"info","message":"⌛ Building environment","timeElapsed":174,"timestamp":"2024-10-12T12:26:36.956Z"}
{"level":"info","message":"⌛ Validating hector.wlk","timeElapsed":208,"timestamp":"2024-10-12T12:26:37.169Z"}
{"level":"info","message":"⌛ Building environment","timeElapsed":220,"timestamp":"2024-10-12T12:26:50.214Z"}
{"level":"info","message":"⌛ Validating hector.wlk","timeElapsed":204,"timestamp":"2024-10-12T12:26:50.426Z"}
{"level":"info","message":"⌛ Building environment","timeElapsed":163,"timestamp":"2024-10-12T12:26:50.590Z"}
{"level":"info","message":"⌛ Building environment","timeElapsed":163,"timestamp":"2024-10-12T12:26:50.758Z"}
{"level":"info","message":"⌛ Validating hector.wlk","timeElapsed":215,"timestamp":"2024-10-12T12:26:50.973Z"}
{"level":"info","message":"⌛ Validating hector.wlk","timeElapsed":200,"timestamp":"2024-10-12T12:26:51.174Z"}
{"level":"info","message":"⌛ Building environment","timeElapsed":154,"timestamp":"2024-10-12T12:26:51.329Z"}
{"level":"info","message":"⌛ Building environment","timeElapsed":172,"timestamp":"2024-10-12T12:26:51.507Z"}
{"level":"info","message":"⌛ Building environment","timeElapsed":155,"timestamp":"2024-10-12T12:26:51.662Z"}
{"level":"info","message":"⌛ Building environment","timeElapsed":262,"timestamp":"2024-10-12T12:26:51.926Z"}
{"level":"info","message":"⌛ Validating hector.wlk","timeElapsed":216,"timestamp":"2024-10-12T12:26:52.148Z"}
{"level":"info","message":"⌛ Building environment","timeElapsed":210,"timestamp":"2024-10-12T12:26:52.359Z"}
{"level":"info","message":"⌛ Validating hector.wlk","timeElapsed":184,"timestamp":"2024-10-12T12:26:52.549Z"}
{"level":"info","message":"⌛ Validating hector.wlk","timeElapsed":244,"timestamp":"2024-10-12T12:26:52.794Z"}
{"level":"info","message":"⌛ Building environment","timeElapsed":189,"timestamp":"2024-10-12T12:26:52.991Z"}
{"level":"info","message":"⌛ Validating hector.wlk","timeElapsed":191,"timestamp":"2024-10-12T12:26:53.183Z"}
{"level":"info","message":"⌛ Building environment","timeElapsed":164,"timestamp":"2024-10-12T12:26:53.348Z"}
{"level":"info","message":"⌛ Building environment","timeElapsed":159,"timestamp":"2024-10-12T12:26:53.508Z"}
{"level":"info","message":"⌛ Validating hector.wlk","timeElapsed":212,"timestamp":"2024-10-12T12:26:53.724Z"}
{"level":"info","message":"⌛ Validating hector.wlk","timeElapsed":191,"timestamp":"2024-10-12T12:26:53.922Z"}
{"level":"info","message":"⌛ Validating hector.wlk","timeElapsed":179,"timestamp":"2024-10-12T12:26:54.101Z"}
{"level":"info","message":"⌛ Validating hector.wlk","timeElapsed":179,"timestamp":"2024-10-12T12:26:54.281Z"}
{"level":"info","message":"⌛ Building environment","timeElapsed":189,"timestamp":"2024-10-12T12:26:54.470Z"}
{"level":"info","message":"⌛ Building environment","timeElapsed":185,"timestamp":"2024-10-12T12:26:54.661Z"}
{"level":"info","message":"⌛ Building environment","timeElapsed":201,"timestamp":"2024-10-12T12:26:54.871Z"}
{"level":"info","message":"⌛ Validating hector.wlk","timeElapsed":243,"timestamp":"2024-10-12T12:26:55.115Z"}
{"level":"info","message":"⌛ Building environment","timeElapsed":170,"timestamp":"2024-10-12T12:26:55.286Z"}
{"level":"info","message":"⌛ Building environment","timeElapsed":167,"timestamp":"2024-10-12T12:26:55.454Z"}
{"level":"info","message":"⌛ Validating hector.wlk","timeElapsed":191,"timestamp":"2024-10-12T12:26:55.651Z"}
{"level":"info","message":"⌛ Building environment","timeElapsed":153,"timestamp":"2024-10-12T12:26:55.804Z"}
{"level":"info","message":"⌛ Validating hector.wlk","timeElapsed":187,"timestamp":"2024-10-12T12:26:55.996Z"}
{"level":"info","message":"⌛ Building environment","timeElapsed":175,"timestamp":"2024-10-12T12:26:56.172Z"}
{"level":"info","message":"⌛ Building environment","timeElapsed":149,"timestamp":"2024-10-12T12:26:56.333Z"}
{"level":"info","message":"⌛ Validating hector.wlk","timeElapsed":223,"timestamp":"2024-10-12T12:26:56.556Z"}
{"level":"info","message":"⌛ Building environment","timeElapsed":207,"timestamp":"2024-10-12T12:26:56.765Z"}
{"level":"info","message":"⌛ Validating hector.wlk","timeElapsed":197,"timestamp":"2024-10-12T12:26:56.962Z"}
{"level":"info","message":"⌛ Validating hector.wlk","timeElapsed":212,"timestamp":"2024-10-12T12:26:57.182Z"}
{"level":"info","message":"⌛ Validating hector.wlk","timeElapsed":212,"timestamp":"2024-10-12T12:26:57.394Z"}
{"level":"info","message":"⌛ Validating hector.wlk","timeElapsed":185,"timestamp":"2024-10-12T12:26:57.581Z"}
{"level":"info","message":"⌛ Building environment","timeElapsed":184,"timestamp":"2024-10-12T12:26:57.767Z"}
{"level":"info","message":"⌛ Building environment","timeElapsed":157,"timestamp":"2024-10-12T12:26:57.924Z"}
{"level":"info","message":"⌛ Building environment","timeElapsed":158,"timestamp":"2024-10-12T12:26:58.082Z"}
{"level":"info","message":"⌛ Building environment","timeElapsed":165,"timestamp":"2024-10-12T12:26:58.249Z"}
{"level":"info","message":"⌛ Validating hector.wlk","timeElapsed":213,"timestamp":"2024-10-12T12:26:58.463Z"}
{"level":"info","message":"⌛ Building environment","timeElapsed":157,"timestamp":"2024-10-12T12:26:58.622Z"}
{"level":"info","message":"⌛ Building environment","timeElapsed":156,"timestamp":"2024-10-12T12:26:58.784Z"}
{"level":"info","message":"⌛ Building environment","timeElapsed":334,"timestamp":"2024-10-12T12:26:59.120Z"}
{"level":"info","message":"⌛ Building environment","timeElapsed":155,"timestamp":"2024-10-12T12:26:59.276Z"}
{"level":"info","message":"⌛ Building environment","timeElapsed":153,"timestamp":"2024-10-12T12:26:59.429Z"}
{"level":"info","message":"⌛ Validating hector.wlk","timeElapsed":224,"timestamp":"2024-10-12T12:26:59.669Z"}
{"level":"info","message":"⌛ Validating hector.wlk","timeElapsed":204,"timestamp":"2024-10-12T12:26:59.873Z"}
{"level":"info","message":"⌛ Building environment","timeElapsed":156,"timestamp":"2024-10-12T12:27:00.029Z"}
{"level":"info","message":"⌛ Validating hector.wlk","timeElapsed":193,"timestamp":"2024-10-12T12:27:00.231Z"}
{"level":"info","message":"⌛ Building environment","timeElapsed":154,"timestamp":"2024-10-12T12:27:00.385Z"}
{"level":"info","message":"⌛ Validating hector.wlk","timeElapsed":192,"timestamp":"2024-10-12T12:27:00.582Z"}
{"level":"info","message":"⌛ Building environment","timeElapsed":148,"timestamp":"2024-10-12T12:27:00.730Z"}
{"level":"info","message":"⌛ Building environment","timeElapsed":149,"timestamp":"2024-10-12T12:27:00.884Z"}
{"level":"info","message":"⌛ Building environment","timeElapsed":244,"timestamp":"2024-10-12T12:27:01.129Z"}
{"level":"info","message":"⌛ Validating hector.wlk","timeElapsed":209,"timestamp":"2024-10-12T12:27:01.338Z"}
{"level":"info","message":"⌛ Validating hector.wlk","timeElapsed":192,"timestamp":"2024-10-12T12:27:01.531Z"}
{"level":"info","message":"⌛ Building environment","timeElapsed":154,"timestamp":"2024-10-12T12:27:01.687Z"}
{"level":"info","message":"⌛ Validating hector.wlk","timeElapsed":214,"timestamp":"2024-10-12T12:27:01.901Z"}
{"level":"info","message":"⌛ Validating hector.wlk","timeElapsed":234,"timestamp":"2024-10-12T12:27:02.143Z"}
{"level":"info","message":"⌛ Validating hector.wlk","timeElapsed":231,"timestamp":"2024-10-12T12:27:02.374Z"}
{"level":"info","message":"⌛ Validating hector.wlk","timeElapsed":394,"timestamp":"2024-10-12T12:27:02.769Z"}
{"level":"info","message":"⌛ Validating hector.wlk","timeElapsed":231,"timestamp":"2024-10-12T12:27:03.002Z"}
{"level":"info","message":"⌛ Validating hector.wlk","timeElapsed":207,"timestamp":"2024-10-12T12:27:03.209Z"}
{"level":"info","message":"⌛ Validating hector.wlk","timeElapsed":208,"timestamp":"2024-10-12T12:27:03.418Z"}
{"level":"info","message":"⌛ Validating hector.wlk","timeElapsed":187,"timestamp":"2024-10-12T12:27:03.606Z"}
{"level":"info","message":"⌛ Validating hector.wlk","timeElapsed":191,"timestamp":"2024-10-12T12:27:03.798Z"}
{"level":"info","message":"⌛ Building environment","timeElapsed":130,"timestamp":"2024-10-12T12:27:04.015Z"}
{"level":"info","message":"⌛ Validating cultivos.wlk","timeElapsed":198,"timestamp":"2024-10-12T12:27:04.214Z"}
{"exitCode":"SIGHUP","level":"info","message":"👾 Game executed game.farmville on /home/felipe/Documents/Universidad/Proramacion_Con_Objetos_1/2024s2-granja-villa-FeliQI-main/2024s2-granja-villa-FeliQI-5","timeElapsed":67793,"timestamp":"2024-10-12T12:28:14.404Z"}
{"level":"info","message":"⌛ Building environment","timeElapsed":356,"timestamp":"2024-10-12T12:28:18.307Z"}
{"level":"error","message":"✘ Completions for node failed: Error: [Send]{4eed03} at hector.wlk:70 exhausted all cases without a match [Send]{4eed03} at hector.wlk:70 exhausted all cases without a match","stack":"Error: [Send]{4eed03} at hector.wlk:70 exhausted all cases without a match\n    at /home/felipe/.vscode/extensions/uqbar.wollok-lsp-ide-0.3.6/out/server/src/server.js:38:6067\n    at yh (/home/felipe/.vscode/extensions/uqbar.wollok-lsp-ide-0.3.6/out/server/src/server.js:2291:42)\n    at kh (/home/felipe/.vscode/extensions/uqbar.wollok-lsp-ide-0.3.6/out/server/src/server.js:2291:1004)\n    at Y5n (/home/felipe/.vscode/extensions/uqbar.wollok-lsp-ide-0.3.6/out/server/src/server.js:2291:1160)\n    at /home/felipe/.vscode/extensions/uqbar.wollok-lsp-ide-0.3.6/out/server/src/server.js:38:6056\n    at yh (/home/felipe/.vscode/extensions/uqbar.wollok-lsp-ide-0.3.6/out/server/src/server.js:2291:42)\n    at /home/felipe/.vscode/extensions/uqbar.wollok-lsp-ide-0.3.6/out/server/src/server.js:2291:2700\n    at /home/felipe/.vscode/extensions/uqbar.wollok-lsp-ide-0.3.6/out/server/src/server.js:2298:3774\n    at /home/felipe/.vscode/extensions/uqbar.wollok-lsp-ide-0.3.6/out/server/src/server.js:37:74872\n    at Fe (/home/felipe/.vscode/extensions/uqbar.wollok-lsp-ide-0.3.6/out/server/src/server.js:7:8527)","timestamp":"2024-10-12T12:28:18.433Z"}
{"level":"error","message":"✘ Completions for node failed: Error: [Send]{83ebc2} at hector.wlk:70 exhausted all cases without a match [Send]{83ebc2} at hector.wlk:70 exhausted all cases without a match","stack":"Error: [Send]{83ebc2} at hector.wlk:70 exhausted all cases without a match\n    at /home/felipe/.vscode/extensions/uqbar.wollok-lsp-ide-0.3.6/out/server/src/server.js:38:6067\n    at yh (/home/felipe/.vscode/extensions/uqbar.wollok-lsp-ide-0.3.6/out/server/src/server.js:2291:42)\n    at kh (/home/felipe/.vscode/extensions/uqbar.wollok-lsp-ide-0.3.6/out/server/src/server.js:2291:1004)\n    at yh (/home/felipe/.vscode/extensions/uqbar.wollok-lsp-ide-0.3.6/out/server/src/server.js:2291:456)\n    at kh (/home/felipe/.vscode/extensions/uqbar.wollok-lsp-ide-0.3.6/out/server/src/server.js:2291:1004)\n    at Y5n (/home/felipe/.vscode/extensions/uqbar.wollok-lsp-ide-0.3.6/out/server/src/server.js:2291:1160)\n    at /home/felipe/.vscode/extensions/uqbar.wollok-lsp-ide-0.3.6/out/server/src/server.js:38:6056\n    at yh (/home/felipe/.vscode/extensions/uqbar.wollok-lsp-ide-0.3.6/out/server/src/server.js:2291:42)\n    at /home/felipe/.vscode/extensions/uqbar.wollok-lsp-ide-0.3.6/out/server/src/server.js:2291:2700\n    at /home/felipe/.vscode/extensions/uqbar.wollok-lsp-ide-0.3.6/out/server/src/server.js:2298:3774","timestamp":"2024-10-12T12:28:18.433Z"}
{"level":"info","message":"⌛ Autocomplete - Reference","timeElapsed":120,"timestamp":"2024-10-12T12:28:18.437Z"}
{"level":"info","message":"⌛ Building environment","timeElapsed":291,"timestamp":"2024-10-12T12:28:18.729Z"}
{"level":"info","message":"⌛ Building environment","timeElapsed":225,"timestamp":"2024-10-12T12:28:18.955Z"}
{"level":"info","message":"⌛ Validating hector.wlk","timeElapsed":298,"timestamp":"2024-10-12T12:28:19.267Z"}
{"level":"info","message":"⌛ Building environment","timeElapsed":362,"timestamp":"2024-10-12T12:28:19.630Z"}
{"level":"info","message":"onRequest - completionItem/resolve","timestamp":"2024-10-12T12:28:19.632Z"}
{"level":"info","message":"⌛ Building environment","timeElapsed":215,"timestamp":"2024-10-12T12:28:19.847Z"}
{"level":"info","message":"onRequest - completionItem/resolve","timestamp":"2024-10-12T12:28:19.854Z"}
{"level":"info","message":"⌛ Building environment","timeElapsed":243,"timestamp":"2024-10-12T12:28:20.098Z"}
{"level":"info","message":"onRequest - completionItem/resolve","timestamp":"2024-10-12T12:28:20.100Z"}
{"level":"info","message":"⌛ Validating hector.wlk","timeElapsed":435,"timestamp":"2024-10-12T12:28:20.537Z"}
{"level":"info","message":"⌛ Building environment","timeElapsed":247,"timestamp":"2024-10-12T12:28:20.785Z"}
{"level":"info","message":"onRequest - completionItem/resolve","timestamp":"2024-10-12T12:28:20.785Z"}
{"level":"info","message":"⌛ Building environment","timeElapsed":208,"timestamp":"2024-10-12T12:28:20.993Z"}
{"level":"info","message":"onRequest - completionItem/resolve","timestamp":"2024-10-12T12:28:20.994Z"}
{"level":"info","message":"⌛ Validating hector.wlk","timeElapsed":259,"timestamp":"2024-10-12T12:28:21.254Z"}
{"level":"info","message":"⌛ Validating hector.wlk","timeElapsed":255,"timestamp":"2024-10-12T12:28:21.521Z"}
{"level":"info","message":"⌛ Validating hector.wlk","timeElapsed":345,"timestamp":"2024-10-12T12:28:21.870Z"}
{"level":"info","message":"⌛ Validating hector.wlk","timeElapsed":257,"timestamp":"2024-10-12T12:28:22.128Z"}
{"level":"info","message":"⌛ Validating hector.wlk","timeElapsed":235,"timestamp":"2024-10-12T12:28:22.365Z"}
{"level":"info","message":"⌛ Validating hector.wlk","timeElapsed":267,"timestamp":"2024-10-12T12:28:22.632Z"}
{"level":"info","message":"⌛ Building environment","timeElapsed":486,"timestamp":"2024-10-12T12:29:58.883Z"}
{"level":"info","message":"⌛ Validating cultivos.wlk","timeElapsed":401,"timestamp":"2024-10-12T12:29:59.523Z"}
{"exitCode":"SIGHUP","level":"info","message":"👾 Game executed game.farmville on /home/felipe/Documents/Universidad/Proramacion_Con_Objetos_1/2024s2-granja-villa-FeliQI-main/2024s2-granja-villa-FeliQI-5","timeElapsed":136017,"timestamp":"2024-10-12T12:30:44.661Z"}
{"exitCode":"SIGHUP","level":"info","message":"👾 Game executed game.farmville on /home/felipe/Documents/Universidad/Proramacion_Con_Objetos_1/2024s2-granja-villa-FeliQI-main/2024s2-granja-villa-FeliQI-5","timeElapsed":77160,"timestamp":"2024-10-12T12:32:47.761Z"}
{"exitCode":"SIGHUP","level":"info","message":"👾 Game executed game.farmville on /home/felipe/Documents/Universidad/Proramacion_Con_Objetos_1/2024s2-granja-villa-FeliQI-main/2024s2-granja-villa-FeliQI-5","timeElapsed":45492,"timestamp":"2024-10-12T12:33:37.041Z"}
{"level":"info","message":"⌛ Building environment","timeElapsed":277,"timestamp":"2024-10-12T12:36:58.299Z"}
{"level":"info","message":"⌛ Validating hector.wlk","timeElapsed":331,"timestamp":"2024-10-12T12:36:58.635Z"}
{"level":"info","message":"⌛ Building environment","timeElapsed":215,"timestamp":"2024-10-12T12:36:58.857Z"}
{"level":"info","message":"⌛ Building environment","timeElapsed":221,"timestamp":"2024-10-12T12:36:59.146Z"}
{"level":"info","message":"⌛ Validating hector.wlk","timeElapsed":307,"timestamp":"2024-10-12T12:36:59.465Z"}
{"level":"info","message":"onRequest - completionItem/resolve","timestamp":"2024-10-12T12:36:59.479Z"}
{"level":"info","message":"⌛ Building environment","timeElapsed":243,"timestamp":"2024-10-12T12:36:59.722Z"}
{"level":"info","message":"onRequest - completionItem/resolve","timestamp":"2024-10-12T12:36:59.723Z"}
{"level":"info","message":"⌛ Validating hector.wlk","timeElapsed":286,"timestamp":"2024-10-12T12:37:00.012Z"}
{"level":"info","message":"⌛ Validating hector.wlk","timeElapsed":267,"timestamp":"2024-10-12T12:37:00.289Z"}
{"level":"info","message":"⌛ Building environment","timeElapsed":317,"timestamp":"2024-10-12T12:37:00.607Z"}
{"level":"info","message":"⌛ Validating hector.wlk","timeElapsed":298,"timestamp":"2024-10-12T12:37:00.924Z"}
{"level":"info","message":"⌛ Building environment","timeElapsed":234,"timestamp":"2024-10-12T12:37:01.551Z"}
{"level":"info","message":"⌛ Building environment","timeElapsed":381,"timestamp":"2024-10-12T12:37:01.936Z"}
{"level":"info","message":"⌛ Validating hector.wlk","timeElapsed":315,"timestamp":"2024-10-12T12:37:02.251Z"}
{"level":"info","message":"⌛ Building environment","timeElapsed":263,"timestamp":"2024-10-12T12:37:02.516Z"}
{"level":"info","message":"⌛ Building environment","timeElapsed":240,"timestamp":"2024-10-12T12:37:02.758Z"}
{"level":"info","message":"⌛ Building environment","timeElapsed":221,"timestamp":"2024-10-12T12:37:02.980Z"}
{"level":"info","message":"⌛ Validating hector.wlk","timeElapsed":271,"timestamp":"2024-10-12T12:37:03.253Z"}
{"level":"info","message":"⌛ Building environment","timeElapsed":254,"timestamp":"2024-10-12T12:37:03.508Z"}
{"level":"info","message":"⌛ Building environment","timeElapsed":230,"timestamp":"2024-10-12T12:37:03.739Z"}
{"level":"info","message":"⌛ Building environment","timeElapsed":233,"timestamp":"2024-10-12T12:37:03.973Z"}
{"level":"info","message":"⌛ Building environment","timeElapsed":283,"timestamp":"2024-10-12T12:37:04.260Z"}
{"level":"info","message":"⌛ Building environment","timeElapsed":225,"timestamp":"2024-10-12T12:37:04.489Z"}
{"level":"info","message":"⌛ Validating hector.wlk","timeElapsed":271,"timestamp":"2024-10-12T12:37:04.760Z"}
{"level":"info","message":"⌛ Building environment","timeElapsed":193,"timestamp":"2024-10-12T12:37:04.955Z"}
{"level":"info","message":"⌛ Validating hector.wlk","timeElapsed":250,"timestamp":"2024-10-12T12:37:05.206Z"}
{"level":"info","message":"⌛ Building environment","timeElapsed":226,"timestamp":"2024-10-12T12:37:05.432Z"}
{"level":"info","message":"⌛ Validating hector.wlk","timeElapsed":253,"timestamp":"2024-10-12T12:37:05.686Z"}
{"level":"info","message":"⌛ Building environment","timeElapsed":199,"timestamp":"2024-10-12T12:37:05.894Z"}
{"level":"info","message":"⌛ Autocomplete - Reference","timeElapsed":101,"timestamp":"2024-10-12T12:37:06.013Z"}
{"level":"info","message":"⌛ Building environment","timeElapsed":334,"timestamp":"2024-10-12T12:37:06.350Z"}
{"level":"info","message":"⌛ Validating hector.wlk","timeElapsed":251,"timestamp":"2024-10-12T12:37:06.603Z"}
{"level":"info","message":"⌛ Building environment","timeElapsed":200,"timestamp":"2024-10-12T12:37:06.804Z"}
{"level":"info","message":"⌛ Validating hector.wlk","timeElapsed":238,"timestamp":"2024-10-12T12:37:07.043Z"}
{"level":"info","message":"⌛ Validating hector.wlk","timeElapsed":229,"timestamp":"2024-10-12T12:37:07.281Z"}
{"level":"info","message":"⌛ Validating hector.wlk","timeElapsed":236,"timestamp":"2024-10-12T12:37:07.518Z"}
{"level":"info","message":"⌛ Validating hector.wlk","timeElapsed":238,"timestamp":"2024-10-12T12:37:07.757Z"}
{"level":"info","message":"⌛ Building environment","timeElapsed":194,"timestamp":"2024-10-12T12:37:07.952Z"}
{"level":"info","message":"⌛ Validating hector.wlk","timeElapsed":345,"timestamp":"2024-10-12T12:37:08.305Z"}
{"level":"info","message":"⌛ Building environment","timeElapsed":292,"timestamp":"2024-10-12T12:37:08.598Z"}
{"level":"info","message":"⌛ Validating hector.wlk","timeElapsed":364,"timestamp":"2024-10-12T12:37:08.964Z"}
{"level":"info","message":"⌛ Validating hector.wlk","timeElapsed":314,"timestamp":"2024-10-12T12:37:09.288Z"}
{"level":"info","message":"⌛ Validating hector.wlk","timeElapsed":286,"timestamp":"2024-10-12T12:37:09.576Z"}
{"level":"info","message":"⌛ Validating hector.wlk","timeElapsed":245,"timestamp":"2024-10-12T12:37:09.822Z"}
{"level":"info","message":"⌛ Validating hector.wlk","timeElapsed":387,"timestamp":"2024-10-12T12:37:10.210Z"}
{"level":"info","message":"⌛ Validating hector.wlk","timeElapsed":384,"timestamp":"2024-10-12T12:37:10.599Z"}
{"level":"info","message":"⌛ Building environment","timeElapsed":201,"timestamp":"2024-10-12T12:37:17.525Z"}
{"level":"error","message":"✘ Completions for node failed: Error: [Send]{00995e} at hector.wlk:90 exhausted all cases without a match [Send]{00995e} at hector.wlk:90 exhausted all cases without a match","stack":"Error: [Send]{00995e} at hector.wlk:90 exhausted all cases without a match\n    at /home/felipe/.vscode/extensions/uqbar.wollok-lsp-ide-0.3.6/out/server/src/server.js:38:6067\n    at yh (/home/felipe/.vscode/extensions/uqbar.wollok-lsp-ide-0.3.6/out/server/src/server.js:2291:42)\n    at kh (/home/felipe/.vscode/extensions/uqbar.wollok-lsp-ide-0.3.6/out/server/src/server.js:2291:1004)\n    at Y5n (/home/felipe/.vscode/extensions/uqbar.wollok-lsp-ide-0.3.6/out/server/src/server.js:2291:1160)\n    at /home/felipe/.vscode/extensions/uqbar.wollok-lsp-ide-0.3.6/out/server/src/server.js:38:6056\n    at yh (/home/felipe/.vscode/extensions/uqbar.wollok-lsp-ide-0.3.6/out/server/src/server.js:2291:42)\n    at /home/felipe/.vscode/extensions/uqbar.wollok-lsp-ide-0.3.6/out/server/src/server.js:2291:2700\n    at /home/felipe/.vscode/extensions/uqbar.wollok-lsp-ide-0.3.6/out/server/src/server.js:2298:3774\n    at /home/felipe/.vscode/extensions/uqbar.wollok-lsp-ide-0.3.6/out/server/src/server.js:37:74872\n    at Fe (/home/felipe/.vscode/extensions/uqbar.wollok-lsp-ide-0.3.6/out/server/src/server.js:7:8527)","timestamp":"2024-10-12T12:37:17.574Z"}
{"level":"error","message":"✘ Completions for node failed: Error: [Return]{40593a} at hector.wlk:90 exhausted all cases without a match [Return]{40593a} at hector.wlk:90 exhausted all cases without a match","stack":"Error: [Return]{40593a} at hector.wlk:90 exhausted all cases without a match\n    at /home/felipe/.vscode/extensions/uqbar.wollok-lsp-ide-0.3.6/out/server/src/server.js:38:6067\n    at yh (/home/felipe/.vscode/extensions/uqbar.wollok-lsp-ide-0.3.6/out/server/src/server.js:2291:42)\n    at kh (/home/felipe/.vscode/extensions/uqbar.wollok-lsp-ide-0.3.6/out/server/src/server.js:2291:1004)\n    at yh (/home/felipe/.vscode/extensions/uqbar.wollok-lsp-ide-0.3.6/out/server/src/server.js:2291:456)\n    at kh (/home/felipe/.vscode/extensions/uqbar.wollok-lsp-ide-0.3.6/out/server/src/server.js:2291:1004)\n    at Y5n (/home/felipe/.vscode/extensions/uqbar.wollok-lsp-ide-0.3.6/out/server/src/server.js:2291:1160)\n    at /home/felipe/.vscode/extensions/uqbar.wollok-lsp-ide-0.3.6/out/server/src/server.js:38:6056\n    at yh (/home/felipe/.vscode/extensions/uqbar.wollok-lsp-ide-0.3.6/out/server/src/server.js:2291:42)\n    at /home/felipe/.vscode/extensions/uqbar.wollok-lsp-ide-0.3.6/out/server/src/server.js:2291:2700\n    at /home/felipe/.vscode/extensions/uqbar.wollok-lsp-ide-0.3.6/out/server/src/server.js:2298:3774","timestamp":"2024-10-12T12:37:17.574Z"}
{"level":"info","message":"⌛ Building environment","timeElapsed":213,"timestamp":"2024-10-12T12:37:17.794Z"}
{"level":"info","message":"⌛ Validating hector.wlk","timeElapsed":279,"timestamp":"2024-10-12T12:37:18.084Z"}
{"level":"info","message":"onRequest - completionItem/resolve","timestamp":"2024-10-12T12:37:18.085Z"}
{"level":"info","message":"⌛ Building environment","timeElapsed":222,"timestamp":"2024-10-12T12:37:18.307Z"}
{"level":"info","message":"onRequest - completionItem/resolve","timestamp":"2024-10-12T12:37:18.319Z"}
{"level":"info","message":"⌛ Validating hector.wlk","timeElapsed":240,"timestamp":"2024-10-12T12:37:18.573Z"}
{"level":"info","message":"⌛ Building environment","timeElapsed":216,"timestamp":"2024-10-12T12:37:18.789Z"}
{"level":"info","message":"onRequest - completionItem/resolve","timestamp":"2024-10-12T12:37:18.790Z"}
{"level":"info","message":"⌛ Building environment","timeElapsed":280,"timestamp":"2024-10-12T12:37:19.071Z"}
{"level":"info","message":"onRequest - completionItem/resolve","timestamp":"2024-10-12T12:37:19.072Z"}
{"level":"info","message":"⌛ Building environment","timeElapsed":231,"timestamp":"2024-10-12T12:37:19.303Z"}
{"level":"info","message":"onRequest - completionItem/resolve","timestamp":"2024-10-12T12:37:19.304Z"}
{"level":"info","message":"⌛ Validating hector.wlk","timeElapsed":252,"timestamp":"2024-10-12T12:37:19.557Z"}
{"level":"info","message":"⌛ Building environment","timeElapsed":194,"timestamp":"2024-10-12T12:37:19.751Z"}
{"level":"info","message":"onRequest - completionItem/resolve","timestamp":"2024-10-12T12:37:19.752Z"}
{"level":"info","message":"⌛ Building environment","timeElapsed":191,"timestamp":"2024-10-12T12:37:19.944Z"}
{"level":"info","message":"onRequest - completionItem/resolve","timestamp":"2024-10-12T12:37:19.954Z"}
{"level":"info","message":"⌛ Validating hector.wlk","timeElapsed":251,"timestamp":"2024-10-12T12:37:20.206Z"}
{"level":"info","message":"⌛ Validating hector.wlk","timeElapsed":241,"timestamp":"2024-10-12T12:37:20.460Z"}
{"level":"info","message":"⌛ Validating hector.wlk","timeElapsed":248,"timestamp":"2024-10-12T12:37:20.708Z"}
{"level":"info","message":"onRequest - completionItem/resolve","timestamp":"2024-10-12T12:37:20.709Z"}
{"level":"info","message":"⌛ Building environment","timeElapsed":192,"timestamp":"2024-10-12T12:37:20.901Z"}
{"level":"info","message":"⌛ Validating hector.wlk","timeElapsed":241,"timestamp":"2024-10-12T12:37:21.151Z"}
{"level":"info","message":"⌛ Validating hector.wlk","timeElapsed":233,"timestamp":"2024-10-12T12:37:21.384Z"}
{"level":"info","message":"⌛ Building environment","timeElapsed":186,"timestamp":"2024-10-12T12:37:21.570Z"}
{"level":"info","message":"⌛ Validating hector.wlk","timeElapsed":275,"timestamp":"2024-10-12T12:37:21.903Z"}
{"level":"info","message":"⌛ Validating hector.wlk","timeElapsed":268,"timestamp":"2024-10-12T12:37:22.171Z"}
{"level":"info","message":"onRequest - completionItem/resolve","timestamp":"2024-10-12T12:37:22.173Z"}
{"level":"info","message":"⌛ Building environment","timeElapsed":263,"timestamp":"2024-10-12T12:37:25.476Z"}
{"level":"info","message":"onRequest - completionItem/resolve","timestamp":"2024-10-12T12:37:25.477Z"}
{"level":"info","message":"⌛ Building environment","timeElapsed":206,"timestamp":"2024-10-12T12:37:25.684Z"}
{"level":"info","message":"onRequest - completionItem/resolve","timestamp":"2024-10-12T12:37:25.685Z"}
{"level":"info","message":"⌛ Validating hector.wlk","timeElapsed":250,"timestamp":"2024-10-12T12:37:25.935Z"}
{"level":"info","message":"⌛ Validating hector.wlk","timeElapsed":272,"timestamp":"2024-10-12T12:37:26.208Z"}
{"level":"info","message":"⌛ Building environment","timeElapsed":238,"timestamp":"2024-10-12T12:37:27.538Z"}
{"level":"info","message":"⌛ Validating hector.wlk","timeElapsed":231,"timestamp":"2024-10-12T12:37:27.770Z"}
{"level":"info","message":"⌛ Building environment","timeElapsed":222,"timestamp":"2024-10-12T12:37:31.598Z"}
{"level":"error","message":"✘ Completions for node failed: Error: [Send]{88dd34} at hector.wlk:92 exhausted all cases without a match [Send]{88dd34} at hector.wlk:92 exhausted all cases without a match","stack":"Error: [Send]{88dd34} at hector.wlk:92 exhausted all cases without a match\n    at /home/felipe/.vscode/extensions/uqbar.wollok-lsp-ide-0.3.6/out/server/src/server.js:38:6067\n    at yh (/home/felipe/.vscode/extensions/uqbar.wollok-lsp-ide-0.3.6/out/server/src/server.js:2291:42)\n    at kh (/home/felipe/.vscode/extensions/uqbar.wollok-lsp-ide-0.3.6/out/server/src/server.js:2291:1004)\n    at Y5n (/home/felipe/.vscode/extensions/uqbar.wollok-lsp-ide-0.3.6/out/server/src/server.js:2291:1160)\n    at /home/felipe/.vscode/extensions/uqbar.wollok-lsp-ide-0.3.6/out/server/src/server.js:38:6056\n    at yh (/home/felipe/.vscode/extensions/uqbar.wollok-lsp-ide-0.3.6/out/server/src/server.js:2291:42)\n    at /home/felipe/.vscode/extensions/uqbar.wollok-lsp-ide-0.3.6/out/server/src/server.js:2291:2700\n    at /home/felipe/.vscode/extensions/uqbar.wollok-lsp-ide-0.3.6/out/server/src/server.js:2298:3774\n    at /home/felipe/.vscode/extensions/uqbar.wollok-lsp-ide-0.3.6/out/server/src/server.js:37:74872\n    at Fe (/home/felipe/.vscode/extensions/uqbar.wollok-lsp-ide-0.3.6/out/server/src/server.js:7:8527)","timestamp":"2024-10-12T12:37:31.646Z"}
{"level":"error","message":"✘ Completions for node failed: Error: [Send]{48b297} at hector.wlk:90 exhausted all cases without a match [Send]{48b297} at hector.wlk:90 exhausted all cases without a match","stack":"Error: [Send]{48b297} at hector.wlk:90 exhausted all cases without a match\n    at /home/felipe/.vscode/extensions/uqbar.wollok-lsp-ide-0.3.6/out/server/src/server.js:38:6067\n    at yh (/home/felipe/.vscode/extensions/uqbar.wollok-lsp-ide-0.3.6/out/server/src/server.js:2291:42)\n    at kh (/home/felipe/.vscode/extensions/uqbar.wollok-lsp-ide-0.3.6/out/server/src/server.js:2291:1004)\n    at yh (/home/felipe/.vscode/extensions/uqbar.wollok-lsp-ide-0.3.6/out/server/src/server.js:2291:456)\n    at kh (/home/felipe/.vscode/extensions/uqbar.wollok-lsp-ide-0.3.6/out/server/src/server.js:2291:1004)\n    at Y5n (/home/felipe/.vscode/extensions/uqbar.wollok-lsp-ide-0.3.6/out/server/src/server.js:2291:1160)\n    at /home/felipe/.vscode/extensions/uqbar.wollok-lsp-ide-0.3.6/out/server/src/server.js:38:6056\n    at yh (/home/felipe/.vscode/extensions/uqbar.wollok-lsp-ide-0.3.6/out/server/src/server.js:2291:42)\n    at /home/felipe/.vscode/extensions/uqbar.wollok-lsp-ide-0.3.6/out/server/src/server.js:2291:2700\n    at /home/felipe/.vscode/extensions/uqbar.wollok-lsp-ide-0.3.6/out/server/src/server.js:2298:3774","timestamp":"2024-10-12T12:37:31.647Z"}
{"level":"error","message":"✘ Completions for node failed: Error: [Return]{613464} at hector.wlk:90 exhausted all cases without a match [Return]{613464} at hector.wlk:90 exhausted all cases without a match","stack":"Error: [Return]{613464} at hector.wlk:90 exhausted all cases without a match\n    at /home/felipe/.vscode/extensions/uqbar.wollok-lsp-ide-0.3.6/out/server/src/server.js:38:6067\n    at yh (/home/felipe/.vscode/extensions/uqbar.wollok-lsp-ide-0.3.6/out/server/src/server.js:2291:42)\n    at kh (/home/felipe/.vscode/extensions/uqbar.wollok-lsp-ide-0.3.6/out/server/src/server.js:2291:1004)\n    at yh (/home/felipe/.vscode/extensions/uqbar.wollok-lsp-ide-0.3.6/out/server/src/server.js:2291:456)\n    at kh (/home/felipe/.vscode/extensions/uqbar.wollok-lsp-ide-0.3.6/out/server/src/server.js:2291:1004)\n    at yh (/home/felipe/.vscode/extensions/uqbar.wollok-lsp-ide-0.3.6/out/server/src/server.js:2291:456)\n    at kh (/home/felipe/.vscode/extensions/uqbar.wollok-lsp-ide-0.3.6/out/server/src/server.js:2291:1004)\n    at Y5n (/home/felipe/.vscode/extensions/uqbar.wollok-lsp-ide-0.3.6/out/server/src/server.js:2291:1160)\n    at /home/felipe/.vscode/extensions/uqbar.wollok-lsp-ide-0.3.6/out/server/src/server.js:38:6056\n    at yh (/home/felipe/.vscode/extensions/uqbar.wollok-lsp-ide-0.3.6/out/server/src/server.js:2291:42)","timestamp":"2024-10-12T12:37:31.647Z"}
{"level":"info","message":"⌛ Building environment","timeElapsed":222,"timestamp":"2024-10-12T12:37:31.875Z"}
{"level":"info","message":"⌛ Validating hector.wlk","timeElapsed":265,"timestamp":"2024-10-12T12:37:32.141Z"}
{"level":"info","message":"onRequest - completionItem/resolve","timestamp":"2024-10-12T12:37:32.141Z"}
{"level":"info","message":"⌛ Building environment","timeElapsed":207,"timestamp":"2024-10-12T12:37:32.349Z"}
{"level":"info","message":"onRequest - completionItem/resolve","timestamp":"2024-10-12T12:37:32.350Z"}
{"level":"info","message":"⌛ Building environment","timeElapsed":281,"timestamp":"2024-10-12T12:37:32.634Z"}
{"level":"info","message":"⌛ Validating hector.wlk","timeElapsed":261,"timestamp":"2024-10-12T12:37:32.902Z"}
{"level":"info","message":"⌛ Validating hector.wlk","timeElapsed":282,"timestamp":"2024-10-12T12:37:33.191Z"}
{"level":"info","message":"⌛ Validating hector.wlk","timeElapsed":263,"timestamp":"2024-10-12T12:37:33.454Z"}
{"level":"info","message":"⌛ Building environment","timeElapsed":366,"timestamp":"2024-10-12T12:37:33.826Z"}
{"level":"info","message":"⌛ Building environment","timeElapsed":278,"timestamp":"2024-10-12T12:37:34.116Z"}
{"level":"info","message":"⌛ Building environment","timeElapsed":261,"timestamp":"2024-10-12T12:37:34.386Z"}
{"level":"info","message":"⌛ Building environment","timeElapsed":190,"timestamp":"2024-10-12T12:37:34.576Z"}
{"level":"info","message":"⌛ Building environment","timeElapsed":235,"timestamp":"2024-10-12T12:37:34.821Z"}
{"level":"error","message":"✘ Completions for node failed: Error: [Send]{05a3f3} at hector.wlk:92 exhausted all cases without a match [Send]{05a3f3} at hector.wlk:92 exhausted all cases without a match","stack":"Error: [Send]{05a3f3} at hector.wlk:92 exhausted all cases without a match\n    at /home/felipe/.vscode/extensions/uqbar.wollok-lsp-ide-0.3.6/out/server/src/server.js:38:6067\n    at yh (/home/felipe/.vscode/extensions/uqbar.wollok-lsp-ide-0.3.6/out/server/src/server.js:2291:42)\n    at kh (/home/felipe/.vscode/extensions/uqbar.wollok-lsp-ide-0.3.6/out/server/src/server.js:2291:1004)\n    at Y5n (/home/felipe/.vscode/extensions/uqbar.wollok-lsp-ide-0.3.6/out/server/src/server.js:2291:1160)\n    at /home/felipe/.vscode/extensions/uqbar.wollok-lsp-ide-0.3.6/out/server/src/server.js:38:6056\n    at yh (/home/felipe/.vscode/extensions/uqbar.wollok-lsp-ide-0.3.6/out/server/src/server.js:2291:42)\n    at /home/felipe/.vscode/extensions/uqbar.wollok-lsp-ide-0.3.6/out/server/src/server.js:2291:2700\n    at /home/felipe/.vscode/extensions/uqbar.wollok-lsp-ide-0.3.6/out/server/src/server.js:2298:3774\n    at /home/felipe/.vscode/extensions/uqbar.wollok-lsp-ide-0.3.6/out/server/src/server.js:37:74872\n    at Fe (/home/felipe/.vscode/extensions/uqbar.wollok-lsp-ide-0.3.6/out/server/src/server.js:7:8527)","timestamp":"2024-10-12T12:37:34.862Z"}
{"level":"error","message":"✘ Completions for node failed: Error: [Send]{1c97bb} at hector.wlk:90 exhausted all cases without a match [Send]{1c97bb} at hector.wlk:90 exhausted all cases without a match","stack":"Error: [Send]{1c97bb} at hector.wlk:90 exhausted all cases without a match\n    at /home/felipe/.vscode/extensions/uqbar.wollok-lsp-ide-0.3.6/out/server/src/server.js:38:6067\n    at yh (/home/felipe/.vscode/extensions/uqbar.wollok-lsp-ide-0.3.6/out/server/src/server.js:2291:42)\n    at kh (/home/felipe/.vscode/extensions/uqbar.wollok-lsp-ide-0.3.6/out/server/src/server.js:2291:1004)\n    at yh (/home/felipe/.vscode/extensions/uqbar.wollok-lsp-ide-0.3.6/out/server/src/server.js:2291:456)\n    at kh (/home/felipe/.vscode/extensions/uqbar.wollok-lsp-ide-0.3.6/out/server/src/server.js:2291:1004)\n    at Y5n (/home/felipe/.vscode/extensions/uqbar.wollok-lsp-ide-0.3.6/out/server/src/server.js:2291:1160)\n    at /home/felipe/.vscode/extensions/uqbar.wollok-lsp-ide-0.3.6/out/server/src/server.js:38:6056\n    at yh (/home/felipe/.vscode/extensions/uqbar.wollok-lsp-ide-0.3.6/out/server/src/server.js:2291:42)\n    at /home/felipe/.vscode/extensions/uqbar.wollok-lsp-ide-0.3.6/out/server/src/server.js:2291:2700\n    at /home/felipe/.vscode/extensions/uqbar.wollok-lsp-ide-0.3.6/out/server/src/server.js:2298:3774","timestamp":"2024-10-12T12:37:34.862Z"}
{"level":"error","message":"✘ Completions for node failed: Error: [Return]{4b76dd} at hector.wlk:90 exhausted all cases without a match [Return]{4b76dd} at hector.wlk:90 exhausted all cases without a match","stack":"Error: [Return]{4b76dd} at hector.wlk:90 exhausted all cases without a match\n    at /home/felipe/.vscode/extensions/uqbar.wollok-lsp-ide-0.3.6/out/server/src/server.js:38:6067\n    at yh (/home/felipe/.vscode/extensions/uqbar.wollok-lsp-ide-0.3.6/out/server/src/server.js:2291:42)\n    at kh (/home/felipe/.vscode/extensions/uqbar.wollok-lsp-ide-0.3.6/out/server/src/server.js:2291:1004)\n    at yh (/home/felipe/.vscode/extensions/uqbar.wollok-lsp-ide-0.3.6/out/server/src/server.js:2291:456)\n    at kh (/home/felipe/.vscode/extensions/uqbar.wollok-lsp-ide-0.3.6/out/server/src/server.js:2291:1004)\n    at yh (/home/felipe/.vscode/extensions/uqbar.wollok-lsp-ide-0.3.6/out/server/src/server.js:2291:456)\n    at kh (/home/felipe/.vscode/extensions/uqbar.wollok-lsp-ide-0.3.6/out/server/src/server.js:2291:1004)\n    at Y5n (/home/felipe/.vscode/extensions/uqbar.wollok-lsp-ide-0.3.6/out/server/src/server.js:2291:1160)\n    at /home/felipe/.vscode/extensions/uqbar.wollok-lsp-ide-0.3.6/out/server/src/server.js:38:6056\n    at yh (/home/felipe/.vscode/extensions/uqbar.wollok-lsp-ide-0.3.6/out/server/src/server.js:2291:42)","timestamp":"2024-10-12T12:37:34.863Z"}
{"level":"info","message":"⌛ Validating hector.wlk","timeElapsed":252,"timestamp":"2024-10-12T12:37:35.119Z"}
{"level":"info","message":"⌛ Building environment","timeElapsed":240,"timestamp":"2024-10-12T12:37:35.359Z"}
{"level":"info","message":"⌛ Validating hector.wlk","timeElapsed":260,"timestamp":"2024-10-12T12:37:35.628Z"}
{"level":"info","message":"⌛ Building environment","timeElapsed":193,"timestamp":"2024-10-12T12:37:35.822Z"}
{"level":"info","message":"⌛ Validating hector.wlk","timeElapsed":248,"timestamp":"2024-10-12T12:37:36.075Z"}
{"level":"info","message":"⌛ Validating hector.wlk","timeElapsed":250,"timestamp":"2024-10-12T12:37:36.337Z"}
{"level":"info","message":"⌛ Building environment","timeElapsed":204,"timestamp":"2024-10-12T12:37:36.542Z"}
{"level":"info","message":"⌛ Validating hector.wlk","timeElapsed":248,"timestamp":"2024-10-12T12:37:36.790Z"}
{"level":"info","message":"⌛ Validating hector.wlk","timeElapsed":249,"timestamp":"2024-10-12T12:37:37.050Z"}
{"level":"info","message":"⌛ Validating hector.wlk","timeElapsed":226,"timestamp":"2024-10-12T12:37:37.277Z"}
{"level":"info","message":"⌛ Validating hector.wlk","timeElapsed":258,"timestamp":"2024-10-12T12:37:37.535Z"}
{"level":"info","message":"⌛ Building environment","timeElapsed":330,"timestamp":"2024-10-12T12:38:45.678Z"}
{"level":"info","message":"⌛ Building environment","timeElapsed":307,"timestamp":"2024-10-12T12:38:45.987Z"}
{"level":"info","message":"⌛ Validating hector.wlk","timeElapsed":264,"timestamp":"2024-10-12T12:38:46.252Z"}
{"level":"info","message":"⌛ Validating hector.wlk","timeElapsed":246,"timestamp":"2024-10-12T12:38:46.504Z"}
{"level":"info","message":"⌛ Building environment","timeElapsed":322,"timestamp":"2024-10-12T12:38:46.830Z"}
{"level":"info","message":"⌛ Building environment","timeElapsed":236,"timestamp":"2024-10-12T12:38:47.076Z"}
{"level":"info","message":"⌛ Building environment","timeElapsed":213,"timestamp":"2024-10-12T12:38:47.290Z"}
{"level":"info","message":"⌛ Validating hector.wlk","timeElapsed":403,"timestamp":"2024-10-12T12:38:47.697Z"}
{"level":"info","message":"⌛ Building environment","timeElapsed":240,"timestamp":"2024-10-12T12:38:47.939Z"}
{"level":"info","message":"⌛ Building environment","timeElapsed":225,"timestamp":"2024-10-12T12:38:48.166Z"}
{"level":"info","message":"⌛ Validating hector.wlk","timeElapsed":299,"timestamp":"2024-10-12T12:38:48.467Z"}
{"level":"info","message":"⌛ Building environment","timeElapsed":439,"timestamp":"2024-10-12T12:38:48.907Z"}
{"level":"info","message":"⌛ Validating hector.wlk","timeElapsed":463,"timestamp":"2024-10-12T12:38:49.371Z"}
{"level":"info","message":"⌛ Building environment","timeElapsed":217,"timestamp":"2024-10-12T12:38:49.589Z"}
{"level":"info","message":"⌛ Building environment","timeElapsed":258,"timestamp":"2024-10-12T12:38:49.856Z"}
{"level":"info","message":"⌛ Building environment","timeElapsed":204,"timestamp":"2024-10-12T12:38:50.060Z"}
{"level":"info","message":"⌛ Building environment","timeElapsed":225,"timestamp":"2024-10-12T12:38:50.288Z"}
{"level":"info","message":"⌛ Validating hector.wlk","timeElapsed":233,"timestamp":"2024-10-12T12:38:50.527Z"}
{"level":"info","message":"⌛ Building environment","timeElapsed":173,"timestamp":"2024-10-12T12:38:50.702Z"}
{"level":"info","message":"⌛ Validating hector.wlk","timeElapsed":232,"timestamp":"2024-10-12T12:38:50.940Z"}
{"level":"info","message":"⌛ Building environment","timeElapsed":183,"timestamp":"2024-10-12T12:38:51.124Z"}
{"level":"info","message":"⌛ Building environment","timeElapsed":192,"timestamp":"2024-10-12T12:38:51.323Z"}
{"level":"info","message":"⌛ Building environment","timeElapsed":205,"timestamp":"2024-10-12T12:38:51.540Z"}
{"level":"info","message":"⌛ Validating hector.wlk","timeElapsed":403,"timestamp":"2024-10-12T12:38:51.943Z"}
{"level":"info","message":"⌛ Building environment","timeElapsed":234,"timestamp":"2024-10-12T12:38:52.188Z"}
{"level":"info","message":"⌛ Validating hector.wlk","timeElapsed":327,"timestamp":"2024-10-12T12:38:52.523Z"}
{"level":"info","message":"⌛ Building environment","timeElapsed":180,"timestamp":"2024-10-12T12:38:52.704Z"}
{"level":"info","message":"⌛ Building environment","timeElapsed":213,"timestamp":"2024-10-12T12:38:52.924Z"}
{"level":"info","message":"⌛ Validating hector.wlk","timeElapsed":265,"timestamp":"2024-10-12T12:38:53.189Z"}
{"level":"info","message":"⌛ Building environment","timeElapsed":269,"timestamp":"2024-10-12T12:38:53.458Z"}
{"level":"info","message":"⌛ Validating hector.wlk","timeElapsed":246,"timestamp":"2024-10-12T12:38:53.705Z"}
{"level":"info","message":"⌛ Validating hector.wlk","timeElapsed":235,"timestamp":"2024-10-12T12:38:53.941Z"}
{"level":"info","message":"⌛ Validating hector.wlk","timeElapsed":270,"timestamp":"2024-10-12T12:38:54.223Z"}
{"level":"info","message":"⌛ Validating hector.wlk","timeElapsed":308,"timestamp":"2024-10-12T12:38:54.532Z"}
{"level":"info","message":"⌛ Validating hector.wlk","timeElapsed":308,"timestamp":"2024-10-12T12:38:54.841Z"}
{"level":"info","message":"⌛ Validating hector.wlk","timeElapsed":259,"timestamp":"2024-10-12T12:38:55.101Z"}
{"level":"info","message":"⌛ Validating hector.wlk","timeElapsed":233,"timestamp":"2024-10-12T12:38:55.334Z"}
{"level":"info","message":"⌛ Validating hector.wlk","timeElapsed":218,"timestamp":"2024-10-12T12:38:55.553Z"}
{"level":"info","message":"⌛ Validating hector.wlk","timeElapsed":218,"timestamp":"2024-10-12T12:38:55.771Z"}
{"level":"info","message":"⌛ Validating hector.wlk","timeElapsed":248,"timestamp":"2024-10-12T12:38:56.019Z"}
{"level":"info","message":"⌛ Building environment","timeElapsed":189,"timestamp":"2024-10-12T12:39:00.530Z"}
{"level":"info","message":"⌛ Validating hector.wlk","timeElapsed":243,"timestamp":"2024-10-12T12:39:00.776Z"}
{"level":"info","message":"⌛ Building environment","timeElapsed":194,"timestamp":"2024-10-12T12:39:00.974Z"}
{"level":"info","message":"⌛ Building environment","timeElapsed":298,"timestamp":"2024-10-12T12:39:01.335Z"}
{"level":"info","message":"⌛ Validating hector.wlk","timeElapsed":292,"timestamp":"2024-10-12T12:39:01.629Z"}
{"level":"info","message":"⌛ Building environment","timeElapsed":198,"timestamp":"2024-10-12T12:39:01.839Z"}
{"level":"info","message":"⌛ Building environment","timeElapsed":333,"timestamp":"2024-10-12T12:39:02.173Z"}
{"level":"info","message":"⌛ Validating hector.wlk","timeElapsed":283,"timestamp":"2024-10-12T12:39:02.456Z"}
{"level":"info","message":"⌛ Building environment","timeElapsed":208,"timestamp":"2024-10-12T12:39:02.665Z"}
{"level":"info","message":"⌛ Validating hector.wlk","timeElapsed":266,"timestamp":"2024-10-12T12:39:02.940Z"}
{"level":"info","message":"⌛ Building environment","timeElapsed":218,"timestamp":"2024-10-12T12:39:03.159Z"}
{"level":"info","message":"⌛ Validating hector.wlk","timeElapsed":240,"timestamp":"2024-10-12T12:39:03.400Z"}
{"level":"info","message":"⌛ Building environment","timeElapsed":189,"timestamp":"2024-10-12T12:39:03.590Z"}
{"level":"info","message":"⌛ Building environment","timeElapsed":188,"timestamp":"2024-10-12T12:39:03.779Z"}
{"level":"info","message":"⌛ Building environment","timeElapsed":183,"timestamp":"2024-10-12T12:39:03.971Z"}
{"level":"info","message":"⌛ Validating hector.wlk","timeElapsed":241,"timestamp":"2024-10-12T12:39:04.212Z"}
{"level":"info","message":"⌛ Building environment","timeElapsed":192,"timestamp":"2024-10-12T12:39:04.406Z"}
{"level":"info","message":"⌛ Building environment","timeElapsed":206,"timestamp":"2024-10-12T12:39:04.613Z"}
{"level":"info","message":"⌛ Building environment","timeElapsed":251,"timestamp":"2024-10-12T12:39:04.865Z"}
{"level":"info","message":"⌛ Validating hector.wlk","timeElapsed":222,"timestamp":"2024-10-12T12:39:05.095Z"}
{"level":"info","message":"⌛ Building environment","timeElapsed":197,"timestamp":"2024-10-12T12:39:05.293Z"}
{"level":"info","message":"⌛ Building environment","timeElapsed":180,"timestamp":"2024-10-12T12:39:05.485Z"}
{"level":"info","message":"⌛ Validating hector.wlk","timeElapsed":220,"timestamp":"2024-10-12T12:39:05.705Z"}
{"level":"info","message":"⌛ Validating hector.wlk","timeElapsed":223,"timestamp":"2024-10-12T12:39:05.938Z"}
{"level":"info","message":"⌛ Validating hector.wlk","timeElapsed":218,"timestamp":"2024-10-12T12:39:06.157Z"}
{"level":"info","message":"⌛ Building environment","timeElapsed":187,"timestamp":"2024-10-12T12:39:06.345Z"}
{"level":"info","message":"⌛ Building environment","timeElapsed":181,"timestamp":"2024-10-12T12:39:06.527Z"}
{"level":"info","message":"⌛ Validating hector.wlk","timeElapsed":220,"timestamp":"2024-10-12T12:39:06.757Z"}
{"level":"info","message":"⌛ Building environment","timeElapsed":454,"timestamp":"2024-10-12T12:39:07.213Z"}
{"level":"info","message":"⌛ Building environment","timeElapsed":200,"timestamp":"2024-10-12T12:39:07.435Z"}
{"level":"info","message":"⌛ Validating hector.wlk","timeElapsed":271,"timestamp":"2024-10-12T12:39:07.707Z"}
{"level":"info","message":"⌛ Validating hector.wlk","timeElapsed":220,"timestamp":"2024-10-12T12:39:07.928Z"}
{"level":"info","message":"⌛ Building environment","timeElapsed":196,"timestamp":"2024-10-12T12:39:08.134Z"}
{"level":"info","message":"⌛ Validating hector.wlk","timeElapsed":225,"timestamp":"2024-10-12T12:39:08.360Z"}
{"level":"info","message":"⌛ Validating hector.wlk","timeElapsed":230,"timestamp":"2024-10-12T12:39:08.591Z"}
{"level":"info","message":"⌛ Validating hector.wlk","timeElapsed":219,"timestamp":"2024-10-12T12:39:08.822Z"}
{"level":"info","message":"⌛ Validating hector.wlk","timeElapsed":239,"timestamp":"2024-10-12T12:39:09.061Z"}
{"level":"info","message":"⌛ Building environment","timeElapsed":186,"timestamp":"2024-10-12T12:39:09.249Z"}
{"level":"info","message":"⌛ Validating hector.wlk","timeElapsed":234,"timestamp":"2024-10-12T12:39:09.484Z"}
{"level":"info","message":"⌛ Validating hector.wlk","timeElapsed":226,"timestamp":"2024-10-12T12:39:09.718Z"}
{"level":"info","message":"⌛ Building environment","timeElapsed":315,"timestamp":"2024-10-12T12:39:10.070Z"}
{"level":"info","message":"⌛ Validating hector.wlk","timeElapsed":248,"timestamp":"2024-10-12T12:39:10.318Z"}
{"level":"info","message":"⌛ Building environment","timeElapsed":180,"timestamp":"2024-10-12T12:39:10.506Z"}
{"level":"info","message":"⌛ Building environment","timeElapsed":203,"timestamp":"2024-10-12T12:39:10.719Z"}
{"level":"info","message":"⌛ Validating hector.wlk","timeElapsed":260,"timestamp":"2024-10-12T12:39:10.985Z"}
{"level":"info","message":"⌛ Building environment","timeElapsed":232,"timestamp":"2024-10-12T12:39:11.224Z"}
{"level":"info","message":"⌛ Validating hector.wlk","timeElapsed":312,"timestamp":"2024-10-12T12:39:11.537Z"}
{"level":"info","message":"⌛ Validating hector.wlk","timeElapsed":283,"timestamp":"2024-10-12T12:39:11.828Z"}
{"level":"info","message":"⌛ Validating hector.wlk","timeElapsed":332,"timestamp":"2024-10-12T12:39:12.161Z"}
{"level":"info","message":"⌛ Validating hector.wlk","timeElapsed":288,"timestamp":"2024-10-12T12:39:12.451Z"}
{"level":"info","message":"⌛ Building environment","timeElapsed":204,"timestamp":"2024-10-12T12:39:17.414Z"}
{"level":"info","message":"⌛ Validating hector.wlk","timeElapsed":235,"timestamp":"2024-10-12T12:39:17.658Z"}
{"level":"info","message":"⌛ Building environment","timeElapsed":207,"timestamp":"2024-10-12T12:39:18.900Z"}
{"level":"info","message":"⌛ Validating hector.wlk","timeElapsed":337,"timestamp":"2024-10-12T12:39:19.242Z"}
{"level":"info","message":"⌛ Building environment","timeElapsed":193,"timestamp":"2024-10-12T12:39:19.435Z"}
{"level":"info","message":"⌛ Building environment","timeElapsed":196,"timestamp":"2024-10-12T12:39:19.639Z"}
{"level":"info","message":"⌛ Validating hector.wlk","timeElapsed":237,"timestamp":"2024-10-12T12:39:19.876Z"}
{"level":"info","message":"⌛ Building environment","timeElapsed":259,"timestamp":"2024-10-12T12:39:20.137Z"}
{"level":"info","message":"⌛ Validating hector.wlk","timeElapsed":247,"timestamp":"2024-10-12T12:39:20.392Z"}
{"level":"info","message":"⌛ Building environment","timeElapsed":327,"timestamp":"2024-10-12T12:39:20.719Z"}
{"level":"info","message":"⌛ Validating hector.wlk","timeElapsed":237,"timestamp":"2024-10-12T12:39:20.963Z"}
{"level":"info","message":"⌛ Building environment","timeElapsed":209,"timestamp":"2024-10-12T12:39:21.173Z"}
{"level":"info","message":"⌛ Building environment","timeElapsed":202,"timestamp":"2024-10-12T12:39:21.375Z"}
{"level":"info","message":"⌛ Validating hector.wlk","timeElapsed":251,"timestamp":"2024-10-12T12:39:21.626Z"}
{"level":"info","message":"⌛ Building environment","timeElapsed":182,"timestamp":"2024-10-12T12:39:21.817Z"}
{"level":"info","message":"⌛ Validating hector.wlk","timeElapsed":249,"timestamp":"2024-10-12T12:39:22.066Z"}
{"level":"info","message":"⌛ Building environment","timeElapsed":204,"timestamp":"2024-10-12T12:39:22.271Z"}
{"level":"info","message":"⌛ Validating hector.wlk","timeElapsed":237,"timestamp":"2024-10-12T12:39:22.509Z"}
{"level":"info","message":"⌛ Validating hector.wlk","timeElapsed":223,"timestamp":"2024-10-12T12:39:22.741Z"}
{"level":"info","message":"⌛ Building environment","timeElapsed":186,"timestamp":"2024-10-12T12:39:22.928Z"}
{"level":"info","message":"⌛ Building environment","timeElapsed":196,"timestamp":"2024-10-12T12:39:23.126Z"}
{"level":"info","message":"⌛ Validating hector.wlk","timeElapsed":233,"timestamp":"2024-10-12T12:39:23.359Z"}
{"level":"info","message":"⌛ Validating hector.wlk","timeElapsed":231,"timestamp":"2024-10-12T12:39:23.603Z"}
{"level":"info","message":"⌛ Building environment","timeElapsed":200,"timestamp":"2024-10-12T12:39:23.803Z"}
{"level":"info","message":"⌛ Validating hector.wlk","timeElapsed":266,"timestamp":"2024-10-12T12:39:24.069Z"}
{"level":"info","message":"⌛ Building environment","timeElapsed":214,"timestamp":"2024-10-12T12:39:24.293Z"}
{"level":"info","message":"⌛ Building environment","timeElapsed":222,"timestamp":"2024-10-12T12:39:24.518Z"}
{"level":"info","message":"⌛ Building environment","timeElapsed":202,"timestamp":"2024-10-12T12:39:24.721Z"}
{"level":"info","message":"⌛ Validating hector.wlk","timeElapsed":251,"timestamp":"2024-10-12T12:39:24.979Z"}
{"level":"info","message":"⌛ Building environment","timeElapsed":203,"timestamp":"2024-10-12T12:39:25.183Z"}
{"level":"info","message":"⌛ Building environment","timeElapsed":182,"timestamp":"2024-10-12T12:39:25.372Z"}
{"level":"info","message":"⌛ Building environment","timeElapsed":184,"timestamp":"2024-10-12T12:39:25.556Z"}
{"level":"info","message":"⌛ Validating hector.wlk","timeElapsed":227,"timestamp":"2024-10-12T12:39:25.785Z"}
{"level":"info","message":"⌛ Building environment","timeElapsed":304,"timestamp":"2024-10-12T12:39:26.089Z"}
{"level":"info","message":"⌛ Building environment","timeElapsed":182,"timestamp":"2024-10-12T12:39:26.273Z"}
{"level":"info","message":"⌛ Validating hector.wlk","timeElapsed":222,"timestamp":"2024-10-12T12:39:26.501Z"}
{"level":"info","message":"⌛ Building environment","timeElapsed":183,"timestamp":"2024-10-12T12:39:26.685Z"}
{"level":"info","message":"⌛ Validating hector.wlk","timeElapsed":219,"timestamp":"2024-10-12T12:39:26.910Z"}
{"level":"info","message":"⌛ Building environment","timeElapsed":178,"timestamp":"2024-10-12T12:39:27.089Z"}
{"level":"info","message":"⌛ Building environment","timeElapsed":186,"timestamp":"2024-10-12T12:39:27.282Z"}
{"level":"info","message":"⌛ Building environment","timeElapsed":190,"timestamp":"2024-10-12T12:39:27.474Z"}
{"level":"info","message":"⌛ Validating hector.wlk","timeElapsed":227,"timestamp":"2024-10-12T12:39:27.701Z"}
{"level":"info","message":"⌛ Validating hector.wlk","timeElapsed":212,"timestamp":"2024-10-12T12:39:27.914Z"}
{"level":"info","message":"⌛ Validating hector.wlk","timeElapsed":216,"timestamp":"2024-10-12T12:39:28.138Z"}
{"level":"info","message":"⌛ Validating hector.wlk","timeElapsed":214,"timestamp":"2024-10-12T12:39:28.353Z"}
{"level":"info","message":"⌛ Validating hector.wlk","timeElapsed":326,"timestamp":"2024-10-12T12:39:28.680Z"}
{"level":"info","message":"⌛ Validating hector.wlk","timeElapsed":221,"timestamp":"2024-10-12T12:39:28.904Z"}
{"level":"info","message":"⌛ Validating hector.wlk","timeElapsed":208,"timestamp":"2024-10-12T12:39:29.112Z"}
{"level":"info","message":"⌛ Validating hector.wlk","timeElapsed":209,"timestamp":"2024-10-12T12:39:29.321Z"}
{"level":"info","message":"⌛ Validating hector.wlk","timeElapsed":212,"timestamp":"2024-10-12T12:39:29.534Z"}
{"level":"info","message":"⌛ Building environment","timeElapsed":317,"timestamp":"2024-10-12T12:47:06.566Z"}
{"level":"info","message":"⌛ Building environment","timeElapsed":330,"timestamp":"2024-10-12T12:47:06.900Z"}
{"level":"info","message":"⌛ Building environment","timeElapsed":249,"timestamp":"2024-10-12T12:47:07.150Z"}
{"level":"info","message":"⌛ Validating hector.wlk","timeElapsed":270,"timestamp":"2024-10-12T12:47:07.421Z"}
{"level":"info","message":"⌛ Building environment","timeElapsed":347,"timestamp":"2024-10-12T12:47:07.770Z"}
{"level":"info","message":"⌛ Validating hector.wlk","timeElapsed":252,"timestamp":"2024-10-12T12:47:08.038Z"}
{"level":"info","message":"⌛ Validating hector.wlk","timeElapsed":234,"timestamp":"2024-10-12T12:47:08.282Z"}
{"level":"info","message":"⌛ Validating hector.wlk","timeElapsed":371,"timestamp":"2024-10-12T12:47:08.656Z"}
{"exitCode":"SIGHUP","level":"info","message":"👾 Game executed game.farmville on /home/felipe/Documents/Universidad/Proramacion_Con_Objetos_1/2024s2-granja-villa-FeliQI-main/2024s2-granja-villa-FeliQI-5","timeElapsed":63555,"timestamp":"2024-10-12T12:48:17.976Z"}
{"level":"info","message":"⌛ Building environment","timeElapsed":268,"timestamp":"2024-10-12T12:50:01.706Z"}
{"level":"info","message":"⌛ Building environment","timeElapsed":253,"timestamp":"2024-10-12T12:50:01.962Z"}
{"level":"info","message":"⌛ Building environment","timeElapsed":193,"timestamp":"2024-10-12T12:50:02.156Z"}
{"level":"info","message":"⌛ Validating objetos.wlk","timeElapsed":223,"timestamp":"2024-10-12T12:50:02.379Z"}
{"level":"info","message":"⌛ Validating objetos.wlk","timeElapsed":201,"timestamp":"2024-10-12T12:50:02.629Z"}
{"level":"info","message":"⌛ Building environment","timeElapsed":172,"timestamp":"2024-10-12T12:50:02.802Z"}
{"level":"info","message":"⌛ Validating objetos.wlk","timeElapsed":212,"timestamp":"2024-10-12T12:50:03.020Z"}
{"level":"info","message":"⌛ Validating objetos.wlk","timeElapsed":191,"timestamp":"2024-10-12T12:50:03.220Z"}
{"exitCode":"SIGHUP","level":"info","message":"👾 Game executed game.farmville on /home/felipe/Documents/Universidad/Proramacion_Con_Objetos_1/2024s2-granja-villa-FeliQI-main/2024s2-granja-villa-FeliQI-5","timeElapsed":26833,"timestamp":"2024-10-12T12:50:35.233Z"}
{"level":"info","message":"⌛ Building environment","timeElapsed":339,"timestamp":"2024-10-12T12:51:05.537Z"}
{"level":"info","message":"⌛ Building environment","timeElapsed":347,"timestamp":"2024-10-12T12:51:05.894Z"}
{"level":"info","message":"⌛ Validating hector.wlk","timeElapsed":243,"timestamp":"2024-10-12T12:51:06.188Z"}
{"level":"info","message":"⌛ Building environment","timeElapsed":206,"timestamp":"2024-10-12T12:51:06.395Z"}
{"level":"info","message":"⌛ Building environment","timeElapsed":346,"timestamp":"2024-10-12T12:51:06.744Z"}
{"level":"info","message":"⌛ Building environment","timeElapsed":191,"timestamp":"2024-10-12T12:51:06.938Z"}
{"level":"info","message":"⌛ Validating hector.wlk","timeElapsed":291,"timestamp":"2024-10-12T12:51:07.230Z"}
{"level":"info","message":"⌛ Validating hector.wlk","timeElapsed":319,"timestamp":"2024-10-12T12:51:07.598Z"}
{"level":"info","message":"⌛ Building environment","timeElapsed":246,"timestamp":"2024-10-12T12:51:07.846Z"}
{"level":"info","message":"⌛ Validating hector.wlk","timeElapsed":350,"timestamp":"2024-10-12T12:51:08.196Z"}
{"level":"info","message":"⌛ Validating hector.wlk","timeElapsed":283,"timestamp":"2024-10-12T12:51:08.497Z"}
{"level":"info","message":"⌛ Validating hector.wlk","timeElapsed":327,"timestamp":"2024-10-12T12:51:08.825Z"}
{"level":"info","message":"⌛ Building environment","timeElapsed":246,"timestamp":"2024-10-12T12:51:10.632Z"}
{"level":"info","message":"⌛ Validating hector.wlk","timeElapsed":245,"timestamp":"2024-10-12T12:51:10.879Z"}
{"level":"info","message":"⌛ Building environment","timeElapsed":235,"timestamp":"2024-10-12T12:51:12.818Z"}
{"level":"info","message":"⌛ Validating hector.wlk","timeElapsed":235,"timestamp":"2024-10-12T12:51:13.054Z"}
{"level":"info","message":"⌛ Building environment","timeElapsed":211,"timestamp":"2024-10-12T12:51:17.284Z"}
{"level":"info","message":"⌛ Validating hector.wlk","timeElapsed":226,"timestamp":"2024-10-12T12:51:17.511Z"}
{"level":"info","message":"⌛ Building environment","timeElapsed":215,"timestamp":"2024-10-12T12:51:20.119Z"}
{"level":"info","message":"⌛ Validating hector.wlk","timeElapsed":229,"timestamp":"2024-10-12T12:51:20.349Z"}
{"level":"info","message":"⌛ Building environment","timeElapsed":223,"timestamp":"2024-10-12T12:51:22.933Z"}
{"level":"info","message":"⌛ Validating hector.wlk","timeElapsed":231,"timestamp":"2024-10-12T12:51:23.166Z"}
{"level":"info","message":"⌛ Building environment","timeElapsed":218,"timestamp":"2024-10-12T12:51:28.589Z"}
{"level":"info","message":"⌛ Building environment","timeElapsed":320,"timestamp":"2024-10-12T12:51:28.911Z"}
{"level":"info","message":"⌛ Validating hector.wlk","timeElapsed":269,"timestamp":"2024-10-12T12:51:29.269Z"}
{"level":"info","message":"⌛ Building environment","timeElapsed":200,"timestamp":"2024-10-12T12:51:29.470Z"}
{"level":"info","message":"⌛ Building environment","timeElapsed":196,"timestamp":"2024-10-12T12:51:29.667Z"}
{"level":"info","message":"⌛ Validating hector.wlk","timeElapsed":255,"timestamp":"2024-10-12T12:51:29.930Z"}
{"level":"info","message":"⌛ Building environment","timeElapsed":251,"timestamp":"2024-10-12T12:51:30.181Z"}
{"level":"info","message":"⌛ Building environment","timeElapsed":219,"timestamp":"2024-10-12T12:51:30.419Z"}
{"level":"info","message":"⌛ Validating hector.wlk","timeElapsed":347,"timestamp":"2024-10-12T12:51:30.767Z"}
{"level":"info","message":"⌛ Validating hector.wlk","timeElapsed":339,"timestamp":"2024-10-12T12:51:31.115Z"}
{"level":"info","message":"⌛ Validating hector.wlk","timeElapsed":280,"timestamp":"2024-10-12T12:51:31.398Z"}
{"level":"info","message":"⌛ Validating hector.wlk","timeElapsed":259,"timestamp":"2024-10-12T12:51:31.703Z"}
{"level":"info","message":"⌛ Building environment","timeElapsed":246,"timestamp":"2024-10-12T12:51:32.388Z"}
{"level":"info","message":"⌛ Validating hector.wlk","timeElapsed":272,"timestamp":"2024-10-12T12:51:32.672Z"}
{"level":"info","message":"⌛ Building environment","timeElapsed":246,"timestamp":"2024-10-12T12:51:33.855Z"}
{"level":"info","message":"⌛ Validating hector.wlk","timeElapsed":394,"timestamp":"2024-10-12T12:51:34.270Z"}
{"level":"info","message":"⌛ Building environment","timeElapsed":248,"timestamp":"2024-10-12T12:51:35.578Z"}
{"level":"info","message":"⌛ Validating hector.wlk","timeElapsed":234,"timestamp":"2024-10-12T12:51:35.819Z"}
{"level":"info","message":"⌛ Building environment","timeElapsed":272,"timestamp":"2024-10-12T12:51:37.878Z"}
{"level":"info","message":"⌛ Validating hector.wlk","timeElapsed":235,"timestamp":"2024-10-12T12:51:38.116Z"}
{"level":"info","message":"⌛ Building environment","timeElapsed":455,"timestamp":"2024-10-12T13:01:03.780Z"}
{"level":"info","message":"⌛ Validating hector.wlk","timeElapsed":543,"timestamp":"2024-10-12T13:01:04.468Z"}
{"exitCode":"SIGHUP","level":"info","message":"👾 Game executed game.farmville on /home/felipe/Documents/Universidad/Proramacion_Con_Objetos_1/2024s2-granja-villa-FeliQI-main/2024s2-granja-villa-FeliQI-5","timeElapsed":564950,"timestamp":"2024-10-12T13:01:08.195Z"}
{"exitCode":"SIGHUP","level":"info","message":"👾 Game executed game.farmville on /home/felipe/Documents/Universidad/Proramacion_Con_Objetos_1/2024s2-granja-villa-FeliQI-main/2024s2-granja-villa-FeliQI-5","timeElapsed":62547,"timestamp":"2024-10-12T13:02:24.188Z"}
{"exitCode":"SIGHUP","level":"info","message":"👾 Game executed game.farmville on /home/felipe/Documents/Universidad/Proramacion_Con_Objetos_1/2024s2-granja-villa-FeliQI-main/2024s2-granja-villa-FeliQI-5","timeElapsed":39397,"timestamp":"2024-10-12T13:04:13.434Z"}
{"level":"info","message":"⌛ Building environment","timeElapsed":208,"timestamp":"2024-10-12T13:06:12.519Z"}
{"level":"info","message":"⌛ Building environment","timeElapsed":253,"timestamp":"2024-10-12T13:06:12.773Z"}
{"level":"info","message":"⌛ Validating objetos.wlk","timeElapsed":240,"timestamp":"2024-10-12T13:06:13.015Z"}
{"level":"info","message":"⌛ Validating objetos.wlk","timeElapsed":194,"timestamp":"2024-10-12T13:06:13.215Z"}
{"level":"info","message":"⌛ Building environment","timeElapsed":232,"timestamp":"2024-10-12T13:06:13.452Z"}
{"level":"info","message":"⌛ Validating objetos.wlk","timeElapsed":216,"timestamp":"2024-10-12T13:06:13.688Z"}
{"level":"info","message":"⌛ Building environment","timeElapsed":278,"timestamp":"2024-10-12T13:06:14.613Z"}
{"level":"info","message":"⌛ Validating objetos.wlk","timeElapsed":224,"timestamp":"2024-10-12T13:06:14.894Z"}
{"level":"info","message":"⌛ Building environment","timeElapsed":252,"timestamp":"2024-10-12T13:08:23.093Z"}
{"level":"info","message":"⌛ Validating hector.wlk","timeElapsed":223,"timestamp":"2024-10-12T13:08:23.319Z"}
{"level":"info","message":"⌛ Building environment","timeElapsed":186,"timestamp":"2024-10-12T13:08:23.727Z"}
{"level":"error","message":"✘ Completions for node failed: Error: [If]{9624e3} at hector.wlk:66 exhausted all cases without a match [If]{9624e3} at hector.wlk:66 exhausted all cases without a match","stack":"Error: [If]{9624e3} at hector.wlk:66 exhausted all cases without a match\n    at /home/felipe/.vscode/extensions/uqbar.wollok-lsp-ide-0.3.6/out/server/src/server.js:38:6067\n    at yh (/home/felipe/.vscode/extensions/uqbar.wollok-lsp-ide-0.3.6/out/server/src/server.js:2291:42)\n    at kh (/home/felipe/.vscode/extensions/uqbar.wollok-lsp-ide-0.3.6/out/server/src/server.js:2291:1004)\n    at z5n (/home/felipe/.vscode/extensions/uqbar.wollok-lsp-ide-0.3.6/out/server/src/server.js:2291:730)\n    at /home/felipe/.vscode/extensions/uqbar.wollok-lsp-ide-0.3.6/out/server/src/server.js:38:6056\n    at yh (/home/felipe/.vscode/extensions/uqbar.wollok-lsp-ide-0.3.6/out/server/src/server.js:2291:42)\n    at kh (/home/felipe/.vscode/extensions/uqbar.wollok-lsp-ide-0.3.6/out/server/src/server.js:2291:1004)\n    at Y5n (/home/felipe/.vscode/extensions/uqbar.wollok-lsp-ide-0.3.6/out/server/src/server.js:2291:1160)\n    at /home/felipe/.vscode/extensions/uqbar.wollok-lsp-ide-0.3.6/out/server/src/server.js:38:6056\n    at yh (/home/felipe/.vscode/extensions/uqbar.wollok-lsp-ide-0.3.6/out/server/src/server.js:2291:42)","timestamp":"2024-10-12T13:08:23.765Z"}
{"level":"info","message":"⌛ Building environment","timeElapsed":184,"timestamp":"2024-10-12T13:08:23.954Z"}
{"level":"info","message":"⌛ Validating hector.wlk","timeElapsed":258,"timestamp":"2024-10-12T13:08:24.219Z"}
{"level":"info","message":"onRequest - completionItem/resolve","timestamp":"2024-10-12T13:08:24.220Z"}
{"level":"info","message":"⌛ Building environment","timeElapsed":252,"timestamp":"2024-10-12T13:08:24.472Z"}
{"level":"info","message":"onRequest - completionItem/resolve","timestamp":"2024-10-12T13:08:24.473Z"}
{"level":"info","message":"⌛ Validating hector.wlk","timeElapsed":216,"timestamp":"2024-10-12T13:08:24.690Z"}
{"level":"info","message":"⌛ Building environment","timeElapsed":166,"timestamp":"2024-10-12T13:08:24.857Z"}
{"level":"info","message":"onRequest - completionItem/resolve","timestamp":"2024-10-12T13:08:24.860Z"}
{"level":"info","message":"⌛ Validating hector.wlk","timeElapsed":232,"timestamp":"2024-10-12T13:08:25.148Z"}
{"level":"info","message":"onRequest - completionItem/resolve","timestamp":"2024-10-12T13:08:25.148Z"}
{"level":"info","message":"⌛ Building environment","timeElapsed":194,"timestamp":"2024-10-12T13:08:25.344Z"}
{"level":"info","message":"⌛ Validating hector.wlk","timeElapsed":226,"timestamp":"2024-10-12T13:08:25.579Z"}
{"level":"info","message":"⌛ Building environment","timeElapsed":269,"timestamp":"2024-10-12T13:08:25.850Z"}
{"level":"info","message":"⌛ Validating hector.wlk","timeElapsed":202,"timestamp":"2024-10-12T13:08:26.104Z"}
{"level":"info","message":"⌛ Building environment","timeElapsed":172,"timestamp":"2024-10-12T13:08:26.279Z"}
{"level":"info","message":"⌛ Building environment","timeElapsed":160,"timestamp":"2024-10-12T13:08:26.439Z"}
{"level":"info","message":"⌛ Building environment","timeElapsed":153,"timestamp":"2024-10-12T13:08:26.593Z"}
{"level":"info","message":"⌛ Validating hector.wlk","timeElapsed":196,"timestamp":"2024-10-12T13:08:26.796Z"}
{"level":"info","message":"onRequest - completionItem/resolve","timestamp":"2024-10-12T13:08:26.796Z"}
{"level":"info","message":"⌛ Validating hector.wlk","timeElapsed":211,"timestamp":"2024-10-12T13:08:27.016Z"}
{"level":"info","message":"⌛ Validating hector.wlk","timeElapsed":185,"timestamp":"2024-10-12T13:08:27.202Z"}
{"level":"info","message":"⌛ Validating hector.wlk","timeElapsed":200,"timestamp":"2024-10-12T13:08:27.404Z"}
{"level":"info","message":"onRequest - completionItem/resolve","timestamp":"2024-10-12T13:08:27.404Z"}
{"level":"info","message":"⌛ Building environment","timeElapsed":174,"timestamp":"2024-10-12T13:08:27.755Z"}
{"level":"info","message":"⌛ Validating hector.wlk","timeElapsed":211,"timestamp":"2024-10-12T13:08:27.971Z"}
{"level":"info","message":"⌛ Building environment","timeElapsed":223,"timestamp":"2024-10-12T13:08:32.620Z"}
{"level":"info","message":"⌛ Validating hector.wlk","timeElapsed":215,"timestamp":"2024-10-12T13:08:32.884Z"}
{"level":"info","message":"onRequest - completionItem/resolve","timestamp":"2024-10-12T13:08:32.884Z"}
{"level":"info","message":"⌛ Building environment","timeElapsed":193,"timestamp":"2024-10-12T13:08:33.988Z"}
{"level":"info","message":"onRequest - completionItem/resolve","timestamp":"2024-10-12T13:08:33.989Z"}
{"level":"info","message":"⌛ Building environment","timeElapsed":238,"timestamp":"2024-10-12T13:08:34.227Z"}
{"level":"info","message":"onRequest - completionItem/resolve","timestamp":"2024-10-12T13:08:34.234Z"}
{"level":"info","message":"⌛ Validating hector.wlk","timeElapsed":221,"timestamp":"2024-10-12T13:08:34.455Z"}
{"level":"info","message":"⌛ Building environment","timeElapsed":189,"timestamp":"2024-10-12T13:08:34.644Z"}
{"level":"info","message":"onRequest - completionItem/resolve","timestamp":"2024-10-12T13:08:34.652Z"}
{"level":"info","message":"⌛ Validating hector.wlk","timeElapsed":188,"timestamp":"2024-10-12T13:08:34.840Z"}
{"level":"info","message":"⌛ Validating hector.wlk","timeElapsed":200,"timestamp":"2024-10-12T13:08:35.051Z"}
{"level":"info","message":"onRequest - completionItem/resolve","timestamp":"2024-10-12T13:08:35.079Z"}
{"level":"info","message":"⌛ Building environment","timeElapsed":164,"timestamp":"2024-10-12T13:08:35.550Z"}
{"level":"info","message":"⌛ Validating hector.wlk","timeElapsed":192,"timestamp":"2024-10-12T13:08:35.744Z"}
{"level":"info","message":"⌛ Building environment","timeElapsed":178,"timestamp":"2024-10-12T13:08:36.239Z"}
{"level":"error","message":"✘ Completions for node failed: Error: [Send]{cfd341} at hector.wlk:69 exhausted all cases without a match [Send]{cfd341} at hector.wlk:69 exhausted all cases without a match","stack":"Error: [Send]{cfd341} at hector.wlk:69 exhausted all cases without a match\n    at /home/felipe/.vscode/extensions/uqbar.wollok-lsp-ide-0.3.6/out/server/src/server.js:38:6067\n    at yh (/home/felipe/.vscode/extensions/uqbar.wollok-lsp-ide-0.3.6/out/server/src/server.js:2291:42)\n    at kh (/home/felipe/.vscode/extensions/uqbar.wollok-lsp-ide-0.3.6/out/server/src/server.js:2291:1004)\n    at Y5n (/home/felipe/.vscode/extensions/uqbar.wollok-lsp-ide-0.3.6/out/server/src/server.js:2291:1160)\n    at /home/felipe/.vscode/extensions/uqbar.wollok-lsp-ide-0.3.6/out/server/src/server.js:38:6056\n    at yh (/home/felipe/.vscode/extensions/uqbar.wollok-lsp-ide-0.3.6/out/server/src/server.js:2291:42)\n    at /home/felipe/.vscode/extensions/uqbar.wollok-lsp-ide-0.3.6/out/server/src/server.js:2291:2700\n    at /home/felipe/.vscode/extensions/uqbar.wollok-lsp-ide-0.3.6/out/server/src/server.js:2298:3774\n    at /home/felipe/.vscode/extensions/uqbar.wollok-lsp-ide-0.3.6/out/server/src/server.js:37:74872\n    at Fe (/home/felipe/.vscode/extensions/uqbar.wollok-lsp-ide-0.3.6/out/server/src/server.js:7:8527)","timestamp":"2024-10-12T13:08:36.283Z"}
{"level":"error","message":"✘ Completions for node failed: Error: [If]{fb0b8c} at hector.wlk:66 exhausted all cases without a match [If]{fb0b8c} at hector.wlk:66 exhausted all cases without a match","stack":"Error: [If]{fb0b8c} at hector.wlk:66 exhausted all cases without a match\n    at /home/felipe/.vscode/extensions/uqbar.wollok-lsp-ide-0.3.6/out/server/src/server.js:38:6067\n    at yh (/home/felipe/.vscode/extensions/uqbar.wollok-lsp-ide-0.3.6/out/server/src/server.js:2291:42)\n    at kh (/home/felipe/.vscode/extensions/uqbar.wollok-lsp-ide-0.3.6/out/server/src/server.js:2291:1004)\n    at z5n (/home/felipe/.vscode/extensions/uqbar.wollok-lsp-ide-0.3.6/out/server/src/server.js:2291:730)\n    at /home/felipe/.vscode/extensions/uqbar.wollok-lsp-ide-0.3.6/out/server/src/server.js:38:6056\n    at yh (/home/felipe/.vscode/extensions/uqbar.wollok-lsp-ide-0.3.6/out/server/src/server.js:2291:42)\n    at kh (/home/felipe/.vscode/extensions/uqbar.wollok-lsp-ide-0.3.6/out/server/src/server.js:2291:1004)\n    at yh (/home/felipe/.vscode/extensions/uqbar.wollok-lsp-ide-0.3.6/out/server/src/server.js:2291:456)\n    at kh (/home/felipe/.vscode/extensions/uqbar.wollok-lsp-ide-0.3.6/out/server/src/server.js:2291:1004)\n    at Y5n (/home/felipe/.vscode/extensions/uqbar.wollok-lsp-ide-0.3.6/out/server/src/server.js:2291:1160)","timestamp":"2024-10-12T13:08:36.284Z"}
{"level":"info","message":"⌛ Building environment","timeElapsed":179,"timestamp":"2024-10-12T13:08:36.471Z"}
{"level":"info","message":"⌛ Validating hector.wlk","timeElapsed":200,"timestamp":"2024-10-12T13:08:36.671Z"}
{"level":"info","message":"onRequest - completionItem/resolve","timestamp":"2024-10-12T13:08:36.672Z"}
{"level":"info","message":"⌛ Building environment","timeElapsed":158,"timestamp":"2024-10-12T13:08:36.831Z"}
{"level":"info","message":"onRequest - completionItem/resolve","timestamp":"2024-10-12T13:08:36.831Z"}
{"level":"info","message":"⌛ Building environment","timeElapsed":165,"timestamp":"2024-10-12T13:08:36.998Z"}
{"level":"info","message":"onRequest - completionItem/resolve","timestamp":"2024-10-12T13:08:37.000Z"}
{"level":"info","message":"⌛ Validating hector.wlk","timeElapsed":348,"timestamp":"2024-10-12T13:08:37.348Z"}
{"level":"info","message":"⌛ Validating hector.wlk","timeElapsed":233,"timestamp":"2024-10-12T13:08:37.589Z"}
{"level":"info","message":"⌛ Validating hector.wlk","timeElapsed":203,"timestamp":"2024-10-12T13:08:37.792Z"}
{"level":"info","message":"⌛ Building environment","timeElapsed":230,"timestamp":"2024-10-12T13:08:46.466Z"}
{"level":"info","message":"⌛ Validating posiciones.wlk","timeElapsed":260,"timestamp":"2024-10-12T13:08:46.736Z"}
{"exitCode":"SIGHUP","level":"info","message":"👾 Game executed game.farmville on /home/felipe/Documents/Universidad/Proramacion_Con_Objetos_1/2024s2-granja-villa-FeliQI-main/2024s2-granja-villa-FeliQI-5","timeElapsed":97359,"timestamp":"2024-10-12T13:10:27.466Z"}
{"level":"info","message":"⌛ Building environment","timeElapsed":257,"timestamp":"2024-10-12T13:10:37.411Z"}
{"level":"info","message":"⌛ Validating hector.wlk","timeElapsed":272,"timestamp":"2024-10-12T13:10:37.732Z"}
{"level":"info","message":"⌛ Building environment","timeElapsed":190,"timestamp":"2024-10-12T13:10:38.294Z"}
{"level":"error","message":"✘ Completions for node failed: Error: hector.hector.p [Field]{ca3d94} at hector.wlk:10 exhausted all cases without a match hector.hector.p [Field]{ca3d94} at hector.wlk:10 exhausted all cases without a match","stack":"Error: hector.hector.p [Field]{ca3d94} at hector.wlk:10 exhausted all cases without a match\n    at /home/felipe/.vscode/extensions/uqbar.wollok-lsp-ide-0.3.6/out/server/src/server.js:38:6067\n    at yh (/home/felipe/.vscode/extensions/uqbar.wollok-lsp-ide-0.3.6/out/server/src/server.js:2291:42)\n    at /home/felipe/.vscode/extensions/uqbar.wollok-lsp-ide-0.3.6/out/server/src/server.js:2291:2700\n    at /home/felipe/.vscode/extensions/uqbar.wollok-lsp-ide-0.3.6/out/server/src/server.js:2298:3774\n    at /home/felipe/.vscode/extensions/uqbar.wollok-lsp-ide-0.3.6/out/server/src/server.js:37:74872\n    at Fe (/home/felipe/.vscode/extensions/uqbar.wollok-lsp-ide-0.3.6/out/server/src/server.js:7:8527)\n    at Pt (/home/felipe/.vscode/extensions/uqbar.wollok-lsp-ide-0.3.6/out/server/src/server.js:7:6189)\n    at Gi (/home/felipe/.vscode/extensions/uqbar.wollok-lsp-ide-0.3.6/out/server/src/server.js:7:6378)\n    at Immediate._onImmediate (/home/felipe/.vscode/extensions/uqbar.wollok-lsp-ide-0.3.6/out/server/src/server.js:7:6142)\n    at process.processImmediate (node:internal/timers:483:21)","timestamp":"2024-10-12T13:10:38.327Z"}
{"level":"info","message":"⌛ Building environment","timeElapsed":192,"timestamp":"2024-10-12T13:10:38.523Z"}
{"level":"info","message":"⌛ Validating hector.wlk","timeElapsed":285,"timestamp":"2024-10-12T13:10:38.809Z"}
{"level":"info","message":"onRequest - completionItem/resolve","timestamp":"2024-10-12T13:10:38.810Z"}
{"level":"info","message":"⌛ Building environment","timeElapsed":208,"timestamp":"2024-10-12T13:10:39.019Z"}
{"level":"info","message":"onRequest - completionItem/resolve","timestamp":"2024-10-12T13:10:39.026Z"}
{"level":"info","message":"⌛ Validating hector.wlk","timeElapsed":208,"timestamp":"2024-10-12T13:10:39.234Z"}
{"level":"info","message":"⌛ Building environment","timeElapsed":173,"timestamp":"2024-10-12T13:10:39.408Z"}
{"level":"info","message":"onRequest - completionItem/resolve","timestamp":"2024-10-12T13:10:39.410Z"}
{"level":"info","message":"⌛ Building environment","timeElapsed":238,"timestamp":"2024-10-12T13:10:39.651Z"}
{"level":"info","message":"onRequest - completionItem/resolve","timestamp":"2024-10-12T13:10:39.669Z"}
{"level":"info","message":"⌛ Building environment","timeElapsed":183,"timestamp":"2024-10-12T13:10:39.852Z"}
{"level":"info","message":"onRequest - completionItem/resolve","timestamp":"2024-10-12T13:10:39.853Z"}
{"level":"info","message":"⌛ Building environment","timeElapsed":173,"timestamp":"2024-10-12T13:10:40.026Z"}
{"level":"info","message":"onRequest - completionItem/resolve","timestamp":"2024-10-12T13:10:40.028Z"}
{"level":"info","message":"⌛ Validating hector.wlk","timeElapsed":332,"timestamp":"2024-10-12T13:10:40.360Z"}
{"level":"info","message":"⌛ Building environment","timeElapsed":191,"timestamp":"2024-10-12T13:10:40.552Z"}
{"level":"info","message":"onRequest - completionItem/resolve","timestamp":"2024-10-12T13:10:40.552Z"}
{"level":"info","message":"⌛ Validating hector.wlk","timeElapsed":224,"timestamp":"2024-10-12T13:10:40.784Z"}
{"level":"info","message":"⌛ Validating hector.wlk","timeElapsed":218,"timestamp":"2024-10-12T13:10:41.004Z"}
{"level":"info","message":"⌛ Validating hector.wlk","timeElapsed":210,"timestamp":"2024-10-12T13:10:41.214Z"}
{"level":"info","message":"⌛ Validating hector.wlk","timeElapsed":191,"timestamp":"2024-10-12T13:10:41.437Z"}
{"level":"info","message":"⌛ Validating hector.wlk","timeElapsed":204,"timestamp":"2024-10-12T13:10:41.640Z"}
{"exitCode":"SIGHUP","level":"info","message":"👾 Game executed game.farmville on /home/felipe/Documents/Universidad/Proramacion_Con_Objetos_1/2024s2-granja-villa-FeliQI-main/2024s2-granja-villa-FeliQI-5","timeElapsed":36708,"timestamp":"2024-10-12T13:11:23.472Z"}
{"level":"info","message":"⌛ Building environment","timeElapsed":375,"timestamp":"2024-10-12T13:12:36.632Z"}
{"level":"info","message":"⌛ Validating hector.wlk","timeElapsed":267,"timestamp":"2024-10-12T13:12:36.971Z"}
{"level":"info","message":"⌛ Building environment","timeElapsed":219,"timestamp":"2024-10-12T13:12:37.391Z"}
{"level":"info","message":"⌛ Validating hector.wlk","timeElapsed":243,"timestamp":"2024-10-12T13:12:37.637Z"}
{"level":"info","message":"⌛ Building environment","timeElapsed":255,"timestamp":"2024-10-12T13:12:38.146Z"}
{"level":"info","message":"⌛ Validating hector.wlk","timeElapsed":285,"timestamp":"2024-10-12T13:12:38.445Z"}
{"level":"info","message":"⌛ Building environment","timeElapsed":196,"timestamp":"2024-10-12T13:12:38.642Z"}
{"level":"info","message":"⌛ Validating hector.wlk","timeElapsed":283,"timestamp":"2024-10-12T13:12:38.992Z"}
{"level":"info","message":"⌛ Building environment","timeElapsed":223,"timestamp":"2024-10-12T13:12:39.215Z"}
{"level":"info","message":"⌛ Validating hector.wlk","timeElapsed":228,"timestamp":"2024-10-12T13:12:39.458Z"}
{"level":"info","message":"⌛ Building environment","timeElapsed":353,"timestamp":"2024-10-12T13:12:40.849Z"}
{"level":"info","message":"⌛ Validating hector.wlk","timeElapsed":285,"timestamp":"2024-10-12T13:12:41.204Z"}
{"level":"info","message":"⌛ Building environment","timeElapsed":333,"timestamp":"2024-10-12T13:12:42.075Z"}
{"level":"info","message":"⌛ Validating hector.wlk","timeElapsed":254,"timestamp":"2024-10-12T13:12:42.406Z"}
{"exitCode":"SIGHUP","level":"info","message":"👾 Game executed game.farmville on /home/felipe/Documents/Universidad/Proramacion_Con_Objetos_1/2024s2-granja-villa-FeliQI-main/2024s2-granja-villa-FeliQI-5","timeElapsed":28190,"timestamp":"2024-10-12T13:13:34.195Z"}
{"level":"info","message":"⌛ Building environment","timeElapsed":284,"timestamp":"2024-10-12T13:14:06.422Z"}
{"level":"info","message":"⌛ Validating hector.wlk","timeElapsed":270,"timestamp":"2024-10-12T13:14:06.753Z"}
{"level":"info","message":"⌛ Building environment","timeElapsed":221,"timestamp":"2024-10-12T13:14:07.052Z"}
{"level":"info","message":"⌛ Validating hector.wlk","timeElapsed":254,"timestamp":"2024-10-12T13:14:07.308Z"}
{"level":"info","message":"⌛ Building environment","timeElapsed":273,"timestamp":"2024-10-12T13:14:07.629Z"}
{"level":"info","message":"⌛ Building environment","timeElapsed":242,"timestamp":"2024-10-12T13:14:07.895Z"}
{"level":"info","message":"⌛ Validating hector.wlk","timeElapsed":267,"timestamp":"2024-10-12T13:14:08.172Z"}
{"level":"info","message":"⌛ Building environment","timeElapsed":333,"timestamp":"2024-10-12T13:14:08.505Z"}
{"level":"info","message":"⌛ Validating hector.wlk","timeElapsed":277,"timestamp":"2024-10-12T13:14:08.804Z"}
{"level":"info","message":"⌛ Validating hector.wlk","timeElapsed":265,"timestamp":"2024-10-12T13:14:09.073Z"}
{"level":"info","message":"⌛ Building environment","timeElapsed":228,"timestamp":"2024-10-12T13:14:09.703Z"}
{"level":"info","message":"⌛ Validating hector.wlk","timeElapsed":281,"timestamp":"2024-10-12T13:14:09.999Z"}
{"level":"info","message":"⌛ Building environment","timeElapsed":232,"timestamp":"2024-10-12T13:14:10.626Z"}
{"level":"info","message":"⌛ Validating hector.wlk","timeElapsed":238,"timestamp":"2024-10-12T13:14:10.866Z"}
{"exitCode":"SIGHUP","level":"info","message":"👾 Game executed game.farmville on /home/felipe/Documents/Universidad/Proramacion_Con_Objetos_1/2024s2-granja-villa-FeliQI-main/2024s2-granja-villa-FeliQI-5","timeElapsed":359411,"timestamp":"2024-10-12T13:20:15.346Z"}
{"level":"info","message":"⌛ Building environment","timeElapsed":607,"timestamp":"2024-10-14T22:59:21.780Z"}
{"level":"info","message":"onRequest - WORKSPACE_URI:file:///home/felipe/Documents/Universidad/Proramacion_Con_Objetos_1/2024s2-granja-villa-FeliQI-main/2024s2-granja-villa-FeliQI-5","timestamp":"2024-10-14T22:59:21.786Z"}
{"level":"info","message":"⌛ Building environment","timeElapsed":352,"timestamp":"2024-10-14T22:59:22.141Z"}
{"level":"info","message":"⌛ Building environment","timeElapsed":298,"timestamp":"2024-10-14T22:59:22.511Z"}
{"level":"info","message":"⌛ Validating posiciones.wlk","timeElapsed":328,"timestamp":"2024-10-14T22:59:22.841Z"}
{"level":"info","message":"⌛ Building environment","timeElapsed":207,"timestamp":"2024-10-14T22:59:23.049Z"}
{"level":"info","message":"⌛ Building environment","timeElapsed":252,"timestamp":"2024-10-14T22:59:23.304Z"}
{"level":"info","message":"⌛ Building environment","timeElapsed":201,"timestamp":"2024-10-14T22:59:23.527Z"}
{"level":"info","message":"⌛ Validating objetos.wlk","timeElapsed":294,"timestamp":"2024-10-14T22:59:23.823Z"}
{"level":"info","message":"⌛ Building environment","timeElapsed":161,"timestamp":"2024-10-14T22:59:23.985Z"}
{"level":"info","message":"⌛ Building environment","timeElapsed":240,"timestamp":"2024-10-14T22:59:24.226Z"}
{"level":"info","message":"⌛ Validating cultivos.wlk","timeElapsed":276,"timestamp":"2024-10-14T22:59:24.504Z"}
{"level":"info","message":"⌛ Validating posiciones.wlk","timeElapsed":249,"timestamp":"2024-10-14T22:59:24.754Z"}
{"level":"info","message":"⌛ Validating objetos.wlk","timeElapsed":254,"timestamp":"2024-10-14T22:59:25.011Z"}
{"level":"info","message":"⌛ Validating cultivos.wlk","timeElapsed":368,"timestamp":"2024-10-14T22:59:25.379Z"}
{"level":"info","message":"⌛ Validating game.wpgm","timeElapsed":586,"timestamp":"2024-10-14T22:59:25.966Z"}
{"level":"info","message":"⌛ Validating testGranja.wtest","timeElapsed":378,"timestamp":"2024-10-14T22:59:26.345Z"}
{"level":"info","message":"⌛ Validating hector.wlk","timeElapsed":249,"timestamp":"2024-10-14T22:59:26.595Z"}
{"level":"info","message":"⌛ Building environment","timeElapsed":230,"timestamp":"2024-10-14T23:05:41.440Z"}
{"level":"info","message":"⌛ Building environment","timeElapsed":167,"timestamp":"2024-10-14T23:05:41.608Z"}
{"level":"info","message":"⌛ Validating testGranja.wtest","timeElapsed":300,"timestamp":"2024-10-14T23:05:41.909Z"}
{"level":"info","message":"⌛ Building environment","timeElapsed":215,"timestamp":"2024-10-14T23:05:42.125Z"}
{"level":"info","message":"⌛ Validating testGranja.wtest","timeElapsed":226,"timestamp":"2024-10-14T23:05:42.353Z"}
{"level":"info","message":"⌛ Building environment","timeElapsed":180,"timestamp":"2024-10-14T23:05:42.535Z"}
{"level":"info","message":"⌛ Building environment","timeElapsed":140,"timestamp":"2024-10-14T23:05:42.676Z"}
{"level":"info","message":"⌛ Building environment","timeElapsed":129,"timestamp":"2024-10-14T23:05:42.806Z"}
{"level":"info","message":"⌛ Building environment","timeElapsed":200,"timestamp":"2024-10-14T23:05:43.008Z"}
{"level":"info","message":"⌛ Validating testGranja.wtest","timeElapsed":228,"timestamp":"2024-10-14T23:05:43.238Z"}
{"level":"info","message":"⌛ Building environment","timeElapsed":150,"timestamp":"2024-10-14T23:05:43.389Z"}
{"level":"info","message":"⌛ Validating testGranja.wtest","timeElapsed":223,"timestamp":"2024-10-14T23:05:43.624Z"}
{"level":"info","message":"⌛ Validating testGranja.wtest","timeElapsed":270,"timestamp":"2024-10-14T23:05:43.896Z"}
{"level":"info","message":"⌛ Validating testGranja.wtest","timeElapsed":221,"timestamp":"2024-10-14T23:05:44.118Z"}
{"level":"info","message":"⌛ Validating testGranja.wtest","timeElapsed":251,"timestamp":"2024-10-14T23:05:44.369Z"}
{"level":"info","message":"⌛ Validating testGranja.wtest","timeElapsed":193,"timestamp":"2024-10-14T23:05:44.563Z"}
{"level":"info","message":"⌛ Building environment","timeElapsed":178,"timestamp":"2024-10-14T23:05:46.342Z"}
{"level":"info","message":"⌛ Validating testGranja.wtest","timeElapsed":230,"timestamp":"2024-10-14T23:05:46.574Z"}
{"level":"info","message":"⌛ Building environment","timeElapsed":130,"timestamp":"2024-10-14T23:05:46.970Z"}
{"level":"info","message":"⌛ Validating testGranja.wtest","timeElapsed":201,"timestamp":"2024-10-14T23:05:47.173Z"}
{"level":"info","message":"⌛ Building environment","timeElapsed":132,"timestamp":"2024-10-14T23:05:47.365Z"}
{"level":"info","message":"⌛ Validating testGranja.wtest","timeElapsed":200,"timestamp":"2024-10-14T23:05:47.567Z"}
{"level":"info","message":"⌛ Building environment","timeElapsed":109,"timestamp":"2024-10-14T23:05:47.689Z"}
{"level":"info","message":"⌛ Validating testGranja.wtest","timeElapsed":204,"timestamp":"2024-10-14T23:05:47.894Z"}
{"level":"info","message":"⌛ Building environment","timeElapsed":121,"timestamp":"2024-10-14T23:05:50.861Z"}
{"level":"info","message":"⌛ Validating testGranja.wtest","timeElapsed":240,"timestamp":"2024-10-14T23:05:51.102Z"}
{"level":"info","message":"⌛ Building environment","timeElapsed":222,"timestamp":"2024-10-14T23:06:58.093Z"}
{"level":"info","message":"⌛ Validating testGranja.wtest","timeElapsed":231,"timestamp":"2024-10-14T23:06:58.326Z"}
{"level":"error","message":"✘ Failed to get type description: Error: Failed to print, found malformed node Failed to print, found malformed node","node":{"id":"74549ab4-fc4b-41be-bb3a-0a327fd6bce2","members":[{"body":{"id":"c21db9de-192e-4688-a4cb-9060320d244f","metadata":[],"problems":[],"scope":{"containerScope":{"containerScope":{"containerScope":{"containerScope":{"contributions":{},"includedScopes":[]},"contributions":{},"includedScopes":[{"contributions":{},"includedScopes":[]},{"contributions":{},"includedScopes":[]},{"contributions":{},"includedScopes":[]},{"contributions":{},"includedScopes":[]}]},"contributions":{},"includedScopes":[{"containerScope":{"containerScope":{"containerScope":{"contributions":{},"includedScopes":[]},"contributions":{},"includedScopes":[]},"contributions":{},"includedScopes":[]},"contributions":{},"includedScopes":[]}]},"contributions":{},"includedScopes":[]},"contributions":{},"includedScopes":[]},"sentences":[{"args":[{"args":[{"id":"94e46c31-657e-481e-8e85-a8e5a317c490","metadata":[],"name":"position","scope":{"containerScope":{"containerScope":{"containerScope":{"containerScope":{"containerScope":{"containerScope":{"containerScope":{"contributions":{},"includedScopes":[]},"contributions":{},"includedScopes":[{"contributions":{},"includedScopes":[]},{"contributions":{},"includedScopes":[]},{"contributions":{},"includedScopes":[]},{"contributions":{},"includedScopes":[]}]},"contributions":{},"includedScopes":[{"containerScope":{"containerScope":{"containerScope":{"contributions":{},"includedScopes":[]},"contributions":{},"includedScopes":[]},"contributions":{},"includedScopes":[]},"contributions":{},"includedScopes":[]}]},"contributions":{},"includedScopes":[]},"contributions":{},"includedScopes":[]},"contributions":{},"includedScopes":[]},"contributions":{},"includedScopes":[]},"contributions":{},"includedScopes":[]},"sourceMap":{"end":{"column":57,"line":9,"offset":169},"start":{"column":29,"line":9,"offset":141}},"value":{"args":[],"id":"5842106b-dbd4-4b09-8750-97d15e8013cf","message":"position","metadata":[],"receiver":{"id":"91bff638-757a-4fd1-acd5-b779787b86bd","metadata":[],"name":"hector","scope":{"containerScope":{"containerScope":{"containerScope":{"containerScope":{"containerScope":{"containerScope":{"containerScope":{"containerScope":{"containerScope":{"contributions":{},"includedScopes":[]},"contributions":{},"includedScopes":[{"contributions":{},"includedScopes":[]},{"contributions":{},"includedScopes":[]},{"contributions":{},"includedScopes":[]},{"contributions":{},"includedScopes":[]}]},"contributions":{},"includedScopes":[{"containerScope":{"containerScope":{"containerScope":{"contributions":{},"includedScopes":[]},"contributions":{},"includedScopes":[]},"contributions":{},"includedScopes":[]},"contributions":{},"includedScopes":[]}]},"contributions":{},"includedScopes":[]},"contributions":{},"includedScopes":[]},"contributions":{},"includedScopes":[]},"contributions":{},"includedScopes":[]},"contributions":{},"includedScopes":[]},"contributions":{},"includedScopes":[]},"contributions":{},"includedScopes":[]},"sourceMap":{"end":{"column":46,"line":9,"offset":158},"start":{"column":40,"line":9,"offset":152}}},"scope":{"containerScope":{"containerScope":{"containerScope":{"containerScope":{"containerScope":{"containerScope":{"containerScope":{"containerScope":{"contributions":{},"includedScopes":[]},"contributions":{},"includedScopes":[{"contributions":{},"includedScopes":[]},{"contributions":{},"includedScopes":[]},{"contributions":{},"includedScopes":[]},{"contributions":{},"includedScopes":[]}]},"contributions":{},"includedScopes":[{"containerScope":{"containerScope":{"containerScope":{"contributions":{},"includedScopes":[]},"contributions":{},"includedScopes":[]},"contributions":{},"includedScopes":[]},"contributions":{},"includedScopes":[]}]},"contributions":{},"includedScopes":[]},"contributions":{},"includedScopes":[]},"contributions":{},"includedScopes":[]},"contributions":{},"includedScopes":[]},"contributions":{},"includedScopes":[]},"contributions":{},"includedScopes":[]},"sourceMap":{"end":{"column":57,"line":9,"offset":169},"start":{"column":40,"line":9,"offset":152}}}}],"id":"5a4e69d0-ec95-4085-8169-303fd52fdf82","instantiated":{"id":"3e3c2b86-897d-4a9e-9bf1-68d205140318","metadata":[],"name":"Maiz","scope":{"containerScope":{"containerScope":{"containerScope":{"containerScope":{"containerScope":{"containerScope":{"containerScope":{"contributions":{},"includedScopes":[]},"contributions":{},"includedScopes":[{"contributions":{},"includedScopes":[]},{"contributions":{},"includedScopes":[]},{"contributions":{},"includedScopes":[]},{"contributions":{},"includedScopes":[]}]},"contributions":{},"includedScopes":[{"containerScope":{"containerScope":{"containerScope":{"contributions":{},"includedScopes":[]},"contributions":{},"includedScopes":[]},"contributions":{},"includedScopes":[]},"contributions":{},"includedScopes":[]}]},"contributions":{},"includedScopes":[]},"contributions":{},"includedScopes":[]},"contributions":{},"includedScopes":[]},"contributions":{},"includedScopes":[]},"contributions":{},"includedScopes":[]},"sourceMap":{"end":{"column":28,"line":9,"offset":140},"start":{"column":24,"line":9,"offset":136}}},"metadata":[],"scope":{"containerScope":{"containerScope":{"containerScope":{"containerScope":{"containerScope":{"containerScope":{"contributions":{},"includedScopes":[]},"contributions":{},"includedScopes":[{"contributions":{},"includedScopes":[]},{"contributions":{},"includedScopes":[]},{"contributions":{},"includedScopes":[]},{"contributions":{},"includedScopes":[]}]},"contributions":{},"includedScopes":[{"containerScope":{"containerScope":{"containerScope":{"contributions":{},"includedScopes":[]},"contributions":{},"includedScopes":[]},"contributions":{},"includedScopes":[]},"contributions":{},"includedScopes":[]}]},"contributions":{},"includedScopes":[]},"contributions":{},"includedScopes":[]},"contributions":{},"includedScopes":[]},"contributions":{},"includedScopes":[]},"sourceMap":{"end":{"column":58,"line":9,"offset":170},"start":{"column":20,"line":9,"offset":132}}}],"id":"12c49b68-f6ac-4deb-b67f-99992c4ad7f4","message":"sembrar","metadata":[],"receiver":{"id":"667c170c-8f92-484d-a603-921aeb90f3c9","metadata":[],"name":"hector","scope":{"containerScope":{"containerScope":{"containerScope":{"containerScope":{"containerScope":{"containerScope":{"contributions":{},"includedScopes":[]},"contributions":{},"includedScopes":[{"contributions":{},"includedScopes":[]},{"contributions":{},"includedScopes":[]},{"contributions":{},"includedScopes":[]},{"contributions":{},"includedScopes":[]}]},"contributions":{},"includedScopes":[{"containerScope":{"containerScope":{"containerScope":{"contributions":{},"includedScopes":[]},"contributions":{},"includedScopes":[]},"contributions":{},"includedScopes":[]},"contributions":{},"includedScopes":[]}]},"contributions":{},"includedScopes":[]},"contributions":{},"includedScopes":[]},"contributions":{},"includedScopes":[]},"contributions":{},"includedScopes":[]},"sourceMap":{"end":{"column":11,"line":9,"offset":123},"start":{"column":5,"line":9,"offset":117}}},"scope":{"containerScope":{"containerScope":{"containerScope":{"containerScope":{"containerScope":{"contributions":{},"includedScopes":[]},"contributions":{},"includedScopes":[{"contributions":{},"includedScopes":[]},{"contributions":{},"includedScopes":[]},{"contributions":{},"includedScopes":[]},{"contributions":{},"includedScopes":[]}]},"contributions":{},"includedScopes":[{"containerScope":{"containerScope":{"containerScope":{"contributions":{},"includedScopes":[]},"contributions":{},"includedScopes":[]},"contributions":{},"includedScopes":[]},"contributions":{},"includedScopes":[]}]},"contributions":{},"includedScopes":[]},"contributions":{},"includedScopes":[]},"contributions":{},"includedScopes":[]},"sourceMap":{"end":{"column":59,"line":9,"offset":171},"start":{"column":5,"line":9,"offset":117}}}],"sourceMap":{"end":{"column":60,"line":9,"offset":172},"start":{"column":18,"line":8,"offset":111}}},"id":"b387af56-6fcd-4d5a-a787-8ed866bc74db","isOnly":false,"metadata":[],"name":"\"sembrar\"","scope":{"containerScope":{"containerScope":{"containerScope":{"contributions":{},"includedScopes":[]},"contributions":{},"includedScopes":[{"contributions":{},"includedScopes":[]},{"contributions":{},"includedScopes":[]},{"contributions":{},"includedScopes":[]},{"contributions":{},"includedScopes":[]}]},"contributions":{},"includedScopes":[{"containerScope":{"containerScope":{"containerScope":{"contributions":{},"includedScopes":[]},"contributions":{},"includedScopes":[]},"contributions":{},"includedScopes":[]},"contributions":{},"includedScopes":[]}]},"contributions":{},"includedScopes":[]},"sourceMap":{"end":{"column":60,"line":9,"offset":172},"start":{"column":3,"line":8,"offset":96}}}],"metadata":[],"name":"\"Granja\"","problems":[{"code":"malformedMember","sourceMap":{"end":{"column":0,"line":10,"offset":173},"start":{"column":60,"line":9,"offset":172}}},{"code":"malformedMember","sourceMap":{"end":{"column":0,"line":11,"offset":256},"start":{"column":2,"line":10,"offset":175}}},{"code":"malformedMember","sourceMap":{"end":{"column":1,"line":15,"offset":345},"start":{"column":2,"line":11,"offset":258}}}],"scope":{"containerScope":{"containerScope":{"contributions":{},"includedScopes":[]},"contributions":{},"includedScopes":[{"contributions":{},"includedScopes":[]},{"contributions":{},"includedScopes":[]},{"contributions":{},"includedScopes":[]},{"contributions":{},"includedScopes":[]}]},"contributions":{},"includedScopes":[{"containerScope":{"containerScope":{"containerScope":{"contributions":{},"includedScopes":[]},"contributions":{},"includedScopes":[]},"contributions":{},"includedScopes":[]},"contributions":{},"includedScopes":[]}]},"sourceMap":{"end":{"column":2,"line":15,"offset":346},"start":{"column":1,"line":6,"offset":73}},"supertypes":[{"args":[],"metadata":[],"reference":{"metadata":[],"name":"wollok.lang.Object","scope":{"containerScope":{"containerScope":{"containerScope":{"contributions":{},"includedScopes":[]},"contributions":{},"includedScopes":[{"contributions":{},"includedScopes":[]},{"contributions":{},"includedScopes":[]},{"contributions":{},"includedScopes":[]},{"contributions":{},"includedScopes":[]}]},"contributions":{},"includedScopes":[{"containerScope":{"containerScope":{"containerScope":{"contributions":{},"includedScopes":[]},"contributions":{},"includedScopes":[]},"contributions":{},"includedScopes":[]},"contributions":{},"includedScopes":[]}]},"contributions":{},"includedScopes":[]}},"scope":{"containerScope":{"containerScope":{"containerScope":{"contributions":{},"includedScopes":[]},"contributions":{},"includedScopes":[{"contributions":{},"includedScopes":[]},{"contributions":{},"includedScopes":[]},{"contributions":{},"includedScopes":[]},{"contributions":{},"includedScopes":[]}]},"contributions":{},"includedScopes":[{"containerScope":{"containerScope":{"containerScope":{"contributions":{},"includedScopes":[]},"contributions":{},"includedScopes":[]},"contributions":{},"includedScopes":[]},"contributions":{},"includedScopes":[]}]},"contributions":{},"includedScopes":[]}}]},"stack":"Error: Failed to print, found malformed node\n    at /home/felipe/.vscode/extensions/uqbar.wollok-lsp-ide-0.3.6/out/server/src/server.js:68:3533\n    at aln (/home/felipe/.vscode/extensions/uqbar.wollok-lsp-ide-0.3.6/out/server/src/server.js:68:3344)\n    at /home/felipe/.vscode/extensions/uqbar.wollok-lsp-ide-0.3.6/out/server/src/server.js:2285:847\n    at /home/felipe/.vscode/extensions/uqbar.wollok-lsp-ide-0.3.6/out/server/src/server.js:2298:3774\n    at /home/felipe/.vscode/extensions/uqbar.wollok-lsp-ide-0.3.6/out/server/src/server.js:37:74770\n    at Fe (/home/felipe/.vscode/extensions/uqbar.wollok-lsp-ide-0.3.6/out/server/src/server.js:7:8527)\n    at Pt (/home/felipe/.vscode/extensions/uqbar.wollok-lsp-ide-0.3.6/out/server/src/server.js:7:6189)\n    at Gi (/home/felipe/.vscode/extensions/uqbar.wollok-lsp-ide-0.3.6/out/server/src/server.js:7:6378)\n    at Immediate._onImmediate (/home/felipe/.vscode/extensions/uqbar.wollok-lsp-ide-0.3.6/out/server/src/server.js:7:6142)\n    at process.processImmediate (node:internal/timers:483:21)","timestamp":"2024-10-14T23:06:58.786Z"}
{"level":"error","message":"✘ Failed to get type description: Error: Failed to print, found malformed node Failed to print, found malformed node","node":{"id":"74549ab4-fc4b-41be-bb3a-0a327fd6bce2","members":[{"body":{"id":"c21db9de-192e-4688-a4cb-9060320d244f","metadata":[],"problems":[],"scope":{"containerScope":{"containerScope":{"containerScope":{"containerScope":{"contributions":{},"includedScopes":[]},"contributions":{},"includedScopes":[{"contributions":{},"includedScopes":[]},{"contributions":{},"includedScopes":[]},{"contributions":{},"includedScopes":[]},{"contributions":{},"includedScopes":[]}]},"contributions":{},"includedScopes":[{"containerScope":{"containerScope":{"containerScope":{"contributions":{},"includedScopes":[]},"contributions":{},"includedScopes":[]},"contributions":{},"includedScopes":[]},"contributions":{},"includedScopes":[]}]},"contributions":{},"includedScopes":[]},"contributions":{},"includedScopes":[]},"sentences":[{"args":[{"args":[{"id":"94e46c31-657e-481e-8e85-a8e5a317c490","metadata":[],"name":"position","scope":{"containerScope":{"containerScope":{"containerScope":{"containerScope":{"containerScope":{"containerScope":{"containerScope":{"contributions":{},"includedScopes":[]},"contributions":{},"includedScopes":[{"contributions":{},"includedScopes":[]},{"contributions":{},"includedScopes":[]},{"contributions":{},"includedScopes":[]},{"contributions":{},"includedScopes":[]}]},"contributions":{},"includedScopes":[{"containerScope":{"containerScope":{"containerScope":{"contributions":{},"includedScopes":[]},"contributions":{},"includedScopes":[]},"contributions":{},"includedScopes":[]},"contributions":{},"includedScopes":[]}]},"contributions":{},"includedScopes":[]},"contributions":{},"includedScopes":[]},"contributions":{},"includedScopes":[]},"contributions":{},"includedScopes":[]},"contributions":{},"includedScopes":[]},"sourceMap":{"end":{"column":57,"line":9,"offset":169},"start":{"column":29,"line":9,"offset":141}},"value":{"args":[],"id":"5842106b-dbd4-4b09-8750-97d15e8013cf","message":"position","metadata":[],"receiver":{"id":"91bff638-757a-4fd1-acd5-b779787b86bd","metadata":[],"name":"hector","scope":{"containerScope":{"containerScope":{"containerScope":{"containerScope":{"containerScope":{"containerScope":{"containerScope":{"containerScope":{"containerScope":{"contributions":{},"includedScopes":[]},"contributions":{},"includedScopes":[{"contributions":{},"includedScopes":[]},{"contributions":{},"includedScopes":[]},{"contributions":{},"includedScopes":[]},{"contributions":{},"includedScopes":[]}]},"contributions":{},"includedScopes":[{"containerScope":{"containerScope":{"containerScope":{"contributions":{},"includedScopes":[]},"contributions":{},"includedScopes":[]},"contributions":{},"includedScopes":[]},"contributions":{},"includedScopes":[]}]},"contributions":{},"includedScopes":[]},"contributions":{},"includedScopes":[]},"contributions":{},"includedScopes":[]},"contributions":{},"includedScopes":[]},"contributions":{},"includedScopes":[]},"contributions":{},"includedScopes":[]},"contributions":{},"includedScopes":[]},"sourceMap":{"end":{"column":46,"line":9,"offset":158},"start":{"column":40,"line":9,"offset":152}}},"scope":{"containerScope":{"containerScope":{"containerScope":{"containerScope":{"containerScope":{"containerScope":{"containerScope":{"containerScope":{"contributions":{},"includedScopes":[]},"contributions":{},"includedScopes":[{"contributions":{},"includedScopes":[]},{"contributions":{},"includedScopes":[]},{"contributions":{},"includedScopes":[]},{"contributions":{},"includedScopes":[]}]},"contributions":{},"includedScopes":[{"containerScope":{"containerScope":{"containerScope":{"contributions":{},"includedScopes":[]},"contributions":{},"includedScopes":[]},"contributions":{},"includedScopes":[]},"contributions":{},"includedScopes":[]}]},"contributions":{},"includedScopes":[]},"contributions":{},"includedScopes":[]},"contributions":{},"includedScopes":[]},"contributions":{},"includedScopes":[]},"contributions":{},"includedScopes":[]},"contributions":{},"includedScopes":[]},"sourceMap":{"end":{"column":57,"line":9,"offset":169},"start":{"column":40,"line":9,"offset":152}}}}],"id":"5a4e69d0-ec95-4085-8169-303fd52fdf82","instantiated":{"id":"3e3c2b86-897d-4a9e-9bf1-68d205140318","metadata":[],"name":"Maiz","scope":{"containerScope":{"containerScope":{"containerScope":{"containerScope":{"containerScope":{"containerScope":{"containerScope":{"contributions":{},"includedScopes":[]},"contributions":{},"includedScopes":[{"contributions":{},"includedScopes":[]},{"contributions":{},"includedScopes":[]},{"contributions":{},"includedScopes":[]},{"contributions":{},"includedScopes":[]}]},"contributions":{},"includedScopes":[{"containerScope":{"containerScope":{"containerScope":{"contributions":{},"includedScopes":[]},"contributions":{},"includedScopes":[]},"contributions":{},"includedScopes":[]},"contributions":{},"includedScopes":[]}]},"contributions":{},"includedScopes":[]},"contributions":{},"includedScopes":[]},"contributions":{},"includedScopes":[]},"contributions":{},"includedScopes":[]},"contributions":{},"includedScopes":[]},"sourceMap":{"end":{"column":28,"line":9,"offset":140},"start":{"column":24,"line":9,"offset":136}}},"metadata":[],"scope":{"containerScope":{"containerScope":{"containerScope":{"containerScope":{"containerScope":{"containerScope":{"contributions":{},"includedScopes":[]},"contributions":{},"includedScopes":[{"contributions":{},"includedScopes":[]},{"contributions":{},"includedScopes":[]},{"contributions":{},"includedScopes":[]},{"contributions":{},"includedScopes":[]}]},"contributions":{},"includedScopes":[{"containerScope":{"containerScope":{"containerScope":{"contributions":{},"includedScopes":[]},"contributions":{},"includedScopes":[]},"contributions":{},"includedScopes":[]},"contributions":{},"includedScopes":[]}]},"contributions":{},"includedScopes":[]},"contributions":{},"includedScopes":[]},"contributions":{},"includedScopes":[]},"contributions":{},"includedScopes":[]},"sourceMap":{"end":{"column":58,"line":9,"offset":170},"start":{"column":20,"line":9,"offset":132}}}],"id":"12c49b68-f6ac-4deb-b67f-99992c4ad7f4","message":"sembrar","metadata":[],"receiver":{"id":"667c170c-8f92-484d-a603-921aeb90f3c9","metadata":[],"name":"hector","scope":{"containerScope":{"containerScope":{"containerScope":{"containerScope":{"containerScope":{"containerScope":{"contributions":{},"includedScopes":[]},"contributions":{},"includedScopes":[{"contributions":{},"includedScopes":[]},{"contributions":{},"includedScopes":[]},{"contributions":{},"includedScopes":[]},{"contributions":{},"includedScopes":[]}]},"contributions":{},"includedScopes":[{"containerScope":{"containerScope":{"containerScope":{"contributions":{},"includedScopes":[]},"contributions":{},"includedScopes":[]},"contributions":{},"includedScopes":[]},"contributions":{},"includedScopes":[]}]},"contributions":{},"includedScopes":[]},"contributions":{},"includedScopes":[]},"contributions":{},"includedScopes":[]},"contributions":{},"includedScopes":[]},"sourceMap":{"end":{"column":11,"line":9,"offset":123},"start":{"column":5,"line":9,"offset":117}}},"scope":{"containerScope":{"containerScope":{"containerScope":{"containerScope":{"containerScope":{"contributions":{},"includedScopes":[]},"contributions":{},"includedScopes":[{"contributions":{},"includedScopes":[]},{"contributions":{},"includedScopes":[]},{"contributions":{},"includedScopes":[]},{"contributions":{},"includedScopes":[]}]},"contributions":{},"includedScopes":[{"containerScope":{"containerScope":{"containerScope":{"contributions":{},"includedScopes":[]},"contributions":{},"includedScopes":[]},"contributions":{},"includedScopes":[]},"contributions":{},"includedScopes":[]}]},"contributions":{},"includedScopes":[]},"contributions":{},"includedScopes":[]},"contributions":{},"includedScopes":[]},"sourceMap":{"end":{"column":59,"line":9,"offset":171},"start":{"column":5,"line":9,"offset":117}}}],"sourceMap":{"end":{"column":60,"line":9,"offset":172},"start":{"column":18,"line":8,"offset":111}}},"id":"b387af56-6fcd-4d5a-a787-8ed866bc74db","isOnly":false,"metadata":[],"name":"\"sembrar\"","scope":{"containerScope":{"containerScope":{"containerScope":{"contributions":{},"includedScopes":[]},"contributions":{},"includedScopes":[{"contributions":{},"includedScopes":[]},{"contributions":{},"includedScopes":[]},{"contributions":{},"includedScopes":[]},{"contributions":{},"includedScopes":[]}]},"contributions":{},"includedScopes":[{"containerScope":{"containerScope":{"containerScope":{"contributions":{},"includedScopes":[]},"contributions":{},"includedScopes":[]},"contributions":{},"includedScopes":[]},"contributions":{},"includedScopes":[]}]},"contributions":{},"includedScopes":[]},"sourceMap":{"end":{"column":60,"line":9,"offset":172},"start":{"column":3,"line":8,"offset":96}}}],"metadata":[],"name":"\"Granja\"","problems":[{"code":"malformedMember","sourceMap":{"end":{"column":0,"line":10,"offset":173},"start":{"column":60,"line":9,"offset":172}}},{"code":"malformedMember","sourceMap":{"end":{"column":0,"line":11,"offset":256},"start":{"column":2,"line":10,"offset":175}}},{"code":"malformedMember","sourceMap":{"end":{"column":1,"line":15,"offset":345},"start":{"column":2,"line":11,"offset":258}}}],"scope":{"containerScope":{"containerScope":{"contributions":{},"includedScopes":[]},"contributions":{},"includedScopes":[{"contributions":{},"includedScopes":[]},{"contributions":{},"includedScopes":[]},{"contributions":{},"includedScopes":[]},{"contributions":{},"includedScopes":[]}]},"contributions":{},"includedScopes":[{"containerScope":{"containerScope":{"containerScope":{"contributions":{},"includedScopes":[]},"contributions":{},"includedScopes":[]},"contributions":{},"includedScopes":[]},"contributions":{},"includedScopes":[]}]},"sourceMap":{"end":{"column":2,"line":15,"offset":346},"start":{"column":1,"line":6,"offset":73}},"supertypes":[{"args":[],"metadata":[],"reference":{"metadata":[],"name":"wollok.lang.Object","scope":{"containerScope":{"containerScope":{"containerScope":{"contributions":{},"includedScopes":[]},"contributions":{},"includedScopes":[{"contributions":{},"includedScopes":[]},{"contributions":{},"includedScopes":[]},{"contributions":{},"includedScopes":[]},{"contributions":{},"includedScopes":[]}]},"contributions":{},"includedScopes":[{"containerScope":{"containerScope":{"containerScope":{"contributions":{},"includedScopes":[]},"contributions":{},"includedScopes":[]},"contributions":{},"includedScopes":[]},"contributions":{},"includedScopes":[]}]},"contributions":{},"includedScopes":[]}},"scope":{"containerScope":{"containerScope":{"containerScope":{"contributions":{},"includedScopes":[]},"contributions":{},"includedScopes":[{"contributions":{},"includedScopes":[]},{"contributions":{},"includedScopes":[]},{"contributions":{},"includedScopes":[]},{"contributions":{},"includedScopes":[]}]},"contributions":{},"includedScopes":[{"containerScope":{"containerScope":{"containerScope":{"contributions":{},"includedScopes":[]},"contributions":{},"includedScopes":[]},"contributions":{},"includedScopes":[]},"contributions":{},"includedScopes":[]}]},"contributions":{},"includedScopes":[]}}]},"stack":"Error: Failed to print, found malformed node\n    at /home/felipe/.vscode/extensions/uqbar.wollok-lsp-ide-0.3.6/out/server/src/server.js:68:3533\n    at aln (/home/felipe/.vscode/extensions/uqbar.wollok-lsp-ide-0.3.6/out/server/src/server.js:68:3344)\n    at /home/felipe/.vscode/extensions/uqbar.wollok-lsp-ide-0.3.6/out/server/src/server.js:2285:847\n    at /home/felipe/.vscode/extensions/uqbar.wollok-lsp-ide-0.3.6/out/server/src/server.js:2298:3774\n    at /home/felipe/.vscode/extensions/uqbar.wollok-lsp-ide-0.3.6/out/server/src/server.js:37:74770\n    at Fe (/home/felipe/.vscode/extensions/uqbar.wollok-lsp-ide-0.3.6/out/server/src/server.js:7:8527)\n    at Pt (/home/felipe/.vscode/extensions/uqbar.wollok-lsp-ide-0.3.6/out/server/src/server.js:7:6189)\n    at Gi (/home/felipe/.vscode/extensions/uqbar.wollok-lsp-ide-0.3.6/out/server/src/server.js:7:6378)\n    at Immediate._onImmediate (/home/felipe/.vscode/extensions/uqbar.wollok-lsp-ide-0.3.6/out/server/src/server.js:7:6142)\n    at process.processImmediate (node:internal/timers:483:21)","timestamp":"2024-10-14T23:07:00.573Z"}
{"level":"error","message":"✘ Failed to get type description: Error: Failed to print, found malformed node Failed to print, found malformed node","node":{"id":"74549ab4-fc4b-41be-bb3a-0a327fd6bce2","members":[{"body":{"id":"c21db9de-192e-4688-a4cb-9060320d244f","metadata":[],"problems":[],"scope":{"containerScope":{"containerScope":{"containerScope":{"containerScope":{"contributions":{},"includedScopes":[]},"contributions":{},"includedScopes":[{"contributions":{},"includedScopes":[]},{"contributions":{},"includedScopes":[]},{"contributions":{},"includedScopes":[]},{"contributions":{},"includedScopes":[]}]},"contributions":{},"includedScopes":[{"containerScope":{"containerScope":{"containerScope":{"contributions":{},"includedScopes":[]},"contributions":{},"includedScopes":[]},"contributions":{},"includedScopes":[]},"contributions":{},"includedScopes":[]}]},"contributions":{},"includedScopes":[]},"contributions":{},"includedScopes":[]},"sentences":[{"args":[{"args":[{"id":"94e46c31-657e-481e-8e85-a8e5a317c490","metadata":[],"name":"position","scope":{"containerScope":{"containerScope":{"containerScope":{"containerScope":{"containerScope":{"containerScope":{"containerScope":{"contributions":{},"includedScopes":[]},"contributions":{},"includedScopes":[{"contributions":{},"includedScopes":[]},{"contributions":{},"includedScopes":[]},{"contributions":{},"includedScopes":[]},{"contributions":{},"includedScopes":[]}]},"contributions":{},"includedScopes":[{"containerScope":{"containerScope":{"containerScope":{"contributions":{},"includedScopes":[]},"contributions":{},"includedScopes":[]},"contributions":{},"includedScopes":[]},"contributions":{},"includedScopes":[]}]},"contributions":{},"includedScopes":[]},"contributions":{},"includedScopes":[]},"contributions":{},"includedScopes":[]},"contributions":{},"includedScopes":[]},"contributions":{},"includedScopes":[]},"sourceMap":{"end":{"column":57,"line":9,"offset":169},"start":{"column":29,"line":9,"offset":141}},"value":{"args":[],"id":"5842106b-dbd4-4b09-8750-97d15e8013cf","message":"position","metadata":[],"receiver":{"id":"91bff638-757a-4fd1-acd5-b779787b86bd","metadata":[],"name":"hector","scope":{"containerScope":{"containerScope":{"containerScope":{"containerScope":{"containerScope":{"containerScope":{"containerScope":{"containerScope":{"containerScope":{"contributions":{},"includedScopes":[]},"contributions":{},"includedScopes":[{"contributions":{},"includedScopes":[]},{"contributions":{},"includedScopes":[]},{"contributions":{},"includedScopes":[]},{"contributions":{},"includedScopes":[]}]},"contributions":{},"includedScopes":[{"containerScope":{"containerScope":{"containerScope":{"contributions":{},"includedScopes":[]},"contributions":{},"includedScopes":[]},"contributions":{},"includedScopes":[]},"contributions":{},"includedScopes":[]}]},"contributions":{},"includedScopes":[]},"contributions":{},"includedScopes":[]},"contributions":{},"includedScopes":[]},"contributions":{},"includedScopes":[]},"contributions":{},"includedScopes":[]},"contributions":{},"includedScopes":[]},"contributions":{},"includedScopes":[]},"sourceMap":{"end":{"column":46,"line":9,"offset":158},"start":{"column":40,"line":9,"offset":152}}},"scope":{"containerScope":{"containerScope":{"containerScope":{"containerScope":{"containerScope":{"containerScope":{"containerScope":{"containerScope":{"contributions":{},"includedScopes":[]},"contributions":{},"includedScopes":[{"contributions":{},"includedScopes":[]},{"contributions":{},"includedScopes":[]},{"contributions":{},"includedScopes":[]},{"contributions":{},"includedScopes":[]}]},"contributions":{},"includedScopes":[{"containerScope":{"containerScope":{"containerScope":{"contributions":{},"includedScopes":[]},"contributions":{},"includedScopes":[]},"contributions":{},"includedScopes":[]},"contributions":{},"includedScopes":[]}]},"contributions":{},"includedScopes":[]},"contributions":{},"includedScopes":[]},"contributions":{},"includedScopes":[]},"contributions":{},"includedScopes":[]},"contributions":{},"includedScopes":[]},"contributions":{},"includedScopes":[]},"sourceMap":{"end":{"column":57,"line":9,"offset":169},"start":{"column":40,"line":9,"offset":152}}}}],"id":"5a4e69d0-ec95-4085-8169-303fd52fdf82","instantiated":{"id":"3e3c2b86-897d-4a9e-9bf1-68d205140318","metadata":[],"name":"Maiz","scope":{"containerScope":{"containerScope":{"containerScope":{"containerScope":{"containerScope":{"containerScope":{"containerScope":{"contributions":{},"includedScopes":[]},"contributions":{},"includedScopes":[{"contributions":{},"includedScopes":[]},{"contributions":{},"includedScopes":[]},{"contributions":{},"includedScopes":[]},{"contributions":{},"includedScopes":[]}]},"contributions":{},"includedScopes":[{"containerScope":{"containerScope":{"containerScope":{"contributions":{},"includedScopes":[]},"contributions":{},"includedScopes":[]},"contributions":{},"includedScopes":[]},"contributions":{},"includedScopes":[]}]},"contributions":{},"includedScopes":[]},"contributions":{},"includedScopes":[]},"contributions":{},"includedScopes":[]},"contributions":{},"includedScopes":[]},"contributions":{},"includedScopes":[]},"sourceMap":{"end":{"column":28,"line":9,"offset":140},"start":{"column":24,"line":9,"offset":136}}},"metadata":[],"scope":{"containerScope":{"containerScope":{"containerScope":{"containerScope":{"containerScope":{"containerScope":{"contributions":{},"includedScopes":[]},"contributions":{},"includedScopes":[{"contributions":{},"includedScopes":[]},{"contributions":{},"includedScopes":[]},{"contributions":{},"includedScopes":[]},{"contributions":{},"includedScopes":[]}]},"contributions":{},"includedScopes":[{"containerScope":{"containerScope":{"containerScope":{"contributions":{},"includedScopes":[]},"contributions":{},"includedScopes":[]},"contributions":{},"includedScopes":[]},"contributions":{},"includedScopes":[]}]},"contributions":{},"includedScopes":[]},"contributions":{},"includedScopes":[]},"contributions":{},"includedScopes":[]},"contributions":{},"includedScopes":[]},"sourceMap":{"end":{"column":58,"line":9,"offset":170},"start":{"column":20,"line":9,"offset":132}}}],"id":"12c49b68-f6ac-4deb-b67f-99992c4ad7f4","message":"sembrar","metadata":[],"receiver":{"id":"667c170c-8f92-484d-a603-921aeb90f3c9","metadata":[],"name":"hector","scope":{"containerScope":{"containerScope":{"containerScope":{"containerScope":{"containerScope":{"containerScope":{"contributions":{},"includedScopes":[]},"contributions":{},"includedScopes":[{"contributions":{},"includedScopes":[]},{"contributions":{},"includedScopes":[]},{"contributions":{},"includedScopes":[]},{"contributions":{},"includedScopes":[]}]},"contributions":{},"includedScopes":[{"containerScope":{"containerScope":{"containerScope":{"contributions":{},"includedScopes":[]},"contributions":{},"includedScopes":[]},"contributions":{},"includedScopes":[]},"contributions":{},"includedScopes":[]}]},"contributions":{},"includedScopes":[]},"contributions":{},"includedScopes":[]},"contributions":{},"includedScopes":[]},"contributions":{},"includedScopes":[]},"sourceMap":{"end":{"column":11,"line":9,"offset":123},"start":{"column":5,"line":9,"offset":117}}},"scope":{"containerScope":{"containerScope":{"containerScope":{"containerScope":{"containerScope":{"contributions":{},"includedScopes":[]},"contributions":{},"includedScopes":[{"contributions":{},"includedScopes":[]},{"contributions":{},"includedScopes":[]},{"contributions":{},"includedScopes":[]},{"contributions":{},"includedScopes":[]}]},"contributions":{},"includedScopes":[{"containerScope":{"containerScope":{"containerScope":{"contributions":{},"includedScopes":[]},"contributions":{},"includedScopes":[]},"contributions":{},"includedScopes":[]},"contributions":{},"includedScopes":[]}]},"contributions":{},"includedScopes":[]},"contributions":{},"includedScopes":[]},"contributions":{},"includedScopes":[]},"sourceMap":{"end":{"column":59,"line":9,"offset":171},"start":{"column":5,"line":9,"offset":117}}}],"sourceMap":{"end":{"column":60,"line":9,"offset":172},"start":{"column":18,"line":8,"offset":111}}},"id":"b387af56-6fcd-4d5a-a787-8ed866bc74db","isOnly":false,"metadata":[],"name":"\"sembrar\"","scope":{"containerScope":{"containerScope":{"containerScope":{"contributions":{},"includedScopes":[]},"contributions":{},"includedScopes":[{"contributions":{},"includedScopes":[]},{"contributions":{},"includedScopes":[]},{"contributions":{},"includedScopes":[]},{"contributions":{},"includedScopes":[]}]},"contributions":{},"includedScopes":[{"containerScope":{"containerScope":{"containerScope":{"contributions":{},"includedScopes":[]},"contributions":{},"includedScopes":[]},"contributions":{},"includedScopes":[]},"contributions":{},"includedScopes":[]}]},"contributions":{},"includedScopes":[]},"sourceMap":{"end":{"column":60,"line":9,"offset":172},"start":{"column":3,"line":8,"offset":96}}}],"metadata":[],"name":"\"Granja\"","problems":[{"code":"malformedMember","sourceMap":{"end":{"column":0,"line":10,"offset":173},"start":{"column":60,"line":9,"offset":172}}},{"code":"malformedMember","sourceMap":{"end":{"column":0,"line":11,"offset":256},"start":{"column":2,"line":10,"offset":175}}},{"code":"malformedMember","sourceMap":{"end":{"column":1,"line":15,"offset":345},"start":{"column":2,"line":11,"offset":258}}}],"scope":{"containerScope":{"containerScope":{"contributions":{},"includedScopes":[]},"contributions":{},"includedScopes":[{"contributions":{},"includedScopes":[]},{"contributions":{},"includedScopes":[]},{"contributions":{},"includedScopes":[]},{"contributions":{},"includedScopes":[]}]},"contributions":{},"includedScopes":[{"containerScope":{"containerScope":{"containerScope":{"contributions":{},"includedScopes":[]},"contributions":{},"includedScopes":[]},"contributions":{},"includedScopes":[]},"contributions":{},"includedScopes":[]}]},"sourceMap":{"end":{"column":2,"line":15,"offset":346},"start":{"column":1,"line":6,"offset":73}},"supertypes":[{"args":[],"metadata":[],"reference":{"metadata":[],"name":"wollok.lang.Object","scope":{"containerScope":{"containerScope":{"containerScope":{"contributions":{},"includedScopes":[]},"contributions":{},"includedScopes":[{"contributions":{},"includedScopes":[]},{"contributions":{},"includedScopes":[]},{"contributions":{},"includedScopes":[]},{"contributions":{},"includedScopes":[]}]},"contributions":{},"includedScopes":[{"containerScope":{"containerScope":{"containerScope":{"contributions":{},"includedScopes":[]},"contributions":{},"includedScopes":[]},"contributions":{},"includedScopes":[]},"contributions":{},"includedScopes":[]}]},"contributions":{},"includedScopes":[]}},"scope":{"containerScope":{"containerScope":{"containerScope":{"contributions":{},"includedScopes":[]},"contributions":{},"includedScopes":[{"contributions":{},"includedScopes":[]},{"contributions":{},"includedScopes":[]},{"contributions":{},"includedScopes":[]},{"contributions":{},"includedScopes":[]}]},"contributions":{},"includedScopes":[{"containerScope":{"containerScope":{"containerScope":{"contributions":{},"includedScopes":[]},"contributions":{},"includedScopes":[]},"contributions":{},"includedScopes":[]},"contributions":{},"includedScopes":[]}]},"contributions":{},"includedScopes":[]}}]},"stack":"Error: Failed to print, found malformed node\n    at /home/felipe/.vscode/extensions/uqbar.wollok-lsp-ide-0.3.6/out/server/src/server.js:68:3533\n    at aln (/home/felipe/.vscode/extensions/uqbar.wollok-lsp-ide-0.3.6/out/server/src/server.js:68:3344)\n    at /home/felipe/.vscode/extensions/uqbar.wollok-lsp-ide-0.3.6/out/server/src/server.js:2285:847\n    at /home/felipe/.vscode/extensions/uqbar.wollok-lsp-ide-0.3.6/out/server/src/server.js:2298:3774\n    at /home/felipe/.vscode/extensions/uqbar.wollok-lsp-ide-0.3.6/out/server/src/server.js:37:74770\n    at Fe (/home/felipe/.vscode/extensions/uqbar.wollok-lsp-ide-0.3.6/out/server/src/server.js:7:8527)\n    at Pt (/home/felipe/.vscode/extensions/uqbar.wollok-lsp-ide-0.3.6/out/server/src/server.js:7:6189)\n    at Gi (/home/felipe/.vscode/extensions/uqbar.wollok-lsp-ide-0.3.6/out/server/src/server.js:7:6378)\n    at Immediate._onImmediate (/home/felipe/.vscode/extensions/uqbar.wollok-lsp-ide-0.3.6/out/server/src/server.js:7:6142)\n    at process.processImmediate (node:internal/timers:483:21)","timestamp":"2024-10-14T23:07:01.567Z"}
{"level":"error","message":"✘ Failed to get type description: Error: Failed to print, found malformed node Failed to print, found malformed node","node":{"id":"74549ab4-fc4b-41be-bb3a-0a327fd6bce2","members":[{"body":{"id":"c21db9de-192e-4688-a4cb-9060320d244f","metadata":[],"problems":[],"scope":{"containerScope":{"containerScope":{"containerScope":{"containerScope":{"contributions":{},"includedScopes":[]},"contributions":{},"includedScopes":[{"contributions":{},"includedScopes":[]},{"contributions":{},"includedScopes":[]},{"contributions":{},"includedScopes":[]},{"contributions":{},"includedScopes":[]}]},"contributions":{},"includedScopes":[{"containerScope":{"containerScope":{"containerScope":{"contributions":{},"includedScopes":[]},"contributions":{},"includedScopes":[]},"contributions":{},"includedScopes":[]},"contributions":{},"includedScopes":[]}]},"contributions":{},"includedScopes":[]},"contributions":{},"includedScopes":[]},"sentences":[{"args":[{"args":[{"id":"94e46c31-657e-481e-8e85-a8e5a317c490","metadata":[],"name":"position","scope":{"containerScope":{"containerScope":{"containerScope":{"containerScope":{"containerScope":{"containerScope":{"containerScope":{"contributions":{},"includedScopes":[]},"contributions":{},"includedScopes":[{"contributions":{},"includedScopes":[]},{"contributions":{},"includedScopes":[]},{"contributions":{},"includedScopes":[]},{"contributions":{},"includedScopes":[]}]},"contributions":{},"includedScopes":[{"containerScope":{"containerScope":{"containerScope":{"contributions":{},"includedScopes":[]},"contributions":{},"includedScopes":[]},"contributions":{},"includedScopes":[]},"contributions":{},"includedScopes":[]}]},"contributions":{},"includedScopes":[]},"contributions":{},"includedScopes":[]},"contributions":{},"includedScopes":[]},"contributions":{},"includedScopes":[]},"contributions":{},"includedScopes":[]},"sourceMap":{"end":{"column":57,"line":9,"offset":169},"start":{"column":29,"line":9,"offset":141}},"value":{"args":[],"id":"5842106b-dbd4-4b09-8750-97d15e8013cf","message":"position","metadata":[],"receiver":{"id":"91bff638-757a-4fd1-acd5-b779787b86bd","metadata":[],"name":"hector","scope":{"containerScope":{"containerScope":{"containerScope":{"containerScope":{"containerScope":{"containerScope":{"containerScope":{"containerScope":{"containerScope":{"contributions":{},"includedScopes":[]},"contributions":{},"includedScopes":[{"contributions":{},"includedScopes":[]},{"contributions":{},"includedScopes":[]},{"contributions":{},"includedScopes":[]},{"contributions":{},"includedScopes":[]}]},"contributions":{},"includedScopes":[{"containerScope":{"containerScope":{"containerScope":{"contributions":{},"includedScopes":[]},"contributions":{},"includedScopes":[]},"contributions":{},"includedScopes":[]},"contributions":{},"includedScopes":[]}]},"contributions":{},"includedScopes":[]},"contributions":{},"includedScopes":[]},"contributions":{},"includedScopes":[]},"contributions":{},"includedScopes":[]},"contributions":{},"includedScopes":[]},"contributions":{},"includedScopes":[]},"contributions":{},"includedScopes":[]},"sourceMap":{"end":{"column":46,"line":9,"offset":158},"start":{"column":40,"line":9,"offset":152}}},"scope":{"containerScope":{"containerScope":{"containerScope":{"containerScope":{"containerScope":{"containerScope":{"containerScope":{"containerScope":{"contributions":{},"includedScopes":[]},"contributions":{},"includedScopes":[{"contributions":{},"includedScopes":[]},{"contributions":{},"includedScopes":[]},{"contributions":{},"includedScopes":[]},{"contributions":{},"includedScopes":[]}]},"contributions":{},"includedScopes":[{"containerScope":{"containerScope":{"containerScope":{"contributions":{},"includedScopes":[]},"contributions":{},"includedScopes":[]},"contributions":{},"includedScopes":[]},"contributions":{},"includedScopes":[]}]},"contributions":{},"includedScopes":[]},"contributions":{},"includedScopes":[]},"contributions":{},"includedScopes":[]},"contributions":{},"includedScopes":[]},"contributions":{},"includedScopes":[]},"contributions":{},"includedScopes":[]},"sourceMap":{"end":{"column":57,"line":9,"offset":169},"start":{"column":40,"line":9,"offset":152}}}}],"id":"5a4e69d0-ec95-4085-8169-303fd52fdf82","instantiated":{"id":"3e3c2b86-897d-4a9e-9bf1-68d205140318","metadata":[],"name":"Maiz","scope":{"containerScope":{"containerScope":{"containerScope":{"containerScope":{"containerScope":{"containerScope":{"containerScope":{"contributions":{},"includedScopes":[]},"contributions":{},"includedScopes":[{"contributions":{},"includedScopes":[]},{"contributions":{},"includedScopes":[]},{"contributions":{},"includedScopes":[]},{"contributions":{},"includedScopes":[]}]},"contributions":{},"includedScopes":[{"containerScope":{"containerScope":{"containerScope":{"contributions":{},"includedScopes":[]},"contributions":{},"includedScopes":[]},"contributions":{},"includedScopes":[]},"contributions":{},"includedScopes":[]}]},"contributions":{},"includedScopes":[]},"contributions":{},"includedScopes":[]},"contributions":{},"includedScopes":[]},"contributions":{},"includedScopes":[]},"contributions":{},"includedScopes":[]},"sourceMap":{"end":{"column":28,"line":9,"offset":140},"start":{"column":24,"line":9,"offset":136}}},"metadata":[],"scope":{"containerScope":{"containerScope":{"containerScope":{"containerScope":{"containerScope":{"containerScope":{"contributions":{},"includedScopes":[]},"contributions":{},"includedScopes":[{"contributions":{},"includedScopes":[]},{"contributions":{},"includedScopes":[]},{"contributions":{},"includedScopes":[]},{"contributions":{},"includedScopes":[]}]},"contributions":{},"includedScopes":[{"containerScope":{"containerScope":{"containerScope":{"contributions":{},"includedScopes":[]},"contributions":{},"includedScopes":[]},"contributions":{},"includedScopes":[]},"contributions":{},"includedScopes":[]}]},"contributions":{},"includedScopes":[]},"contributions":{},"includedScopes":[]},"contributions":{},"includedScopes":[]},"contributions":{},"includedScopes":[]},"sourceMap":{"end":{"column":58,"line":9,"offset":170},"start":{"column":20,"line":9,"offset":132}}}],"id":"12c49b68-f6ac-4deb-b67f-99992c4ad7f4","message":"sembrar","metadata":[],"receiver":{"id":"667c170c-8f92-484d-a603-921aeb90f3c9","metadata":[],"name":"hector","scope":{"containerScope":{"containerScope":{"containerScope":{"containerScope":{"containerScope":{"containerScope":{"contributions":{},"includedScopes":[]},"contributions":{},"includedScopes":[{"contributions":{},"includedScopes":[]},{"contributions":{},"includedScopes":[]},{"contributions":{},"includedScopes":[]},{"contributions":{},"includedScopes":[]}]},"contributions":{},"includedScopes":[{"containerScope":{"containerScope":{"containerScope":{"contributions":{},"includedScopes":[]},"contributions":{},"includedScopes":[]},"contributions":{},"includedScopes":[]},"contributions":{},"includedScopes":[]}]},"contributions":{},"includedScopes":[]},"contributions":{},"includedScopes":[]},"contributions":{},"includedScopes":[]},"contributions":{},"includedScopes":[]},"sourceMap":{"end":{"column":11,"line":9,"offset":123},"start":{"column":5,"line":9,"offset":117}}},"scope":{"containerScope":{"containerScope":{"containerScope":{"containerScope":{"containerScope":{"contributions":{},"includedScopes":[]},"contributions":{},"includedScopes":[{"contributions":{},"includedScopes":[]},{"contributions":{},"includedScopes":[]},{"contributions":{},"includedScopes":[]},{"contributions":{},"includedScopes":[]}]},"contributions":{},"includedScopes":[{"containerScope":{"containerScope":{"containerScope":{"contributions":{},"includedScopes":[]},"contributions":{},"includedScopes":[]},"contributions":{},"includedScopes":[]},"contributions":{},"includedScopes":[]}]},"contributions":{},"includedScopes":[]},"contributions":{},"includedScopes":[]},"contributions":{},"includedScopes":[]},"sourceMap":{"end":{"column":59,"line":9,"offset":171},"start":{"column":5,"line":9,"offset":117}}}],"sourceMap":{"end":{"column":60,"line":9,"offset":172},"start":{"column":18,"line":8,"offset":111}}},"id":"b387af56-6fcd-4d5a-a787-8ed866bc74db","isOnly":false,"metadata":[],"name":"\"sembrar\"","scope":{"containerScope":{"containerScope":{"containerScope":{"contributions":{},"includedScopes":[]},"contributions":{},"includedScopes":[{"contributions":{},"includedScopes":[]},{"contributions":{},"includedScopes":[]},{"contributions":{},"includedScopes":[]},{"contributions":{},"includedScopes":[]}]},"contributions":{},"includedScopes":[{"containerScope":{"containerScope":{"containerScope":{"contributions":{},"includedScopes":[]},"contributions":{},"includedScopes":[]},"contributions":{},"includedScopes":[]},"contributions":{},"includedScopes":[]}]},"contributions":{},"includedScopes":[]},"sourceMap":{"end":{"column":60,"line":9,"offset":172},"start":{"column":3,"line":8,"offset":96}}}],"metadata":[],"name":"\"Granja\"","problems":[{"code":"malformedMember","sourceMap":{"end":{"column":0,"line":10,"offset":173},"start":{"column":60,"line":9,"offset":172}}},{"code":"malformedMember","sourceMap":{"end":{"column":0,"line":11,"offset":256},"start":{"column":2,"line":10,"offset":175}}},{"code":"malformedMember","sourceMap":{"end":{"column":1,"line":15,"offset":345},"start":{"column":2,"line":11,"offset":258}}}],"scope":{"containerScope":{"containerScope":{"contributions":{},"includedScopes":[]},"contributions":{},"includedScopes":[{"contributions":{},"includedScopes":[]},{"contributions":{},"includedScopes":[]},{"contributions":{},"includedScopes":[]},{"contributions":{},"includedScopes":[]}]},"contributions":{},"includedScopes":[{"containerScope":{"containerScope":{"containerScope":{"contributions":{},"includedScopes":[]},"contributions":{},"includedScopes":[]},"contributions":{},"includedScopes":[]},"contributions":{},"includedScopes":[]}]},"sourceMap":{"end":{"column":2,"line":15,"offset":346},"start":{"column":1,"line":6,"offset":73}},"supertypes":[{"args":[],"metadata":[],"reference":{"metadata":[],"name":"wollok.lang.Object","scope":{"containerScope":{"containerScope":{"containerScope":{"contributions":{},"includedScopes":[]},"contributions":{},"includedScopes":[{"contributions":{},"includedScopes":[]},{"contributions":{},"includedScopes":[]},{"contributions":{},"includedScopes":[]},{"contributions":{},"includedScopes":[]}]},"contributions":{},"includedScopes":[{"containerScope":{"containerScope":{"containerScope":{"contributions":{},"includedScopes":[]},"contributions":{},"includedScopes":[]},"contributions":{},"includedScopes":[]},"contributions":{},"includedScopes":[]}]},"contributions":{},"includedScopes":[]}},"scope":{"containerScope":{"containerScope":{"containerScope":{"contributions":{},"includedScopes":[]},"contributions":{},"includedScopes":[{"contributions":{},"includedScopes":[]},{"contributions":{},"includedScopes":[]},{"contributions":{},"includedScopes":[]},{"contributions":{},"includedScopes":[]}]},"contributions":{},"includedScopes":[{"containerScope":{"containerScope":{"containerScope":{"contributions":{},"includedScopes":[]},"contributions":{},"includedScopes":[]},"contributions":{},"includedScopes":[]},"contributions":{},"includedScopes":[]}]},"contributions":{},"includedScopes":[]}}]},"stack":"Error: Failed to print, found malformed node\n    at /home/felipe/.vscode/extensions/uqbar.wollok-lsp-ide-0.3.6/out/server/src/server.js:68:3533\n    at aln (/home/felipe/.vscode/extensions/uqbar.wollok-lsp-ide-0.3.6/out/server/src/server.js:68:3344)\n    at /home/felipe/.vscode/extensions/uqbar.wollok-lsp-ide-0.3.6/out/server/src/server.js:2285:847\n    at /home/felipe/.vscode/extensions/uqbar.wollok-lsp-ide-0.3.6/out/server/src/server.js:2298:3774\n    at /home/felipe/.vscode/extensions/uqbar.wollok-lsp-ide-0.3.6/out/server/src/server.js:37:74770\n    at Fe (/home/felipe/.vscode/extensions/uqbar.wollok-lsp-ide-0.3.6/out/server/src/server.js:7:8527)\n    at Pt (/home/felipe/.vscode/extensions/uqbar.wollok-lsp-ide-0.3.6/out/server/src/server.js:7:6189)\n    at Gi (/home/felipe/.vscode/extensions/uqbar.wollok-lsp-ide-0.3.6/out/server/src/server.js:7:6378)\n    at Immediate._onImmediate (/home/felipe/.vscode/extensions/uqbar.wollok-lsp-ide-0.3.6/out/server/src/server.js:7:6142)\n    at process.processImmediate (node:internal/timers:483:21)","timestamp":"2024-10-14T23:07:04.058Z"}
{"level":"error","message":"✘ Failed to get type description: Error: Failed to print, found malformed node Failed to print, found malformed node","node":{"id":"74549ab4-fc4b-41be-bb3a-0a327fd6bce2","members":[{"body":{"id":"c21db9de-192e-4688-a4cb-9060320d244f","metadata":[],"problems":[],"scope":{"containerScope":{"containerScope":{"containerScope":{"containerScope":{"contributions":{},"includedScopes":[]},"contributions":{},"includedScopes":[{"contributions":{},"includedScopes":[]},{"contributions":{},"includedScopes":[]},{"contributions":{},"includedScopes":[]},{"contributions":{},"includedScopes":[]}]},"contributions":{},"includedScopes":[{"containerScope":{"containerScope":{"containerScope":{"contributions":{},"includedScopes":[]},"contributions":{},"includedScopes":[]},"contributions":{},"includedScopes":[]},"contributions":{},"includedScopes":[]}]},"contributions":{},"includedScopes":[]},"contributions":{},"includedScopes":[]},"sentences":[{"args":[{"args":[{"id":"94e46c31-657e-481e-8e85-a8e5a317c490","metadata":[],"name":"position","scope":{"containerScope":{"containerScope":{"containerScope":{"containerScope":{"containerScope":{"containerScope":{"containerScope":{"contributions":{},"includedScopes":[]},"contributions":{},"includedScopes":[{"contributions":{},"includedScopes":[]},{"contributions":{},"includedScopes":[]},{"contributions":{},"includedScopes":[]},{"contributions":{},"includedScopes":[]}]},"contributions":{},"includedScopes":[{"containerScope":{"containerScope":{"containerScope":{"contributions":{},"includedScopes":[]},"contributions":{},"includedScopes":[]},"contributions":{},"includedScopes":[]},"contributions":{},"includedScopes":[]}]},"contributions":{},"includedScopes":[]},"contributions":{},"includedScopes":[]},"contributions":{},"includedScopes":[]},"contributions":{},"includedScopes":[]},"contributions":{},"includedScopes":[]},"sourceMap":{"end":{"column":57,"line":9,"offset":169},"start":{"column":29,"line":9,"offset":141}},"value":{"args":[],"id":"5842106b-dbd4-4b09-8750-97d15e8013cf","message":"position","metadata":[],"receiver":{"id":"91bff638-757a-4fd1-acd5-b779787b86bd","metadata":[],"name":"hector","scope":{"containerScope":{"containerScope":{"containerScope":{"containerScope":{"containerScope":{"containerScope":{"containerScope":{"containerScope":{"containerScope":{"contributions":{},"includedScopes":[]},"contributions":{},"includedScopes":[{"contributions":{},"includedScopes":[]},{"contributions":{},"includedScopes":[]},{"contributions":{},"includedScopes":[]},{"contributions":{},"includedScopes":[]}]},"contributions":{},"includedScopes":[{"containerScope":{"containerScope":{"containerScope":{"contributions":{},"includedScopes":[]},"contributions":{},"includedScopes":[]},"contributions":{},"includedScopes":[]},"contributions":{},"includedScopes":[]}]},"contributions":{},"includedScopes":[]},"contributions":{},"includedScopes":[]},"contributions":{},"includedScopes":[]},"contributions":{},"includedScopes":[]},"contributions":{},"includedScopes":[]},"contributions":{},"includedScopes":[]},"contributions":{},"includedScopes":[]},"sourceMap":{"end":{"column":46,"line":9,"offset":158},"start":{"column":40,"line":9,"offset":152}}},"scope":{"containerScope":{"containerScope":{"containerScope":{"containerScope":{"containerScope":{"containerScope":{"containerScope":{"containerScope":{"contributions":{},"includedScopes":[]},"contributions":{},"includedScopes":[{"contributions":{},"includedScopes":[]},{"contributions":{},"includedScopes":[]},{"contributions":{},"includedScopes":[]},{"contributions":{},"includedScopes":[]}]},"contributions":{},"includedScopes":[{"containerScope":{"containerScope":{"containerScope":{"contributions":{},"includedScopes":[]},"contributions":{},"includedScopes":[]},"contributions":{},"includedScopes":[]},"contributions":{},"includedScopes":[]}]},"contributions":{},"includedScopes":[]},"contributions":{},"includedScopes":[]},"contributions":{},"includedScopes":[]},"contributions":{},"includedScopes":[]},"contributions":{},"includedScopes":[]},"contributions":{},"includedScopes":[]},"sourceMap":{"end":{"column":57,"line":9,"offset":169},"start":{"column":40,"line":9,"offset":152}}}}],"id":"5a4e69d0-ec95-4085-8169-303fd52fdf82","instantiated":{"id":"3e3c2b86-897d-4a9e-9bf1-68d205140318","metadata":[],"name":"Maiz","scope":{"containerScope":{"containerScope":{"containerScope":{"containerScope":{"containerScope":{"containerScope":{"containerScope":{"contributions":{},"includedScopes":[]},"contributions":{},"includedScopes":[{"contributions":{},"includedScopes":[]},{"contributions":{},"includedScopes":[]},{"contributions":{},"includedScopes":[]},{"contributions":{},"includedScopes":[]}]},"contributions":{},"includedScopes":[{"containerScope":{"containerScope":{"containerScope":{"contributions":{},"includedScopes":[]},"contributions":{},"includedScopes":[]},"contributions":{},"includedScopes":[]},"contributions":{},"includedScopes":[]}]},"contributions":{},"includedScopes":[]},"contributions":{},"includedScopes":[]},"contributions":{},"includedScopes":[]},"contributions":{},"includedScopes":[]},"contributions":{},"includedScopes":[]},"sourceMap":{"end":{"column":28,"line":9,"offset":140},"start":{"column":24,"line":9,"offset":136}}},"metadata":[],"scope":{"containerScope":{"containerScope":{"containerScope":{"containerScope":{"containerScope":{"containerScope":{"contributions":{},"includedScopes":[]},"contributions":{},"includedScopes":[{"contributions":{},"includedScopes":[]},{"contributions":{},"includedScopes":[]},{"contributions":{},"includedScopes":[]},{"contributions":{},"includedScopes":[]}]},"contributions":{},"includedScopes":[{"containerScope":{"containerScope":{"containerScope":{"contributions":{},"includedScopes":[]},"contributions":{},"includedScopes":[]},"contributions":{},"includedScopes":[]},"contributions":{},"includedScopes":[]}]},"contributions":{},"includedScopes":[]},"contributions":{},"includedScopes":[]},"contributions":{},"includedScopes":[]},"contributions":{},"includedScopes":[]},"sourceMap":{"end":{"column":58,"line":9,"offset":170},"start":{"column":20,"line":9,"offset":132}}}],"id":"12c49b68-f6ac-4deb-b67f-99992c4ad7f4","message":"sembrar","metadata":[],"receiver":{"id":"667c170c-8f92-484d-a603-921aeb90f3c9","metadata":[],"name":"hector","scope":{"containerScope":{"containerScope":{"containerScope":{"containerScope":{"containerScope":{"containerScope":{"contributions":{},"includedScopes":[]},"contributions":{},"includedScopes":[{"contributions":{},"includedScopes":[]},{"contributions":{},"includedScopes":[]},{"contributions":{},"includedScopes":[]},{"contributions":{},"includedScopes":[]}]},"contributions":{},"includedScopes":[{"containerScope":{"containerScope":{"containerScope":{"contributions":{},"includedScopes":[]},"contributions":{},"includedScopes":[]},"contributions":{},"includedScopes":[]},"contributions":{},"includedScopes":[]}]},"contributions":{},"includedScopes":[]},"contributions":{},"includedScopes":[]},"contributions":{},"includedScopes":[]},"contributions":{},"includedScopes":[]},"sourceMap":{"end":{"column":11,"line":9,"offset":123},"start":{"column":5,"line":9,"offset":117}}},"scope":{"containerScope":{"containerScope":{"containerScope":{"containerScope":{"containerScope":{"contributions":{},"includedScopes":[]},"contributions":{},"includedScopes":[{"contributions":{},"includedScopes":[]},{"contributions":{},"includedScopes":[]},{"contributions":{},"includedScopes":[]},{"contributions":{},"includedScopes":[]}]},"contributions":{},"includedScopes":[{"containerScope":{"containerScope":{"containerScope":{"contributions":{},"includedScopes":[]},"contributions":{},"includedScopes":[]},"contributions":{},"includedScopes":[]},"contributions":{},"includedScopes":[]}]},"contributions":{},"includedScopes":[]},"contributions":{},"includedScopes":[]},"contributions":{},"includedScopes":[]},"sourceMap":{"end":{"column":59,"line":9,"offset":171},"start":{"column":5,"line":9,"offset":117}}}],"sourceMap":{"end":{"column":60,"line":9,"offset":172},"start":{"column":18,"line":8,"offset":111}}},"id":"b387af56-6fcd-4d5a-a787-8ed866bc74db","isOnly":false,"metadata":[],"name":"\"sembrar\"","scope":{"containerScope":{"containerScope":{"containerScope":{"contributions":{},"includedScopes":[]},"contributions":{},"includedScopes":[{"contributions":{},"includedScopes":[]},{"contributions":{},"includedScopes":[]},{"contributions":{},"includedScopes":[]},{"contributions":{},"includedScopes":[]}]},"contributions":{},"includedScopes":[{"containerScope":{"containerScope":{"containerScope":{"contributions":{},"includedScopes":[]},"contributions":{},"includedScopes":[]},"contributions":{},"includedScopes":[]},"contributions":{},"includedScopes":[]}]},"contributions":{},"includedScopes":[]},"sourceMap":{"end":{"column":60,"line":9,"offset":172},"start":{"column":3,"line":8,"offset":96}}}],"metadata":[],"name":"\"Granja\"","problems":[{"code":"malformedMember","sourceMap":{"end":{"column":0,"line":10,"offset":173},"start":{"column":60,"line":9,"offset":172}}},{"code":"malformedMember","sourceMap":{"end":{"column":0,"line":11,"offset":256},"start":{"column":2,"line":10,"offset":175}}},{"code":"malformedMember","sourceMap":{"end":{"column":1,"line":15,"offset":345},"start":{"column":2,"line":11,"offset":258}}}],"scope":{"containerScope":{"containerScope":{"contributions":{},"includedScopes":[]},"contributions":{},"includedScopes":[{"contributions":{},"includedScopes":[]},{"contributions":{},"includedScopes":[]},{"contributions":{},"includedScopes":[]},{"contributions":{},"includedScopes":[]}]},"contributions":{},"includedScopes":[{"containerScope":{"containerScope":{"containerScope":{"contributions":{},"includedScopes":[]},"contributions":{},"includedScopes":[]},"contributions":{},"includedScopes":[]},"contributions":{},"includedScopes":[]}]},"sourceMap":{"end":{"column":2,"line":15,"offset":346},"start":{"column":1,"line":6,"offset":73}},"supertypes":[{"args":[],"metadata":[],"reference":{"metadata":[],"name":"wollok.lang.Object","scope":{"containerScope":{"containerScope":{"containerScope":{"contributions":{},"includedScopes":[]},"contributions":{},"includedScopes":[{"contributions":{},"includedScopes":[]},{"contributions":{},"includedScopes":[]},{"contributions":{},"includedScopes":[]},{"contributions":{},"includedScopes":[]}]},"contributions":{},"includedScopes":[{"containerScope":{"containerScope":{"containerScope":{"contributions":{},"includedScopes":[]},"contributions":{},"includedScopes":[]},"contributions":{},"includedScopes":[]},"contributions":{},"includedScopes":[]}]},"contributions":{},"includedScopes":[]}},"scope":{"containerScope":{"containerScope":{"containerScope":{"contributions":{},"includedScopes":[]},"contributions":{},"includedScopes":[{"contributions":{},"includedScopes":[]},{"contributions":{},"includedScopes":[]},{"contributions":{},"includedScopes":[]},{"contributions":{},"includedScopes":[]}]},"contributions":{},"includedScopes":[{"containerScope":{"containerScope":{"containerScope":{"contributions":{},"includedScopes":[]},"contributions":{},"includedScopes":[]},"contributions":{},"includedScopes":[]},"contributions":{},"includedScopes":[]}]},"contributions":{},"includedScopes":[]}}]},"stack":"Error: Failed to print, found malformed node\n    at /home/felipe/.vscode/extensions/uqbar.wollok-lsp-ide-0.3.6/out/server/src/server.js:68:3533\n    at aln (/home/felipe/.vscode/extensions/uqbar.wollok-lsp-ide-0.3.6/out/server/src/server.js:68:3344)\n    at /home/felipe/.vscode/extensions/uqbar.wollok-lsp-ide-0.3.6/out/server/src/server.js:2285:847\n    at /home/felipe/.vscode/extensions/uqbar.wollok-lsp-ide-0.3.6/out/server/src/server.js:2298:3774\n    at /home/felipe/.vscode/extensions/uqbar.wollok-lsp-ide-0.3.6/out/server/src/server.js:37:74770\n    at Fe (/home/felipe/.vscode/extensions/uqbar.wollok-lsp-ide-0.3.6/out/server/src/server.js:7:8527)\n    at Pt (/home/felipe/.vscode/extensions/uqbar.wollok-lsp-ide-0.3.6/out/server/src/server.js:7:6189)\n    at Gi (/home/felipe/.vscode/extensions/uqbar.wollok-lsp-ide-0.3.6/out/server/src/server.js:7:6378)\n    at Immediate._onImmediate (/home/felipe/.vscode/extensions/uqbar.wollok-lsp-ide-0.3.6/out/server/src/server.js:7:6142)\n    at process.processImmediate (node:internal/timers:483:21)","timestamp":"2024-10-14T23:07:04.502Z"}
{"level":"error","message":"✘ Failed to rebuild document Failed to parse testGranja.wtest: \n-- PARSING FAILED --------------------------------------------------\n\n  13 |   }\n  14 | \n> 15 | }\n     | ^\n\nExpected one of the following: \n\n'@', 'class', 'const', 'describe', 'mixin', 'object', 'only', 'package', 'program', 'test', 'var', '{', EOF, comment, not \"}\", whitespace\n","stack":"Error: Failed to parse testGranja.wtest: \n-- PARSING FAILED --------------------------------------------------\n\n  13 |   }\n  14 | \n> 15 | }\n     | ^\n\nExpected one of the following: \n\n'@', 'class', 'const', 'describe', 'mixin', 'object', 'only', 'package', 'program', 'test', 'var', '{', EOF, comment, not \"}\", whitespace\n\n    at /home/felipe/.vscode/extensions/uqbar.wollok-lsp-ide-0.3.6/out/server/src/server.js:2254:32415\n    at Array.map (<anonymous>)\n    at Jfn (/home/felipe/.vscode/extensions/uqbar.wollok-lsp-ide-0.3.6/out/server/src/server.js:2254:32339)\n    at k2.buildEnvironmentFrom (/home/felipe/.vscode/extensions/uqbar.wollok-lsp-ide-0.3.6/out/server/src/server.js:2285:6721)\n    at k2.updateEnvironmentWith (/home/felipe/.vscode/extensions/uqbar.wollok-lsp-ide-0.3.6/out/server/src/server.js:2285:6456)\n    at jL (/home/felipe/.vscode/extensions/uqbar.wollok-lsp-ide-0.3.6/out/server/src/server.js:2298:2292)\n    at v3.invoke (/home/felipe/.vscode/extensions/uqbar.wollok-lsp-ide-0.3.6/out/server/src/server.js:3:157200)\n    at o.fire (/home/felipe/.vscode/extensions/uqbar.wollok-lsp-ide-0.3.6/out/server/src/server.js:3:157970)\n    at /home/felipe/.vscode/extensions/uqbar.wollok-lsp-ide-0.3.6/out/server/src/server.js:37:57871\n    at Vr (/home/felipe/.vscode/extensions/uqbar.wollok-lsp-ide-0.3.6/out/server/src/server.js:8:1561)","timestamp":"2024-10-14T23:07:06.410Z"}
{"level":"error","message":"✘ Failed to get type description: Error: Failed to print, found malformed node Failed to print, found malformed node","node":{"id":"74549ab4-fc4b-41be-bb3a-0a327fd6bce2","members":[{"body":{"id":"c21db9de-192e-4688-a4cb-9060320d244f","metadata":[],"problems":[],"scope":{"containerScope":{"containerScope":{"containerScope":{"containerScope":{"contributions":{},"includedScopes":[]},"contributions":{},"includedScopes":[{"contributions":{},"includedScopes":[]},{"contributions":{},"includedScopes":[]},{"contributions":{},"includedScopes":[]},{"contributions":{},"includedScopes":[]}]},"contributions":{},"includedScopes":[{"containerScope":{"containerScope":{"containerScope":{"contributions":{},"includedScopes":[]},"contributions":{},"includedScopes":[]},"contributions":{},"includedScopes":[]},"contributions":{},"includedScopes":[]}]},"contributions":{},"includedScopes":[]},"contributions":{},"includedScopes":[]},"sentences":[{"args":[{"args":[{"id":"94e46c31-657e-481e-8e85-a8e5a317c490","metadata":[],"name":"position","scope":{"containerScope":{"containerScope":{"containerScope":{"containerScope":{"containerScope":{"containerScope":{"containerScope":{"contributions":{},"includedScopes":[]},"contributions":{},"includedScopes":[{"contributions":{},"includedScopes":[]},{"contributions":{},"includedScopes":[]},{"contributions":{},"includedScopes":[]},{"contributions":{},"includedScopes":[]}]},"contributions":{},"includedScopes":[{"containerScope":{"containerScope":{"containerScope":{"contributions":{},"includedScopes":[]},"contributions":{},"includedScopes":[]},"contributions":{},"includedScopes":[]},"contributions":{},"includedScopes":[]}]},"contributions":{},"includedScopes":[]},"contributions":{},"includedScopes":[]},"contributions":{},"includedScopes":[]},"contributions":{},"includedScopes":[]},"contributions":{},"includedScopes":[]},"sourceMap":{"end":{"column":57,"line":9,"offset":169},"start":{"column":29,"line":9,"offset":141}},"value":{"args":[],"id":"5842106b-dbd4-4b09-8750-97d15e8013cf","message":"position","metadata":[],"receiver":{"id":"91bff638-757a-4fd1-acd5-b779787b86bd","metadata":[],"name":"hector","scope":{"containerScope":{"containerScope":{"containerScope":{"containerScope":{"containerScope":{"containerScope":{"containerScope":{"containerScope":{"containerScope":{"contributions":{},"includedScopes":[]},"contributions":{},"includedScopes":[{"contributions":{},"includedScopes":[]},{"contributions":{},"includedScopes":[]},{"contributions":{},"includedScopes":[]},{"contributions":{},"includedScopes":[]}]},"contributions":{},"includedScopes":[{"containerScope":{"containerScope":{"containerScope":{"contributions":{},"includedScopes":[]},"contributions":{},"includedScopes":[]},"contributions":{},"includedScopes":[]},"contributions":{},"includedScopes":[]}]},"contributions":{},"includedScopes":[]},"contributions":{},"includedScopes":[]},"contributions":{},"includedScopes":[]},"contributions":{},"includedScopes":[]},"contributions":{},"includedScopes":[]},"contributions":{},"includedScopes":[]},"contributions":{},"includedScopes":[]},"sourceMap":{"end":{"column":46,"line":9,"offset":158},"start":{"column":40,"line":9,"offset":152}}},"scope":{"containerScope":{"containerScope":{"containerScope":{"containerScope":{"containerScope":{"containerScope":{"containerScope":{"containerScope":{"contributions":{},"includedScopes":[]},"contributions":{},"includedScopes":[{"contributions":{},"includedScopes":[]},{"contributions":{},"includedScopes":[]},{"contributions":{},"includedScopes":[]},{"contributions":{},"includedScopes":[]}]},"contributions":{},"includedScopes":[{"containerScope":{"containerScope":{"containerScope":{"contributions":{},"includedScopes":[]},"contributions":{},"includedScopes":[]},"contributions":{},"includedScopes":[]},"contributions":{},"includedScopes":[]}]},"contributions":{},"includedScopes":[]},"contributions":{},"includedScopes":[]},"contributions":{},"includedScopes":[]},"contributions":{},"includedScopes":[]},"contributions":{},"includedScopes":[]},"contributions":{},"includedScopes":[]},"sourceMap":{"end":{"column":57,"line":9,"offset":169},"start":{"column":40,"line":9,"offset":152}}}}],"id":"5a4e69d0-ec95-4085-8169-303fd52fdf82","instantiated":{"id":"3e3c2b86-897d-4a9e-9bf1-68d205140318","metadata":[],"name":"Maiz","scope":{"containerScope":{"containerScope":{"containerScope":{"containerScope":{"containerScope":{"containerScope":{"containerScope":{"contributions":{},"includedScopes":[]},"contributions":{},"includedScopes":[{"contributions":{},"includedScopes":[]},{"contributions":{},"includedScopes":[]},{"contributions":{},"includedScopes":[]},{"contributions":{},"includedScopes":[]}]},"contributions":{},"includedScopes":[{"containerScope":{"containerScope":{"containerScope":{"contributions":{},"includedScopes":[]},"contributions":{},"includedScopes":[]},"contributions":{},"includedScopes":[]},"contributions":{},"includedScopes":[]}]},"contributions":{},"includedScopes":[]},"contributions":{},"includedScopes":[]},"contributions":{},"includedScopes":[]},"contributions":{},"includedScopes":[]},"contributions":{},"includedScopes":[]},"sourceMap":{"end":{"column":28,"line":9,"offset":140},"start":{"column":24,"line":9,"offset":136}}},"metadata":[],"scope":{"containerScope":{"containerScope":{"containerScope":{"containerScope":{"containerScope":{"containerScope":{"contributions":{},"includedScopes":[]},"contributions":{},"includedScopes":[{"contributions":{},"includedScopes":[]},{"contributions":{},"includedScopes":[]},{"contributions":{},"includedScopes":[]},{"contributions":{},"includedScopes":[]}]},"contributions":{},"includedScopes":[{"containerScope":{"containerScope":{"containerScope":{"contributions":{},"includedScopes":[]},"contributions":{},"includedScopes":[]},"contributions":{},"includedScopes":[]},"contributions":{},"includedScopes":[]}]},"contributions":{},"includedScopes":[]},"contributions":{},"includedScopes":[]},"contributions":{},"includedScopes":[]},"contributions":{},"includedScopes":[]},"sourceMap":{"end":{"column":58,"line":9,"offset":170},"start":{"column":20,"line":9,"offset":132}}}],"id":"12c49b68-f6ac-4deb-b67f-99992c4ad7f4","message":"sembrar","metadata":[],"receiver":{"id":"667c170c-8f92-484d-a603-921aeb90f3c9","metadata":[],"name":"hector","scope":{"containerScope":{"containerScope":{"containerScope":{"containerScope":{"containerScope":{"containerScope":{"contributions":{},"includedScopes":[]},"contributions":{},"includedScopes":[{"contributions":{},"includedScopes":[]},{"contributions":{},"includedScopes":[]},{"contributions":{},"includedScopes":[]},{"contributions":{},"includedScopes":[]}]},"contributions":{},"includedScopes":[{"containerScope":{"containerScope":{"containerScope":{"contributions":{},"includedScopes":[]},"contributions":{},"includedScopes":[]},"contributions":{},"includedScopes":[]},"contributions":{},"includedScopes":[]}]},"contributions":{},"includedScopes":[]},"contributions":{},"includedScopes":[]},"contributions":{},"includedScopes":[]},"contributions":{},"includedScopes":[]},"sourceMap":{"end":{"column":11,"line":9,"offset":123},"start":{"column":5,"line":9,"offset":117}}},"scope":{"containerScope":{"containerScope":{"containerScope":{"containerScope":{"containerScope":{"contributions":{},"includedScopes":[]},"contributions":{},"includedScopes":[{"contributions":{},"includedScopes":[]},{"contributions":{},"includedScopes":[]},{"contributions":{},"includedScopes":[]},{"contributions":{},"includedScopes":[]}]},"contributions":{},"includedScopes":[{"containerScope":{"containerScope":{"containerScope":{"contributions":{},"includedScopes":[]},"contributions":{},"includedScopes":[]},"contributions":{},"includedScopes":[]},"contributions":{},"includedScopes":[]}]},"contributions":{},"includedScopes":[]},"contributions":{},"includedScopes":[]},"contributions":{},"includedScopes":[]},"sourceMap":{"end":{"column":59,"line":9,"offset":171},"start":{"column":5,"line":9,"offset":117}}}],"sourceMap":{"end":{"column":60,"line":9,"offset":172},"start":{"column":18,"line":8,"offset":111}}},"id":"b387af56-6fcd-4d5a-a787-8ed866bc74db","isOnly":false,"metadata":[],"name":"\"sembrar\"","scope":{"containerScope":{"containerScope":{"containerScope":{"contributions":{},"includedScopes":[]},"contributions":{},"includedScopes":[{"contributions":{},"includedScopes":[]},{"contributions":{},"includedScopes":[]},{"contributions":{},"includedScopes":[]},{"contributions":{},"includedScopes":[]}]},"contributions":{},"includedScopes":[{"containerScope":{"containerScope":{"containerScope":{"contributions":{},"includedScopes":[]},"contributions":{},"includedScopes":[]},"contributions":{},"includedScopes":[]},"contributions":{},"includedScopes":[]}]},"contributions":{},"includedScopes":[]},"sourceMap":{"end":{"column":60,"line":9,"offset":172},"start":{"column":3,"line":8,"offset":96}}}],"metadata":[],"name":"\"Granja\"","problems":[{"code":"malformedMember","sourceMap":{"end":{"column":0,"line":10,"offset":173},"start":{"column":60,"line":9,"offset":172}}},{"code":"malformedMember","sourceMap":{"end":{"column":0,"line":11,"offset":256},"start":{"column":2,"line":10,"offset":175}}},{"code":"malformedMember","sourceMap":{"end":{"column":1,"line":15,"offset":345},"start":{"column":2,"line":11,"offset":258}}}],"scope":{"containerScope":{"containerScope":{"contributions":{},"includedScopes":[]},"contributions":{},"includedScopes":[{"contributions":{},"includedScopes":[]},{"contributions":{},"includedScopes":[]},{"contributions":{},"includedScopes":[]},{"contributions":{},"includedScopes":[]}]},"contributions":{},"includedScopes":[{"containerScope":{"containerScope":{"containerScope":{"contributions":{},"includedScopes":[]},"contributions":{},"includedScopes":[]},"contributions":{},"includedScopes":[]},"contributions":{},"includedScopes":[]}]},"sourceMap":{"end":{"column":2,"line":15,"offset":346},"start":{"column":1,"line":6,"offset":73}},"supertypes":[{"args":[],"metadata":[],"reference":{"metadata":[],"name":"wollok.lang.Object","scope":{"containerScope":{"containerScope":{"containerScope":{"contributions":{},"includedScopes":[]},"contributions":{},"includedScopes":[{"contributions":{},"includedScopes":[]},{"contributions":{},"includedScopes":[]},{"contributions":{},"includedScopes":[]},{"contributions":{},"includedScopes":[]}]},"contributions":{},"includedScopes":[{"containerScope":{"containerScope":{"containerScope":{"contributions":{},"includedScopes":[]},"contributions":{},"includedScopes":[]},"contributions":{},"includedScopes":[]},"contributions":{},"includedScopes":[]}]},"contributions":{},"includedScopes":[]}},"scope":{"containerScope":{"containerScope":{"containerScope":{"contributions":{},"includedScopes":[]},"contributions":{},"includedScopes":[{"contributions":{},"includedScopes":[]},{"contributions":{},"includedScopes":[]},{"contributions":{},"includedScopes":[]},{"contributions":{},"includedScopes":[]}]},"contributions":{},"includedScopes":[{"containerScope":{"containerScope":{"containerScope":{"contributions":{},"includedScopes":[]},"contributions":{},"includedScopes":[]},"contributions":{},"includedScopes":[]},"contributions":{},"includedScopes":[]}]},"contributions":{},"includedScopes":[]}}]},"stack":"Error: Failed to print, found malformed node\n    at /home/felipe/.vscode/extensions/uqbar.wollok-lsp-ide-0.3.6/out/server/src/server.js:68:3533\n    at aln (/home/felipe/.vscode/extensions/uqbar.wollok-lsp-ide-0.3.6/out/server/src/server.js:68:3344)\n    at /home/felipe/.vscode/extensions/uqbar.wollok-lsp-ide-0.3.6/out/server/src/server.js:2285:847\n    at /home/felipe/.vscode/extensions/uqbar.wollok-lsp-ide-0.3.6/out/server/src/server.js:2298:3774\n    at /home/felipe/.vscode/extensions/uqbar.wollok-lsp-ide-0.3.6/out/server/src/server.js:37:74770\n    at Fe (/home/felipe/.vscode/extensions/uqbar.wollok-lsp-ide-0.3.6/out/server/src/server.js:7:8527)\n    at Pt (/home/felipe/.vscode/extensions/uqbar.wollok-lsp-ide-0.3.6/out/server/src/server.js:7:6189)\n    at Gi (/home/felipe/.vscode/extensions/uqbar.wollok-lsp-ide-0.3.6/out/server/src/server.js:7:6378)\n    at Immediate._onImmediate (/home/felipe/.vscode/extensions/uqbar.wollok-lsp-ide-0.3.6/out/server/src/server.js:7:6142)\n    at process.processImmediate (node:internal/timers:483:21)","timestamp":"2024-10-14T23:07:08.513Z"}
{"level":"error","message":"✘ Failed to rebuild document Failed to parse testGranja.wtest: \n-- PARSING FAILED --------------------------------------------------\n\n  11 | \thector.sembrar(new Tomaco(position = hector.position()\n  12 |   \n> 13 |   }\n     |   ^\n  14 | \n  15 | }\n\nExpected one of the following: \n\n'@', 'class', 'const', 'describe', 'mixin', 'object', 'only', 'package', 'program', 'test', 'var', '{', EOF, comment, not \"}\n\n\", whitespace\n","stack":"Error: Failed to parse testGranja.wtest: \n-- PARSING FAILED --------------------------------------------------\n\n  11 | \thector.sembrar(new Tomaco(position = hector.position()\n  12 |   \n> 13 |   }\n     |   ^\n  14 | \n  15 | }\n\nExpected one of the following: \n\n'@', 'class', 'const', 'describe', 'mixin', 'object', 'only', 'package', 'program', 'test', 'var', '{', EOF, comment, not \"}\n\n\", whitespace\n\n    at /home/felipe/.vscode/extensions/uqbar.wollok-lsp-ide-0.3.6/out/server/src/server.js:2254:32415\n    at Array.map (<anonymous>)\n    at Jfn (/home/felipe/.vscode/extensions/uqbar.wollok-lsp-ide-0.3.6/out/server/src/server.js:2254:32339)\n    at k2.buildEnvironmentFrom (/home/felipe/.vscode/extensions/uqbar.wollok-lsp-ide-0.3.6/out/server/src/server.js:2285:6721)\n    at k2.updateEnvironmentWith (/home/felipe/.vscode/extensions/uqbar.wollok-lsp-ide-0.3.6/out/server/src/server.js:2285:6456)\n    at jL (/home/felipe/.vscode/extensions/uqbar.wollok-lsp-ide-0.3.6/out/server/src/server.js:2298:2292)\n    at v3.invoke (/home/felipe/.vscode/extensions/uqbar.wollok-lsp-ide-0.3.6/out/server/src/server.js:3:157200)\n    at o.fire (/home/felipe/.vscode/extensions/uqbar.wollok-lsp-ide-0.3.6/out/server/src/server.js:3:157970)\n    at /home/felipe/.vscode/extensions/uqbar.wollok-lsp-ide-0.3.6/out/server/src/server.js:37:57871\n    at Vr (/home/felipe/.vscode/extensions/uqbar.wollok-lsp-ide-0.3.6/out/server/src/server.js:8:1561)","timestamp":"2024-10-14T23:07:10.469Z"}
{"level":"error","message":"✘ Failed to rebuild document Failed to parse testGranja.wtest: \n-- PARSING FAILED --------------------------------------------------\n\n  11 | \thector.sembrar(new Tomaco(position = hector.position()\n  12 |   \n> 13 |   }\n     |   ^\n  14 | \n  15 | }\n\nExpected one of the following: \n\n'@', 'class', 'const', 'describe', 'mixin', 'object', 'only', 'package', 'program', 'test', 'var', '{', EOF, comment, not \"}\n\n\", whitespace\n","stack":"Error: Failed to parse testGranja.wtest: \n-- PARSING FAILED --------------------------------------------------\n\n  11 | \thector.sembrar(new Tomaco(position = hector.position()\n  12 |   \n> 13 |   }\n     |   ^\n  14 | \n  15 | }\n\nExpected one of the following: \n\n'@', 'class', 'const', 'describe', 'mixin', 'object', 'only', 'package', 'program', 'test', 'var', '{', EOF, comment, not \"}\n\n\", whitespace\n\n    at /home/felipe/.vscode/extensions/uqbar.wollok-lsp-ide-0.3.6/out/server/src/server.js:2254:32415\n    at Array.map (<anonymous>)\n    at Jfn (/home/felipe/.vscode/extensions/uqbar.wollok-lsp-ide-0.3.6/out/server/src/server.js:2254:32339)\n    at k2.buildEnvironmentFrom (/home/felipe/.vscode/extensions/uqbar.wollok-lsp-ide-0.3.6/out/server/src/server.js:2285:6721)\n    at k2.updateEnvironmentWith (/home/felipe/.vscode/extensions/uqbar.wollok-lsp-ide-0.3.6/out/server/src/server.js:2285:6456)\n    at jL (/home/felipe/.vscode/extensions/uqbar.wollok-lsp-ide-0.3.6/out/server/src/server.js:2298:2292)\n    at v3.invoke (/home/felipe/.vscode/extensions/uqbar.wollok-lsp-ide-0.3.6/out/server/src/server.js:3:157200)\n    at o.fire (/home/felipe/.vscode/extensions/uqbar.wollok-lsp-ide-0.3.6/out/server/src/server.js:3:157970)\n    at /home/felipe/.vscode/extensions/uqbar.wollok-lsp-ide-0.3.6/out/server/src/server.js:37:57871\n    at Vr (/home/felipe/.vscode/extensions/uqbar.wollok-lsp-ide-0.3.6/out/server/src/server.js:8:1561)","timestamp":"2024-10-14T23:07:12.554Z"}
{"level":"error","message":"✘ Failed to rebuild document Failed to parse testGranja.wtest: \n-- PARSING FAILED --------------------------------------------------\n\n  13 |   }\n  14 | \n> 15 | }\n     | ^\n\nExpected one of the following: \n\n'@', 'class', 'const', 'describe', 'mixin', 'object', 'only', 'package', 'program', 'test', 'var', '{', EOF, comment, not \"}\", whitespace\n","stack":"Error: Failed to parse testGranja.wtest: \n-- PARSING FAILED --------------------------------------------------\n\n  13 |   }\n  14 | \n> 15 | }\n     | ^\n\nExpected one of the following: \n\n'@', 'class', 'const', 'describe', 'mixin', 'object', 'only', 'package', 'program', 'test', 'var', '{', EOF, comment, not \"}\", whitespace\n\n    at /home/felipe/.vscode/extensions/uqbar.wollok-lsp-ide-0.3.6/out/server/src/server.js:2254:32415\n    at Array.map (<anonymous>)\n    at Jfn (/home/felipe/.vscode/extensions/uqbar.wollok-lsp-ide-0.3.6/out/server/src/server.js:2254:32339)\n    at k2.buildEnvironmentFrom (/home/felipe/.vscode/extensions/uqbar.wollok-lsp-ide-0.3.6/out/server/src/server.js:2285:6721)\n    at k2.updateEnvironmentWith (/home/felipe/.vscode/extensions/uqbar.wollok-lsp-ide-0.3.6/out/server/src/server.js:2285:6456)\n    at jL (/home/felipe/.vscode/extensions/uqbar.wollok-lsp-ide-0.3.6/out/server/src/server.js:2298:2292)\n    at v3.invoke (/home/felipe/.vscode/extensions/uqbar.wollok-lsp-ide-0.3.6/out/server/src/server.js:3:157200)\n    at o.fire (/home/felipe/.vscode/extensions/uqbar.wollok-lsp-ide-0.3.6/out/server/src/server.js:3:157970)\n    at /home/felipe/.vscode/extensions/uqbar.wollok-lsp-ide-0.3.6/out/server/src/server.js:37:57871\n    at Vr (/home/felipe/.vscode/extensions/uqbar.wollok-lsp-ide-0.3.6/out/server/src/server.js:8:1561)","timestamp":"2024-10-14T23:07:12.738Z"}
{"level":"error","message":"✘ Failed to rebuild document Failed to parse testGranja.wtest: \n-- PARSING FAILED --------------------------------------------------\n\n  13 |   }\n  14 | \n> 15 | }\n     | ^\n\nExpected one of the following: \n\n'@', 'class', 'const', 'describe', 'mixin', 'object', 'only', 'package', 'program', 'test', 'var', '{', EOF, comment, not \"}\", whitespace\n","stack":"Error: Failed to parse testGranja.wtest: \n-- PARSING FAILED --------------------------------------------------\n\n  13 |   }\n  14 | \n> 15 | }\n     | ^\n\nExpected one of the following: \n\n'@', 'class', 'const', 'describe', 'mixin', 'object', 'only', 'package', 'program', 'test', 'var', '{', EOF, comment, not \"}\", whitespace\n\n    at /home/felipe/.vscode/extensions/uqbar.wollok-lsp-ide-0.3.6/out/server/src/server.js:2254:32415\n    at Array.map (<anonymous>)\n    at Jfn (/home/felipe/.vscode/extensions/uqbar.wollok-lsp-ide-0.3.6/out/server/src/server.js:2254:32339)\n    at k2.buildEnvironmentFrom (/home/felipe/.vscode/extensions/uqbar.wollok-lsp-ide-0.3.6/out/server/src/server.js:2285:6721)\n    at k2.updateEnvironmentWith (/home/felipe/.vscode/extensions/uqbar.wollok-lsp-ide-0.3.6/out/server/src/server.js:2285:6456)\n    at jL (/home/felipe/.vscode/extensions/uqbar.wollok-lsp-ide-0.3.6/out/server/src/server.js:2298:2292)\n    at v3.invoke (/home/felipe/.vscode/extensions/uqbar.wollok-lsp-ide-0.3.6/out/server/src/server.js:3:157200)\n    at o.fire (/home/felipe/.vscode/extensions/uqbar.wollok-lsp-ide-0.3.6/out/server/src/server.js:3:157970)\n    at /home/felipe/.vscode/extensions/uqbar.wollok-lsp-ide-0.3.6/out/server/src/server.js:37:57871\n    at Vr (/home/felipe/.vscode/extensions/uqbar.wollok-lsp-ide-0.3.6/out/server/src/server.js:8:1561)","timestamp":"2024-10-14T23:07:15.570Z"}
{"level":"info","message":"⌛ Building environment","timeElapsed":212,"timestamp":"2024-10-14T23:07:16.054Z"}
{"level":"info","message":"⌛ Validating testGranja.wtest","timeElapsed":219,"timestamp":"2024-10-14T23:07:16.290Z"}
{"level":"info","message":"⌛ Building environment","timeElapsed":180,"timestamp":"2024-10-14T23:07:20.424Z"}
{"level":"info","message":"⌛ Validating testGranja.wtest","timeElapsed":243,"timestamp":"2024-10-14T23:07:20.670Z"}
{"level":"info","message":"⌛ Building environment","timeElapsed":155,"timestamp":"2024-10-14T23:07:22.146Z"}
{"level":"info","message":"⌛ Validating testGranja.wtest","timeElapsed":242,"timestamp":"2024-10-14T23:07:22.390Z"}
{"level":"info","message":"⌛ Building environment","timeElapsed":183,"timestamp":"2024-10-14T23:07:26.634Z"}
{"level":"info","message":"⌛ Validating testGranja.wtest","timeElapsed":196,"timestamp":"2024-10-14T23:07:26.832Z"}
{"level":"info","message":"⌛ Building environment","timeElapsed":177,"timestamp":"2024-10-14T23:07:27.474Z"}
{"level":"info","message":"⌛ Validating testGranja.wtest","timeElapsed":215,"timestamp":"2024-10-14T23:07:27.701Z"}
{"level":"info","message":"⌛ Building environment","timeElapsed":247,"timestamp":"2024-10-14T23:07:32.859Z"}
{"level":"info","message":"⌛ Building environment","timeElapsed":114,"timestamp":"2024-10-14T23:07:32.974Z"}
{"level":"info","message":"⌛ Validating testGranja.wtest","timeElapsed":217,"timestamp":"2024-10-14T23:07:33.199Z"}
{"level":"info","message":"⌛ Validating testGranja.wtest","timeElapsed":198,"timestamp":"2024-10-14T23:07:33.397Z"}
{"level":"info","message":"⌛ Building environment","timeElapsed":171,"timestamp":"2024-10-14T23:07:47.668Z"}
{"level":"info","message":"⌛ Validating testGranja.wtest","timeElapsed":227,"timestamp":"2024-10-14T23:07:47.952Z"}
{"level":"info","message":"⌛ Building environment","timeElapsed":121,"timestamp":"2024-10-14T23:07:48.073Z"}
{"level":"info","message":"onRequest - completionItem/resolve","timestamp":"2024-10-14T23:07:48.074Z"}
{"level":"info","message":"⌛ Validating testGranja.wtest","timeElapsed":239,"timestamp":"2024-10-14T23:07:48.326Z"}
{"level":"info","message":"⌛ Building environment","timeElapsed":176,"timestamp":"2024-10-14T23:07:48.503Z"}
{"level":"info","message":"onRequest - completionItem/resolve","timestamp":"2024-10-14T23:07:48.504Z"}
{"level":"info","message":"⌛ Building environment","timeElapsed":122,"timestamp":"2024-10-14T23:07:48.633Z"}
{"level":"info","message":"⌛ Building environment","timeElapsed":146,"timestamp":"2024-10-14T23:07:48.826Z"}
{"level":"info","message":"⌛ Validating testGranja.wtest","timeElapsed":233,"timestamp":"2024-10-14T23:07:49.059Z"}
{"level":"info","message":"⌛ Validating testGranja.wtest","timeElapsed":230,"timestamp":"2024-10-14T23:07:49.296Z"}
{"level":"info","message":"⌛ Validating testGranja.wtest","timeElapsed":214,"timestamp":"2024-10-14T23:07:49.511Z"}
{"level":"info","message":"⌛ Building environment","timeElapsed":136,"timestamp":"2024-10-14T23:07:49.647Z"}
{"level":"info","message":"⌛ Building environment","timeElapsed":122,"timestamp":"2024-10-14T23:07:49.813Z"}
{"level":"info","message":"⌛ Validating testGranja.wtest","timeElapsed":201,"timestamp":"2024-10-14T23:07:50.022Z"}
{"level":"info","message":"⌛ Validating testGranja.wtest","timeElapsed":221,"timestamp":"2024-10-14T23:07:50.243Z"}
{"level":"info","message":"⌛ Building environment","timeElapsed":133,"timestamp":"2024-10-14T23:07:50.377Z"}
{"level":"info","message":"⌛ Building environment","timeElapsed":298,"timestamp":"2024-10-14T23:07:50.677Z"}
{"level":"info","message":"⌛ Validating testGranja.wtest","timeElapsed":260,"timestamp":"2024-10-14T23:07:50.938Z"}
{"level":"info","message":"⌛ Building environment","timeElapsed":119,"timestamp":"2024-10-14T23:07:51.059Z"}
{"level":"info","message":"⌛ Building environment","timeElapsed":135,"timestamp":"2024-10-14T23:07:51.199Z"}
{"level":"info","message":"⌛ Validating testGranja.wtest","timeElapsed":191,"timestamp":"2024-10-14T23:07:51.397Z"}
{"level":"info","message":"⌛ Building environment","timeElapsed":134,"timestamp":"2024-10-14T23:07:51.532Z"}
{"level":"info","message":"⌛ Building environment","timeElapsed":120,"timestamp":"2024-10-14T23:07:51.653Z"}
{"level":"info","message":"⌛ Building environment","timeElapsed":200,"timestamp":"2024-10-14T23:07:51.854Z"}
{"level":"info","message":"⌛ Validating testGranja.wtest","timeElapsed":192,"timestamp":"2024-10-14T23:07:52.046Z"}
{"level":"info","message":"⌛ Validating testGranja.wtest","timeElapsed":194,"timestamp":"2024-10-14T23:07:52.241Z"}
{"level":"info","message":"⌛ Validating testGranja.wtest","timeElapsed":185,"timestamp":"2024-10-14T23:07:52.437Z"}
{"level":"info","message":"⌛ Validating testGranja.wtest","timeElapsed":196,"timestamp":"2024-10-14T23:07:52.633Z"}
{"level":"info","message":"⌛ Validating testGranja.wtest","timeElapsed":190,"timestamp":"2024-10-14T23:07:52.823Z"}
{"level":"info","message":"⌛ Building environment","timeElapsed":151,"timestamp":"2024-10-14T23:07:52.998Z"}
{"level":"info","message":"⌛ Validating testGranja.wtest","timeElapsed":218,"timestamp":"2024-10-14T23:07:53.268Z"}
{"level":"info","message":"⌛ Building environment","timeElapsed":128,"timestamp":"2024-10-14T23:07:53.396Z"}
{"level":"info","message":"onRequest - completionItem/resolve","timestamp":"2024-10-14T23:07:53.397Z"}
{"level":"info","message":"⌛ Building environment","timeElapsed":119,"timestamp":"2024-10-14T23:07:53.517Z"}
{"level":"info","message":"onRequest - completionItem/resolve","timestamp":"2024-10-14T23:07:53.518Z"}
{"level":"info","message":"⌛ Validating testGranja.wtest","timeElapsed":196,"timestamp":"2024-10-14T23:07:53.716Z"}
{"level":"info","message":"⌛ Validating testGranja.wtest","timeElapsed":208,"timestamp":"2024-10-14T23:07:53.935Z"}
{"level":"info","message":"onRequest - completionItem/resolve","timestamp":"2024-10-14T23:07:54.624Z"}
{"level":"info","message":"onRequest - completionItem/resolve","timestamp":"2024-10-14T23:08:04.625Z"}
{"level":"info","message":"⌛ Building environment","timeElapsed":138,"timestamp":"2024-10-14T23:08:05.043Z"}
{"level":"info","message":"⌛ Validating testGranja.wtest","timeElapsed":194,"timestamp":"2024-10-14T23:08:05.239Z"}
{"level":"info","message":"⌛ Building environment","timeElapsed":150,"timestamp":"2024-10-14T23:08:07.062Z"}
{"level":"error","message":"✘ Completions for node failed: Error: [Send]{3f23c7} at testGranja.wtest:13 exhausted all cases without a match [Send]{3f23c7} at testGranja.wtest:13 exhausted all cases without a match","stack":"Error: [Send]{3f23c7} at testGranja.wtest:13 exhausted all cases without a match\n    at /home/felipe/.vscode/extensions/uqbar.wollok-lsp-ide-0.3.6/out/server/src/server.js:38:6067\n    at yh (/home/felipe/.vscode/extensions/uqbar.wollok-lsp-ide-0.3.6/out/server/src/server.js:2291:42)\n    at kh (/home/felipe/.vscode/extensions/uqbar.wollok-lsp-ide-0.3.6/out/server/src/server.js:2291:1004)\n    at Y5n (/home/felipe/.vscode/extensions/uqbar.wollok-lsp-ide-0.3.6/out/server/src/server.js:2291:1160)\n    at /home/felipe/.vscode/extensions/uqbar.wollok-lsp-ide-0.3.6/out/server/src/server.js:38:6056\n    at yh (/home/felipe/.vscode/extensions/uqbar.wollok-lsp-ide-0.3.6/out/server/src/server.js:2291:42)\n    at /home/felipe/.vscode/extensions/uqbar.wollok-lsp-ide-0.3.6/out/server/src/server.js:2291:2700\n    at /home/felipe/.vscode/extensions/uqbar.wollok-lsp-ide-0.3.6/out/server/src/server.js:2298:3774\n    at /home/felipe/.vscode/extensions/uqbar.wollok-lsp-ide-0.3.6/out/server/src/server.js:37:74872\n    at Fe (/home/felipe/.vscode/extensions/uqbar.wollok-lsp-ide-0.3.6/out/server/src/server.js:7:8527)","timestamp":"2024-10-14T23:08:07.111Z"}
{"level":"info","message":"⌛ Building environment","timeElapsed":150,"timestamp":"2024-10-14T23:08:07.268Z"}
{"level":"info","message":"⌛ Validating testGranja.wtest","timeElapsed":200,"timestamp":"2024-10-14T23:08:07.469Z"}
{"level":"info","message":"onRequest - completionItem/resolve","timestamp":"2024-10-14T23:08:07.469Z"}
{"level":"info","message":"⌛ Building environment","timeElapsed":140,"timestamp":"2024-10-14T23:08:07.610Z"}
{"level":"info","message":"onRequest - completionItem/resolve","timestamp":"2024-10-14T23:08:07.611Z"}
{"level":"info","message":"⌛ Validating testGranja.wtest","timeElapsed":222,"timestamp":"2024-10-14T23:08:07.834Z"}
{"level":"info","message":"⌛ Building environment","timeElapsed":127,"timestamp":"2024-10-14T23:08:07.973Z"}
{"level":"info","message":"onRequest - completionItem/resolve","timestamp":"2024-10-14T23:08:07.984Z"}
{"level":"info","message":"⌛ Validating testGranja.wtest","timeElapsed":199,"timestamp":"2024-10-14T23:08:08.183Z"}
{"level":"info","message":"⌛ Building environment","timeElapsed":134,"timestamp":"2024-10-14T23:08:08.319Z"}
{"level":"info","message":"onRequest - completionItem/resolve","timestamp":"2024-10-14T23:08:08.319Z"}
{"level":"info","message":"⌛ Building environment","timeElapsed":119,"timestamp":"2024-10-14T23:08:08.440Z"}
{"level":"info","message":"onRequest - completionItem/resolve","timestamp":"2024-10-14T23:08:08.440Z"}
{"level":"info","message":"⌛ Validating testGranja.wtest","timeElapsed":204,"timestamp":"2024-10-14T23:08:08.646Z"}
{"level":"info","message":"⌛ Validating testGranja.wtest","timeElapsed":210,"timestamp":"2024-10-14T23:08:08.867Z"}
{"level":"info","message":"⌛ Validating testGranja.wtest","timeElapsed":205,"timestamp":"2024-10-14T23:08:09.074Z"}
{"level":"info","message":"⌛ Building environment","timeElapsed":150,"timestamp":"2024-10-14T23:08:09.225Z"}
{"level":"info","message":"⌛ Building environment","timeElapsed":130,"timestamp":"2024-10-14T23:08:09.395Z"}
{"level":"info","message":"⌛ Building environment","timeElapsed":133,"timestamp":"2024-10-14T23:08:09.535Z"}
{"level":"info","message":"⌛ Building environment","timeElapsed":159,"timestamp":"2024-10-14T23:08:09.700Z"}
{"level":"info","message":"⌛ Validating testGranja.wtest","timeElapsed":313,"timestamp":"2024-10-14T23:08:10.020Z"}
{"level":"info","message":"⌛ Validating testGranja.wtest","timeElapsed":230,"timestamp":"2024-10-14T23:08:10.261Z"}
{"level":"info","message":"⌛ Validating testGranja.wtest","timeElapsed":209,"timestamp":"2024-10-14T23:08:10.471Z"}
{"level":"info","message":"⌛ Validating testGranja.wtest","timeElapsed":195,"timestamp":"2024-10-14T23:08:10.669Z"}
{"level":"info","message":"⌛ Building environment","timeElapsed":121,"timestamp":"2024-10-14T23:08:10.790Z"}
{"level":"error","message":"✘ Completions for node failed: Error: [Send]{0848ea} at testGranja.wtest:13 exhausted all cases without a match [Send]{0848ea} at testGranja.wtest:13 exhausted all cases without a match","stack":"Error: [Send]{0848ea} at testGranja.wtest:13 exhausted all cases without a match\n    at /home/felipe/.vscode/extensions/uqbar.wollok-lsp-ide-0.3.6/out/server/src/server.js:38:6067\n    at yh (/home/felipe/.vscode/extensions/uqbar.wollok-lsp-ide-0.3.6/out/server/src/server.js:2291:42)\n    at kh (/home/felipe/.vscode/extensions/uqbar.wollok-lsp-ide-0.3.6/out/server/src/server.js:2291:1004)\n    at Y5n (/home/felipe/.vscode/extensions/uqbar.wollok-lsp-ide-0.3.6/out/server/src/server.js:2291:1160)\n    at /home/felipe/.vscode/extensions/uqbar.wollok-lsp-ide-0.3.6/out/server/src/server.js:38:6056\n    at yh (/home/felipe/.vscode/extensions/uqbar.wollok-lsp-ide-0.3.6/out/server/src/server.js:2291:42)\n    at /home/felipe/.vscode/extensions/uqbar.wollok-lsp-ide-0.3.6/out/server/src/server.js:2291:2700\n    at /home/felipe/.vscode/extensions/uqbar.wollok-lsp-ide-0.3.6/out/server/src/server.js:2298:3774\n    at /home/felipe/.vscode/extensions/uqbar.wollok-lsp-ide-0.3.6/out/server/src/server.js:37:74872\n    at Fe (/home/felipe/.vscode/extensions/uqbar.wollok-lsp-ide-0.3.6/out/server/src/server.js:7:8527)","timestamp":"2024-10-14T23:08:10.832Z"}
{"level":"info","message":"⌛ Building environment","timeElapsed":131,"timestamp":"2024-10-14T23:08:10.967Z"}
{"level":"info","message":"⌛ Building environment","timeElapsed":123,"timestamp":"2024-10-14T23:08:11.091Z"}
{"level":"info","message":"⌛ Building environment","timeElapsed":124,"timestamp":"2024-10-14T23:08:11.215Z"}
{"level":"info","message":"⌛ Validating testGranja.wtest","timeElapsed":209,"timestamp":"2024-10-14T23:08:11.435Z"}
{"level":"info","message":"⌛ Validating testGranja.wtest","timeElapsed":210,"timestamp":"2024-10-14T23:08:11.646Z"}
{"level":"info","message":"⌛ Validating testGranja.wtest","timeElapsed":204,"timestamp":"2024-10-14T23:08:11.850Z"}
{"level":"info","message":"⌛ Validating testGranja.wtest","timeElapsed":196,"timestamp":"2024-10-14T23:08:12.048Z"}
{"level":"info","message":"⌛ Building environment","timeElapsed":144,"timestamp":"2024-10-14T23:08:12.194Z"}
{"level":"info","message":"⌛ Building environment","timeElapsed":146,"timestamp":"2024-10-14T23:08:12.340Z"}
{"level":"info","message":"⌛ Building environment","timeElapsed":135,"timestamp":"2024-10-14T23:08:12.485Z"}
{"level":"info","message":"⌛ Validating testGranja.wtest","timeElapsed":219,"timestamp":"2024-10-14T23:08:12.704Z"}
{"level":"info","message":"⌛ Validating testGranja.wtest","timeElapsed":204,"timestamp":"2024-10-14T23:08:12.917Z"}
{"level":"info","message":"⌛ Validating testGranja.wtest","timeElapsed":227,"timestamp":"2024-10-14T23:08:13.146Z"}
{"level":"info","message":"⌛ Building environment","timeElapsed":124,"timestamp":"2024-10-14T23:08:13.271Z"}
{"level":"error","message":"✘ Completions for node failed: Error: [Send]{c9caeb} at testGranja.wtest:13 exhausted all cases without a match [Send]{c9caeb} at testGranja.wtest:13 exhausted all cases without a match","stack":"Error: [Send]{c9caeb} at testGranja.wtest:13 exhausted all cases without a match\n    at /home/felipe/.vscode/extensions/uqbar.wollok-lsp-ide-0.3.6/out/server/src/server.js:38:6067\n    at yh (/home/felipe/.vscode/extensions/uqbar.wollok-lsp-ide-0.3.6/out/server/src/server.js:2291:42)\n    at kh (/home/felipe/.vscode/extensions/uqbar.wollok-lsp-ide-0.3.6/out/server/src/server.js:2291:1004)\n    at Y5n (/home/felipe/.vscode/extensions/uqbar.wollok-lsp-ide-0.3.6/out/server/src/server.js:2291:1160)\n    at /home/felipe/.vscode/extensions/uqbar.wollok-lsp-ide-0.3.6/out/server/src/server.js:38:6056\n    at yh (/home/felipe/.vscode/extensions/uqbar.wollok-lsp-ide-0.3.6/out/server/src/server.js:2291:42)\n    at /home/felipe/.vscode/extensions/uqbar.wollok-lsp-ide-0.3.6/out/server/src/server.js:2291:2700\n    at /home/felipe/.vscode/extensions/uqbar.wollok-lsp-ide-0.3.6/out/server/src/server.js:2298:3774\n    at /home/felipe/.vscode/extensions/uqbar.wollok-lsp-ide-0.3.6/out/server/src/server.js:37:74872\n    at Fe (/home/felipe/.vscode/extensions/uqbar.wollok-lsp-ide-0.3.6/out/server/src/server.js:7:8527)","timestamp":"2024-10-14T23:08:13.309Z"}
{"level":"info","message":"⌛ Building environment","timeElapsed":112,"timestamp":"2024-10-14T23:08:13.426Z"}
{"level":"info","message":"⌛ Building environment","timeElapsed":117,"timestamp":"2024-10-14T23:08:13.550Z"}
{"level":"info","message":"⌛ Building environment","timeElapsed":119,"timestamp":"2024-10-14T23:08:13.677Z"}
{"level":"info","message":"⌛ Building environment","timeElapsed":110,"timestamp":"2024-10-14T23:08:13.795Z"}
{"level":"info","message":"⌛ Validating testGranja.wtest","timeElapsed":194,"timestamp":"2024-10-14T23:08:13.996Z"}
{"level":"info","message":"⌛ Validating testGranja.wtest","timeElapsed":189,"timestamp":"2024-10-14T23:08:14.185Z"}
{"level":"info","message":"⌛ Validating testGranja.wtest","timeElapsed":187,"timestamp":"2024-10-14T23:08:14.379Z"}
{"level":"info","message":"⌛ Validating testGranja.wtest","timeElapsed":204,"timestamp":"2024-10-14T23:08:14.586Z"}
{"level":"info","message":"⌛ Validating testGranja.wtest","timeElapsed":197,"timestamp":"2024-10-14T23:08:14.783Z"}
{"level":"info","message":"⌛ Building environment","timeElapsed":371,"timestamp":"2024-10-14T23:08:16.366Z"}
{"level":"info","message":"⌛ Validating objetos.wlk","timeElapsed":289,"timestamp":"2024-10-14T23:08:16.684Z"}
{"level":"info","message":"⌛ Building environment","timeElapsed":153,"timestamp":"2024-10-14T23:08:26.144Z"}
{"level":"info","message":"⌛ Validating testGranja.wtest","timeElapsed":209,"timestamp":"2024-10-14T23:08:26.354Z"}
{"level":"info","message":"⌛ Building environment","timeElapsed":146,"timestamp":"2024-10-14T23:08:27.857Z"}
{"level":"info","message":"⌛ Validating testGranja.wtest","timeElapsed":201,"timestamp":"2024-10-14T23:08:28.059Z"}
{"level":"info","message":"⌛ Building environment","timeElapsed":122,"timestamp":"2024-10-14T23:08:30.598Z"}
{"level":"info","message":"⌛ Validating testGranja.wtest","timeElapsed":199,"timestamp":"2024-10-14T23:08:30.804Z"}
{"level":"info","message":"⌛ Building environment","timeElapsed":151,"timestamp":"2024-10-14T23:08:31.738Z"}
{"level":"info","message":"⌛ Validating testGranja.wtest","timeElapsed":202,"timestamp":"2024-10-14T23:08:31.941Z"}
{"level":"info","message":"⌛ Building environment","timeElapsed":128,"timestamp":"2024-10-14T23:08:32.476Z"}
{"level":"info","message":"⌛ Building environment","timeElapsed":124,"timestamp":"2024-10-14T23:08:32.648Z"}
{"level":"info","message":"⌛ Validating testGranja.wtest","timeElapsed":224,"timestamp":"2024-10-14T23:08:32.877Z"}
{"level":"info","message":"onRequest - completionItem/resolve","timestamp":"2024-10-14T23:08:32.878Z"}
{"level":"info","message":"⌛ Validating testGranja.wtest","timeElapsed":302,"timestamp":"2024-10-14T23:08:33.180Z"}
{"level":"info","message":"⌛ Building environment","timeElapsed":121,"timestamp":"2024-10-14T23:08:33.303Z"}
{"level":"info","message":"onRequest - completionItem/resolve","timestamp":"2024-10-14T23:08:33.304Z"}
{"level":"info","message":"⌛ Building environment","timeElapsed":125,"timestamp":"2024-10-14T23:08:33.429Z"}
{"level":"info","message":"onRequest - completionItem/resolve","timestamp":"2024-10-14T23:08:33.434Z"}
{"level":"info","message":"⌛ Building environment","timeElapsed":262,"timestamp":"2024-10-14T23:08:33.697Z"}
{"level":"info","message":"onRequest - completionItem/resolve","timestamp":"2024-10-14T23:08:33.698Z"}
{"level":"info","message":"⌛ Building environment","timeElapsed":130,"timestamp":"2024-10-14T23:08:33.829Z"}
{"level":"info","message":"onRequest - completionItem/resolve","timestamp":"2024-10-14T23:08:33.830Z"}
{"level":"info","message":"⌛ Validating testGranja.wtest","timeElapsed":236,"timestamp":"2024-10-14T23:08:34.067Z"}
{"level":"info","message":"⌛ Validating testGranja.wtest","timeElapsed":233,"timestamp":"2024-10-14T23:08:34.308Z"}
{"level":"info","message":"⌛ Validating testGranja.wtest","timeElapsed":201,"timestamp":"2024-10-14T23:08:34.510Z"}
{"level":"info","message":"⌛ Validating testGranja.wtest","timeElapsed":193,"timestamp":"2024-10-14T23:08:34.703Z"}
{"level":"info","message":"⌛ Building environment","timeElapsed":148,"timestamp":"2024-10-14T23:08:34.852Z"}
{"level":"info","message":"⌛ Building environment","timeElapsed":146,"timestamp":"2024-10-14T23:08:35.053Z"}
{"level":"info","message":"⌛ Validating testGranja.wtest","timeElapsed":192,"timestamp":"2024-10-14T23:08:35.247Z"}
{"level":"info","message":"onRequest - completionItem/resolve","timestamp":"2024-10-14T23:08:35.247Z"}
{"level":"info","message":"⌛ Building environment","timeElapsed":124,"timestamp":"2024-10-14T23:08:35.372Z"}
{"level":"info","message":"onRequest - completionItem/resolve","timestamp":"2024-10-14T23:08:35.372Z"}
{"level":"info","message":"⌛ Validating testGranja.wtest","timeElapsed":240,"timestamp":"2024-10-14T23:08:35.613Z"}
{"level":"info","message":"⌛ Validating testGranja.wtest","timeElapsed":206,"timestamp":"2024-10-14T23:08:35.833Z"}
{"level":"info","message":"⌛ Building environment","timeElapsed":135,"timestamp":"2024-10-14T23:08:35.968Z"}
{"level":"info","message":"onRequest - completionItem/resolve","timestamp":"2024-10-14T23:08:35.969Z"}
{"level":"info","message":"⌛ Building environment","timeElapsed":124,"timestamp":"2024-10-14T23:08:36.093Z"}
{"level":"info","message":"onRequest - completionItem/resolve","timestamp":"2024-10-14T23:08:36.094Z"}
{"level":"info","message":"⌛ Building environment","timeElapsed":133,"timestamp":"2024-10-14T23:08:36.227Z"}
{"level":"info","message":"onRequest - completionItem/resolve","timestamp":"2024-10-14T23:08:36.228Z"}
{"level":"info","message":"⌛ Validating testGranja.wtest","timeElapsed":210,"timestamp":"2024-10-14T23:08:36.447Z"}
{"level":"info","message":"⌛ Validating testGranja.wtest","timeElapsed":290,"timestamp":"2024-10-14T23:08:36.738Z"}
{"level":"info","message":"⌛ Validating testGranja.wtest","timeElapsed":228,"timestamp":"2024-10-14T23:08:36.967Z"}
{"level":"info","message":"onRequest - completionItem/resolve","timestamp":"2024-10-14T23:08:36.968Z"}
{"level":"info","message":"⌛ Building environment","timeElapsed":165,"timestamp":"2024-10-14T23:08:37.133Z"}
{"level":"info","message":"⌛ Validating testGranja.wtest","timeElapsed":192,"timestamp":"2024-10-14T23:08:37.326Z"}
{"level":"info","message":"⌛ Building environment","timeElapsed":156,"timestamp":"2024-10-14T23:08:37.916Z"}
{"level":"error","message":"✘ Completions for node failed: Error: [Send]{7cfb80} at testGranja.wtest:10 exhausted all cases without a match [Send]{7cfb80} at testGranja.wtest:10 exhausted all cases without a match","stack":"Error: [Send]{7cfb80} at testGranja.wtest:10 exhausted all cases without a match\n    at /home/felipe/.vscode/extensions/uqbar.wollok-lsp-ide-0.3.6/out/server/src/server.js:38:6067\n    at yh (/home/felipe/.vscode/extensions/uqbar.wollok-lsp-ide-0.3.6/out/server/src/server.js:2291:42)\n    at kh (/home/felipe/.vscode/extensions/uqbar.wollok-lsp-ide-0.3.6/out/server/src/server.js:2291:1004)\n    at Y5n (/home/felipe/.vscode/extensions/uqbar.wollok-lsp-ide-0.3.6/out/server/src/server.js:2291:1160)\n    at /home/felipe/.vscode/extensions/uqbar.wollok-lsp-ide-0.3.6/out/server/src/server.js:38:6056\n    at yh (/home/felipe/.vscode/extensions/uqbar.wollok-lsp-ide-0.3.6/out/server/src/server.js:2291:42)\n    at /home/felipe/.vscode/extensions/uqbar.wollok-lsp-ide-0.3.6/out/server/src/server.js:2291:2700\n    at /home/felipe/.vscode/extensions/uqbar.wollok-lsp-ide-0.3.6/out/server/src/server.js:2298:3774\n    at /home/felipe/.vscode/extensions/uqbar.wollok-lsp-ide-0.3.6/out/server/src/server.js:37:74872\n    at Fe (/home/felipe/.vscode/extensions/uqbar.wollok-lsp-ide-0.3.6/out/server/src/server.js:7:8527)","timestamp":"2024-10-14T23:08:37.962Z"}
{"level":"info","message":"⌛ Validating testGranja.wtest","timeElapsed":228,"timestamp":"2024-10-14T23:08:38.200Z"}
{"level":"info","message":"onRequest - completionItem/resolve","timestamp":"2024-10-14T23:08:38.200Z"}
{"level":"info","message":"⌛ Building environment","timeElapsed":132,"timestamp":"2024-10-14T23:08:38.333Z"}
{"level":"info","message":"onRequest - completionItem/resolve","timestamp":"2024-10-14T23:08:38.334Z"}
{"level":"info","message":"⌛ Building environment","timeElapsed":118,"timestamp":"2024-10-14T23:08:38.452Z"}
{"level":"info","message":"onRequest - completionItem/resolve","timestamp":"2024-10-14T23:08:38.453Z"}
{"level":"info","message":"⌛ Building environment","timeElapsed":130,"timestamp":"2024-10-14T23:08:38.583Z"}
{"level":"info","message":"onRequest - completionItem/resolve","timestamp":"2024-10-14T23:08:38.584Z"}
{"level":"info","message":"⌛ Validating testGranja.wtest","timeElapsed":190,"timestamp":"2024-10-14T23:08:38.774Z"}
{"level":"info","message":"⌛ Validating testGranja.wtest","timeElapsed":188,"timestamp":"2024-10-14T23:08:38.962Z"}
{"level":"info","message":"⌛ Building environment","timeElapsed":115,"timestamp":"2024-10-14T23:08:39.078Z"}
{"level":"info","message":"onRequest - completionItem/resolve","timestamp":"2024-10-14T23:08:39.079Z"}
{"level":"info","message":"⌛ Validating testGranja.wtest","timeElapsed":260,"timestamp":"2024-10-14T23:08:39.340Z"}
{"level":"info","message":"⌛ Building environment","timeElapsed":153,"timestamp":"2024-10-14T23:08:39.493Z"}
{"level":"info","message":"onRequest - completionItem/resolve","timestamp":"2024-10-14T23:08:39.494Z"}
{"level":"info","message":"⌛ Validating testGranja.wtest","timeElapsed":192,"timestamp":"2024-10-14T23:08:39.695Z"}
{"level":"info","message":"⌛ Validating testGranja.wtest","timeElapsed":186,"timestamp":"2024-10-14T23:08:39.882Z"}
{"level":"info","message":"⌛ Building environment","timeElapsed":158,"timestamp":"2024-10-14T23:08:55.199Z"}
{"level":"info","message":"⌛ Validating testGranja.wtest","timeElapsed":186,"timestamp":"2024-10-14T23:08:55.387Z"}
{"level":"info","message":"⌛ Building environment","timeElapsed":144,"timestamp":"2024-10-14T23:08:55.572Z"}
{"level":"info","message":"⌛ Building environment","timeElapsed":185,"timestamp":"2024-10-14T23:08:55.842Z"}
{"level":"info","message":"⌛ Validating testGranja.wtest","timeElapsed":241,"timestamp":"2024-10-14T23:08:56.083Z"}
{"level":"info","message":"onRequest - completionItem/resolve","timestamp":"2024-10-14T23:08:56.084Z"}
{"level":"info","message":"⌛ Building environment","timeElapsed":157,"timestamp":"2024-10-14T23:08:56.241Z"}
{"level":"info","message":"onRequest - completionItem/resolve","timestamp":"2024-10-14T23:08:56.242Z"}
{"level":"info","message":"⌛ Validating testGranja.wtest","timeElapsed":211,"timestamp":"2024-10-14T23:08:56.453Z"}
{"level":"info","message":"⌛ Building environment","timeElapsed":113,"timestamp":"2024-10-14T23:08:56.568Z"}
{"level":"info","message":"onRequest - completionItem/resolve","timestamp":"2024-10-14T23:08:56.574Z"}
{"level":"info","message":"⌛ Building environment","timeElapsed":133,"timestamp":"2024-10-14T23:08:56.707Z"}
{"level":"info","message":"onRequest - completionItem/resolve","timestamp":"2024-10-14T23:08:56.708Z"}
{"level":"error","message":"✘ Failed to rebuild document Failed to parse testGranja.wtest: \n-- PARSING FAILED --------------------------------------------------\n\n  18 |   }\n  19 | \n> 20 | }\n     | ^\n\nExpected one of the following: \n\n'@', 'class', 'const', 'describe', 'mixin', 'object', 'only', 'package', 'program', 'test', 'var', '{', EOF, comment, not \"}\", whitespace\n","stack":"Error: Failed to parse testGranja.wtest: \n-- PARSING FAILED --------------------------------------------------\n\n  18 |   }\n  19 | \n> 20 | }\n     | ^\n\nExpected one of the following: \n\n'@', 'class', 'const', 'describe', 'mixin', 'object', 'only', 'package', 'program', 'test', 'var', '{', EOF, comment, not \"}\", whitespace\n\n    at /home/felipe/.vscode/extensions/uqbar.wollok-lsp-ide-0.3.6/out/server/src/server.js:2254:32415\n    at Array.map (<anonymous>)\n    at Jfn (/home/felipe/.vscode/extensions/uqbar.wollok-lsp-ide-0.3.6/out/server/src/server.js:2254:32339)\n    at k2.buildEnvironmentFrom (/home/felipe/.vscode/extensions/uqbar.wollok-lsp-ide-0.3.6/out/server/src/server.js:2285:6721)\n    at k2.updateEnvironmentWith (/home/felipe/.vscode/extensions/uqbar.wollok-lsp-ide-0.3.6/out/server/src/server.js:2285:6456)\n    at jL (/home/felipe/.vscode/extensions/uqbar.wollok-lsp-ide-0.3.6/out/server/src/server.js:2298:2292)\n    at v3.invoke (/home/felipe/.vscode/extensions/uqbar.wollok-lsp-ide-0.3.6/out/server/src/server.js:3:157200)\n    at o.fire (/home/felipe/.vscode/extensions/uqbar.wollok-lsp-ide-0.3.6/out/server/src/server.js:3:157970)\n    at /home/felipe/.vscode/extensions/uqbar.wollok-lsp-ide-0.3.6/out/server/src/server.js:37:57871\n    at Vr (/home/felipe/.vscode/extensions/uqbar.wollok-lsp-ide-0.3.6/out/server/src/server.js:8:1561)","timestamp":"2024-10-14T23:08:56.728Z"}
{"level":"info","message":"onRequest - completionItem/resolve","timestamp":"2024-10-14T23:08:56.728Z"}
{"level":"info","message":"⌛ Validating testGranja.wtest","timeElapsed":213,"timestamp":"2024-10-14T23:08:56.942Z"}
{"level":"info","message":"⌛ Validating testGranja.wtest","timeElapsed":218,"timestamp":"2024-10-14T23:08:57.171Z"}
{"level":"info","message":"⌛ Building environment","timeElapsed":127,"timestamp":"2024-10-14T23:08:57.300Z"}
{"level":"info","message":"⌛ Validating testGranja.wtest","timeElapsed":185,"timestamp":"2024-10-14T23:08:57.538Z"}
{"level":"error","message":"✘ Failed to rebuild document Failed to parse testGranja.wtest: \n-- PARSING FAILED --------------------------------------------------\n\n  18 |   }\n  19 | \n> 20 | }\n     | ^\n\nExpected one of the following: \n\n'@', 'class', 'const', 'describe', 'mixin', 'object', 'only', 'package', 'program', 'test', 'var', '{', EOF, comment, not \"}\", whitespace\n","stack":"Error: Failed to parse testGranja.wtest: \n-- PARSING FAILED --------------------------------------------------\n\n  18 |   }\n  19 | \n> 20 | }\n     | ^\n\nExpected one of the following: \n\n'@', 'class', 'const', 'describe', 'mixin', 'object', 'only', 'package', 'program', 'test', 'var', '{', EOF, comment, not \"}\", whitespace\n\n    at /home/felipe/.vscode/extensions/uqbar.wollok-lsp-ide-0.3.6/out/server/src/server.js:2254:32415\n    at Array.map (<anonymous>)\n    at Jfn (/home/felipe/.vscode/extensions/uqbar.wollok-lsp-ide-0.3.6/out/server/src/server.js:2254:32339)\n    at k2.buildEnvironmentFrom (/home/felipe/.vscode/extensions/uqbar.wollok-lsp-ide-0.3.6/out/server/src/server.js:2285:6721)\n    at k2.updateEnvironmentWith (/home/felipe/.vscode/extensions/uqbar.wollok-lsp-ide-0.3.6/out/server/src/server.js:2285:6456)\n    at jL (/home/felipe/.vscode/extensions/uqbar.wollok-lsp-ide-0.3.6/out/server/src/server.js:2298:2292)\n    at v3.invoke (/home/felipe/.vscode/extensions/uqbar.wollok-lsp-ide-0.3.6/out/server/src/server.js:3:157200)\n    at o.fire (/home/felipe/.vscode/extensions/uqbar.wollok-lsp-ide-0.3.6/out/server/src/server.js:3:157970)\n    at /home/felipe/.vscode/extensions/uqbar.wollok-lsp-ide-0.3.6/out/server/src/server.js:37:57871\n    at Vr (/home/felipe/.vscode/extensions/uqbar.wollok-lsp-ide-0.3.6/out/server/src/server.js:8:1561)","timestamp":"2024-10-14T23:08:57.551Z"}
{"level":"info","message":"⌛ Validating testGranja.wtest","timeElapsed":206,"timestamp":"2024-10-14T23:08:57.792Z"}
{"level":"error","message":"✘ Failed to rebuild document Failed to parse testGranja.wtest: \n-- PARSING FAILED --------------------------------------------------\n\n  18 |   }\n  19 | \n> 20 | }\n     | ^\n\nExpected one of the following: \n\n'@', 'class', 'const', 'describe', 'mixin', 'object', 'only', 'package', 'program', 'test', 'var', '{', EOF, comment, not \"}\", whitespace\n","stack":"Error: Failed to parse testGranja.wtest: \n-- PARSING FAILED --------------------------------------------------\n\n  18 |   }\n  19 | \n> 20 | }\n     | ^\n\nExpected one of the following: \n\n'@', 'class', 'const', 'describe', 'mixin', 'object', 'only', 'package', 'program', 'test', 'var', '{', EOF, comment, not \"}\", whitespace\n\n    at /home/felipe/.vscode/extensions/uqbar.wollok-lsp-ide-0.3.6/out/server/src/server.js:2254:32415\n    at Array.map (<anonymous>)\n    at Jfn (/home/felipe/.vscode/extensions/uqbar.wollok-lsp-ide-0.3.6/out/server/src/server.js:2254:32339)\n    at k2.buildEnvironmentFrom (/home/felipe/.vscode/extensions/uqbar.wollok-lsp-ide-0.3.6/out/server/src/server.js:2285:6721)\n    at k2.updateEnvironmentWith (/home/felipe/.vscode/extensions/uqbar.wollok-lsp-ide-0.3.6/out/server/src/server.js:2285:6456)\n    at jL (/home/felipe/.vscode/extensions/uqbar.wollok-lsp-ide-0.3.6/out/server/src/server.js:2298:2292)\n    at v3.invoke (/home/felipe/.vscode/extensions/uqbar.wollok-lsp-ide-0.3.6/out/server/src/server.js:3:157200)\n    at o.fire (/home/felipe/.vscode/extensions/uqbar.wollok-lsp-ide-0.3.6/out/server/src/server.js:3:157970)\n    at /home/felipe/.vscode/extensions/uqbar.wollok-lsp-ide-0.3.6/out/server/src/server.js:37:57871\n    at Vr (/home/felipe/.vscode/extensions/uqbar.wollok-lsp-ide-0.3.6/out/server/src/server.js:8:1561)","timestamp":"2024-10-14T23:08:57.805Z"}
{"level":"info","message":"⌛ Building environment","timeElapsed":127,"timestamp":"2024-10-14T23:08:58.005Z"}
{"level":"info","message":"⌛ Validating testGranja.wtest","timeElapsed":230,"timestamp":"2024-10-14T23:08:58.284Z"}
{"level":"info","message":"⌛ Building environment","timeElapsed":161,"timestamp":"2024-10-14T23:08:58.447Z"}
{"level":"info","message":"onRequest - completionItem/resolve","timestamp":"2024-10-14T23:08:58.450Z"}
{"level":"info","message":"⌛ Building environment","timeElapsed":218,"timestamp":"2024-10-14T23:08:58.670Z"}
{"level":"info","message":"onRequest - completionItem/resolve","timestamp":"2024-10-14T23:08:58.670Z"}
{"level":"info","message":"⌛ Building environment","timeElapsed":116,"timestamp":"2024-10-14T23:08:58.787Z"}
{"level":"info","message":"onRequest - completionItem/resolve","timestamp":"2024-10-14T23:08:58.788Z"}
{"level":"info","message":"⌛ Building environment","timeElapsed":142,"timestamp":"2024-10-14T23:08:58.931Z"}
{"level":"info","message":"onRequest - completionItem/resolve","timestamp":"2024-10-14T23:08:58.932Z"}
{"level":"info","message":"⌛ Validating testGranja.wtest","timeElapsed":216,"timestamp":"2024-10-14T23:08:59.148Z"}
{"level":"info","message":"⌛ Building environment","timeElapsed":164,"timestamp":"2024-10-14T23:08:59.314Z"}
{"level":"info","message":"onRequest - completionItem/resolve","timestamp":"2024-10-14T23:08:59.321Z"}
{"level":"info","message":"⌛ Building environment","timeElapsed":116,"timestamp":"2024-10-14T23:08:59.439Z"}
{"level":"info","message":"onRequest - completionItem/resolve","timestamp":"2024-10-14T23:08:59.445Z"}
{"level":"info","message":"⌛ Validating testGranja.wtest","timeElapsed":197,"timestamp":"2024-10-14T23:08:59.642Z"}
{"level":"info","message":"⌛ Building environment","timeElapsed":118,"timestamp":"2024-10-14T23:08:59.762Z"}
{"level":"info","message":"onRequest - completionItem/resolve","timestamp":"2024-10-14T23:08:59.762Z"}
{"level":"info","message":"⌛ Validating testGranja.wtest","timeElapsed":207,"timestamp":"2024-10-14T23:08:59.969Z"}
{"level":"info","message":"⌛ Building environment","timeElapsed":126,"timestamp":"2024-10-14T23:09:00.095Z"}
{"level":"info","message":"onRequest - completionItem/resolve","timestamp":"2024-10-14T23:09:00.097Z"}
{"level":"info","message":"⌛ Validating testGranja.wtest","timeElapsed":264,"timestamp":"2024-10-14T23:09:00.361Z"}
{"level":"info","message":"⌛ Building environment","timeElapsed":158,"timestamp":"2024-10-14T23:09:00.529Z"}
{"level":"info","message":"onRequest - completionItem/resolve","timestamp":"2024-10-14T23:09:00.530Z"}
{"level":"info","message":"⌛ Validating testGranja.wtest","timeElapsed":198,"timestamp":"2024-10-14T23:09:00.728Z"}
{"level":"info","message":"⌛ Validating testGranja.wtest","timeElapsed":182,"timestamp":"2024-10-14T23:09:00.910Z"}
{"level":"info","message":"⌛ Validating testGranja.wtest","timeElapsed":193,"timestamp":"2024-10-14T23:09:01.115Z"}
{"level":"error","message":"✘ Failed to rebuild document Failed to parse testGranja.wtest: \n-- PARSING FAILED --------------------------------------------------\n\n  18 |   }\n  19 | \n> 20 | }\n     | ^\n\nExpected one of the following: \n\n'@', 'class', 'const', 'describe', 'mixin', 'object', 'only', 'package', 'program', 'test', 'var', '{', EOF, comment, not \"}\", whitespace\n","stack":"Error: Failed to parse testGranja.wtest: \n-- PARSING FAILED --------------------------------------------------\n\n  18 |   }\n  19 | \n> 20 | }\n     | ^\n\nExpected one of the following: \n\n'@', 'class', 'const', 'describe', 'mixin', 'object', 'only', 'package', 'program', 'test', 'var', '{', EOF, comment, not \"}\", whitespace\n\n    at /home/felipe/.vscode/extensions/uqbar.wollok-lsp-ide-0.3.6/out/server/src/server.js:2254:32415\n    at Array.map (<anonymous>)\n    at Jfn (/home/felipe/.vscode/extensions/uqbar.wollok-lsp-ide-0.3.6/out/server/src/server.js:2254:32339)\n    at k2.buildEnvironmentFrom (/home/felipe/.vscode/extensions/uqbar.wollok-lsp-ide-0.3.6/out/server/src/server.js:2285:6721)\n    at k2.updateEnvironmentWith (/home/felipe/.vscode/extensions/uqbar.wollok-lsp-ide-0.3.6/out/server/src/server.js:2285:6456)\n    at jL (/home/felipe/.vscode/extensions/uqbar.wollok-lsp-ide-0.3.6/out/server/src/server.js:2298:2292)\n    at v3.invoke (/home/felipe/.vscode/extensions/uqbar.wollok-lsp-ide-0.3.6/out/server/src/server.js:3:157200)\n    at o.fire (/home/felipe/.vscode/extensions/uqbar.wollok-lsp-ide-0.3.6/out/server/src/server.js:3:157970)\n    at /home/felipe/.vscode/extensions/uqbar.wollok-lsp-ide-0.3.6/out/server/src/server.js:37:57871\n    at Vr (/home/felipe/.vscode/extensions/uqbar.wollok-lsp-ide-0.3.6/out/server/src/server.js:8:1561)","timestamp":"2024-10-14T23:09:01.125Z"}
{"level":"info","message":"onRequest - completionItem/resolve","timestamp":"2024-10-14T23:09:01.125Z"}
{"level":"info","message":"⌛ Validating testGranja.wtest","timeElapsed":203,"timestamp":"2024-10-14T23:09:01.375Z"}
{"level":"info","message":"⌛ Building environment","timeElapsed":149,"timestamp":"2024-10-14T23:09:01.524Z"}
{"level":"info","message":"⌛ Validating testGranja.wtest","timeElapsed":199,"timestamp":"2024-10-14T23:09:01.724Z"}
{"level":"info","message":"⌛ Validating testGranja.wtest","timeElapsed":208,"timestamp":"2024-10-14T23:09:01.939Z"}
{"level":"info","message":"⌛ Building environment","timeElapsed":195,"timestamp":"2024-10-14T23:09:05.233Z"}
{"level":"info","message":"⌛ Validating hector.wlk","timeElapsed":208,"timestamp":"2024-10-14T23:09:05.442Z"}
{"level":"info","message":"⌛ Building environment","timeElapsed":134,"timestamp":"2024-10-14T23:09:06.589Z"}
{"level":"info","message":"⌛ Validating testGranja.wtest","timeElapsed":180,"timestamp":"2024-10-14T23:09:06.775Z"}
{"level":"info","message":"⌛ Building environment","timeElapsed":137,"timestamp":"2024-10-14T23:09:07.428Z"}
{"level":"info","message":"⌛ Validating testGranja.wtest","timeElapsed":183,"timestamp":"2024-10-14T23:09:07.613Z"}
{"level":"info","message":"⌛ Building environment","timeElapsed":175,"timestamp":"2024-10-14T23:09:08.071Z"}
{"level":"info","message":"⌛ Validating testGranja.wtest","timeElapsed":193,"timestamp":"2024-10-14T23:09:08.270Z"}
{"level":"info","message":"⌛ Building environment","timeElapsed":150,"timestamp":"2024-10-14T23:09:14.701Z"}
{"level":"info","message":"⌛ Validating testGranja.wtest","timeElapsed":192,"timestamp":"2024-10-14T23:09:14.895Z"}
{"level":"info","message":"⌛ Building environment","timeElapsed":163,"timestamp":"2024-10-14T23:09:22.122Z"}
{"level":"info","message":"⌛ Validating testGranja.wtest","timeElapsed":192,"timestamp":"2024-10-14T23:09:22.324Z"}
{"level":"info","message":"⌛ Building environment","timeElapsed":243,"timestamp":"2024-10-14T23:10:32.384Z"}
{"level":"error","message":"✘ Completions for node failed: Error: [Send]{47228f} at testGranja.wtest:16 exhausted all cases without a match [Send]{47228f} at testGranja.wtest:16 exhausted all cases without a match","stack":"Error: [Send]{47228f} at testGranja.wtest:16 exhausted all cases without a match\n    at /home/felipe/.vscode/extensions/uqbar.wollok-lsp-ide-0.3.6/out/server/src/server.js:38:6067\n    at yh (/home/felipe/.vscode/extensions/uqbar.wollok-lsp-ide-0.3.6/out/server/src/server.js:2291:42)\n    at kh (/home/felipe/.vscode/extensions/uqbar.wollok-lsp-ide-0.3.6/out/server/src/server.js:2291:1004)\n    at Y5n (/home/felipe/.vscode/extensions/uqbar.wollok-lsp-ide-0.3.6/out/server/src/server.js:2291:1160)\n    at /home/felipe/.vscode/extensions/uqbar.wollok-lsp-ide-0.3.6/out/server/src/server.js:38:6056\n    at yh (/home/felipe/.vscode/extensions/uqbar.wollok-lsp-ide-0.3.6/out/server/src/server.js:2291:42)\n    at /home/felipe/.vscode/extensions/uqbar.wollok-lsp-ide-0.3.6/out/server/src/server.js:2291:2700\n    at /home/felipe/.vscode/extensions/uqbar.wollok-lsp-ide-0.3.6/out/server/src/server.js:2298:3774\n    at /home/felipe/.vscode/extensions/uqbar.wollok-lsp-ide-0.3.6/out/server/src/server.js:37:74872\n    at Fe (/home/felipe/.vscode/extensions/uqbar.wollok-lsp-ide-0.3.6/out/server/src/server.js:7:8527)","timestamp":"2024-10-14T23:10:32.426Z"}
{"level":"error","message":"✘ Completions for node failed: Error: [Send]{b24100} at testGranja.wtest:16 exhausted all cases without a match [Send]{b24100} at testGranja.wtest:16 exhausted all cases without a match","stack":"Error: [Send]{b24100} at testGranja.wtest:16 exhausted all cases without a match\n    at /home/felipe/.vscode/extensions/uqbar.wollok-lsp-ide-0.3.6/out/server/src/server.js:38:6067\n    at yh (/home/felipe/.vscode/extensions/uqbar.wollok-lsp-ide-0.3.6/out/server/src/server.js:2291:42)\n    at kh (/home/felipe/.vscode/extensions/uqbar.wollok-lsp-ide-0.3.6/out/server/src/server.js:2291:1004)\n    at yh (/home/felipe/.vscode/extensions/uqbar.wollok-lsp-ide-0.3.6/out/server/src/server.js:2291:456)\n    at kh (/home/felipe/.vscode/extensions/uqbar.wollok-lsp-ide-0.3.6/out/server/src/server.js:2291:1004)\n    at Y5n (/home/felipe/.vscode/extensions/uqbar.wollok-lsp-ide-0.3.6/out/server/src/server.js:2291:1160)\n    at /home/felipe/.vscode/extensions/uqbar.wollok-lsp-ide-0.3.6/out/server/src/server.js:38:6056\n    at yh (/home/felipe/.vscode/extensions/uqbar.wollok-lsp-ide-0.3.6/out/server/src/server.js:2291:42)\n    at /home/felipe/.vscode/extensions/uqbar.wollok-lsp-ide-0.3.6/out/server/src/server.js:2291:2700\n    at /home/felipe/.vscode/extensions/uqbar.wollok-lsp-ide-0.3.6/out/server/src/server.js:2298:3774","timestamp":"2024-10-14T23:10:32.427Z"}
{"level":"info","message":"⌛ Building environment","timeElapsed":184,"timestamp":"2024-10-14T23:10:32.616Z"}
{"level":"info","message":"⌛ Validating testGranja.wtest","timeElapsed":420,"timestamp":"2024-10-14T23:10:33.042Z"}
{"level":"info","message":"onRequest - completionItem/resolve","timestamp":"2024-10-14T23:10:33.043Z"}
{"level":"info","message":"⌛ Building environment","timeElapsed":158,"timestamp":"2024-10-14T23:10:33.201Z"}
{"level":"info","message":"onRequest - completionItem/resolve","timestamp":"2024-10-14T23:10:33.202Z"}
{"level":"info","message":"⌛ Building environment","timeElapsed":136,"timestamp":"2024-10-14T23:10:33.338Z"}
{"level":"info","message":"onRequest - completionItem/resolve","timestamp":"2024-10-14T23:10:33.341Z"}
{"level":"info","message":"⌛ Validating testGranja.wtest","timeElapsed":257,"timestamp":"2024-10-14T23:10:33.599Z"}
{"level":"info","message":"⌛ Building environment","timeElapsed":140,"timestamp":"2024-10-14T23:10:33.749Z"}
{"level":"info","message":"⌛ Building environment","timeElapsed":125,"timestamp":"2024-10-14T23:10:33.913Z"}
{"level":"info","message":"⌛ Building environment","timeElapsed":125,"timestamp":"2024-10-14T23:10:34.040Z"}
{"level":"info","message":"⌛ Validating testGranja.wtest","timeElapsed":296,"timestamp":"2024-10-14T23:10:34.337Z"}
{"level":"info","message":"⌛ Validating testGranja.wtest","timeElapsed":207,"timestamp":"2024-10-14T23:10:34.546Z"}
{"level":"info","message":"⌛ Building environment","timeElapsed":181,"timestamp":"2024-10-14T23:10:34.738Z"}
{"level":"info","message":"⌛ Validating testGranja.wtest","timeElapsed":201,"timestamp":"2024-10-14T23:10:34.940Z"}
{"level":"info","message":"⌛ Validating testGranja.wtest","timeElapsed":194,"timestamp":"2024-10-14T23:10:35.142Z"}
{"level":"info","message":"⌛ Validating testGranja.wtest","timeElapsed":189,"timestamp":"2024-10-14T23:10:35.332Z"}
{"level":"info","message":"⌛ Building environment","timeElapsed":135,"timestamp":"2024-10-14T23:10:35.469Z"}
{"level":"error","message":"✘ Completions for node failed: Error: [Send]{84bc3f} at testGranja.wtest:16 exhausted all cases without a match [Send]{84bc3f} at testGranja.wtest:16 exhausted all cases without a match","stack":"Error: [Send]{84bc3f} at testGranja.wtest:16 exhausted all cases without a match\n    at /home/felipe/.vscode/extensions/uqbar.wollok-lsp-ide-0.3.6/out/server/src/server.js:38:6067\n    at yh (/home/felipe/.vscode/extensions/uqbar.wollok-lsp-ide-0.3.6/out/server/src/server.js:2291:42)\n    at kh (/home/felipe/.vscode/extensions/uqbar.wollok-lsp-ide-0.3.6/out/server/src/server.js:2291:1004)\n    at Y5n (/home/felipe/.vscode/extensions/uqbar.wollok-lsp-ide-0.3.6/out/server/src/server.js:2291:1160)\n    at /home/felipe/.vscode/extensions/uqbar.wollok-lsp-ide-0.3.6/out/server/src/server.js:38:6056\n    at yh (/home/felipe/.vscode/extensions/uqbar.wollok-lsp-ide-0.3.6/out/server/src/server.js:2291:42)\n    at /home/felipe/.vscode/extensions/uqbar.wollok-lsp-ide-0.3.6/out/server/src/server.js:2291:2700\n    at /home/felipe/.vscode/extensions/uqbar.wollok-lsp-ide-0.3.6/out/server/src/server.js:2298:3774\n    at /home/felipe/.vscode/extensions/uqbar.wollok-lsp-ide-0.3.6/out/server/src/server.js:37:74872\n    at Fe (/home/felipe/.vscode/extensions/uqbar.wollok-lsp-ide-0.3.6/out/server/src/server.js:7:8527)","timestamp":"2024-10-14T23:10:35.509Z"}
{"level":"error","message":"✘ Completions for node failed: Error: [Send]{2c3e73} at testGranja.wtest:16 exhausted all cases without a match [Send]{2c3e73} at testGranja.wtest:16 exhausted all cases without a match","stack":"Error: [Send]{2c3e73} at testGranja.wtest:16 exhausted all cases without a match\n    at /home/felipe/.vscode/extensions/uqbar.wollok-lsp-ide-0.3.6/out/server/src/server.js:38:6067\n    at yh (/home/felipe/.vscode/extensions/uqbar.wollok-lsp-ide-0.3.6/out/server/src/server.js:2291:42)\n    at kh (/home/felipe/.vscode/extensions/uqbar.wollok-lsp-ide-0.3.6/out/server/src/server.js:2291:1004)\n    at yh (/home/felipe/.vscode/extensions/uqbar.wollok-lsp-ide-0.3.6/out/server/src/server.js:2291:456)\n    at kh (/home/felipe/.vscode/extensions/uqbar.wollok-lsp-ide-0.3.6/out/server/src/server.js:2291:1004)\n    at Y5n (/home/felipe/.vscode/extensions/uqbar.wollok-lsp-ide-0.3.6/out/server/src/server.js:2291:1160)\n    at /home/felipe/.vscode/extensions/uqbar.wollok-lsp-ide-0.3.6/out/server/src/server.js:38:6056\n    at yh (/home/felipe/.vscode/extensions/uqbar.wollok-lsp-ide-0.3.6/out/server/src/server.js:2291:42)\n    at /home/felipe/.vscode/extensions/uqbar.wollok-lsp-ide-0.3.6/out/server/src/server.js:2291:2700\n    at /home/felipe/.vscode/extensions/uqbar.wollok-lsp-ide-0.3.6/out/server/src/server.js:2298:3774","timestamp":"2024-10-14T23:10:35.510Z"}
{"level":"info","message":"⌛ Building environment","timeElapsed":138,"timestamp":"2024-10-14T23:10:35.654Z"}
{"level":"info","message":"⌛ Validating testGranja.wtest","timeElapsed":209,"timestamp":"2024-10-14T23:10:35.864Z"}
{"level":"info","message":"⌛ Validating testGranja.wtest","timeElapsed":213,"timestamp":"2024-10-14T23:10:36.084Z"}
{"level":"info","message":"⌛ Validating testGranja.wtest","timeElapsed":205,"timestamp":"2024-10-14T23:10:36.289Z"}
{"level":"info","message":"⌛ Building environment","timeElapsed":147,"timestamp":"2024-10-14T23:10:41.292Z"}
{"level":"info","message":"⌛ Validating testGranja.wtest","timeElapsed":194,"timestamp":"2024-10-14T23:10:41.487Z"}
{"level":"info","message":"⌛ Building environment","timeElapsed":131,"timestamp":"2024-10-14T23:10:41.728Z"}
{"level":"info","message":"⌛ Validating testGranja.wtest","timeElapsed":188,"timestamp":"2024-10-14T23:10:41.917Z"}
{"level":"info","message":"⌛ Building environment","timeElapsed":171,"timestamp":"2024-10-14T23:10:42.176Z"}
{"level":"info","message":"⌛ Validating testGranja.wtest","timeElapsed":192,"timestamp":"2024-10-14T23:10:42.369Z"}
{"level":"info","message":"⌛ Building environment","timeElapsed":235,"timestamp":"2024-10-14T23:13:47.818Z"}
{"level":"info","message":"⌛ Validating testGranja.wtest","timeElapsed":280,"timestamp":"2024-10-14T23:13:48.100Z"}
{"level":"info","message":"⌛ Building environment","timeElapsed":156,"timestamp":"2024-10-14T23:13:48.267Z"}
{"level":"info","message":"⌛ Validating testGranja.wtest","timeElapsed":213,"timestamp":"2024-10-14T23:13:48.489Z"}
{"level":"info","message":"⌛ Building environment","timeElapsed":187,"timestamp":"2024-10-14T23:13:48.774Z"}
{"level":"info","message":"⌛ Validating testGranja.wtest","timeElapsed":226,"timestamp":"2024-10-14T23:13:49.003Z"}
{"level":"info","message":"⌛ Building environment","timeElapsed":140,"timestamp":"2024-10-14T23:13:49.952Z"}
{"level":"info","message":"⌛ Validating testGranja.wtest","timeElapsed":262,"timestamp":"2024-10-14T23:13:50.218Z"}
{"level":"info","message":"⌛ Building environment","timeElapsed":203,"timestamp":"2024-10-14T23:14:26.717Z"}
{"level":"info","message":"⌛ Validating testGranja.wtest","timeElapsed":226,"timestamp":"2024-10-14T23:14:26.945Z"}
{"level":"info","message":"⌛ Building environment","timeElapsed":152,"timestamp":"2024-10-14T23:14:29.024Z"}
{"level":"info","message":"⌛ Validating testGranja.wtest","timeElapsed":237,"timestamp":"2024-10-14T23:14:29.262Z"}
{"level":"info","message":"⌛ Building environment","timeElapsed":202,"timestamp":"2024-10-14T23:14:33.024Z"}
{"level":"info","message":"⌛ Building environment","timeElapsed":148,"timestamp":"2024-10-14T23:14:33.174Z"}
{"level":"info","message":"⌛ Validating testGranja.wtest","timeElapsed":234,"timestamp":"2024-10-14T23:14:33.408Z"}
{"level":"info","message":"⌛ Validating testGranja.wtest","timeElapsed":277,"timestamp":"2024-10-14T23:14:33.687Z"}
{"level":"info","message":"⌛ Building environment","timeElapsed":171,"timestamp":"2024-10-14T23:14:35.327Z"}
{"level":"info","message":"⌛ Validating testGranja.wtest","timeElapsed":189,"timestamp":"2024-10-14T23:14:35.560Z"}
{"level":"info","message":"⌛ Building environment","timeElapsed":182,"timestamp":"2024-10-14T23:14:36.028Z"}
{"level":"info","message":"⌛ Validating testGranja.wtest","timeElapsed":242,"timestamp":"2024-10-14T23:14:36.272Z"}
{"level":"info","message":"⌛ Building environment","timeElapsed":145,"timestamp":"2024-10-14T23:14:36.786Z"}
{"level":"info","message":"⌛ Validating testGranja.wtest","timeElapsed":256,"timestamp":"2024-10-14T23:14:37.045Z"}
{"level":"info","message":"⌛ Building environment","timeElapsed":156,"timestamp":"2024-10-14T23:14:37.897Z"}
{"level":"info","message":"⌛ Validating testGranja.wtest","timeElapsed":211,"timestamp":"2024-10-14T23:14:38.110Z"}
{"level":"info","message":"⌛ Building environment","timeElapsed":169,"timestamp":"2024-10-14T23:14:41.317Z"}
{"level":"info","message":"⌛ Building environment","timeElapsed":155,"timestamp":"2024-10-14T23:14:41.476Z"}
{"level":"info","message":"⌛ Validating testGranja.wtest","timeElapsed":284,"timestamp":"2024-10-14T23:14:41.761Z"}
{"level":"info","message":"⌛ Building environment","timeElapsed":249,"timestamp":"2024-10-14T23:14:42.017Z"}
{"level":"info","message":"⌛ Validating testGranja.wtest","timeElapsed":217,"timestamp":"2024-10-14T23:14:42.235Z"}
{"level":"info","message":"⌛ Building environment","timeElapsed":122,"timestamp":"2024-10-14T23:14:42.358Z"}
{"level":"info","message":"⌛ Validating testGranja.wtest","timeElapsed":235,"timestamp":"2024-10-14T23:14:42.646Z"}
{"level":"info","message":"⌛ Validating testGranja.wtest","timeElapsed":199,"timestamp":"2024-10-14T23:14:42.846Z"}
{"level":"info","message":"⌛ Building environment","timeElapsed":182,"timestamp":"2024-10-14T23:14:47.334Z"}
{"level":"info","message":"⌛ Validating testGranja.wtest","timeElapsed":199,"timestamp":"2024-10-14T23:14:47.534Z"}
{"level":"info","message":"⌛ Building environment","timeElapsed":133,"timestamp":"2024-10-14T23:14:50.035Z"}
{"level":"info","message":"⌛ Validating testGranja.wtest","timeElapsed":197,"timestamp":"2024-10-14T23:14:50.233Z"}
{"level":"info","message":"⌛ Building environment","timeElapsed":145,"timestamp":"2024-10-14T23:14:51.090Z"}
{"level":"info","message":"⌛ Validating testGranja.wtest","timeElapsed":224,"timestamp":"2024-10-14T23:14:51.316Z"}
{"level":"info","message":"⌛ Building environment","timeElapsed":128,"timestamp":"2024-10-14T23:14:51.890Z"}
{"level":"info","message":"⌛ Validating testGranja.wtest","timeElapsed":209,"timestamp":"2024-10-14T23:14:52.100Z"}
{"level":"info","message":"⌛ Building environment","timeElapsed":135,"timestamp":"2024-10-14T23:14:56.256Z"}
{"level":"info","message":"⌛ Validating testGranja.wtest","timeElapsed":207,"timestamp":"2024-10-14T23:14:56.465Z"}
{"level":"info","message":"⌛ Building environment","timeElapsed":555,"timestamp":"2024-10-14T23:17:11.495Z"}
{"level":"error","message":"✘ Completions for node failed: Error: [Send]{93524c} at testGranja.wtest:16 exhausted all cases without a match [Send]{93524c} at testGranja.wtest:16 exhausted all cases without a match","stack":"Error: [Send]{93524c} at testGranja.wtest:16 exhausted all cases without a match\n    at /home/felipe/.vscode/extensions/uqbar.wollok-lsp-ide-0.3.6/out/server/src/server.js:38:6067\n    at yh (/home/felipe/.vscode/extensions/uqbar.wollok-lsp-ide-0.3.6/out/server/src/server.js:2291:42)\n    at kh (/home/felipe/.vscode/extensions/uqbar.wollok-lsp-ide-0.3.6/out/server/src/server.js:2291:1004)\n    at Y5n (/home/felipe/.vscode/extensions/uqbar.wollok-lsp-ide-0.3.6/out/server/src/server.js:2291:1160)\n    at /home/felipe/.vscode/extensions/uqbar.wollok-lsp-ide-0.3.6/out/server/src/server.js:38:6056\n    at yh (/home/felipe/.vscode/extensions/uqbar.wollok-lsp-ide-0.3.6/out/server/src/server.js:2291:42)\n    at /home/felipe/.vscode/extensions/uqbar.wollok-lsp-ide-0.3.6/out/server/src/server.js:2291:2700\n    at /home/felipe/.vscode/extensions/uqbar.wollok-lsp-ide-0.3.6/out/server/src/server.js:2298:3774\n    at /home/felipe/.vscode/extensions/uqbar.wollok-lsp-ide-0.3.6/out/server/src/server.js:37:74872\n    at Fe (/home/felipe/.vscode/extensions/uqbar.wollok-lsp-ide-0.3.6/out/server/src/server.js:7:8527)","timestamp":"2024-10-14T23:17:11.665Z"}
{"level":"info","message":"⌛ Autocomplete - Reference","timeElapsed":145,"timestamp":"2024-10-14T23:17:11.702Z"}
{"level":"info","message":"⌛ Building environment","timeElapsed":720,"timestamp":"2024-10-14T23:17:12.438Z"}
{"level":"info","message":"⌛ Building environment","timeElapsed":421,"timestamp":"2024-10-14T23:17:12.864Z"}
{"level":"info","message":"⌛ Validating testGranja.wtest","timeElapsed":697,"timestamp":"2024-10-14T23:17:13.565Z"}
{"level":"info","message":"⌛ Building environment","timeElapsed":326,"timestamp":"2024-10-14T23:17:13.893Z"}
{"level":"info","message":"⌛ Building environment","timeElapsed":294,"timestamp":"2024-10-14T23:17:14.202Z"}
{"level":"info","message":"onRequest - completionItem/resolve","timestamp":"2024-10-14T23:17:14.214Z"}
{"level":"info","message":"⌛ Building environment","timeElapsed":203,"timestamp":"2024-10-14T23:17:14.418Z"}
{"level":"info","message":"onRequest - completionItem/resolve","timestamp":"2024-10-14T23:17:14.421Z"}
{"level":"info","message":"⌛ Validating testGranja.wtest","timeElapsed":307,"timestamp":"2024-10-14T23:17:14.785Z"}
{"level":"info","message":"⌛ Validating testGranja.wtest","timeElapsed":215,"timestamp":"2024-10-14T23:17:15.001Z"}
{"level":"info","message":"⌛ Validating testGranja.wtest","timeElapsed":225,"timestamp":"2024-10-14T23:17:15.226Z"}
{"level":"info","message":"⌛ Validating testGranja.wtest","timeElapsed":267,"timestamp":"2024-10-14T23:17:15.496Z"}
{"level":"info","message":"⌛ Validating testGranja.wtest","timeElapsed":234,"timestamp":"2024-10-14T23:17:15.731Z"}
{"level":"info","message":"⌛ Building environment","timeElapsed":294,"timestamp":"2024-10-14T23:17:16.028Z"}
{"level":"info","message":"⌛ Building environment","timeElapsed":128,"timestamp":"2024-10-14T23:17:16.212Z"}
{"level":"info","message":"⌛ Building environment","timeElapsed":135,"timestamp":"2024-10-14T23:17:16.349Z"}
{"level":"info","message":"⌛ Building environment","timeElapsed":141,"timestamp":"2024-10-14T23:17:16.491Z"}
{"level":"info","message":"⌛ Validating testGranja.wtest","timeElapsed":274,"timestamp":"2024-10-14T23:17:16.772Z"}
{"level":"info","message":"⌛ Validating testGranja.wtest","timeElapsed":248,"timestamp":"2024-10-14T23:17:17.022Z"}
{"level":"info","message":"⌛ Validating testGranja.wtest","timeElapsed":217,"timestamp":"2024-10-14T23:17:17.239Z"}
{"level":"info","message":"⌛ Validating testGranja.wtest","timeElapsed":250,"timestamp":"2024-10-14T23:17:17.491Z"}
{"level":"info","message":"⌛ Building environment","timeElapsed":157,"timestamp":"2024-10-14T23:17:17.649Z"}
{"level":"error","message":"✘ Completions for node failed: Error: [Send]{ee8e0b} at testGranja.wtest:16 exhausted all cases without a match [Send]{ee8e0b} at testGranja.wtest:16 exhausted all cases without a match","stack":"Error: [Send]{ee8e0b} at testGranja.wtest:16 exhausted all cases without a match\n    at /home/felipe/.vscode/extensions/uqbar.wollok-lsp-ide-0.3.6/out/server/src/server.js:38:6067\n    at yh (/home/felipe/.vscode/extensions/uqbar.wollok-lsp-ide-0.3.6/out/server/src/server.js:2291:42)\n    at kh (/home/felipe/.vscode/extensions/uqbar.wollok-lsp-ide-0.3.6/out/server/src/server.js:2291:1004)\n    at Y5n (/home/felipe/.vscode/extensions/uqbar.wollok-lsp-ide-0.3.6/out/server/src/server.js:2291:1160)\n    at /home/felipe/.vscode/extensions/uqbar.wollok-lsp-ide-0.3.6/out/server/src/server.js:38:6056\n    at yh (/home/felipe/.vscode/extensions/uqbar.wollok-lsp-ide-0.3.6/out/server/src/server.js:2291:42)\n    at /home/felipe/.vscode/extensions/uqbar.wollok-lsp-ide-0.3.6/out/server/src/server.js:2291:2700\n    at /home/felipe/.vscode/extensions/uqbar.wollok-lsp-ide-0.3.6/out/server/src/server.js:2298:3774\n    at /home/felipe/.vscode/extensions/uqbar.wollok-lsp-ide-0.3.6/out/server/src/server.js:37:74872\n    at Fe (/home/felipe/.vscode/extensions/uqbar.wollok-lsp-ide-0.3.6/out/server/src/server.js:7:8527)","timestamp":"2024-10-14T23:17:17.695Z"}
{"level":"info","message":"⌛ Building environment","timeElapsed":198,"timestamp":"2024-10-14T23:17:17.902Z"}
{"level":"info","message":"⌛ Building environment","timeElapsed":165,"timestamp":"2024-10-14T23:17:18.076Z"}
{"level":"info","message":"⌛ Building environment","timeElapsed":133,"timestamp":"2024-10-14T23:17:18.210Z"}
{"level":"info","message":"⌛ Building environment","timeElapsed":129,"timestamp":"2024-10-14T23:17:18.340Z"}
{"level":"info","message":"⌛ Validating testGranja.wtest","timeElapsed":213,"timestamp":"2024-10-14T23:17:18.554Z"}
{"level":"info","message":"⌛ Building environment","timeElapsed":223,"timestamp":"2024-10-14T23:17:18.778Z"}
{"level":"info","message":"⌛ Validating testGranja.wtest","timeElapsed":206,"timestamp":"2024-10-14T23:17:18.985Z"}
{"level":"info","message":"⌛ Validating testGranja.wtest","timeElapsed":216,"timestamp":"2024-10-14T23:17:19.211Z"}
{"level":"info","message":"⌛ Validating testGranja.wtest","timeElapsed":274,"timestamp":"2024-10-14T23:17:19.485Z"}
{"level":"info","message":"⌛ Validating testGranja.wtest","timeElapsed":377,"timestamp":"2024-10-14T23:17:19.864Z"}
{"level":"info","message":"⌛ Validating testGranja.wtest","timeElapsed":334,"timestamp":"2024-10-14T23:17:20.200Z"}
{"level":"info","message":"⌛ Building environment","timeElapsed":200,"timestamp":"2024-10-14T23:17:20.400Z"}
{"level":"info","message":"⌛ Building environment","timeElapsed":129,"timestamp":"2024-10-14T23:17:20.530Z"}
{"level":"info","message":"⌛ Building environment","timeElapsed":204,"timestamp":"2024-10-14T23:17:20.736Z"}
{"level":"info","message":"⌛ Building environment","timeElapsed":197,"timestamp":"2024-10-14T23:17:20.933Z"}
{"level":"info","message":"⌛ Building environment","timeElapsed":139,"timestamp":"2024-10-14T23:17:21.073Z"}
{"level":"info","message":"⌛ Validating testGranja.wtest","timeElapsed":329,"timestamp":"2024-10-14T23:17:21.420Z"}
{"level":"info","message":"⌛ Validating testGranja.wtest","timeElapsed":276,"timestamp":"2024-10-14T23:17:21.696Z"}
{"level":"info","message":"⌛ Building environment","timeElapsed":174,"timestamp":"2024-10-14T23:17:21.872Z"}
{"level":"error","message":"✘ Completions for node failed: Error: [Send]{dc38f4} at testGranja.wtest:16 exhausted all cases without a match [Send]{dc38f4} at testGranja.wtest:16 exhausted all cases without a match","stack":"Error: [Send]{dc38f4} at testGranja.wtest:16 exhausted all cases without a match\n    at /home/felipe/.vscode/extensions/uqbar.wollok-lsp-ide-0.3.6/out/server/src/server.js:38:6067\n    at yh (/home/felipe/.vscode/extensions/uqbar.wollok-lsp-ide-0.3.6/out/server/src/server.js:2291:42)\n    at kh (/home/felipe/.vscode/extensions/uqbar.wollok-lsp-ide-0.3.6/out/server/src/server.js:2291:1004)\n    at Y5n (/home/felipe/.vscode/extensions/uqbar.wollok-lsp-ide-0.3.6/out/server/src/server.js:2291:1160)\n    at /home/felipe/.vscode/extensions/uqbar.wollok-lsp-ide-0.3.6/out/server/src/server.js:38:6056\n    at yh (/home/felipe/.vscode/extensions/uqbar.wollok-lsp-ide-0.3.6/out/server/src/server.js:2291:42)\n    at /home/felipe/.vscode/extensions/uqbar.wollok-lsp-ide-0.3.6/out/server/src/server.js:2291:2700\n    at /home/felipe/.vscode/extensions/uqbar.wollok-lsp-ide-0.3.6/out/server/src/server.js:2298:3774\n    at /home/felipe/.vscode/extensions/uqbar.wollok-lsp-ide-0.3.6/out/server/src/server.js:37:74872\n    at Fe (/home/felipe/.vscode/extensions/uqbar.wollok-lsp-ide-0.3.6/out/server/src/server.js:7:8527)","timestamp":"2024-10-14T23:17:21.918Z"}
{"level":"info","message":"⌛ Validating testGranja.wtest","timeElapsed":267,"timestamp":"2024-10-14T23:17:22.191Z"}
{"level":"info","message":"⌛ Building environment","timeElapsed":276,"timestamp":"2024-10-14T23:17:22.471Z"}
{"level":"info","message":"⌛ Building environment","timeElapsed":264,"timestamp":"2024-10-14T23:17:22.742Z"}
{"level":"info","message":"⌛ Validating testGranja.wtest","timeElapsed":237,"timestamp":"2024-10-14T23:17:22.979Z"}
{"level":"info","message":"⌛ Validating testGranja.wtest","timeElapsed":280,"timestamp":"2024-10-14T23:17:23.260Z"}
{"level":"info","message":"⌛ Building environment","timeElapsed":216,"timestamp":"2024-10-14T23:17:23.478Z"}
{"level":"info","message":"⌛ Building environment","timeElapsed":162,"timestamp":"2024-10-14T23:17:23.641Z"}
{"level":"info","message":"⌛ Validating testGranja.wtest","timeElapsed":260,"timestamp":"2024-10-14T23:17:23.912Z"}
{"level":"info","message":"⌛ Building environment","timeElapsed":135,"timestamp":"2024-10-14T23:17:24.047Z"}
{"level":"info","message":"⌛ Validating testGranja.wtest","timeElapsed":263,"timestamp":"2024-10-14T23:17:24.310Z"}
{"level":"info","message":"⌛ Validating testGranja.wtest","timeElapsed":334,"timestamp":"2024-10-14T23:17:24.655Z"}
{"level":"info","message":"⌛ Validating testGranja.wtest","timeElapsed":319,"timestamp":"2024-10-14T23:17:24.977Z"}
{"level":"info","message":"⌛ Validating testGranja.wtest","timeElapsed":267,"timestamp":"2024-10-14T23:17:25.245Z"}
{"level":"info","message":"⌛ Validating testGranja.wtest","timeElapsed":312,"timestamp":"2024-10-14T23:17:25.557Z"}
{"level":"info","message":"⌛ Building environment","timeElapsed":180,"timestamp":"2024-10-14T23:17:25.738Z"}
{"level":"error","message":"✘ Completions for node failed: Error: [Send]{9eb9f8} at testGranja.wtest:16 exhausted all cases without a match [Send]{9eb9f8} at testGranja.wtest:16 exhausted all cases without a match","stack":"Error: [Send]{9eb9f8} at testGranja.wtest:16 exhausted all cases without a match\n    at /home/felipe/.vscode/extensions/uqbar.wollok-lsp-ide-0.3.6/out/server/src/server.js:38:6067\n    at yh (/home/felipe/.vscode/extensions/uqbar.wollok-lsp-ide-0.3.6/out/server/src/server.js:2291:42)\n    at kh (/home/felipe/.vscode/extensions/uqbar.wollok-lsp-ide-0.3.6/out/server/src/server.js:2291:1004)\n    at Y5n (/home/felipe/.vscode/extensions/uqbar.wollok-lsp-ide-0.3.6/out/server/src/server.js:2291:1160)\n    at /home/felipe/.vscode/extensions/uqbar.wollok-lsp-ide-0.3.6/out/server/src/server.js:38:6056\n    at yh (/home/felipe/.vscode/extensions/uqbar.wollok-lsp-ide-0.3.6/out/server/src/server.js:2291:42)\n    at /home/felipe/.vscode/extensions/uqbar.wollok-lsp-ide-0.3.6/out/server/src/server.js:2291:2700\n    at /home/felipe/.vscode/extensions/uqbar.wollok-lsp-ide-0.3.6/out/server/src/server.js:2298:3774\n    at /home/felipe/.vscode/extensions/uqbar.wollok-lsp-ide-0.3.6/out/server/src/server.js:37:74872\n    at Fe (/home/felipe/.vscode/extensions/uqbar.wollok-lsp-ide-0.3.6/out/server/src/server.js:7:8527)","timestamp":"2024-10-14T23:17:25.775Z"}
{"level":"error","message":"✘ Completions for node failed: Error: [Send]{a8e7da} at testGranja.wtest:16 exhausted all cases without a match [Send]{a8e7da} at testGranja.wtest:16 exhausted all cases without a match","stack":"Error: [Send]{a8e7da} at testGranja.wtest:16 exhausted all cases without a match\n    at /home/felipe/.vscode/extensions/uqbar.wollok-lsp-ide-0.3.6/out/server/src/server.js:38:6067\n    at yh (/home/felipe/.vscode/extensions/uqbar.wollok-lsp-ide-0.3.6/out/server/src/server.js:2291:42)\n    at kh (/home/felipe/.vscode/extensions/uqbar.wollok-lsp-ide-0.3.6/out/server/src/server.js:2291:1004)\n    at yh (/home/felipe/.vscode/extensions/uqbar.wollok-lsp-ide-0.3.6/out/server/src/server.js:2291:456)\n    at kh (/home/felipe/.vscode/extensions/uqbar.wollok-lsp-ide-0.3.6/out/server/src/server.js:2291:1004)\n    at Y5n (/home/felipe/.vscode/extensions/uqbar.wollok-lsp-ide-0.3.6/out/server/src/server.js:2291:1160)\n    at /home/felipe/.vscode/extensions/uqbar.wollok-lsp-ide-0.3.6/out/server/src/server.js:38:6056\n    at yh (/home/felipe/.vscode/extensions/uqbar.wollok-lsp-ide-0.3.6/out/server/src/server.js:2291:42)\n    at /home/felipe/.vscode/extensions/uqbar.wollok-lsp-ide-0.3.6/out/server/src/server.js:2291:2700\n    at /home/felipe/.vscode/extensions/uqbar.wollok-lsp-ide-0.3.6/out/server/src/server.js:2298:3774","timestamp":"2024-10-14T23:17:25.775Z"}
{"level":"info","message":"⌛ Building environment","timeElapsed":235,"timestamp":"2024-10-14T23:17:26.015Z"}
{"level":"info","message":"⌛ Building environment","timeElapsed":154,"timestamp":"2024-10-14T23:17:26.169Z"}
{"level":"info","message":"⌛ Building environment","timeElapsed":127,"timestamp":"2024-10-14T23:17:26.302Z"}
{"level":"info","message":"⌛ Building environment","timeElapsed":250,"timestamp":"2024-10-14T23:17:26.553Z"}
{"level":"info","message":"⌛ Building environment","timeElapsed":142,"timestamp":"2024-10-14T23:17:26.696Z"}
{"level":"info","message":"⌛ Validating testGranja.wtest","timeElapsed":322,"timestamp":"2024-10-14T23:17:27.018Z"}
{"level":"info","message":"onRequest - completionItem/resolve","timestamp":"2024-10-14T23:17:27.022Z"}
{"level":"info","message":"⌛ Building environment","timeElapsed":783,"timestamp":"2024-10-14T23:17:27.809Z"}
{"level":"info","message":"⌛ Autocomplete - Body","timeElapsed":162,"timestamp":"2024-10-14T23:17:27.979Z"}
{"level":"info","message":"⌛ Validating testGranja.wtest","timeElapsed":428,"timestamp":"2024-10-14T23:17:28.409Z"}
{"level":"info","message":"⌛ Validating testGranja.wtest","timeElapsed":291,"timestamp":"2024-10-14T23:17:28.702Z"}
{"level":"info","message":"⌛ Validating testGranja.wtest","timeElapsed":279,"timestamp":"2024-10-14T23:17:28.983Z"}
{"level":"info","message":"⌛ Validating testGranja.wtest","timeElapsed":276,"timestamp":"2024-10-14T23:17:29.259Z"}
{"level":"info","message":"⌛ Validating testGranja.wtest","timeElapsed":304,"timestamp":"2024-10-14T23:17:29.564Z"}
{"level":"info","message":"⌛ Building environment","timeElapsed":179,"timestamp":"2024-10-14T23:17:29.746Z"}
{"level":"info","message":"⌛ Building environment","timeElapsed":225,"timestamp":"2024-10-14T23:17:29.972Z"}
{"level":"info","message":"⌛ Building environment","timeElapsed":177,"timestamp":"2024-10-14T23:17:30.150Z"}
{"level":"info","message":"⌛ Building environment","timeElapsed":139,"timestamp":"2024-10-14T23:17:30.290Z"}
{"level":"info","message":"⌛ Building environment","timeElapsed":304,"timestamp":"2024-10-14T23:17:30.596Z"}
{"level":"info","message":"⌛ Building environment","timeElapsed":148,"timestamp":"2024-10-14T23:17:30.745Z"}
{"level":"info","message":"⌛ Building environment","timeElapsed":199,"timestamp":"2024-10-14T23:17:30.945Z"}
{"level":"info","message":"⌛ Validating testGranja.wtest","timeElapsed":283,"timestamp":"2024-10-14T23:17:31.229Z"}
{"level":"info","message":"⌛ Building environment","timeElapsed":164,"timestamp":"2024-10-14T23:17:31.395Z"}
{"level":"error","message":"✘ Completions for node failed: Error: [Send]{8729d1} at testGranja.wtest:16 exhausted all cases without a match [Send]{8729d1} at testGranja.wtest:16 exhausted all cases without a match","stack":"Error: [Send]{8729d1} at testGranja.wtest:16 exhausted all cases without a match\n    at /home/felipe/.vscode/extensions/uqbar.wollok-lsp-ide-0.3.6/out/server/src/server.js:38:6067\n    at yh (/home/felipe/.vscode/extensions/uqbar.wollok-lsp-ide-0.3.6/out/server/src/server.js:2291:42)\n    at kh (/home/felipe/.vscode/extensions/uqbar.wollok-lsp-ide-0.3.6/out/server/src/server.js:2291:1004)\n    at Y5n (/home/felipe/.vscode/extensions/uqbar.wollok-lsp-ide-0.3.6/out/server/src/server.js:2291:1160)\n    at /home/felipe/.vscode/extensions/uqbar.wollok-lsp-ide-0.3.6/out/server/src/server.js:38:6056\n    at yh (/home/felipe/.vscode/extensions/uqbar.wollok-lsp-ide-0.3.6/out/server/src/server.js:2291:42)\n    at /home/felipe/.vscode/extensions/uqbar.wollok-lsp-ide-0.3.6/out/server/src/server.js:2291:2700\n    at /home/felipe/.vscode/extensions/uqbar.wollok-lsp-ide-0.3.6/out/server/src/server.js:2298:3774\n    at /home/felipe/.vscode/extensions/uqbar.wollok-lsp-ide-0.3.6/out/server/src/server.js:37:74872\n    at Fe (/home/felipe/.vscode/extensions/uqbar.wollok-lsp-ide-0.3.6/out/server/src/server.js:7:8527)","timestamp":"2024-10-14T23:17:31.492Z"}
{"level":"error","message":"✘ Completions for node failed: Error: [Send]{e871e6} at testGranja.wtest:16 exhausted all cases without a match [Send]{e871e6} at testGranja.wtest:16 exhausted all cases without a match","stack":"Error: [Send]{e871e6} at testGranja.wtest:16 exhausted all cases without a match\n    at /home/felipe/.vscode/extensions/uqbar.wollok-lsp-ide-0.3.6/out/server/src/server.js:38:6067\n    at yh (/home/felipe/.vscode/extensions/uqbar.wollok-lsp-ide-0.3.6/out/server/src/server.js:2291:42)\n    at kh (/home/felipe/.vscode/extensions/uqbar.wollok-lsp-ide-0.3.6/out/server/src/server.js:2291:1004)\n    at yh (/home/felipe/.vscode/extensions/uqbar.wollok-lsp-ide-0.3.6/out/server/src/server.js:2291:456)\n    at kh (/home/felipe/.vscode/extensions/uqbar.wollok-lsp-ide-0.3.6/out/server/src/server.js:2291:1004)\n    at Y5n (/home/felipe/.vscode/extensions/uqbar.wollok-lsp-ide-0.3.6/out/server/src/server.js:2291:1160)\n    at /home/felipe/.vscode/extensions/uqbar.wollok-lsp-ide-0.3.6/out/server/src/server.js:38:6056\n    at yh (/home/felipe/.vscode/extensions/uqbar.wollok-lsp-ide-0.3.6/out/server/src/server.js:2291:42)\n    at /home/felipe/.vscode/extensions/uqbar.wollok-lsp-ide-0.3.6/out/server/src/server.js:2291:2700\n    at /home/felipe/.vscode/extensions/uqbar.wollok-lsp-ide-0.3.6/out/server/src/server.js:2298:3774","timestamp":"2024-10-14T23:17:31.493Z"}
{"level":"info","message":"⌛ Building environment","timeElapsed":161,"timestamp":"2024-10-14T23:17:31.662Z"}
{"level":"info","message":"⌛ Validating testGranja.wtest","timeElapsed":264,"timestamp":"2024-10-14T23:17:31.934Z"}
{"level":"info","message":"⌛ Validating testGranja.wtest","timeElapsed":269,"timestamp":"2024-10-14T23:17:32.205Z"}
{"level":"info","message":"⌛ Validating testGranja.wtest","timeElapsed":298,"timestamp":"2024-10-14T23:17:32.505Z"}
{"level":"info","message":"⌛ Validating testGranja.wtest","timeElapsed":220,"timestamp":"2024-10-14T23:17:32.726Z"}
{"level":"info","message":"⌛ Validating testGranja.wtest","timeElapsed":250,"timestamp":"2024-10-14T23:17:32.977Z"}
{"level":"info","message":"⌛ Validating testGranja.wtest","timeElapsed":249,"timestamp":"2024-10-14T23:17:33.227Z"}
{"level":"info","message":"⌛ Validating testGranja.wtest","timeElapsed":259,"timestamp":"2024-10-14T23:17:33.486Z"}
{"level":"info","message":"⌛ Validating testGranja.wtest","timeElapsed":213,"timestamp":"2024-10-14T23:17:33.699Z"}
{"level":"info","message":"⌛ Validating testGranja.wtest","timeElapsed":290,"timestamp":"2024-10-14T23:17:33.989Z"}
{"level":"info","message":"⌛ Building environment","timeElapsed":170,"timestamp":"2024-10-14T23:17:54.498Z"}
{"level":"info","message":"⌛ Validating testGranja.wtest","timeElapsed":191,"timestamp":"2024-10-14T23:17:54.691Z"}
{"level":"info","message":"⌛ Building environment","timeElapsed":158,"timestamp":"2024-10-14T23:18:00.800Z"}
{"level":"info","message":"⌛ Validating testGranja.wtest","timeElapsed":188,"timestamp":"2024-10-14T23:18:00.990Z"}
{"level":"info","message":"⌛ Building environment","timeElapsed":154,"timestamp":"2024-10-14T23:18:10.631Z"}
{"level":"error","message":"✘ Completions for node failed: Error: [Send]{d772cb} at testGranja.wtest:16 exhausted all cases without a match [Send]{d772cb} at testGranja.wtest:16 exhausted all cases without a match","stack":"Error: [Send]{d772cb} at testGranja.wtest:16 exhausted all cases without a match\n    at /home/felipe/.vscode/extensions/uqbar.wollok-lsp-ide-0.3.6/out/server/src/server.js:38:6067\n    at yh (/home/felipe/.vscode/extensions/uqbar.wollok-lsp-ide-0.3.6/out/server/src/server.js:2291:42)\n    at /home/felipe/.vscode/extensions/uqbar.wollok-lsp-ide-0.3.6/out/server/src/server.js:2291:2700\n    at /home/felipe/.vscode/extensions/uqbar.wollok-lsp-ide-0.3.6/out/server/src/server.js:2298:3774\n    at /home/felipe/.vscode/extensions/uqbar.wollok-lsp-ide-0.3.6/out/server/src/server.js:37:74872\n    at Fe (/home/felipe/.vscode/extensions/uqbar.wollok-lsp-ide-0.3.6/out/server/src/server.js:7:8527)\n    at Pt (/home/felipe/.vscode/extensions/uqbar.wollok-lsp-ide-0.3.6/out/server/src/server.js:7:6189)\n    at Gi (/home/felipe/.vscode/extensions/uqbar.wollok-lsp-ide-0.3.6/out/server/src/server.js:7:6378)\n    at Immediate._onImmediate (/home/felipe/.vscode/extensions/uqbar.wollok-lsp-ide-0.3.6/out/server/src/server.js:7:6142)\n    at process.processImmediate (node:internal/timers:483:21)","timestamp":"2024-10-14T23:18:10.663Z"}
{"level":"error","message":"✘ Completions for node failed: Error: [Send]{b1223e} at testGranja.wtest:16 exhausted all cases without a match [Send]{b1223e} at testGranja.wtest:16 exhausted all cases without a match","stack":"Error: [Send]{b1223e} at testGranja.wtest:16 exhausted all cases without a match\n    at /home/felipe/.vscode/extensions/uqbar.wollok-lsp-ide-0.3.6/out/server/src/server.js:38:6067\n    at yh (/home/felipe/.vscode/extensions/uqbar.wollok-lsp-ide-0.3.6/out/server/src/server.js:2291:42)\n    at kh (/home/felipe/.vscode/extensions/uqbar.wollok-lsp-ide-0.3.6/out/server/src/server.js:2291:1004)\n    at yh (/home/felipe/.vscode/extensions/uqbar.wollok-lsp-ide-0.3.6/out/server/src/server.js:2291:456)\n    at /home/felipe/.vscode/extensions/uqbar.wollok-lsp-ide-0.3.6/out/server/src/server.js:2291:2700\n    at /home/felipe/.vscode/extensions/uqbar.wollok-lsp-ide-0.3.6/out/server/src/server.js:2298:3774\n    at /home/felipe/.vscode/extensions/uqbar.wollok-lsp-ide-0.3.6/out/server/src/server.js:37:74872\n    at Fe (/home/felipe/.vscode/extensions/uqbar.wollok-lsp-ide-0.3.6/out/server/src/server.js:7:8527)\n    at Pt (/home/felipe/.vscode/extensions/uqbar.wollok-lsp-ide-0.3.6/out/server/src/server.js:7:6189)\n    at Gi (/home/felipe/.vscode/extensions/uqbar.wollok-lsp-ide-0.3.6/out/server/src/server.js:7:6378)","timestamp":"2024-10-14T23:18:10.663Z"}
{"level":"info","message":"⌛ Validating testGranja.wtest","timeElapsed":210,"timestamp":"2024-10-14T23:18:10.881Z"}
{"level":"info","message":"⌛ Building environment","timeElapsed":130,"timestamp":"2024-10-14T23:18:11.012Z"}
{"level":"error","message":"✘ Completions for node failed: Error: [Send]{1cc71e} at testGranja.wtest:16 exhausted all cases without a match [Send]{1cc71e} at testGranja.wtest:16 exhausted all cases without a match","stack":"Error: [Send]{1cc71e} at testGranja.wtest:16 exhausted all cases without a match\n    at /home/felipe/.vscode/extensions/uqbar.wollok-lsp-ide-0.3.6/out/server/src/server.js:38:6067\n    at yh (/home/felipe/.vscode/extensions/uqbar.wollok-lsp-ide-0.3.6/out/server/src/server.js:2291:42)\n    at /home/felipe/.vscode/extensions/uqbar.wollok-lsp-ide-0.3.6/out/server/src/server.js:2291:2700\n    at /home/felipe/.vscode/extensions/uqbar.wollok-lsp-ide-0.3.6/out/server/src/server.js:2298:3774\n    at /home/felipe/.vscode/extensions/uqbar.wollok-lsp-ide-0.3.6/out/server/src/server.js:37:74872\n    at Fe (/home/felipe/.vscode/extensions/uqbar.wollok-lsp-ide-0.3.6/out/server/src/server.js:7:8527)\n    at Pt (/home/felipe/.vscode/extensions/uqbar.wollok-lsp-ide-0.3.6/out/server/src/server.js:7:6189)\n    at Gi (/home/felipe/.vscode/extensions/uqbar.wollok-lsp-ide-0.3.6/out/server/src/server.js:7:6378)\n    at Immediate._onImmediate (/home/felipe/.vscode/extensions/uqbar.wollok-lsp-ide-0.3.6/out/server/src/server.js:7:6142)\n    at process.processImmediate (node:internal/timers:483:21)","timestamp":"2024-10-14T23:18:11.053Z"}
{"level":"error","message":"✘ Completions for node failed: Error: [Send]{d00087} at testGranja.wtest:16 exhausted all cases without a match [Send]{d00087} at testGranja.wtest:16 exhausted all cases without a match","stack":"Error: [Send]{d00087} at testGranja.wtest:16 exhausted all cases without a match\n    at /home/felipe/.vscode/extensions/uqbar.wollok-lsp-ide-0.3.6/out/server/src/server.js:38:6067\n    at yh (/home/felipe/.vscode/extensions/uqbar.wollok-lsp-ide-0.3.6/out/server/src/server.js:2291:42)\n    at kh (/home/felipe/.vscode/extensions/uqbar.wollok-lsp-ide-0.3.6/out/server/src/server.js:2291:1004)\n    at yh (/home/felipe/.vscode/extensions/uqbar.wollok-lsp-ide-0.3.6/out/server/src/server.js:2291:456)\n    at /home/felipe/.vscode/extensions/uqbar.wollok-lsp-ide-0.3.6/out/server/src/server.js:2291:2700\n    at /home/felipe/.vscode/extensions/uqbar.wollok-lsp-ide-0.3.6/out/server/src/server.js:2298:3774\n    at /home/felipe/.vscode/extensions/uqbar.wollok-lsp-ide-0.3.6/out/server/src/server.js:37:74872\n    at Fe (/home/felipe/.vscode/extensions/uqbar.wollok-lsp-ide-0.3.6/out/server/src/server.js:7:8527)\n    at Pt (/home/felipe/.vscode/extensions/uqbar.wollok-lsp-ide-0.3.6/out/server/src/server.js:7:6189)\n    at Gi (/home/felipe/.vscode/extensions/uqbar.wollok-lsp-ide-0.3.6/out/server/src/server.js:7:6378)","timestamp":"2024-10-14T23:18:11.053Z"}
{"level":"info","message":"⌛ Building environment","timeElapsed":133,"timestamp":"2024-10-14T23:18:11.191Z"}
{"level":"info","message":"⌛ Validating testGranja.wtest","timeElapsed":199,"timestamp":"2024-10-14T23:18:11.391Z"}
{"level":"info","message":"⌛ Building environment","timeElapsed":129,"timestamp":"2024-10-14T23:18:11.521Z"}
{"level":"error","message":"✘ Completions for node failed: Error: [Send]{f0e868} at testGranja.wtest:16 exhausted all cases without a match [Send]{f0e868} at testGranja.wtest:16 exhausted all cases without a match","stack":"Error: [Send]{f0e868} at testGranja.wtest:16 exhausted all cases without a match\n    at /home/felipe/.vscode/extensions/uqbar.wollok-lsp-ide-0.3.6/out/server/src/server.js:38:6067\n    at yh (/home/felipe/.vscode/extensions/uqbar.wollok-lsp-ide-0.3.6/out/server/src/server.js:2291:42)\n    at /home/felipe/.vscode/extensions/uqbar.wollok-lsp-ide-0.3.6/out/server/src/server.js:2291:2700\n    at /home/felipe/.vscode/extensions/uqbar.wollok-lsp-ide-0.3.6/out/server/src/server.js:2298:3774\n    at /home/felipe/.vscode/extensions/uqbar.wollok-lsp-ide-0.3.6/out/server/src/server.js:37:74872\n    at Fe (/home/felipe/.vscode/extensions/uqbar.wollok-lsp-ide-0.3.6/out/server/src/server.js:7:8527)\n    at Pt (/home/felipe/.vscode/extensions/uqbar.wollok-lsp-ide-0.3.6/out/server/src/server.js:7:6189)\n    at Gi (/home/felipe/.vscode/extensions/uqbar.wollok-lsp-ide-0.3.6/out/server/src/server.js:7:6378)\n    at Immediate._onImmediate (/home/felipe/.vscode/extensions/uqbar.wollok-lsp-ide-0.3.6/out/server/src/server.js:7:6142)\n    at process.processImmediate (node:internal/timers:483:21)","timestamp":"2024-10-14T23:18:11.557Z"}
{"level":"error","message":"✘ Completions for node failed: Error: [Send]{d14470} at testGranja.wtest:16 exhausted all cases without a match [Send]{d14470} at testGranja.wtest:16 exhausted all cases without a match","stack":"Error: [Send]{d14470} at testGranja.wtest:16 exhausted all cases without a match\n    at /home/felipe/.vscode/extensions/uqbar.wollok-lsp-ide-0.3.6/out/server/src/server.js:38:6067\n    at yh (/home/felipe/.vscode/extensions/uqbar.wollok-lsp-ide-0.3.6/out/server/src/server.js:2291:42)\n    at kh (/home/felipe/.vscode/extensions/uqbar.wollok-lsp-ide-0.3.6/out/server/src/server.js:2291:1004)\n    at yh (/home/felipe/.vscode/extensions/uqbar.wollok-lsp-ide-0.3.6/out/server/src/server.js:2291:456)\n    at /home/felipe/.vscode/extensions/uqbar.wollok-lsp-ide-0.3.6/out/server/src/server.js:2291:2700\n    at /home/felipe/.vscode/extensions/uqbar.wollok-lsp-ide-0.3.6/out/server/src/server.js:2298:3774\n    at /home/felipe/.vscode/extensions/uqbar.wollok-lsp-ide-0.3.6/out/server/src/server.js:37:74872\n    at Fe (/home/felipe/.vscode/extensions/uqbar.wollok-lsp-ide-0.3.6/out/server/src/server.js:7:8527)\n    at Pt (/home/felipe/.vscode/extensions/uqbar.wollok-lsp-ide-0.3.6/out/server/src/server.js:7:6189)\n    at Gi (/home/felipe/.vscode/extensions/uqbar.wollok-lsp-ide-0.3.6/out/server/src/server.js:7:6378)","timestamp":"2024-10-14T23:18:11.557Z"}
{"level":"info","message":"⌛ Validating testGranja.wtest","timeElapsed":187,"timestamp":"2024-10-14T23:18:11.748Z"}
{"level":"info","message":"⌛ Validating testGranja.wtest","timeElapsed":190,"timestamp":"2024-10-14T23:18:11.939Z"}
{"level":"info","message":"⌛ Building environment","timeElapsed":150,"timestamp":"2024-10-14T23:18:16.365Z"}
{"level":"info","message":"⌛ Validating testGranja.wtest","timeElapsed":196,"timestamp":"2024-10-14T23:18:16.562Z"}
{"level":"info","message":"⌛ Building environment","timeElapsed":301,"timestamp":"2024-10-14T23:18:20.576Z"}
{"level":"info","message":"⌛ Validating testGranja.wtest","timeElapsed":245,"timestamp":"2024-10-14T23:18:20.871Z"}
{"level":"info","message":"⌛ Building environment","timeElapsed":165,"timestamp":"2024-10-14T23:18:21.915Z"}
{"level":"info","message":"⌛ Validating testGranja.wtest","timeElapsed":216,"timestamp":"2024-10-14T23:18:22.136Z"}
{"level":"info","message":"⌛ Building environment","timeElapsed":143,"timestamp":"2024-10-14T23:18:22.371Z"}
{"level":"info","message":"⌛ Validating testGranja.wtest","timeElapsed":194,"timestamp":"2024-10-14T23:18:22.566Z"}
{"level":"info","message":"⌛ Building environment","timeElapsed":150,"timestamp":"2024-10-14T23:18:23.214Z"}
{"level":"info","message":"⌛ Validating testGranja.wtest","timeElapsed":209,"timestamp":"2024-10-14T23:18:23.425Z"}
{"level":"info","message":"⌛ Building environment","timeElapsed":218,"timestamp":"2024-10-14T23:18:25.838Z"}
{"level":"info","message":"⌛ Validating testGranja.wtest","timeElapsed":236,"timestamp":"2024-10-14T23:18:26.076Z"}
{"level":"info","message":"⌛ Building environment","timeElapsed":178,"timestamp":"2024-10-14T23:18:34.229Z"}
{"level":"info","message":"⌛ Validating testGranja.wtest","timeElapsed":217,"timestamp":"2024-10-14T23:18:34.447Z"}
{"level":"info","message":"⌛ Building environment","timeElapsed":119,"timestamp":"2024-10-14T23:18:34.839Z"}
{"level":"info","message":"⌛ Validating testGranja.wtest","timeElapsed":191,"timestamp":"2024-10-14T23:18:35.032Z"}
{"level":"info","message":"⌛ Building environment","timeElapsed":135,"timestamp":"2024-10-14T23:18:35.202Z"}
{"level":"info","message":"⌛ Validating testGranja.wtest","timeElapsed":206,"timestamp":"2024-10-14T23:18:35.416Z"}
{"level":"info","message":"⌛ Building environment","timeElapsed":126,"timestamp":"2024-10-14T23:18:35.610Z"}
{"level":"info","message":"⌛ Validating testGranja.wtest","timeElapsed":193,"timestamp":"2024-10-14T23:18:35.804Z"}
{"level":"info","message":"⌛ Building environment","timeElapsed":159,"timestamp":"2024-10-14T23:18:38.285Z"}
{"level":"info","message":"⌛ Validating testGranja.wtest","timeElapsed":202,"timestamp":"2024-10-14T23:18:38.489Z"}
{"level":"info","message":"⌛ Building environment","timeElapsed":219,"timestamp":"2024-10-14T23:18:40.434Z"}
{"level":"info","message":"⌛ Validating testGranja.wtest","timeElapsed":197,"timestamp":"2024-10-14T23:18:40.634Z"}
{"level":"info","message":"⌛ Building environment","timeElapsed":135,"timestamp":"2024-10-14T23:18:41.266Z"}
{"level":"info","message":"⌛ Validating testGranja.wtest","timeElapsed":194,"timestamp":"2024-10-14T23:18:41.461Z"}
{"level":"info","message":"⌛ Building environment","timeElapsed":181,"timestamp":"2024-10-14T23:18:45.834Z"}
{"level":"info","message":"⌛ Validating testGranja.wtest","timeElapsed":201,"timestamp":"2024-10-14T23:18:46.036Z"}
{"level":"info","message":"⌛ Building environment","timeElapsed":233,"timestamp":"2024-10-14T23:18:47.770Z"}
{"level":"info","message":"⌛ Validating testGranja.wtest","timeElapsed":203,"timestamp":"2024-10-14T23:18:47.978Z"}
{"level":"info","message":"⌛ Building environment","timeElapsed":160,"timestamp":"2024-10-14T23:18:50.320Z"}
{"level":"info","message":"⌛ Validating testGranja.wtest","timeElapsed":204,"timestamp":"2024-10-14T23:18:50.525Z"}
{"level":"info","message":"⌛ Building environment","timeElapsed":166,"timestamp":"2024-10-14T23:18:52.773Z"}
{"level":"info","message":"⌛ Validating testGranja.wtest","timeElapsed":236,"timestamp":"2024-10-14T23:18:53.046Z"}
{"level":"info","message":"⌛ Building environment","timeElapsed":137,"timestamp":"2024-10-14T23:18:53.318Z"}
{"level":"info","message":"⌛ Validating testGranja.wtest","timeElapsed":199,"timestamp":"2024-10-14T23:18:53.520Z"}
{"level":"info","message":"⌛ Building environment","timeElapsed":124,"timestamp":"2024-10-14T23:18:54.963Z"}
{"level":"info","message":"⌛ Validating testGranja.wtest","timeElapsed":358,"timestamp":"2024-10-14T23:18:55.323Z"}
{"level":"info","message":"⌛ Building environment","timeElapsed":160,"timestamp":"2024-10-14T23:18:55.485Z"}
{"level":"info","message":"⌛ Building environment","timeElapsed":145,"timestamp":"2024-10-14T23:18:55.644Z"}
{"level":"info","message":"⌛ Validating testGranja.wtest","timeElapsed":198,"timestamp":"2024-10-14T23:18:55.842Z"}
{"level":"info","message":"⌛ Validating testGranja.wtest","timeElapsed":219,"timestamp":"2024-10-14T23:18:56.067Z"}
{"level":"info","message":"⌛ Building environment","timeElapsed":176,"timestamp":"2024-10-14T23:18:56.246Z"}
{"level":"info","message":"⌛ Building environment","timeElapsed":119,"timestamp":"2024-10-14T23:18:56.374Z"}
{"level":"info","message":"⌛ Validating testGranja.wtest","timeElapsed":216,"timestamp":"2024-10-14T23:18:56.597Z"}
{"level":"info","message":"⌛ Validating testGranja.wtest","timeElapsed":203,"timestamp":"2024-10-14T23:18:56.801Z"}
{"level":"info","message":"⌛ Building environment","timeElapsed":142,"timestamp":"2024-10-14T23:18:56.945Z"}
{"level":"info","message":"⌛ Validating testGranja.wtest","timeElapsed":201,"timestamp":"2024-10-14T23:18:57.154Z"}
{"failures":[],"level":"info","message":"🧪 Test runner executed on /home/felipe/Documents/Universidad/Proramacion_Con_Objetos_1/2024s2-granja-villa-FeliQI-main/2024s2-granja-villa-FeliQI-5","result":{"failed":0,"ok":1},"timeElapsed":902,"timestamp":"2024-10-14T23:19:02.384Z"}
{"level":"info","message":"⌛ Building environment","timeElapsed":170,"timestamp":"2024-10-14T23:19:15.959Z"}
{"level":"info","message":"⌛ Validating testGranja.wtest","timeElapsed":217,"timestamp":"2024-10-14T23:19:16.179Z"}
{"level":"info","message":"⌛ Building environment","timeElapsed":161,"timestamp":"2024-10-14T23:19:18.806Z"}
{"level":"info","message":"⌛ Validating testGranja.wtest","timeElapsed":204,"timestamp":"2024-10-14T23:19:19.063Z"}
{"level":"info","message":"⌛ Building environment","timeElapsed":161,"timestamp":"2024-10-14T23:19:19.226Z"}
{"level":"info","message":"onRequest - completionItem/resolve","timestamp":"2024-10-14T23:19:19.232Z"}
{"level":"info","message":"⌛ Building environment","timeElapsed":140,"timestamp":"2024-10-14T23:19:19.372Z"}
{"level":"info","message":"onRequest - completionItem/resolve","timestamp":"2024-10-14T23:19:19.373Z"}
{"level":"info","message":"⌛ Building environment","timeElapsed":174,"timestamp":"2024-10-14T23:19:19.547Z"}
{"level":"info","message":"onRequest - completionItem/resolve","timestamp":"2024-10-14T23:19:19.548Z"}
{"level":"info","message":"⌛ Validating testGranja.wtest","timeElapsed":198,"timestamp":"2024-10-14T23:19:19.746Z"}
{"level":"info","message":"⌛ Building environment","timeElapsed":242,"timestamp":"2024-10-14T23:19:19.989Z"}
{"level":"info","message":"onRequest - completionItem/resolve","timestamp":"2024-10-14T23:19:19.990Z"}
{"level":"info","message":"⌛ Validating testGranja.wtest","timeElapsed":238,"timestamp":"2024-10-14T23:19:20.228Z"}
{"level":"info","message":"⌛ Validating testGranja.wtest","timeElapsed":221,"timestamp":"2024-10-14T23:19:20.451Z"}
{"level":"info","message":"⌛ Validating testGranja.wtest","timeElapsed":198,"timestamp":"2024-10-14T23:19:20.659Z"}
{"level":"info","message":"onRequest - completionItem/resolve","timestamp":"2024-10-14T23:19:21.873Z"}
{"level":"info","message":"⌛ Building environment","timeElapsed":130,"timestamp":"2024-10-14T23:19:22.330Z"}
{"level":"info","message":"⌛ Validating testGranja.wtest","timeElapsed":196,"timestamp":"2024-10-14T23:19:22.527Z"}
{"level":"info","message":"⌛ Building environment","timeElapsed":225,"timestamp":"2024-10-14T23:19:26.965Z"}
{"level":"error","message":"✘ Completions for node failed: Error: [Send]{f22279} at testGranja.wtest:16 exhausted all cases without a match [Send]{f22279} at testGranja.wtest:16 exhausted all cases without a match","stack":"Error: [Send]{f22279} at testGranja.wtest:16 exhausted all cases without a match\n    at /home/felipe/.vscode/extensions/uqbar.wollok-lsp-ide-0.3.6/out/server/src/server.js:38:6067\n    at yh (/home/felipe/.vscode/extensions/uqbar.wollok-lsp-ide-0.3.6/out/server/src/server.js:2291:42)\n    at kh (/home/felipe/.vscode/extensions/uqbar.wollok-lsp-ide-0.3.6/out/server/src/server.js:2291:1004)\n    at Y5n (/home/felipe/.vscode/extensions/uqbar.wollok-lsp-ide-0.3.6/out/server/src/server.js:2291:1160)\n    at /home/felipe/.vscode/extensions/uqbar.wollok-lsp-ide-0.3.6/out/server/src/server.js:38:6056\n    at yh (/home/felipe/.vscode/extensions/uqbar.wollok-lsp-ide-0.3.6/out/server/src/server.js:2291:42)\n    at /home/felipe/.vscode/extensions/uqbar.wollok-lsp-ide-0.3.6/out/server/src/server.js:2291:2700\n    at /home/felipe/.vscode/extensions/uqbar.wollok-lsp-ide-0.3.6/out/server/src/server.js:2298:3774\n    at /home/felipe/.vscode/extensions/uqbar.wollok-lsp-ide-0.3.6/out/server/src/server.js:37:74872\n    at Fe (/home/felipe/.vscode/extensions/uqbar.wollok-lsp-ide-0.3.6/out/server/src/server.js:7:8527)","timestamp":"2024-10-14T23:19:27.011Z"}
{"level":"info","message":"⌛ Building environment","timeElapsed":149,"timestamp":"2024-10-14T23:19:27.167Z"}
{"level":"info","message":"⌛ Validating testGranja.wtest","timeElapsed":244,"timestamp":"2024-10-14T23:19:27.412Z"}
{"level":"info","message":"⌛ Building environment","timeElapsed":129,"timestamp":"2024-10-14T23:19:27.541Z"}
{"level":"info","message":"onRequest - completionItem/resolve","timestamp":"2024-10-14T23:19:27.542Z"}
{"level":"info","message":"⌛ Building environment","timeElapsed":125,"timestamp":"2024-10-14T23:19:27.667Z"}
{"level":"info","message":"onRequest - completionItem/resolve","timestamp":"2024-10-14T23:19:27.668Z"}
{"level":"info","message":"⌛ Validating testGranja.wtest","timeElapsed":232,"timestamp":"2024-10-14T23:19:27.900Z"}
{"level":"info","message":"⌛ Building environment","timeElapsed":173,"timestamp":"2024-10-14T23:19:28.073Z"}
{"level":"info","message":"onRequest - completionItem/resolve","timestamp":"2024-10-14T23:19:28.073Z"}
{"level":"info","message":"⌛ Validating testGranja.wtest","timeElapsed":217,"timestamp":"2024-10-14T23:19:28.301Z"}
{"level":"info","message":"⌛ Validating testGranja.wtest","timeElapsed":221,"timestamp":"2024-10-14T23:19:28.523Z"}
{"level":"info","message":"⌛ Validating testGranja.wtest","timeElapsed":209,"timestamp":"2024-10-14T23:19:28.734Z"}
{"level":"info","message":"⌛ Building environment","timeElapsed":163,"timestamp":"2024-10-14T23:19:32.158Z"}
{"level":"error","message":"✘ Completions for node failed: Error: [Send]{4345b0} at testGranja.wtest:16 exhausted all cases without a match [Send]{4345b0} at testGranja.wtest:16 exhausted all cases without a match","stack":"Error: [Send]{4345b0} at testGranja.wtest:16 exhausted all cases without a match\n    at /home/felipe/.vscode/extensions/uqbar.wollok-lsp-ide-0.3.6/out/server/src/server.js:38:6067\n    at yh (/home/felipe/.vscode/extensions/uqbar.wollok-lsp-ide-0.3.6/out/server/src/server.js:2291:42)\n    at kh (/home/felipe/.vscode/extensions/uqbar.wollok-lsp-ide-0.3.6/out/server/src/server.js:2291:1004)\n    at Y5n (/home/felipe/.vscode/extensions/uqbar.wollok-lsp-ide-0.3.6/out/server/src/server.js:2291:1160)\n    at /home/felipe/.vscode/extensions/uqbar.wollok-lsp-ide-0.3.6/out/server/src/server.js:38:6056\n    at yh (/home/felipe/.vscode/extensions/uqbar.wollok-lsp-ide-0.3.6/out/server/src/server.js:2291:42)\n    at /home/felipe/.vscode/extensions/uqbar.wollok-lsp-ide-0.3.6/out/server/src/server.js:2291:2700\n    at /home/felipe/.vscode/extensions/uqbar.wollok-lsp-ide-0.3.6/out/server/src/server.js:2298:3774\n    at /home/felipe/.vscode/extensions/uqbar.wollok-lsp-ide-0.3.6/out/server/src/server.js:37:74872\n    at Fe (/home/felipe/.vscode/extensions/uqbar.wollok-lsp-ide-0.3.6/out/server/src/server.js:7:8527)","timestamp":"2024-10-14T23:19:32.198Z"}
{"level":"info","message":"⌛ Building environment","timeElapsed":134,"timestamp":"2024-10-14T23:19:32.341Z"}
{"level":"info","message":"⌛ Validating testGranja.wtest","timeElapsed":228,"timestamp":"2024-10-14T23:19:32.576Z"}
{"level":"info","message":"onRequest - completionItem/resolve","timestamp":"2024-10-14T23:19:32.577Z"}
{"level":"info","message":"⌛ Validating testGranja.wtest","timeElapsed":235,"timestamp":"2024-10-14T23:19:32.813Z"}
{"level":"info","message":"⌛ Building environment","timeElapsed":131,"timestamp":"2024-10-14T23:19:32.944Z"}
{"level":"info","message":"onRequest - completionItem/resolve","timestamp":"2024-10-14T23:19:32.945Z"}
{"level":"info","message":"⌛ Building environment","timeElapsed":148,"timestamp":"2024-10-14T23:19:33.093Z"}
{"level":"info","message":"onRequest - completionItem/resolve","timestamp":"2024-10-14T23:19:33.094Z"}
{"level":"info","message":"⌛ Validating testGranja.wtest","timeElapsed":273,"timestamp":"2024-10-14T23:19:33.384Z"}
{"level":"info","message":"⌛ Building environment","timeElapsed":132,"timestamp":"2024-10-14T23:19:33.517Z"}
{"level":"info","message":"onRequest - completionItem/resolve","timestamp":"2024-10-14T23:19:33.522Z"}
{"level":"info","message":"⌛ Building environment","timeElapsed":119,"timestamp":"2024-10-14T23:19:33.642Z"}
{"level":"info","message":"onRequest - completionItem/resolve","timestamp":"2024-10-14T23:19:33.643Z"}
{"level":"info","message":"⌛ Validating testGranja.wtest","timeElapsed":198,"timestamp":"2024-10-14T23:19:33.841Z"}
{"level":"info","message":"⌛ Validating testGranja.wtest","timeElapsed":189,"timestamp":"2024-10-14T23:19:34.042Z"}
{"level":"info","message":"⌛ Validating testGranja.wtest","timeElapsed":219,"timestamp":"2024-10-14T23:19:34.261Z"}
{"level":"info","message":"⌛ Building environment","timeElapsed":150,"timestamp":"2024-10-14T23:19:34.412Z"}
{"level":"info","message":"⌛ Validating testGranja.wtest","timeElapsed":317,"timestamp":"2024-10-14T23:19:34.767Z"}
{"level":"info","message":"onRequest - completionItem/resolve","timestamp":"2024-10-14T23:19:34.768Z"}
{"level":"info","message":"⌛ Building environment","timeElapsed":184,"timestamp":"2024-10-14T23:19:34.953Z"}
{"level":"info","message":"onRequest - completionItem/resolve","timestamp":"2024-10-14T23:19:34.958Z"}
{"level":"info","message":"⌛ Building environment","timeElapsed":137,"timestamp":"2024-10-14T23:19:35.104Z"}
{"level":"error","message":"✘ Completions for node failed: Error: [Send]{bd1c8e} at testGranja.wtest:16 exhausted all cases without a match [Send]{bd1c8e} at testGranja.wtest:16 exhausted all cases without a match","stack":"Error: [Send]{bd1c8e} at testGranja.wtest:16 exhausted all cases without a match\n    at /home/felipe/.vscode/extensions/uqbar.wollok-lsp-ide-0.3.6/out/server/src/server.js:38:6067\n    at yh (/home/felipe/.vscode/extensions/uqbar.wollok-lsp-ide-0.3.6/out/server/src/server.js:2291:42)\n    at kh (/home/felipe/.vscode/extensions/uqbar.wollok-lsp-ide-0.3.6/out/server/src/server.js:2291:1004)\n    at Y5n (/home/felipe/.vscode/extensions/uqbar.wollok-lsp-ide-0.3.6/out/server/src/server.js:2291:1160)\n    at /home/felipe/.vscode/extensions/uqbar.wollok-lsp-ide-0.3.6/out/server/src/server.js:38:6056\n    at yh (/home/felipe/.vscode/extensions/uqbar.wollok-lsp-ide-0.3.6/out/server/src/server.js:2291:42)\n    at /home/felipe/.vscode/extensions/uqbar.wollok-lsp-ide-0.3.6/out/server/src/server.js:2291:2700\n    at /home/felipe/.vscode/extensions/uqbar.wollok-lsp-ide-0.3.6/out/server/src/server.js:2298:3774\n    at /home/felipe/.vscode/extensions/uqbar.wollok-lsp-ide-0.3.6/out/server/src/server.js:37:74872\n    at Fe (/home/felipe/.vscode/extensions/uqbar.wollok-lsp-ide-0.3.6/out/server/src/server.js:7:8527)","timestamp":"2024-10-14T23:19:35.143Z"}
{"level":"info","message":"⌛ Building environment","timeElapsed":152,"timestamp":"2024-10-14T23:19:35.301Z"}
{"level":"info","message":"⌛ Validating testGranja.wtest","timeElapsed":280,"timestamp":"2024-10-14T23:19:35.583Z"}
{"level":"info","message":"⌛ Building environment","timeElapsed":183,"timestamp":"2024-10-14T23:19:35.767Z"}
{"level":"info","message":"⌛ Validating testGranja.wtest","timeElapsed":196,"timestamp":"2024-10-14T23:19:35.968Z"}
{"level":"info","message":"⌛ Building environment","timeElapsed":194,"timestamp":"2024-10-14T23:19:36.170Z"}
{"level":"error","message":"✘ Completions for node failed: Error: [Send]{f967ac} at testGranja.wtest:16 exhausted all cases without a match [Send]{f967ac} at testGranja.wtest:16 exhausted all cases without a match","stack":"Error: [Send]{f967ac} at testGranja.wtest:16 exhausted all cases without a match\n    at /home/felipe/.vscode/extensions/uqbar.wollok-lsp-ide-0.3.6/out/server/src/server.js:38:6067\n    at yh (/home/felipe/.vscode/extensions/uqbar.wollok-lsp-ide-0.3.6/out/server/src/server.js:2291:42)\n    at kh (/home/felipe/.vscode/extensions/uqbar.wollok-lsp-ide-0.3.6/out/server/src/server.js:2291:1004)\n    at Y5n (/home/felipe/.vscode/extensions/uqbar.wollok-lsp-ide-0.3.6/out/server/src/server.js:2291:1160)\n    at /home/felipe/.vscode/extensions/uqbar.wollok-lsp-ide-0.3.6/out/server/src/server.js:38:6056\n    at yh (/home/felipe/.vscode/extensions/uqbar.wollok-lsp-ide-0.3.6/out/server/src/server.js:2291:42)\n    at /home/felipe/.vscode/extensions/uqbar.wollok-lsp-ide-0.3.6/out/server/src/server.js:2291:2700\n    at /home/felipe/.vscode/extensions/uqbar.wollok-lsp-ide-0.3.6/out/server/src/server.js:2298:3774\n    at /home/felipe/.vscode/extensions/uqbar.wollok-lsp-ide-0.3.6/out/server/src/server.js:37:74872\n    at Fe (/home/felipe/.vscode/extensions/uqbar.wollok-lsp-ide-0.3.6/out/server/src/server.js:7:8527)","timestamp":"2024-10-14T23:19:36.285Z"}
{"level":"info","message":"⌛ Validating testGranja.wtest","timeElapsed":219,"timestamp":"2024-10-14T23:19:36.512Z"}
{"level":"info","message":"⌛ Building environment","timeElapsed":134,"timestamp":"2024-10-14T23:19:36.647Z"}
{"level":"info","message":"⌛ Validating testGranja.wtest","timeElapsed":201,"timestamp":"2024-10-14T23:19:36.855Z"}
{"level":"info","message":"⌛ Validating testGranja.wtest","timeElapsed":194,"timestamp":"2024-10-14T23:19:37.051Z"}
{"level":"info","message":"⌛ Building environment","timeElapsed":170,"timestamp":"2024-10-14T23:19:37.221Z"}
{"level":"error","message":"✘ Completions for node failed: Error: [Send]{b4f64c} at testGranja.wtest:16 exhausted all cases without a match [Send]{b4f64c} at testGranja.wtest:16 exhausted all cases without a match","stack":"Error: [Send]{b4f64c} at testGranja.wtest:16 exhausted all cases without a match\n    at /home/felipe/.vscode/extensions/uqbar.wollok-lsp-ide-0.3.6/out/server/src/server.js:38:6067\n    at yh (/home/felipe/.vscode/extensions/uqbar.wollok-lsp-ide-0.3.6/out/server/src/server.js:2291:42)\n    at kh (/home/felipe/.vscode/extensions/uqbar.wollok-lsp-ide-0.3.6/out/server/src/server.js:2291:1004)\n    at Y5n (/home/felipe/.vscode/extensions/uqbar.wollok-lsp-ide-0.3.6/out/server/src/server.js:2291:1160)\n    at /home/felipe/.vscode/extensions/uqbar.wollok-lsp-ide-0.3.6/out/server/src/server.js:38:6056\n    at yh (/home/felipe/.vscode/extensions/uqbar.wollok-lsp-ide-0.3.6/out/server/src/server.js:2291:42)\n    at /home/felipe/.vscode/extensions/uqbar.wollok-lsp-ide-0.3.6/out/server/src/server.js:2291:2700\n    at /home/felipe/.vscode/extensions/uqbar.wollok-lsp-ide-0.3.6/out/server/src/server.js:2298:3774\n    at /home/felipe/.vscode/extensions/uqbar.wollok-lsp-ide-0.3.6/out/server/src/server.js:37:74872\n    at Fe (/home/felipe/.vscode/extensions/uqbar.wollok-lsp-ide-0.3.6/out/server/src/server.js:7:8527)","timestamp":"2024-10-14T23:19:37.269Z"}
{"level":"info","message":"⌛ Validating testGranja.wtest","timeElapsed":211,"timestamp":"2024-10-14T23:19:37.486Z"}
{"level":"info","message":"⌛ Building environment","timeElapsed":130,"timestamp":"2024-10-14T23:19:37.617Z"}
{"level":"info","message":"⌛ Validating testGranja.wtest","timeElapsed":184,"timestamp":"2024-10-14T23:19:37.801Z"}
{"level":"info","message":"⌛ Building environment","timeElapsed":130,"timestamp":"2024-10-14T23:19:37.931Z"}
{"level":"info","message":"⌛ Building environment","timeElapsed":128,"timestamp":"2024-10-14T23:19:38.059Z"}
{"level":"error","message":"✘ Completions for node failed: Error: [Send]{761862} at testGranja.wtest:16 exhausted all cases without a match [Send]{761862} at testGranja.wtest:16 exhausted all cases without a match","stack":"Error: [Send]{761862} at testGranja.wtest:16 exhausted all cases without a match\n    at /home/felipe/.vscode/extensions/uqbar.wollok-lsp-ide-0.3.6/out/server/src/server.js:38:6067\n    at yh (/home/felipe/.vscode/extensions/uqbar.wollok-lsp-ide-0.3.6/out/server/src/server.js:2291:42)\n    at kh (/home/felipe/.vscode/extensions/uqbar.wollok-lsp-ide-0.3.6/out/server/src/server.js:2291:1004)\n    at Y5n (/home/felipe/.vscode/extensions/uqbar.wollok-lsp-ide-0.3.6/out/server/src/server.js:2291:1160)\n    at /home/felipe/.vscode/extensions/uqbar.wollok-lsp-ide-0.3.6/out/server/src/server.js:38:6056\n    at yh (/home/felipe/.vscode/extensions/uqbar.wollok-lsp-ide-0.3.6/out/server/src/server.js:2291:42)\n    at /home/felipe/.vscode/extensions/uqbar.wollok-lsp-ide-0.3.6/out/server/src/server.js:2291:2700\n    at /home/felipe/.vscode/extensions/uqbar.wollok-lsp-ide-0.3.6/out/server/src/server.js:2298:3774\n    at /home/felipe/.vscode/extensions/uqbar.wollok-lsp-ide-0.3.6/out/server/src/server.js:37:74872\n    at Fe (/home/felipe/.vscode/extensions/uqbar.wollok-lsp-ide-0.3.6/out/server/src/server.js:7:8527)","timestamp":"2024-10-14T23:19:38.105Z"}
{"level":"info","message":"⌛ Validating testGranja.wtest","timeElapsed":194,"timestamp":"2024-10-14T23:19:38.305Z"}
{"level":"info","message":"⌛ Validating testGranja.wtest","timeElapsed":189,"timestamp":"2024-10-14T23:19:38.496Z"}
{"level":"info","message":"⌛ Validating testGranja.wtest","timeElapsed":205,"timestamp":"2024-10-14T23:19:38.701Z"}
{"level":"info","message":"⌛ Building environment","timeElapsed":121,"timestamp":"2024-10-14T23:19:38.824Z"}
{"level":"info","message":"⌛ Validating testGranja.wtest","timeElapsed":189,"timestamp":"2024-10-14T23:19:39.021Z"}
{"level":"info","message":"⌛ Building environment","timeElapsed":124,"timestamp":"2024-10-14T23:19:40.051Z"}
{"level":"error","message":"✘ Completions for node failed: Error: [Send]{c85c23} at testGranja.wtest:16 exhausted all cases without a match [Send]{c85c23} at testGranja.wtest:16 exhausted all cases without a match","stack":"Error: [Send]{c85c23} at testGranja.wtest:16 exhausted all cases without a match\n    at /home/felipe/.vscode/extensions/uqbar.wollok-lsp-ide-0.3.6/out/server/src/server.js:38:6067\n    at yh (/home/felipe/.vscode/extensions/uqbar.wollok-lsp-ide-0.3.6/out/server/src/server.js:2291:42)\n    at kh (/home/felipe/.vscode/extensions/uqbar.wollok-lsp-ide-0.3.6/out/server/src/server.js:2291:1004)\n    at Y5n (/home/felipe/.vscode/extensions/uqbar.wollok-lsp-ide-0.3.6/out/server/src/server.js:2291:1160)\n    at /home/felipe/.vscode/extensions/uqbar.wollok-lsp-ide-0.3.6/out/server/src/server.js:38:6056\n    at yh (/home/felipe/.vscode/extensions/uqbar.wollok-lsp-ide-0.3.6/out/server/src/server.js:2291:42)\n    at /home/felipe/.vscode/extensions/uqbar.wollok-lsp-ide-0.3.6/out/server/src/server.js:2291:2700\n    at /home/felipe/.vscode/extensions/uqbar.wollok-lsp-ide-0.3.6/out/server/src/server.js:2298:3774\n    at /home/felipe/.vscode/extensions/uqbar.wollok-lsp-ide-0.3.6/out/server/src/server.js:37:74872\n    at Fe (/home/felipe/.vscode/extensions/uqbar.wollok-lsp-ide-0.3.6/out/server/src/server.js:7:8527)","timestamp":"2024-10-14T23:19:40.087Z"}
{"level":"error","message":"✘ Completions for node failed: Error: [Send]{c72231} at testGranja.wtest:16 exhausted all cases without a match [Send]{c72231} at testGranja.wtest:16 exhausted all cases without a match","stack":"Error: [Send]{c72231} at testGranja.wtest:16 exhausted all cases without a match\n    at /home/felipe/.vscode/extensions/uqbar.wollok-lsp-ide-0.3.6/out/server/src/server.js:38:6067\n    at yh (/home/felipe/.vscode/extensions/uqbar.wollok-lsp-ide-0.3.6/out/server/src/server.js:2291:42)\n    at kh (/home/felipe/.vscode/extensions/uqbar.wollok-lsp-ide-0.3.6/out/server/src/server.js:2291:1004)\n    at yh (/home/felipe/.vscode/extensions/uqbar.wollok-lsp-ide-0.3.6/out/server/src/server.js:2291:456)\n    at kh (/home/felipe/.vscode/extensions/uqbar.wollok-lsp-ide-0.3.6/out/server/src/server.js:2291:1004)\n    at Y5n (/home/felipe/.vscode/extensions/uqbar.wollok-lsp-ide-0.3.6/out/server/src/server.js:2291:1160)\n    at /home/felipe/.vscode/extensions/uqbar.wollok-lsp-ide-0.3.6/out/server/src/server.js:38:6056\n    at yh (/home/felipe/.vscode/extensions/uqbar.wollok-lsp-ide-0.3.6/out/server/src/server.js:2291:42)\n    at /home/felipe/.vscode/extensions/uqbar.wollok-lsp-ide-0.3.6/out/server/src/server.js:2291:2700\n    at /home/felipe/.vscode/extensions/uqbar.wollok-lsp-ide-0.3.6/out/server/src/server.js:2298:3774","timestamp":"2024-10-14T23:19:40.087Z"}
{"level":"info","message":"⌛ Validating testGranja.wtest","timeElapsed":207,"timestamp":"2024-10-14T23:19:40.300Z"}
{"level":"info","message":"onRequest - completionItem/resolve","timestamp":"2024-10-14T23:19:40.300Z"}
{"level":"info","message":"⌛ Building environment","timeElapsed":149,"timestamp":"2024-10-14T23:19:40.451Z"}
{"level":"info","message":"onRequest - completionItem/resolve","timestamp":"2024-10-14T23:19:40.456Z"}
{"level":"info","message":"⌛ Building environment","timeElapsed":125,"timestamp":"2024-10-14T23:19:40.581Z"}
{"level":"info","message":"onRequest - completionItem/resolve","timestamp":"2024-10-14T23:19:40.582Z"}
{"level":"info","message":"⌛ Validating testGranja.wtest","timeElapsed":218,"timestamp":"2024-10-14T23:19:40.800Z"}
{"level":"info","message":"⌛ Validating testGranja.wtest","timeElapsed":202,"timestamp":"2024-10-14T23:19:41.004Z"}
{"level":"info","message":"⌛ Building environment","timeElapsed":285,"timestamp":"2024-10-14T23:19:41.291Z"}
{"level":"info","message":"onRequest - completionItem/resolve","timestamp":"2024-10-14T23:19:41.296Z"}
{"level":"info","message":"⌛ Building environment","timeElapsed":121,"timestamp":"2024-10-14T23:19:41.417Z"}
{"level":"info","message":"onRequest - completionItem/resolve","timestamp":"2024-10-14T23:19:41.418Z"}
{"level":"info","message":"⌛ Building environment","timeElapsed":117,"timestamp":"2024-10-14T23:19:41.535Z"}
{"level":"info","message":"onRequest - completionItem/resolve","timestamp":"2024-10-14T23:19:41.536Z"}
{"level":"info","message":"⌛ Validating testGranja.wtest","timeElapsed":185,"timestamp":"2024-10-14T23:19:41.729Z"}
{"level":"info","message":"⌛ Validating testGranja.wtest","timeElapsed":205,"timestamp":"2024-10-14T23:19:41.934Z"}
{"level":"info","message":"⌛ Validating testGranja.wtest","timeElapsed":213,"timestamp":"2024-10-14T23:19:42.149Z"}
{"level":"info","message":"⌛ Building environment","timeElapsed":130,"timestamp":"2024-10-14T23:19:42.279Z"}
{"level":"info","message":"⌛ Validating testGranja.wtest","timeElapsed":210,"timestamp":"2024-10-14T23:19:42.537Z"}
{"level":"info","message":"⌛ Building environment","timeElapsed":240,"timestamp":"2024-10-14T23:19:42.780Z"}
{"level":"info","message":"onRequest - completionItem/resolve","timestamp":"2024-10-14T23:19:42.780Z"}
{"level":"info","message":"⌛ Building environment","timeElapsed":145,"timestamp":"2024-10-14T23:19:42.925Z"}
{"level":"error","message":"✘ Completions for node failed: Error: [Send]{6f328a} at testGranja.wtest:16 exhausted all cases without a match [Send]{6f328a} at testGranja.wtest:16 exhausted all cases without a match","stack":"Error: [Send]{6f328a} at testGranja.wtest:16 exhausted all cases without a match\n    at /home/felipe/.vscode/extensions/uqbar.wollok-lsp-ide-0.3.6/out/server/src/server.js:38:6067\n    at yh (/home/felipe/.vscode/extensions/uqbar.wollok-lsp-ide-0.3.6/out/server/src/server.js:2291:42)\n    at kh (/home/felipe/.vscode/extensions/uqbar.wollok-lsp-ide-0.3.6/out/server/src/server.js:2291:1004)\n    at Y5n (/home/felipe/.vscode/extensions/uqbar.wollok-lsp-ide-0.3.6/out/server/src/server.js:2291:1160)\n    at /home/felipe/.vscode/extensions/uqbar.wollok-lsp-ide-0.3.6/out/server/src/server.js:38:6056\n    at yh (/home/felipe/.vscode/extensions/uqbar.wollok-lsp-ide-0.3.6/out/server/src/server.js:2291:42)\n    at /home/felipe/.vscode/extensions/uqbar.wollok-lsp-ide-0.3.6/out/server/src/server.js:2291:2700\n    at /home/felipe/.vscode/extensions/uqbar.wollok-lsp-ide-0.3.6/out/server/src/server.js:2298:3774\n    at /home/felipe/.vscode/extensions/uqbar.wollok-lsp-ide-0.3.6/out/server/src/server.js:37:74872\n    at Fe (/home/felipe/.vscode/extensions/uqbar.wollok-lsp-ide-0.3.6/out/server/src/server.js:7:8527)","timestamp":"2024-10-14T23:19:42.968Z"}
{"level":"error","message":"✘ Completions for node failed: Error: [Send]{c20951} at testGranja.wtest:16 exhausted all cases without a match [Send]{c20951} at testGranja.wtest:16 exhausted all cases without a match","stack":"Error: [Send]{c20951} at testGranja.wtest:16 exhausted all cases without a match\n    at /home/felipe/.vscode/extensions/uqbar.wollok-lsp-ide-0.3.6/out/server/src/server.js:38:6067\n    at yh (/home/felipe/.vscode/extensions/uqbar.wollok-lsp-ide-0.3.6/out/server/src/server.js:2291:42)\n    at kh (/home/felipe/.vscode/extensions/uqbar.wollok-lsp-ide-0.3.6/out/server/src/server.js:2291:1004)\n    at yh (/home/felipe/.vscode/extensions/uqbar.wollok-lsp-ide-0.3.6/out/server/src/server.js:2291:456)\n    at kh (/home/felipe/.vscode/extensions/uqbar.wollok-lsp-ide-0.3.6/out/server/src/server.js:2291:1004)\n    at Y5n (/home/felipe/.vscode/extensions/uqbar.wollok-lsp-ide-0.3.6/out/server/src/server.js:2291:1160)\n    at /home/felipe/.vscode/extensions/uqbar.wollok-lsp-ide-0.3.6/out/server/src/server.js:38:6056\n    at yh (/home/felipe/.vscode/extensions/uqbar.wollok-lsp-ide-0.3.6/out/server/src/server.js:2291:42)\n    at /home/felipe/.vscode/extensions/uqbar.wollok-lsp-ide-0.3.6/out/server/src/server.js:2291:2700\n    at /home/felipe/.vscode/extensions/uqbar.wollok-lsp-ide-0.3.6/out/server/src/server.js:2298:3774","timestamp":"2024-10-14T23:19:42.969Z"}
{"level":"info","message":"⌛ Building environment","timeElapsed":158,"timestamp":"2024-10-14T23:19:43.133Z"}
{"level":"info","message":"⌛ Validating testGranja.wtest","timeElapsed":276,"timestamp":"2024-10-14T23:19:43.410Z"}
{"level":"info","message":"⌛ Validating testGranja.wtest","timeElapsed":227,"timestamp":"2024-10-14T23:19:43.639Z"}
{"level":"info","message":"onRequest - completionItem/resolve","timestamp":"2024-10-14T23:19:43.649Z"}
{"level":"info","message":"⌛ Building environment","timeElapsed":134,"timestamp":"2024-10-14T23:19:43.783Z"}
{"level":"info","message":"onRequest - completionItem/resolve","timestamp":"2024-10-14T23:19:43.784Z"}
{"level":"info","message":"⌛ Validating testGranja.wtest","timeElapsed":202,"timestamp":"2024-10-14T23:19:43.986Z"}
{"level":"info","message":"⌛ Building environment","timeElapsed":141,"timestamp":"2024-10-14T23:19:44.127Z"}
{"level":"info","message":"onRequest - completionItem/resolve","timestamp":"2024-10-14T23:19:44.128Z"}
{"level":"info","message":"⌛ Building environment","timeElapsed":139,"timestamp":"2024-10-14T23:19:44.267Z"}
{"level":"info","message":"onRequest - completionItem/resolve","timestamp":"2024-10-14T23:19:44.268Z"}
{"level":"info","message":"⌛ Building environment","timeElapsed":164,"timestamp":"2024-10-14T23:19:44.432Z"}
{"level":"info","message":"onRequest - completionItem/resolve","timestamp":"2024-10-14T23:19:44.437Z"}
{"level":"info","message":"⌛ Building environment","timeElapsed":126,"timestamp":"2024-10-14T23:19:44.563Z"}
{"level":"info","message":"onRequest - completionItem/resolve","timestamp":"2024-10-14T23:19:44.564Z"}
{"level":"info","message":"⌛ Validating testGranja.wtest","timeElapsed":218,"timestamp":"2024-10-14T23:19:44.782Z"}
{"level":"info","message":"⌛ Validating testGranja.wtest","timeElapsed":200,"timestamp":"2024-10-14T23:19:44.991Z"}
{"level":"info","message":"⌛ Validating testGranja.wtest","timeElapsed":200,"timestamp":"2024-10-14T23:19:45.192Z"}
{"level":"info","message":"⌛ Validating testGranja.wtest","timeElapsed":201,"timestamp":"2024-10-14T23:19:45.394Z"}
{"level":"info","message":"⌛ Validating testGranja.wtest","timeElapsed":212,"timestamp":"2024-10-14T23:19:45.608Z"}
{"level":"info","message":"⌛ Building environment","timeElapsed":140,"timestamp":"2024-10-14T23:19:45.748Z"}
{"level":"info","message":"⌛ Validating testGranja.wtest","timeElapsed":206,"timestamp":"2024-10-14T23:19:45.965Z"}
{"level":"info","message":"⌛ Building environment","timeElapsed":164,"timestamp":"2024-10-14T23:19:56.695Z"}
{"level":"info","message":"⌛ Validating testGranja.wtest","timeElapsed":193,"timestamp":"2024-10-14T23:19:56.890Z"}
{"level":"info","message":"⌛ Building environment","timeElapsed":210,"timestamp":"2024-10-14T23:20:27.242Z"}
{"level":"info","message":"⌛ Validating testGranja.wtest","timeElapsed":251,"timestamp":"2024-10-14T23:20:27.501Z"}
{"level":"info","message":"⌛ Building environment","timeElapsed":159,"timestamp":"2024-10-14T23:20:28.225Z"}
{"level":"info","message":"⌛ Validating testGranja.wtest","timeElapsed":226,"timestamp":"2024-10-14T23:20:28.453Z"}
{"level":"info","message":"⌛ Building environment","timeElapsed":196,"timestamp":"2024-10-14T23:20:29.509Z"}
{"level":"info","message":"⌛ Validating testGranja.wtest","timeElapsed":237,"timestamp":"2024-10-14T23:20:29.749Z"}
{"level":"info","message":"⌛ Building environment","timeElapsed":277,"timestamp":"2024-10-14T23:20:32.194Z"}
{"level":"info","message":"⌛ Validating cultivos.wlk","timeElapsed":272,"timestamp":"2024-10-14T23:20:32.604Z"}
{"level":"info","message":"⌛ Building environment","timeElapsed":207,"timestamp":"2024-10-14T23:20:42.515Z"}
{"level":"info","message":"⌛ Building environment","timeElapsed":132,"timestamp":"2024-10-14T23:20:42.647Z"}
{"level":"info","message":"⌛ Validating testGranja.wtest","timeElapsed":243,"timestamp":"2024-10-14T23:20:42.892Z"}
{"level":"info","message":"⌛ Validating testGranja.wtest","timeElapsed":194,"timestamp":"2024-10-14T23:20:43.095Z"}
{"level":"info","message":"⌛ Building environment","timeElapsed":151,"timestamp":"2024-10-14T23:20:45.859Z"}
{"level":"info","message":"⌛ Validating testGranja.wtest","timeElapsed":200,"timestamp":"2024-10-14T23:20:46.061Z"}
{"level":"info","message":"⌛ Building environment","timeElapsed":170,"timestamp":"2024-10-14T23:20:46.379Z"}
{"level":"info","message":"⌛ Validating testGranja.wtest","timeElapsed":244,"timestamp":"2024-10-14T23:20:46.625Z"}
{"level":"info","message":"⌛ Building environment","timeElapsed":129,"timestamp":"2024-10-14T23:20:46.763Z"}
{"level":"info","message":"⌛ Validating testGranja.wtest","timeElapsed":235,"timestamp":"2024-10-14T23:20:47.001Z"}
{"level":"info","message":"⌛ Building environment","timeElapsed":154,"timestamp":"2024-10-14T23:20:48.684Z"}
{"level":"info","message":"⌛ Validating testGranja.wtest","timeElapsed":207,"timestamp":"2024-10-14T23:20:48.893Z"}
{"level":"info","message":"⌛ Building environment","timeElapsed":145,"timestamp":"2024-10-14T23:20:49.138Z"}
{"level":"info","message":"⌛ Validating testGranja.wtest","timeElapsed":277,"timestamp":"2024-10-14T23:20:49.417Z"}
{"level":"info","message":"⌛ Building environment","timeElapsed":135,"timestamp":"2024-10-14T23:20:51.689Z"}
{"level":"info","message":"⌛ Validating testGranja.wtest","timeElapsed":218,"timestamp":"2024-10-14T23:20:51.942Z"}
{"level":"info","message":"onRequest - completionItem/resolve","timestamp":"2024-10-14T23:20:51.943Z"}
{"level":"info","message":"⌛ Building environment","timeElapsed":139,"timestamp":"2024-10-14T23:20:52.083Z"}
{"level":"info","message":"onRequest - completionItem/resolve","timestamp":"2024-10-14T23:20:52.089Z"}
{"level":"info","message":"⌛ Building environment","timeElapsed":139,"timestamp":"2024-10-14T23:20:52.238Z"}
{"level":"info","message":"onRequest - completionItem/resolve","timestamp":"2024-10-14T23:20:52.238Z"}
{"level":"info","message":"⌛ Validating testGranja.wtest","timeElapsed":232,"timestamp":"2024-10-14T23:20:52.470Z"}
{"level":"info","message":"⌛ Validating testGranja.wtest","timeElapsed":200,"timestamp":"2024-10-14T23:20:52.671Z"}
{"level":"info","message":"⌛ Building environment","timeElapsed":127,"timestamp":"2024-10-14T23:20:52.798Z"}
{"level":"info","message":"onRequest - completionItem/resolve","timestamp":"2024-10-14T23:20:52.799Z"}
{"level":"info","message":"⌛ Validating testGranja.wtest","timeElapsed":216,"timestamp":"2024-10-14T23:20:53.023Z"}
{"level":"info","message":"⌛ Building environment","timeElapsed":188,"timestamp":"2024-10-14T23:20:59.408Z"}
{"level":"info","message":"⌛ Validating testGranja.wtest","timeElapsed":226,"timestamp":"2024-10-14T23:20:59.673Z"}
{"level":"info","message":"onRequest - completionItem/resolve","timestamp":"2024-10-14T23:20:59.674Z"}
{"level":"info","message":"⌛ Building environment","timeElapsed":142,"timestamp":"2024-10-14T23:20:59.816Z"}
{"level":"info","message":"onRequest - completionItem/resolve","timestamp":"2024-10-14T23:20:59.817Z"}
{"level":"info","message":"⌛ Validating testGranja.wtest","timeElapsed":239,"timestamp":"2024-10-14T23:21:00.058Z"}
{"level":"info","message":"⌛ Building environment","timeElapsed":133,"timestamp":"2024-10-14T23:21:00.202Z"}
{"level":"info","message":"⌛ Validating testGranja.wtest","timeElapsed":208,"timestamp":"2024-10-14T23:21:00.451Z"}
{"level":"info","message":"⌛ Building environment","timeElapsed":174,"timestamp":"2024-10-14T23:21:01.295Z"}
{"level":"info","message":"⌛ Building environment","timeElapsed":224,"timestamp":"2024-10-14T23:21:01.564Z"}
{"level":"info","message":"⌛ Validating testGranja.wtest","timeElapsed":190,"timestamp":"2024-10-14T23:21:01.759Z"}
{"level":"info","message":"⌛ Building environment","timeElapsed":130,"timestamp":"2024-10-14T23:21:01.889Z"}
{"level":"info","message":"⌛ Validating testGranja.wtest","timeElapsed":189,"timestamp":"2024-10-14T23:21:02.084Z"}
{"level":"info","message":"⌛ Validating testGranja.wtest","timeElapsed":234,"timestamp":"2024-10-14T23:21:02.331Z"}
{"level":"info","message":"⌛ Building environment","timeElapsed":180,"timestamp":"2024-10-14T23:21:02.512Z"}
{"level":"info","message":"⌛ Validating testGranja.wtest","timeElapsed":229,"timestamp":"2024-10-14T23:21:02.804Z"}
{"failures":[],"level":"info","message":"🧪 Test runner executed on /home/felipe/Documents/Universidad/Proramacion_Con_Objetos_1/2024s2-granja-villa-FeliQI-main/2024s2-granja-villa-FeliQI-5","result":{"failed":0,"ok":1},"timeElapsed":1123,"timestamp":"2024-10-14T23:21:10.015Z"}
{"level":"info","message":"⌛ Building environment","timeElapsed":281,"timestamp":"2024-10-14T23:21:21.232Z"}
{"level":"info","message":"⌛ Building environment","timeElapsed":160,"timestamp":"2024-10-14T23:21:21.393Z"}
{"level":"info","message":"⌛ Validating hector.wlk","timeElapsed":209,"timestamp":"2024-10-14T23:21:21.603Z"}
{"level":"info","message":"⌛ Validating testGranja.wtest","timeElapsed":211,"timestamp":"2024-10-14T23:21:21.822Z"}
{"level":"info","message":"⌛ Building environment","timeElapsed":153,"timestamp":"2024-10-14T23:21:25.086Z"}
{"level":"info","message":"⌛ Validating testGranja.wtest","timeElapsed":215,"timestamp":"2024-10-14T23:21:25.302Z"}
{"level":"info","message":"⌛ Building environment","timeElapsed":163,"timestamp":"2024-10-14T23:21:29.281Z"}
{"level":"info","message":"⌛ Validating testGranja.wtest","timeElapsed":204,"timestamp":"2024-10-14T23:21:29.490Z"}
{"level":"info","message":"⌛ Building environment","timeElapsed":126,"timestamp":"2024-10-14T23:21:30.046Z"}
{"level":"info","message":"⌛ Validating testGranja.wtest","timeElapsed":215,"timestamp":"2024-10-14T23:21:30.263Z"}
{"level":"info","message":"⌛ Building environment","timeElapsed":147,"timestamp":"2024-10-14T23:21:30.422Z"}
{"level":"info","message":"⌛ Validating testGranja.wtest","timeElapsed":218,"timestamp":"2024-10-14T23:21:30.647Z"}
{"level":"info","message":"⌛ Building environment","timeElapsed":128,"timestamp":"2024-10-14T23:21:30.776Z"}
{"level":"info","message":"⌛ Validating testGranja.wtest","timeElapsed":198,"timestamp":"2024-10-14T23:21:30.983Z"}
{"level":"info","message":"⌛ Building environment","timeElapsed":153,"timestamp":"2024-10-14T23:21:34.231Z"}
{"level":"info","message":"⌛ Building environment","timeElapsed":137,"timestamp":"2024-10-14T23:21:34.368Z"}
{"level":"info","message":"⌛ Validating testGranja.wtest","timeElapsed":203,"timestamp":"2024-10-14T23:21:34.577Z"}
{"level":"info","message":"⌛ Building environment","timeElapsed":138,"timestamp":"2024-10-14T23:21:34.716Z"}
{"level":"info","message":"⌛ Validating testGranja.wtest","timeElapsed":208,"timestamp":"2024-10-14T23:21:34.929Z"}
{"level":"info","message":"⌛ Building environment","timeElapsed":125,"timestamp":"2024-10-14T23:21:35.054Z"}
{"level":"info","message":"⌛ Building environment","timeElapsed":126,"timestamp":"2024-10-14T23:21:35.188Z"}
{"level":"info","message":"⌛ Validating testGranja.wtest","timeElapsed":208,"timestamp":"2024-10-14T23:21:35.396Z"}
{"level":"info","message":"⌛ Building environment","timeElapsed":210,"timestamp":"2024-10-14T23:21:35.608Z"}
{"level":"info","message":"⌛ Validating testGranja.wtest","timeElapsed":311,"timestamp":"2024-10-14T23:21:35.928Z"}
{"level":"info","message":"⌛ Validating testGranja.wtest","timeElapsed":242,"timestamp":"2024-10-14T23:21:36.172Z"}
{"level":"info","message":"⌛ Building environment","timeElapsed":147,"timestamp":"2024-10-14T23:21:36.319Z"}
{"level":"info","message":"⌛ Validating testGranja.wtest","timeElapsed":207,"timestamp":"2024-10-14T23:21:36.532Z"}
{"level":"info","message":"⌛ Building environment","timeElapsed":120,"timestamp":"2024-10-14T23:21:36.653Z"}
{"level":"info","message":"⌛ Building environment","timeElapsed":143,"timestamp":"2024-10-14T23:21:36.803Z"}
{"level":"info","message":"⌛ Building environment","timeElapsed":124,"timestamp":"2024-10-14T23:21:36.928Z"}
{"level":"info","message":"⌛ Validating testGranja.wtest","timeElapsed":190,"timestamp":"2024-10-14T23:21:37.125Z"}
{"level":"info","message":"⌛ Validating testGranja.wtest","timeElapsed":197,"timestamp":"2024-10-14T23:21:37.323Z"}
{"level":"info","message":"⌛ Validating testGranja.wtest","timeElapsed":181,"timestamp":"2024-10-14T23:21:37.505Z"}
{"level":"info","message":"⌛ Validating testGranja.wtest","timeElapsed":175,"timestamp":"2024-10-14T23:21:37.680Z"}
{"level":"info","message":"⌛ Building environment","timeElapsed":142,"timestamp":"2024-10-14T23:21:41.750Z"}
{"level":"info","message":"⌛ Validating testGranja.wtest","timeElapsed":192,"timestamp":"2024-10-14T23:21:41.943Z"}
{"level":"info","message":"⌛ Building environment","timeElapsed":168,"timestamp":"2024-10-14T23:21:47.567Z"}
{"level":"info","message":"⌛ Validating testGranja.wtest","timeElapsed":202,"timestamp":"2024-10-14T23:21:47.770Z"}
{"level":"info","message":"⌛ Building environment","timeElapsed":136,"timestamp":"2024-10-14T23:21:50.815Z"}
{"level":"info","message":"⌛ Validating testGranja.wtest","timeElapsed":202,"timestamp":"2024-10-14T23:21:51.019Z"}
{"level":"info","message":"⌛ Building environment","timeElapsed":188,"timestamp":"2024-10-14T23:21:51.208Z"}
{"level":"info","message":"⌛ Building environment","timeElapsed":124,"timestamp":"2024-10-14T23:21:51.333Z"}
{"level":"info","message":"⌛ Building environment","timeElapsed":134,"timestamp":"2024-10-14T23:21:51.467Z"}
{"level":"info","message":"⌛ Validating testGranja.wtest","timeElapsed":184,"timestamp":"2024-10-14T23:21:51.652Z"}
{"level":"info","message":"⌛ Validating testGranja.wtest","timeElapsed":194,"timestamp":"2024-10-14T23:21:51.846Z"}
{"level":"info","message":"⌛ Validating testGranja.wtest","timeElapsed":185,"timestamp":"2024-10-14T23:21:52.038Z"}
{"level":"info","message":"⌛ Building environment","timeElapsed":130,"timestamp":"2024-10-14T23:21:52.265Z"}
{"level":"info","message":"⌛ Validating testGranja.wtest","timeElapsed":199,"timestamp":"2024-10-14T23:21:52.466Z"}
{"level":"info","message":"⌛ Building environment","timeElapsed":132,"timestamp":"2024-10-14T23:21:53.325Z"}
{"level":"info","message":"⌛ Building environment","timeElapsed":140,"timestamp":"2024-10-14T23:21:53.466Z"}
{"level":"info","message":"⌛ Validating testGranja.wtest","timeElapsed":221,"timestamp":"2024-10-14T23:21:53.689Z"}
{"level":"info","message":"⌛ Building environment","timeElapsed":127,"timestamp":"2024-10-14T23:21:53.816Z"}
{"level":"info","message":"⌛ Validating testGranja.wtest","timeElapsed":200,"timestamp":"2024-10-14T23:21:54.017Z"}
{"level":"info","message":"⌛ Building environment","timeElapsed":242,"timestamp":"2024-10-14T23:21:54.261Z"}
{"level":"info","message":"⌛ Validating testGranja.wtest","timeElapsed":253,"timestamp":"2024-10-14T23:21:54.525Z"}
{"level":"info","message":"⌛ Validating testGranja.wtest","timeElapsed":217,"timestamp":"2024-10-14T23:21:54.750Z"}
{"level":"info","message":"⌛ Building environment","timeElapsed":149,"timestamp":"2024-10-14T23:21:55.835Z"}
{"level":"info","message":"⌛ Validating testGranja.wtest","timeElapsed":304,"timestamp":"2024-10-14T23:21:56.176Z"}
{"level":"info","message":"onRequest - completionItem/resolve","timestamp":"2024-10-14T23:21:56.176Z"}
{"level":"info","message":"⌛ Building environment","timeElapsed":132,"timestamp":"2024-10-14T23:21:56.310Z"}
{"level":"info","message":"onRequest - completionItem/resolve","timestamp":"2024-10-14T23:21:56.310Z"}
{"level":"info","message":"⌛ Building environment","timeElapsed":141,"timestamp":"2024-10-14T23:21:56.451Z"}
{"level":"info","message":"onRequest - completionItem/resolve","timestamp":"2024-10-14T23:21:56.452Z"}
{"level":"info","message":"⌛ Validating testGranja.wtest","timeElapsed":204,"timestamp":"2024-10-14T23:21:56.656Z"}
{"level":"info","message":"⌛ Building environment","timeElapsed":163,"timestamp":"2024-10-14T23:21:56.820Z"}
{"level":"info","message":"onRequest - completionItem/resolve","timestamp":"2024-10-14T23:21:56.821Z"}
{"level":"info","message":"⌛ Validating testGranja.wtest","timeElapsed":271,"timestamp":"2024-10-14T23:21:57.092Z"}
{"level":"info","message":"⌛ Validating testGranja.wtest","timeElapsed":213,"timestamp":"2024-10-14T23:21:57.313Z"}
{"failures":[],"level":"info","message":"🧪 Test runner executed on /home/felipe/Documents/Universidad/Proramacion_Con_Objetos_1/2024s2-granja-villa-FeliQI-main/2024s2-granja-villa-FeliQI-5","result":{"failed":0,"ok":1},"timeElapsed":882,"timestamp":"2024-10-14T23:22:00.764Z"}
{"level":"info","message":"⌛ Building environment","timeElapsed":200,"timestamp":"2024-10-14T23:22:04.877Z"}
{"level":"info","message":"⌛ Building environment","timeElapsed":148,"timestamp":"2024-10-14T23:22:05.026Z"}
{"level":"info","message":"⌛ Validating testGranja.wtest","timeElapsed":201,"timestamp":"2024-10-14T23:22:05.232Z"}
{"level":"info","message":"⌛ Validating testGranja.wtest","timeElapsed":211,"timestamp":"2024-10-14T23:22:05.450Z"}
{"level":"info","message":"⌛ Building environment","timeElapsed":310,"timestamp":"2024-10-14T23:22:37.025Z"}
{"level":"info","message":"⌛ Validating hector.wlk","timeElapsed":323,"timestamp":"2024-10-14T23:22:37.438Z"}
{"level":"info","message":"⌛ Building environment","timeElapsed":200,"timestamp":"2024-10-14T23:22:52.361Z"}
{"level":"info","message":"⌛ Building environment","timeElapsed":148,"timestamp":"2024-10-14T23:22:52.548Z"}
{"level":"info","message":"⌛ Validating testGranja.wtest","timeElapsed":266,"timestamp":"2024-10-14T23:22:52.815Z"}
{"level":"info","message":"⌛ Building environment","timeElapsed":154,"timestamp":"2024-10-14T23:22:52.970Z"}
{"level":"info","message":"onRequest - completionItem/resolve","timestamp":"2024-10-14T23:22:52.977Z"}
{"level":"error","message":"✘ Failed to rebuild document Failed to parse testGranja.wtest: \n-- PARSING FAILED --------------------------------------------------\n\n  22 |   test\n  23 | \n> 24 | }\n     | ^\n\nExpected one of the following: \n\nstring literal, whitespace\n","stack":"Error: Failed to parse testGranja.wtest: \n-- PARSING FAILED --------------------------------------------------\n\n  22 |   test\n  23 | \n> 24 | }\n     | ^\n\nExpected one of the following: \n\nstring literal, whitespace\n\n    at /home/felipe/.vscode/extensions/uqbar.wollok-lsp-ide-0.3.6/out/server/src/server.js:2254:32415\n    at Array.map (<anonymous>)\n    at Jfn (/home/felipe/.vscode/extensions/uqbar.wollok-lsp-ide-0.3.6/out/server/src/server.js:2254:32339)\n    at k2.buildEnvironmentFrom (/home/felipe/.vscode/extensions/uqbar.wollok-lsp-ide-0.3.6/out/server/src/server.js:2285:6721)\n    at k2.updateEnvironmentWith (/home/felipe/.vscode/extensions/uqbar.wollok-lsp-ide-0.3.6/out/server/src/server.js:2285:6456)\n    at jL (/home/felipe/.vscode/extensions/uqbar.wollok-lsp-ide-0.3.6/out/server/src/server.js:2298:2292)\n    at v3.invoke (/home/felipe/.vscode/extensions/uqbar.wollok-lsp-ide-0.3.6/out/server/src/server.js:3:157200)\n    at o.fire (/home/felipe/.vscode/extensions/uqbar.wollok-lsp-ide-0.3.6/out/server/src/server.js:3:157970)\n    at /home/felipe/.vscode/extensions/uqbar.wollok-lsp-ide-0.3.6/out/server/src/server.js:37:57871\n    at Vr (/home/felipe/.vscode/extensions/uqbar.wollok-lsp-ide-0.3.6/out/server/src/server.js:8:1561)","timestamp":"2024-10-14T23:22:52.992Z"}
{"level":"info","message":"onRequest - completionItem/resolve","timestamp":"2024-10-14T23:22:52.993Z"}
{"level":"info","message":"⌛ Validating testGranja.wtest","timeElapsed":220,"timestamp":"2024-10-14T23:22:53.213Z"}
{"level":"info","message":"⌛ Validating testGranja.wtest","timeElapsed":217,"timestamp":"2024-10-14T23:22:53.437Z"}
{"level":"error","message":"✘ Failed to rebuild document Failed to parse testGranja.wtest: \n-- PARSING FAILED --------------------------------------------------\n\n  22 |   test \n  23 | \n> 24 | }\n     | ^\n\nExpected one of the following: \n\nstring literal, whitespace\n","stack":"Error: Failed to parse testGranja.wtest: \n-- PARSING FAILED --------------------------------------------------\n\n  22 |   test \n  23 | \n> 24 | }\n     | ^\n\nExpected one of the following: \n\nstring literal, whitespace\n\n    at /home/felipe/.vscode/extensions/uqbar.wollok-lsp-ide-0.3.6/out/server/src/server.js:2254:32415\n    at Array.map (<anonymous>)\n    at Jfn (/home/felipe/.vscode/extensions/uqbar.wollok-lsp-ide-0.3.6/out/server/src/server.js:2254:32339)\n    at k2.buildEnvironmentFrom (/home/felipe/.vscode/extensions/uqbar.wollok-lsp-ide-0.3.6/out/server/src/server.js:2285:6721)\n    at k2.updateEnvironmentWith (/home/felipe/.vscode/extensions/uqbar.wollok-lsp-ide-0.3.6/out/server/src/server.js:2285:6456)\n    at jL (/home/felipe/.vscode/extensions/uqbar.wollok-lsp-ide-0.3.6/out/server/src/server.js:2298:2292)\n    at v3.invoke (/home/felipe/.vscode/extensions/uqbar.wollok-lsp-ide-0.3.6/out/server/src/server.js:3:157200)\n    at o.fire (/home/felipe/.vscode/extensions/uqbar.wollok-lsp-ide-0.3.6/out/server/src/server.js:3:157970)\n    at /home/felipe/.vscode/extensions/uqbar.wollok-lsp-ide-0.3.6/out/server/src/server.js:37:57871\n    at Vr (/home/felipe/.vscode/extensions/uqbar.wollok-lsp-ide-0.3.6/out/server/src/server.js:8:1561)","timestamp":"2024-10-14T23:22:53.474Z"}
{"level":"error","message":"✘ Failed to rebuild document Failed to parse testGranja.wtest: \n-- PARSING FAILED --------------------------------------------------\n\n  20 |   }\n  21 | \n> 22 |   test s\n     |        ^\n  23 | \n  24 | }\n\nExpected one of the following: \n\nstring literal, whitespace\n","stack":"Error: Failed to parse testGranja.wtest: \n-- PARSING FAILED --------------------------------------------------\n\n  20 |   }\n  21 | \n> 22 |   test s\n     |        ^\n  23 | \n  24 | }\n\nExpected one of the following: \n\nstring literal, whitespace\n\n    at /home/felipe/.vscode/extensions/uqbar.wollok-lsp-ide-0.3.6/out/server/src/server.js:2254:32415\n    at Array.map (<anonymous>)\n    at Jfn (/home/felipe/.vscode/extensions/uqbar.wollok-lsp-ide-0.3.6/out/server/src/server.js:2254:32339)\n    at k2.buildEnvironmentFrom (/home/felipe/.vscode/extensions/uqbar.wollok-lsp-ide-0.3.6/out/server/src/server.js:2285:6721)\n    at k2.updateEnvironmentWith (/home/felipe/.vscode/extensions/uqbar.wollok-lsp-ide-0.3.6/out/server/src/server.js:2285:6456)\n    at jL (/home/felipe/.vscode/extensions/uqbar.wollok-lsp-ide-0.3.6/out/server/src/server.js:2298:2292)\n    at v3.invoke (/home/felipe/.vscode/extensions/uqbar.wollok-lsp-ide-0.3.6/out/server/src/server.js:3:157200)\n    at o.fire (/home/felipe/.vscode/extensions/uqbar.wollok-lsp-ide-0.3.6/out/server/src/server.js:3:157970)\n    at /home/felipe/.vscode/extensions/uqbar.wollok-lsp-ide-0.3.6/out/server/src/server.js:37:57871\n    at Vr (/home/felipe/.vscode/extensions/uqbar.wollok-lsp-ide-0.3.6/out/server/src/server.js:8:1561)","timestamp":"2024-10-14T23:22:53.502Z"}
{"level":"error","message":"✘ Failed to rebuild document Failed to parse testGranja.wtest: \n-- PARSING FAILED --------------------------------------------------\n\n  20 |   }\n  21 | \n> 22 |   test se\n     |        ^\n  23 | \n  24 | }\n\nExpected one of the following: \n\nstring literal, whitespace\n","stack":"Error: Failed to parse testGranja.wtest: \n-- PARSING FAILED --------------------------------------------------\n\n  20 |   }\n  21 | \n> 22 |   test se\n     |        ^\n  23 | \n  24 | }\n\nExpected one of the following: \n\nstring literal, whitespace\n\n    at /home/felipe/.vscode/extensions/uqbar.wollok-lsp-ide-0.3.6/out/server/src/server.js:2254:32415\n    at Array.map (<anonymous>)\n    at Jfn (/home/felipe/.vscode/extensions/uqbar.wollok-lsp-ide-0.3.6/out/server/src/server.js:2254:32339)\n    at k2.buildEnvironmentFrom (/home/felipe/.vscode/extensions/uqbar.wollok-lsp-ide-0.3.6/out/server/src/server.js:2285:6721)\n    at k2.updateEnvironmentWith (/home/felipe/.vscode/extensions/uqbar.wollok-lsp-ide-0.3.6/out/server/src/server.js:2285:6456)\n    at jL (/home/felipe/.vscode/extensions/uqbar.wollok-lsp-ide-0.3.6/out/server/src/server.js:2298:2292)\n    at v3.invoke (/home/felipe/.vscode/extensions/uqbar.wollok-lsp-ide-0.3.6/out/server/src/server.js:3:157200)\n    at o.fire (/home/felipe/.vscode/extensions/uqbar.wollok-lsp-ide-0.3.6/out/server/src/server.js:3:157970)\n    at /home/felipe/.vscode/extensions/uqbar.wollok-lsp-ide-0.3.6/out/server/src/server.js:37:57871\n    at Vr (/home/felipe/.vscode/extensions/uqbar.wollok-lsp-ide-0.3.6/out/server/src/server.js:8:1561)","timestamp":"2024-10-14T23:22:53.603Z"}
{"level":"error","message":"✘ Failed to rebuild document Failed to parse testGranja.wtest: \n-- PARSING FAILED --------------------------------------------------\n\n  20 |   }\n  21 | \n> 22 |   test sem\n     |        ^\n  23 | \n  24 | }\n\nExpected one of the following: \n\nstring literal, whitespace\n","stack":"Error: Failed to parse testGranja.wtest: \n-- PARSING FAILED --------------------------------------------------\n\n  20 |   }\n  21 | \n> 22 |   test sem\n     |        ^\n  23 | \n  24 | }\n\nExpected one of the following: \n\nstring literal, whitespace\n\n    at /home/felipe/.vscode/extensions/uqbar.wollok-lsp-ide-0.3.6/out/server/src/server.js:2254:32415\n    at Array.map (<anonymous>)\n    at Jfn (/home/felipe/.vscode/extensions/uqbar.wollok-lsp-ide-0.3.6/out/server/src/server.js:2254:32339)\n    at k2.buildEnvironmentFrom (/home/felipe/.vscode/extensions/uqbar.wollok-lsp-ide-0.3.6/out/server/src/server.js:2285:6721)\n    at k2.updateEnvironmentWith (/home/felipe/.vscode/extensions/uqbar.wollok-lsp-ide-0.3.6/out/server/src/server.js:2285:6456)\n    at jL (/home/felipe/.vscode/extensions/uqbar.wollok-lsp-ide-0.3.6/out/server/src/server.js:2298:2292)\n    at v3.invoke (/home/felipe/.vscode/extensions/uqbar.wollok-lsp-ide-0.3.6/out/server/src/server.js:3:157200)\n    at o.fire (/home/felipe/.vscode/extensions/uqbar.wollok-lsp-ide-0.3.6/out/server/src/server.js:3:157970)\n    at /home/felipe/.vscode/extensions/uqbar.wollok-lsp-ide-0.3.6/out/server/src/server.js:37:57871\n    at Vr (/home/felipe/.vscode/extensions/uqbar.wollok-lsp-ide-0.3.6/out/server/src/server.js:8:1561)","timestamp":"2024-10-14T23:22:53.750Z"}
{"level":"error","message":"✘ Failed to rebuild document Failed to parse testGranja.wtest: \n-- PARSING FAILED --------------------------------------------------\n\n  20 |   }\n  21 | \n> 22 |   test semn\n     |        ^\n  23 | \n  24 | }\n\nExpected one of the following: \n\nstring literal, whitespace\n","stack":"Error: Failed to parse testGranja.wtest: \n-- PARSING FAILED --------------------------------------------------\n\n  20 |   }\n  21 | \n> 22 |   test semn\n     |        ^\n  23 | \n  24 | }\n\nExpected one of the following: \n\nstring literal, whitespace\n\n    at /home/felipe/.vscode/extensions/uqbar.wollok-lsp-ide-0.3.6/out/server/src/server.js:2254:32415\n    at Array.map (<anonymous>)\n    at Jfn (/home/felipe/.vscode/extensions/uqbar.wollok-lsp-ide-0.3.6/out/server/src/server.js:2254:32339)\n    at k2.buildEnvironmentFrom (/home/felipe/.vscode/extensions/uqbar.wollok-lsp-ide-0.3.6/out/server/src/server.js:2285:6721)\n    at k2.updateEnvironmentWith (/home/felipe/.vscode/extensions/uqbar.wollok-lsp-ide-0.3.6/out/server/src/server.js:2285:6456)\n    at jL (/home/felipe/.vscode/extensions/uqbar.wollok-lsp-ide-0.3.6/out/server/src/server.js:2298:2292)\n    at v3.invoke (/home/felipe/.vscode/extensions/uqbar.wollok-lsp-ide-0.3.6/out/server/src/server.js:3:157200)\n    at o.fire (/home/felipe/.vscode/extensions/uqbar.wollok-lsp-ide-0.3.6/out/server/src/server.js:3:157970)\n    at /home/felipe/.vscode/extensions/uqbar.wollok-lsp-ide-0.3.6/out/server/src/server.js:37:57871\n    at Vr (/home/felipe/.vscode/extensions/uqbar.wollok-lsp-ide-0.3.6/out/server/src/server.js:8:1561)","timestamp":"2024-10-14T23:22:53.964Z"}
{"level":"error","message":"✘ Failed to rebuild document Failed to parse testGranja.wtest: \n-- PARSING FAILED --------------------------------------------------\n\n  20 |   }\n  21 | \n> 22 |   test sem\n     |        ^\n  23 | \n  24 | }\n\nExpected one of the following: \n\nstring literal, whitespace\n","stack":"Error: Failed to parse testGranja.wtest: \n-- PARSING FAILED --------------------------------------------------\n\n  20 |   }\n  21 | \n> 22 |   test sem\n     |        ^\n  23 | \n  24 | }\n\nExpected one of the following: \n\nstring literal, whitespace\n\n    at /home/felipe/.vscode/extensions/uqbar.wollok-lsp-ide-0.3.6/out/server/src/server.js:2254:32415\n    at Array.map (<anonymous>)\n    at Jfn (/home/felipe/.vscode/extensions/uqbar.wollok-lsp-ide-0.3.6/out/server/src/server.js:2254:32339)\n    at k2.buildEnvironmentFrom (/home/felipe/.vscode/extensions/uqbar.wollok-lsp-ide-0.3.6/out/server/src/server.js:2285:6721)\n    at k2.updateEnvironmentWith (/home/felipe/.vscode/extensions/uqbar.wollok-lsp-ide-0.3.6/out/server/src/server.js:2285:6456)\n    at jL (/home/felipe/.vscode/extensions/uqbar.wollok-lsp-ide-0.3.6/out/server/src/server.js:2298:2292)\n    at v3.invoke (/home/felipe/.vscode/extensions/uqbar.wollok-lsp-ide-0.3.6/out/server/src/server.js:3:157200)\n    at o.fire (/home/felipe/.vscode/extensions/uqbar.wollok-lsp-ide-0.3.6/out/server/src/server.js:3:157970)\n    at /home/felipe/.vscode/extensions/uqbar.wollok-lsp-ide-0.3.6/out/server/src/server.js:37:57871\n    at Vr (/home/felipe/.vscode/extensions/uqbar.wollok-lsp-ide-0.3.6/out/server/src/server.js:8:1561)","timestamp":"2024-10-14T23:22:54.274Z"}
{"level":"error","message":"✘ Failed to rebuild document Failed to parse testGranja.wtest: \n-- PARSING FAILED --------------------------------------------------\n\n  20 |   }\n  21 | \n> 22 |   test semb\n     |        ^\n  23 | \n  24 | }\n\nExpected one of the following: \n\nstring literal, whitespace\n","stack":"Error: Failed to parse testGranja.wtest: \n-- PARSING FAILED --------------------------------------------------\n\n  20 |   }\n  21 | \n> 22 |   test semb\n     |        ^\n  23 | \n  24 | }\n\nExpected one of the following: \n\nstring literal, whitespace\n\n    at /home/felipe/.vscode/extensions/uqbar.wollok-lsp-ide-0.3.6/out/server/src/server.js:2254:32415\n    at Array.map (<anonymous>)\n    at Jfn (/home/felipe/.vscode/extensions/uqbar.wollok-lsp-ide-0.3.6/out/server/src/server.js:2254:32339)\n    at k2.buildEnvironmentFrom (/home/felipe/.vscode/extensions/uqbar.wollok-lsp-ide-0.3.6/out/server/src/server.js:2285:6721)\n    at k2.updateEnvironmentWith (/home/felipe/.vscode/extensions/uqbar.wollok-lsp-ide-0.3.6/out/server/src/server.js:2285:6456)\n    at jL (/home/felipe/.vscode/extensions/uqbar.wollok-lsp-ide-0.3.6/out/server/src/server.js:2298:2292)\n    at v3.invoke (/home/felipe/.vscode/extensions/uqbar.wollok-lsp-ide-0.3.6/out/server/src/server.js:3:157200)\n    at o.fire (/home/felipe/.vscode/extensions/uqbar.wollok-lsp-ide-0.3.6/out/server/src/server.js:3:157970)\n    at /home/felipe/.vscode/extensions/uqbar.wollok-lsp-ide-0.3.6/out/server/src/server.js:37:57871\n    at Vr (/home/felipe/.vscode/extensions/uqbar.wollok-lsp-ide-0.3.6/out/server/src/server.js:8:1561)","timestamp":"2024-10-14T23:22:54.974Z"}
{"level":"error","message":"✘ Failed to rebuild document Failed to parse testGranja.wtest: \n-- PARSING FAILED --------------------------------------------------\n\n  20 |   }\n  21 | \n> 22 |   test sembr\n     |        ^\n  23 | \n  24 | }\n\nExpected one of the following: \n\nstring literal, whitespace\n","stack":"Error: Failed to parse testGranja.wtest: \n-- PARSING FAILED --------------------------------------------------\n\n  20 |   }\n  21 | \n> 22 |   test sembr\n     |        ^\n  23 | \n  24 | }\n\nExpected one of the following: \n\nstring literal, whitespace\n\n    at /home/felipe/.vscode/extensions/uqbar.wollok-lsp-ide-0.3.6/out/server/src/server.js:2254:32415\n    at Array.map (<anonymous>)\n    at Jfn (/home/felipe/.vscode/extensions/uqbar.wollok-lsp-ide-0.3.6/out/server/src/server.js:2254:32339)\n    at k2.buildEnvironmentFrom (/home/felipe/.vscode/extensions/uqbar.wollok-lsp-ide-0.3.6/out/server/src/server.js:2285:6721)\n    at k2.updateEnvironmentWith (/home/felipe/.vscode/extensions/uqbar.wollok-lsp-ide-0.3.6/out/server/src/server.js:2285:6456)\n    at jL (/home/felipe/.vscode/extensions/uqbar.wollok-lsp-ide-0.3.6/out/server/src/server.js:2298:2292)\n    at v3.invoke (/home/felipe/.vscode/extensions/uqbar.wollok-lsp-ide-0.3.6/out/server/src/server.js:3:157200)\n    at o.fire (/home/felipe/.vscode/extensions/uqbar.wollok-lsp-ide-0.3.6/out/server/src/server.js:3:157970)\n    at /home/felipe/.vscode/extensions/uqbar.wollok-lsp-ide-0.3.6/out/server/src/server.js:37:57871\n    at Vr (/home/felipe/.vscode/extensions/uqbar.wollok-lsp-ide-0.3.6/out/server/src/server.js:8:1561)","timestamp":"2024-10-14T23:22:55.080Z"}
{"level":"error","message":"✘ Failed to rebuild document Failed to parse testGranja.wtest: \n-- PARSING FAILED --------------------------------------------------\n\n  20 |   }\n  21 | \n> 22 |   test sembra\n     |        ^\n  23 | \n  24 | }\n\nExpected one of the following: \n\nstring literal, whitespace\n","stack":"Error: Failed to parse testGranja.wtest: \n-- PARSING FAILED --------------------------------------------------\n\n  20 |   }\n  21 | \n> 22 |   test sembra\n     |        ^\n  23 | \n  24 | }\n\nExpected one of the following: \n\nstring literal, whitespace\n\n    at /home/felipe/.vscode/extensions/uqbar.wollok-lsp-ide-0.3.6/out/server/src/server.js:2254:32415\n    at Array.map (<anonymous>)\n    at Jfn (/home/felipe/.vscode/extensions/uqbar.wollok-lsp-ide-0.3.6/out/server/src/server.js:2254:32339)\n    at k2.buildEnvironmentFrom (/home/felipe/.vscode/extensions/uqbar.wollok-lsp-ide-0.3.6/out/server/src/server.js:2285:6721)\n    at k2.updateEnvironmentWith (/home/felipe/.vscode/extensions/uqbar.wollok-lsp-ide-0.3.6/out/server/src/server.js:2285:6456)\n    at jL (/home/felipe/.vscode/extensions/uqbar.wollok-lsp-ide-0.3.6/out/server/src/server.js:2298:2292)\n    at v3.invoke (/home/felipe/.vscode/extensions/uqbar.wollok-lsp-ide-0.3.6/out/server/src/server.js:3:157200)\n    at o.fire (/home/felipe/.vscode/extensions/uqbar.wollok-lsp-ide-0.3.6/out/server/src/server.js:3:157970)\n    at /home/felipe/.vscode/extensions/uqbar.wollok-lsp-ide-0.3.6/out/server/src/server.js:37:57871\n    at Vr (/home/felipe/.vscode/extensions/uqbar.wollok-lsp-ide-0.3.6/out/server/src/server.js:8:1561)","timestamp":"2024-10-14T23:22:55.282Z"}
{"level":"error","message":"✘ Failed to rebuild document Failed to parse testGranja.wtest: \n-- PARSING FAILED --------------------------------------------------\n\n  20 |   }\n  21 | \n> 22 |   test sembrar\n     |        ^\n  23 | \n  24 | }\n\nExpected one of the following: \n\nstring literal, whitespace\n","stack":"Error: Failed to parse testGranja.wtest: \n-- PARSING FAILED --------------------------------------------------\n\n  20 |   }\n  21 | \n> 22 |   test sembrar\n     |        ^\n  23 | \n  24 | }\n\nExpected one of the following: \n\nstring literal, whitespace\n\n    at /home/felipe/.vscode/extensions/uqbar.wollok-lsp-ide-0.3.6/out/server/src/server.js:2254:32415\n    at Array.map (<anonymous>)\n    at Jfn (/home/felipe/.vscode/extensions/uqbar.wollok-lsp-ide-0.3.6/out/server/src/server.js:2254:32339)\n    at k2.buildEnvironmentFrom (/home/felipe/.vscode/extensions/uqbar.wollok-lsp-ide-0.3.6/out/server/src/server.js:2285:6721)\n    at k2.updateEnvironmentWith (/home/felipe/.vscode/extensions/uqbar.wollok-lsp-ide-0.3.6/out/server/src/server.js:2285:6456)\n    at jL (/home/felipe/.vscode/extensions/uqbar.wollok-lsp-ide-0.3.6/out/server/src/server.js:2298:2292)\n    at v3.invoke (/home/felipe/.vscode/extensions/uqbar.wollok-lsp-ide-0.3.6/out/server/src/server.js:3:157200)\n    at o.fire (/home/felipe/.vscode/extensions/uqbar.wollok-lsp-ide-0.3.6/out/server/src/server.js:3:157970)\n    at /home/felipe/.vscode/extensions/uqbar.wollok-lsp-ide-0.3.6/out/server/src/server.js:37:57871\n    at Vr (/home/felipe/.vscode/extensions/uqbar.wollok-lsp-ide-0.3.6/out/server/src/server.js:8:1561)","timestamp":"2024-10-14T23:22:55.470Z"}
{"level":"error","message":"✘ Failed to rebuild document Failed to parse testGranja.wtest: \n-- PARSING FAILED --------------------------------------------------\n\n  20 |   }\n  21 | \n> 22 |   test sembra\n     |        ^\n  23 | \n  24 | }\n\nExpected one of the following: \n\nstring literal, whitespace\n","stack":"Error: Failed to parse testGranja.wtest: \n-- PARSING FAILED --------------------------------------------------\n\n  20 |   }\n  21 | \n> 22 |   test sembra\n     |        ^\n  23 | \n  24 | }\n\nExpected one of the following: \n\nstring literal, whitespace\n\n    at /home/felipe/.vscode/extensions/uqbar.wollok-lsp-ide-0.3.6/out/server/src/server.js:2254:32415\n    at Array.map (<anonymous>)\n    at Jfn (/home/felipe/.vscode/extensions/uqbar.wollok-lsp-ide-0.3.6/out/server/src/server.js:2254:32339)\n    at k2.buildEnvironmentFrom (/home/felipe/.vscode/extensions/uqbar.wollok-lsp-ide-0.3.6/out/server/src/server.js:2285:6721)\n    at k2.updateEnvironmentWith (/home/felipe/.vscode/extensions/uqbar.wollok-lsp-ide-0.3.6/out/server/src/server.js:2285:6456)\n    at jL (/home/felipe/.vscode/extensions/uqbar.wollok-lsp-ide-0.3.6/out/server/src/server.js:2298:2292)\n    at v3.invoke (/home/felipe/.vscode/extensions/uqbar.wollok-lsp-ide-0.3.6/out/server/src/server.js:3:157200)\n    at o.fire (/home/felipe/.vscode/extensions/uqbar.wollok-lsp-ide-0.3.6/out/server/src/server.js:3:157970)\n    at /home/felipe/.vscode/extensions/uqbar.wollok-lsp-ide-0.3.6/out/server/src/server.js:37:57871\n    at Vr (/home/felipe/.vscode/extensions/uqbar.wollok-lsp-ide-0.3.6/out/server/src/server.js:8:1561)","timestamp":"2024-10-14T23:22:55.823Z"}
{"level":"error","message":"✘ Failed to rebuild document Failed to parse testGranja.wtest: \n-- PARSING FAILED --------------------------------------------------\n\n  20 |   }\n  21 | \n> 22 |   test sembr\n     |        ^\n  23 | \n  24 | }\n\nExpected one of the following: \n\nstring literal, whitespace\n","stack":"Error: Failed to parse testGranja.wtest: \n-- PARSING FAILED --------------------------------------------------\n\n  20 |   }\n  21 | \n> 22 |   test sembr\n     |        ^\n  23 | \n  24 | }\n\nExpected one of the following: \n\nstring literal, whitespace\n\n    at /home/felipe/.vscode/extensions/uqbar.wollok-lsp-ide-0.3.6/out/server/src/server.js:2254:32415\n    at Array.map (<anonymous>)\n    at Jfn (/home/felipe/.vscode/extensions/uqbar.wollok-lsp-ide-0.3.6/out/server/src/server.js:2254:32339)\n    at k2.buildEnvironmentFrom (/home/felipe/.vscode/extensions/uqbar.wollok-lsp-ide-0.3.6/out/server/src/server.js:2285:6721)\n    at k2.updateEnvironmentWith (/home/felipe/.vscode/extensions/uqbar.wollok-lsp-ide-0.3.6/out/server/src/server.js:2285:6456)\n    at jL (/home/felipe/.vscode/extensions/uqbar.wollok-lsp-ide-0.3.6/out/server/src/server.js:2298:2292)\n    at v3.invoke (/home/felipe/.vscode/extensions/uqbar.wollok-lsp-ide-0.3.6/out/server/src/server.js:3:157200)\n    at o.fire (/home/felipe/.vscode/extensions/uqbar.wollok-lsp-ide-0.3.6/out/server/src/server.js:3:157970)\n    at /home/felipe/.vscode/extensions/uqbar.wollok-lsp-ide-0.3.6/out/server/src/server.js:37:57871\n    at Vr (/home/felipe/.vscode/extensions/uqbar.wollok-lsp-ide-0.3.6/out/server/src/server.js:8:1561)","timestamp":"2024-10-14T23:22:57.942Z"}
{"level":"error","message":"✘ Failed to rebuild document Failed to parse testGranja.wtest: \n-- PARSING FAILED --------------------------------------------------\n\n  20 |   }\n  21 | \n> 22 |   test semb\n     |        ^\n  23 | \n  24 | }\n\nExpected one of the following: \n\nstring literal, whitespace\n","stack":"Error: Failed to parse testGranja.wtest: \n-- PARSING FAILED --------------------------------------------------\n\n  20 |   }\n  21 | \n> 22 |   test semb\n     |        ^\n  23 | \n  24 | }\n\nExpected one of the following: \n\nstring literal, whitespace\n\n    at /home/felipe/.vscode/extensions/uqbar.wollok-lsp-ide-0.3.6/out/server/src/server.js:2254:32415\n    at Array.map (<anonymous>)\n    at Jfn (/home/felipe/.vscode/extensions/uqbar.wollok-lsp-ide-0.3.6/out/server/src/server.js:2254:32339)\n    at k2.buildEnvironmentFrom (/home/felipe/.vscode/extensions/uqbar.wollok-lsp-ide-0.3.6/out/server/src/server.js:2285:6721)\n    at k2.updateEnvironmentWith (/home/felipe/.vscode/extensions/uqbar.wollok-lsp-ide-0.3.6/out/server/src/server.js:2285:6456)\n    at jL (/home/felipe/.vscode/extensions/uqbar.wollok-lsp-ide-0.3.6/out/server/src/server.js:2298:2292)\n    at v3.invoke (/home/felipe/.vscode/extensions/uqbar.wollok-lsp-ide-0.3.6/out/server/src/server.js:3:157200)\n    at o.fire (/home/felipe/.vscode/extensions/uqbar.wollok-lsp-ide-0.3.6/out/server/src/server.js:3:157970)\n    at /home/felipe/.vscode/extensions/uqbar.wollok-lsp-ide-0.3.6/out/server/src/server.js:37:57871\n    at Vr (/home/felipe/.vscode/extensions/uqbar.wollok-lsp-ide-0.3.6/out/server/src/server.js:8:1561)","timestamp":"2024-10-14T23:22:58.065Z"}
{"level":"error","message":"✘ Failed to rebuild document Failed to parse testGranja.wtest: \n-- PARSING FAILED --------------------------------------------------\n\n  20 |   }\n  21 | \n> 22 |   test sem\n     |        ^\n  23 | \n  24 | }\n\nExpected one of the following: \n\nstring literal, whitespace\n","stack":"Error: Failed to parse testGranja.wtest: \n-- PARSING FAILED --------------------------------------------------\n\n  20 |   }\n  21 | \n> 22 |   test sem\n     |        ^\n  23 | \n  24 | }\n\nExpected one of the following: \n\nstring literal, whitespace\n\n    at /home/felipe/.vscode/extensions/uqbar.wollok-lsp-ide-0.3.6/out/server/src/server.js:2254:32415\n    at Array.map (<anonymous>)\n    at Jfn (/home/felipe/.vscode/extensions/uqbar.wollok-lsp-ide-0.3.6/out/server/src/server.js:2254:32339)\n    at k2.buildEnvironmentFrom (/home/felipe/.vscode/extensions/uqbar.wollok-lsp-ide-0.3.6/out/server/src/server.js:2285:6721)\n    at k2.updateEnvironmentWith (/home/felipe/.vscode/extensions/uqbar.wollok-lsp-ide-0.3.6/out/server/src/server.js:2285:6456)\n    at jL (/home/felipe/.vscode/extensions/uqbar.wollok-lsp-ide-0.3.6/out/server/src/server.js:2298:2292)\n    at v3.invoke (/home/felipe/.vscode/extensions/uqbar.wollok-lsp-ide-0.3.6/out/server/src/server.js:3:157200)\n    at o.fire (/home/felipe/.vscode/extensions/uqbar.wollok-lsp-ide-0.3.6/out/server/src/server.js:3:157970)\n    at /home/felipe/.vscode/extensions/uqbar.wollok-lsp-ide-0.3.6/out/server/src/server.js:37:57871\n    at Vr (/home/felipe/.vscode/extensions/uqbar.wollok-lsp-ide-0.3.6/out/server/src/server.js:8:1561)","timestamp":"2024-10-14T23:22:58.219Z"}
{"level":"error","message":"✘ Failed to rebuild document Failed to parse testGranja.wtest: \n-- PARSING FAILED --------------------------------------------------\n\n  20 |   }\n  21 | \n> 22 |   test se\n     |        ^\n  23 | \n  24 | }\n\nExpected one of the following: \n\nstring literal, whitespace\n","stack":"Error: Failed to parse testGranja.wtest: \n-- PARSING FAILED --------------------------------------------------\n\n  20 |   }\n  21 | \n> 22 |   test se\n     |        ^\n  23 | \n  24 | }\n\nExpected one of the following: \n\nstring literal, whitespace\n\n    at /home/felipe/.vscode/extensions/uqbar.wollok-lsp-ide-0.3.6/out/server/src/server.js:2254:32415\n    at Array.map (<anonymous>)\n    at Jfn (/home/felipe/.vscode/extensions/uqbar.wollok-lsp-ide-0.3.6/out/server/src/server.js:2254:32339)\n    at k2.buildEnvironmentFrom (/home/felipe/.vscode/extensions/uqbar.wollok-lsp-ide-0.3.6/out/server/src/server.js:2285:6721)\n    at k2.updateEnvironmentWith (/home/felipe/.vscode/extensions/uqbar.wollok-lsp-ide-0.3.6/out/server/src/server.js:2285:6456)\n    at jL (/home/felipe/.vscode/extensions/uqbar.wollok-lsp-ide-0.3.6/out/server/src/server.js:2298:2292)\n    at v3.invoke (/home/felipe/.vscode/extensions/uqbar.wollok-lsp-ide-0.3.6/out/server/src/server.js:3:157200)\n    at o.fire (/home/felipe/.vscode/extensions/uqbar.wollok-lsp-ide-0.3.6/out/server/src/server.js:3:157970)\n    at /home/felipe/.vscode/extensions/uqbar.wollok-lsp-ide-0.3.6/out/server/src/server.js:37:57871\n    at Vr (/home/felipe/.vscode/extensions/uqbar.wollok-lsp-ide-0.3.6/out/server/src/server.js:8:1561)","timestamp":"2024-10-14T23:22:58.355Z"}
{"level":"error","message":"✘ Failed to rebuild document Failed to parse testGranja.wtest: \n-- PARSING FAILED --------------------------------------------------\n\n  20 |   }\n  21 | \n> 22 |   test s\n     |        ^\n  23 | \n  24 | }\n\nExpected one of the following: \n\nstring literal, whitespace\n","stack":"Error: Failed to parse testGranja.wtest: \n-- PARSING FAILED --------------------------------------------------\n\n  20 |   }\n  21 | \n> 22 |   test s\n     |        ^\n  23 | \n  24 | }\n\nExpected one of the following: \n\nstring literal, whitespace\n\n    at /home/felipe/.vscode/extensions/uqbar.wollok-lsp-ide-0.3.6/out/server/src/server.js:2254:32415\n    at Array.map (<anonymous>)\n    at Jfn (/home/felipe/.vscode/extensions/uqbar.wollok-lsp-ide-0.3.6/out/server/src/server.js:2254:32339)\n    at k2.buildEnvironmentFrom (/home/felipe/.vscode/extensions/uqbar.wollok-lsp-ide-0.3.6/out/server/src/server.js:2285:6721)\n    at k2.updateEnvironmentWith (/home/felipe/.vscode/extensions/uqbar.wollok-lsp-ide-0.3.6/out/server/src/server.js:2285:6456)\n    at jL (/home/felipe/.vscode/extensions/uqbar.wollok-lsp-ide-0.3.6/out/server/src/server.js:2298:2292)\n    at v3.invoke (/home/felipe/.vscode/extensions/uqbar.wollok-lsp-ide-0.3.6/out/server/src/server.js:3:157200)\n    at o.fire (/home/felipe/.vscode/extensions/uqbar.wollok-lsp-ide-0.3.6/out/server/src/server.js:3:157970)\n    at /home/felipe/.vscode/extensions/uqbar.wollok-lsp-ide-0.3.6/out/server/src/server.js:37:57871\n    at Vr (/home/felipe/.vscode/extensions/uqbar.wollok-lsp-ide-0.3.6/out/server/src/server.js:8:1561)","timestamp":"2024-10-14T23:22:58.500Z"}
{"level":"error","message":"✘ Failed to rebuild document Failed to parse testGranja.wtest: \n-- PARSING FAILED --------------------------------------------------\n\n  22 |   test \n  23 | \n> 24 | }\n     | ^\n\nExpected one of the following: \n\nstring literal, whitespace\n","stack":"Error: Failed to parse testGranja.wtest: \n-- PARSING FAILED --------------------------------------------------\n\n  22 |   test \n  23 | \n> 24 | }\n     | ^\n\nExpected one of the following: \n\nstring literal, whitespace\n\n    at /home/felipe/.vscode/extensions/uqbar.wollok-lsp-ide-0.3.6/out/server/src/server.js:2254:32415\n    at Array.map (<anonymous>)\n    at Jfn (/home/felipe/.vscode/extensions/uqbar.wollok-lsp-ide-0.3.6/out/server/src/server.js:2254:32339)\n    at k2.buildEnvironmentFrom (/home/felipe/.vscode/extensions/uqbar.wollok-lsp-ide-0.3.6/out/server/src/server.js:2285:6721)\n    at k2.updateEnvironmentWith (/home/felipe/.vscode/extensions/uqbar.wollok-lsp-ide-0.3.6/out/server/src/server.js:2285:6456)\n    at jL (/home/felipe/.vscode/extensions/uqbar.wollok-lsp-ide-0.3.6/out/server/src/server.js:2298:2292)\n    at v3.invoke (/home/felipe/.vscode/extensions/uqbar.wollok-lsp-ide-0.3.6/out/server/src/server.js:3:157200)\n    at o.fire (/home/felipe/.vscode/extensions/uqbar.wollok-lsp-ide-0.3.6/out/server/src/server.js:3:157970)\n    at /home/felipe/.vscode/extensions/uqbar.wollok-lsp-ide-0.3.6/out/server/src/server.js:37:57871\n    at Vr (/home/felipe/.vscode/extensions/uqbar.wollok-lsp-ide-0.3.6/out/server/src/server.js:8:1561)","timestamp":"2024-10-14T23:22:58.615Z"}
{"level":"error","message":"✘ Failed to rebuild document Failed to parse testGranja.wtest: \n-- PARSING FAILED --------------------------------------------------\n\n  22 |   test\n  23 | \n> 24 | }\n     | ^\n\nExpected one of the following: \n\nstring literal, whitespace\n","stack":"Error: Failed to parse testGranja.wtest: \n-- PARSING FAILED --------------------------------------------------\n\n  22 |   test\n  23 | \n> 24 | }\n     | ^\n\nExpected one of the following: \n\nstring literal, whitespace\n\n    at /home/felipe/.vscode/extensions/uqbar.wollok-lsp-ide-0.3.6/out/server/src/server.js:2254:32415\n    at Array.map (<anonymous>)\n    at Jfn (/home/felipe/.vscode/extensions/uqbar.wollok-lsp-ide-0.3.6/out/server/src/server.js:2254:32339)\n    at k2.buildEnvironmentFrom (/home/felipe/.vscode/extensions/uqbar.wollok-lsp-ide-0.3.6/out/server/src/server.js:2285:6721)\n    at k2.updateEnvironmentWith (/home/felipe/.vscode/extensions/uqbar.wollok-lsp-ide-0.3.6/out/server/src/server.js:2285:6456)\n    at jL (/home/felipe/.vscode/extensions/uqbar.wollok-lsp-ide-0.3.6/out/server/src/server.js:2298:2292)\n    at v3.invoke (/home/felipe/.vscode/extensions/uqbar.wollok-lsp-ide-0.3.6/out/server/src/server.js:3:157200)\n    at o.fire (/home/felipe/.vscode/extensions/uqbar.wollok-lsp-ide-0.3.6/out/server/src/server.js:3:157970)\n    at /home/felipe/.vscode/extensions/uqbar.wollok-lsp-ide-0.3.6/out/server/src/server.js:37:57871\n    at Vr (/home/felipe/.vscode/extensions/uqbar.wollok-lsp-ide-0.3.6/out/server/src/server.js:8:1561)","timestamp":"2024-10-14T23:22:58.761Z"}
{"level":"info","message":"⌛ Building environment","timeElapsed":209,"timestamp":"2024-10-14T23:22:59.076Z"}
{"level":"info","message":"⌛ Validating testGranja.wtest","timeElapsed":226,"timestamp":"2024-10-14T23:22:59.313Z"}
{"level":"info","message":"⌛ Building environment","timeElapsed":135,"timestamp":"2024-10-14T23:22:59.601Z"}
{"level":"info","message":"⌛ Validating testGranja.wtest","timeElapsed":264,"timestamp":"2024-10-14T23:22:59.868Z"}
{"level":"info","message":"⌛ Building environment","timeElapsed":165,"timestamp":"2024-10-14T23:23:00.143Z"}
{"level":"info","message":"⌛ Validating testGranja.wtest","timeElapsed":209,"timestamp":"2024-10-14T23:23:00.353Z"}
{"level":"info","message":"⌛ Building environment","timeElapsed":209,"timestamp":"2024-10-14T23:23:01.794Z"}
{"level":"info","message":"⌛ Building environment","timeElapsed":150,"timestamp":"2024-10-14T23:23:01.988Z"}
{"level":"info","message":"⌛ Validating testGranja.wtest","timeElapsed":238,"timestamp":"2024-10-14T23:23:02.232Z"}
{"level":"error","message":"✘ Failed to rebuild document Failed to parse testGranja.wtest: \n-- PARSING FAILED --------------------------------------------------\n\n  22 |   test\n  23 | \n> 24 | }\n     | ^\n\nExpected one of the following: \n\nstring literal, whitespace\n","stack":"Error: Failed to parse testGranja.wtest: \n-- PARSING FAILED --------------------------------------------------\n\n  22 |   test\n  23 | \n> 24 | }\n     | ^\n\nExpected one of the following: \n\nstring literal, whitespace\n\n    at /home/felipe/.vscode/extensions/uqbar.wollok-lsp-ide-0.3.6/out/server/src/server.js:2254:32415\n    at Array.map (<anonymous>)\n    at Jfn (/home/felipe/.vscode/extensions/uqbar.wollok-lsp-ide-0.3.6/out/server/src/server.js:2254:32339)\n    at k2.buildEnvironmentFrom (/home/felipe/.vscode/extensions/uqbar.wollok-lsp-ide-0.3.6/out/server/src/server.js:2285:6721)\n    at k2.updateEnvironmentWith (/home/felipe/.vscode/extensions/uqbar.wollok-lsp-ide-0.3.6/out/server/src/server.js:2285:6456)\n    at jL (/home/felipe/.vscode/extensions/uqbar.wollok-lsp-ide-0.3.6/out/server/src/server.js:2298:2292)\n    at v3.invoke (/home/felipe/.vscode/extensions/uqbar.wollok-lsp-ide-0.3.6/out/server/src/server.js:3:157200)\n    at o.fire (/home/felipe/.vscode/extensions/uqbar.wollok-lsp-ide-0.3.6/out/server/src/server.js:3:157970)\n    at /home/felipe/.vscode/extensions/uqbar.wollok-lsp-ide-0.3.6/out/server/src/server.js:37:57871\n    at Vr (/home/felipe/.vscode/extensions/uqbar.wollok-lsp-ide-0.3.6/out/server/src/server.js:8:1561)","timestamp":"2024-10-14T23:23:02.242Z"}
{"level":"info","message":"onRequest - completionItem/resolve","timestamp":"2024-10-14T23:23:02.242Z"}
{"level":"info","message":"⌛ Validating testGranja.wtest","timeElapsed":266,"timestamp":"2024-10-14T23:23:02.508Z"}
{"level":"error","message":"✘ Failed to rebuild document Failed to parse testGranja.wtest: \n-- PARSING FAILED --------------------------------------------------\n\n  22 |   test \n  23 | \n> 24 | }\n     | ^\n\nExpected one of the following: \n\nstring literal, whitespace\n","stack":"Error: Failed to parse testGranja.wtest: \n-- PARSING FAILED --------------------------------------------------\n\n  22 |   test \n  23 | \n> 24 | }\n     | ^\n\nExpected one of the following: \n\nstring literal, whitespace\n\n    at /home/felipe/.vscode/extensions/uqbar.wollok-lsp-ide-0.3.6/out/server/src/server.js:2254:32415\n    at Array.map (<anonymous>)\n    at Jfn (/home/felipe/.vscode/extensions/uqbar.wollok-lsp-ide-0.3.6/out/server/src/server.js:2254:32339)\n    at k2.buildEnvironmentFrom (/home/felipe/.vscode/extensions/uqbar.wollok-lsp-ide-0.3.6/out/server/src/server.js:2285:6721)\n    at k2.updateEnvironmentWith (/home/felipe/.vscode/extensions/uqbar.wollok-lsp-ide-0.3.6/out/server/src/server.js:2285:6456)\n    at jL (/home/felipe/.vscode/extensions/uqbar.wollok-lsp-ide-0.3.6/out/server/src/server.js:2298:2292)\n    at v3.invoke (/home/felipe/.vscode/extensions/uqbar.wollok-lsp-ide-0.3.6/out/server/src/server.js:3:157200)\n    at o.fire (/home/felipe/.vscode/extensions/uqbar.wollok-lsp-ide-0.3.6/out/server/src/server.js:3:157970)\n    at /home/felipe/.vscode/extensions/uqbar.wollok-lsp-ide-0.3.6/out/server/src/server.js:37:57871\n    at Vr (/home/felipe/.vscode/extensions/uqbar.wollok-lsp-ide-0.3.6/out/server/src/server.js:8:1561)","timestamp":"2024-10-14T23:23:02.541Z"}
{"level":"error","message":"✘ Failed to rebuild document Failed to parse testGranja.wtest: \n-- PARSING FAILED --------------------------------------------------\n\n  20 |   }\n  21 | \n> 22 |   test s\n     |        ^\n  23 | \n  24 | }\n\nExpected one of the following: \n\nstring literal, whitespace\n","stack":"Error: Failed to parse testGranja.wtest: \n-- PARSING FAILED --------------------------------------------------\n\n  20 |   }\n  21 | \n> 22 |   test s\n     |        ^\n  23 | \n  24 | }\n\nExpected one of the following: \n\nstring literal, whitespace\n\n    at /home/felipe/.vscode/extensions/uqbar.wollok-lsp-ide-0.3.6/out/server/src/server.js:2254:32415\n    at Array.map (<anonymous>)\n    at Jfn (/home/felipe/.vscode/extensions/uqbar.wollok-lsp-ide-0.3.6/out/server/src/server.js:2254:32339)\n    at k2.buildEnvironmentFrom (/home/felipe/.vscode/extensions/uqbar.wollok-lsp-ide-0.3.6/out/server/src/server.js:2285:6721)\n    at k2.updateEnvironmentWith (/home/felipe/.vscode/extensions/uqbar.wollok-lsp-ide-0.3.6/out/server/src/server.js:2285:6456)\n    at jL (/home/felipe/.vscode/extensions/uqbar.wollok-lsp-ide-0.3.6/out/server/src/server.js:2298:2292)\n    at v3.invoke (/home/felipe/.vscode/extensions/uqbar.wollok-lsp-ide-0.3.6/out/server/src/server.js:3:157200)\n    at o.fire (/home/felipe/.vscode/extensions/uqbar.wollok-lsp-ide-0.3.6/out/server/src/server.js:3:157970)\n    at /home/felipe/.vscode/extensions/uqbar.wollok-lsp-ide-0.3.6/out/server/src/server.js:37:57871\n    at Vr (/home/felipe/.vscode/extensions/uqbar.wollok-lsp-ide-0.3.6/out/server/src/server.js:8:1561)","timestamp":"2024-10-14T23:23:02.608Z"}
{"level":"error","message":"✘ Failed to rebuild document Failed to parse testGranja.wtest: \n-- PARSING FAILED --------------------------------------------------\n\n  20 |   }\n  21 | \n> 22 |   test se\n     |        ^\n  23 | \n  24 | }\n\nExpected one of the following: \n\nstring literal, whitespace\n","stack":"Error: Failed to parse testGranja.wtest: \n-- PARSING FAILED --------------------------------------------------\n\n  20 |   }\n  21 | \n> 22 |   test se\n     |        ^\n  23 | \n  24 | }\n\nExpected one of the following: \n\nstring literal, whitespace\n\n    at /home/felipe/.vscode/extensions/uqbar.wollok-lsp-ide-0.3.6/out/server/src/server.js:2254:32415\n    at Array.map (<anonymous>)\n    at Jfn (/home/felipe/.vscode/extensions/uqbar.wollok-lsp-ide-0.3.6/out/server/src/server.js:2254:32339)\n    at k2.buildEnvironmentFrom (/home/felipe/.vscode/extensions/uqbar.wollok-lsp-ide-0.3.6/out/server/src/server.js:2285:6721)\n    at k2.updateEnvironmentWith (/home/felipe/.vscode/extensions/uqbar.wollok-lsp-ide-0.3.6/out/server/src/server.js:2285:6456)\n    at jL (/home/felipe/.vscode/extensions/uqbar.wollok-lsp-ide-0.3.6/out/server/src/server.js:2298:2292)\n    at v3.invoke (/home/felipe/.vscode/extensions/uqbar.wollok-lsp-ide-0.3.6/out/server/src/server.js:3:157200)\n    at o.fire (/home/felipe/.vscode/extensions/uqbar.wollok-lsp-ide-0.3.6/out/server/src/server.js:3:157970)\n    at /home/felipe/.vscode/extensions/uqbar.wollok-lsp-ide-0.3.6/out/server/src/server.js:37:57871\n    at Vr (/home/felipe/.vscode/extensions/uqbar.wollok-lsp-ide-0.3.6/out/server/src/server.js:8:1561)","timestamp":"2024-10-14T23:23:02.736Z"}
{"level":"error","message":"✘ Failed to rebuild document Failed to parse testGranja.wtest: \n-- PARSING FAILED --------------------------------------------------\n\n  20 |   }\n  21 | \n> 22 |   test sem\n     |        ^\n  23 | \n  24 | }\n\nExpected one of the following: \n\nstring literal, whitespace\n","stack":"Error: Failed to parse testGranja.wtest: \n-- PARSING FAILED --------------------------------------------------\n\n  20 |   }\n  21 | \n> 22 |   test sem\n     |        ^\n  23 | \n  24 | }\n\nExpected one of the following: \n\nstring literal, whitespace\n\n    at /home/felipe/.vscode/extensions/uqbar.wollok-lsp-ide-0.3.6/out/server/src/server.js:2254:32415\n    at Array.map (<anonymous>)\n    at Jfn (/home/felipe/.vscode/extensions/uqbar.wollok-lsp-ide-0.3.6/out/server/src/server.js:2254:32339)\n    at k2.buildEnvironmentFrom (/home/felipe/.vscode/extensions/uqbar.wollok-lsp-ide-0.3.6/out/server/src/server.js:2285:6721)\n    at k2.updateEnvironmentWith (/home/felipe/.vscode/extensions/uqbar.wollok-lsp-ide-0.3.6/out/server/src/server.js:2285:6456)\n    at jL (/home/felipe/.vscode/extensions/uqbar.wollok-lsp-ide-0.3.6/out/server/src/server.js:2298:2292)\n    at v3.invoke (/home/felipe/.vscode/extensions/uqbar.wollok-lsp-ide-0.3.6/out/server/src/server.js:3:157200)\n    at o.fire (/home/felipe/.vscode/extensions/uqbar.wollok-lsp-ide-0.3.6/out/server/src/server.js:3:157970)\n    at /home/felipe/.vscode/extensions/uqbar.wollok-lsp-ide-0.3.6/out/server/src/server.js:37:57871\n    at Vr (/home/felipe/.vscode/extensions/uqbar.wollok-lsp-ide-0.3.6/out/server/src/server.js:8:1561)","timestamp":"2024-10-14T23:23:02.852Z"}
{"level":"error","message":"✘ Failed to rebuild document Failed to parse testGranja.wtest: \n-- PARSING FAILED --------------------------------------------------\n\n  20 |   }\n  21 | \n> 22 |   test se\n     |        ^\n  23 | \n  24 | }\n\nExpected one of the following: \n\nstring literal, whitespace\n","stack":"Error: Failed to parse testGranja.wtest: \n-- PARSING FAILED --------------------------------------------------\n\n  20 |   }\n  21 | \n> 22 |   test se\n     |        ^\n  23 | \n  24 | }\n\nExpected one of the following: \n\nstring literal, whitespace\n\n    at /home/felipe/.vscode/extensions/uqbar.wollok-lsp-ide-0.3.6/out/server/src/server.js:2254:32415\n    at Array.map (<anonymous>)\n    at Jfn (/home/felipe/.vscode/extensions/uqbar.wollok-lsp-ide-0.3.6/out/server/src/server.js:2254:32339)\n    at k2.buildEnvironmentFrom (/home/felipe/.vscode/extensions/uqbar.wollok-lsp-ide-0.3.6/out/server/src/server.js:2285:6721)\n    at k2.updateEnvironmentWith (/home/felipe/.vscode/extensions/uqbar.wollok-lsp-ide-0.3.6/out/server/src/server.js:2285:6456)\n    at jL (/home/felipe/.vscode/extensions/uqbar.wollok-lsp-ide-0.3.6/out/server/src/server.js:2298:2292)\n    at v3.invoke (/home/felipe/.vscode/extensions/uqbar.wollok-lsp-ide-0.3.6/out/server/src/server.js:3:157200)\n    at o.fire (/home/felipe/.vscode/extensions/uqbar.wollok-lsp-ide-0.3.6/out/server/src/server.js:3:157970)\n    at /home/felipe/.vscode/extensions/uqbar.wollok-lsp-ide-0.3.6/out/server/src/server.js:37:57871\n    at Vr (/home/felipe/.vscode/extensions/uqbar.wollok-lsp-ide-0.3.6/out/server/src/server.js:8:1561)","timestamp":"2024-10-14T23:23:03.284Z"}
{"level":"error","message":"✘ Failed to rebuild document Failed to parse testGranja.wtest: \n-- PARSING FAILED --------------------------------------------------\n\n  20 |   }\n  21 | \n> 22 |   test s\n     |        ^\n  23 | \n  24 | }\n\nExpected one of the following: \n\nstring literal, whitespace\n","stack":"Error: Failed to parse testGranja.wtest: \n-- PARSING FAILED --------------------------------------------------\n\n  20 |   }\n  21 | \n> 22 |   test s\n     |        ^\n  23 | \n  24 | }\n\nExpected one of the following: \n\nstring literal, whitespace\n\n    at /home/felipe/.vscode/extensions/uqbar.wollok-lsp-ide-0.3.6/out/server/src/server.js:2254:32415\n    at Array.map (<anonymous>)\n    at Jfn (/home/felipe/.vscode/extensions/uqbar.wollok-lsp-ide-0.3.6/out/server/src/server.js:2254:32339)\n    at k2.buildEnvironmentFrom (/home/felipe/.vscode/extensions/uqbar.wollok-lsp-ide-0.3.6/out/server/src/server.js:2285:6721)\n    at k2.updateEnvironmentWith (/home/felipe/.vscode/extensions/uqbar.wollok-lsp-ide-0.3.6/out/server/src/server.js:2285:6456)\n    at jL (/home/felipe/.vscode/extensions/uqbar.wollok-lsp-ide-0.3.6/out/server/src/server.js:2298:2292)\n    at v3.invoke (/home/felipe/.vscode/extensions/uqbar.wollok-lsp-ide-0.3.6/out/server/src/server.js:3:157200)\n    at o.fire (/home/felipe/.vscode/extensions/uqbar.wollok-lsp-ide-0.3.6/out/server/src/server.js:3:157970)\n    at /home/felipe/.vscode/extensions/uqbar.wollok-lsp-ide-0.3.6/out/server/src/server.js:37:57871\n    at Vr (/home/felipe/.vscode/extensions/uqbar.wollok-lsp-ide-0.3.6/out/server/src/server.js:8:1561)","timestamp":"2024-10-14T23:23:03.446Z"}
{"level":"error","message":"✘ Failed to rebuild document Failed to parse testGranja.wtest: \n-- PARSING FAILED --------------------------------------------------\n\n  22 |   test \n  23 | \n> 24 | }\n     | ^\n\nExpected one of the following: \n\nstring literal, whitespace\n","stack":"Error: Failed to parse testGranja.wtest: \n-- PARSING FAILED --------------------------------------------------\n\n  22 |   test \n  23 | \n> 24 | }\n     | ^\n\nExpected one of the following: \n\nstring literal, whitespace\n\n    at /home/felipe/.vscode/extensions/uqbar.wollok-lsp-ide-0.3.6/out/server/src/server.js:2254:32415\n    at Array.map (<anonymous>)\n    at Jfn (/home/felipe/.vscode/extensions/uqbar.wollok-lsp-ide-0.3.6/out/server/src/server.js:2254:32339)\n    at k2.buildEnvironmentFrom (/home/felipe/.vscode/extensions/uqbar.wollok-lsp-ide-0.3.6/out/server/src/server.js:2285:6721)\n    at k2.updateEnvironmentWith (/home/felipe/.vscode/extensions/uqbar.wollok-lsp-ide-0.3.6/out/server/src/server.js:2285:6456)\n    at jL (/home/felipe/.vscode/extensions/uqbar.wollok-lsp-ide-0.3.6/out/server/src/server.js:2298:2292)\n    at v3.invoke (/home/felipe/.vscode/extensions/uqbar.wollok-lsp-ide-0.3.6/out/server/src/server.js:3:157200)\n    at o.fire (/home/felipe/.vscode/extensions/uqbar.wollok-lsp-ide-0.3.6/out/server/src/server.js:3:157970)\n    at /home/felipe/.vscode/extensions/uqbar.wollok-lsp-ide-0.3.6/out/server/src/server.js:37:57871\n    at Vr (/home/felipe/.vscode/extensions/uqbar.wollok-lsp-ide-0.3.6/out/server/src/server.js:8:1561)","timestamp":"2024-10-14T23:23:03.584Z"}
{"level":"error","message":"✘ Failed to rebuild document Failed to parse testGranja.wtest: \n-- PARSING FAILED --------------------------------------------------\n\n  22 |   test \"\"\n  23 | \n> 24 | }\n     | ^\n\nExpected one of the following: \n\n'@', '{', comment, whitespace\n","stack":"Error: Failed to parse testGranja.wtest: \n-- PARSING FAILED --------------------------------------------------\n\n  22 |   test \"\"\n  23 | \n> 24 | }\n     | ^\n\nExpected one of the following: \n\n'@', '{', comment, whitespace\n\n    at /home/felipe/.vscode/extensions/uqbar.wollok-lsp-ide-0.3.6/out/server/src/server.js:2254:32415\n    at Array.map (<anonymous>)\n    at Jfn (/home/felipe/.vscode/extensions/uqbar.wollok-lsp-ide-0.3.6/out/server/src/server.js:2254:32339)\n    at k2.buildEnvironmentFrom (/home/felipe/.vscode/extensions/uqbar.wollok-lsp-ide-0.3.6/out/server/src/server.js:2285:6721)\n    at k2.updateEnvironmentWith (/home/felipe/.vscode/extensions/uqbar.wollok-lsp-ide-0.3.6/out/server/src/server.js:2285:6456)\n    at jL (/home/felipe/.vscode/extensions/uqbar.wollok-lsp-ide-0.3.6/out/server/src/server.js:2298:2292)\n    at v3.invoke (/home/felipe/.vscode/extensions/uqbar.wollok-lsp-ide-0.3.6/out/server/src/server.js:3:157200)\n    at o.fire (/home/felipe/.vscode/extensions/uqbar.wollok-lsp-ide-0.3.6/out/server/src/server.js:3:157970)\n    at /home/felipe/.vscode/extensions/uqbar.wollok-lsp-ide-0.3.6/out/server/src/server.js:37:57871\n    at Vr (/home/felipe/.vscode/extensions/uqbar.wollok-lsp-ide-0.3.6/out/server/src/server.js:8:1561)","timestamp":"2024-10-14T23:23:04.459Z"}
{"level":"error","message":"✘ Failed to rebuild document Failed to parse testGranja.wtest: \n-- PARSING FAILED --------------------------------------------------\n\n  22 |   test \"s\"\n  23 | \n> 24 | }\n     | ^\n\nExpected one of the following: \n\n'@', '{', comment, whitespace\n","stack":"Error: Failed to parse testGranja.wtest: \n-- PARSING FAILED --------------------------------------------------\n\n  22 |   test \"s\"\n  23 | \n> 24 | }\n     | ^\n\nExpected one of the following: \n\n'@', '{', comment, whitespace\n\n    at /home/felipe/.vscode/extensions/uqbar.wollok-lsp-ide-0.3.6/out/server/src/server.js:2254:32415\n    at Array.map (<anonymous>)\n    at Jfn (/home/felipe/.vscode/extensions/uqbar.wollok-lsp-ide-0.3.6/out/server/src/server.js:2254:32339)\n    at k2.buildEnvironmentFrom (/home/felipe/.vscode/extensions/uqbar.wollok-lsp-ide-0.3.6/out/server/src/server.js:2285:6721)\n    at k2.updateEnvironmentWith (/home/felipe/.vscode/extensions/uqbar.wollok-lsp-ide-0.3.6/out/server/src/server.js:2285:6456)\n    at jL (/home/felipe/.vscode/extensions/uqbar.wollok-lsp-ide-0.3.6/out/server/src/server.js:2298:2292)\n    at v3.invoke (/home/felipe/.vscode/extensions/uqbar.wollok-lsp-ide-0.3.6/out/server/src/server.js:3:157200)\n    at o.fire (/home/felipe/.vscode/extensions/uqbar.wollok-lsp-ide-0.3.6/out/server/src/server.js:3:157970)\n    at /home/felipe/.vscode/extensions/uqbar.wollok-lsp-ide-0.3.6/out/server/src/server.js:37:57871\n    at Vr (/home/felipe/.vscode/extensions/uqbar.wollok-lsp-ide-0.3.6/out/server/src/server.js:8:1561)","timestamp":"2024-10-14T23:23:05.159Z"}
{"level":"error","message":"✘ Failed to rebuild document Failed to parse testGranja.wtest: \n-- PARSING FAILED --------------------------------------------------\n\n  22 |   test \"se\"\n  23 | \n> 24 | }\n     | ^\n\nExpected one of the following: \n\n'@', '{', comment, whitespace\n","stack":"Error: Failed to parse testGranja.wtest: \n-- PARSING FAILED --------------------------------------------------\n\n  22 |   test \"se\"\n  23 | \n> 24 | }\n     | ^\n\nExpected one of the following: \n\n'@', '{', comment, whitespace\n\n    at /home/felipe/.vscode/extensions/uqbar.wollok-lsp-ide-0.3.6/out/server/src/server.js:2254:32415\n    at Array.map (<anonymous>)\n    at Jfn (/home/felipe/.vscode/extensions/uqbar.wollok-lsp-ide-0.3.6/out/server/src/server.js:2254:32339)\n    at k2.buildEnvironmentFrom (/home/felipe/.vscode/extensions/uqbar.wollok-lsp-ide-0.3.6/out/server/src/server.js:2285:6721)\n    at k2.updateEnvironmentWith (/home/felipe/.vscode/extensions/uqbar.wollok-lsp-ide-0.3.6/out/server/src/server.js:2285:6456)\n    at jL (/home/felipe/.vscode/extensions/uqbar.wollok-lsp-ide-0.3.6/out/server/src/server.js:2298:2292)\n    at v3.invoke (/home/felipe/.vscode/extensions/uqbar.wollok-lsp-ide-0.3.6/out/server/src/server.js:3:157200)\n    at o.fire (/home/felipe/.vscode/extensions/uqbar.wollok-lsp-ide-0.3.6/out/server/src/server.js:3:157970)\n    at /home/felipe/.vscode/extensions/uqbar.wollok-lsp-ide-0.3.6/out/server/src/server.js:37:57871\n    at Vr (/home/felipe/.vscode/extensions/uqbar.wollok-lsp-ide-0.3.6/out/server/src/server.js:8:1561)","timestamp":"2024-10-14T23:23:05.340Z"}
{"level":"error","message":"✘ Failed to rebuild document Failed to parse testGranja.wtest: \n-- PARSING FAILED --------------------------------------------------\n\n  22 |   test \"sem\"\n  23 | \n> 24 | }\n     | ^\n\nExpected one of the following: \n\n'@', '{', comment, whitespace\n","stack":"Error: Failed to parse testGranja.wtest: \n-- PARSING FAILED --------------------------------------------------\n\n  22 |   test \"sem\"\n  23 | \n> 24 | }\n     | ^\n\nExpected one of the following: \n\n'@', '{', comment, whitespace\n\n    at /home/felipe/.vscode/extensions/uqbar.wollok-lsp-ide-0.3.6/out/server/src/server.js:2254:32415\n    at Array.map (<anonymous>)\n    at Jfn (/home/felipe/.vscode/extensions/uqbar.wollok-lsp-ide-0.3.6/out/server/src/server.js:2254:32339)\n    at k2.buildEnvironmentFrom (/home/felipe/.vscode/extensions/uqbar.wollok-lsp-ide-0.3.6/out/server/src/server.js:2285:6721)\n    at k2.updateEnvironmentWith (/home/felipe/.vscode/extensions/uqbar.wollok-lsp-ide-0.3.6/out/server/src/server.js:2285:6456)\n    at jL (/home/felipe/.vscode/extensions/uqbar.wollok-lsp-ide-0.3.6/out/server/src/server.js:2298:2292)\n    at v3.invoke (/home/felipe/.vscode/extensions/uqbar.wollok-lsp-ide-0.3.6/out/server/src/server.js:3:157200)\n    at o.fire (/home/felipe/.vscode/extensions/uqbar.wollok-lsp-ide-0.3.6/out/server/src/server.js:3:157970)\n    at /home/felipe/.vscode/extensions/uqbar.wollok-lsp-ide-0.3.6/out/server/src/server.js:37:57871\n    at Vr (/home/felipe/.vscode/extensions/uqbar.wollok-lsp-ide-0.3.6/out/server/src/server.js:8:1561)","timestamp":"2024-10-14T23:23:05.401Z"}
{"level":"error","message":"✘ Failed to rebuild document Failed to parse testGranja.wtest: \n-- PARSING FAILED --------------------------------------------------\n\n  22 |   test \"semb\"\n  23 | \n> 24 | }\n     | ^\n\nExpected one of the following: \n\n'@', '{', comment, whitespace\n","stack":"Error: Failed to parse testGranja.wtest: \n-- PARSING FAILED --------------------------------------------------\n\n  22 |   test \"semb\"\n  23 | \n> 24 | }\n     | ^\n\nExpected one of the following: \n\n'@', '{', comment, whitespace\n\n    at /home/felipe/.vscode/extensions/uqbar.wollok-lsp-ide-0.3.6/out/server/src/server.js:2254:32415\n    at Array.map (<anonymous>)\n    at Jfn (/home/felipe/.vscode/extensions/uqbar.wollok-lsp-ide-0.3.6/out/server/src/server.js:2254:32339)\n    at k2.buildEnvironmentFrom (/home/felipe/.vscode/extensions/uqbar.wollok-lsp-ide-0.3.6/out/server/src/server.js:2285:6721)\n    at k2.updateEnvironmentWith (/home/felipe/.vscode/extensions/uqbar.wollok-lsp-ide-0.3.6/out/server/src/server.js:2285:6456)\n    at jL (/home/felipe/.vscode/extensions/uqbar.wollok-lsp-ide-0.3.6/out/server/src/server.js:2298:2292)\n    at v3.invoke (/home/felipe/.vscode/extensions/uqbar.wollok-lsp-ide-0.3.6/out/server/src/server.js:3:157200)\n    at o.fire (/home/felipe/.vscode/extensions/uqbar.wollok-lsp-ide-0.3.6/out/server/src/server.js:3:157970)\n    at /home/felipe/.vscode/extensions/uqbar.wollok-lsp-ide-0.3.6/out/server/src/server.js:37:57871\n    at Vr (/home/felipe/.vscode/extensions/uqbar.wollok-lsp-ide-0.3.6/out/server/src/server.js:8:1561)","timestamp":"2024-10-14T23:23:05.622Z"}
{"level":"error","message":"✘ Failed to rebuild document Failed to parse testGranja.wtest: \n-- PARSING FAILED --------------------------------------------------\n\n  22 |   test \"sembr\"\n  23 | \n> 24 | }\n     | ^\n\nExpected one of the following: \n\n'@', '{', comment, whitespace\n","stack":"Error: Failed to parse testGranja.wtest: \n-- PARSING FAILED --------------------------------------------------\n\n  22 |   test \"sembr\"\n  23 | \n> 24 | }\n     | ^\n\nExpected one of the following: \n\n'@', '{', comment, whitespace\n\n    at /home/felipe/.vscode/extensions/uqbar.wollok-lsp-ide-0.3.6/out/server/src/server.js:2254:32415\n    at Array.map (<anonymous>)\n    at Jfn (/home/felipe/.vscode/extensions/uqbar.wollok-lsp-ide-0.3.6/out/server/src/server.js:2254:32339)\n    at k2.buildEnvironmentFrom (/home/felipe/.vscode/extensions/uqbar.wollok-lsp-ide-0.3.6/out/server/src/server.js:2285:6721)\n    at k2.updateEnvironmentWith (/home/felipe/.vscode/extensions/uqbar.wollok-lsp-ide-0.3.6/out/server/src/server.js:2285:6456)\n    at jL (/home/felipe/.vscode/extensions/uqbar.wollok-lsp-ide-0.3.6/out/server/src/server.js:2298:2292)\n    at v3.invoke (/home/felipe/.vscode/extensions/uqbar.wollok-lsp-ide-0.3.6/out/server/src/server.js:3:157200)\n    at o.fire (/home/felipe/.vscode/extensions/uqbar.wollok-lsp-ide-0.3.6/out/server/src/server.js:3:157970)\n    at /home/felipe/.vscode/extensions/uqbar.wollok-lsp-ide-0.3.6/out/server/src/server.js:37:57871\n    at Vr (/home/felipe/.vscode/extensions/uqbar.wollok-lsp-ide-0.3.6/out/server/src/server.js:8:1561)","timestamp":"2024-10-14T23:23:05.730Z"}
{"level":"error","message":"✘ Failed to rebuild document Failed to parse testGranja.wtest: \n-- PARSING FAILED --------------------------------------------------\n\n  22 |   test \"sembra\"\n  23 | \n> 24 | }\n     | ^\n\nExpected one of the following: \n\n'@', '{', comment, whitespace\n","stack":"Error: Failed to parse testGranja.wtest: \n-- PARSING FAILED --------------------------------------------------\n\n  22 |   test \"sembra\"\n  23 | \n> 24 | }\n     | ^\n\nExpected one of the following: \n\n'@', '{', comment, whitespace\n\n    at /home/felipe/.vscode/extensions/uqbar.wollok-lsp-ide-0.3.6/out/server/src/server.js:2254:32415\n    at Array.map (<anonymous>)\n    at Jfn (/home/felipe/.vscode/extensions/uqbar.wollok-lsp-ide-0.3.6/out/server/src/server.js:2254:32339)\n    at k2.buildEnvironmentFrom (/home/felipe/.vscode/extensions/uqbar.wollok-lsp-ide-0.3.6/out/server/src/server.js:2285:6721)\n    at k2.updateEnvironmentWith (/home/felipe/.vscode/extensions/uqbar.wollok-lsp-ide-0.3.6/out/server/src/server.js:2285:6456)\n    at jL (/home/felipe/.vscode/extensions/uqbar.wollok-lsp-ide-0.3.6/out/server/src/server.js:2298:2292)\n    at v3.invoke (/home/felipe/.vscode/extensions/uqbar.wollok-lsp-ide-0.3.6/out/server/src/server.js:3:157200)\n    at o.fire (/home/felipe/.vscode/extensions/uqbar.wollok-lsp-ide-0.3.6/out/server/src/server.js:3:157970)\n    at /home/felipe/.vscode/extensions/uqbar.wollok-lsp-ide-0.3.6/out/server/src/server.js:37:57871\n    at Vr (/home/felipe/.vscode/extensions/uqbar.wollok-lsp-ide-0.3.6/out/server/src/server.js:8:1561)","timestamp":"2024-10-14T23:23:05.894Z"}
{"level":"error","message":"✘ Failed to rebuild document Failed to parse testGranja.wtest: \n-- PARSING FAILED --------------------------------------------------\n\n  22 |   test \"sembrar\"\n  23 | \n> 24 | }\n     | ^\n\nExpected one of the following: \n\n'@', '{', comment, whitespace\n","stack":"Error: Failed to parse testGranja.wtest: \n-- PARSING FAILED --------------------------------------------------\n\n  22 |   test \"sembrar\"\n  23 | \n> 24 | }\n     | ^\n\nExpected one of the following: \n\n'@', '{', comment, whitespace\n\n    at /home/felipe/.vscode/extensions/uqbar.wollok-lsp-ide-0.3.6/out/server/src/server.js:2254:32415\n    at Array.map (<anonymous>)\n    at Jfn (/home/felipe/.vscode/extensions/uqbar.wollok-lsp-ide-0.3.6/out/server/src/server.js:2254:32339)\n    at k2.buildEnvironmentFrom (/home/felipe/.vscode/extensions/uqbar.wollok-lsp-ide-0.3.6/out/server/src/server.js:2285:6721)\n    at k2.updateEnvironmentWith (/home/felipe/.vscode/extensions/uqbar.wollok-lsp-ide-0.3.6/out/server/src/server.js:2285:6456)\n    at jL (/home/felipe/.vscode/extensions/uqbar.wollok-lsp-ide-0.3.6/out/server/src/server.js:2298:2292)\n    at v3.invoke (/home/felipe/.vscode/extensions/uqbar.wollok-lsp-ide-0.3.6/out/server/src/server.js:3:157200)\n    at o.fire (/home/felipe/.vscode/extensions/uqbar.wollok-lsp-ide-0.3.6/out/server/src/server.js:3:157970)\n    at /home/felipe/.vscode/extensions/uqbar.wollok-lsp-ide-0.3.6/out/server/src/server.js:37:57871\n    at Vr (/home/felipe/.vscode/extensions/uqbar.wollok-lsp-ide-0.3.6/out/server/src/server.js:8:1561)","timestamp":"2024-10-14T23:23:06.067Z"}
{"level":"error","message":"✘ Failed to rebuild document Failed to parse testGranja.wtest: \n-- PARSING FAILED --------------------------------------------------\n\n  22 |   test \"sembrar \"\n  23 | \n> 24 | }\n     | ^\n\nExpected one of the following: \n\n'@', '{', comment, whitespace\n","stack":"Error: Failed to parse testGranja.wtest: \n-- PARSING FAILED --------------------------------------------------\n\n  22 |   test \"sembrar \"\n  23 | \n> 24 | }\n     | ^\n\nExpected one of the following: \n\n'@', '{', comment, whitespace\n\n    at /home/felipe/.vscode/extensions/uqbar.wollok-lsp-ide-0.3.6/out/server/src/server.js:2254:32415\n    at Array.map (<anonymous>)\n    at Jfn (/home/felipe/.vscode/extensions/uqbar.wollok-lsp-ide-0.3.6/out/server/src/server.js:2254:32339)\n    at k2.buildEnvironmentFrom (/home/felipe/.vscode/extensions/uqbar.wollok-lsp-ide-0.3.6/out/server/src/server.js:2285:6721)\n    at k2.updateEnvironmentWith (/home/felipe/.vscode/extensions/uqbar.wollok-lsp-ide-0.3.6/out/server/src/server.js:2285:6456)\n    at jL (/home/felipe/.vscode/extensions/uqbar.wollok-lsp-ide-0.3.6/out/server/src/server.js:2298:2292)\n    at v3.invoke (/home/felipe/.vscode/extensions/uqbar.wollok-lsp-ide-0.3.6/out/server/src/server.js:3:157200)\n    at o.fire (/home/felipe/.vscode/extensions/uqbar.wollok-lsp-ide-0.3.6/out/server/src/server.js:3:157970)\n    at /home/felipe/.vscode/extensions/uqbar.wollok-lsp-ide-0.3.6/out/server/src/server.js:37:57871\n    at Vr (/home/felipe/.vscode/extensions/uqbar.wollok-lsp-ide-0.3.6/out/server/src/server.js:8:1561)","timestamp":"2024-10-14T23:23:06.534Z"}
{"level":"error","message":"✘ Failed to rebuild document Failed to parse testGranja.wtest: \n-- PARSING FAILED --------------------------------------------------\n\n  22 |   test \"sembrar c\"\n  23 | \n> 24 | }\n     | ^\n\nExpected one of the following: \n\n'@', '{', comment, whitespace\n","stack":"Error: Failed to parse testGranja.wtest: \n-- PARSING FAILED --------------------------------------------------\n\n  22 |   test \"sembrar c\"\n  23 | \n> 24 | }\n     | ^\n\nExpected one of the following: \n\n'@', '{', comment, whitespace\n\n    at /home/felipe/.vscode/extensions/uqbar.wollok-lsp-ide-0.3.6/out/server/src/server.js:2254:32415\n    at Array.map (<anonymous>)\n    at Jfn (/home/felipe/.vscode/extensions/uqbar.wollok-lsp-ide-0.3.6/out/server/src/server.js:2254:32339)\n    at k2.buildEnvironmentFrom (/home/felipe/.vscode/extensions/uqbar.wollok-lsp-ide-0.3.6/out/server/src/server.js:2285:6721)\n    at k2.updateEnvironmentWith (/home/felipe/.vscode/extensions/uqbar.wollok-lsp-ide-0.3.6/out/server/src/server.js:2285:6456)\n    at jL (/home/felipe/.vscode/extensions/uqbar.wollok-lsp-ide-0.3.6/out/server/src/server.js:2298:2292)\n    at v3.invoke (/home/felipe/.vscode/extensions/uqbar.wollok-lsp-ide-0.3.6/out/server/src/server.js:3:157200)\n    at o.fire (/home/felipe/.vscode/extensions/uqbar.wollok-lsp-ide-0.3.6/out/server/src/server.js:3:157970)\n    at /home/felipe/.vscode/extensions/uqbar.wollok-lsp-ide-0.3.6/out/server/src/server.js:37:57871\n    at Vr (/home/felipe/.vscode/extensions/uqbar.wollok-lsp-ide-0.3.6/out/server/src/server.js:8:1561)","timestamp":"2024-10-14T23:23:07.019Z"}
{"level":"error","message":"✘ Failed to rebuild document Failed to parse testGranja.wtest: \n-- PARSING FAILED --------------------------------------------------\n\n  22 |   test \"sembrar co\"\n  23 | \n> 24 | }\n     | ^\n\nExpected one of the following: \n\n'@', '{', comment, whitespace\n","stack":"Error: Failed to parse testGranja.wtest: \n-- PARSING FAILED --------------------------------------------------\n\n  22 |   test \"sembrar co\"\n  23 | \n> 24 | }\n     | ^\n\nExpected one of the following: \n\n'@', '{', comment, whitespace\n\n    at /home/felipe/.vscode/extensions/uqbar.wollok-lsp-ide-0.3.6/out/server/src/server.js:2254:32415\n    at Array.map (<anonymous>)\n    at Jfn (/home/felipe/.vscode/extensions/uqbar.wollok-lsp-ide-0.3.6/out/server/src/server.js:2254:32339)\n    at k2.buildEnvironmentFrom (/home/felipe/.vscode/extensions/uqbar.wollok-lsp-ide-0.3.6/out/server/src/server.js:2285:6721)\n    at k2.updateEnvironmentWith (/home/felipe/.vscode/extensions/uqbar.wollok-lsp-ide-0.3.6/out/server/src/server.js:2285:6456)\n    at jL (/home/felipe/.vscode/extensions/uqbar.wollok-lsp-ide-0.3.6/out/server/src/server.js:2298:2292)\n    at v3.invoke (/home/felipe/.vscode/extensions/uqbar.wollok-lsp-ide-0.3.6/out/server/src/server.js:3:157200)\n    at o.fire (/home/felipe/.vscode/extensions/uqbar.wollok-lsp-ide-0.3.6/out/server/src/server.js:3:157970)\n    at /home/felipe/.vscode/extensions/uqbar.wollok-lsp-ide-0.3.6/out/server/src/server.js:37:57871\n    at Vr (/home/felipe/.vscode/extensions/uqbar.wollok-lsp-ide-0.3.6/out/server/src/server.js:8:1561)","timestamp":"2024-10-14T23:23:07.132Z"}
{"level":"error","message":"✘ Failed to rebuild document Failed to parse testGranja.wtest: \n-- PARSING FAILED --------------------------------------------------\n\n  22 |   test \"sembrar con\"\n  23 | \n> 24 | }\n     | ^\n\nExpected one of the following: \n\n'@', '{', comment, whitespace\n","stack":"Error: Failed to parse testGranja.wtest: \n-- PARSING FAILED --------------------------------------------------\n\n  22 |   test \"sembrar con\"\n  23 | \n> 24 | }\n     | ^\n\nExpected one of the following: \n\n'@', '{', comment, whitespace\n\n    at /home/felipe/.vscode/extensions/uqbar.wollok-lsp-ide-0.3.6/out/server/src/server.js:2254:32415\n    at Array.map (<anonymous>)\n    at Jfn (/home/felipe/.vscode/extensions/uqbar.wollok-lsp-ide-0.3.6/out/server/src/server.js:2254:32339)\n    at k2.buildEnvironmentFrom (/home/felipe/.vscode/extensions/uqbar.wollok-lsp-ide-0.3.6/out/server/src/server.js:2285:6721)\n    at k2.updateEnvironmentWith (/home/felipe/.vscode/extensions/uqbar.wollok-lsp-ide-0.3.6/out/server/src/server.js:2285:6456)\n    at jL (/home/felipe/.vscode/extensions/uqbar.wollok-lsp-ide-0.3.6/out/server/src/server.js:2298:2292)\n    at v3.invoke (/home/felipe/.vscode/extensions/uqbar.wollok-lsp-ide-0.3.6/out/server/src/server.js:3:157200)\n    at o.fire (/home/felipe/.vscode/extensions/uqbar.wollok-lsp-ide-0.3.6/out/server/src/server.js:3:157970)\n    at /home/felipe/.vscode/extensions/uqbar.wollok-lsp-ide-0.3.6/out/server/src/server.js:37:57871\n    at Vr (/home/felipe/.vscode/extensions/uqbar.wollok-lsp-ide-0.3.6/out/server/src/server.js:8:1561)","timestamp":"2024-10-14T23:23:07.585Z"}
{"level":"error","message":"✘ Failed to rebuild document Failed to parse testGranja.wtest: \n-- PARSING FAILED --------------------------------------------------\n\n  22 |   test \"sembrar con \"\n  23 | \n> 24 | }\n     | ^\n\nExpected one of the following: \n\n'@', '{', comment, whitespace\n","stack":"Error: Failed to parse testGranja.wtest: \n-- PARSING FAILED --------------------------------------------------\n\n  22 |   test \"sembrar con \"\n  23 | \n> 24 | }\n     | ^\n\nExpected one of the following: \n\n'@', '{', comment, whitespace\n\n    at /home/felipe/.vscode/extensions/uqbar.wollok-lsp-ide-0.3.6/out/server/src/server.js:2254:32415\n    at Array.map (<anonymous>)\n    at Jfn (/home/felipe/.vscode/extensions/uqbar.wollok-lsp-ide-0.3.6/out/server/src/server.js:2254:32339)\n    at k2.buildEnvironmentFrom (/home/felipe/.vscode/extensions/uqbar.wollok-lsp-ide-0.3.6/out/server/src/server.js:2285:6721)\n    at k2.updateEnvironmentWith (/home/felipe/.vscode/extensions/uqbar.wollok-lsp-ide-0.3.6/out/server/src/server.js:2285:6456)\n    at jL (/home/felipe/.vscode/extensions/uqbar.wollok-lsp-ide-0.3.6/out/server/src/server.js:2298:2292)\n    at v3.invoke (/home/felipe/.vscode/extensions/uqbar.wollok-lsp-ide-0.3.6/out/server/src/server.js:3:157200)\n    at o.fire (/home/felipe/.vscode/extensions/uqbar.wollok-lsp-ide-0.3.6/out/server/src/server.js:3:157970)\n    at /home/felipe/.vscode/extensions/uqbar.wollok-lsp-ide-0.3.6/out/server/src/server.js:37:57871\n    at Vr (/home/felipe/.vscode/extensions/uqbar.wollok-lsp-ide-0.3.6/out/server/src/server.js:8:1561)","timestamp":"2024-10-14T23:23:08.282Z"}
{"level":"error","message":"✘ Failed to rebuild document Failed to parse testGranja.wtest: \n-- PARSING FAILED --------------------------------------------------\n\n  22 |   test \"sembrar con e\"\n  23 | \n> 24 | }\n     | ^\n\nExpected one of the following: \n\n'@', '{', comment, whitespace\n","stack":"Error: Failed to parse testGranja.wtest: \n-- PARSING FAILED --------------------------------------------------\n\n  22 |   test \"sembrar con e\"\n  23 | \n> 24 | }\n     | ^\n\nExpected one of the following: \n\n'@', '{', comment, whitespace\n\n    at /home/felipe/.vscode/extensions/uqbar.wollok-lsp-ide-0.3.6/out/server/src/server.js:2254:32415\n    at Array.map (<anonymous>)\n    at Jfn (/home/felipe/.vscode/extensions/uqbar.wollok-lsp-ide-0.3.6/out/server/src/server.js:2254:32339)\n    at k2.buildEnvironmentFrom (/home/felipe/.vscode/extensions/uqbar.wollok-lsp-ide-0.3.6/out/server/src/server.js:2285:6721)\n    at k2.updateEnvironmentWith (/home/felipe/.vscode/extensions/uqbar.wollok-lsp-ide-0.3.6/out/server/src/server.js:2285:6456)\n    at jL (/home/felipe/.vscode/extensions/uqbar.wollok-lsp-ide-0.3.6/out/server/src/server.js:2298:2292)\n    at v3.invoke (/home/felipe/.vscode/extensions/uqbar.wollok-lsp-ide-0.3.6/out/server/src/server.js:3:157200)\n    at o.fire (/home/felipe/.vscode/extensions/uqbar.wollok-lsp-ide-0.3.6/out/server/src/server.js:3:157970)\n    at /home/felipe/.vscode/extensions/uqbar.wollok-lsp-ide-0.3.6/out/server/src/server.js:37:57871\n    at Vr (/home/felipe/.vscode/extensions/uqbar.wollok-lsp-ide-0.3.6/out/server/src/server.js:8:1561)","timestamp":"2024-10-14T23:23:08.412Z"}
{"level":"error","message":"✘ Failed to rebuild document Failed to parse testGranja.wtest: \n-- PARSING FAILED --------------------------------------------------\n\n  22 |   test \"sembrar con er\"\n  23 | \n> 24 | }\n     | ^\n\nExpected one of the following: \n\n'@', '{', comment, whitespace\n","stack":"Error: Failed to parse testGranja.wtest: \n-- PARSING FAILED --------------------------------------------------\n\n  22 |   test \"sembrar con er\"\n  23 | \n> 24 | }\n     | ^\n\nExpected one of the following: \n\n'@', '{', comment, whitespace\n\n    at /home/felipe/.vscode/extensions/uqbar.wollok-lsp-ide-0.3.6/out/server/src/server.js:2254:32415\n    at Array.map (<anonymous>)\n    at Jfn (/home/felipe/.vscode/extensions/uqbar.wollok-lsp-ide-0.3.6/out/server/src/server.js:2254:32339)\n    at k2.buildEnvironmentFrom (/home/felipe/.vscode/extensions/uqbar.wollok-lsp-ide-0.3.6/out/server/src/server.js:2285:6721)\n    at k2.updateEnvironmentWith (/home/felipe/.vscode/extensions/uqbar.wollok-lsp-ide-0.3.6/out/server/src/server.js:2285:6456)\n    at jL (/home/felipe/.vscode/extensions/uqbar.wollok-lsp-ide-0.3.6/out/server/src/server.js:2298:2292)\n    at v3.invoke (/home/felipe/.vscode/extensions/uqbar.wollok-lsp-ide-0.3.6/out/server/src/server.js:3:157200)\n    at o.fire (/home/felipe/.vscode/extensions/uqbar.wollok-lsp-ide-0.3.6/out/server/src/server.js:3:157970)\n    at /home/felipe/.vscode/extensions/uqbar.wollok-lsp-ide-0.3.6/out/server/src/server.js:37:57871\n    at Vr (/home/felipe/.vscode/extensions/uqbar.wollok-lsp-ide-0.3.6/out/server/src/server.js:8:1561)","timestamp":"2024-10-14T23:23:08.583Z"}
{"level":"error","message":"✘ Failed to rebuild document Failed to parse testGranja.wtest: \n-- PARSING FAILED --------------------------------------------------\n\n  22 |   test \"sembrar con err\"\n  23 | \n> 24 | }\n     | ^\n\nExpected one of the following: \n\n'@', '{', comment, whitespace\n","stack":"Error: Failed to parse testGranja.wtest: \n-- PARSING FAILED --------------------------------------------------\n\n  22 |   test \"sembrar con err\"\n  23 | \n> 24 | }\n     | ^\n\nExpected one of the following: \n\n'@', '{', comment, whitespace\n\n    at /home/felipe/.vscode/extensions/uqbar.wollok-lsp-ide-0.3.6/out/server/src/server.js:2254:32415\n    at Array.map (<anonymous>)\n    at Jfn (/home/felipe/.vscode/extensions/uqbar.wollok-lsp-ide-0.3.6/out/server/src/server.js:2254:32339)\n    at k2.buildEnvironmentFrom (/home/felipe/.vscode/extensions/uqbar.wollok-lsp-ide-0.3.6/out/server/src/server.js:2285:6721)\n    at k2.updateEnvironmentWith (/home/felipe/.vscode/extensions/uqbar.wollok-lsp-ide-0.3.6/out/server/src/server.js:2285:6456)\n    at jL (/home/felipe/.vscode/extensions/uqbar.wollok-lsp-ide-0.3.6/out/server/src/server.js:2298:2292)\n    at v3.invoke (/home/felipe/.vscode/extensions/uqbar.wollok-lsp-ide-0.3.6/out/server/src/server.js:3:157200)\n    at o.fire (/home/felipe/.vscode/extensions/uqbar.wollok-lsp-ide-0.3.6/out/server/src/server.js:3:157970)\n    at /home/felipe/.vscode/extensions/uqbar.wollok-lsp-ide-0.3.6/out/server/src/server.js:37:57871\n    at Vr (/home/felipe/.vscode/extensions/uqbar.wollok-lsp-ide-0.3.6/out/server/src/server.js:8:1561)","timestamp":"2024-10-14T23:23:08.797Z"}
{"level":"error","message":"✘ Failed to rebuild document Failed to parse testGranja.wtest: \n-- PARSING FAILED --------------------------------------------------\n\n  22 |   test \"sembrar con erro\"\n  23 | \n> 24 | }\n     | ^\n\nExpected one of the following: \n\n'@', '{', comment, whitespace\n","stack":"Error: Failed to parse testGranja.wtest: \n-- PARSING FAILED --------------------------------------------------\n\n  22 |   test \"sembrar con erro\"\n  23 | \n> 24 | }\n     | ^\n\nExpected one of the following: \n\n'@', '{', comment, whitespace\n\n    at /home/felipe/.vscode/extensions/uqbar.wollok-lsp-ide-0.3.6/out/server/src/server.js:2254:32415\n    at Array.map (<anonymous>)\n    at Jfn (/home/felipe/.vscode/extensions/uqbar.wollok-lsp-ide-0.3.6/out/server/src/server.js:2254:32339)\n    at k2.buildEnvironmentFrom (/home/felipe/.vscode/extensions/uqbar.wollok-lsp-ide-0.3.6/out/server/src/server.js:2285:6721)\n    at k2.updateEnvironmentWith (/home/felipe/.vscode/extensions/uqbar.wollok-lsp-ide-0.3.6/out/server/src/server.js:2285:6456)\n    at jL (/home/felipe/.vscode/extensions/uqbar.wollok-lsp-ide-0.3.6/out/server/src/server.js:2298:2292)\n    at v3.invoke (/home/felipe/.vscode/extensions/uqbar.wollok-lsp-ide-0.3.6/out/server/src/server.js:3:157200)\n    at o.fire (/home/felipe/.vscode/extensions/uqbar.wollok-lsp-ide-0.3.6/out/server/src/server.js:3:157970)\n    at /home/felipe/.vscode/extensions/uqbar.wollok-lsp-ide-0.3.6/out/server/src/server.js:37:57871\n    at Vr (/home/felipe/.vscode/extensions/uqbar.wollok-lsp-ide-0.3.6/out/server/src/server.js:8:1561)","timestamp":"2024-10-14T23:23:08.895Z"}
{"level":"error","message":"✘ Failed to rebuild document Failed to parse testGranja.wtest: \n-- PARSING FAILED --------------------------------------------------\n\n  22 |   test \"sembrar con error\"\n  23 | \n> 24 | }\n     | ^\n\nExpected one of the following: \n\n'@', '{', comment, whitespace\n","stack":"Error: Failed to parse testGranja.wtest: \n-- PARSING FAILED --------------------------------------------------\n\n  22 |   test \"sembrar con error\"\n  23 | \n> 24 | }\n     | ^\n\nExpected one of the following: \n\n'@', '{', comment, whitespace\n\n    at /home/felipe/.vscode/extensions/uqbar.wollok-lsp-ide-0.3.6/out/server/src/server.js:2254:32415\n    at Array.map (<anonymous>)\n    at Jfn (/home/felipe/.vscode/extensions/uqbar.wollok-lsp-ide-0.3.6/out/server/src/server.js:2254:32339)\n    at k2.buildEnvironmentFrom (/home/felipe/.vscode/extensions/uqbar.wollok-lsp-ide-0.3.6/out/server/src/server.js:2285:6721)\n    at k2.updateEnvironmentWith (/home/felipe/.vscode/extensions/uqbar.wollok-lsp-ide-0.3.6/out/server/src/server.js:2285:6456)\n    at jL (/home/felipe/.vscode/extensions/uqbar.wollok-lsp-ide-0.3.6/out/server/src/server.js:2298:2292)\n    at v3.invoke (/home/felipe/.vscode/extensions/uqbar.wollok-lsp-ide-0.3.6/out/server/src/server.js:3:157200)\n    at o.fire (/home/felipe/.vscode/extensions/uqbar.wollok-lsp-ide-0.3.6/out/server/src/server.js:3:157970)\n    at /home/felipe/.vscode/extensions/uqbar.wollok-lsp-ide-0.3.6/out/server/src/server.js:37:57871\n    at Vr (/home/felipe/.vscode/extensions/uqbar.wollok-lsp-ide-0.3.6/out/server/src/server.js:8:1561)","timestamp":"2024-10-14T23:23:09.385Z"}
{"level":"error","message":"✘ Failed to rebuild document Failed to parse testGranja.wtest: \n-- PARSING FAILED --------------------------------------------------\n\n  22 |   test \"sembrar con erro\"\n  23 | \n> 24 | }\n     | ^\n\nExpected one of the following: \n\n'@', '{', comment, whitespace\n","stack":"Error: Failed to parse testGranja.wtest: \n-- PARSING FAILED --------------------------------------------------\n\n  22 |   test \"sembrar con erro\"\n  23 | \n> 24 | }\n     | ^\n\nExpected one of the following: \n\n'@', '{', comment, whitespace\n\n    at /home/felipe/.vscode/extensions/uqbar.wollok-lsp-ide-0.3.6/out/server/src/server.js:2254:32415\n    at Array.map (<anonymous>)\n    at Jfn (/home/felipe/.vscode/extensions/uqbar.wollok-lsp-ide-0.3.6/out/server/src/server.js:2254:32339)\n    at k2.buildEnvironmentFrom (/home/felipe/.vscode/extensions/uqbar.wollok-lsp-ide-0.3.6/out/server/src/server.js:2285:6721)\n    at k2.updateEnvironmentWith (/home/felipe/.vscode/extensions/uqbar.wollok-lsp-ide-0.3.6/out/server/src/server.js:2285:6456)\n    at jL (/home/felipe/.vscode/extensions/uqbar.wollok-lsp-ide-0.3.6/out/server/src/server.js:2298:2292)\n    at v3.invoke (/home/felipe/.vscode/extensions/uqbar.wollok-lsp-ide-0.3.6/out/server/src/server.js:3:157200)\n    at o.fire (/home/felipe/.vscode/extensions/uqbar.wollok-lsp-ide-0.3.6/out/server/src/server.js:3:157970)\n    at /home/felipe/.vscode/extensions/uqbar.wollok-lsp-ide-0.3.6/out/server/src/server.js:37:57871\n    at Vr (/home/felipe/.vscode/extensions/uqbar.wollok-lsp-ide-0.3.6/out/server/src/server.js:8:1561)","timestamp":"2024-10-14T23:23:10.642Z"}
{"level":"error","message":"✘ Failed to rebuild document Failed to parse testGranja.wtest: \n-- PARSING FAILED --------------------------------------------------\n\n  22 |   test \"sembrar con err\"\n  23 | \n> 24 | }\n     | ^\n\nExpected one of the following: \n\n'@', '{', comment, whitespace\n","stack":"Error: Failed to parse testGranja.wtest: \n-- PARSING FAILED --------------------------------------------------\n\n  22 |   test \"sembrar con err\"\n  23 | \n> 24 | }\n     | ^\n\nExpected one of the following: \n\n'@', '{', comment, whitespace\n\n    at /home/felipe/.vscode/extensions/uqbar.wollok-lsp-ide-0.3.6/out/server/src/server.js:2254:32415\n    at Array.map (<anonymous>)\n    at Jfn (/home/felipe/.vscode/extensions/uqbar.wollok-lsp-ide-0.3.6/out/server/src/server.js:2254:32339)\n    at k2.buildEnvironmentFrom (/home/felipe/.vscode/extensions/uqbar.wollok-lsp-ide-0.3.6/out/server/src/server.js:2285:6721)\n    at k2.updateEnvironmentWith (/home/felipe/.vscode/extensions/uqbar.wollok-lsp-ide-0.3.6/out/server/src/server.js:2285:6456)\n    at jL (/home/felipe/.vscode/extensions/uqbar.wollok-lsp-ide-0.3.6/out/server/src/server.js:2298:2292)\n    at v3.invoke (/home/felipe/.vscode/extensions/uqbar.wollok-lsp-ide-0.3.6/out/server/src/server.js:3:157200)\n    at o.fire (/home/felipe/.vscode/extensions/uqbar.wollok-lsp-ide-0.3.6/out/server/src/server.js:3:157970)\n    at /home/felipe/.vscode/extensions/uqbar.wollok-lsp-ide-0.3.6/out/server/src/server.js:37:57871\n    at Vr (/home/felipe/.vscode/extensions/uqbar.wollok-lsp-ide-0.3.6/out/server/src/server.js:8:1561)","timestamp":"2024-10-14T23:23:11.135Z"}
{"level":"error","message":"✘ Failed to rebuild document Failed to parse testGranja.wtest: \n-- PARSING FAILED --------------------------------------------------\n\n  22 |   test \"sembrar con er\"\n  23 | \n> 24 | }\n     | ^\n\nExpected one of the following: \n\n'@', '{', comment, whitespace\n","stack":"Error: Failed to parse testGranja.wtest: \n-- PARSING FAILED --------------------------------------------------\n\n  22 |   test \"sembrar con er\"\n  23 | \n> 24 | }\n     | ^\n\nExpected one of the following: \n\n'@', '{', comment, whitespace\n\n    at /home/felipe/.vscode/extensions/uqbar.wollok-lsp-ide-0.3.6/out/server/src/server.js:2254:32415\n    at Array.map (<anonymous>)\n    at Jfn (/home/felipe/.vscode/extensions/uqbar.wollok-lsp-ide-0.3.6/out/server/src/server.js:2254:32339)\n    at k2.buildEnvironmentFrom (/home/felipe/.vscode/extensions/uqbar.wollok-lsp-ide-0.3.6/out/server/src/server.js:2285:6721)\n    at k2.updateEnvironmentWith (/home/felipe/.vscode/extensions/uqbar.wollok-lsp-ide-0.3.6/out/server/src/server.js:2285:6456)\n    at jL (/home/felipe/.vscode/extensions/uqbar.wollok-lsp-ide-0.3.6/out/server/src/server.js:2298:2292)\n    at v3.invoke (/home/felipe/.vscode/extensions/uqbar.wollok-lsp-ide-0.3.6/out/server/src/server.js:3:157200)\n    at o.fire (/home/felipe/.vscode/extensions/uqbar.wollok-lsp-ide-0.3.6/out/server/src/server.js:3:157970)\n    at /home/felipe/.vscode/extensions/uqbar.wollok-lsp-ide-0.3.6/out/server/src/server.js:37:57871\n    at Vr (/home/felipe/.vscode/extensions/uqbar.wollok-lsp-ide-0.3.6/out/server/src/server.js:8:1561)","timestamp":"2024-10-14T23:23:11.158Z"}
{"level":"error","message":"✘ Failed to rebuild document Failed to parse testGranja.wtest: \n-- PARSING FAILED --------------------------------------------------\n\n  22 |   test \"sembrar con e\"\n  23 | \n> 24 | }\n     | ^\n\nExpected one of the following: \n\n'@', '{', comment, whitespace\n","stack":"Error: Failed to parse testGranja.wtest: \n-- PARSING FAILED --------------------------------------------------\n\n  22 |   test \"sembrar con e\"\n  23 | \n> 24 | }\n     | ^\n\nExpected one of the following: \n\n'@', '{', comment, whitespace\n\n    at /home/felipe/.vscode/extensions/uqbar.wollok-lsp-ide-0.3.6/out/server/src/server.js:2254:32415\n    at Array.map (<anonymous>)\n    at Jfn (/home/felipe/.vscode/extensions/uqbar.wollok-lsp-ide-0.3.6/out/server/src/server.js:2254:32339)\n    at k2.buildEnvironmentFrom (/home/felipe/.vscode/extensions/uqbar.wollok-lsp-ide-0.3.6/out/server/src/server.js:2285:6721)\n    at k2.updateEnvironmentWith (/home/felipe/.vscode/extensions/uqbar.wollok-lsp-ide-0.3.6/out/server/src/server.js:2285:6456)\n    at jL (/home/felipe/.vscode/extensions/uqbar.wollok-lsp-ide-0.3.6/out/server/src/server.js:2298:2292)\n    at v3.invoke (/home/felipe/.vscode/extensions/uqbar.wollok-lsp-ide-0.3.6/out/server/src/server.js:3:157200)\n    at o.fire (/home/felipe/.vscode/extensions/uqbar.wollok-lsp-ide-0.3.6/out/server/src/server.js:3:157970)\n    at /home/felipe/.vscode/extensions/uqbar.wollok-lsp-ide-0.3.6/out/server/src/server.js:37:57871\n    at Vr (/home/felipe/.vscode/extensions/uqbar.wollok-lsp-ide-0.3.6/out/server/src/server.js:8:1561)","timestamp":"2024-10-14T23:23:11.189Z"}
{"level":"error","message":"✘ Failed to rebuild document Failed to parse testGranja.wtest: \n-- PARSING FAILED --------------------------------------------------\n\n  22 |   test \"sembrar con \"\n  23 | \n> 24 | }\n     | ^\n\nExpected one of the following: \n\n'@', '{', comment, whitespace\n","stack":"Error: Failed to parse testGranja.wtest: \n-- PARSING FAILED --------------------------------------------------\n\n  22 |   test \"sembrar con \"\n  23 | \n> 24 | }\n     | ^\n\nExpected one of the following: \n\n'@', '{', comment, whitespace\n\n    at /home/felipe/.vscode/extensions/uqbar.wollok-lsp-ide-0.3.6/out/server/src/server.js:2254:32415\n    at Array.map (<anonymous>)\n    at Jfn (/home/felipe/.vscode/extensions/uqbar.wollok-lsp-ide-0.3.6/out/server/src/server.js:2254:32339)\n    at k2.buildEnvironmentFrom (/home/felipe/.vscode/extensions/uqbar.wollok-lsp-ide-0.3.6/out/server/src/server.js:2285:6721)\n    at k2.updateEnvironmentWith (/home/felipe/.vscode/extensions/uqbar.wollok-lsp-ide-0.3.6/out/server/src/server.js:2285:6456)\n    at jL (/home/felipe/.vscode/extensions/uqbar.wollok-lsp-ide-0.3.6/out/server/src/server.js:2298:2292)\n    at v3.invoke (/home/felipe/.vscode/extensions/uqbar.wollok-lsp-ide-0.3.6/out/server/src/server.js:3:157200)\n    at o.fire (/home/felipe/.vscode/extensions/uqbar.wollok-lsp-ide-0.3.6/out/server/src/server.js:3:157970)\n    at /home/felipe/.vscode/extensions/uqbar.wollok-lsp-ide-0.3.6/out/server/src/server.js:37:57871\n    at Vr (/home/felipe/.vscode/extensions/uqbar.wollok-lsp-ide-0.3.6/out/server/src/server.js:8:1561)","timestamp":"2024-10-14T23:23:11.219Z"}
{"level":"error","message":"✘ Failed to rebuild document Failed to parse testGranja.wtest: \n-- PARSING FAILED --------------------------------------------------\n\n  22 |   test \"sembrar con\"\n  23 | \n> 24 | }\n     | ^\n\nExpected one of the following: \n\n'@', '{', comment, whitespace\n","stack":"Error: Failed to parse testGranja.wtest: \n-- PARSING FAILED --------------------------------------------------\n\n  22 |   test \"sembrar con\"\n  23 | \n> 24 | }\n     | ^\n\nExpected one of the following: \n\n'@', '{', comment, whitespace\n\n    at /home/felipe/.vscode/extensions/uqbar.wollok-lsp-ide-0.3.6/out/server/src/server.js:2254:32415\n    at Array.map (<anonymous>)\n    at Jfn (/home/felipe/.vscode/extensions/uqbar.wollok-lsp-ide-0.3.6/out/server/src/server.js:2254:32339)\n    at k2.buildEnvironmentFrom (/home/felipe/.vscode/extensions/uqbar.wollok-lsp-ide-0.3.6/out/server/src/server.js:2285:6721)\n    at k2.updateEnvironmentWith (/home/felipe/.vscode/extensions/uqbar.wollok-lsp-ide-0.3.6/out/server/src/server.js:2285:6456)\n    at jL (/home/felipe/.vscode/extensions/uqbar.wollok-lsp-ide-0.3.6/out/server/src/server.js:2298:2292)\n    at v3.invoke (/home/felipe/.vscode/extensions/uqbar.wollok-lsp-ide-0.3.6/out/server/src/server.js:3:157200)\n    at o.fire (/home/felipe/.vscode/extensions/uqbar.wollok-lsp-ide-0.3.6/out/server/src/server.js:3:157970)\n    at /home/felipe/.vscode/extensions/uqbar.wollok-lsp-ide-0.3.6/out/server/src/server.js:37:57871\n    at Vr (/home/felipe/.vscode/extensions/uqbar.wollok-lsp-ide-0.3.6/out/server/src/server.js:8:1561)","timestamp":"2024-10-14T23:23:11.250Z"}
{"level":"error","message":"✘ Failed to rebuild document Failed to parse testGranja.wtest: \n-- PARSING FAILED --------------------------------------------------\n\n  22 |   test \"sembrar co\"\n  23 | \n> 24 | }\n     | ^\n\nExpected one of the following: \n\n'@', '{', comment, whitespace\n","stack":"Error: Failed to parse testGranja.wtest: \n-- PARSING FAILED --------------------------------------------------\n\n  22 |   test \"sembrar co\"\n  23 | \n> 24 | }\n     | ^\n\nExpected one of the following: \n\n'@', '{', comment, whitespace\n\n    at /home/felipe/.vscode/extensions/uqbar.wollok-lsp-ide-0.3.6/out/server/src/server.js:2254:32415\n    at Array.map (<anonymous>)\n    at Jfn (/home/felipe/.vscode/extensions/uqbar.wollok-lsp-ide-0.3.6/out/server/src/server.js:2254:32339)\n    at k2.buildEnvironmentFrom (/home/felipe/.vscode/extensions/uqbar.wollok-lsp-ide-0.3.6/out/server/src/server.js:2285:6721)\n    at k2.updateEnvironmentWith (/home/felipe/.vscode/extensions/uqbar.wollok-lsp-ide-0.3.6/out/server/src/server.js:2285:6456)\n    at jL (/home/felipe/.vscode/extensions/uqbar.wollok-lsp-ide-0.3.6/out/server/src/server.js:2298:2292)\n    at v3.invoke (/home/felipe/.vscode/extensions/uqbar.wollok-lsp-ide-0.3.6/out/server/src/server.js:3:157200)\n    at o.fire (/home/felipe/.vscode/extensions/uqbar.wollok-lsp-ide-0.3.6/out/server/src/server.js:3:157970)\n    at /home/felipe/.vscode/extensions/uqbar.wollok-lsp-ide-0.3.6/out/server/src/server.js:37:57871\n    at Vr (/home/felipe/.vscode/extensions/uqbar.wollok-lsp-ide-0.3.6/out/server/src/server.js:8:1561)","timestamp":"2024-10-14T23:23:11.280Z"}
{"level":"error","message":"✘ Failed to rebuild document Failed to parse testGranja.wtest: \n-- PARSING FAILED --------------------------------------------------\n\n  22 |   test \"sembrar c\"\n  23 | \n> 24 | }\n     | ^\n\nExpected one of the following: \n\n'@', '{', comment, whitespace\n","stack":"Error: Failed to parse testGranja.wtest: \n-- PARSING FAILED --------------------------------------------------\n\n  22 |   test \"sembrar c\"\n  23 | \n> 24 | }\n     | ^\n\nExpected one of the following: \n\n'@', '{', comment, whitespace\n\n    at /home/felipe/.vscode/extensions/uqbar.wollok-lsp-ide-0.3.6/out/server/src/server.js:2254:32415\n    at Array.map (<anonymous>)\n    at Jfn (/home/felipe/.vscode/extensions/uqbar.wollok-lsp-ide-0.3.6/out/server/src/server.js:2254:32339)\n    at k2.buildEnvironmentFrom (/home/felipe/.vscode/extensions/uqbar.wollok-lsp-ide-0.3.6/out/server/src/server.js:2285:6721)\n    at k2.updateEnvironmentWith (/home/felipe/.vscode/extensions/uqbar.wollok-lsp-ide-0.3.6/out/server/src/server.js:2285:6456)\n    at jL (/home/felipe/.vscode/extensions/uqbar.wollok-lsp-ide-0.3.6/out/server/src/server.js:2298:2292)\n    at v3.invoke (/home/felipe/.vscode/extensions/uqbar.wollok-lsp-ide-0.3.6/out/server/src/server.js:3:157200)\n    at o.fire (/home/felipe/.vscode/extensions/uqbar.wollok-lsp-ide-0.3.6/out/server/src/server.js:3:157970)\n    at /home/felipe/.vscode/extensions/uqbar.wollok-lsp-ide-0.3.6/out/server/src/server.js:37:57871\n    at Vr (/home/felipe/.vscode/extensions/uqbar.wollok-lsp-ide-0.3.6/out/server/src/server.js:8:1561)","timestamp":"2024-10-14T23:23:11.313Z"}
{"level":"error","message":"✘ Failed to rebuild document Failed to parse testGranja.wtest: \n-- PARSING FAILED --------------------------------------------------\n\n  22 |   test \"sembrar \"\n  23 | \n> 24 | }\n     | ^\n\nExpected one of the following: \n\n'@', '{', comment, whitespace\n","stack":"Error: Failed to parse testGranja.wtest: \n-- PARSING FAILED --------------------------------------------------\n\n  22 |   test \"sembrar \"\n  23 | \n> 24 | }\n     | ^\n\nExpected one of the following: \n\n'@', '{', comment, whitespace\n\n    at /home/felipe/.vscode/extensions/uqbar.wollok-lsp-ide-0.3.6/out/server/src/server.js:2254:32415\n    at Array.map (<anonymous>)\n    at Jfn (/home/felipe/.vscode/extensions/uqbar.wollok-lsp-ide-0.3.6/out/server/src/server.js:2254:32339)\n    at k2.buildEnvironmentFrom (/home/felipe/.vscode/extensions/uqbar.wollok-lsp-ide-0.3.6/out/server/src/server.js:2285:6721)\n    at k2.updateEnvironmentWith (/home/felipe/.vscode/extensions/uqbar.wollok-lsp-ide-0.3.6/out/server/src/server.js:2285:6456)\n    at jL (/home/felipe/.vscode/extensions/uqbar.wollok-lsp-ide-0.3.6/out/server/src/server.js:2298:2292)\n    at v3.invoke (/home/felipe/.vscode/extensions/uqbar.wollok-lsp-ide-0.3.6/out/server/src/server.js:3:157200)\n    at o.fire (/home/felipe/.vscode/extensions/uqbar.wollok-lsp-ide-0.3.6/out/server/src/server.js:3:157970)\n    at /home/felipe/.vscode/extensions/uqbar.wollok-lsp-ide-0.3.6/out/server/src/server.js:37:57871\n    at Vr (/home/felipe/.vscode/extensions/uqbar.wollok-lsp-ide-0.3.6/out/server/src/server.js:8:1561)","timestamp":"2024-10-14T23:23:11.339Z"}
{"level":"error","message":"✘ Failed to rebuild document Failed to parse testGranja.wtest: \n-- PARSING FAILED --------------------------------------------------\n\n  22 |   test \"sembrar\"\n  23 | \n> 24 | }\n     | ^\n\nExpected one of the following: \n\n'@', '{', comment, whitespace\n","stack":"Error: Failed to parse testGranja.wtest: \n-- PARSING FAILED --------------------------------------------------\n\n  22 |   test \"sembrar\"\n  23 | \n> 24 | }\n     | ^\n\nExpected one of the following: \n\n'@', '{', comment, whitespace\n\n    at /home/felipe/.vscode/extensions/uqbar.wollok-lsp-ide-0.3.6/out/server/src/server.js:2254:32415\n    at Array.map (<anonymous>)\n    at Jfn (/home/felipe/.vscode/extensions/uqbar.wollok-lsp-ide-0.3.6/out/server/src/server.js:2254:32339)\n    at k2.buildEnvironmentFrom (/home/felipe/.vscode/extensions/uqbar.wollok-lsp-ide-0.3.6/out/server/src/server.js:2285:6721)\n    at k2.updateEnvironmentWith (/home/felipe/.vscode/extensions/uqbar.wollok-lsp-ide-0.3.6/out/server/src/server.js:2285:6456)\n    at jL (/home/felipe/.vscode/extensions/uqbar.wollok-lsp-ide-0.3.6/out/server/src/server.js:2298:2292)\n    at v3.invoke (/home/felipe/.vscode/extensions/uqbar.wollok-lsp-ide-0.3.6/out/server/src/server.js:3:157200)\n    at o.fire (/home/felipe/.vscode/extensions/uqbar.wollok-lsp-ide-0.3.6/out/server/src/server.js:3:157970)\n    at /home/felipe/.vscode/extensions/uqbar.wollok-lsp-ide-0.3.6/out/server/src/server.js:37:57871\n    at Vr (/home/felipe/.vscode/extensions/uqbar.wollok-lsp-ide-0.3.6/out/server/src/server.js:8:1561)","timestamp":"2024-10-14T23:23:11.373Z"}
{"level":"error","message":"✘ Failed to rebuild document Failed to parse testGranja.wtest: \n-- PARSING FAILED --------------------------------------------------\n\n  22 |   test \"sembra\"\n  23 | \n> 24 | }\n     | ^\n\nExpected one of the following: \n\n'@', '{', comment, whitespace\n","stack":"Error: Failed to parse testGranja.wtest: \n-- PARSING FAILED --------------------------------------------------\n\n  22 |   test \"sembra\"\n  23 | \n> 24 | }\n     | ^\n\nExpected one of the following: \n\n'@', '{', comment, whitespace\n\n    at /home/felipe/.vscode/extensions/uqbar.wollok-lsp-ide-0.3.6/out/server/src/server.js:2254:32415\n    at Array.map (<anonymous>)\n    at Jfn (/home/felipe/.vscode/extensions/uqbar.wollok-lsp-ide-0.3.6/out/server/src/server.js:2254:32339)\n    at k2.buildEnvironmentFrom (/home/felipe/.vscode/extensions/uqbar.wollok-lsp-ide-0.3.6/out/server/src/server.js:2285:6721)\n    at k2.updateEnvironmentWith (/home/felipe/.vscode/extensions/uqbar.wollok-lsp-ide-0.3.6/out/server/src/server.js:2285:6456)\n    at jL (/home/felipe/.vscode/extensions/uqbar.wollok-lsp-ide-0.3.6/out/server/src/server.js:2298:2292)\n    at v3.invoke (/home/felipe/.vscode/extensions/uqbar.wollok-lsp-ide-0.3.6/out/server/src/server.js:3:157200)\n    at o.fire (/home/felipe/.vscode/extensions/uqbar.wollok-lsp-ide-0.3.6/out/server/src/server.js:3:157970)\n    at /home/felipe/.vscode/extensions/uqbar.wollok-lsp-ide-0.3.6/out/server/src/server.js:37:57871\n    at Vr (/home/felipe/.vscode/extensions/uqbar.wollok-lsp-ide-0.3.6/out/server/src/server.js:8:1561)","timestamp":"2024-10-14T23:23:11.406Z"}
{"level":"error","message":"✘ Failed to rebuild document Failed to parse testGranja.wtest: \n-- PARSING FAILED --------------------------------------------------\n\n  22 |   test \"sembr\"\n  23 | \n> 24 | }\n     | ^\n\nExpected one of the following: \n\n'@', '{', comment, whitespace\n","stack":"Error: Failed to parse testGranja.wtest: \n-- PARSING FAILED --------------------------------------------------\n\n  22 |   test \"sembr\"\n  23 | \n> 24 | }\n     | ^\n\nExpected one of the following: \n\n'@', '{', comment, whitespace\n\n    at /home/felipe/.vscode/extensions/uqbar.wollok-lsp-ide-0.3.6/out/server/src/server.js:2254:32415\n    at Array.map (<anonymous>)\n    at Jfn (/home/felipe/.vscode/extensions/uqbar.wollok-lsp-ide-0.3.6/out/server/src/server.js:2254:32339)\n    at k2.buildEnvironmentFrom (/home/felipe/.vscode/extensions/uqbar.wollok-lsp-ide-0.3.6/out/server/src/server.js:2285:6721)\n    at k2.updateEnvironmentWith (/home/felipe/.vscode/extensions/uqbar.wollok-lsp-ide-0.3.6/out/server/src/server.js:2285:6456)\n    at jL (/home/felipe/.vscode/extensions/uqbar.wollok-lsp-ide-0.3.6/out/server/src/server.js:2298:2292)\n    at v3.invoke (/home/felipe/.vscode/extensions/uqbar.wollok-lsp-ide-0.3.6/out/server/src/server.js:3:157200)\n    at o.fire (/home/felipe/.vscode/extensions/uqbar.wollok-lsp-ide-0.3.6/out/server/src/server.js:3:157970)\n    at /home/felipe/.vscode/extensions/uqbar.wollok-lsp-ide-0.3.6/out/server/src/server.js:37:57871\n    at Vr (/home/felipe/.vscode/extensions/uqbar.wollok-lsp-ide-0.3.6/out/server/src/server.js:8:1561)","timestamp":"2024-10-14T23:23:11.434Z"}
{"level":"error","message":"✘ Failed to rebuild document Failed to parse testGranja.wtest: \n-- PARSING FAILED --------------------------------------------------\n\n  22 |   test \"semb\"\n  23 | \n> 24 | }\n     | ^\n\nExpected one of the following: \n\n'@', '{', comment, whitespace\n","stack":"Error: Failed to parse testGranja.wtest: \n-- PARSING FAILED --------------------------------------------------\n\n  22 |   test \"semb\"\n  23 | \n> 24 | }\n     | ^\n\nExpected one of the following: \n\n'@', '{', comment, whitespace\n\n    at /home/felipe/.vscode/extensions/uqbar.wollok-lsp-ide-0.3.6/out/server/src/server.js:2254:32415\n    at Array.map (<anonymous>)\n    at Jfn (/home/felipe/.vscode/extensions/uqbar.wollok-lsp-ide-0.3.6/out/server/src/server.js:2254:32339)\n    at k2.buildEnvironmentFrom (/home/felipe/.vscode/extensions/uqbar.wollok-lsp-ide-0.3.6/out/server/src/server.js:2285:6721)\n    at k2.updateEnvironmentWith (/home/felipe/.vscode/extensions/uqbar.wollok-lsp-ide-0.3.6/out/server/src/server.js:2285:6456)\n    at jL (/home/felipe/.vscode/extensions/uqbar.wollok-lsp-ide-0.3.6/out/server/src/server.js:2298:2292)\n    at v3.invoke (/home/felipe/.vscode/extensions/uqbar.wollok-lsp-ide-0.3.6/out/server/src/server.js:3:157200)\n    at o.fire (/home/felipe/.vscode/extensions/uqbar.wollok-lsp-ide-0.3.6/out/server/src/server.js:3:157970)\n    at /home/felipe/.vscode/extensions/uqbar.wollok-lsp-ide-0.3.6/out/server/src/server.js:37:57871\n    at Vr (/home/felipe/.vscode/extensions/uqbar.wollok-lsp-ide-0.3.6/out/server/src/server.js:8:1561)","timestamp":"2024-10-14T23:23:11.464Z"}
{"level":"error","message":"✘ Failed to rebuild document Failed to parse testGranja.wtest: \n-- PARSING FAILED --------------------------------------------------\n\n  22 |   test \"sem\"\n  23 | \n> 24 | }\n     | ^\n\nExpected one of the following: \n\n'@', '{', comment, whitespace\n","stack":"Error: Failed to parse testGranja.wtest: \n-- PARSING FAILED --------------------------------------------------\n\n  22 |   test \"sem\"\n  23 | \n> 24 | }\n     | ^\n\nExpected one of the following: \n\n'@', '{', comment, whitespace\n\n    at /home/felipe/.vscode/extensions/uqbar.wollok-lsp-ide-0.3.6/out/server/src/server.js:2254:32415\n    at Array.map (<anonymous>)\n    at Jfn (/home/felipe/.vscode/extensions/uqbar.wollok-lsp-ide-0.3.6/out/server/src/server.js:2254:32339)\n    at k2.buildEnvironmentFrom (/home/felipe/.vscode/extensions/uqbar.wollok-lsp-ide-0.3.6/out/server/src/server.js:2285:6721)\n    at k2.updateEnvironmentWith (/home/felipe/.vscode/extensions/uqbar.wollok-lsp-ide-0.3.6/out/server/src/server.js:2285:6456)\n    at jL (/home/felipe/.vscode/extensions/uqbar.wollok-lsp-ide-0.3.6/out/server/src/server.js:2298:2292)\n    at v3.invoke (/home/felipe/.vscode/extensions/uqbar.wollok-lsp-ide-0.3.6/out/server/src/server.js:3:157200)\n    at o.fire (/home/felipe/.vscode/extensions/uqbar.wollok-lsp-ide-0.3.6/out/server/src/server.js:3:157970)\n    at /home/felipe/.vscode/extensions/uqbar.wollok-lsp-ide-0.3.6/out/server/src/server.js:37:57871\n    at Vr (/home/felipe/.vscode/extensions/uqbar.wollok-lsp-ide-0.3.6/out/server/src/server.js:8:1561)","timestamp":"2024-10-14T23:23:11.490Z"}
{"level":"error","message":"✘ Failed to rebuild document Failed to parse testGranja.wtest: \n-- PARSING FAILED --------------------------------------------------\n\n  22 |   test \"se\"\n  23 | \n> 24 | }\n     | ^\n\nExpected one of the following: \n\n'@', '{', comment, whitespace\n","stack":"Error: Failed to parse testGranja.wtest: \n-- PARSING FAILED --------------------------------------------------\n\n  22 |   test \"se\"\n  23 | \n> 24 | }\n     | ^\n\nExpected one of the following: \n\n'@', '{', comment, whitespace\n\n    at /home/felipe/.vscode/extensions/uqbar.wollok-lsp-ide-0.3.6/out/server/src/server.js:2254:32415\n    at Array.map (<anonymous>)\n    at Jfn (/home/felipe/.vscode/extensions/uqbar.wollok-lsp-ide-0.3.6/out/server/src/server.js:2254:32339)\n    at k2.buildEnvironmentFrom (/home/felipe/.vscode/extensions/uqbar.wollok-lsp-ide-0.3.6/out/server/src/server.js:2285:6721)\n    at k2.updateEnvironmentWith (/home/felipe/.vscode/extensions/uqbar.wollok-lsp-ide-0.3.6/out/server/src/server.js:2285:6456)\n    at jL (/home/felipe/.vscode/extensions/uqbar.wollok-lsp-ide-0.3.6/out/server/src/server.js:2298:2292)\n    at v3.invoke (/home/felipe/.vscode/extensions/uqbar.wollok-lsp-ide-0.3.6/out/server/src/server.js:3:157200)\n    at o.fire (/home/felipe/.vscode/extensions/uqbar.wollok-lsp-ide-0.3.6/out/server/src/server.js:3:157970)\n    at /home/felipe/.vscode/extensions/uqbar.wollok-lsp-ide-0.3.6/out/server/src/server.js:37:57871\n    at Vr (/home/felipe/.vscode/extensions/uqbar.wollok-lsp-ide-0.3.6/out/server/src/server.js:8:1561)","timestamp":"2024-10-14T23:23:11.608Z"}
{"level":"error","message":"✘ Failed to rebuild document Failed to parse testGranja.wtest: \n-- PARSING FAILED --------------------------------------------------\n\n  22 |   test \"s\"\n  23 | \n> 24 | }\n     | ^\n\nExpected one of the following: \n\n'@', '{', comment, whitespace\n","stack":"Error: Failed to parse testGranja.wtest: \n-- PARSING FAILED --------------------------------------------------\n\n  22 |   test \"s\"\n  23 | \n> 24 | }\n     | ^\n\nExpected one of the following: \n\n'@', '{', comment, whitespace\n\n    at /home/felipe/.vscode/extensions/uqbar.wollok-lsp-ide-0.3.6/out/server/src/server.js:2254:32415\n    at Array.map (<anonymous>)\n    at Jfn (/home/felipe/.vscode/extensions/uqbar.wollok-lsp-ide-0.3.6/out/server/src/server.js:2254:32339)\n    at k2.buildEnvironmentFrom (/home/felipe/.vscode/extensions/uqbar.wollok-lsp-ide-0.3.6/out/server/src/server.js:2285:6721)\n    at k2.updateEnvironmentWith (/home/felipe/.vscode/extensions/uqbar.wollok-lsp-ide-0.3.6/out/server/src/server.js:2285:6456)\n    at jL (/home/felipe/.vscode/extensions/uqbar.wollok-lsp-ide-0.3.6/out/server/src/server.js:2298:2292)\n    at v3.invoke (/home/felipe/.vscode/extensions/uqbar.wollok-lsp-ide-0.3.6/out/server/src/server.js:3:157200)\n    at o.fire (/home/felipe/.vscode/extensions/uqbar.wollok-lsp-ide-0.3.6/out/server/src/server.js:3:157970)\n    at /home/felipe/.vscode/extensions/uqbar.wollok-lsp-ide-0.3.6/out/server/src/server.js:37:57871\n    at Vr (/home/felipe/.vscode/extensions/uqbar.wollok-lsp-ide-0.3.6/out/server/src/server.js:8:1561)","timestamp":"2024-10-14T23:23:11.891Z"}
{"level":"error","message":"✘ Failed to rebuild document Failed to parse testGranja.wtest: \n-- PARSING FAILED --------------------------------------------------\n\n  22 |   test \"\"\n  23 | \n> 24 | }\n     | ^\n\nExpected one of the following: \n\n'@', '{', comment, whitespace\n","stack":"Error: Failed to parse testGranja.wtest: \n-- PARSING FAILED --------------------------------------------------\n\n  22 |   test \"\"\n  23 | \n> 24 | }\n     | ^\n\nExpected one of the following: \n\n'@', '{', comment, whitespace\n\n    at /home/felipe/.vscode/extensions/uqbar.wollok-lsp-ide-0.3.6/out/server/src/server.js:2254:32415\n    at Array.map (<anonymous>)\n    at Jfn (/home/felipe/.vscode/extensions/uqbar.wollok-lsp-ide-0.3.6/out/server/src/server.js:2254:32339)\n    at k2.buildEnvironmentFrom (/home/felipe/.vscode/extensions/uqbar.wollok-lsp-ide-0.3.6/out/server/src/server.js:2285:6721)\n    at k2.updateEnvironmentWith (/home/felipe/.vscode/extensions/uqbar.wollok-lsp-ide-0.3.6/out/server/src/server.js:2285:6456)\n    at jL (/home/felipe/.vscode/extensions/uqbar.wollok-lsp-ide-0.3.6/out/server/src/server.js:2298:2292)\n    at v3.invoke (/home/felipe/.vscode/extensions/uqbar.wollok-lsp-ide-0.3.6/out/server/src/server.js:3:157200)\n    at o.fire (/home/felipe/.vscode/extensions/uqbar.wollok-lsp-ide-0.3.6/out/server/src/server.js:3:157970)\n    at /home/felipe/.vscode/extensions/uqbar.wollok-lsp-ide-0.3.6/out/server/src/server.js:37:57871\n    at Vr (/home/felipe/.vscode/extensions/uqbar.wollok-lsp-ide-0.3.6/out/server/src/server.js:8:1561)","timestamp":"2024-10-14T23:23:12.231Z"}
{"level":"error","message":"✘ Failed to rebuild document Failed to parse testGranja.wtest: \n-- PARSING FAILED --------------------------------------------------\n\n  22 |   test \"e\"\n  23 | \n> 24 | }\n     | ^\n\nExpected one of the following: \n\n'@', '{', comment, whitespace\n","stack":"Error: Failed to parse testGranja.wtest: \n-- PARSING FAILED --------------------------------------------------\n\n  22 |   test \"e\"\n  23 | \n> 24 | }\n     | ^\n\nExpected one of the following: \n\n'@', '{', comment, whitespace\n\n    at /home/felipe/.vscode/extensions/uqbar.wollok-lsp-ide-0.3.6/out/server/src/server.js:2254:32415\n    at Array.map (<anonymous>)\n    at Jfn (/home/felipe/.vscode/extensions/uqbar.wollok-lsp-ide-0.3.6/out/server/src/server.js:2254:32339)\n    at k2.buildEnvironmentFrom (/home/felipe/.vscode/extensions/uqbar.wollok-lsp-ide-0.3.6/out/server/src/server.js:2285:6721)\n    at k2.updateEnvironmentWith (/home/felipe/.vscode/extensions/uqbar.wollok-lsp-ide-0.3.6/out/server/src/server.js:2285:6456)\n    at jL (/home/felipe/.vscode/extensions/uqbar.wollok-lsp-ide-0.3.6/out/server/src/server.js:2298:2292)\n    at v3.invoke (/home/felipe/.vscode/extensions/uqbar.wollok-lsp-ide-0.3.6/out/server/src/server.js:3:157200)\n    at o.fire (/home/felipe/.vscode/extensions/uqbar.wollok-lsp-ide-0.3.6/out/server/src/server.js:3:157970)\n    at /home/felipe/.vscode/extensions/uqbar.wollok-lsp-ide-0.3.6/out/server/src/server.js:37:57871\n    at Vr (/home/felipe/.vscode/extensions/uqbar.wollok-lsp-ide-0.3.6/out/server/src/server.js:8:1561)","timestamp":"2024-10-14T23:23:12.560Z"}
{"level":"error","message":"✘ Failed to rebuild document Failed to parse testGranja.wtest: \n-- PARSING FAILED --------------------------------------------------\n\n  22 |   test \"er\"\n  23 | \n> 24 | }\n     | ^\n\nExpected one of the following: \n\n'@', '{', comment, whitespace\n","stack":"Error: Failed to parse testGranja.wtest: \n-- PARSING FAILED --------------------------------------------------\n\n  22 |   test \"er\"\n  23 | \n> 24 | }\n     | ^\n\nExpected one of the following: \n\n'@', '{', comment, whitespace\n\n    at /home/felipe/.vscode/extensions/uqbar.wollok-lsp-ide-0.3.6/out/server/src/server.js:2254:32415\n    at Array.map (<anonymous>)\n    at Jfn (/home/felipe/.vscode/extensions/uqbar.wollok-lsp-ide-0.3.6/out/server/src/server.js:2254:32339)\n    at k2.buildEnvironmentFrom (/home/felipe/.vscode/extensions/uqbar.wollok-lsp-ide-0.3.6/out/server/src/server.js:2285:6721)\n    at k2.updateEnvironmentWith (/home/felipe/.vscode/extensions/uqbar.wollok-lsp-ide-0.3.6/out/server/src/server.js:2285:6456)\n    at jL (/home/felipe/.vscode/extensions/uqbar.wollok-lsp-ide-0.3.6/out/server/src/server.js:2298:2292)\n    at v3.invoke (/home/felipe/.vscode/extensions/uqbar.wollok-lsp-ide-0.3.6/out/server/src/server.js:3:157200)\n    at o.fire (/home/felipe/.vscode/extensions/uqbar.wollok-lsp-ide-0.3.6/out/server/src/server.js:3:157970)\n    at /home/felipe/.vscode/extensions/uqbar.wollok-lsp-ide-0.3.6/out/server/src/server.js:37:57871\n    at Vr (/home/felipe/.vscode/extensions/uqbar.wollok-lsp-ide-0.3.6/out/server/src/server.js:8:1561)","timestamp":"2024-10-14T23:23:12.767Z"}
{"level":"error","message":"✘ Failed to rebuild document Failed to parse testGranja.wtest: \n-- PARSING FAILED --------------------------------------------------\n\n  22 |   test \"err\"\n  23 | \n> 24 | }\n     | ^\n\nExpected one of the following: \n\n'@', '{', comment, whitespace\n","stack":"Error: Failed to parse testGranja.wtest: \n-- PARSING FAILED --------------------------------------------------\n\n  22 |   test \"err\"\n  23 | \n> 24 | }\n     | ^\n\nExpected one of the following: \n\n'@', '{', comment, whitespace\n\n    at /home/felipe/.vscode/extensions/uqbar.wollok-lsp-ide-0.3.6/out/server/src/server.js:2254:32415\n    at Array.map (<anonymous>)\n    at Jfn (/home/felipe/.vscode/extensions/uqbar.wollok-lsp-ide-0.3.6/out/server/src/server.js:2254:32339)\n    at k2.buildEnvironmentFrom (/home/felipe/.vscode/extensions/uqbar.wollok-lsp-ide-0.3.6/out/server/src/server.js:2285:6721)\n    at k2.updateEnvironmentWith (/home/felipe/.vscode/extensions/uqbar.wollok-lsp-ide-0.3.6/out/server/src/server.js:2285:6456)\n    at jL (/home/felipe/.vscode/extensions/uqbar.wollok-lsp-ide-0.3.6/out/server/src/server.js:2298:2292)\n    at v3.invoke (/home/felipe/.vscode/extensions/uqbar.wollok-lsp-ide-0.3.6/out/server/src/server.js:3:157200)\n    at o.fire (/home/felipe/.vscode/extensions/uqbar.wollok-lsp-ide-0.3.6/out/server/src/server.js:3:157970)\n    at /home/felipe/.vscode/extensions/uqbar.wollok-lsp-ide-0.3.6/out/server/src/server.js:37:57871\n    at Vr (/home/felipe/.vscode/extensions/uqbar.wollok-lsp-ide-0.3.6/out/server/src/server.js:8:1561)","timestamp":"2024-10-14T23:23:12.917Z"}
{"level":"error","message":"✘ Failed to rebuild document Failed to parse testGranja.wtest: \n-- PARSING FAILED --------------------------------------------------\n\n  22 |   test \"erro\"\n  23 | \n> 24 | }\n     | ^\n\nExpected one of the following: \n\n'@', '{', comment, whitespace\n","stack":"Error: Failed to parse testGranja.wtest: \n-- PARSING FAILED --------------------------------------------------\n\n  22 |   test \"erro\"\n  23 | \n> 24 | }\n     | ^\n\nExpected one of the following: \n\n'@', '{', comment, whitespace\n\n    at /home/felipe/.vscode/extensions/uqbar.wollok-lsp-ide-0.3.6/out/server/src/server.js:2254:32415\n    at Array.map (<anonymous>)\n    at Jfn (/home/felipe/.vscode/extensions/uqbar.wollok-lsp-ide-0.3.6/out/server/src/server.js:2254:32339)\n    at k2.buildEnvironmentFrom (/home/felipe/.vscode/extensions/uqbar.wollok-lsp-ide-0.3.6/out/server/src/server.js:2285:6721)\n    at k2.updateEnvironmentWith (/home/felipe/.vscode/extensions/uqbar.wollok-lsp-ide-0.3.6/out/server/src/server.js:2285:6456)\n    at jL (/home/felipe/.vscode/extensions/uqbar.wollok-lsp-ide-0.3.6/out/server/src/server.js:2298:2292)\n    at v3.invoke (/home/felipe/.vscode/extensions/uqbar.wollok-lsp-ide-0.3.6/out/server/src/server.js:3:157200)\n    at o.fire (/home/felipe/.vscode/extensions/uqbar.wollok-lsp-ide-0.3.6/out/server/src/server.js:3:157970)\n    at /home/felipe/.vscode/extensions/uqbar.wollok-lsp-ide-0.3.6/out/server/src/server.js:37:57871\n    at Vr (/home/felipe/.vscode/extensions/uqbar.wollok-lsp-ide-0.3.6/out/server/src/server.js:8:1561)","timestamp":"2024-10-14T23:23:12.976Z"}
{"level":"error","message":"✘ Failed to rebuild document Failed to parse testGranja.wtest: \n-- PARSING FAILED --------------------------------------------------\n\n  22 |   test \"error\"\n  23 | \n> 24 | }\n     | ^\n\nExpected one of the following: \n\n'@', '{', comment, whitespace\n","stack":"Error: Failed to parse testGranja.wtest: \n-- PARSING FAILED --------------------------------------------------\n\n  22 |   test \"error\"\n  23 | \n> 24 | }\n     | ^\n\nExpected one of the following: \n\n'@', '{', comment, whitespace\n\n    at /home/felipe/.vscode/extensions/uqbar.wollok-lsp-ide-0.3.6/out/server/src/server.js:2254:32415\n    at Array.map (<anonymous>)\n    at Jfn (/home/felipe/.vscode/extensions/uqbar.wollok-lsp-ide-0.3.6/out/server/src/server.js:2254:32339)\n    at k2.buildEnvironmentFrom (/home/felipe/.vscode/extensions/uqbar.wollok-lsp-ide-0.3.6/out/server/src/server.js:2285:6721)\n    at k2.updateEnvironmentWith (/home/felipe/.vscode/extensions/uqbar.wollok-lsp-ide-0.3.6/out/server/src/server.js:2285:6456)\n    at jL (/home/felipe/.vscode/extensions/uqbar.wollok-lsp-ide-0.3.6/out/server/src/server.js:2298:2292)\n    at v3.invoke (/home/felipe/.vscode/extensions/uqbar.wollok-lsp-ide-0.3.6/out/server/src/server.js:3:157200)\n    at o.fire (/home/felipe/.vscode/extensions/uqbar.wollok-lsp-ide-0.3.6/out/server/src/server.js:3:157970)\n    at /home/felipe/.vscode/extensions/uqbar.wollok-lsp-ide-0.3.6/out/server/src/server.js:37:57871\n    at Vr (/home/felipe/.vscode/extensions/uqbar.wollok-lsp-ide-0.3.6/out/server/src/server.js:8:1561)","timestamp":"2024-10-14T23:23:13.589Z"}
{"level":"error","message":"✘ Failed to rebuild document Failed to parse testGranja.wtest: \n-- PARSING FAILED --------------------------------------------------\n\n  22 |   test \"error \"\n  23 | \n> 24 | }\n     | ^\n\nExpected one of the following: \n\n'@', '{', comment, whitespace\n","stack":"Error: Failed to parse testGranja.wtest: \n-- PARSING FAILED --------------------------------------------------\n\n  22 |   test \"error \"\n  23 | \n> 24 | }\n     | ^\n\nExpected one of the following: \n\n'@', '{', comment, whitespace\n\n    at /home/felipe/.vscode/extensions/uqbar.wollok-lsp-ide-0.3.6/out/server/src/server.js:2254:32415\n    at Array.map (<anonymous>)\n    at Jfn (/home/felipe/.vscode/extensions/uqbar.wollok-lsp-ide-0.3.6/out/server/src/server.js:2254:32339)\n    at k2.buildEnvironmentFrom (/home/felipe/.vscode/extensions/uqbar.wollok-lsp-ide-0.3.6/out/server/src/server.js:2285:6721)\n    at k2.updateEnvironmentWith (/home/felipe/.vscode/extensions/uqbar.wollok-lsp-ide-0.3.6/out/server/src/server.js:2285:6456)\n    at jL (/home/felipe/.vscode/extensions/uqbar.wollok-lsp-ide-0.3.6/out/server/src/server.js:2298:2292)\n    at v3.invoke (/home/felipe/.vscode/extensions/uqbar.wollok-lsp-ide-0.3.6/out/server/src/server.js:3:157200)\n    at o.fire (/home/felipe/.vscode/extensions/uqbar.wollok-lsp-ide-0.3.6/out/server/src/server.js:3:157970)\n    at /home/felipe/.vscode/extensions/uqbar.wollok-lsp-ide-0.3.6/out/server/src/server.js:37:57871\n    at Vr (/home/felipe/.vscode/extensions/uqbar.wollok-lsp-ide-0.3.6/out/server/src/server.js:8:1561)","timestamp":"2024-10-14T23:23:13.716Z"}
{"level":"error","message":"✘ Failed to rebuild document Failed to parse testGranja.wtest: \n-- PARSING FAILED --------------------------------------------------\n\n  22 |   test \"error a\"\n  23 | \n> 24 | }\n     | ^\n\nExpected one of the following: \n\n'@', '{', comment, whitespace\n","stack":"Error: Failed to parse testGranja.wtest: \n-- PARSING FAILED --------------------------------------------------\n\n  22 |   test \"error a\"\n  23 | \n> 24 | }\n     | ^\n\nExpected one of the following: \n\n'@', '{', comment, whitespace\n\n    at /home/felipe/.vscode/extensions/uqbar.wollok-lsp-ide-0.3.6/out/server/src/server.js:2254:32415\n    at Array.map (<anonymous>)\n    at Jfn (/home/felipe/.vscode/extensions/uqbar.wollok-lsp-ide-0.3.6/out/server/src/server.js:2254:32339)\n    at k2.buildEnvironmentFrom (/home/felipe/.vscode/extensions/uqbar.wollok-lsp-ide-0.3.6/out/server/src/server.js:2285:6721)\n    at k2.updateEnvironmentWith (/home/felipe/.vscode/extensions/uqbar.wollok-lsp-ide-0.3.6/out/server/src/server.js:2285:6456)\n    at jL (/home/felipe/.vscode/extensions/uqbar.wollok-lsp-ide-0.3.6/out/server/src/server.js:2298:2292)\n    at v3.invoke (/home/felipe/.vscode/extensions/uqbar.wollok-lsp-ide-0.3.6/out/server/src/server.js:3:157200)\n    at o.fire (/home/felipe/.vscode/extensions/uqbar.wollok-lsp-ide-0.3.6/out/server/src/server.js:3:157970)\n    at /home/felipe/.vscode/extensions/uqbar.wollok-lsp-ide-0.3.6/out/server/src/server.js:37:57871\n    at Vr (/home/felipe/.vscode/extensions/uqbar.wollok-lsp-ide-0.3.6/out/server/src/server.js:8:1561)","timestamp":"2024-10-14T23:23:13.963Z"}
{"level":"error","message":"✘ Failed to rebuild document Failed to parse testGranja.wtest: \n-- PARSING FAILED --------------------------------------------------\n\n  22 |   test \"error al\"\n  23 | \n> 24 | }\n     | ^\n\nExpected one of the following: \n\n'@', '{', comment, whitespace\n","stack":"Error: Failed to parse testGranja.wtest: \n-- PARSING FAILED --------------------------------------------------\n\n  22 |   test \"error al\"\n  23 | \n> 24 | }\n     | ^\n\nExpected one of the following: \n\n'@', '{', comment, whitespace\n\n    at /home/felipe/.vscode/extensions/uqbar.wollok-lsp-ide-0.3.6/out/server/src/server.js:2254:32415\n    at Array.map (<anonymous>)\n    at Jfn (/home/felipe/.vscode/extensions/uqbar.wollok-lsp-ide-0.3.6/out/server/src/server.js:2254:32339)\n    at k2.buildEnvironmentFrom (/home/felipe/.vscode/extensions/uqbar.wollok-lsp-ide-0.3.6/out/server/src/server.js:2285:6721)\n    at k2.updateEnvironmentWith (/home/felipe/.vscode/extensions/uqbar.wollok-lsp-ide-0.3.6/out/server/src/server.js:2285:6456)\n    at jL (/home/felipe/.vscode/extensions/uqbar.wollok-lsp-ide-0.3.6/out/server/src/server.js:2298:2292)\n    at v3.invoke (/home/felipe/.vscode/extensions/uqbar.wollok-lsp-ide-0.3.6/out/server/src/server.js:3:157200)\n    at o.fire (/home/felipe/.vscode/extensions/uqbar.wollok-lsp-ide-0.3.6/out/server/src/server.js:3:157970)\n    at /home/felipe/.vscode/extensions/uqbar.wollok-lsp-ide-0.3.6/out/server/src/server.js:37:57871\n    at Vr (/home/felipe/.vscode/extensions/uqbar.wollok-lsp-ide-0.3.6/out/server/src/server.js:8:1561)","timestamp":"2024-10-14T23:23:14.141Z"}
{"level":"error","message":"✘ Failed to rebuild document Failed to parse testGranja.wtest: \n-- PARSING FAILED --------------------------------------------------\n\n  22 |   test \"error al \"\n  23 | \n> 24 | }\n     | ^\n\nExpected one of the following: \n\n'@', '{', comment, whitespace\n","stack":"Error: Failed to parse testGranja.wtest: \n-- PARSING FAILED --------------------------------------------------\n\n  22 |   test \"error al \"\n  23 | \n> 24 | }\n     | ^\n\nExpected one of the following: \n\n'@', '{', comment, whitespace\n\n    at /home/felipe/.vscode/extensions/uqbar.wollok-lsp-ide-0.3.6/out/server/src/server.js:2254:32415\n    at Array.map (<anonymous>)\n    at Jfn (/home/felipe/.vscode/extensions/uqbar.wollok-lsp-ide-0.3.6/out/server/src/server.js:2254:32339)\n    at k2.buildEnvironmentFrom (/home/felipe/.vscode/extensions/uqbar.wollok-lsp-ide-0.3.6/out/server/src/server.js:2285:6721)\n    at k2.updateEnvironmentWith (/home/felipe/.vscode/extensions/uqbar.wollok-lsp-ide-0.3.6/out/server/src/server.js:2285:6456)\n    at jL (/home/felipe/.vscode/extensions/uqbar.wollok-lsp-ide-0.3.6/out/server/src/server.js:2298:2292)\n    at v3.invoke (/home/felipe/.vscode/extensions/uqbar.wollok-lsp-ide-0.3.6/out/server/src/server.js:3:157200)\n    at o.fire (/home/felipe/.vscode/extensions/uqbar.wollok-lsp-ide-0.3.6/out/server/src/server.js:3:157970)\n    at /home/felipe/.vscode/extensions/uqbar.wollok-lsp-ide-0.3.6/out/server/src/server.js:37:57871\n    at Vr (/home/felipe/.vscode/extensions/uqbar.wollok-lsp-ide-0.3.6/out/server/src/server.js:8:1561)","timestamp":"2024-10-14T23:23:14.272Z"}
{"level":"error","message":"✘ Failed to rebuild document Failed to parse testGranja.wtest: \n-- PARSING FAILED --------------------------------------------------\n\n  22 |   test \"error al s\"\n  23 | \n> 24 | }\n     | ^\n\nExpected one of the following: \n\n'@', '{', comment, whitespace\n","stack":"Error: Failed to parse testGranja.wtest: \n-- PARSING FAILED --------------------------------------------------\n\n  22 |   test \"error al s\"\n  23 | \n> 24 | }\n     | ^\n\nExpected one of the following: \n\n'@', '{', comment, whitespace\n\n    at /home/felipe/.vscode/extensions/uqbar.wollok-lsp-ide-0.3.6/out/server/src/server.js:2254:32415\n    at Array.map (<anonymous>)\n    at Jfn (/home/felipe/.vscode/extensions/uqbar.wollok-lsp-ide-0.3.6/out/server/src/server.js:2254:32339)\n    at k2.buildEnvironmentFrom (/home/felipe/.vscode/extensions/uqbar.wollok-lsp-ide-0.3.6/out/server/src/server.js:2285:6721)\n    at k2.updateEnvironmentWith (/home/felipe/.vscode/extensions/uqbar.wollok-lsp-ide-0.3.6/out/server/src/server.js:2285:6456)\n    at jL (/home/felipe/.vscode/extensions/uqbar.wollok-lsp-ide-0.3.6/out/server/src/server.js:2298:2292)\n    at v3.invoke (/home/felipe/.vscode/extensions/uqbar.wollok-lsp-ide-0.3.6/out/server/src/server.js:3:157200)\n    at o.fire (/home/felipe/.vscode/extensions/uqbar.wollok-lsp-ide-0.3.6/out/server/src/server.js:3:157970)\n    at /home/felipe/.vscode/extensions/uqbar.wollok-lsp-ide-0.3.6/out/server/src/server.js:37:57871\n    at Vr (/home/felipe/.vscode/extensions/uqbar.wollok-lsp-ide-0.3.6/out/server/src/server.js:8:1561)","timestamp":"2024-10-14T23:23:14.373Z"}
{"level":"error","message":"✘ Failed to rebuild document Failed to parse testGranja.wtest: \n-- PARSING FAILED --------------------------------------------------\n\n  22 |   test \"error al se\"\n  23 | \n> 24 | }\n     | ^\n\nExpected one of the following: \n\n'@', '{', comment, whitespace\n","stack":"Error: Failed to parse testGranja.wtest: \n-- PARSING FAILED --------------------------------------------------\n\n  22 |   test \"error al se\"\n  23 | \n> 24 | }\n     | ^\n\nExpected one of the following: \n\n'@', '{', comment, whitespace\n\n    at /home/felipe/.vscode/extensions/uqbar.wollok-lsp-ide-0.3.6/out/server/src/server.js:2254:32415\n    at Array.map (<anonymous>)\n    at Jfn (/home/felipe/.vscode/extensions/uqbar.wollok-lsp-ide-0.3.6/out/server/src/server.js:2254:32339)\n    at k2.buildEnvironmentFrom (/home/felipe/.vscode/extensions/uqbar.wollok-lsp-ide-0.3.6/out/server/src/server.js:2285:6721)\n    at k2.updateEnvironmentWith (/home/felipe/.vscode/extensions/uqbar.wollok-lsp-ide-0.3.6/out/server/src/server.js:2285:6456)\n    at jL (/home/felipe/.vscode/extensions/uqbar.wollok-lsp-ide-0.3.6/out/server/src/server.js:2298:2292)\n    at v3.invoke (/home/felipe/.vscode/extensions/uqbar.wollok-lsp-ide-0.3.6/out/server/src/server.js:3:157200)\n    at o.fire (/home/felipe/.vscode/extensions/uqbar.wollok-lsp-ide-0.3.6/out/server/src/server.js:3:157970)\n    at /home/felipe/.vscode/extensions/uqbar.wollok-lsp-ide-0.3.6/out/server/src/server.js:37:57871\n    at Vr (/home/felipe/.vscode/extensions/uqbar.wollok-lsp-ide-0.3.6/out/server/src/server.js:8:1561)","timestamp":"2024-10-14T23:23:14.572Z"}
{"level":"error","message":"✘ Failed to rebuild document Failed to parse testGranja.wtest: \n-- PARSING FAILED --------------------------------------------------\n\n  22 |   test \"error al sem\"\n  23 | \n> 24 | }\n     | ^\n\nExpected one of the following: \n\n'@', '{', comment, whitespace\n","stack":"Error: Failed to parse testGranja.wtest: \n-- PARSING FAILED --------------------------------------------------\n\n  22 |   test \"error al sem\"\n  23 | \n> 24 | }\n     | ^\n\nExpected one of the following: \n\n'@', '{', comment, whitespace\n\n    at /home/felipe/.vscode/extensions/uqbar.wollok-lsp-ide-0.3.6/out/server/src/server.js:2254:32415\n    at Array.map (<anonymous>)\n    at Jfn (/home/felipe/.vscode/extensions/uqbar.wollok-lsp-ide-0.3.6/out/server/src/server.js:2254:32339)\n    at k2.buildEnvironmentFrom (/home/felipe/.vscode/extensions/uqbar.wollok-lsp-ide-0.3.6/out/server/src/server.js:2285:6721)\n    at k2.updateEnvironmentWith (/home/felipe/.vscode/extensions/uqbar.wollok-lsp-ide-0.3.6/out/server/src/server.js:2285:6456)\n    at jL (/home/felipe/.vscode/extensions/uqbar.wollok-lsp-ide-0.3.6/out/server/src/server.js:2298:2292)\n    at v3.invoke (/home/felipe/.vscode/extensions/uqbar.wollok-lsp-ide-0.3.6/out/server/src/server.js:3:157200)\n    at o.fire (/home/felipe/.vscode/extensions/uqbar.wollok-lsp-ide-0.3.6/out/server/src/server.js:3:157970)\n    at /home/felipe/.vscode/extensions/uqbar.wollok-lsp-ide-0.3.6/out/server/src/server.js:37:57871\n    at Vr (/home/felipe/.vscode/extensions/uqbar.wollok-lsp-ide-0.3.6/out/server/src/server.js:8:1561)","timestamp":"2024-10-14T23:23:14.650Z"}
{"level":"error","message":"✘ Failed to rebuild document Failed to parse testGranja.wtest: \n-- PARSING FAILED --------------------------------------------------\n\n  22 |   test \"error al semb\"\n  23 | \n> 24 | }\n     | ^\n\nExpected one of the following: \n\n'@', '{', comment, whitespace\n","stack":"Error: Failed to parse testGranja.wtest: \n-- PARSING FAILED --------------------------------------------------\n\n  22 |   test \"error al semb\"\n  23 | \n> 24 | }\n     | ^\n\nExpected one of the following: \n\n'@', '{', comment, whitespace\n\n    at /home/felipe/.vscode/extensions/uqbar.wollok-lsp-ide-0.3.6/out/server/src/server.js:2254:32415\n    at Array.map (<anonymous>)\n    at Jfn (/home/felipe/.vscode/extensions/uqbar.wollok-lsp-ide-0.3.6/out/server/src/server.js:2254:32339)\n    at k2.buildEnvironmentFrom (/home/felipe/.vscode/extensions/uqbar.wollok-lsp-ide-0.3.6/out/server/src/server.js:2285:6721)\n    at k2.updateEnvironmentWith (/home/felipe/.vscode/extensions/uqbar.wollok-lsp-ide-0.3.6/out/server/src/server.js:2285:6456)\n    at jL (/home/felipe/.vscode/extensions/uqbar.wollok-lsp-ide-0.3.6/out/server/src/server.js:2298:2292)\n    at v3.invoke (/home/felipe/.vscode/extensions/uqbar.wollok-lsp-ide-0.3.6/out/server/src/server.js:3:157200)\n    at o.fire (/home/felipe/.vscode/extensions/uqbar.wollok-lsp-ide-0.3.6/out/server/src/server.js:3:157970)\n    at /home/felipe/.vscode/extensions/uqbar.wollok-lsp-ide-0.3.6/out/server/src/server.js:37:57871\n    at Vr (/home/felipe/.vscode/extensions/uqbar.wollok-lsp-ide-0.3.6/out/server/src/server.js:8:1561)","timestamp":"2024-10-14T23:23:14.883Z"}
{"level":"error","message":"✘ Failed to rebuild document Failed to parse testGranja.wtest: \n-- PARSING FAILED --------------------------------------------------\n\n  22 |   test \"error al sembr\"\n  23 | \n> 24 | }\n     | ^\n\nExpected one of the following: \n\n'@', '{', comment, whitespace\n","stack":"Error: Failed to parse testGranja.wtest: \n-- PARSING FAILED --------------------------------------------------\n\n  22 |   test \"error al sembr\"\n  23 | \n> 24 | }\n     | ^\n\nExpected one of the following: \n\n'@', '{', comment, whitespace\n\n    at /home/felipe/.vscode/extensions/uqbar.wollok-lsp-ide-0.3.6/out/server/src/server.js:2254:32415\n    at Array.map (<anonymous>)\n    at Jfn (/home/felipe/.vscode/extensions/uqbar.wollok-lsp-ide-0.3.6/out/server/src/server.js:2254:32339)\n    at k2.buildEnvironmentFrom (/home/felipe/.vscode/extensions/uqbar.wollok-lsp-ide-0.3.6/out/server/src/server.js:2285:6721)\n    at k2.updateEnvironmentWith (/home/felipe/.vscode/extensions/uqbar.wollok-lsp-ide-0.3.6/out/server/src/server.js:2285:6456)\n    at jL (/home/felipe/.vscode/extensions/uqbar.wollok-lsp-ide-0.3.6/out/server/src/server.js:2298:2292)\n    at v3.invoke (/home/felipe/.vscode/extensions/uqbar.wollok-lsp-ide-0.3.6/out/server/src/server.js:3:157200)\n    at o.fire (/home/felipe/.vscode/extensions/uqbar.wollok-lsp-ide-0.3.6/out/server/src/server.js:3:157970)\n    at /home/felipe/.vscode/extensions/uqbar.wollok-lsp-ide-0.3.6/out/server/src/server.js:37:57871\n    at Vr (/home/felipe/.vscode/extensions/uqbar.wollok-lsp-ide-0.3.6/out/server/src/server.js:8:1561)","timestamp":"2024-10-14T23:23:14.957Z"}
{"level":"error","message":"✘ Failed to rebuild document Failed to parse testGranja.wtest: \n-- PARSING FAILED --------------------------------------------------\n\n  22 |   test \"error al sembra\"\n  23 | \n> 24 | }\n     | ^\n\nExpected one of the following: \n\n'@', '{', comment, whitespace\n","stack":"Error: Failed to parse testGranja.wtest: \n-- PARSING FAILED --------------------------------------------------\n\n  22 |   test \"error al sembra\"\n  23 | \n> 24 | }\n     | ^\n\nExpected one of the following: \n\n'@', '{', comment, whitespace\n\n    at /home/felipe/.vscode/extensions/uqbar.wollok-lsp-ide-0.3.6/out/server/src/server.js:2254:32415\n    at Array.map (<anonymous>)\n    at Jfn (/home/felipe/.vscode/extensions/uqbar.wollok-lsp-ide-0.3.6/out/server/src/server.js:2254:32339)\n    at k2.buildEnvironmentFrom (/home/felipe/.vscode/extensions/uqbar.wollok-lsp-ide-0.3.6/out/server/src/server.js:2285:6721)\n    at k2.updateEnvironmentWith (/home/felipe/.vscode/extensions/uqbar.wollok-lsp-ide-0.3.6/out/server/src/server.js:2285:6456)\n    at jL (/home/felipe/.vscode/extensions/uqbar.wollok-lsp-ide-0.3.6/out/server/src/server.js:2298:2292)\n    at v3.invoke (/home/felipe/.vscode/extensions/uqbar.wollok-lsp-ide-0.3.6/out/server/src/server.js:3:157200)\n    at o.fire (/home/felipe/.vscode/extensions/uqbar.wollok-lsp-ide-0.3.6/out/server/src/server.js:3:157970)\n    at /home/felipe/.vscode/extensions/uqbar.wollok-lsp-ide-0.3.6/out/server/src/server.js:37:57871\n    at Vr (/home/felipe/.vscode/extensions/uqbar.wollok-lsp-ide-0.3.6/out/server/src/server.js:8:1561)","timestamp":"2024-10-14T23:23:15.125Z"}
{"level":"error","message":"✘ Failed to rebuild document Failed to parse testGranja.wtest: \n-- PARSING FAILED --------------------------------------------------\n\n  22 |   test \"error al sembrar\"\n  23 | \n> 24 | }\n     | ^\n\nExpected one of the following: \n\n'@', '{', comment, whitespace\n","stack":"Error: Failed to parse testGranja.wtest: \n-- PARSING FAILED --------------------------------------------------\n\n  22 |   test \"error al sembrar\"\n  23 | \n> 24 | }\n     | ^\n\nExpected one of the following: \n\n'@', '{', comment, whitespace\n\n    at /home/felipe/.vscode/extensions/uqbar.wollok-lsp-ide-0.3.6/out/server/src/server.js:2254:32415\n    at Array.map (<anonymous>)\n    at Jfn (/home/felipe/.vscode/extensions/uqbar.wollok-lsp-ide-0.3.6/out/server/src/server.js:2254:32339)\n    at k2.buildEnvironmentFrom (/home/felipe/.vscode/extensions/uqbar.wollok-lsp-ide-0.3.6/out/server/src/server.js:2285:6721)\n    at k2.updateEnvironmentWith (/home/felipe/.vscode/extensions/uqbar.wollok-lsp-ide-0.3.6/out/server/src/server.js:2285:6456)\n    at jL (/home/felipe/.vscode/extensions/uqbar.wollok-lsp-ide-0.3.6/out/server/src/server.js:2298:2292)\n    at v3.invoke (/home/felipe/.vscode/extensions/uqbar.wollok-lsp-ide-0.3.6/out/server/src/server.js:3:157200)\n    at o.fire (/home/felipe/.vscode/extensions/uqbar.wollok-lsp-ide-0.3.6/out/server/src/server.js:3:157970)\n    at /home/felipe/.vscode/extensions/uqbar.wollok-lsp-ide-0.3.6/out/server/src/server.js:37:57871\n    at Vr (/home/felipe/.vscode/extensions/uqbar.wollok-lsp-ide-0.3.6/out/server/src/server.js:8:1561)","timestamp":"2024-10-14T23:23:15.258Z"}
{"level":"error","message":"✘ Failed to rebuild document Failed to parse testGranja.wtest: \n-- PARSING FAILED --------------------------------------------------\n\n  22 |   test \"error al sembrar\" \n  23 | \n> 24 | }\n     | ^\n\nExpected one of the following: \n\n'@', '{', comment, whitespace\n","stack":"Error: Failed to parse testGranja.wtest: \n-- PARSING FAILED --------------------------------------------------\n\n  22 |   test \"error al sembrar\" \n  23 | \n> 24 | }\n     | ^\n\nExpected one of the following: \n\n'@', '{', comment, whitespace\n\n    at /home/felipe/.vscode/extensions/uqbar.wollok-lsp-ide-0.3.6/out/server/src/server.js:2254:32415\n    at Array.map (<anonymous>)\n    at Jfn (/home/felipe/.vscode/extensions/uqbar.wollok-lsp-ide-0.3.6/out/server/src/server.js:2254:32339)\n    at k2.buildEnvironmentFrom (/home/felipe/.vscode/extensions/uqbar.wollok-lsp-ide-0.3.6/out/server/src/server.js:2285:6721)\n    at k2.updateEnvironmentWith (/home/felipe/.vscode/extensions/uqbar.wollok-lsp-ide-0.3.6/out/server/src/server.js:2285:6456)\n    at jL (/home/felipe/.vscode/extensions/uqbar.wollok-lsp-ide-0.3.6/out/server/src/server.js:2298:2292)\n    at v3.invoke (/home/felipe/.vscode/extensions/uqbar.wollok-lsp-ide-0.3.6/out/server/src/server.js:3:157200)\n    at o.fire (/home/felipe/.vscode/extensions/uqbar.wollok-lsp-ide-0.3.6/out/server/src/server.js:3:157970)\n    at /home/felipe/.vscode/extensions/uqbar.wollok-lsp-ide-0.3.6/out/server/src/server.js:37:57871\n    at Vr (/home/felipe/.vscode/extensions/uqbar.wollok-lsp-ide-0.3.6/out/server/src/server.js:8:1561)","timestamp":"2024-10-14T23:23:17.204Z"}
{"level":"info","message":"⌛ Building environment","timeElapsed":225,"timestamp":"2024-10-14T23:23:17.535Z"}
{"level":"info","message":"⌛ Building environment","timeElapsed":131,"timestamp":"2024-10-14T23:23:17.668Z"}
{"level":"info","message":"⌛ Validating testGranja.wtest","timeElapsed":214,"timestamp":"2024-10-14T23:23:17.882Z"}
{"level":"info","message":"⌛ Validating testGranja.wtest","timeElapsed":226,"timestamp":"2024-10-14T23:23:18.108Z"}
{"level":"info","message":"⌛ Building environment","timeElapsed":154,"timestamp":"2024-10-14T23:23:19.569Z"}
{"level":"info","message":"⌛ Validating testGranja.wtest","timeElapsed":213,"timestamp":"2024-10-14T23:23:19.784Z"}
{"level":"info","message":"⌛ Building environment","timeElapsed":184,"timestamp":"2024-10-14T23:23:26.351Z"}
{"level":"info","message":"⌛ Validating testGranja.wtest","timeElapsed":203,"timestamp":"2024-10-14T23:23:26.556Z"}
{"level":"info","message":"⌛ Building environment","timeElapsed":132,"timestamp":"2024-10-14T23:23:27.653Z"}
{"level":"info","message":"⌛ Validating testGranja.wtest","timeElapsed":251,"timestamp":"2024-10-14T23:23:27.905Z"}
{"level":"info","message":"⌛ Building environment","timeElapsed":144,"timestamp":"2024-10-14T23:23:31.216Z"}
{"level":"info","message":"⌛ Validating testGranja.wtest","timeElapsed":222,"timestamp":"2024-10-14T23:23:31.439Z"}
{"level":"info","message":"⌛ Building environment","timeElapsed":151,"timestamp":"2024-10-14T23:23:32.624Z"}
{"level":"info","message":"⌛ Validating testGranja.wtest","timeElapsed":242,"timestamp":"2024-10-14T23:23:32.913Z"}
{"level":"info","message":"onRequest - completionItem/resolve","timestamp":"2024-10-14T23:23:32.913Z"}
{"level":"info","message":"⌛ Building environment","timeElapsed":202,"timestamp":"2024-10-14T23:23:33.217Z"}
{"level":"info","message":"onRequest - completionItem/resolve","timestamp":"2024-10-14T23:23:33.217Z"}
{"level":"info","message":"⌛ Building environment","timeElapsed":174,"timestamp":"2024-10-14T23:23:33.410Z"}
{"level":"info","message":"onRequest - completionItem/resolve","timestamp":"2024-10-14T23:23:33.411Z"}
{"level":"info","message":"⌛ Validating testGranja.wtest","timeElapsed":210,"timestamp":"2024-10-14T23:23:33.621Z"}
{"level":"info","message":"⌛ Validating testGranja.wtest","timeElapsed":228,"timestamp":"2024-10-14T23:23:33.858Z"}
{"level":"info","message":"onRequest - completionItem/resolve","timestamp":"2024-10-14T23:23:34.357Z"}
{"level":"info","message":"onRequest - completionItem/resolve","timestamp":"2024-10-14T23:23:34.510Z"}
{"level":"info","message":"onRequest - completionItem/resolve","timestamp":"2024-10-14T23:23:34.669Z"}
{"level":"info","message":"⌛ Building environment","timeElapsed":157,"timestamp":"2024-10-14T23:23:35.293Z"}
{"level":"info","message":"⌛ Validating testGranja.wtest","timeElapsed":212,"timestamp":"2024-10-14T23:23:35.506Z"}
{"level":"info","message":"⌛ Building environment","timeElapsed":156,"timestamp":"2024-10-14T23:23:38.231Z"}
{"level":"info","message":"⌛ Validating testGranja.wtest","timeElapsed":223,"timestamp":"2024-10-14T23:23:38.460Z"}
{"failures":[],"level":"info","message":"🧪 Test runner executed on /home/felipe/Documents/Universidad/Proramacion_Con_Objetos_1/2024s2-granja-villa-FeliQI-main/2024s2-granja-villa-FeliQI-5","result":{"failed":0,"ok":1},"timeElapsed":844,"timestamp":"2024-10-14T23:23:47.088Z"}
{"level":"info","message":"⌛ Building environment","timeElapsed":221,"timestamp":"2024-10-14T23:23:52.215Z"}
{"level":"info","message":"⌛ Validating testGranja.wtest","timeElapsed":256,"timestamp":"2024-10-14T23:23:52.481Z"}
{"level":"info","message":"⌛ Building environment","timeElapsed":177,"timestamp":"2024-10-14T23:24:09.020Z"}
{"level":"info","message":"⌛ Building environment","timeElapsed":136,"timestamp":"2024-10-14T23:24:09.156Z"}
{"level":"info","message":"⌛ Validating testGranja.wtest","timeElapsed":252,"timestamp":"2024-10-14T23:24:09.415Z"}
{"level":"info","message":"⌛ Validating testGranja.wtest","timeElapsed":198,"timestamp":"2024-10-14T23:24:09.614Z"}
{"level":"info","message":"⌛ Building environment","timeElapsed":176,"timestamp":"2024-10-14T23:24:09.891Z"}
{"level":"info","message":"⌛ Building environment","timeElapsed":145,"timestamp":"2024-10-14T23:24:10.036Z"}
{"level":"info","message":"⌛ Validating testGranja.wtest","timeElapsed":227,"timestamp":"2024-10-14T23:24:10.305Z"}
{"level":"info","message":"⌛ Building environment","timeElapsed":153,"timestamp":"2024-10-14T23:24:10.458Z"}
{"level":"error","message":"✘ Failed to rebuild document Failed to parse testGranja.wtest: \n-- PARSING FAILED --------------------------------------------------\n\n  27 |   test\n  28 | \n> 29 | }\n     | ^\n\nExpected one of the following: \n\nstring literal, whitespace\n","stack":"Error: Failed to parse testGranja.wtest: \n-- PARSING FAILED --------------------------------------------------\n\n  27 |   test\n  28 | \n> 29 | }\n     | ^\n\nExpected one of the following: \n\nstring literal, whitespace\n\n    at /home/felipe/.vscode/extensions/uqbar.wollok-lsp-ide-0.3.6/out/server/src/server.js:2254:32415\n    at Array.map (<anonymous>)\n    at Jfn (/home/felipe/.vscode/extensions/uqbar.wollok-lsp-ide-0.3.6/out/server/src/server.js:2254:32339)\n    at k2.buildEnvironmentFrom (/home/felipe/.vscode/extensions/uqbar.wollok-lsp-ide-0.3.6/out/server/src/server.js:2285:6721)\n    at k2.updateEnvironmentWith (/home/felipe/.vscode/extensions/uqbar.wollok-lsp-ide-0.3.6/out/server/src/server.js:2285:6456)\n    at jL (/home/felipe/.vscode/extensions/uqbar.wollok-lsp-ide-0.3.6/out/server/src/server.js:2298:2292)\n    at v3.invoke (/home/felipe/.vscode/extensions/uqbar.wollok-lsp-ide-0.3.6/out/server/src/server.js:3:157200)\n    at o.fire (/home/felipe/.vscode/extensions/uqbar.wollok-lsp-ide-0.3.6/out/server/src/server.js:3:157970)\n    at /home/felipe/.vscode/extensions/uqbar.wollok-lsp-ide-0.3.6/out/server/src/server.js:37:57871\n    at Vr (/home/felipe/.vscode/extensions/uqbar.wollok-lsp-ide-0.3.6/out/server/src/server.js:8:1561)","timestamp":"2024-10-14T23:24:10.478Z"}
{"level":"info","message":"⌛ Validating testGranja.wtest","timeElapsed":226,"timestamp":"2024-10-14T23:24:10.704Z"}
{"level":"info","message":"onRequest - completionItem/resolve","timestamp":"2024-10-14T23:24:10.705Z"}
{"level":"info","message":"⌛ Validating testGranja.wtest","timeElapsed":205,"timestamp":"2024-10-14T23:24:10.918Z"}
{"level":"error","message":"✘ Failed to rebuild document Failed to parse testGranja.wtest: \n-- PARSING FAILED --------------------------------------------------\n\n  27 |   test \n  28 | \n> 29 | }\n     | ^\n\nExpected one of the following: \n\nstring literal, whitespace\n","stack":"Error: Failed to parse testGranja.wtest: \n-- PARSING FAILED --------------------------------------------------\n\n  27 |   test \n  28 | \n> 29 | }\n     | ^\n\nExpected one of the following: \n\nstring literal, whitespace\n\n    at /home/felipe/.vscode/extensions/uqbar.wollok-lsp-ide-0.3.6/out/server/src/server.js:2254:32415\n    at Array.map (<anonymous>)\n    at Jfn (/home/felipe/.vscode/extensions/uqbar.wollok-lsp-ide-0.3.6/out/server/src/server.js:2254:32339)\n    at k2.buildEnvironmentFrom (/home/felipe/.vscode/extensions/uqbar.wollok-lsp-ide-0.3.6/out/server/src/server.js:2285:6721)\n    at k2.updateEnvironmentWith (/home/felipe/.vscode/extensions/uqbar.wollok-lsp-ide-0.3.6/out/server/src/server.js:2285:6456)\n    at jL (/home/felipe/.vscode/extensions/uqbar.wollok-lsp-ide-0.3.6/out/server/src/server.js:2298:2292)\n    at v3.invoke (/home/felipe/.vscode/extensions/uqbar.wollok-lsp-ide-0.3.6/out/server/src/server.js:3:157200)\n    at o.fire (/home/felipe/.vscode/extensions/uqbar.wollok-lsp-ide-0.3.6/out/server/src/server.js:3:157970)\n    at /home/felipe/.vscode/extensions/uqbar.wollok-lsp-ide-0.3.6/out/server/src/server.js:37:57871\n    at Vr (/home/felipe/.vscode/extensions/uqbar.wollok-lsp-ide-0.3.6/out/server/src/server.js:8:1561)","timestamp":"2024-10-14T23:24:10.941Z"}
{"level":"error","message":"✘ Failed to rebuild document Failed to parse testGranja.wtest: \n-- PARSING FAILED --------------------------------------------------\n\n  27 |   test \"\"\n  28 | \n> 29 | }\n     | ^\n\nExpected one of the following: \n\n'@', '{', comment, whitespace\n","stack":"Error: Failed to parse testGranja.wtest: \n-- PARSING FAILED --------------------------------------------------\n\n  27 |   test \"\"\n  28 | \n> 29 | }\n     | ^\n\nExpected one of the following: \n\n'@', '{', comment, whitespace\n\n    at /home/felipe/.vscode/extensions/uqbar.wollok-lsp-ide-0.3.6/out/server/src/server.js:2254:32415\n    at Array.map (<anonymous>)\n    at Jfn (/home/felipe/.vscode/extensions/uqbar.wollok-lsp-ide-0.3.6/out/server/src/server.js:2254:32339)\n    at k2.buildEnvironmentFrom (/home/felipe/.vscode/extensions/uqbar.wollok-lsp-ide-0.3.6/out/server/src/server.js:2285:6721)\n    at k2.updateEnvironmentWith (/home/felipe/.vscode/extensions/uqbar.wollok-lsp-ide-0.3.6/out/server/src/server.js:2285:6456)\n    at jL (/home/felipe/.vscode/extensions/uqbar.wollok-lsp-ide-0.3.6/out/server/src/server.js:2298:2292)\n    at v3.invoke (/home/felipe/.vscode/extensions/uqbar.wollok-lsp-ide-0.3.6/out/server/src/server.js:3:157200)\n    at o.fire (/home/felipe/.vscode/extensions/uqbar.wollok-lsp-ide-0.3.6/out/server/src/server.js:3:157970)\n    at /home/felipe/.vscode/extensions/uqbar.wollok-lsp-ide-0.3.6/out/server/src/server.js:37:57871\n    at Vr (/home/felipe/.vscode/extensions/uqbar.wollok-lsp-ide-0.3.6/out/server/src/server.js:8:1561)","timestamp":"2024-10-14T23:24:11.006Z"}
{"level":"error","message":"✘ Failed to rebuild document Failed to parse testGranja.wtest: \n-- PARSING FAILED --------------------------------------------------\n\n  27 |   test \"r\"\n  28 | \n> 29 | }\n     | ^\n\nExpected one of the following: \n\n'@', '{', comment, whitespace\n","stack":"Error: Failed to parse testGranja.wtest: \n-- PARSING FAILED --------------------------------------------------\n\n  27 |   test \"r\"\n  28 | \n> 29 | }\n     | ^\n\nExpected one of the following: \n\n'@', '{', comment, whitespace\n\n    at /home/felipe/.vscode/extensions/uqbar.wollok-lsp-ide-0.3.6/out/server/src/server.js:2254:32415\n    at Array.map (<anonymous>)\n    at Jfn (/home/felipe/.vscode/extensions/uqbar.wollok-lsp-ide-0.3.6/out/server/src/server.js:2254:32339)\n    at k2.buildEnvironmentFrom (/home/felipe/.vscode/extensions/uqbar.wollok-lsp-ide-0.3.6/out/server/src/server.js:2285:6721)\n    at k2.updateEnvironmentWith (/home/felipe/.vscode/extensions/uqbar.wollok-lsp-ide-0.3.6/out/server/src/server.js:2285:6456)\n    at jL (/home/felipe/.vscode/extensions/uqbar.wollok-lsp-ide-0.3.6/out/server/src/server.js:2298:2292)\n    at v3.invoke (/home/felipe/.vscode/extensions/uqbar.wollok-lsp-ide-0.3.6/out/server/src/server.js:3:157200)\n    at o.fire (/home/felipe/.vscode/extensions/uqbar.wollok-lsp-ide-0.3.6/out/server/src/server.js:3:157970)\n    at /home/felipe/.vscode/extensions/uqbar.wollok-lsp-ide-0.3.6/out/server/src/server.js:37:57871\n    at Vr (/home/felipe/.vscode/extensions/uqbar.wollok-lsp-ide-0.3.6/out/server/src/server.js:8:1561)","timestamp":"2024-10-14T23:24:11.587Z"}
{"level":"error","message":"✘ Failed to rebuild document Failed to parse testGranja.wtest: \n-- PARSING FAILED --------------------------------------------------\n\n  27 |   test \"re\"\n  28 | \n> 29 | }\n     | ^\n\nExpected one of the following: \n\n'@', '{', comment, whitespace\n","stack":"Error: Failed to parse testGranja.wtest: \n-- PARSING FAILED --------------------------------------------------\n\n  27 |   test \"re\"\n  28 | \n> 29 | }\n     | ^\n\nExpected one of the following: \n\n'@', '{', comment, whitespace\n\n    at /home/felipe/.vscode/extensions/uqbar.wollok-lsp-ide-0.3.6/out/server/src/server.js:2254:32415\n    at Array.map (<anonymous>)\n    at Jfn (/home/felipe/.vscode/extensions/uqbar.wollok-lsp-ide-0.3.6/out/server/src/server.js:2254:32339)\n    at k2.buildEnvironmentFrom (/home/felipe/.vscode/extensions/uqbar.wollok-lsp-ide-0.3.6/out/server/src/server.js:2285:6721)\n    at k2.updateEnvironmentWith (/home/felipe/.vscode/extensions/uqbar.wollok-lsp-ide-0.3.6/out/server/src/server.js:2285:6456)\n    at jL (/home/felipe/.vscode/extensions/uqbar.wollok-lsp-ide-0.3.6/out/server/src/server.js:2298:2292)\n    at v3.invoke (/home/felipe/.vscode/extensions/uqbar.wollok-lsp-ide-0.3.6/out/server/src/server.js:3:157200)\n    at o.fire (/home/felipe/.vscode/extensions/uqbar.wollok-lsp-ide-0.3.6/out/server/src/server.js:3:157970)\n    at /home/felipe/.vscode/extensions/uqbar.wollok-lsp-ide-0.3.6/out/server/src/server.js:37:57871\n    at Vr (/home/felipe/.vscode/extensions/uqbar.wollok-lsp-ide-0.3.6/out/server/src/server.js:8:1561)","timestamp":"2024-10-14T23:24:11.691Z"}
{"level":"error","message":"✘ Failed to rebuild document Failed to parse testGranja.wtest: \n-- PARSING FAILED --------------------------------------------------\n\n  27 |   test \"reg\"\n  28 | \n> 29 | }\n     | ^\n\nExpected one of the following: \n\n'@', '{', comment, whitespace\n","stack":"Error: Failed to parse testGranja.wtest: \n-- PARSING FAILED --------------------------------------------------\n\n  27 |   test \"reg\"\n  28 | \n> 29 | }\n     | ^\n\nExpected one of the following: \n\n'@', '{', comment, whitespace\n\n    at /home/felipe/.vscode/extensions/uqbar.wollok-lsp-ide-0.3.6/out/server/src/server.js:2254:32415\n    at Array.map (<anonymous>)\n    at Jfn (/home/felipe/.vscode/extensions/uqbar.wollok-lsp-ide-0.3.6/out/server/src/server.js:2254:32339)\n    at k2.buildEnvironmentFrom (/home/felipe/.vscode/extensions/uqbar.wollok-lsp-ide-0.3.6/out/server/src/server.js:2285:6721)\n    at k2.updateEnvironmentWith (/home/felipe/.vscode/extensions/uqbar.wollok-lsp-ide-0.3.6/out/server/src/server.js:2285:6456)\n    at jL (/home/felipe/.vscode/extensions/uqbar.wollok-lsp-ide-0.3.6/out/server/src/server.js:2298:2292)\n    at v3.invoke (/home/felipe/.vscode/extensions/uqbar.wollok-lsp-ide-0.3.6/out/server/src/server.js:3:157200)\n    at o.fire (/home/felipe/.vscode/extensions/uqbar.wollok-lsp-ide-0.3.6/out/server/src/server.js:3:157970)\n    at /home/felipe/.vscode/extensions/uqbar.wollok-lsp-ide-0.3.6/out/server/src/server.js:37:57871\n    at Vr (/home/felipe/.vscode/extensions/uqbar.wollok-lsp-ide-0.3.6/out/server/src/server.js:8:1561)","timestamp":"2024-10-14T23:24:11.780Z"}
{"level":"error","message":"✘ Failed to rebuild document Failed to parse testGranja.wtest: \n-- PARSING FAILED --------------------------------------------------\n\n  27 |   test \"re\"\n  28 | \n> 29 | }\n     | ^\n\nExpected one of the following: \n\n'@', '{', comment, whitespace\n","stack":"Error: Failed to parse testGranja.wtest: \n-- PARSING FAILED --------------------------------------------------\n\n  27 |   test \"re\"\n  28 | \n> 29 | }\n     | ^\n\nExpected one of the following: \n\n'@', '{', comment, whitespace\n\n    at /home/felipe/.vscode/extensions/uqbar.wollok-lsp-ide-0.3.6/out/server/src/server.js:2254:32415\n    at Array.map (<anonymous>)\n    at Jfn (/home/felipe/.vscode/extensions/uqbar.wollok-lsp-ide-0.3.6/out/server/src/server.js:2254:32339)\n    at k2.buildEnvironmentFrom (/home/felipe/.vscode/extensions/uqbar.wollok-lsp-ide-0.3.6/out/server/src/server.js:2285:6721)\n    at k2.updateEnvironmentWith (/home/felipe/.vscode/extensions/uqbar.wollok-lsp-ide-0.3.6/out/server/src/server.js:2285:6456)\n    at jL (/home/felipe/.vscode/extensions/uqbar.wollok-lsp-ide-0.3.6/out/server/src/server.js:2298:2292)\n    at v3.invoke (/home/felipe/.vscode/extensions/uqbar.wollok-lsp-ide-0.3.6/out/server/src/server.js:3:157200)\n    at o.fire (/home/felipe/.vscode/extensions/uqbar.wollok-lsp-ide-0.3.6/out/server/src/server.js:3:157970)\n    at /home/felipe/.vscode/extensions/uqbar.wollok-lsp-ide-0.3.6/out/server/src/server.js:37:57871\n    at Vr (/home/felipe/.vscode/extensions/uqbar.wollok-lsp-ide-0.3.6/out/server/src/server.js:8:1561)","timestamp":"2024-10-14T23:24:12.074Z"}
{"level":"error","message":"✘ Failed to rebuild document Failed to parse testGranja.wtest: \n-- PARSING FAILED --------------------------------------------------\n\n  27 |   test \"r\"\n  28 | \n> 29 | }\n     | ^\n\nExpected one of the following: \n\n'@', '{', comment, whitespace\n","stack":"Error: Failed to parse testGranja.wtest: \n-- PARSING FAILED --------------------------------------------------\n\n  27 |   test \"r\"\n  28 | \n> 29 | }\n     | ^\n\nExpected one of the following: \n\n'@', '{', comment, whitespace\n\n    at /home/felipe/.vscode/extensions/uqbar.wollok-lsp-ide-0.3.6/out/server/src/server.js:2254:32415\n    at Array.map (<anonymous>)\n    at Jfn (/home/felipe/.vscode/extensions/uqbar.wollok-lsp-ide-0.3.6/out/server/src/server.js:2254:32339)\n    at k2.buildEnvironmentFrom (/home/felipe/.vscode/extensions/uqbar.wollok-lsp-ide-0.3.6/out/server/src/server.js:2285:6721)\n    at k2.updateEnvironmentWith (/home/felipe/.vscode/extensions/uqbar.wollok-lsp-ide-0.3.6/out/server/src/server.js:2285:6456)\n    at jL (/home/felipe/.vscode/extensions/uqbar.wollok-lsp-ide-0.3.6/out/server/src/server.js:2298:2292)\n    at v3.invoke (/home/felipe/.vscode/extensions/uqbar.wollok-lsp-ide-0.3.6/out/server/src/server.js:3:157200)\n    at o.fire (/home/felipe/.vscode/extensions/uqbar.wollok-lsp-ide-0.3.6/out/server/src/server.js:3:157970)\n    at /home/felipe/.vscode/extensions/uqbar.wollok-lsp-ide-0.3.6/out/server/src/server.js:37:57871\n    at Vr (/home/felipe/.vscode/extensions/uqbar.wollok-lsp-ide-0.3.6/out/server/src/server.js:8:1561)","timestamp":"2024-10-14T23:24:12.219Z"}
{"level":"error","message":"✘ Failed to rebuild document Failed to parse testGranja.wtest: \n-- PARSING FAILED --------------------------------------------------\n\n  27 |   test \"\"\n  28 | \n> 29 | }\n     | ^\n\nExpected one of the following: \n\n'@', '{', comment, whitespace\n","stack":"Error: Failed to parse testGranja.wtest: \n-- PARSING FAILED --------------------------------------------------\n\n  27 |   test \"\"\n  28 | \n> 29 | }\n     | ^\n\nExpected one of the following: \n\n'@', '{', comment, whitespace\n\n    at /home/felipe/.vscode/extensions/uqbar.wollok-lsp-ide-0.3.6/out/server/src/server.js:2254:32415\n    at Array.map (<anonymous>)\n    at Jfn (/home/felipe/.vscode/extensions/uqbar.wollok-lsp-ide-0.3.6/out/server/src/server.js:2254:32339)\n    at k2.buildEnvironmentFrom (/home/felipe/.vscode/extensions/uqbar.wollok-lsp-ide-0.3.6/out/server/src/server.js:2285:6721)\n    at k2.updateEnvironmentWith (/home/felipe/.vscode/extensions/uqbar.wollok-lsp-ide-0.3.6/out/server/src/server.js:2285:6456)\n    at jL (/home/felipe/.vscode/extensions/uqbar.wollok-lsp-ide-0.3.6/out/server/src/server.js:2298:2292)\n    at v3.invoke (/home/felipe/.vscode/extensions/uqbar.wollok-lsp-ide-0.3.6/out/server/src/server.js:3:157200)\n    at o.fire (/home/felipe/.vscode/extensions/uqbar.wollok-lsp-ide-0.3.6/out/server/src/server.js:3:157970)\n    at /home/felipe/.vscode/extensions/uqbar.wollok-lsp-ide-0.3.6/out/server/src/server.js:37:57871\n    at Vr (/home/felipe/.vscode/extensions/uqbar.wollok-lsp-ide-0.3.6/out/server/src/server.js:8:1561)","timestamp":"2024-10-14T23:24:12.344Z"}
{"level":"error","message":"✘ Failed to rebuild document Failed to parse testGranja.wtest: \n-- PARSING FAILED --------------------------------------------------\n\n  27 |   test \"R\"\n  28 | \n> 29 | }\n     | ^\n\nExpected one of the following: \n\n'@', '{', comment, whitespace\n","stack":"Error: Failed to parse testGranja.wtest: \n-- PARSING FAILED --------------------------------------------------\n\n  27 |   test \"R\"\n  28 | \n> 29 | }\n     | ^\n\nExpected one of the following: \n\n'@', '{', comment, whitespace\n\n    at /home/felipe/.vscode/extensions/uqbar.wollok-lsp-ide-0.3.6/out/server/src/server.js:2254:32415\n    at Array.map (<anonymous>)\n    at Jfn (/home/felipe/.vscode/extensions/uqbar.wollok-lsp-ide-0.3.6/out/server/src/server.js:2254:32339)\n    at k2.buildEnvironmentFrom (/home/felipe/.vscode/extensions/uqbar.wollok-lsp-ide-0.3.6/out/server/src/server.js:2285:6721)\n    at k2.updateEnvironmentWith (/home/felipe/.vscode/extensions/uqbar.wollok-lsp-ide-0.3.6/out/server/src/server.js:2285:6456)\n    at jL (/home/felipe/.vscode/extensions/uqbar.wollok-lsp-ide-0.3.6/out/server/src/server.js:2298:2292)\n    at v3.invoke (/home/felipe/.vscode/extensions/uqbar.wollok-lsp-ide-0.3.6/out/server/src/server.js:3:157200)\n    at o.fire (/home/felipe/.vscode/extensions/uqbar.wollok-lsp-ide-0.3.6/out/server/src/server.js:3:157970)\n    at /home/felipe/.vscode/extensions/uqbar.wollok-lsp-ide-0.3.6/out/server/src/server.js:37:57871\n    at Vr (/home/felipe/.vscode/extensions/uqbar.wollok-lsp-ide-0.3.6/out/server/src/server.js:8:1561)","timestamp":"2024-10-14T23:24:13.496Z"}
{"level":"error","message":"✘ Failed to rebuild document Failed to parse testGranja.wtest: \n-- PARSING FAILED --------------------------------------------------\n\n  27 |   test \"Re\"\n  28 | \n> 29 | }\n     | ^\n\nExpected one of the following: \n\n'@', '{', comment, whitespace\n","stack":"Error: Failed to parse testGranja.wtest: \n-- PARSING FAILED --------------------------------------------------\n\n  27 |   test \"Re\"\n  28 | \n> 29 | }\n     | ^\n\nExpected one of the following: \n\n'@', '{', comment, whitespace\n\n    at /home/felipe/.vscode/extensions/uqbar.wollok-lsp-ide-0.3.6/out/server/src/server.js:2254:32415\n    at Array.map (<anonymous>)\n    at Jfn (/home/felipe/.vscode/extensions/uqbar.wollok-lsp-ide-0.3.6/out/server/src/server.js:2254:32339)\n    at k2.buildEnvironmentFrom (/home/felipe/.vscode/extensions/uqbar.wollok-lsp-ide-0.3.6/out/server/src/server.js:2285:6721)\n    at k2.updateEnvironmentWith (/home/felipe/.vscode/extensions/uqbar.wollok-lsp-ide-0.3.6/out/server/src/server.js:2285:6456)\n    at jL (/home/felipe/.vscode/extensions/uqbar.wollok-lsp-ide-0.3.6/out/server/src/server.js:2298:2292)\n    at v3.invoke (/home/felipe/.vscode/extensions/uqbar.wollok-lsp-ide-0.3.6/out/server/src/server.js:3:157200)\n    at o.fire (/home/felipe/.vscode/extensions/uqbar.wollok-lsp-ide-0.3.6/out/server/src/server.js:3:157970)\n    at /home/felipe/.vscode/extensions/uqbar.wollok-lsp-ide-0.3.6/out/server/src/server.js:37:57871\n    at Vr (/home/felipe/.vscode/extensions/uqbar.wollok-lsp-ide-0.3.6/out/server/src/server.js:8:1561)","timestamp":"2024-10-14T23:24:13.866Z"}
{"level":"error","message":"✘ Failed to rebuild document Failed to parse testGranja.wtest: \n-- PARSING FAILED --------------------------------------------------\n\n  27 |   test \"Reg\"\n  28 | \n> 29 | }\n     | ^\n\nExpected one of the following: \n\n'@', '{', comment, whitespace\n","stack":"Error: Failed to parse testGranja.wtest: \n-- PARSING FAILED --------------------------------------------------\n\n  27 |   test \"Reg\"\n  28 | \n> 29 | }\n     | ^\n\nExpected one of the following: \n\n'@', '{', comment, whitespace\n\n    at /home/felipe/.vscode/extensions/uqbar.wollok-lsp-ide-0.3.6/out/server/src/server.js:2254:32415\n    at Array.map (<anonymous>)\n    at Jfn (/home/felipe/.vscode/extensions/uqbar.wollok-lsp-ide-0.3.6/out/server/src/server.js:2254:32339)\n    at k2.buildEnvironmentFrom (/home/felipe/.vscode/extensions/uqbar.wollok-lsp-ide-0.3.6/out/server/src/server.js:2285:6721)\n    at k2.updateEnvironmentWith (/home/felipe/.vscode/extensions/uqbar.wollok-lsp-ide-0.3.6/out/server/src/server.js:2285:6456)\n    at jL (/home/felipe/.vscode/extensions/uqbar.wollok-lsp-ide-0.3.6/out/server/src/server.js:2298:2292)\n    at v3.invoke (/home/felipe/.vscode/extensions/uqbar.wollok-lsp-ide-0.3.6/out/server/src/server.js:3:157200)\n    at o.fire (/home/felipe/.vscode/extensions/uqbar.wollok-lsp-ide-0.3.6/out/server/src/server.js:3:157970)\n    at /home/felipe/.vscode/extensions/uqbar.wollok-lsp-ide-0.3.6/out/server/src/server.js:37:57871\n    at Vr (/home/felipe/.vscode/extensions/uqbar.wollok-lsp-ide-0.3.6/out/server/src/server.js:8:1561)","timestamp":"2024-10-14T23:24:14.046Z"}
{"level":"error","message":"✘ Failed to rebuild document Failed to parse testGranja.wtest: \n-- PARSING FAILED --------------------------------------------------\n\n  27 |   test \"Rega\"\n  28 | \n> 29 | }\n     | ^\n\nExpected one of the following: \n\n'@', '{', comment, whitespace\n","stack":"Error: Failed to parse testGranja.wtest: \n-- PARSING FAILED --------------------------------------------------\n\n  27 |   test \"Rega\"\n  28 | \n> 29 | }\n     | ^\n\nExpected one of the following: \n\n'@', '{', comment, whitespace\n\n    at /home/felipe/.vscode/extensions/uqbar.wollok-lsp-ide-0.3.6/out/server/src/server.js:2254:32415\n    at Array.map (<anonymous>)\n    at Jfn (/home/felipe/.vscode/extensions/uqbar.wollok-lsp-ide-0.3.6/out/server/src/server.js:2254:32339)\n    at k2.buildEnvironmentFrom (/home/felipe/.vscode/extensions/uqbar.wollok-lsp-ide-0.3.6/out/server/src/server.js:2285:6721)\n    at k2.updateEnvironmentWith (/home/felipe/.vscode/extensions/uqbar.wollok-lsp-ide-0.3.6/out/server/src/server.js:2285:6456)\n    at jL (/home/felipe/.vscode/extensions/uqbar.wollok-lsp-ide-0.3.6/out/server/src/server.js:2298:2292)\n    at v3.invoke (/home/felipe/.vscode/extensions/uqbar.wollok-lsp-ide-0.3.6/out/server/src/server.js:3:157200)\n    at o.fire (/home/felipe/.vscode/extensions/uqbar.wollok-lsp-ide-0.3.6/out/server/src/server.js:3:157970)\n    at /home/felipe/.vscode/extensions/uqbar.wollok-lsp-ide-0.3.6/out/server/src/server.js:37:57871\n    at Vr (/home/felipe/.vscode/extensions/uqbar.wollok-lsp-ide-0.3.6/out/server/src/server.js:8:1561)","timestamp":"2024-10-14T23:24:14.188Z"}
{"level":"error","message":"✘ Failed to rebuild document Failed to parse testGranja.wtest: \n-- PARSING FAILED --------------------------------------------------\n\n  27 |   test \"Regar\"\n  28 | \n> 29 | }\n     | ^\n\nExpected one of the following: \n\n'@', '{', comment, whitespace\n","stack":"Error: Failed to parse testGranja.wtest: \n-- PARSING FAILED --------------------------------------------------\n\n  27 |   test \"Regar\"\n  28 | \n> 29 | }\n     | ^\n\nExpected one of the following: \n\n'@', '{', comment, whitespace\n\n    at /home/felipe/.vscode/extensions/uqbar.wollok-lsp-ide-0.3.6/out/server/src/server.js:2254:32415\n    at Array.map (<anonymous>)\n    at Jfn (/home/felipe/.vscode/extensions/uqbar.wollok-lsp-ide-0.3.6/out/server/src/server.js:2254:32339)\n    at k2.buildEnvironmentFrom (/home/felipe/.vscode/extensions/uqbar.wollok-lsp-ide-0.3.6/out/server/src/server.js:2285:6721)\n    at k2.updateEnvironmentWith (/home/felipe/.vscode/extensions/uqbar.wollok-lsp-ide-0.3.6/out/server/src/server.js:2285:6456)\n    at jL (/home/felipe/.vscode/extensions/uqbar.wollok-lsp-ide-0.3.6/out/server/src/server.js:2298:2292)\n    at v3.invoke (/home/felipe/.vscode/extensions/uqbar.wollok-lsp-ide-0.3.6/out/server/src/server.js:3:157200)\n    at o.fire (/home/felipe/.vscode/extensions/uqbar.wollok-lsp-ide-0.3.6/out/server/src/server.js:3:157970)\n    at /home/felipe/.vscode/extensions/uqbar.wollok-lsp-ide-0.3.6/out/server/src/server.js:37:57871\n    at Vr (/home/felipe/.vscode/extensions/uqbar.wollok-lsp-ide-0.3.6/out/server/src/server.js:8:1561)","timestamp":"2024-10-14T23:24:14.449Z"}
{"level":"error","message":"✘ Failed to rebuild document Failed to parse testGranja.wtest: \n-- PARSING FAILED --------------------------------------------------\n\n  27 |   test \"Regar\"\n  28 | \n> 29 | }\n     | ^\n\nExpected one of the following: \n\n'@', '{', comment, whitespace\n","stack":"Error: Failed to parse testGranja.wtest: \n-- PARSING FAILED --------------------------------------------------\n\n  27 |   test \"Regar\"\n  28 | \n> 29 | }\n     | ^\n\nExpected one of the following: \n\n'@', '{', comment, whitespace\n\n    at /home/felipe/.vscode/extensions/uqbar.wollok-lsp-ide-0.3.6/out/server/src/server.js:2254:32415\n    at Array.map (<anonymous>)\n    at Jfn (/home/felipe/.vscode/extensions/uqbar.wollok-lsp-ide-0.3.6/out/server/src/server.js:2254:32339)\n    at k2.buildEnvironmentFrom (/home/felipe/.vscode/extensions/uqbar.wollok-lsp-ide-0.3.6/out/server/src/server.js:2285:6721)\n    at k2.updateEnvironmentWith (/home/felipe/.vscode/extensions/uqbar.wollok-lsp-ide-0.3.6/out/server/src/server.js:2285:6456)\n    at jL (/home/felipe/.vscode/extensions/uqbar.wollok-lsp-ide-0.3.6/out/server/src/server.js:2298:2292)\n    at v3.invoke (/home/felipe/.vscode/extensions/uqbar.wollok-lsp-ide-0.3.6/out/server/src/server.js:3:157200)\n    at o.fire (/home/felipe/.vscode/extensions/uqbar.wollok-lsp-ide-0.3.6/out/server/src/server.js:3:157970)\n    at /home/felipe/.vscode/extensions/uqbar.wollok-lsp-ide-0.3.6/out/server/src/server.js:37:57871\n    at Vr (/home/felipe/.vscode/extensions/uqbar.wollok-lsp-ide-0.3.6/out/server/src/server.js:8:1561)","timestamp":"2024-10-14T23:24:16.450Z"}
{"level":"error","message":"✘ Failed to rebuild document Failed to parse testGranja.wtest: \n-- PARSING FAILED --------------------------------------------------\n\n  27 |   test \"Regar\"\n  28 | \n> 29 | }\n     | ^\n\nExpected one of the following: \n\n'@', '{', comment, whitespace\n","stack":"Error: Failed to parse testGranja.wtest: \n-- PARSING FAILED --------------------------------------------------\n\n  27 |   test \"Regar\"\n  28 | \n> 29 | }\n     | ^\n\nExpected one of the following: \n\n'@', '{', comment, whitespace\n\n    at /home/felipe/.vscode/extensions/uqbar.wollok-lsp-ide-0.3.6/out/server/src/server.js:2254:32415\n    at Array.map (<anonymous>)\n    at Jfn (/home/felipe/.vscode/extensions/uqbar.wollok-lsp-ide-0.3.6/out/server/src/server.js:2254:32339)\n    at k2.buildEnvironmentFrom (/home/felipe/.vscode/extensions/uqbar.wollok-lsp-ide-0.3.6/out/server/src/server.js:2285:6721)\n    at k2.updateEnvironmentWith (/home/felipe/.vscode/extensions/uqbar.wollok-lsp-ide-0.3.6/out/server/src/server.js:2285:6456)\n    at jL (/home/felipe/.vscode/extensions/uqbar.wollok-lsp-ide-0.3.6/out/server/src/server.js:2298:2292)\n    at v3.invoke (/home/felipe/.vscode/extensions/uqbar.wollok-lsp-ide-0.3.6/out/server/src/server.js:3:157200)\n    at o.fire (/home/felipe/.vscode/extensions/uqbar.wollok-lsp-ide-0.3.6/out/server/src/server.js:3:157970)\n    at /home/felipe/.vscode/extensions/uqbar.wollok-lsp-ide-0.3.6/out/server/src/server.js:37:57871\n    at Vr (/home/felipe/.vscode/extensions/uqbar.wollok-lsp-ide-0.3.6/out/server/src/server.js:8:1561)","timestamp":"2024-10-14T23:24:16.886Z"}
{"level":"error","message":"✘ Failed to rebuild document Failed to parse testGranja.wtest: \n-- PARSING FAILED --------------------------------------------------\n\n  27 |   test \"Regar\"\n  28 | \n> 29 | }\n     | ^\n\nExpected one of the following: \n\n'@', '{', comment, whitespace\n","stack":"Error: Failed to parse testGranja.wtest: \n-- PARSING FAILED --------------------------------------------------\n\n  27 |   test \"Regar\"\n  28 | \n> 29 | }\n     | ^\n\nExpected one of the following: \n\n'@', '{', comment, whitespace\n\n    at /home/felipe/.vscode/extensions/uqbar.wollok-lsp-ide-0.3.6/out/server/src/server.js:2254:32415\n    at Array.map (<anonymous>)\n    at Jfn (/home/felipe/.vscode/extensions/uqbar.wollok-lsp-ide-0.3.6/out/server/src/server.js:2254:32339)\n    at k2.buildEnvironmentFrom (/home/felipe/.vscode/extensions/uqbar.wollok-lsp-ide-0.3.6/out/server/src/server.js:2285:6721)\n    at k2.updateEnvironmentWith (/home/felipe/.vscode/extensions/uqbar.wollok-lsp-ide-0.3.6/out/server/src/server.js:2285:6456)\n    at jL (/home/felipe/.vscode/extensions/uqbar.wollok-lsp-ide-0.3.6/out/server/src/server.js:2298:2292)\n    at v3.invoke (/home/felipe/.vscode/extensions/uqbar.wollok-lsp-ide-0.3.6/out/server/src/server.js:3:157200)\n    at o.fire (/home/felipe/.vscode/extensions/uqbar.wollok-lsp-ide-0.3.6/out/server/src/server.js:3:157970)\n    at /home/felipe/.vscode/extensions/uqbar.wollok-lsp-ide-0.3.6/out/server/src/server.js:37:57871\n    at Vr (/home/felipe/.vscode/extensions/uqbar.wollok-lsp-ide-0.3.6/out/server/src/server.js:8:1561)","timestamp":"2024-10-14T23:24:19.186Z"}
{"level":"error","message":"✘ Failed to rebuild document Failed to parse testGranja.wtest: \n-- PARSING FAILED --------------------------------------------------\n\n  27 |   test \"Regar\"\n  28 | \n> 29 | }\n     | ^\n\nExpected one of the following: \n\n'@', '{', comment, whitespace\n","stack":"Error: Failed to parse testGranja.wtest: \n-- PARSING FAILED --------------------------------------------------\n\n  27 |   test \"Regar\"\n  28 | \n> 29 | }\n     | ^\n\nExpected one of the following: \n\n'@', '{', comment, whitespace\n\n    at /home/felipe/.vscode/extensions/uqbar.wollok-lsp-ide-0.3.6/out/server/src/server.js:2254:32415\n    at Array.map (<anonymous>)\n    at Jfn (/home/felipe/.vscode/extensions/uqbar.wollok-lsp-ide-0.3.6/out/server/src/server.js:2254:32339)\n    at k2.buildEnvironmentFrom (/home/felipe/.vscode/extensions/uqbar.wollok-lsp-ide-0.3.6/out/server/src/server.js:2285:6721)\n    at k2.updateEnvironmentWith (/home/felipe/.vscode/extensions/uqbar.wollok-lsp-ide-0.3.6/out/server/src/server.js:2285:6456)\n    at jL (/home/felipe/.vscode/extensions/uqbar.wollok-lsp-ide-0.3.6/out/server/src/server.js:2298:2292)\n    at v3.invoke (/home/felipe/.vscode/extensions/uqbar.wollok-lsp-ide-0.3.6/out/server/src/server.js:3:157200)\n    at o.fire (/home/felipe/.vscode/extensions/uqbar.wollok-lsp-ide-0.3.6/out/server/src/server.js:3:157970)\n    at /home/felipe/.vscode/extensions/uqbar.wollok-lsp-ide-0.3.6/out/server/src/server.js:37:57871\n    at Vr (/home/felipe/.vscode/extensions/uqbar.wollok-lsp-ide-0.3.6/out/server/src/server.js:8:1561)","timestamp":"2024-10-14T23:24:19.619Z"}
{"level":"error","message":"✘ Failed to rebuild document Failed to parse testGranja.wtest: \n-- PARSING FAILED --------------------------------------------------\n\n  27 |   test \"Regar\" \n  28 | \n> 29 | }\n     | ^\n\nExpected one of the following: \n\n'@', '{', comment, whitespace\n","stack":"Error: Failed to parse testGranja.wtest: \n-- PARSING FAILED --------------------------------------------------\n\n  27 |   test \"Regar\" \n  28 | \n> 29 | }\n     | ^\n\nExpected one of the following: \n\n'@', '{', comment, whitespace\n\n    at /home/felipe/.vscode/extensions/uqbar.wollok-lsp-ide-0.3.6/out/server/src/server.js:2254:32415\n    at Array.map (<anonymous>)\n    at Jfn (/home/felipe/.vscode/extensions/uqbar.wollok-lsp-ide-0.3.6/out/server/src/server.js:2254:32339)\n    at k2.buildEnvironmentFrom (/home/felipe/.vscode/extensions/uqbar.wollok-lsp-ide-0.3.6/out/server/src/server.js:2285:6721)\n    at k2.updateEnvironmentWith (/home/felipe/.vscode/extensions/uqbar.wollok-lsp-ide-0.3.6/out/server/src/server.js:2285:6456)\n    at jL (/home/felipe/.vscode/extensions/uqbar.wollok-lsp-ide-0.3.6/out/server/src/server.js:2298:2292)\n    at v3.invoke (/home/felipe/.vscode/extensions/uqbar.wollok-lsp-ide-0.3.6/out/server/src/server.js:3:157200)\n    at o.fire (/home/felipe/.vscode/extensions/uqbar.wollok-lsp-ide-0.3.6/out/server/src/server.js:3:157970)\n    at /home/felipe/.vscode/extensions/uqbar.wollok-lsp-ide-0.3.6/out/server/src/server.js:37:57871\n    at Vr (/home/felipe/.vscode/extensions/uqbar.wollok-lsp-ide-0.3.6/out/server/src/server.js:8:1561)","timestamp":"2024-10-14T23:24:21.692Z"}
{"level":"info","message":"⌛ Building environment","timeElapsed":165,"timestamp":"2024-10-14T23:24:21.985Z"}
{"level":"info","message":"⌛ Building environment","timeElapsed":136,"timestamp":"2024-10-14T23:24:22.126Z"}
{"level":"info","message":"⌛ Validating testGranja.wtest","timeElapsed":198,"timestamp":"2024-10-14T23:24:22.325Z"}
{"level":"info","message":"⌛ Validating testGranja.wtest","timeElapsed":222,"timestamp":"2024-10-14T23:24:22.547Z"}
{"level":"info","message":"⌛ Building environment","timeElapsed":181,"timestamp":"2024-10-14T23:24:32.166Z"}
{"level":"info","message":"⌛ Validating testGranja.wtest","timeElapsed":200,"timestamp":"2024-10-14T23:24:32.367Z"}
{"level":"info","message":"⌛ Building environment","timeElapsed":260,"timestamp":"2024-10-14T23:24:44.483Z"}
{"level":"info","message":"⌛ Validating testGranja.wtest","timeElapsed":183,"timestamp":"2024-10-14T23:24:44.678Z"}
{"level":"info","message":"⌛ Building environment","timeElapsed":159,"timestamp":"2024-10-14T23:24:44.905Z"}
{"level":"info","message":"⌛ Validating testGranja.wtest","timeElapsed":207,"timestamp":"2024-10-14T23:24:45.113Z"}
{"level":"info","message":"⌛ Building environment","timeElapsed":160,"timestamp":"2024-10-14T23:24:48.828Z"}
{"level":"info","message":"⌛ Validating testGranja.wtest","timeElapsed":199,"timestamp":"2024-10-14T23:24:49.032Z"}
{"level":"info","message":"⌛ Building environment","timeElapsed":148,"timestamp":"2024-10-14T23:24:56.133Z"}
{"level":"info","message":"⌛ Validating testGranja.wtest","timeElapsed":213,"timestamp":"2024-10-14T23:24:56.348Z"}
{"level":"info","message":"⌛ Building environment","timeElapsed":198,"timestamp":"2024-10-14T23:25:03.006Z"}
{"level":"info","message":"⌛ Validating testGranja.wtest","timeElapsed":287,"timestamp":"2024-10-14T23:25:03.295Z"}
{"level":"info","message":"⌛ Building environment","timeElapsed":160,"timestamp":"2024-10-14T23:25:03.470Z"}
{"level":"info","message":"⌛ Validating testGranja.wtest","timeElapsed":208,"timestamp":"2024-10-14T23:25:03.690Z"}
{"level":"info","message":"⌛ Building environment","timeElapsed":151,"timestamp":"2024-10-14T23:25:09.008Z"}
{"level":"info","message":"⌛ Validating testGranja.wtest","timeElapsed":208,"timestamp":"2024-10-14T23:25:09.218Z"}
{"level":"info","message":"⌛ Building environment","timeElapsed":145,"timestamp":"2024-10-14T23:25:09.373Z"}
{"level":"info","message":"⌛ Validating testGranja.wtest","timeElapsed":252,"timestamp":"2024-10-14T23:25:09.632Z"}
{"level":"info","message":"⌛ Building environment","timeElapsed":192,"timestamp":"2024-10-14T23:25:12.519Z"}
{"level":"info","message":"⌛ Building environment","timeElapsed":143,"timestamp":"2024-10-14T23:25:12.670Z"}
{"level":"info","message":"⌛ Validating testGranja.wtest","timeElapsed":193,"timestamp":"2024-10-14T23:25:12.864Z"}
{"level":"info","message":"⌛ Validating testGranja.wtest","timeElapsed":190,"timestamp":"2024-10-14T23:25:13.054Z"}
{"level":"info","message":"⌛ Building environment","timeElapsed":153,"timestamp":"2024-10-14T23:25:15.981Z"}
{"level":"info","message":"⌛ Building environment","timeElapsed":163,"timestamp":"2024-10-14T23:25:16.194Z"}
{"level":"info","message":"⌛ Validating testGranja.wtest","timeElapsed":282,"timestamp":"2024-10-14T23:25:16.476Z"}
{"level":"info","message":"onRequest - completionItem/resolve","timestamp":"2024-10-14T23:25:16.477Z"}
{"level":"info","message":"⌛ Validating testGranja.wtest","timeElapsed":341,"timestamp":"2024-10-14T23:25:16.835Z"}
{"level":"info","message":"⌛ Building environment","timeElapsed":164,"timestamp":"2024-10-14T23:25:17.002Z"}
{"level":"info","message":"onRequest - completionItem/resolve","timestamp":"2024-10-14T23:25:17.002Z"}
{"level":"info","message":"⌛ Building environment","timeElapsed":136,"timestamp":"2024-10-14T23:25:17.151Z"}
{"level":"info","message":"onRequest - completionItem/resolve","timestamp":"2024-10-14T23:25:17.155Z"}
{"level":"info","message":"⌛ Building environment","timeElapsed":175,"timestamp":"2024-10-14T23:25:17.330Z"}
{"level":"info","message":"onRequest - completionItem/resolve","timestamp":"2024-10-14T23:25:17.334Z"}
{"level":"info","message":"⌛ Building environment","timeElapsed":138,"timestamp":"2024-10-14T23:25:17.473Z"}
{"level":"info","message":"onRequest - completionItem/resolve","timestamp":"2024-10-14T23:25:17.474Z"}
{"level":"info","message":"⌛ Validating testGranja.wtest","timeElapsed":216,"timestamp":"2024-10-14T23:25:17.690Z"}
{"level":"info","message":"⌛ Validating testGranja.wtest","timeElapsed":272,"timestamp":"2024-10-14T23:25:17.962Z"}
{"level":"info","message":"⌛ Validating testGranja.wtest","timeElapsed":201,"timestamp":"2024-10-14T23:25:18.173Z"}
{"level":"info","message":"⌛ Validating testGranja.wtest","timeElapsed":227,"timestamp":"2024-10-14T23:25:18.401Z"}
{"level":"info","message":"⌛ Building environment","timeElapsed":153,"timestamp":"2024-10-14T23:25:18.555Z"}
{"level":"info","message":"⌛ Building environment","timeElapsed":144,"timestamp":"2024-10-14T23:25:18.743Z"}
{"level":"info","message":"⌛ Building environment","timeElapsed":223,"timestamp":"2024-10-14T23:25:18.967Z"}
{"level":"info","message":"⌛ Building environment","timeElapsed":137,"timestamp":"2024-10-14T23:25:19.104Z"}
{"level":"info","message":"⌛ Validating testGranja.wtest","timeElapsed":237,"timestamp":"2024-10-14T23:25:19.342Z"}
{"level":"info","message":"onRequest - completionItem/resolve","timestamp":"2024-10-14T23:25:19.342Z"}
{"level":"info","message":"⌛ Validating testGranja.wtest","timeElapsed":244,"timestamp":"2024-10-14T23:25:19.586Z"}
{"level":"info","message":"⌛ Validating testGranja.wtest","timeElapsed":198,"timestamp":"2024-10-14T23:25:19.794Z"}
{"level":"info","message":"⌛ Validating testGranja.wtest","timeElapsed":236,"timestamp":"2024-10-14T23:25:20.030Z"}
{"level":"info","message":"⌛ Building environment","timeElapsed":149,"timestamp":"2024-10-14T23:25:20.179Z"}
{"level":"info","message":"onRequest - completionItem/resolve","timestamp":"2024-10-14T23:25:20.180Z"}
{"level":"info","message":"⌛ Building environment","timeElapsed":253,"timestamp":"2024-10-14T23:25:20.436Z"}
{"level":"info","message":"onRequest - completionItem/resolve","timestamp":"2024-10-14T23:25:20.438Z"}
{"level":"info","message":"onRequest - completionItem/resolve","timestamp":"2024-10-14T23:25:20.453Z"}
{"level":"info","message":"⌛ Building environment","timeElapsed":167,"timestamp":"2024-10-14T23:25:20.621Z"}
{"level":"info","message":"⌛ Validating testGranja.wtest","timeElapsed":243,"timestamp":"2024-10-14T23:25:20.865Z"}
{"level":"info","message":"⌛ Validating testGranja.wtest","timeElapsed":211,"timestamp":"2024-10-14T23:25:21.085Z"}
{"level":"info","message":"⌛ Validating testGranja.wtest","timeElapsed":202,"timestamp":"2024-10-14T23:25:21.287Z"}
{"level":"info","message":"⌛ Building environment","timeElapsed":189,"timestamp":"2024-10-14T23:25:23.718Z"}
{"level":"info","message":"⌛ Validating testGranja.wtest","timeElapsed":206,"timestamp":"2024-10-14T23:25:23.925Z"}
{"level":"info","message":"⌛ Building environment","timeElapsed":156,"timestamp":"2024-10-14T23:25:26.231Z"}
{"level":"info","message":"⌛ Validating testGranja.wtest","timeElapsed":239,"timestamp":"2024-10-14T23:25:26.518Z"}
{"level":"info","message":"onRequest - completionItem/resolve","timestamp":"2024-10-14T23:25:26.519Z"}
{"level":"info","message":"⌛ Building environment","timeElapsed":152,"timestamp":"2024-10-14T23:25:26.671Z"}
{"level":"info","message":"onRequest - completionItem/resolve","timestamp":"2024-10-14T23:25:26.672Z"}
{"level":"info","message":"⌛ Building environment","timeElapsed":165,"timestamp":"2024-10-14T23:25:26.839Z"}
{"level":"info","message":"onRequest - completionItem/resolve","timestamp":"2024-10-14T23:25:26.844Z"}
{"level":"info","message":"⌛ Validating testGranja.wtest","timeElapsed":201,"timestamp":"2024-10-14T23:25:27.045Z"}
{"level":"info","message":"⌛ Validating testGranja.wtest","timeElapsed":206,"timestamp":"2024-10-14T23:25:27.263Z"}
{"level":"info","message":"onRequest - completionItem/resolve","timestamp":"2024-10-14T23:25:27.781Z"}
{"level":"info","message":"⌛ Building environment","timeElapsed":141,"timestamp":"2024-10-14T23:25:30.141Z"}
{"level":"info","message":"⌛ Validating testGranja.wtest","timeElapsed":210,"timestamp":"2024-10-14T23:25:30.353Z"}
{"level":"info","message":"⌛ Building environment","timeElapsed":145,"timestamp":"2024-10-14T23:25:33.498Z"}
{"level":"error","message":"✘ Completions for node failed: Error: [Send]{887c4b} at testGranja.wtest:35 exhausted all cases without a match [Send]{887c4b} at testGranja.wtest:35 exhausted all cases without a match","stack":"Error: [Send]{887c4b} at testGranja.wtest:35 exhausted all cases without a match\n    at /home/felipe/.vscode/extensions/uqbar.wollok-lsp-ide-0.3.6/out/server/src/server.js:38:6067\n    at yh (/home/felipe/.vscode/extensions/uqbar.wollok-lsp-ide-0.3.6/out/server/src/server.js:2291:42)\n    at kh (/home/felipe/.vscode/extensions/uqbar.wollok-lsp-ide-0.3.6/out/server/src/server.js:2291:1004)\n    at Y5n (/home/felipe/.vscode/extensions/uqbar.wollok-lsp-ide-0.3.6/out/server/src/server.js:2291:1160)\n    at /home/felipe/.vscode/extensions/uqbar.wollok-lsp-ide-0.3.6/out/server/src/server.js:38:6056\n    at yh (/home/felipe/.vscode/extensions/uqbar.wollok-lsp-ide-0.3.6/out/server/src/server.js:2291:42)\n    at /home/felipe/.vscode/extensions/uqbar.wollok-lsp-ide-0.3.6/out/server/src/server.js:2291:2700\n    at /home/felipe/.vscode/extensions/uqbar.wollok-lsp-ide-0.3.6/out/server/src/server.js:2298:3774\n    at /home/felipe/.vscode/extensions/uqbar.wollok-lsp-ide-0.3.6/out/server/src/server.js:37:74872\n    at Fe (/home/felipe/.vscode/extensions/uqbar.wollok-lsp-ide-0.3.6/out/server/src/server.js:7:8527)","timestamp":"2024-10-14T23:25:33.552Z"}
{"level":"info","message":"⌛ Validating testGranja.wtest","timeElapsed":234,"timestamp":"2024-10-14T23:25:33.793Z"}
{"level":"info","message":"⌛ Building environment","timeElapsed":149,"timestamp":"2024-10-14T23:25:33.942Z"}
{"level":"info","message":"onRequest - completionItem/resolve","timestamp":"2024-10-14T23:25:33.943Z"}
{"level":"info","message":"⌛ Building environment","timeElapsed":152,"timestamp":"2024-10-14T23:25:34.095Z"}
{"level":"info","message":"onRequest - completionItem/resolve","timestamp":"2024-10-14T23:25:34.096Z"}
{"level":"info","message":"⌛ Building environment","timeElapsed":134,"timestamp":"2024-10-14T23:25:34.230Z"}
{"level":"info","message":"onRequest - completionItem/resolve","timestamp":"2024-10-14T23:25:34.231Z"}
{"level":"info","message":"⌛ Validating testGranja.wtest","timeElapsed":196,"timestamp":"2024-10-14T23:25:34.428Z"}
{"level":"info","message":"⌛ Building environment","timeElapsed":133,"timestamp":"2024-10-14T23:25:34.561Z"}
{"level":"info","message":"onRequest - completionItem/resolve","timestamp":"2024-10-14T23:25:34.566Z"}
{"level":"info","message":"⌛ Validating testGranja.wtest","timeElapsed":199,"timestamp":"2024-10-14T23:25:34.765Z"}
{"level":"info","message":"⌛ Validating testGranja.wtest","timeElapsed":197,"timestamp":"2024-10-14T23:25:34.962Z"}
{"level":"info","message":"⌛ Validating testGranja.wtest","timeElapsed":287,"timestamp":"2024-10-14T23:25:35.257Z"}
{"level":"info","message":"⌛ Building environment","timeElapsed":186,"timestamp":"2024-10-14T23:25:58.261Z"}
{"level":"info","message":"⌛ Validating testGranja.wtest","timeElapsed":255,"timestamp":"2024-10-14T23:25:58.518Z"}
{"level":"info","message":"⌛ Building environment","timeElapsed":216,"timestamp":"2024-10-14T23:25:58.788Z"}
{"level":"info","message":"⌛ Building environment","timeElapsed":221,"timestamp":"2024-10-14T23:25:59.010Z"}
{"level":"info","message":"⌛ Building environment","timeElapsed":190,"timestamp":"2024-10-14T23:25:59.201Z"}
{"level":"info","message":"⌛ Building environment","timeElapsed":144,"timestamp":"2024-10-14T23:25:59.346Z"}
{"level":"info","message":"⌛ Building environment","timeElapsed":141,"timestamp":"2024-10-14T23:25:59.487Z"}
{"level":"info","message":"⌛ Building environment","timeElapsed":206,"timestamp":"2024-10-14T23:25:59.694Z"}
{"level":"info","message":"⌛ Building environment","timeElapsed":206,"timestamp":"2024-10-14T23:25:59.900Z"}
{"level":"info","message":"⌛ Validating testGranja.wtest","timeElapsed":216,"timestamp":"2024-10-14T23:26:00.117Z"}
{"level":"info","message":"⌛ Building environment","timeElapsed":150,"timestamp":"2024-10-14T23:26:00.267Z"}
{"level":"info","message":"⌛ Building environment","timeElapsed":130,"timestamp":"2024-10-14T23:26:00.402Z"}
{"level":"info","message":"⌛ Building environment","timeElapsed":133,"timestamp":"2024-10-14T23:26:00.540Z"}
{"level":"info","message":"⌛ Building environment","timeElapsed":128,"timestamp":"2024-10-14T23:26:00.673Z"}
{"level":"info","message":"⌛ Building environment","timeElapsed":144,"timestamp":"2024-10-14T23:26:00.823Z"}
{"level":"info","message":"⌛ Building environment","timeElapsed":198,"timestamp":"2024-10-14T23:26:01.027Z"}
{"level":"info","message":"⌛ Building environment","timeElapsed":129,"timestamp":"2024-10-14T23:26:01.161Z"}
{"level":"info","message":"⌛ Building environment","timeElapsed":143,"timestamp":"2024-10-14T23:26:01.309Z"}
{"level":"info","message":"⌛ Validating testGranja.wtest","timeElapsed":206,"timestamp":"2024-10-14T23:26:01.522Z"}
{"level":"info","message":"⌛ Building environment","timeElapsed":152,"timestamp":"2024-10-14T23:26:01.675Z"}
{"level":"info","message":"⌛ Building environment","timeElapsed":144,"timestamp":"2024-10-14T23:26:01.821Z"}
{"level":"info","message":"⌛ Building environment","timeElapsed":180,"timestamp":"2024-10-14T23:26:02.003Z"}
{"level":"info","message":"⌛ Validating testGranja.wtest","timeElapsed":196,"timestamp":"2024-10-14T23:26:02.200Z"}
{"level":"info","message":"⌛ Building environment","timeElapsed":148,"timestamp":"2024-10-14T23:26:02.348Z"}
{"level":"info","message":"⌛ Validating testGranja.wtest","timeElapsed":217,"timestamp":"2024-10-14T23:26:02.571Z"}
{"level":"info","message":"⌛ Building environment","timeElapsed":612,"timestamp":"2024-10-14T23:26:03.185Z"}
{"level":"info","message":"⌛ Validating testGranja.wtest","timeElapsed":277,"timestamp":"2024-10-14T23:26:03.462Z"}
{"level":"info","message":"⌛ Building environment","timeElapsed":149,"timestamp":"2024-10-14T23:26:03.612Z"}
{"level":"info","message":"⌛ Validating testGranja.wtest","timeElapsed":218,"timestamp":"2024-10-14T23:26:03.831Z"}
{"level":"info","message":"⌛ Building environment","timeElapsed":137,"timestamp":"2024-10-14T23:26:03.968Z"}
{"level":"info","message":"⌛ Building environment","timeElapsed":173,"timestamp":"2024-10-14T23:26:04.143Z"}
{"level":"info","message":"⌛ Validating testGranja.wtest","timeElapsed":192,"timestamp":"2024-10-14T23:26:04.335Z"}
{"level":"info","message":"⌛ Building environment","timeElapsed":153,"timestamp":"2024-10-14T23:26:04.488Z"}
{"level":"info","message":"⌛ Validating testGranja.wtest","timeElapsed":200,"timestamp":"2024-10-14T23:26:04.696Z"}
{"level":"info","message":"⌛ Validating testGranja.wtest","timeElapsed":200,"timestamp":"2024-10-14T23:26:04.896Z"}
{"level":"info","message":"⌛ Validating testGranja.wtest","timeElapsed":199,"timestamp":"2024-10-14T23:26:05.096Z"}
{"level":"info","message":"⌛ Validating testGranja.wtest","timeElapsed":212,"timestamp":"2024-10-14T23:26:05.309Z"}
{"level":"info","message":"⌛ Validating testGranja.wtest","timeElapsed":377,"timestamp":"2024-10-14T23:26:05.686Z"}
{"level":"info","message":"⌛ Validating testGranja.wtest","timeElapsed":218,"timestamp":"2024-10-14T23:26:05.904Z"}
{"level":"info","message":"⌛ Validating testGranja.wtest","timeElapsed":188,"timestamp":"2024-10-14T23:26:06.093Z"}
{"level":"info","message":"⌛ Building environment","timeElapsed":134,"timestamp":"2024-10-14T23:26:06.227Z"}
{"level":"info","message":"⌛ Validating testGranja.wtest","timeElapsed":208,"timestamp":"2024-10-14T23:26:06.437Z"}
{"level":"info","message":"⌛ Building environment","timeElapsed":134,"timestamp":"2024-10-14T23:26:06.613Z"}
{"level":"info","message":"⌛ Validating testGranja.wtest","timeElapsed":206,"timestamp":"2024-10-14T23:26:06.821Z"}
{"level":"info","message":"⌛ Validating testGranja.wtest","timeElapsed":196,"timestamp":"2024-10-14T23:26:07.017Z"}
{"level":"info","message":"⌛ Building environment","timeElapsed":132,"timestamp":"2024-10-14T23:26:07.156Z"}
{"level":"info","message":"⌛ Validating testGranja.wtest","timeElapsed":192,"timestamp":"2024-10-14T23:26:07.360Z"}
{"level":"info","message":"⌛ Building environment","timeElapsed":140,"timestamp":"2024-10-14T23:26:07.504Z"}
{"level":"info","message":"⌛ Validating testGranja.wtest","timeElapsed":191,"timestamp":"2024-10-14T23:26:07.706Z"}
{"level":"info","message":"⌛ Building environment","timeElapsed":144,"timestamp":"2024-10-14T23:26:07.852Z"}
{"level":"info","message":"⌛ Building environment","timeElapsed":141,"timestamp":"2024-10-14T23:26:07.995Z"}
{"level":"info","message":"⌛ Building environment","timeElapsed":133,"timestamp":"2024-10-14T23:26:08.129Z"}
{"level":"info","message":"⌛ Validating testGranja.wtest","timeElapsed":213,"timestamp":"2024-10-14T23:26:08.342Z"}
{"level":"info","message":"⌛ Validating testGranja.wtest","timeElapsed":209,"timestamp":"2024-10-14T23:26:08.561Z"}
{"level":"info","message":"⌛ Validating testGranja.wtest","timeElapsed":212,"timestamp":"2024-10-14T23:26:08.775Z"}
{"level":"info","message":"⌛ Validating testGranja.wtest","timeElapsed":217,"timestamp":"2024-10-14T23:26:08.993Z"}
{"level":"info","message":"⌛ Building environment","timeElapsed":142,"timestamp":"2024-10-14T23:26:09.136Z"}
{"level":"info","message":"⌛ Validating testGranja.wtest","timeElapsed":195,"timestamp":"2024-10-14T23:26:09.332Z"}
{"level":"info","message":"⌛ Validating testGranja.wtest","timeElapsed":194,"timestamp":"2024-10-14T23:26:09.538Z"}
{"level":"info","message":"⌛ Validating testGranja.wtest","timeElapsed":198,"timestamp":"2024-10-14T23:26:09.772Z"}
{"level":"info","message":"⌛ Validating testGranja.wtest","timeElapsed":217,"timestamp":"2024-10-14T23:26:09.989Z"}
{"level":"info","message":"⌛ Validating testGranja.wtest","timeElapsed":198,"timestamp":"2024-10-14T23:26:10.189Z"}
{"level":"info","message":"⌛ Validating testGranja.wtest","timeElapsed":198,"timestamp":"2024-10-14T23:26:10.387Z"}
{"level":"info","message":"⌛ Validating testGranja.wtest","timeElapsed":195,"timestamp":"2024-10-14T23:26:10.582Z"}
{"level":"info","message":"⌛ Validating testGranja.wtest","timeElapsed":196,"timestamp":"2024-10-14T23:26:10.778Z"}
{"level":"info","message":"⌛ Validating testGranja.wtest","timeElapsed":207,"timestamp":"2024-10-14T23:26:10.985Z"}
{"level":"info","message":"⌛ Building environment","timeElapsed":151,"timestamp":"2024-10-14T23:26:11.433Z"}
{"level":"error","message":"✘ Completions for node failed: Error: [Send]{98624b} at testGranja.wtest:35 exhausted all cases without a match [Send]{98624b} at testGranja.wtest:35 exhausted all cases without a match","stack":"Error: [Send]{98624b} at testGranja.wtest:35 exhausted all cases without a match\n    at /home/felipe/.vscode/extensions/uqbar.wollok-lsp-ide-0.3.6/out/server/src/server.js:38:6067\n    at yh (/home/felipe/.vscode/extensions/uqbar.wollok-lsp-ide-0.3.6/out/server/src/server.js:2291:42)\n    at kh (/home/felipe/.vscode/extensions/uqbar.wollok-lsp-ide-0.3.6/out/server/src/server.js:2291:1004)\n    at Y5n (/home/felipe/.vscode/extensions/uqbar.wollok-lsp-ide-0.3.6/out/server/src/server.js:2291:1160)\n    at /home/felipe/.vscode/extensions/uqbar.wollok-lsp-ide-0.3.6/out/server/src/server.js:38:6056\n    at yh (/home/felipe/.vscode/extensions/uqbar.wollok-lsp-ide-0.3.6/out/server/src/server.js:2291:42)\n    at /home/felipe/.vscode/extensions/uqbar.wollok-lsp-ide-0.3.6/out/server/src/server.js:2291:2700\n    at /home/felipe/.vscode/extensions/uqbar.wollok-lsp-ide-0.3.6/out/server/src/server.js:2298:3774\n    at /home/felipe/.vscode/extensions/uqbar.wollok-lsp-ide-0.3.6/out/server/src/server.js:37:74872\n    at Fe (/home/felipe/.vscode/extensions/uqbar.wollok-lsp-ide-0.3.6/out/server/src/server.js:7:8527)","timestamp":"2024-10-14T23:26:11.477Z"}
{"level":"info","message":"⌛ Building environment","timeElapsed":153,"timestamp":"2024-10-14T23:26:11.637Z"}
{"level":"info","message":"⌛ Validating testGranja.wtest","timeElapsed":235,"timestamp":"2024-10-14T23:26:11.874Z"}
{"level":"info","message":"onRequest - completionItem/resolve","timestamp":"2024-10-14T23:26:11.875Z"}
{"level":"info","message":"⌛ Building environment","timeElapsed":168,"timestamp":"2024-10-14T23:26:12.043Z"}
{"level":"info","message":"onRequest - completionItem/resolve","timestamp":"2024-10-14T23:26:12.044Z"}
{"level":"info","message":"⌛ Validating testGranja.wtest","timeElapsed":326,"timestamp":"2024-10-14T23:26:12.371Z"}
{"level":"info","message":"⌛ Building environment","timeElapsed":140,"timestamp":"2024-10-14T23:26:12.513Z"}
{"level":"info","message":"onRequest - completionItem/resolve","timestamp":"2024-10-14T23:26:12.519Z"}
{"level":"info","message":"⌛ Building environment","timeElapsed":431,"timestamp":"2024-10-14T23:26:12.951Z"}
{"level":"info","message":"onRequest - completionItem/resolve","timestamp":"2024-10-14T23:26:12.956Z"}
{"level":"info","message":"⌛ Validating testGranja.wtest","timeElapsed":200,"timestamp":"2024-10-14T23:26:13.156Z"}
{"level":"info","message":"⌛ Building environment","timeElapsed":152,"timestamp":"2024-10-14T23:26:13.308Z"}
{"level":"info","message":"onRequest - completionItem/resolve","timestamp":"2024-10-14T23:26:13.309Z"}
{"level":"info","message":"⌛ Validating testGranja.wtest","timeElapsed":189,"timestamp":"2024-10-14T23:26:13.508Z"}
{"level":"info","message":"⌛ Building environment","timeElapsed":135,"timestamp":"2024-10-14T23:26:13.644Z"}
{"level":"info","message":"⌛ Validating testGranja.wtest","timeElapsed":211,"timestamp":"2024-10-14T23:26:13.891Z"}
{"level":"info","message":"⌛ Validating testGranja.wtest","timeElapsed":208,"timestamp":"2024-10-14T23:26:14.101Z"}
{"level":"info","message":"⌛ Validating testGranja.wtest","timeElapsed":219,"timestamp":"2024-10-14T23:26:14.320Z"}
{"level":"info","message":"onRequest - completionItem/resolve","timestamp":"2024-10-14T23:26:14.320Z"}
{"level":"info","message":"⌛ Building environment","timeElapsed":160,"timestamp":"2024-10-14T23:26:14.683Z"}
{"level":"error","message":"✘ Completions for node failed: Error: [Send]{7f12e6} at testGranja.wtest:35 exhausted all cases without a match [Send]{7f12e6} at testGranja.wtest:35 exhausted all cases without a match","stack":"Error: [Send]{7f12e6} at testGranja.wtest:35 exhausted all cases without a match\n    at /home/felipe/.vscode/extensions/uqbar.wollok-lsp-ide-0.3.6/out/server/src/server.js:38:6067\n    at yh (/home/felipe/.vscode/extensions/uqbar.wollok-lsp-ide-0.3.6/out/server/src/server.js:2291:42)\n    at kh (/home/felipe/.vscode/extensions/uqbar.wollok-lsp-ide-0.3.6/out/server/src/server.js:2291:1004)\n    at Y5n (/home/felipe/.vscode/extensions/uqbar.wollok-lsp-ide-0.3.6/out/server/src/server.js:2291:1160)\n    at /home/felipe/.vscode/extensions/uqbar.wollok-lsp-ide-0.3.6/out/server/src/server.js:38:6056\n    at yh (/home/felipe/.vscode/extensions/uqbar.wollok-lsp-ide-0.3.6/out/server/src/server.js:2291:42)\n    at /home/felipe/.vscode/extensions/uqbar.wollok-lsp-ide-0.3.6/out/server/src/server.js:2291:2700\n    at /home/felipe/.vscode/extensions/uqbar.wollok-lsp-ide-0.3.6/out/server/src/server.js:2298:3774\n    at /home/felipe/.vscode/extensions/uqbar.wollok-lsp-ide-0.3.6/out/server/src/server.js:37:74872\n    at Fe (/home/felipe/.vscode/extensions/uqbar.wollok-lsp-ide-0.3.6/out/server/src/server.js:7:8527)","timestamp":"2024-10-14T23:26:14.733Z"}
{"level":"info","message":"⌛ Building environment","timeElapsed":127,"timestamp":"2024-10-14T23:26:14.866Z"}
{"level":"info","message":"⌛ Validating testGranja.wtest","timeElapsed":208,"timestamp":"2024-10-14T23:26:15.080Z"}
{"level":"info","message":"⌛ Validating testGranja.wtest","timeElapsed":222,"timestamp":"2024-10-14T23:26:15.302Z"}
{"level":"info","message":"⌛ Building environment","timeElapsed":172,"timestamp":"2024-10-14T23:26:15.972Z"}
{"level":"error","message":"✘ Completions for node failed: Error: [Send]{23efee} at testGranja.wtest:35 exhausted all cases without a match [Send]{23efee} at testGranja.wtest:35 exhausted all cases without a match","stack":"Error: [Send]{23efee} at testGranja.wtest:35 exhausted all cases without a match\n    at /home/felipe/.vscode/extensions/uqbar.wollok-lsp-ide-0.3.6/out/server/src/server.js:38:6067\n    at yh (/home/felipe/.vscode/extensions/uqbar.wollok-lsp-ide-0.3.6/out/server/src/server.js:2291:42)\n    at kh (/home/felipe/.vscode/extensions/uqbar.wollok-lsp-ide-0.3.6/out/server/src/server.js:2291:1004)\n    at Y5n (/home/felipe/.vscode/extensions/uqbar.wollok-lsp-ide-0.3.6/out/server/src/server.js:2291:1160)\n    at /home/felipe/.vscode/extensions/uqbar.wollok-lsp-ide-0.3.6/out/server/src/server.js:38:6056\n    at yh (/home/felipe/.vscode/extensions/uqbar.wollok-lsp-ide-0.3.6/out/server/src/server.js:2291:42)\n    at /home/felipe/.vscode/extensions/uqbar.wollok-lsp-ide-0.3.6/out/server/src/server.js:2291:2700\n    at /home/felipe/.vscode/extensions/uqbar.wollok-lsp-ide-0.3.6/out/server/src/server.js:2298:3774\n    at /home/felipe/.vscode/extensions/uqbar.wollok-lsp-ide-0.3.6/out/server/src/server.js:37:74872\n    at Fe (/home/felipe/.vscode/extensions/uqbar.wollok-lsp-ide-0.3.6/out/server/src/server.js:7:8527)","timestamp":"2024-10-14T23:26:16.010Z"}
{"level":"info","message":"⌛ Validating testGranja.wtest","timeElapsed":206,"timestamp":"2024-10-14T23:26:16.224Z"}
{"level":"info","message":"⌛ Building environment","timeElapsed":152,"timestamp":"2024-10-14T23:26:16.522Z"}
{"level":"error","message":"✘ Completions for node failed: Error: [Send]{593f84} at testGranja.wtest:35 exhausted all cases without a match [Send]{593f84} at testGranja.wtest:35 exhausted all cases without a match","stack":"Error: [Send]{593f84} at testGranja.wtest:35 exhausted all cases without a match\n    at /home/felipe/.vscode/extensions/uqbar.wollok-lsp-ide-0.3.6/out/server/src/server.js:38:6067\n    at yh (/home/felipe/.vscode/extensions/uqbar.wollok-lsp-ide-0.3.6/out/server/src/server.js:2291:42)\n    at kh (/home/felipe/.vscode/extensions/uqbar.wollok-lsp-ide-0.3.6/out/server/src/server.js:2291:1004)\n    at Y5n (/home/felipe/.vscode/extensions/uqbar.wollok-lsp-ide-0.3.6/out/server/src/server.js:2291:1160)\n    at /home/felipe/.vscode/extensions/uqbar.wollok-lsp-ide-0.3.6/out/server/src/server.js:38:6056\n    at yh (/home/felipe/.vscode/extensions/uqbar.wollok-lsp-ide-0.3.6/out/server/src/server.js:2291:42)\n    at /home/felipe/.vscode/extensions/uqbar.wollok-lsp-ide-0.3.6/out/server/src/server.js:2291:2700\n    at /home/felipe/.vscode/extensions/uqbar.wollok-lsp-ide-0.3.6/out/server/src/server.js:2298:3774\n    at /home/felipe/.vscode/extensions/uqbar.wollok-lsp-ide-0.3.6/out/server/src/server.js:37:74872\n    at Fe (/home/felipe/.vscode/extensions/uqbar.wollok-lsp-ide-0.3.6/out/server/src/server.js:7:8527)","timestamp":"2024-10-14T23:26:16.562Z"}
{"level":"info","message":"⌛ Validating testGranja.wtest","timeElapsed":205,"timestamp":"2024-10-14T23:26:16.774Z"}
{"level":"info","message":"⌛ Building environment","timeElapsed":230,"timestamp":"2024-10-14T23:26:17.005Z"}
{"level":"error","message":"✘ Completions for node failed: Error: [Send]{02d617} at testGranja.wtest:35 exhausted all cases without a match [Send]{02d617} at testGranja.wtest:35 exhausted all cases without a match","stack":"Error: [Send]{02d617} at testGranja.wtest:35 exhausted all cases without a match\n    at /home/felipe/.vscode/extensions/uqbar.wollok-lsp-ide-0.3.6/out/server/src/server.js:38:6067\n    at yh (/home/felipe/.vscode/extensions/uqbar.wollok-lsp-ide-0.3.6/out/server/src/server.js:2291:42)\n    at kh (/home/felipe/.vscode/extensions/uqbar.wollok-lsp-ide-0.3.6/out/server/src/server.js:2291:1004)\n    at Y5n (/home/felipe/.vscode/extensions/uqbar.wollok-lsp-ide-0.3.6/out/server/src/server.js:2291:1160)\n    at /home/felipe/.vscode/extensions/uqbar.wollok-lsp-ide-0.3.6/out/server/src/server.js:38:6056\n    at yh (/home/felipe/.vscode/extensions/uqbar.wollok-lsp-ide-0.3.6/out/server/src/server.js:2291:42)\n    at /home/felipe/.vscode/extensions/uqbar.wollok-lsp-ide-0.3.6/out/server/src/server.js:2291:2700\n    at /home/felipe/.vscode/extensions/uqbar.wollok-lsp-ide-0.3.6/out/server/src/server.js:2298:3774\n    at /home/felipe/.vscode/extensions/uqbar.wollok-lsp-ide-0.3.6/out/server/src/server.js:37:74872\n    at Fe (/home/felipe/.vscode/extensions/uqbar.wollok-lsp-ide-0.3.6/out/server/src/server.js:7:8527)","timestamp":"2024-10-14T23:26:17.046Z"}
{"level":"info","message":"⌛ Building environment","timeElapsed":129,"timestamp":"2024-10-14T23:26:17.180Z"}
{"level":"info","message":"⌛ Building environment","timeElapsed":132,"timestamp":"2024-10-14T23:26:17.318Z"}
{"level":"info","message":"⌛ Validating testGranja.wtest","timeElapsed":222,"timestamp":"2024-10-14T23:26:17.547Z"}
{"level":"info","message":"⌛ Validating testGranja.wtest","timeElapsed":206,"timestamp":"2024-10-14T23:26:17.754Z"}
{"level":"info","message":"⌛ Validating testGranja.wtest","timeElapsed":193,"timestamp":"2024-10-14T23:26:17.955Z"}
{"level":"info","message":"⌛ Building environment","timeElapsed":141,"timestamp":"2024-10-14T23:26:18.097Z"}
{"level":"error","message":"✘ Completions for node failed: Error: [Send]{fe80f8} at testGranja.wtest:35 exhausted all cases without a match [Send]{fe80f8} at testGranja.wtest:35 exhausted all cases without a match","stack":"Error: [Send]{fe80f8} at testGranja.wtest:35 exhausted all cases without a match\n    at /home/felipe/.vscode/extensions/uqbar.wollok-lsp-ide-0.3.6/out/server/src/server.js:38:6067\n    at yh (/home/felipe/.vscode/extensions/uqbar.wollok-lsp-ide-0.3.6/out/server/src/server.js:2291:42)\n    at kh (/home/felipe/.vscode/extensions/uqbar.wollok-lsp-ide-0.3.6/out/server/src/server.js:2291:1004)\n    at Y5n (/home/felipe/.vscode/extensions/uqbar.wollok-lsp-ide-0.3.6/out/server/src/server.js:2291:1160)\n    at /home/felipe/.vscode/extensions/uqbar.wollok-lsp-ide-0.3.6/out/server/src/server.js:38:6056\n    at yh (/home/felipe/.vscode/extensions/uqbar.wollok-lsp-ide-0.3.6/out/server/src/server.js:2291:42)\n    at /home/felipe/.vscode/extensions/uqbar.wollok-lsp-ide-0.3.6/out/server/src/server.js:2291:2700\n    at /home/felipe/.vscode/extensions/uqbar.wollok-lsp-ide-0.3.6/out/server/src/server.js:2298:3774\n    at /home/felipe/.vscode/extensions/uqbar.wollok-lsp-ide-0.3.6/out/server/src/server.js:37:74872\n    at Fe (/home/felipe/.vscode/extensions/uqbar.wollok-lsp-ide-0.3.6/out/server/src/server.js:7:8527)","timestamp":"2024-10-14T23:26:18.140Z"}
{"level":"info","message":"⌛ Building environment","timeElapsed":135,"timestamp":"2024-10-14T23:26:18.280Z"}
{"level":"info","message":"⌛ Validating testGranja.wtest","timeElapsed":197,"timestamp":"2024-10-14T23:26:18.483Z"}
{"level":"info","message":"⌛ Validating testGranja.wtest","timeElapsed":204,"timestamp":"2024-10-14T23:26:18.687Z"}
{"level":"info","message":"⌛ Building environment","timeElapsed":141,"timestamp":"2024-10-14T23:26:18.844Z"}
{"level":"error","message":"✘ Completions for node failed: Error: [Send]{7b1037} at testGranja.wtest:35 exhausted all cases without a match [Send]{7b1037} at testGranja.wtest:35 exhausted all cases without a match","stack":"Error: [Send]{7b1037} at testGranja.wtest:35 exhausted all cases without a match\n    at /home/felipe/.vscode/extensions/uqbar.wollok-lsp-ide-0.3.6/out/server/src/server.js:38:6067\n    at yh (/home/felipe/.vscode/extensions/uqbar.wollok-lsp-ide-0.3.6/out/server/src/server.js:2291:42)\n    at kh (/home/felipe/.vscode/extensions/uqbar.wollok-lsp-ide-0.3.6/out/server/src/server.js:2291:1004)\n    at Y5n (/home/felipe/.vscode/extensions/uqbar.wollok-lsp-ide-0.3.6/out/server/src/server.js:2291:1160)\n    at /home/felipe/.vscode/extensions/uqbar.wollok-lsp-ide-0.3.6/out/server/src/server.js:38:6056\n    at yh (/home/felipe/.vscode/extensions/uqbar.wollok-lsp-ide-0.3.6/out/server/src/server.js:2291:42)\n    at /home/felipe/.vscode/extensions/uqbar.wollok-lsp-ide-0.3.6/out/server/src/server.js:2291:2700\n    at /home/felipe/.vscode/extensions/uqbar.wollok-lsp-ide-0.3.6/out/server/src/server.js:2298:3774\n    at /home/felipe/.vscode/extensions/uqbar.wollok-lsp-ide-0.3.6/out/server/src/server.js:37:74872\n    at Fe (/home/felipe/.vscode/extensions/uqbar.wollok-lsp-ide-0.3.6/out/server/src/server.js:7:8527)","timestamp":"2024-10-14T23:26:18.885Z"}
{"level":"info","message":"⌛ Validating testGranja.wtest","timeElapsed":192,"timestamp":"2024-10-14T23:26:19.082Z"}
{"level":"info","message":"⌛ Building environment","timeElapsed":162,"timestamp":"2024-10-14T23:26:19.513Z"}
{"level":"error","message":"✘ Completions for node failed: Error: [Send]{ed7a88} at testGranja.wtest:35 exhausted all cases without a match [Send]{ed7a88} at testGranja.wtest:35 exhausted all cases without a match","stack":"Error: [Send]{ed7a88} at testGranja.wtest:35 exhausted all cases without a match\n    at /home/felipe/.vscode/extensions/uqbar.wollok-lsp-ide-0.3.6/out/server/src/server.js:38:6067\n    at yh (/home/felipe/.vscode/extensions/uqbar.wollok-lsp-ide-0.3.6/out/server/src/server.js:2291:42)\n    at kh (/home/felipe/.vscode/extensions/uqbar.wollok-lsp-ide-0.3.6/out/server/src/server.js:2291:1004)\n    at Y5n (/home/felipe/.vscode/extensions/uqbar.wollok-lsp-ide-0.3.6/out/server/src/server.js:2291:1160)\n    at /home/felipe/.vscode/extensions/uqbar.wollok-lsp-ide-0.3.6/out/server/src/server.js:38:6056\n    at yh (/home/felipe/.vscode/extensions/uqbar.wollok-lsp-ide-0.3.6/out/server/src/server.js:2291:42)\n    at /home/felipe/.vscode/extensions/uqbar.wollok-lsp-ide-0.3.6/out/server/src/server.js:2291:2700\n    at /home/felipe/.vscode/extensions/uqbar.wollok-lsp-ide-0.3.6/out/server/src/server.js:2298:3774\n    at /home/felipe/.vscode/extensions/uqbar.wollok-lsp-ide-0.3.6/out/server/src/server.js:37:74872\n    at Fe (/home/felipe/.vscode/extensions/uqbar.wollok-lsp-ide-0.3.6/out/server/src/server.js:7:8527)","timestamp":"2024-10-14T23:26:19.547Z"}
{"level":"info","message":"⌛ Building environment","timeElapsed":149,"timestamp":"2024-10-14T23:26:19.699Z"}
{"level":"info","message":"⌛ Validating testGranja.wtest","timeElapsed":197,"timestamp":"2024-10-14T23:26:19.897Z"}
{"level":"info","message":"⌛ Building environment","timeElapsed":357,"timestamp":"2024-10-14T23:26:20.256Z"}
{"level":"error","message":"✘ Completions for node failed: Error: [Send]{d810bc} at testGranja.wtest:35 exhausted all cases without a match [Send]{d810bc} at testGranja.wtest:35 exhausted all cases without a match","stack":"Error: [Send]{d810bc} at testGranja.wtest:35 exhausted all cases without a match\n    at /home/felipe/.vscode/extensions/uqbar.wollok-lsp-ide-0.3.6/out/server/src/server.js:38:6067\n    at yh (/home/felipe/.vscode/extensions/uqbar.wollok-lsp-ide-0.3.6/out/server/src/server.js:2291:42)\n    at kh (/home/felipe/.vscode/extensions/uqbar.wollok-lsp-ide-0.3.6/out/server/src/server.js:2291:1004)\n    at Y5n (/home/felipe/.vscode/extensions/uqbar.wollok-lsp-ide-0.3.6/out/server/src/server.js:2291:1160)\n    at /home/felipe/.vscode/extensions/uqbar.wollok-lsp-ide-0.3.6/out/server/src/server.js:38:6056\n    at yh (/home/felipe/.vscode/extensions/uqbar.wollok-lsp-ide-0.3.6/out/server/src/server.js:2291:42)\n    at /home/felipe/.vscode/extensions/uqbar.wollok-lsp-ide-0.3.6/out/server/src/server.js:2291:2700\n    at /home/felipe/.vscode/extensions/uqbar.wollok-lsp-ide-0.3.6/out/server/src/server.js:2298:3774\n    at /home/felipe/.vscode/extensions/uqbar.wollok-lsp-ide-0.3.6/out/server/src/server.js:37:74872\n    at Fe (/home/felipe/.vscode/extensions/uqbar.wollok-lsp-ide-0.3.6/out/server/src/server.js:7:8527)","timestamp":"2024-10-14T23:26:20.311Z"}
{"level":"info","message":"⌛ Validating testGranja.wtest","timeElapsed":222,"timestamp":"2024-10-14T23:26:20.541Z"}
{"level":"info","message":"⌛ Validating testGranja.wtest","timeElapsed":213,"timestamp":"2024-10-14T23:26:20.755Z"}
{"level":"info","message":"⌛ Building environment","timeElapsed":152,"timestamp":"2024-10-14T23:26:21.125Z"}
{"level":"info","message":"⌛ Validating testGranja.wtest","timeElapsed":198,"timestamp":"2024-10-14T23:26:21.330Z"}
{"level":"info","message":"⌛ Building environment","timeElapsed":154,"timestamp":"2024-10-14T23:26:22.072Z"}
{"level":"error","message":"✘ Completions for node failed: Error: [Send]{e842f1} at testGranja.wtest:35 exhausted all cases without a match [Send]{e842f1} at testGranja.wtest:35 exhausted all cases without a match","stack":"Error: [Send]{e842f1} at testGranja.wtest:35 exhausted all cases without a match\n    at /home/felipe/.vscode/extensions/uqbar.wollok-lsp-ide-0.3.6/out/server/src/server.js:38:6067\n    at yh (/home/felipe/.vscode/extensions/uqbar.wollok-lsp-ide-0.3.6/out/server/src/server.js:2291:42)\n    at kh (/home/felipe/.vscode/extensions/uqbar.wollok-lsp-ide-0.3.6/out/server/src/server.js:2291:1004)\n    at Y5n (/home/felipe/.vscode/extensions/uqbar.wollok-lsp-ide-0.3.6/out/server/src/server.js:2291:1160)\n    at /home/felipe/.vscode/extensions/uqbar.wollok-lsp-ide-0.3.6/out/server/src/server.js:38:6056\n    at yh (/home/felipe/.vscode/extensions/uqbar.wollok-lsp-ide-0.3.6/out/server/src/server.js:2291:42)\n    at /home/felipe/.vscode/extensions/uqbar.wollok-lsp-ide-0.3.6/out/server/src/server.js:2291:2700\n    at /home/felipe/.vscode/extensions/uqbar.wollok-lsp-ide-0.3.6/out/server/src/server.js:2298:3774\n    at /home/felipe/.vscode/extensions/uqbar.wollok-lsp-ide-0.3.6/out/server/src/server.js:37:74872\n    at Fe (/home/felipe/.vscode/extensions/uqbar.wollok-lsp-ide-0.3.6/out/server/src/server.js:7:8527)","timestamp":"2024-10-14T23:26:22.116Z"}
{"level":"error","message":"✘ Completions for node failed: Error: [Send]{04b892} at testGranja.wtest:35 exhausted all cases without a match [Send]{04b892} at testGranja.wtest:35 exhausted all cases without a match","stack":"Error: [Send]{04b892} at testGranja.wtest:35 exhausted all cases without a match\n    at /home/felipe/.vscode/extensions/uqbar.wollok-lsp-ide-0.3.6/out/server/src/server.js:38:6067\n    at yh (/home/felipe/.vscode/extensions/uqbar.wollok-lsp-ide-0.3.6/out/server/src/server.js:2291:42)\n    at kh (/home/felipe/.vscode/extensions/uqbar.wollok-lsp-ide-0.3.6/out/server/src/server.js:2291:1004)\n    at yh (/home/felipe/.vscode/extensions/uqbar.wollok-lsp-ide-0.3.6/out/server/src/server.js:2291:456)\n    at kh (/home/felipe/.vscode/extensions/uqbar.wollok-lsp-ide-0.3.6/out/server/src/server.js:2291:1004)\n    at Y5n (/home/felipe/.vscode/extensions/uqbar.wollok-lsp-ide-0.3.6/out/server/src/server.js:2291:1160)\n    at /home/felipe/.vscode/extensions/uqbar.wollok-lsp-ide-0.3.6/out/server/src/server.js:38:6056\n    at yh (/home/felipe/.vscode/extensions/uqbar.wollok-lsp-ide-0.3.6/out/server/src/server.js:2291:42)\n    at /home/felipe/.vscode/extensions/uqbar.wollok-lsp-ide-0.3.6/out/server/src/server.js:2291:2700\n    at /home/felipe/.vscode/extensions/uqbar.wollok-lsp-ide-0.3.6/out/server/src/server.js:2298:3774","timestamp":"2024-10-14T23:26:22.116Z"}
{"level":"info","message":"⌛ Building environment","timeElapsed":144,"timestamp":"2024-10-14T23:26:22.264Z"}
{"level":"info","message":"⌛ Validating testGranja.wtest","timeElapsed":204,"timestamp":"2024-10-14T23:26:22.469Z"}
{"level":"info","message":"onRequest - completionItem/resolve","timestamp":"2024-10-14T23:26:22.470Z"}
{"level":"info","message":"⌛ Building environment","timeElapsed":159,"timestamp":"2024-10-14T23:26:22.630Z"}
{"level":"info","message":"onRequest - completionItem/resolve","timestamp":"2024-10-14T23:26:22.631Z"}
{"level":"info","message":"⌛ Validating testGranja.wtest","timeElapsed":216,"timestamp":"2024-10-14T23:26:22.848Z"}
{"level":"info","message":"⌛ Building environment","timeElapsed":160,"timestamp":"2024-10-14T23:26:23.010Z"}
{"level":"info","message":"onRequest - completionItem/resolve","timestamp":"2024-10-14T23:26:23.016Z"}
{"level":"info","message":"⌛ Building environment","timeElapsed":131,"timestamp":"2024-10-14T23:26:23.147Z"}
{"level":"info","message":"onRequest - completionItem/resolve","timestamp":"2024-10-14T23:26:23.152Z"}
{"level":"info","message":"⌛ Validating testGranja.wtest","timeElapsed":196,"timestamp":"2024-10-14T23:26:23.348Z"}
{"level":"info","message":"⌛ Building environment","timeElapsed":139,"timestamp":"2024-10-14T23:26:23.488Z"}
{"level":"info","message":"onRequest - completionItem/resolve","timestamp":"2024-10-14T23:26:23.488Z"}
{"level":"info","message":"⌛ Validating testGranja.wtest","timeElapsed":201,"timestamp":"2024-10-14T23:26:23.689Z"}
{"level":"info","message":"⌛ Validating testGranja.wtest","timeElapsed":224,"timestamp":"2024-10-14T23:26:23.924Z"}
{"level":"info","message":"⌛ Validating testGranja.wtest","timeElapsed":230,"timestamp":"2024-10-14T23:26:24.154Z"}
{"level":"info","message":"⌛ Building environment","timeElapsed":143,"timestamp":"2024-10-14T23:26:24.301Z"}
{"level":"info","message":"⌛ Building environment","timeElapsed":138,"timestamp":"2024-10-14T23:26:24.482Z"}
{"level":"info","message":"⌛ Building environment","timeElapsed":133,"timestamp":"2024-10-14T23:26:24.615Z"}
{"level":"info","message":"⌛ Validating testGranja.wtest","timeElapsed":198,"timestamp":"2024-10-14T23:26:24.813Z"}
{"level":"info","message":"⌛ Validating testGranja.wtest","timeElapsed":246,"timestamp":"2024-10-14T23:26:25.070Z"}
{"level":"info","message":"⌛ Validating testGranja.wtest","timeElapsed":345,"timestamp":"2024-10-14T23:26:25.415Z"}
{"level":"info","message":"⌛ Building environment","timeElapsed":185,"timestamp":"2024-10-14T23:26:25.602Z"}
{"level":"error","message":"✘ Completions for node failed: Error: [Send]{8a7611} at testGranja.wtest:35 exhausted all cases without a match [Send]{8a7611} at testGranja.wtest:35 exhausted all cases without a match","stack":"Error: [Send]{8a7611} at testGranja.wtest:35 exhausted all cases without a match\n    at /home/felipe/.vscode/extensions/uqbar.wollok-lsp-ide-0.3.6/out/server/src/server.js:38:6067\n    at yh (/home/felipe/.vscode/extensions/uqbar.wollok-lsp-ide-0.3.6/out/server/src/server.js:2291:42)\n    at kh (/home/felipe/.vscode/extensions/uqbar.wollok-lsp-ide-0.3.6/out/server/src/server.js:2291:1004)\n    at Y5n (/home/felipe/.vscode/extensions/uqbar.wollok-lsp-ide-0.3.6/out/server/src/server.js:2291:1160)\n    at /home/felipe/.vscode/extensions/uqbar.wollok-lsp-ide-0.3.6/out/server/src/server.js:38:6056\n    at yh (/home/felipe/.vscode/extensions/uqbar.wollok-lsp-ide-0.3.6/out/server/src/server.js:2291:42)\n    at /home/felipe/.vscode/extensions/uqbar.wollok-lsp-ide-0.3.6/out/server/src/server.js:2291:2700\n    at /home/felipe/.vscode/extensions/uqbar.wollok-lsp-ide-0.3.6/out/server/src/server.js:2298:3774\n    at /home/felipe/.vscode/extensions/uqbar.wollok-lsp-ide-0.3.6/out/server/src/server.js:37:74872\n    at Fe (/home/felipe/.vscode/extensions/uqbar.wollok-lsp-ide-0.3.6/out/server/src/server.js:7:8527)","timestamp":"2024-10-14T23:26:25.637Z"}
{"level":"error","message":"✘ Completions for node failed: Error: [Send]{09f719} at testGranja.wtest:35 exhausted all cases without a match [Send]{09f719} at testGranja.wtest:35 exhausted all cases without a match","stack":"Error: [Send]{09f719} at testGranja.wtest:35 exhausted all cases without a match\n    at /home/felipe/.vscode/extensions/uqbar.wollok-lsp-ide-0.3.6/out/server/src/server.js:38:6067\n    at yh (/home/felipe/.vscode/extensions/uqbar.wollok-lsp-ide-0.3.6/out/server/src/server.js:2291:42)\n    at kh (/home/felipe/.vscode/extensions/uqbar.wollok-lsp-ide-0.3.6/out/server/src/server.js:2291:1004)\n    at yh (/home/felipe/.vscode/extensions/uqbar.wollok-lsp-ide-0.3.6/out/server/src/server.js:2291:456)\n    at kh (/home/felipe/.vscode/extensions/uqbar.wollok-lsp-ide-0.3.6/out/server/src/server.js:2291:1004)\n    at Y5n (/home/felipe/.vscode/extensions/uqbar.wollok-lsp-ide-0.3.6/out/server/src/server.js:2291:1160)\n    at /home/felipe/.vscode/extensions/uqbar.wollok-lsp-ide-0.3.6/out/server/src/server.js:38:6056\n    at yh (/home/felipe/.vscode/extensions/uqbar.wollok-lsp-ide-0.3.6/out/server/src/server.js:2291:42)\n    at /home/felipe/.vscode/extensions/uqbar.wollok-lsp-ide-0.3.6/out/server/src/server.js:2291:2700\n    at /home/felipe/.vscode/extensions/uqbar.wollok-lsp-ide-0.3.6/out/server/src/server.js:2298:3774","timestamp":"2024-10-14T23:26:25.637Z"}
{"level":"info","message":"⌛ Building environment","timeElapsed":159,"timestamp":"2024-10-14T23:26:25.804Z"}
{"level":"info","message":"⌛ Building environment","timeElapsed":249,"timestamp":"2024-10-14T23:26:26.059Z"}
{"level":"info","message":"⌛ Building environment","timeElapsed":170,"timestamp":"2024-10-14T23:26:26.230Z"}
{"level":"info","message":"⌛ Building environment","timeElapsed":160,"timestamp":"2024-10-14T23:26:26.391Z"}
{"level":"info","message":"⌛ Validating testGranja.wtest","timeElapsed":236,"timestamp":"2024-10-14T23:26:26.634Z"}
{"level":"info","message":"onRequest - completionItem/resolve","timestamp":"2024-10-14T23:26:26.634Z"}
{"level":"info","message":"⌛ Validating testGranja.wtest","timeElapsed":212,"timestamp":"2024-10-14T23:26:26.848Z"}
{"level":"info","message":"⌛ Validating testGranja.wtest","timeElapsed":217,"timestamp":"2024-10-14T23:26:27.066Z"}
{"level":"info","message":"⌛ Building environment","timeElapsed":169,"timestamp":"2024-10-14T23:26:27.236Z"}
{"level":"info","message":"onRequest - completionItem/resolve","timestamp":"2024-10-14T23:26:27.241Z"}
{"level":"info","message":"⌛ Validating testGranja.wtest","timeElapsed":199,"timestamp":"2024-10-14T23:26:27.442Z"}
{"level":"info","message":"⌛ Validating testGranja.wtest","timeElapsed":202,"timestamp":"2024-10-14T23:26:27.654Z"}
{"level":"info","message":"⌛ Validating testGranja.wtest","timeElapsed":221,"timestamp":"2024-10-14T23:26:27.875Z"}
{"level":"info","message":"⌛ Building environment","timeElapsed":156,"timestamp":"2024-10-14T23:26:32.219Z"}
{"level":"info","message":"⌛ Validating testGranja.wtest","timeElapsed":202,"timestamp":"2024-10-14T23:26:32.422Z"}
{"level":"info","message":"⌛ Building environment","timeElapsed":153,"timestamp":"2024-10-14T23:26:33.330Z"}
{"level":"info","message":"⌛ Building environment","timeElapsed":150,"timestamp":"2024-10-14T23:26:33.527Z"}
{"level":"info","message":"⌛ Validating testGranja.wtest","timeElapsed":220,"timestamp":"2024-10-14T23:26:33.748Z"}
{"level":"info","message":"onRequest - completionItem/resolve","timestamp":"2024-10-14T23:26:33.748Z"}
{"level":"info","message":"⌛ Building environment","timeElapsed":183,"timestamp":"2024-10-14T23:26:33.932Z"}
{"level":"info","message":"onRequest - completionItem/resolve","timestamp":"2024-10-14T23:26:33.933Z"}
{"level":"info","message":"⌛ Validating testGranja.wtest","timeElapsed":206,"timestamp":"2024-10-14T23:26:34.139Z"}
{"level":"info","message":"⌛ Building environment","timeElapsed":175,"timestamp":"2024-10-14T23:26:34.316Z"}
{"level":"info","message":"onRequest - completionItem/resolve","timestamp":"2024-10-14T23:26:34.321Z"}
{"level":"info","message":"⌛ Building environment","timeElapsed":137,"timestamp":"2024-10-14T23:26:34.459Z"}
{"level":"info","message":"onRequest - completionItem/resolve","timestamp":"2024-10-14T23:26:34.465Z"}
{"level":"info","message":"⌛ Building environment","timeElapsed":141,"timestamp":"2024-10-14T23:26:34.606Z"}
{"level":"info","message":"onRequest - completionItem/resolve","timestamp":"2024-10-14T23:26:34.612Z"}
{"level":"info","message":"⌛ Validating testGranja.wtest","timeElapsed":220,"timestamp":"2024-10-14T23:26:34.832Z"}
{"level":"info","message":"⌛ Validating testGranja.wtest","timeElapsed":207,"timestamp":"2024-10-14T23:26:35.050Z"}
{"level":"info","message":"⌛ Validating testGranja.wtest","timeElapsed":216,"timestamp":"2024-10-14T23:26:35.266Z"}
{"level":"info","message":"⌛ Validating testGranja.wtest","timeElapsed":192,"timestamp":"2024-10-14T23:26:35.459Z"}
{"level":"info","message":"⌛ Building environment","timeElapsed":147,"timestamp":"2024-10-14T23:26:35.606Z"}
{"level":"info","message":"⌛ Validating testGranja.wtest","timeElapsed":207,"timestamp":"2024-10-14T23:26:35.857Z"}
{"level":"info","message":"onRequest - completionItem/resolve","timestamp":"2024-10-14T23:26:35.858Z"}
{"level":"info","message":"⌛ Building environment","timeElapsed":179,"timestamp":"2024-10-14T23:26:36.037Z"}
{"level":"info","message":"onRequest - completionItem/resolve","timestamp":"2024-10-14T23:26:36.038Z"}
{"level":"info","message":"⌛ Building environment","timeElapsed":140,"timestamp":"2024-10-14T23:26:36.178Z"}
{"level":"info","message":"onRequest - completionItem/resolve","timestamp":"2024-10-14T23:26:36.179Z"}
{"level":"info","message":"⌛ Validating testGranja.wtest","timeElapsed":305,"timestamp":"2024-10-14T23:26:36.484Z"}
{"level":"info","message":"⌛ Validating testGranja.wtest","timeElapsed":237,"timestamp":"2024-10-14T23:26:36.779Z"}
{"level":"info","message":"⌛ Building environment","timeElapsed":182,"timestamp":"2024-10-14T23:26:36.961Z"}
{"level":"info","message":"onRequest - completionItem/resolve","timestamp":"2024-10-14T23:26:36.962Z"}
{"level":"info","message":"⌛ Building environment","timeElapsed":170,"timestamp":"2024-10-14T23:26:37.140Z"}
{"level":"info","message":"onRequest - completionItem/resolve","timestamp":"2024-10-14T23:26:37.140Z"}
{"level":"info","message":"⌛ Building environment","timeElapsed":150,"timestamp":"2024-10-14T23:26:37.290Z"}
{"level":"info","message":"onRequest - completionItem/resolve","timestamp":"2024-10-14T23:26:37.291Z"}
{"level":"info","message":"⌛ Validating testGranja.wtest","timeElapsed":202,"timestamp":"2024-10-14T23:26:37.501Z"}
{"level":"info","message":"⌛ Validating testGranja.wtest","timeElapsed":299,"timestamp":"2024-10-14T23:26:37.800Z"}
{"level":"info","message":"⌛ Validating testGranja.wtest","timeElapsed":211,"timestamp":"2024-10-14T23:26:38.011Z"}
{"level":"info","message":"⌛ Building environment","timeElapsed":145,"timestamp":"2024-10-14T23:26:38.157Z"}
{"level":"info","message":"⌛ Validating testGranja.wtest","timeElapsed":209,"timestamp":"2024-10-14T23:26:38.368Z"}
{"level":"info","message":"⌛ Building environment","timeElapsed":159,"timestamp":"2024-10-14T23:26:38.537Z"}
{"level":"error","message":"✘ Completions for node failed: Error: [Send]{87e2b3} at testGranja.wtest:36 exhausted all cases without a match [Send]{87e2b3} at testGranja.wtest:36 exhausted all cases without a match","stack":"Error: [Send]{87e2b3} at testGranja.wtest:36 exhausted all cases without a match\n    at /home/felipe/.vscode/extensions/uqbar.wollok-lsp-ide-0.3.6/out/server/src/server.js:38:6067\n    at yh (/home/felipe/.vscode/extensions/uqbar.wollok-lsp-ide-0.3.6/out/server/src/server.js:2291:42)\n    at kh (/home/felipe/.vscode/extensions/uqbar.wollok-lsp-ide-0.3.6/out/server/src/server.js:2291:1004)\n    at Y5n (/home/felipe/.vscode/extensions/uqbar.wollok-lsp-ide-0.3.6/out/server/src/server.js:2291:1160)\n    at /home/felipe/.vscode/extensions/uqbar.wollok-lsp-ide-0.3.6/out/server/src/server.js:38:6056\n    at yh (/home/felipe/.vscode/extensions/uqbar.wollok-lsp-ide-0.3.6/out/server/src/server.js:2291:42)\n    at /home/felipe/.vscode/extensions/uqbar.wollok-lsp-ide-0.3.6/out/server/src/server.js:2291:2700\n    at /home/felipe/.vscode/extensions/uqbar.wollok-lsp-ide-0.3.6/out/server/src/server.js:2298:3774\n    at /home/felipe/.vscode/extensions/uqbar.wollok-lsp-ide-0.3.6/out/server/src/server.js:37:74872\n    at Fe (/home/felipe/.vscode/extensions/uqbar.wollok-lsp-ide-0.3.6/out/server/src/server.js:7:8527)","timestamp":"2024-10-14T23:26:38.582Z"}
{"level":"info","message":"⌛ Validating testGranja.wtest","timeElapsed":247,"timestamp":"2024-10-14T23:26:38.833Z"}
{"level":"info","message":"onRequest - completionItem/resolve","timestamp":"2024-10-14T23:26:38.834Z"}
{"level":"info","message":"⌛ Building environment","timeElapsed":144,"timestamp":"2024-10-14T23:26:38.978Z"}
{"level":"info","message":"onRequest - completionItem/resolve","timestamp":"2024-10-14T23:26:38.979Z"}
{"level":"info","message":"⌛ Building environment","timeElapsed":169,"timestamp":"2024-10-14T23:26:39.149Z"}
{"level":"info","message":"onRequest - completionItem/resolve","timestamp":"2024-10-14T23:26:39.149Z"}
{"level":"info","message":"⌛ Building environment","timeElapsed":133,"timestamp":"2024-10-14T23:26:39.282Z"}
{"level":"info","message":"onRequest - completionItem/resolve","timestamp":"2024-10-14T23:26:39.282Z"}
{"level":"info","message":"⌛ Validating testGranja.wtest","timeElapsed":192,"timestamp":"2024-10-14T23:26:39.475Z"}
{"level":"info","message":"⌛ Building environment","timeElapsed":139,"timestamp":"2024-10-14T23:26:39.616Z"}
{"level":"info","message":"onRequest - completionItem/resolve","timestamp":"2024-10-14T23:26:39.623Z"}
{"level":"info","message":"⌛ Building environment","timeElapsed":135,"timestamp":"2024-10-14T23:26:39.759Z"}
{"level":"info","message":"onRequest - completionItem/resolve","timestamp":"2024-10-14T23:26:39.764Z"}
{"level":"info","message":"⌛ Validating testGranja.wtest","timeElapsed":199,"timestamp":"2024-10-14T23:26:39.964Z"}
{"level":"info","message":"⌛ Validating testGranja.wtest","timeElapsed":212,"timestamp":"2024-10-14T23:26:40.178Z"}
{"level":"info","message":"⌛ Validating testGranja.wtest","timeElapsed":191,"timestamp":"2024-10-14T23:26:40.377Z"}
{"level":"info","message":"⌛ Validating testGranja.wtest","timeElapsed":198,"timestamp":"2024-10-14T23:26:40.575Z"}
{"level":"info","message":"⌛ Building environment","timeElapsed":219,"timestamp":"2024-10-14T23:26:40.918Z"}
{"level":"info","message":"⌛ Validating testGranja.wtest","timeElapsed":184,"timestamp":"2024-10-14T23:26:41.107Z"}
{"level":"info","message":"⌛ Building environment","timeElapsed":197,"timestamp":"2024-10-14T23:26:48.602Z"}
{"level":"info","message":"⌛ Validating testGranja.wtest","timeElapsed":197,"timestamp":"2024-10-14T23:26:48.800Z"}
{"level":"info","message":"⌛ Building environment","timeElapsed":171,"timestamp":"2024-10-14T23:26:50.676Z"}
{"level":"info","message":"⌛ Validating testGranja.wtest","timeElapsed":243,"timestamp":"2024-10-14T23:26:50.922Z"}
{"level":"info","message":"⌛ Building environment","timeElapsed":168,"timestamp":"2024-10-14T23:26:51.115Z"}
{"level":"info","message":"⌛ Validating testGranja.wtest","timeElapsed":197,"timestamp":"2024-10-14T23:26:51.313Z"}
{"level":"info","message":"⌛ Building environment","timeElapsed":171,"timestamp":"2024-10-14T23:26:53.074Z"}
{"level":"info","message":"⌛ Building environment","timeElapsed":170,"timestamp":"2024-10-14T23:26:53.295Z"}
{"level":"info","message":"⌛ Validating testGranja.wtest","timeElapsed":192,"timestamp":"2024-10-14T23:26:53.487Z"}
{"level":"info","message":"onRequest - completionItem/resolve","timestamp":"2024-10-14T23:26:53.488Z"}
{"level":"info","message":"⌛ Building environment","timeElapsed":143,"timestamp":"2024-10-14T23:26:53.632Z"}
{"level":"info","message":"onRequest - completionItem/resolve","timestamp":"2024-10-14T23:26:53.632Z"}
{"level":"info","message":"⌛ Validating testGranja.wtest","timeElapsed":287,"timestamp":"2024-10-14T23:26:53.920Z"}
{"level":"info","message":"⌛ Validating testGranja.wtest","timeElapsed":267,"timestamp":"2024-10-14T23:26:54.204Z"}
{"level":"info","message":"⌛ Building environment","timeElapsed":177,"timestamp":"2024-10-14T23:26:54.382Z"}
{"level":"info","message":"onRequest - completionItem/resolve","timestamp":"2024-10-14T23:26:54.383Z"}
{"level":"info","message":"⌛ Building environment","timeElapsed":148,"timestamp":"2024-10-14T23:26:54.532Z"}
{"level":"info","message":"onRequest - completionItem/resolve","timestamp":"2024-10-14T23:26:54.532Z"}
{"level":"info","message":"⌛ Building environment","timeElapsed":150,"timestamp":"2024-10-14T23:26:54.683Z"}
{"level":"info","message":"onRequest - completionItem/resolve","timestamp":"2024-10-14T23:26:54.683Z"}
{"level":"info","message":"⌛ Validating testGranja.wtest","timeElapsed":223,"timestamp":"2024-10-14T23:26:54.915Z"}
{"level":"info","message":"⌛ Validating testGranja.wtest","timeElapsed":193,"timestamp":"2024-10-14T23:26:55.109Z"}
{"level":"info","message":"⌛ Validating testGranja.wtest","timeElapsed":232,"timestamp":"2024-10-14T23:26:55.342Z"}
{"level":"info","message":"⌛ Building environment","timeElapsed":222,"timestamp":"2024-10-14T23:26:55.565Z"}
{"level":"info","message":"⌛ Building environment","timeElapsed":223,"timestamp":"2024-10-14T23:26:55.873Z"}
{"level":"info","message":"⌛ Building environment","timeElapsed":250,"timestamp":"2024-10-14T23:26:56.126Z"}
{"level":"info","message":"⌛ Validating testGranja.wtest","timeElapsed":251,"timestamp":"2024-10-14T23:26:56.378Z"}
{"level":"info","message":"onRequest - completionItem/resolve","timestamp":"2024-10-14T23:26:56.379Z"}
{"level":"info","message":"⌛ Building environment","timeElapsed":165,"timestamp":"2024-10-14T23:26:56.552Z"}
{"level":"info","message":"onRequest - completionItem/resolve","timestamp":"2024-10-14T23:26:56.552Z"}
{"level":"info","message":"⌛ Building environment","timeElapsed":188,"timestamp":"2024-10-14T23:26:56.757Z"}
{"level":"info","message":"onRequest - completionItem/resolve","timestamp":"2024-10-14T23:26:56.758Z"}
{"level":"info","message":"⌛ Validating testGranja.wtest","timeElapsed":202,"timestamp":"2024-10-14T23:26:56.960Z"}
{"level":"info","message":"⌛ Building environment","timeElapsed":146,"timestamp":"2024-10-14T23:26:57.108Z"}
{"level":"info","message":"onRequest - completionItem/resolve","timestamp":"2024-10-14T23:26:57.109Z"}
{"level":"info","message":"⌛ Validating testGranja.wtest","timeElapsed":231,"timestamp":"2024-10-14T23:26:57.340Z"}
{"level":"info","message":"⌛ Validating testGranja.wtest","timeElapsed":234,"timestamp":"2024-10-14T23:26:57.588Z"}
{"level":"info","message":"⌛ Building environment","timeElapsed":158,"timestamp":"2024-10-14T23:26:57.746Z"}
{"level":"info","message":"⌛ Validating testGranja.wtest","timeElapsed":207,"timestamp":"2024-10-14T23:26:57.955Z"}
{"level":"info","message":"⌛ Validating testGranja.wtest","timeElapsed":219,"timestamp":"2024-10-14T23:26:58.183Z"}
{"level":"info","message":"⌛ Building environment","timeElapsed":141,"timestamp":"2024-10-14T23:26:58.324Z"}
{"level":"error","message":"✘ Completions for node failed: Error: [Send]{630021} at testGranja.wtest:39 exhausted all cases without a match [Send]{630021} at testGranja.wtest:39 exhausted all cases without a match","stack":"Error: [Send]{630021} at testGranja.wtest:39 exhausted all cases without a match\n    at /home/felipe/.vscode/extensions/uqbar.wollok-lsp-ide-0.3.6/out/server/src/server.js:38:6067\n    at yh (/home/felipe/.vscode/extensions/uqbar.wollok-lsp-ide-0.3.6/out/server/src/server.js:2291:42)\n    at kh (/home/felipe/.vscode/extensions/uqbar.wollok-lsp-ide-0.3.6/out/server/src/server.js:2291:1004)\n    at Y5n (/home/felipe/.vscode/extensions/uqbar.wollok-lsp-ide-0.3.6/out/server/src/server.js:2291:1160)\n    at /home/felipe/.vscode/extensions/uqbar.wollok-lsp-ide-0.3.6/out/server/src/server.js:38:6056\n    at yh (/home/felipe/.vscode/extensions/uqbar.wollok-lsp-ide-0.3.6/out/server/src/server.js:2291:42)\n    at /home/felipe/.vscode/extensions/uqbar.wollok-lsp-ide-0.3.6/out/server/src/server.js:2291:2700\n    at /home/felipe/.vscode/extensions/uqbar.wollok-lsp-ide-0.3.6/out/server/src/server.js:2298:3774\n    at /home/felipe/.vscode/extensions/uqbar.wollok-lsp-ide-0.3.6/out/server/src/server.js:37:74872\n    at Fe (/home/felipe/.vscode/extensions/uqbar.wollok-lsp-ide-0.3.6/out/server/src/server.js:7:8527)","timestamp":"2024-10-14T23:26:58.362Z"}
{"level":"info","message":"⌛ Building environment","timeElapsed":142,"timestamp":"2024-10-14T23:26:58.515Z"}
{"level":"info","message":"⌛ Building environment","timeElapsed":143,"timestamp":"2024-10-14T23:26:58.659Z"}
{"level":"info","message":"⌛ Building environment","timeElapsed":198,"timestamp":"2024-10-14T23:26:58.858Z"}
{"level":"info","message":"⌛ Validating testGranja.wtest","timeElapsed":194,"timestamp":"2024-10-14T23:26:59.053Z"}
{"level":"info","message":"⌛ Building environment","timeElapsed":144,"timestamp":"2024-10-14T23:26:59.209Z"}
{"level":"info","message":"⌛ Validating testGranja.wtest","timeElapsed":208,"timestamp":"2024-10-14T23:26:59.417Z"}
{"level":"info","message":"onRequest - completionItem/resolve","timestamp":"2024-10-14T23:26:59.419Z"}
{"level":"info","message":"⌛ Validating testGranja.wtest","timeElapsed":200,"timestamp":"2024-10-14T23:26:59.627Z"}
{"level":"info","message":"⌛ Validating testGranja.wtest","timeElapsed":207,"timestamp":"2024-10-14T23:26:59.835Z"}
{"level":"info","message":"⌛ Validating testGranja.wtest","timeElapsed":203,"timestamp":"2024-10-14T23:27:00.039Z"}
{"level":"info","message":"⌛ Validating testGranja.wtest","timeElapsed":200,"timestamp":"2024-10-14T23:27:00.239Z"}
{"level":"info","message":"⌛ Building environment","timeElapsed":166,"timestamp":"2024-10-14T23:27:01.415Z"}
{"level":"info","message":"⌛ Validating testGranja.wtest","timeElapsed":270,"timestamp":"2024-10-14T23:27:01.691Z"}
{"level":"info","message":"⌛ Building environment","timeElapsed":158,"timestamp":"2024-10-14T23:27:02.109Z"}
{"level":"info","message":"⌛ Building environment","timeElapsed":145,"timestamp":"2024-10-14T23:27:02.293Z"}
{"level":"info","message":"⌛ Validating testGranja.wtest","timeElapsed":204,"timestamp":"2024-10-14T23:27:02.502Z"}
{"level":"info","message":"onRequest - completionItem/resolve","timestamp":"2024-10-14T23:27:02.503Z"}
{"level":"info","message":"⌛ Building environment","timeElapsed":178,"timestamp":"2024-10-14T23:27:02.681Z"}
{"level":"info","message":"onRequest - completionItem/resolve","timestamp":"2024-10-14T23:27:02.682Z"}
{"level":"info","message":"⌛ Validating testGranja.wtest","timeElapsed":257,"timestamp":"2024-10-14T23:27:02.940Z"}
{"level":"info","message":"⌛ Building environment","timeElapsed":168,"timestamp":"2024-10-14T23:27:03.108Z"}
{"level":"info","message":"onRequest - completionItem/resolve","timestamp":"2024-10-14T23:27:03.110Z"}
{"level":"info","message":"⌛ Building environment","timeElapsed":268,"timestamp":"2024-10-14T23:27:03.382Z"}
{"level":"info","message":"onRequest - completionItem/resolve","timestamp":"2024-10-14T23:27:03.387Z"}
{"level":"info","message":"⌛ Building environment","timeElapsed":166,"timestamp":"2024-10-14T23:27:03.554Z"}
{"level":"info","message":"onRequest - completionItem/resolve","timestamp":"2024-10-14T23:27:03.554Z"}
{"level":"info","message":"⌛ Validating testGranja.wtest","timeElapsed":270,"timestamp":"2024-10-14T23:27:03.825Z"}
{"level":"info","message":"⌛ Validating testGranja.wtest","timeElapsed":215,"timestamp":"2024-10-14T23:27:04.049Z"}
{"level":"info","message":"⌛ Validating testGranja.wtest","timeElapsed":234,"timestamp":"2024-10-14T23:27:04.283Z"}
{"level":"info","message":"⌛ Validating testGranja.wtest","timeElapsed":212,"timestamp":"2024-10-14T23:27:04.496Z"}
{"level":"info","message":"⌛ Building environment","timeElapsed":172,"timestamp":"2024-10-14T23:27:04.670Z"}
{"level":"info","message":"⌛ Building environment","timeElapsed":166,"timestamp":"2024-10-14T23:27:04.876Z"}
{"level":"info","message":"⌛ Building environment","timeElapsed":146,"timestamp":"2024-10-14T23:27:05.022Z"}
{"level":"info","message":"⌛ Building environment","timeElapsed":141,"timestamp":"2024-10-14T23:27:05.169Z"}
{"level":"info","message":"⌛ Building environment","timeElapsed":152,"timestamp":"2024-10-14T23:27:05.322Z"}
{"level":"info","message":"⌛ Validating testGranja.wtest","timeElapsed":205,"timestamp":"2024-10-14T23:27:05.528Z"}
{"level":"info","message":"⌛ Building environment","timeElapsed":206,"timestamp":"2024-10-14T23:27:05.736Z"}
{"level":"info","message":"onRequest - completionItem/resolve","timestamp":"2024-10-14T23:27:05.736Z"}
{"level":"info","message":"⌛ Validating testGranja.wtest","timeElapsed":201,"timestamp":"2024-10-14T23:27:05.937Z"}
{"level":"info","message":"⌛ Validating testGranja.wtest","timeElapsed":212,"timestamp":"2024-10-14T23:27:06.151Z"}
{"level":"info","message":"⌛ Validating testGranja.wtest","timeElapsed":236,"timestamp":"2024-10-14T23:27:06.395Z"}
{"level":"info","message":"⌛ Validating testGranja.wtest","timeElapsed":223,"timestamp":"2024-10-14T23:27:06.619Z"}
{"level":"info","message":"⌛ Building environment","timeElapsed":156,"timestamp":"2024-10-14T23:27:06.777Z"}
{"level":"info","message":"⌛ Validating testGranja.wtest","timeElapsed":221,"timestamp":"2024-10-14T23:27:06.999Z"}
{"level":"info","message":"⌛ Building environment","timeElapsed":163,"timestamp":"2024-10-14T23:27:07.171Z"}
{"level":"error","message":"✘ Completions for node failed: Error: [Send]{9fada0} at testGranja.wtest:40 exhausted all cases without a match [Send]{9fada0} at testGranja.wtest:40 exhausted all cases without a match","stack":"Error: [Send]{9fada0} at testGranja.wtest:40 exhausted all cases without a match\n    at /home/felipe/.vscode/extensions/uqbar.wollok-lsp-ide-0.3.6/out/server/src/server.js:38:6067\n    at yh (/home/felipe/.vscode/extensions/uqbar.wollok-lsp-ide-0.3.6/out/server/src/server.js:2291:42)\n    at kh (/home/felipe/.vscode/extensions/uqbar.wollok-lsp-ide-0.3.6/out/server/src/server.js:2291:1004)\n    at Y5n (/home/felipe/.vscode/extensions/uqbar.wollok-lsp-ide-0.3.6/out/server/src/server.js:2291:1160)\n    at /home/felipe/.vscode/extensions/uqbar.wollok-lsp-ide-0.3.6/out/server/src/server.js:38:6056\n    at yh (/home/felipe/.vscode/extensions/uqbar.wollok-lsp-ide-0.3.6/out/server/src/server.js:2291:42)\n    at /home/felipe/.vscode/extensions/uqbar.wollok-lsp-ide-0.3.6/out/server/src/server.js:2291:2700\n    at /home/felipe/.vscode/extensions/uqbar.wollok-lsp-ide-0.3.6/out/server/src/server.js:2298:3774\n    at /home/felipe/.vscode/extensions/uqbar.wollok-lsp-ide-0.3.6/out/server/src/server.js:37:74872\n    at Fe (/home/felipe/.vscode/extensions/uqbar.wollok-lsp-ide-0.3.6/out/server/src/server.js:7:8527)","timestamp":"2024-10-14T23:27:07.208Z"}
{"level":"info","message":"⌛ Building environment","timeElapsed":181,"timestamp":"2024-10-14T23:27:07.398Z"}
{"level":"info","message":"⌛ Building environment","timeElapsed":139,"timestamp":"2024-10-14T23:27:07.537Z"}
{"level":"info","message":"⌛ Building environment","timeElapsed":133,"timestamp":"2024-10-14T23:27:07.671Z"}
{"level":"info","message":"⌛ Building environment","timeElapsed":141,"timestamp":"2024-10-14T23:27:07.812Z"}
{"level":"info","message":"⌛ Validating testGranja.wtest","timeElapsed":217,"timestamp":"2024-10-14T23:27:08.029Z"}
{"level":"info","message":"⌛ Validating testGranja.wtest","timeElapsed":195,"timestamp":"2024-10-14T23:27:08.232Z"}
{"level":"info","message":"onRequest - completionItem/resolve","timestamp":"2024-10-14T23:27:08.232Z"}
{"level":"info","message":"⌛ Validating testGranja.wtest","timeElapsed":192,"timestamp":"2024-10-14T23:27:08.425Z"}
{"level":"info","message":"⌛ Validating testGranja.wtest","timeElapsed":198,"timestamp":"2024-10-14T23:27:08.623Z"}
{"level":"info","message":"⌛ Validating testGranja.wtest","timeElapsed":198,"timestamp":"2024-10-14T23:27:08.822Z"}
{"level":"info","message":"⌛ Validating testGranja.wtest","timeElapsed":243,"timestamp":"2024-10-14T23:27:09.067Z"}
{"level":"info","message":"⌛ Building environment","timeElapsed":168,"timestamp":"2024-10-14T23:27:09.238Z"}
{"level":"info","message":"⌛ Validating testGranja.wtest","timeElapsed":238,"timestamp":"2024-10-14T23:27:09.484Z"}
{"level":"info","message":"⌛ Building environment","timeElapsed":227,"timestamp":"2024-10-14T23:27:09.714Z"}
{"level":"info","message":"⌛ Building environment","timeElapsed":221,"timestamp":"2024-10-14T23:27:10.005Z"}
{"level":"info","message":"⌛ Building environment","timeElapsed":267,"timestamp":"2024-10-14T23:27:10.288Z"}
{"level":"info","message":"⌛ Validating testGranja.wtest","timeElapsed":210,"timestamp":"2024-10-14T23:27:10.500Z"}
{"level":"info","message":"⌛ Building environment","timeElapsed":181,"timestamp":"2024-10-14T23:27:10.683Z"}
{"level":"info","message":"onRequest - completionItem/resolve","timestamp":"2024-10-14T23:27:10.684Z"}
{"level":"info","message":"⌛ Building environment","timeElapsed":145,"timestamp":"2024-10-14T23:27:10.829Z"}
{"level":"info","message":"onRequest - completionItem/resolve","timestamp":"2024-10-14T23:27:10.830Z"}
{"level":"info","message":"⌛ Building environment","timeElapsed":136,"timestamp":"2024-10-14T23:27:10.966Z"}
{"level":"info","message":"onRequest - completionItem/resolve","timestamp":"2024-10-14T23:27:10.967Z"}
{"level":"info","message":"⌛ Validating testGranja.wtest","timeElapsed":193,"timestamp":"2024-10-14T23:27:11.160Z"}
{"level":"info","message":"⌛ Validating testGranja.wtest","timeElapsed":209,"timestamp":"2024-10-14T23:27:11.370Z"}
{"level":"info","message":"⌛ Building environment","timeElapsed":150,"timestamp":"2024-10-14T23:27:11.530Z"}
{"level":"info","message":"⌛ Validating testGranja.wtest","timeElapsed":221,"timestamp":"2024-10-14T23:27:11.788Z"}
{"level":"info","message":"⌛ Validating testGranja.wtest","timeElapsed":206,"timestamp":"2024-10-14T23:27:11.994Z"}
{"level":"info","message":"⌛ Validating testGranja.wtest","timeElapsed":213,"timestamp":"2024-10-14T23:27:12.207Z"}
{"level":"info","message":"⌛ Validating testGranja.wtest","timeElapsed":217,"timestamp":"2024-10-14T23:27:12.426Z"}
{"level":"info","message":"onRequest - completionItem/resolve","timestamp":"2024-10-14T23:27:12.426Z"}
{"level":"info","message":"⌛ Building environment","timeElapsed":227,"timestamp":"2024-10-14T23:27:24.205Z"}
{"level":"info","message":"⌛ Validating testGranja.wtest","timeElapsed":206,"timestamp":"2024-10-14T23:27:24.451Z"}
{"level":"info","message":"onRequest - completionItem/resolve","timestamp":"2024-10-14T23:27:24.452Z"}
{"level":"info","message":"⌛ Building environment","timeElapsed":169,"timestamp":"2024-10-14T23:27:25.052Z"}
{"level":"info","message":"onRequest - completionItem/resolve","timestamp":"2024-10-14T23:27:25.053Z"}
{"level":"info","message":"⌛ Building environment","timeElapsed":157,"timestamp":"2024-10-14T23:27:25.211Z"}
{"level":"info","message":"onRequest - completionItem/resolve","timestamp":"2024-10-14T23:27:25.211Z"}
{"level":"info","message":"⌛ Validating testGranja.wtest","timeElapsed":203,"timestamp":"2024-10-14T23:27:25.414Z"}
{"level":"info","message":"⌛ Building environment","timeElapsed":202,"timestamp":"2024-10-14T23:27:25.617Z"}
{"level":"info","message":"⌛ Validating testGranja.wtest","timeElapsed":202,"timestamp":"2024-10-14T23:27:25.860Z"}
{"level":"info","message":"⌛ Building environment","timeElapsed":153,"timestamp":"2024-10-14T23:27:26.013Z"}
{"level":"info","message":"⌛ Validating testGranja.wtest","timeElapsed":197,"timestamp":"2024-10-14T23:27:26.215Z"}
{"level":"info","message":"⌛ Building environment","timeElapsed":324,"timestamp":"2024-10-14T23:27:26.596Z"}
{"level":"info","message":"⌛ Building environment","timeElapsed":156,"timestamp":"2024-10-14T23:27:26.753Z"}
{"level":"info","message":"⌛ Validating testGranja.wtest","timeElapsed":245,"timestamp":"2024-10-14T23:27:27.004Z"}
{"level":"info","message":"⌛ Building environment","timeElapsed":148,"timestamp":"2024-10-14T23:27:27.153Z"}
{"level":"info","message":"⌛ Validating testGranja.wtest","timeElapsed":203,"timestamp":"2024-10-14T23:27:27.363Z"}
{"level":"info","message":"⌛ Validating testGranja.wtest","timeElapsed":204,"timestamp":"2024-10-14T23:27:27.568Z"}
{"level":"info","message":"⌛ Building environment","timeElapsed":142,"timestamp":"2024-10-14T23:27:27.713Z"}
{"level":"info","message":"⌛ Building environment","timeElapsed":140,"timestamp":"2024-10-14T23:27:27.896Z"}
{"level":"info","message":"⌛ Building environment","timeElapsed":157,"timestamp":"2024-10-14T23:27:28.059Z"}
{"level":"info","message":"⌛ Validating testGranja.wtest","timeElapsed":201,"timestamp":"2024-10-14T23:27:28.260Z"}
{"level":"info","message":"⌛ Building environment","timeElapsed":137,"timestamp":"2024-10-14T23:27:28.408Z"}
{"level":"info","message":"⌛ Validating testGranja.wtest","timeElapsed":188,"timestamp":"2024-10-14T23:27:28.596Z"}
{"level":"info","message":"⌛ Validating testGranja.wtest","timeElapsed":199,"timestamp":"2024-10-14T23:27:28.798Z"}
{"level":"info","message":"⌛ Validating testGranja.wtest","timeElapsed":224,"timestamp":"2024-10-14T23:27:29.032Z"}
{"level":"info","message":"⌛ Validating testGranja.wtest","timeElapsed":199,"timestamp":"2024-10-14T23:27:29.233Z"}
{"level":"info","message":"⌛ Building environment","timeElapsed":147,"timestamp":"2024-10-14T23:27:29.617Z"}
{"level":"info","message":"⌛ Validating testGranja.wtest","timeElapsed":192,"timestamp":"2024-10-14T23:27:29.810Z"}
{"level":"info","message":"⌛ Building environment","timeElapsed":164,"timestamp":"2024-10-14T23:27:42.174Z"}
{"level":"info","message":"⌛ Validating testGranja.wtest","timeElapsed":203,"timestamp":"2024-10-14T23:27:42.379Z"}
{"level":"info","message":"⌛ Building environment","timeElapsed":195,"timestamp":"2024-10-14T23:27:43.819Z"}
{"level":"info","message":"⌛ Validating testGranja.wtest","timeElapsed":199,"timestamp":"2024-10-14T23:27:44.019Z"}
{"level":"info","message":"⌛ Building environment","timeElapsed":146,"timestamp":"2024-10-14T23:27:44.390Z"}
{"level":"info","message":"⌛ Validating testGranja.wtest","timeElapsed":195,"timestamp":"2024-10-14T23:27:44.589Z"}
{"level":"info","message":"⌛ Building environment","timeElapsed":208,"timestamp":"2024-10-14T23:27:46.275Z"}
{"level":"info","message":"⌛ Validating testGranja.wtest","timeElapsed":206,"timestamp":"2024-10-14T23:27:46.482Z"}
{"level":"info","message":"⌛ Building environment","timeElapsed":137,"timestamp":"2024-10-14T23:27:46.629Z"}
{"level":"info","message":"⌛ Validating testGranja.wtest","timeElapsed":213,"timestamp":"2024-10-14T23:27:46.893Z"}
{"level":"info","message":"⌛ Building environment","timeElapsed":173,"timestamp":"2024-10-14T23:27:47.102Z"}
{"level":"info","message":"⌛ Building environment","timeElapsed":171,"timestamp":"2024-10-14T23:27:47.320Z"}
{"level":"info","message":"⌛ Validating testGranja.wtest","timeElapsed":233,"timestamp":"2024-10-14T23:27:47.554Z"}
{"level":"info","message":"onRequest - completionItem/resolve","timestamp":"2024-10-14T23:27:47.555Z"}
{"level":"info","message":"⌛ Building environment","timeElapsed":208,"timestamp":"2024-10-14T23:27:47.764Z"}
{"level":"info","message":"onRequest - completionItem/resolve","timestamp":"2024-10-14T23:27:47.766Z"}
{"level":"info","message":"⌛ Validating testGranja.wtest","timeElapsed":266,"timestamp":"2024-10-14T23:27:48.034Z"}
{"level":"info","message":"⌛ Building environment","timeElapsed":154,"timestamp":"2024-10-14T23:27:48.188Z"}
{"level":"info","message":"onRequest - completionItem/resolve","timestamp":"2024-10-14T23:27:48.189Z"}
{"level":"info","message":"⌛ Building environment","timeElapsed":181,"timestamp":"2024-10-14T23:27:48.370Z"}
{"level":"info","message":"onRequest - completionItem/resolve","timestamp":"2024-10-14T23:27:48.371Z"}
{"level":"info","message":"⌛ Building environment","timeElapsed":156,"timestamp":"2024-10-14T23:27:48.528Z"}
{"level":"info","message":"onRequest - completionItem/resolve","timestamp":"2024-10-14T23:27:48.534Z"}
{"level":"info","message":"⌛ Validating testGranja.wtest","timeElapsed":224,"timestamp":"2024-10-14T23:27:48.758Z"}
{"level":"info","message":"⌛ Validating testGranja.wtest","timeElapsed":276,"timestamp":"2024-10-14T23:27:49.045Z"}
{"level":"info","message":"⌛ Building environment","timeElapsed":249,"timestamp":"2024-10-14T23:27:49.295Z"}
{"level":"info","message":"⌛ Validating testGranja.wtest","timeElapsed":198,"timestamp":"2024-10-14T23:27:49.536Z"}
{"level":"info","message":"⌛ Validating testGranja.wtest","timeElapsed":197,"timestamp":"2024-10-14T23:27:49.733Z"}
{"level":"info","message":"⌛ Building environment","timeElapsed":157,"timestamp":"2024-10-14T23:27:49.892Z"}
{"level":"info","message":"⌛ Building environment","timeElapsed":162,"timestamp":"2024-10-14T23:27:50.061Z"}
{"level":"info","message":"⌛ Building environment","timeElapsed":217,"timestamp":"2024-10-14T23:27:50.288Z"}
{"level":"info","message":"⌛ Building environment","timeElapsed":152,"timestamp":"2024-10-14T23:27:50.441Z"}
{"level":"info","message":"⌛ Building environment","timeElapsed":156,"timestamp":"2024-10-14T23:27:50.597Z"}
{"level":"info","message":"⌛ Validating testGranja.wtest","timeElapsed":224,"timestamp":"2024-10-14T23:27:50.822Z"}
{"level":"info","message":"onRequest - completionItem/resolve","timestamp":"2024-10-14T23:27:50.823Z"}
{"level":"info","message":"⌛ Building environment","timeElapsed":168,"timestamp":"2024-10-14T23:27:51.000Z"}
{"level":"info","message":"⌛ Validating testGranja.wtest","timeElapsed":211,"timestamp":"2024-10-14T23:27:51.218Z"}
{"level":"info","message":"⌛ Building environment","timeElapsed":146,"timestamp":"2024-10-14T23:27:51.364Z"}
{"level":"error","message":"✘ Completions for node failed: Error: [Send]{1e0e49} at testGranja.wtest:44 exhausted all cases without a match [Send]{1e0e49} at testGranja.wtest:44 exhausted all cases without a match","stack":"Error: [Send]{1e0e49} at testGranja.wtest:44 exhausted all cases without a match\n    at /home/felipe/.vscode/extensions/uqbar.wollok-lsp-ide-0.3.6/out/server/src/server.js:38:6067\n    at yh (/home/felipe/.vscode/extensions/uqbar.wollok-lsp-ide-0.3.6/out/server/src/server.js:2291:42)\n    at kh (/home/felipe/.vscode/extensions/uqbar.wollok-lsp-ide-0.3.6/out/server/src/server.js:2291:1004)\n    at Y5n (/home/felipe/.vscode/extensions/uqbar.wollok-lsp-ide-0.3.6/out/server/src/server.js:2291:1160)\n    at /home/felipe/.vscode/extensions/uqbar.wollok-lsp-ide-0.3.6/out/server/src/server.js:38:6056\n    at yh (/home/felipe/.vscode/extensions/uqbar.wollok-lsp-ide-0.3.6/out/server/src/server.js:2291:42)\n    at /home/felipe/.vscode/extensions/uqbar.wollok-lsp-ide-0.3.6/out/server/src/server.js:2291:2700\n    at /home/felipe/.vscode/extensions/uqbar.wollok-lsp-ide-0.3.6/out/server/src/server.js:2298:3774\n    at /home/felipe/.vscode/extensions/uqbar.wollok-lsp-ide-0.3.6/out/server/src/server.js:37:74872\n    at Fe (/home/felipe/.vscode/extensions/uqbar.wollok-lsp-ide-0.3.6/out/server/src/server.js:7:8527)","timestamp":"2024-10-14T23:27:51.410Z"}
{"level":"info","message":"⌛ Validating testGranja.wtest","timeElapsed":233,"timestamp":"2024-10-14T23:27:51.649Z"}
{"level":"info","message":"⌛ Building environment","timeElapsed":163,"timestamp":"2024-10-14T23:27:51.813Z"}
{"level":"info","message":"⌛ Building environment","timeElapsed":144,"timestamp":"2024-10-14T23:27:51.958Z"}
{"level":"info","message":"⌛ Validating testGranja.wtest","timeElapsed":309,"timestamp":"2024-10-14T23:27:52.273Z"}
{"level":"info","message":"⌛ Building environment","timeElapsed":215,"timestamp":"2024-10-14T23:27:52.490Z"}
{"level":"info","message":"⌛ Validating testGranja.wtest","timeElapsed":203,"timestamp":"2024-10-14T23:27:52.694Z"}
{"level":"info","message":"⌛ Building environment","timeElapsed":150,"timestamp":"2024-10-14T23:27:52.844Z"}
{"level":"info","message":"⌛ Validating testGranja.wtest","timeElapsed":195,"timestamp":"2024-10-14T23:27:53.039Z"}
{"level":"info","message":"⌛ Validating testGranja.wtest","timeElapsed":206,"timestamp":"2024-10-14T23:27:53.254Z"}
{"level":"info","message":"⌛ Validating testGranja.wtest","timeElapsed":210,"timestamp":"2024-10-14T23:27:53.464Z"}
{"level":"info","message":"onRequest - completionItem/resolve","timestamp":"2024-10-14T23:27:53.465Z"}
{"level":"info","message":"⌛ Validating testGranja.wtest","timeElapsed":200,"timestamp":"2024-10-14T23:27:53.665Z"}
{"level":"info","message":"⌛ Validating testGranja.wtest","timeElapsed":205,"timestamp":"2024-10-14T23:27:53.870Z"}
{"level":"info","message":"⌛ Building environment","timeElapsed":152,"timestamp":"2024-10-14T23:27:54.022Z"}
{"level":"info","message":"⌛ Validating testGranja.wtest","timeElapsed":189,"timestamp":"2024-10-14T23:27:54.212Z"}
{"level":"info","message":"⌛ Validating testGranja.wtest","timeElapsed":288,"timestamp":"2024-10-14T23:27:54.508Z"}
{"level":"info","message":"⌛ Validating testGranja.wtest","timeElapsed":246,"timestamp":"2024-10-14T23:27:54.788Z"}
{"level":"info","message":"⌛ Building environment","timeElapsed":171,"timestamp":"2024-10-14T23:28:04.623Z"}
{"level":"info","message":"⌛ Validating testGranja.wtest","timeElapsed":196,"timestamp":"2024-10-14T23:28:04.821Z"}
{"level":"info","message":"⌛ Building environment","timeElapsed":156,"timestamp":"2024-10-14T23:28:05.173Z"}
{"level":"info","message":"⌛ Validating testGranja.wtest","timeElapsed":194,"timestamp":"2024-10-14T23:28:05.369Z"}
{"level":"info","message":"⌛ Building environment","timeElapsed":217,"timestamp":"2024-10-14T23:28:09.023Z"}
{"level":"info","message":"⌛ Building environment","timeElapsed":146,"timestamp":"2024-10-14T23:28:09.173Z"}
{"level":"info","message":"⌛ Validating testGranja.wtest","timeElapsed":202,"timestamp":"2024-10-14T23:28:09.376Z"}
{"level":"info","message":"⌛ Building environment","timeElapsed":187,"timestamp":"2024-10-14T23:28:09.563Z"}
{"level":"info","message":"⌛ Validating testGranja.wtest","timeElapsed":210,"timestamp":"2024-10-14T23:28:09.773Z"}
{"level":"info","message":"⌛ Building environment","timeElapsed":191,"timestamp":"2024-10-14T23:28:09.965Z"}
{"level":"info","message":"⌛ Validating testGranja.wtest","timeElapsed":192,"timestamp":"2024-10-14T23:28:10.158Z"}
{"level":"info","message":"⌛ Building environment","timeElapsed":138,"timestamp":"2024-10-14T23:28:10.305Z"}
{"level":"info","message":"⌛ Building environment","timeElapsed":145,"timestamp":"2024-10-14T23:28:10.457Z"}
{"level":"info","message":"⌛ Validating testGranja.wtest","timeElapsed":197,"timestamp":"2024-10-14T23:28:10.655Z"}
{"level":"info","message":"⌛ Building environment","timeElapsed":139,"timestamp":"2024-10-14T23:28:10.802Z"}
{"level":"info","message":"⌛ Validating testGranja.wtest","timeElapsed":217,"timestamp":"2024-10-14T23:28:11.020Z"}
{"level":"info","message":"⌛ Validating testGranja.wtest","timeElapsed":196,"timestamp":"2024-10-14T23:28:11.217Z"}
{"level":"info","message":"⌛ Validating testGranja.wtest","timeElapsed":202,"timestamp":"2024-10-14T23:28:11.426Z"}
{"level":"info","message":"⌛ Building environment","timeElapsed":146,"timestamp":"2024-10-14T23:28:11.574Z"}
{"level":"info","message":"⌛ Building environment","timeElapsed":140,"timestamp":"2024-10-14T23:28:11.714Z"}
{"level":"info","message":"⌛ Building environment","timeElapsed":143,"timestamp":"2024-10-14T23:28:11.870Z"}
{"level":"info","message":"⌛ Validating testGranja.wtest","timeElapsed":187,"timestamp":"2024-10-14T23:28:12.064Z"}
{"level":"info","message":"⌛ Validating testGranja.wtest","timeElapsed":202,"timestamp":"2024-10-14T23:28:12.266Z"}
{"level":"info","message":"⌛ Validating testGranja.wtest","timeElapsed":203,"timestamp":"2024-10-14T23:28:12.470Z"}
{"level":"info","message":"⌛ Building environment","timeElapsed":152,"timestamp":"2024-10-14T23:28:12.623Z"}
{"level":"info","message":"⌛ Validating testGranja.wtest","timeElapsed":195,"timestamp":"2024-10-14T23:28:12.825Z"}
{"level":"info","message":"⌛ Building environment","timeElapsed":152,"timestamp":"2024-10-14T23:28:17.096Z"}
{"level":"info","message":"⌛ Validating testGranja.wtest","timeElapsed":203,"timestamp":"2024-10-14T23:28:17.300Z"}
{"level":"info","message":"⌛ Building environment","timeElapsed":144,"timestamp":"2024-10-14T23:28:17.454Z"}
{"level":"info","message":"⌛ Building environment","timeElapsed":158,"timestamp":"2024-10-14T23:28:17.659Z"}
{"level":"info","message":"⌛ Validating testGranja.wtest","timeElapsed":221,"timestamp":"2024-10-14T23:28:17.880Z"}
{"level":"info","message":"onRequest - completionItem/resolve","timestamp":"2024-10-14T23:28:17.881Z"}
{"level":"info","message":"⌛ Building environment","timeElapsed":159,"timestamp":"2024-10-14T23:28:18.040Z"}
{"level":"info","message":"onRequest - completionItem/resolve","timestamp":"2024-10-14T23:28:18.041Z"}
{"level":"info","message":"⌛ Validating testGranja.wtest","timeElapsed":204,"timestamp":"2024-10-14T23:28:18.245Z"}
{"level":"info","message":"⌛ Building environment","timeElapsed":142,"timestamp":"2024-10-14T23:28:18.388Z"}
{"level":"info","message":"onRequest - completionItem/resolve","timestamp":"2024-10-14T23:28:18.393Z"}
{"level":"info","message":"⌛ Building environment","timeElapsed":192,"timestamp":"2024-10-14T23:28:18.585Z"}
{"level":"info","message":"onRequest - completionItem/resolve","timestamp":"2024-10-14T23:28:18.588Z"}
{"level":"info","message":"⌛ Building environment","timeElapsed":857,"timestamp":"2024-10-14T23:28:19.448Z"}
{"level":"info","message":"onRequest - completionItem/resolve","timestamp":"2024-10-14T23:28:19.462Z"}
{"level":"info","message":"⌛ Validating testGranja.wtest","timeElapsed":256,"timestamp":"2024-10-14T23:28:19.718Z"}
{"level":"info","message":"⌛ Validating testGranja.wtest","timeElapsed":208,"timestamp":"2024-10-14T23:28:19.937Z"}
{"level":"info","message":"⌛ Validating testGranja.wtest","timeElapsed":202,"timestamp":"2024-10-14T23:28:20.141Z"}
{"level":"info","message":"⌛ Building environment","timeElapsed":166,"timestamp":"2024-10-14T23:28:20.308Z"}
{"level":"info","message":"⌛ Building environment","timeElapsed":146,"timestamp":"2024-10-14T23:28:20.499Z"}
{"level":"info","message":"⌛ Building environment","timeElapsed":162,"timestamp":"2024-10-14T23:28:20.663Z"}
{"level":"info","message":"⌛ Building environment","timeElapsed":150,"timestamp":"2024-10-14T23:28:20.813Z"}
{"level":"info","message":"⌛ Validating testGranja.wtest","timeElapsed":210,"timestamp":"2024-10-14T23:28:21.024Z"}
{"level":"info","message":"⌛ Building environment","timeElapsed":151,"timestamp":"2024-10-14T23:28:21.175Z"}
{"level":"info","message":"⌛ Building environment","timeElapsed":153,"timestamp":"2024-10-14T23:28:21.329Z"}
{"level":"info","message":"⌛ Validating testGranja.wtest","timeElapsed":231,"timestamp":"2024-10-14T23:28:21.568Z"}
{"level":"info","message":"onRequest - completionItem/resolve","timestamp":"2024-10-14T23:28:21.569Z"}
{"level":"info","message":"⌛ Building environment","timeElapsed":263,"timestamp":"2024-10-14T23:28:21.832Z"}
{"level":"info","message":"⌛ Validating testGranja.wtest","timeElapsed":185,"timestamp":"2024-10-14T23:28:22.022Z"}
{"level":"info","message":"⌛ Validating testGranja.wtest","timeElapsed":213,"timestamp":"2024-10-14T23:28:22.235Z"}
{"level":"info","message":"⌛ Validating testGranja.wtest","timeElapsed":224,"timestamp":"2024-10-14T23:28:22.469Z"}
{"level":"info","message":"⌛ Validating testGranja.wtest","timeElapsed":224,"timestamp":"2024-10-14T23:28:22.694Z"}
{"level":"info","message":"⌛ Validating testGranja.wtest","timeElapsed":219,"timestamp":"2024-10-14T23:28:22.914Z"}
{"level":"info","message":"⌛ Validating testGranja.wtest","timeElapsed":230,"timestamp":"2024-10-14T23:28:23.145Z"}
{"level":"info","message":"⌛ Building environment","timeElapsed":260,"timestamp":"2024-10-14T23:28:55.925Z"}
{"level":"info","message":"⌛ Building environment","timeElapsed":262,"timestamp":"2024-10-14T23:28:56.190Z"}
{"level":"info","message":"⌛ Validating testGranja.wtest","timeElapsed":255,"timestamp":"2024-10-14T23:28:56.446Z"}
{"level":"info","message":"⌛ Validating testGranja.wtest","timeElapsed":239,"timestamp":"2024-10-14T23:28:56.698Z"}
{"level":"info","message":"⌛ Building environment","timeElapsed":211,"timestamp":"2024-10-14T23:28:59.423Z"}
{"level":"info","message":"⌛ Validating testGranja.wtest","timeElapsed":230,"timestamp":"2024-10-14T23:28:59.657Z"}
{"level":"info","message":"⌛ Building environment","timeElapsed":193,"timestamp":"2024-10-14T23:29:00.583Z"}
{"level":"info","message":"⌛ Validating testGranja.wtest","timeElapsed":264,"timestamp":"2024-10-14T23:29:00.849Z"}
{"level":"info","message":"⌛ Building environment","timeElapsed":200,"timestamp":"2024-10-14T23:29:01.194Z"}
{"level":"info","message":"⌛ Building environment","timeElapsed":147,"timestamp":"2024-10-14T23:29:01.341Z"}
{"level":"info","message":"⌛ Validating testGranja.wtest","timeElapsed":250,"timestamp":"2024-10-14T23:29:01.593Z"}
{"level":"info","message":"⌛ Validating testGranja.wtest","timeElapsed":227,"timestamp":"2024-10-14T23:29:01.821Z"}
{"failures":[],"level":"info","message":"🧪 Test runner executed on /home/felipe/Documents/Universidad/Proramacion_Con_Objetos_1/2024s2-granja-villa-FeliQI-main/2024s2-granja-villa-FeliQI-5","result":{"failed":0,"ok":1},"timeElapsed":976,"timestamp":"2024-10-14T23:29:05.549Z"}
{"level":"info","message":"⌛ Building environment","timeElapsed":251,"timestamp":"2024-10-14T23:29:08.538Z"}
{"level":"info","message":"⌛ Building environment","timeElapsed":202,"timestamp":"2024-10-14T23:29:08.754Z"}
{"level":"info","message":"⌛ Validating testGranja.wtest","timeElapsed":264,"timestamp":"2024-10-14T23:29:09.021Z"}
{"level":"info","message":"⌛ Validating testGranja.wtest","timeElapsed":262,"timestamp":"2024-10-14T23:29:09.284Z"}
{"level":"info","message":"⌛ Building environment","timeElapsed":197,"timestamp":"2024-10-14T23:29:14.624Z"}
{"level":"info","message":"⌛ Building environment","timeElapsed":144,"timestamp":"2024-10-14T23:29:14.777Z"}
{"level":"info","message":"⌛ Validating testGranja.wtest","timeElapsed":240,"timestamp":"2024-10-14T23:29:15.018Z"}
{"level":"info","message":"⌛ Validating testGranja.wtest","timeElapsed":221,"timestamp":"2024-10-14T23:29:15.240Z"}
{"level":"info","message":"⌛ Building environment","timeElapsed":204,"timestamp":"2024-10-14T23:29:18.122Z"}
{"level":"info","message":"⌛ Validating testGranja.wtest","timeElapsed":196,"timestamp":"2024-10-14T23:29:18.320Z"}
{"level":"info","message":"⌛ Building environment","timeElapsed":189,"timestamp":"2024-10-14T23:29:20.934Z"}
{"level":"info","message":"⌛ Building environment","timeElapsed":154,"timestamp":"2024-10-14T23:29:21.088Z"}
{"level":"info","message":"⌛ Validating testGranja.wtest","timeElapsed":204,"timestamp":"2024-10-14T23:29:21.299Z"}
{"level":"info","message":"⌛ Validating testGranja.wtest","timeElapsed":236,"timestamp":"2024-10-14T23:29:21.536Z"}
{"level":"info","message":"⌛ Building environment","timeElapsed":192,"timestamp":"2024-10-14T23:29:23.381Z"}
{"level":"info","message":"⌛ Building environment","timeElapsed":148,"timestamp":"2024-10-14T23:29:23.530Z"}
{"level":"info","message":"⌛ Validating testGranja.wtest","timeElapsed":195,"timestamp":"2024-10-14T23:29:23.732Z"}
{"level":"info","message":"⌛ Validating testGranja.wtest","timeElapsed":243,"timestamp":"2024-10-14T23:29:23.975Z"}
{"level":"info","message":"⌛ Building environment","timeElapsed":169,"timestamp":"2024-10-14T23:29:26.070Z"}
{"level":"info","message":"⌛ Building environment","timeElapsed":140,"timestamp":"2024-10-14T23:29:26.211Z"}
{"level":"info","message":"⌛ Validating testGranja.wtest","timeElapsed":197,"timestamp":"2024-10-14T23:29:26.409Z"}
{"level":"info","message":"⌛ Validating testGranja.wtest","timeElapsed":312,"timestamp":"2024-10-14T23:29:26.729Z"}
{"level":"info","message":"⌛ Building environment","timeElapsed":196,"timestamp":"2024-10-14T23:29:47.631Z"}
{"level":"info","message":"⌛ Building environment","timeElapsed":152,"timestamp":"2024-10-14T23:29:47.784Z"}
{"level":"info","message":"⌛ Validating testGranja.wtest","timeElapsed":208,"timestamp":"2024-10-14T23:29:47.993Z"}
{"level":"info","message":"⌛ Validating testGranja.wtest","timeElapsed":194,"timestamp":"2024-10-14T23:29:48.187Z"}
{"failures":[],"level":"info","message":"🧪 Test runner executed on /home/felipe/Documents/Universidad/Proramacion_Con_Objetos_1/2024s2-granja-villa-FeliQI-main/2024s2-granja-villa-FeliQI-5","result":{"failed":0,"ok":1},"timeElapsed":976,"timestamp":"2024-10-14T23:29:52.739Z"}
{"level":"info","message":"⌛ Building environment","timeElapsed":228,"timestamp":"2024-10-14T23:29:56.855Z"}
{"level":"info","message":"⌛ Building environment","timeElapsed":154,"timestamp":"2024-10-14T23:29:57.009Z"}
{"level":"info","message":"⌛ Validating testGranja.wtest","timeElapsed":195,"timestamp":"2024-10-14T23:29:57.205Z"}
{"level":"info","message":"⌛ Validating testGranja.wtest","timeElapsed":213,"timestamp":"2024-10-14T23:29:57.420Z"}
{"level":"info","message":"⌛ Building environment","timeElapsed":193,"timestamp":"2024-10-14T23:29:59.608Z"}
{"level":"info","message":"⌛ Building environment","timeElapsed":148,"timestamp":"2024-10-14T23:29:59.762Z"}
{"level":"info","message":"⌛ Validating testGranja.wtest","timeElapsed":234,"timestamp":"2024-10-14T23:29:59.997Z"}
{"level":"info","message":"⌛ Validating testGranja.wtest","timeElapsed":233,"timestamp":"2024-10-14T23:30:00.231Z"}
{"failures":[],"level":"info","message":"🧪 Test runner executed on /home/felipe/Documents/Universidad/Proramacion_Con_Objetos_1/2024s2-granja-villa-FeliQI-main/2024s2-granja-villa-FeliQI-5","result":{"failed":0,"ok":1},"timeElapsed":967,"timestamp":"2024-10-14T23:30:04.664Z"}
{"level":"info","message":"⌛ Building environment","timeElapsed":215,"timestamp":"2024-10-14T23:30:09.501Z"}
{"level":"info","message":"⌛ Validating testGranja.wtest","timeElapsed":374,"timestamp":"2024-10-14T23:30:09.887Z"}
{"level":"info","message":"⌛ Building environment","timeElapsed":192,"timestamp":"2024-10-14T23:30:11.159Z"}
{"level":"info","message":"⌛ Building environment","timeElapsed":159,"timestamp":"2024-10-14T23:30:11.325Z"}
{"level":"info","message":"⌛ Validating testGranja.wtest","timeElapsed":201,"timestamp":"2024-10-14T23:30:11.526Z"}
{"level":"info","message":"⌛ Validating testGranja.wtest","timeElapsed":192,"timestamp":"2024-10-14T23:30:11.718Z"}
{"level":"info","message":"⌛ Building environment","timeElapsed":148,"timestamp":"2024-10-14T23:30:12.712Z"}
{"level":"info","message":"⌛ Building environment","timeElapsed":175,"timestamp":"2024-10-14T23:30:12.927Z"}
{"level":"info","message":"⌛ Validating testGranja.wtest","timeElapsed":204,"timestamp":"2024-10-14T23:30:13.132Z"}
{"level":"info","message":"onRequest - completionItem/resolve","timestamp":"2024-10-14T23:30:13.133Z"}
{"level":"info","message":"⌛ Building environment","timeElapsed":179,"timestamp":"2024-10-14T23:30:13.312Z"}
{"level":"info","message":"onRequest - completionItem/resolve","timestamp":"2024-10-14T23:30:13.313Z"}
{"level":"error","message":"✘ Failed to rebuild document Failed to parse testGranja.wtest: \n-- PARSING FAILED --------------------------------------------------\n\n  49 |   test\n  50 | \n> 51 | }\n     | ^\n\nExpected one of the following: \n\nstring literal, whitespace\n","stack":"Error: Failed to parse testGranja.wtest: \n-- PARSING FAILED --------------------------------------------------\n\n  49 |   test\n  50 | \n> 51 | }\n     | ^\n\nExpected one of the following: \n\nstring literal, whitespace\n\n    at /home/felipe/.vscode/extensions/uqbar.wollok-lsp-ide-0.3.6/out/server/src/server.js:2254:32415\n    at Array.map (<anonymous>)\n    at Jfn (/home/felipe/.vscode/extensions/uqbar.wollok-lsp-ide-0.3.6/out/server/src/server.js:2254:32339)\n    at k2.buildEnvironmentFrom (/home/felipe/.vscode/extensions/uqbar.wollok-lsp-ide-0.3.6/out/server/src/server.js:2285:6721)\n    at k2.updateEnvironmentWith (/home/felipe/.vscode/extensions/uqbar.wollok-lsp-ide-0.3.6/out/server/src/server.js:2285:6456)\n    at jL (/home/felipe/.vscode/extensions/uqbar.wollok-lsp-ide-0.3.6/out/server/src/server.js:2298:2292)\n    at v3.invoke (/home/felipe/.vscode/extensions/uqbar.wollok-lsp-ide-0.3.6/out/server/src/server.js:3:157200)\n    at o.fire (/home/felipe/.vscode/extensions/uqbar.wollok-lsp-ide-0.3.6/out/server/src/server.js:3:157970)\n    at /home/felipe/.vscode/extensions/uqbar.wollok-lsp-ide-0.3.6/out/server/src/server.js:37:57871\n    at Vr (/home/felipe/.vscode/extensions/uqbar.wollok-lsp-ide-0.3.6/out/server/src/server.js:8:1561)","timestamp":"2024-10-14T23:30:13.350Z"}
{"level":"info","message":"onRequest - completionItem/resolve","timestamp":"2024-10-14T23:30:13.350Z"}
{"level":"info","message":"⌛ Validating testGranja.wtest","timeElapsed":203,"timestamp":"2024-10-14T23:30:13.553Z"}
{"level":"info","message":"⌛ Validating testGranja.wtest","timeElapsed":191,"timestamp":"2024-10-14T23:30:13.751Z"}
{"level":"error","message":"✘ Failed to rebuild document Failed to parse testGranja.wtest: \n-- PARSING FAILED --------------------------------------------------\n\n  49 |   test \n  50 | \n> 51 | }\n     | ^\n\nExpected one of the following: \n\nstring literal, whitespace\n","stack":"Error: Failed to parse testGranja.wtest: \n-- PARSING FAILED --------------------------------------------------\n\n  49 |   test \n  50 | \n> 51 | }\n     | ^\n\nExpected one of the following: \n\nstring literal, whitespace\n\n    at /home/felipe/.vscode/extensions/uqbar.wollok-lsp-ide-0.3.6/out/server/src/server.js:2254:32415\n    at Array.map (<anonymous>)\n    at Jfn (/home/felipe/.vscode/extensions/uqbar.wollok-lsp-ide-0.3.6/out/server/src/server.js:2254:32339)\n    at k2.buildEnvironmentFrom (/home/felipe/.vscode/extensions/uqbar.wollok-lsp-ide-0.3.6/out/server/src/server.js:2285:6721)\n    at k2.updateEnvironmentWith (/home/felipe/.vscode/extensions/uqbar.wollok-lsp-ide-0.3.6/out/server/src/server.js:2285:6456)\n    at jL (/home/felipe/.vscode/extensions/uqbar.wollok-lsp-ide-0.3.6/out/server/src/server.js:2298:2292)\n    at v3.invoke (/home/felipe/.vscode/extensions/uqbar.wollok-lsp-ide-0.3.6/out/server/src/server.js:3:157200)\n    at o.fire (/home/felipe/.vscode/extensions/uqbar.wollok-lsp-ide-0.3.6/out/server/src/server.js:3:157970)\n    at /home/felipe/.vscode/extensions/uqbar.wollok-lsp-ide-0.3.6/out/server/src/server.js:37:57871\n    at Vr (/home/felipe/.vscode/extensions/uqbar.wollok-lsp-ide-0.3.6/out/server/src/server.js:8:1561)","timestamp":"2024-10-14T23:30:13.871Z"}
{"level":"error","message":"✘ Failed to rebuild document Failed to parse testGranja.wtest: \n-- PARSING FAILED --------------------------------------------------\n\n  49 |   test \"\"\n  50 | \n> 51 | }\n     | ^\n\nExpected one of the following: \n\n'@', '{', comment, whitespace\n","stack":"Error: Failed to parse testGranja.wtest: \n-- PARSING FAILED --------------------------------------------------\n\n  49 |   test \"\"\n  50 | \n> 51 | }\n     | ^\n\nExpected one of the following: \n\n'@', '{', comment, whitespace\n\n    at /home/felipe/.vscode/extensions/uqbar.wollok-lsp-ide-0.3.6/out/server/src/server.js:2254:32415\n    at Array.map (<anonymous>)\n    at Jfn (/home/felipe/.vscode/extensions/uqbar.wollok-lsp-ide-0.3.6/out/server/src/server.js:2254:32339)\n    at k2.buildEnvironmentFrom (/home/felipe/.vscode/extensions/uqbar.wollok-lsp-ide-0.3.6/out/server/src/server.js:2285:6721)\n    at k2.updateEnvironmentWith (/home/felipe/.vscode/extensions/uqbar.wollok-lsp-ide-0.3.6/out/server/src/server.js:2285:6456)\n    at jL (/home/felipe/.vscode/extensions/uqbar.wollok-lsp-ide-0.3.6/out/server/src/server.js:2298:2292)\n    at v3.invoke (/home/felipe/.vscode/extensions/uqbar.wollok-lsp-ide-0.3.6/out/server/src/server.js:3:157200)\n    at o.fire (/home/felipe/.vscode/extensions/uqbar.wollok-lsp-ide-0.3.6/out/server/src/server.js:3:157970)\n    at /home/felipe/.vscode/extensions/uqbar.wollok-lsp-ide-0.3.6/out/server/src/server.js:37:57871\n    at Vr (/home/felipe/.vscode/extensions/uqbar.wollok-lsp-ide-0.3.6/out/server/src/server.js:8:1561)","timestamp":"2024-10-14T23:30:14.396Z"}
{"level":"error","message":"✘ Failed to rebuild document Failed to parse testGranja.wtest: \n-- PARSING FAILED --------------------------------------------------\n\n  49 |   test \"R\"\n  50 | \n> 51 | }\n     | ^\n\nExpected one of the following: \n\n'@', '{', comment, whitespace\n","stack":"Error: Failed to parse testGranja.wtest: \n-- PARSING FAILED --------------------------------------------------\n\n  49 |   test \"R\"\n  50 | \n> 51 | }\n     | ^\n\nExpected one of the following: \n\n'@', '{', comment, whitespace\n\n    at /home/felipe/.vscode/extensions/uqbar.wollok-lsp-ide-0.3.6/out/server/src/server.js:2254:32415\n    at Array.map (<anonymous>)\n    at Jfn (/home/felipe/.vscode/extensions/uqbar.wollok-lsp-ide-0.3.6/out/server/src/server.js:2254:32339)\n    at k2.buildEnvironmentFrom (/home/felipe/.vscode/extensions/uqbar.wollok-lsp-ide-0.3.6/out/server/src/server.js:2285:6721)\n    at k2.updateEnvironmentWith (/home/felipe/.vscode/extensions/uqbar.wollok-lsp-ide-0.3.6/out/server/src/server.js:2285:6456)\n    at jL (/home/felipe/.vscode/extensions/uqbar.wollok-lsp-ide-0.3.6/out/server/src/server.js:2298:2292)\n    at v3.invoke (/home/felipe/.vscode/extensions/uqbar.wollok-lsp-ide-0.3.6/out/server/src/server.js:3:157200)\n    at o.fire (/home/felipe/.vscode/extensions/uqbar.wollok-lsp-ide-0.3.6/out/server/src/server.js:3:157970)\n    at /home/felipe/.vscode/extensions/uqbar.wollok-lsp-ide-0.3.6/out/server/src/server.js:37:57871\n    at Vr (/home/felipe/.vscode/extensions/uqbar.wollok-lsp-ide-0.3.6/out/server/src/server.js:8:1561)","timestamp":"2024-10-14T23:30:15.294Z"}
{"level":"error","message":"✘ Failed to rebuild document Failed to parse testGranja.wtest: \n-- PARSING FAILED --------------------------------------------------\n\n  49 |   test \"Re\"\n  50 | \n> 51 | }\n     | ^\n\nExpected one of the following: \n\n'@', '{', comment, whitespace\n","stack":"Error: Failed to parse testGranja.wtest: \n-- PARSING FAILED --------------------------------------------------\n\n  49 |   test \"Re\"\n  50 | \n> 51 | }\n     | ^\n\nExpected one of the following: \n\n'@', '{', comment, whitespace\n\n    at /home/felipe/.vscode/extensions/uqbar.wollok-lsp-ide-0.3.6/out/server/src/server.js:2254:32415\n    at Array.map (<anonymous>)\n    at Jfn (/home/felipe/.vscode/extensions/uqbar.wollok-lsp-ide-0.3.6/out/server/src/server.js:2254:32339)\n    at k2.buildEnvironmentFrom (/home/felipe/.vscode/extensions/uqbar.wollok-lsp-ide-0.3.6/out/server/src/server.js:2285:6721)\n    at k2.updateEnvironmentWith (/home/felipe/.vscode/extensions/uqbar.wollok-lsp-ide-0.3.6/out/server/src/server.js:2285:6456)\n    at jL (/home/felipe/.vscode/extensions/uqbar.wollok-lsp-ide-0.3.6/out/server/src/server.js:2298:2292)\n    at v3.invoke (/home/felipe/.vscode/extensions/uqbar.wollok-lsp-ide-0.3.6/out/server/src/server.js:3:157200)\n    at o.fire (/home/felipe/.vscode/extensions/uqbar.wollok-lsp-ide-0.3.6/out/server/src/server.js:3:157970)\n    at /home/felipe/.vscode/extensions/uqbar.wollok-lsp-ide-0.3.6/out/server/src/server.js:37:57871\n    at Vr (/home/felipe/.vscode/extensions/uqbar.wollok-lsp-ide-0.3.6/out/server/src/server.js:8:1561)","timestamp":"2024-10-14T23:30:16.141Z"}
{"level":"error","message":"✘ Failed to rebuild document Failed to parse testGranja.wtest: \n-- PARSING FAILED --------------------------------------------------\n\n  49 |   test \"Rea\"\n  50 | \n> 51 | }\n     | ^\n\nExpected one of the following: \n\n'@', '{', comment, whitespace\n","stack":"Error: Failed to parse testGranja.wtest: \n-- PARSING FAILED --------------------------------------------------\n\n  49 |   test \"Rea\"\n  50 | \n> 51 | }\n     | ^\n\nExpected one of the following: \n\n'@', '{', comment, whitespace\n\n    at /home/felipe/.vscode/extensions/uqbar.wollok-lsp-ide-0.3.6/out/server/src/server.js:2254:32415\n    at Array.map (<anonymous>)\n    at Jfn (/home/felipe/.vscode/extensions/uqbar.wollok-lsp-ide-0.3.6/out/server/src/server.js:2254:32339)\n    at k2.buildEnvironmentFrom (/home/felipe/.vscode/extensions/uqbar.wollok-lsp-ide-0.3.6/out/server/src/server.js:2285:6721)\n    at k2.updateEnvironmentWith (/home/felipe/.vscode/extensions/uqbar.wollok-lsp-ide-0.3.6/out/server/src/server.js:2285:6456)\n    at jL (/home/felipe/.vscode/extensions/uqbar.wollok-lsp-ide-0.3.6/out/server/src/server.js:2298:2292)\n    at v3.invoke (/home/felipe/.vscode/extensions/uqbar.wollok-lsp-ide-0.3.6/out/server/src/server.js:3:157200)\n    at o.fire (/home/felipe/.vscode/extensions/uqbar.wollok-lsp-ide-0.3.6/out/server/src/server.js:3:157970)\n    at /home/felipe/.vscode/extensions/uqbar.wollok-lsp-ide-0.3.6/out/server/src/server.js:37:57871\n    at Vr (/home/felipe/.vscode/extensions/uqbar.wollok-lsp-ide-0.3.6/out/server/src/server.js:8:1561)","timestamp":"2024-10-14T23:30:16.330Z"}
{"level":"error","message":"✘ Failed to rebuild document Failed to parse testGranja.wtest: \n-- PARSING FAILED --------------------------------------------------\n\n  49 |   test \"Reag\"\n  50 | \n> 51 | }\n     | ^\n\nExpected one of the following: \n\n'@', '{', comment, whitespace\n","stack":"Error: Failed to parse testGranja.wtest: \n-- PARSING FAILED --------------------------------------------------\n\n  49 |   test \"Reag\"\n  50 | \n> 51 | }\n     | ^\n\nExpected one of the following: \n\n'@', '{', comment, whitespace\n\n    at /home/felipe/.vscode/extensions/uqbar.wollok-lsp-ide-0.3.6/out/server/src/server.js:2254:32415\n    at Array.map (<anonymous>)\n    at Jfn (/home/felipe/.vscode/extensions/uqbar.wollok-lsp-ide-0.3.6/out/server/src/server.js:2254:32339)\n    at k2.buildEnvironmentFrom (/home/felipe/.vscode/extensions/uqbar.wollok-lsp-ide-0.3.6/out/server/src/server.js:2285:6721)\n    at k2.updateEnvironmentWith (/home/felipe/.vscode/extensions/uqbar.wollok-lsp-ide-0.3.6/out/server/src/server.js:2285:6456)\n    at jL (/home/felipe/.vscode/extensions/uqbar.wollok-lsp-ide-0.3.6/out/server/src/server.js:2298:2292)\n    at v3.invoke (/home/felipe/.vscode/extensions/uqbar.wollok-lsp-ide-0.3.6/out/server/src/server.js:3:157200)\n    at o.fire (/home/felipe/.vscode/extensions/uqbar.wollok-lsp-ide-0.3.6/out/server/src/server.js:3:157970)\n    at /home/felipe/.vscode/extensions/uqbar.wollok-lsp-ide-0.3.6/out/server/src/server.js:37:57871\n    at Vr (/home/felipe/.vscode/extensions/uqbar.wollok-lsp-ide-0.3.6/out/server/src/server.js:8:1561)","timestamp":"2024-10-14T23:30:16.379Z"}
{"level":"error","message":"✘ Failed to rebuild document Failed to parse testGranja.wtest: \n-- PARSING FAILED --------------------------------------------------\n\n  49 |   test \"Reagr\"\n  50 | \n> 51 | }\n     | ^\n\nExpected one of the following: \n\n'@', '{', comment, whitespace\n","stack":"Error: Failed to parse testGranja.wtest: \n-- PARSING FAILED --------------------------------------------------\n\n  49 |   test \"Reagr\"\n  50 | \n> 51 | }\n     | ^\n\nExpected one of the following: \n\n'@', '{', comment, whitespace\n\n    at /home/felipe/.vscode/extensions/uqbar.wollok-lsp-ide-0.3.6/out/server/src/server.js:2254:32415\n    at Array.map (<anonymous>)\n    at Jfn (/home/felipe/.vscode/extensions/uqbar.wollok-lsp-ide-0.3.6/out/server/src/server.js:2254:32339)\n    at k2.buildEnvironmentFrom (/home/felipe/.vscode/extensions/uqbar.wollok-lsp-ide-0.3.6/out/server/src/server.js:2285:6721)\n    at k2.updateEnvironmentWith (/home/felipe/.vscode/extensions/uqbar.wollok-lsp-ide-0.3.6/out/server/src/server.js:2285:6456)\n    at jL (/home/felipe/.vscode/extensions/uqbar.wollok-lsp-ide-0.3.6/out/server/src/server.js:2298:2292)\n    at v3.invoke (/home/felipe/.vscode/extensions/uqbar.wollok-lsp-ide-0.3.6/out/server/src/server.js:3:157200)\n    at o.fire (/home/felipe/.vscode/extensions/uqbar.wollok-lsp-ide-0.3.6/out/server/src/server.js:3:157970)\n    at /home/felipe/.vscode/extensions/uqbar.wollok-lsp-ide-0.3.6/out/server/src/server.js:37:57871\n    at Vr (/home/felipe/.vscode/extensions/uqbar.wollok-lsp-ide-0.3.6/out/server/src/server.js:8:1561)","timestamp":"2024-10-14T23:30:16.564Z"}
{"level":"error","message":"✘ Failed to rebuild document Failed to parse testGranja.wtest: \n-- PARSING FAILED --------------------------------------------------\n\n  49 |   test \"Reag\"\n  50 | \n> 51 | }\n     | ^\n\nExpected one of the following: \n\n'@', '{', comment, whitespace\n","stack":"Error: Failed to parse testGranja.wtest: \n-- PARSING FAILED --------------------------------------------------\n\n  49 |   test \"Reag\"\n  50 | \n> 51 | }\n     | ^\n\nExpected one of the following: \n\n'@', '{', comment, whitespace\n\n    at /home/felipe/.vscode/extensions/uqbar.wollok-lsp-ide-0.3.6/out/server/src/server.js:2254:32415\n    at Array.map (<anonymous>)\n    at Jfn (/home/felipe/.vscode/extensions/uqbar.wollok-lsp-ide-0.3.6/out/server/src/server.js:2254:32339)\n    at k2.buildEnvironmentFrom (/home/felipe/.vscode/extensions/uqbar.wollok-lsp-ide-0.3.6/out/server/src/server.js:2285:6721)\n    at k2.updateEnvironmentWith (/home/felipe/.vscode/extensions/uqbar.wollok-lsp-ide-0.3.6/out/server/src/server.js:2285:6456)\n    at jL (/home/felipe/.vscode/extensions/uqbar.wollok-lsp-ide-0.3.6/out/server/src/server.js:2298:2292)\n    at v3.invoke (/home/felipe/.vscode/extensions/uqbar.wollok-lsp-ide-0.3.6/out/server/src/server.js:3:157200)\n    at o.fire (/home/felipe/.vscode/extensions/uqbar.wollok-lsp-ide-0.3.6/out/server/src/server.js:3:157970)\n    at /home/felipe/.vscode/extensions/uqbar.wollok-lsp-ide-0.3.6/out/server/src/server.js:37:57871\n    at Vr (/home/felipe/.vscode/extensions/uqbar.wollok-lsp-ide-0.3.6/out/server/src/server.js:8:1561)","timestamp":"2024-10-14T23:30:16.988Z"}
{"level":"error","message":"✘ Failed to rebuild document Failed to parse testGranja.wtest: \n-- PARSING FAILED --------------------------------------------------\n\n  49 |   test \"Rea\"\n  50 | \n> 51 | }\n     | ^\n\nExpected one of the following: \n\n'@', '{', comment, whitespace\n","stack":"Error: Failed to parse testGranja.wtest: \n-- PARSING FAILED --------------------------------------------------\n\n  49 |   test \"Rea\"\n  50 | \n> 51 | }\n     | ^\n\nExpected one of the following: \n\n'@', '{', comment, whitespace\n\n    at /home/felipe/.vscode/extensions/uqbar.wollok-lsp-ide-0.3.6/out/server/src/server.js:2254:32415\n    at Array.map (<anonymous>)\n    at Jfn (/home/felipe/.vscode/extensions/uqbar.wollok-lsp-ide-0.3.6/out/server/src/server.js:2254:32339)\n    at k2.buildEnvironmentFrom (/home/felipe/.vscode/extensions/uqbar.wollok-lsp-ide-0.3.6/out/server/src/server.js:2285:6721)\n    at k2.updateEnvironmentWith (/home/felipe/.vscode/extensions/uqbar.wollok-lsp-ide-0.3.6/out/server/src/server.js:2285:6456)\n    at jL (/home/felipe/.vscode/extensions/uqbar.wollok-lsp-ide-0.3.6/out/server/src/server.js:2298:2292)\n    at v3.invoke (/home/felipe/.vscode/extensions/uqbar.wollok-lsp-ide-0.3.6/out/server/src/server.js:3:157200)\n    at o.fire (/home/felipe/.vscode/extensions/uqbar.wollok-lsp-ide-0.3.6/out/server/src/server.js:3:157970)\n    at /home/felipe/.vscode/extensions/uqbar.wollok-lsp-ide-0.3.6/out/server/src/server.js:37:57871\n    at Vr (/home/felipe/.vscode/extensions/uqbar.wollok-lsp-ide-0.3.6/out/server/src/server.js:8:1561)","timestamp":"2024-10-14T23:30:17.134Z"}
{"level":"error","message":"✘ Failed to rebuild document Failed to parse testGranja.wtest: \n-- PARSING FAILED --------------------------------------------------\n\n  49 |   test \"Re\"\n  50 | \n> 51 | }\n     | ^\n\nExpected one of the following: \n\n'@', '{', comment, whitespace\n","stack":"Error: Failed to parse testGranja.wtest: \n-- PARSING FAILED --------------------------------------------------\n\n  49 |   test \"Re\"\n  50 | \n> 51 | }\n     | ^\n\nExpected one of the following: \n\n'@', '{', comment, whitespace\n\n    at /home/felipe/.vscode/extensions/uqbar.wollok-lsp-ide-0.3.6/out/server/src/server.js:2254:32415\n    at Array.map (<anonymous>)\n    at Jfn (/home/felipe/.vscode/extensions/uqbar.wollok-lsp-ide-0.3.6/out/server/src/server.js:2254:32339)\n    at k2.buildEnvironmentFrom (/home/felipe/.vscode/extensions/uqbar.wollok-lsp-ide-0.3.6/out/server/src/server.js:2285:6721)\n    at k2.updateEnvironmentWith (/home/felipe/.vscode/extensions/uqbar.wollok-lsp-ide-0.3.6/out/server/src/server.js:2285:6456)\n    at jL (/home/felipe/.vscode/extensions/uqbar.wollok-lsp-ide-0.3.6/out/server/src/server.js:2298:2292)\n    at v3.invoke (/home/felipe/.vscode/extensions/uqbar.wollok-lsp-ide-0.3.6/out/server/src/server.js:3:157200)\n    at o.fire (/home/felipe/.vscode/extensions/uqbar.wollok-lsp-ide-0.3.6/out/server/src/server.js:3:157970)\n    at /home/felipe/.vscode/extensions/uqbar.wollok-lsp-ide-0.3.6/out/server/src/server.js:37:57871\n    at Vr (/home/felipe/.vscode/extensions/uqbar.wollok-lsp-ide-0.3.6/out/server/src/server.js:8:1561)","timestamp":"2024-10-14T23:30:17.302Z"}
{"level":"error","message":"✘ Failed to rebuild document Failed to parse testGranja.wtest: \n-- PARSING FAILED --------------------------------------------------\n\n  49 |   test \"Reg\"\n  50 | \n> 51 | }\n     | ^\n\nExpected one of the following: \n\n'@', '{', comment, whitespace\n","stack":"Error: Failed to parse testGranja.wtest: \n-- PARSING FAILED --------------------------------------------------\n\n  49 |   test \"Reg\"\n  50 | \n> 51 | }\n     | ^\n\nExpected one of the following: \n\n'@', '{', comment, whitespace\n\n    at /home/felipe/.vscode/extensions/uqbar.wollok-lsp-ide-0.3.6/out/server/src/server.js:2254:32415\n    at Array.map (<anonymous>)\n    at Jfn (/home/felipe/.vscode/extensions/uqbar.wollok-lsp-ide-0.3.6/out/server/src/server.js:2254:32339)\n    at k2.buildEnvironmentFrom (/home/felipe/.vscode/extensions/uqbar.wollok-lsp-ide-0.3.6/out/server/src/server.js:2285:6721)\n    at k2.updateEnvironmentWith (/home/felipe/.vscode/extensions/uqbar.wollok-lsp-ide-0.3.6/out/server/src/server.js:2285:6456)\n    at jL (/home/felipe/.vscode/extensions/uqbar.wollok-lsp-ide-0.3.6/out/server/src/server.js:2298:2292)\n    at v3.invoke (/home/felipe/.vscode/extensions/uqbar.wollok-lsp-ide-0.3.6/out/server/src/server.js:3:157200)\n    at o.fire (/home/felipe/.vscode/extensions/uqbar.wollok-lsp-ide-0.3.6/out/server/src/server.js:3:157970)\n    at /home/felipe/.vscode/extensions/uqbar.wollok-lsp-ide-0.3.6/out/server/src/server.js:37:57871\n    at Vr (/home/felipe/.vscode/extensions/uqbar.wollok-lsp-ide-0.3.6/out/server/src/server.js:8:1561)","timestamp":"2024-10-14T23:30:17.923Z"}
{"level":"error","message":"✘ Failed to rebuild document Failed to parse testGranja.wtest: \n-- PARSING FAILED --------------------------------------------------\n\n  49 |   test \"Rega\"\n  50 | \n> 51 | }\n     | ^\n\nExpected one of the following: \n\n'@', '{', comment, whitespace\n","stack":"Error: Failed to parse testGranja.wtest: \n-- PARSING FAILED --------------------------------------------------\n\n  49 |   test \"Rega\"\n  50 | \n> 51 | }\n     | ^\n\nExpected one of the following: \n\n'@', '{', comment, whitespace\n\n    at /home/felipe/.vscode/extensions/uqbar.wollok-lsp-ide-0.3.6/out/server/src/server.js:2254:32415\n    at Array.map (<anonymous>)\n    at Jfn (/home/felipe/.vscode/extensions/uqbar.wollok-lsp-ide-0.3.6/out/server/src/server.js:2254:32339)\n    at k2.buildEnvironmentFrom (/home/felipe/.vscode/extensions/uqbar.wollok-lsp-ide-0.3.6/out/server/src/server.js:2285:6721)\n    at k2.updateEnvironmentWith (/home/felipe/.vscode/extensions/uqbar.wollok-lsp-ide-0.3.6/out/server/src/server.js:2285:6456)\n    at jL (/home/felipe/.vscode/extensions/uqbar.wollok-lsp-ide-0.3.6/out/server/src/server.js:2298:2292)\n    at v3.invoke (/home/felipe/.vscode/extensions/uqbar.wollok-lsp-ide-0.3.6/out/server/src/server.js:3:157200)\n    at o.fire (/home/felipe/.vscode/extensions/uqbar.wollok-lsp-ide-0.3.6/out/server/src/server.js:3:157970)\n    at /home/felipe/.vscode/extensions/uqbar.wollok-lsp-ide-0.3.6/out/server/src/server.js:37:57871\n    at Vr (/home/felipe/.vscode/extensions/uqbar.wollok-lsp-ide-0.3.6/out/server/src/server.js:8:1561)","timestamp":"2024-10-14T23:30:17.969Z"}
{"level":"error","message":"✘ Failed to rebuild document Failed to parse testGranja.wtest: \n-- PARSING FAILED --------------------------------------------------\n\n  49 |   test \"Regar\"\n  50 | \n> 51 | }\n     | ^\n\nExpected one of the following: \n\n'@', '{', comment, whitespace\n","stack":"Error: Failed to parse testGranja.wtest: \n-- PARSING FAILED --------------------------------------------------\n\n  49 |   test \"Regar\"\n  50 | \n> 51 | }\n     | ^\n\nExpected one of the following: \n\n'@', '{', comment, whitespace\n\n    at /home/felipe/.vscode/extensions/uqbar.wollok-lsp-ide-0.3.6/out/server/src/server.js:2254:32415\n    at Array.map (<anonymous>)\n    at Jfn (/home/felipe/.vscode/extensions/uqbar.wollok-lsp-ide-0.3.6/out/server/src/server.js:2254:32339)\n    at k2.buildEnvironmentFrom (/home/felipe/.vscode/extensions/uqbar.wollok-lsp-ide-0.3.6/out/server/src/server.js:2285:6721)\n    at k2.updateEnvironmentWith (/home/felipe/.vscode/extensions/uqbar.wollok-lsp-ide-0.3.6/out/server/src/server.js:2285:6456)\n    at jL (/home/felipe/.vscode/extensions/uqbar.wollok-lsp-ide-0.3.6/out/server/src/server.js:2298:2292)\n    at v3.invoke (/home/felipe/.vscode/extensions/uqbar.wollok-lsp-ide-0.3.6/out/server/src/server.js:3:157200)\n    at o.fire (/home/felipe/.vscode/extensions/uqbar.wollok-lsp-ide-0.3.6/out/server/src/server.js:3:157970)\n    at /home/felipe/.vscode/extensions/uqbar.wollok-lsp-ide-0.3.6/out/server/src/server.js:37:57871\n    at Vr (/home/felipe/.vscode/extensions/uqbar.wollok-lsp-ide-0.3.6/out/server/src/server.js:8:1561)","timestamp":"2024-10-14T23:30:18.167Z"}
{"level":"error","message":"✘ Failed to rebuild document Failed to parse testGranja.wtest: \n-- PARSING FAILED --------------------------------------------------\n\n  49 |   test \"Rega\"\n  50 | \n> 51 | }\n     | ^\n\nExpected one of the following: \n\n'@', '{', comment, whitespace\n","stack":"Error: Failed to parse testGranja.wtest: \n-- PARSING FAILED --------------------------------------------------\n\n  49 |   test \"Rega\"\n  50 | \n> 51 | }\n     | ^\n\nExpected one of the following: \n\n'@', '{', comment, whitespace\n\n    at /home/felipe/.vscode/extensions/uqbar.wollok-lsp-ide-0.3.6/out/server/src/server.js:2254:32415\n    at Array.map (<anonymous>)\n    at Jfn (/home/felipe/.vscode/extensions/uqbar.wollok-lsp-ide-0.3.6/out/server/src/server.js:2254:32339)\n    at k2.buildEnvironmentFrom (/home/felipe/.vscode/extensions/uqbar.wollok-lsp-ide-0.3.6/out/server/src/server.js:2285:6721)\n    at k2.updateEnvironmentWith (/home/felipe/.vscode/extensions/uqbar.wollok-lsp-ide-0.3.6/out/server/src/server.js:2285:6456)\n    at jL (/home/felipe/.vscode/extensions/uqbar.wollok-lsp-ide-0.3.6/out/server/src/server.js:2298:2292)\n    at v3.invoke (/home/felipe/.vscode/extensions/uqbar.wollok-lsp-ide-0.3.6/out/server/src/server.js:3:157200)\n    at o.fire (/home/felipe/.vscode/extensions/uqbar.wollok-lsp-ide-0.3.6/out/server/src/server.js:3:157970)\n    at /home/felipe/.vscode/extensions/uqbar.wollok-lsp-ide-0.3.6/out/server/src/server.js:37:57871\n    at Vr (/home/felipe/.vscode/extensions/uqbar.wollok-lsp-ide-0.3.6/out/server/src/server.js:8:1561)","timestamp":"2024-10-14T23:30:20.956Z"}
{"level":"error","message":"✘ Failed to rebuild document Failed to parse testGranja.wtest: \n-- PARSING FAILED --------------------------------------------------\n\n  49 |   test \"Reg\"\n  50 | \n> 51 | }\n     | ^\n\nExpected one of the following: \n\n'@', '{', comment, whitespace\n","stack":"Error: Failed to parse testGranja.wtest: \n-- PARSING FAILED --------------------------------------------------\n\n  49 |   test \"Reg\"\n  50 | \n> 51 | }\n     | ^\n\nExpected one of the following: \n\n'@', '{', comment, whitespace\n\n    at /home/felipe/.vscode/extensions/uqbar.wollok-lsp-ide-0.3.6/out/server/src/server.js:2254:32415\n    at Array.map (<anonymous>)\n    at Jfn (/home/felipe/.vscode/extensions/uqbar.wollok-lsp-ide-0.3.6/out/server/src/server.js:2254:32339)\n    at k2.buildEnvironmentFrom (/home/felipe/.vscode/extensions/uqbar.wollok-lsp-ide-0.3.6/out/server/src/server.js:2285:6721)\n    at k2.updateEnvironmentWith (/home/felipe/.vscode/extensions/uqbar.wollok-lsp-ide-0.3.6/out/server/src/server.js:2285:6456)\n    at jL (/home/felipe/.vscode/extensions/uqbar.wollok-lsp-ide-0.3.6/out/server/src/server.js:2298:2292)\n    at v3.invoke (/home/felipe/.vscode/extensions/uqbar.wollok-lsp-ide-0.3.6/out/server/src/server.js:3:157200)\n    at o.fire (/home/felipe/.vscode/extensions/uqbar.wollok-lsp-ide-0.3.6/out/server/src/server.js:3:157970)\n    at /home/felipe/.vscode/extensions/uqbar.wollok-lsp-ide-0.3.6/out/server/src/server.js:37:57871\n    at Vr (/home/felipe/.vscode/extensions/uqbar.wollok-lsp-ide-0.3.6/out/server/src/server.js:8:1561)","timestamp":"2024-10-14T23:30:21.113Z"}
{"level":"error","message":"✘ Failed to rebuild document Failed to parse testGranja.wtest: \n-- PARSING FAILED --------------------------------------------------\n\n  49 |   test \"Re\"\n  50 | \n> 51 | }\n     | ^\n\nExpected one of the following: \n\n'@', '{', comment, whitespace\n","stack":"Error: Failed to parse testGranja.wtest: \n-- PARSING FAILED --------------------------------------------------\n\n  49 |   test \"Re\"\n  50 | \n> 51 | }\n     | ^\n\nExpected one of the following: \n\n'@', '{', comment, whitespace\n\n    at /home/felipe/.vscode/extensions/uqbar.wollok-lsp-ide-0.3.6/out/server/src/server.js:2254:32415\n    at Array.map (<anonymous>)\n    at Jfn (/home/felipe/.vscode/extensions/uqbar.wollok-lsp-ide-0.3.6/out/server/src/server.js:2254:32339)\n    at k2.buildEnvironmentFrom (/home/felipe/.vscode/extensions/uqbar.wollok-lsp-ide-0.3.6/out/server/src/server.js:2285:6721)\n    at k2.updateEnvironmentWith (/home/felipe/.vscode/extensions/uqbar.wollok-lsp-ide-0.3.6/out/server/src/server.js:2285:6456)\n    at jL (/home/felipe/.vscode/extensions/uqbar.wollok-lsp-ide-0.3.6/out/server/src/server.js:2298:2292)\n    at v3.invoke (/home/felipe/.vscode/extensions/uqbar.wollok-lsp-ide-0.3.6/out/server/src/server.js:3:157200)\n    at o.fire (/home/felipe/.vscode/extensions/uqbar.wollok-lsp-ide-0.3.6/out/server/src/server.js:3:157970)\n    at /home/felipe/.vscode/extensions/uqbar.wollok-lsp-ide-0.3.6/out/server/src/server.js:37:57871\n    at Vr (/home/felipe/.vscode/extensions/uqbar.wollok-lsp-ide-0.3.6/out/server/src/server.js:8:1561)","timestamp":"2024-10-14T23:30:21.233Z"}
{"level":"error","message":"✘ Failed to rebuild document Failed to parse testGranja.wtest: \n-- PARSING FAILED --------------------------------------------------\n\n  49 |   test \"R\"\n  50 | \n> 51 | }\n     | ^\n\nExpected one of the following: \n\n'@', '{', comment, whitespace\n","stack":"Error: Failed to parse testGranja.wtest: \n-- PARSING FAILED --------------------------------------------------\n\n  49 |   test \"R\"\n  50 | \n> 51 | }\n     | ^\n\nExpected one of the following: \n\n'@', '{', comment, whitespace\n\n    at /home/felipe/.vscode/extensions/uqbar.wollok-lsp-ide-0.3.6/out/server/src/server.js:2254:32415\n    at Array.map (<anonymous>)\n    at Jfn (/home/felipe/.vscode/extensions/uqbar.wollok-lsp-ide-0.3.6/out/server/src/server.js:2254:32339)\n    at k2.buildEnvironmentFrom (/home/felipe/.vscode/extensions/uqbar.wollok-lsp-ide-0.3.6/out/server/src/server.js:2285:6721)\n    at k2.updateEnvironmentWith (/home/felipe/.vscode/extensions/uqbar.wollok-lsp-ide-0.3.6/out/server/src/server.js:2285:6456)\n    at jL (/home/felipe/.vscode/extensions/uqbar.wollok-lsp-ide-0.3.6/out/server/src/server.js:2298:2292)\n    at v3.invoke (/home/felipe/.vscode/extensions/uqbar.wollok-lsp-ide-0.3.6/out/server/src/server.js:3:157200)\n    at o.fire (/home/felipe/.vscode/extensions/uqbar.wollok-lsp-ide-0.3.6/out/server/src/server.js:3:157970)\n    at /home/felipe/.vscode/extensions/uqbar.wollok-lsp-ide-0.3.6/out/server/src/server.js:37:57871\n    at Vr (/home/felipe/.vscode/extensions/uqbar.wollok-lsp-ide-0.3.6/out/server/src/server.js:8:1561)","timestamp":"2024-10-14T23:30:21.385Z"}
{"level":"error","message":"✘ Failed to rebuild document Failed to parse testGranja.wtest: \n-- PARSING FAILED --------------------------------------------------\n\n  49 |   test \"\"\n  50 | \n> 51 | }\n     | ^\n\nExpected one of the following: \n\n'@', '{', comment, whitespace\n","stack":"Error: Failed to parse testGranja.wtest: \n-- PARSING FAILED --------------------------------------------------\n\n  49 |   test \"\"\n  50 | \n> 51 | }\n     | ^\n\nExpected one of the following: \n\n'@', '{', comment, whitespace\n\n    at /home/felipe/.vscode/extensions/uqbar.wollok-lsp-ide-0.3.6/out/server/src/server.js:2254:32415\n    at Array.map (<anonymous>)\n    at Jfn (/home/felipe/.vscode/extensions/uqbar.wollok-lsp-ide-0.3.6/out/server/src/server.js:2254:32339)\n    at k2.buildEnvironmentFrom (/home/felipe/.vscode/extensions/uqbar.wollok-lsp-ide-0.3.6/out/server/src/server.js:2285:6721)\n    at k2.updateEnvironmentWith (/home/felipe/.vscode/extensions/uqbar.wollok-lsp-ide-0.3.6/out/server/src/server.js:2285:6456)\n    at jL (/home/felipe/.vscode/extensions/uqbar.wollok-lsp-ide-0.3.6/out/server/src/server.js:2298:2292)\n    at v3.invoke (/home/felipe/.vscode/extensions/uqbar.wollok-lsp-ide-0.3.6/out/server/src/server.js:3:157200)\n    at o.fire (/home/felipe/.vscode/extensions/uqbar.wollok-lsp-ide-0.3.6/out/server/src/server.js:3:157970)\n    at /home/felipe/.vscode/extensions/uqbar.wollok-lsp-ide-0.3.6/out/server/src/server.js:37:57871\n    at Vr (/home/felipe/.vscode/extensions/uqbar.wollok-lsp-ide-0.3.6/out/server/src/server.js:8:1561)","timestamp":"2024-10-14T23:30:21.548Z"}
{"level":"error","message":"✘ Failed to rebuild document Failed to parse testGranja.wtest: \n-- PARSING FAILED --------------------------------------------------\n\n  49 |   test \"R\"\n  50 | \n> 51 | }\n     | ^\n\nExpected one of the following: \n\n'@', '{', comment, whitespace\n","stack":"Error: Failed to parse testGranja.wtest: \n-- PARSING FAILED --------------------------------------------------\n\n  49 |   test \"R\"\n  50 | \n> 51 | }\n     | ^\n\nExpected one of the following: \n\n'@', '{', comment, whitespace\n\n    at /home/felipe/.vscode/extensions/uqbar.wollok-lsp-ide-0.3.6/out/server/src/server.js:2254:32415\n    at Array.map (<anonymous>)\n    at Jfn (/home/felipe/.vscode/extensions/uqbar.wollok-lsp-ide-0.3.6/out/server/src/server.js:2254:32339)\n    at k2.buildEnvironmentFrom (/home/felipe/.vscode/extensions/uqbar.wollok-lsp-ide-0.3.6/out/server/src/server.js:2285:6721)\n    at k2.updateEnvironmentWith (/home/felipe/.vscode/extensions/uqbar.wollok-lsp-ide-0.3.6/out/server/src/server.js:2285:6456)\n    at jL (/home/felipe/.vscode/extensions/uqbar.wollok-lsp-ide-0.3.6/out/server/src/server.js:2298:2292)\n    at v3.invoke (/home/felipe/.vscode/extensions/uqbar.wollok-lsp-ide-0.3.6/out/server/src/server.js:3:157200)\n    at o.fire (/home/felipe/.vscode/extensions/uqbar.wollok-lsp-ide-0.3.6/out/server/src/server.js:3:157970)\n    at /home/felipe/.vscode/extensions/uqbar.wollok-lsp-ide-0.3.6/out/server/src/server.js:37:57871\n    at Vr (/home/felipe/.vscode/extensions/uqbar.wollok-lsp-ide-0.3.6/out/server/src/server.js:8:1561)","timestamp":"2024-10-14T23:30:22.870Z"}
{"level":"error","message":"✘ Failed to rebuild document Failed to parse testGranja.wtest: \n-- PARSING FAILED --------------------------------------------------\n\n  49 |   test \"Re\"\n  50 | \n> 51 | }\n     | ^\n\nExpected one of the following: \n\n'@', '{', comment, whitespace\n","stack":"Error: Failed to parse testGranja.wtest: \n-- PARSING FAILED --------------------------------------------------\n\n  49 |   test \"Re\"\n  50 | \n> 51 | }\n     | ^\n\nExpected one of the following: \n\n'@', '{', comment, whitespace\n\n    at /home/felipe/.vscode/extensions/uqbar.wollok-lsp-ide-0.3.6/out/server/src/server.js:2254:32415\n    at Array.map (<anonymous>)\n    at Jfn (/home/felipe/.vscode/extensions/uqbar.wollok-lsp-ide-0.3.6/out/server/src/server.js:2254:32339)\n    at k2.buildEnvironmentFrom (/home/felipe/.vscode/extensions/uqbar.wollok-lsp-ide-0.3.6/out/server/src/server.js:2285:6721)\n    at k2.updateEnvironmentWith (/home/felipe/.vscode/extensions/uqbar.wollok-lsp-ide-0.3.6/out/server/src/server.js:2285:6456)\n    at jL (/home/felipe/.vscode/extensions/uqbar.wollok-lsp-ide-0.3.6/out/server/src/server.js:2298:2292)\n    at v3.invoke (/home/felipe/.vscode/extensions/uqbar.wollok-lsp-ide-0.3.6/out/server/src/server.js:3:157200)\n    at o.fire (/home/felipe/.vscode/extensions/uqbar.wollok-lsp-ide-0.3.6/out/server/src/server.js:3:157970)\n    at /home/felipe/.vscode/extensions/uqbar.wollok-lsp-ide-0.3.6/out/server/src/server.js:37:57871\n    at Vr (/home/felipe/.vscode/extensions/uqbar.wollok-lsp-ide-0.3.6/out/server/src/server.js:8:1561)","timestamp":"2024-10-14T23:30:23.091Z"}
{"level":"error","message":"✘ Failed to rebuild document Failed to parse testGranja.wtest: \n-- PARSING FAILED --------------------------------------------------\n\n  49 |   test \"Reg\"\n  50 | \n> 51 | }\n     | ^\n\nExpected one of the following: \n\n'@', '{', comment, whitespace\n","stack":"Error: Failed to parse testGranja.wtest: \n-- PARSING FAILED --------------------------------------------------\n\n  49 |   test \"Reg\"\n  50 | \n> 51 | }\n     | ^\n\nExpected one of the following: \n\n'@', '{', comment, whitespace\n\n    at /home/felipe/.vscode/extensions/uqbar.wollok-lsp-ide-0.3.6/out/server/src/server.js:2254:32415\n    at Array.map (<anonymous>)\n    at Jfn (/home/felipe/.vscode/extensions/uqbar.wollok-lsp-ide-0.3.6/out/server/src/server.js:2254:32339)\n    at k2.buildEnvironmentFrom (/home/felipe/.vscode/extensions/uqbar.wollok-lsp-ide-0.3.6/out/server/src/server.js:2285:6721)\n    at k2.updateEnvironmentWith (/home/felipe/.vscode/extensions/uqbar.wollok-lsp-ide-0.3.6/out/server/src/server.js:2285:6456)\n    at jL (/home/felipe/.vscode/extensions/uqbar.wollok-lsp-ide-0.3.6/out/server/src/server.js:2298:2292)\n    at v3.invoke (/home/felipe/.vscode/extensions/uqbar.wollok-lsp-ide-0.3.6/out/server/src/server.js:3:157200)\n    at o.fire (/home/felipe/.vscode/extensions/uqbar.wollok-lsp-ide-0.3.6/out/server/src/server.js:3:157970)\n    at /home/felipe/.vscode/extensions/uqbar.wollok-lsp-ide-0.3.6/out/server/src/server.js:37:57871\n    at Vr (/home/felipe/.vscode/extensions/uqbar.wollok-lsp-ide-0.3.6/out/server/src/server.js:8:1561)","timestamp":"2024-10-14T23:30:23.232Z"}
{"level":"error","message":"✘ Failed to rebuild document Failed to parse testGranja.wtest: \n-- PARSING FAILED --------------------------------------------------\n\n  49 |   test \"Rega\"\n  50 | \n> 51 | }\n     | ^\n\nExpected one of the following: \n\n'@', '{', comment, whitespace\n","stack":"Error: Failed to parse testGranja.wtest: \n-- PARSING FAILED --------------------------------------------------\n\n  49 |   test \"Rega\"\n  50 | \n> 51 | }\n     | ^\n\nExpected one of the following: \n\n'@', '{', comment, whitespace\n\n    at /home/felipe/.vscode/extensions/uqbar.wollok-lsp-ide-0.3.6/out/server/src/server.js:2254:32415\n    at Array.map (<anonymous>)\n    at Jfn (/home/felipe/.vscode/extensions/uqbar.wollok-lsp-ide-0.3.6/out/server/src/server.js:2254:32339)\n    at k2.buildEnvironmentFrom (/home/felipe/.vscode/extensions/uqbar.wollok-lsp-ide-0.3.6/out/server/src/server.js:2285:6721)\n    at k2.updateEnvironmentWith (/home/felipe/.vscode/extensions/uqbar.wollok-lsp-ide-0.3.6/out/server/src/server.js:2285:6456)\n    at jL (/home/felipe/.vscode/extensions/uqbar.wollok-lsp-ide-0.3.6/out/server/src/server.js:2298:2292)\n    at v3.invoke (/home/felipe/.vscode/extensions/uqbar.wollok-lsp-ide-0.3.6/out/server/src/server.js:3:157200)\n    at o.fire (/home/felipe/.vscode/extensions/uqbar.wollok-lsp-ide-0.3.6/out/server/src/server.js:3:157970)\n    at /home/felipe/.vscode/extensions/uqbar.wollok-lsp-ide-0.3.6/out/server/src/server.js:37:57871\n    at Vr (/home/felipe/.vscode/extensions/uqbar.wollok-lsp-ide-0.3.6/out/server/src/server.js:8:1561)","timestamp":"2024-10-14T23:30:23.333Z"}
{"level":"error","message":"✘ Failed to rebuild document Failed to parse testGranja.wtest: \n-- PARSING FAILED --------------------------------------------------\n\n  49 |   test \"Regar\"\n  50 | \n> 51 | }\n     | ^\n\nExpected one of the following: \n\n'@', '{', comment, whitespace\n","stack":"Error: Failed to parse testGranja.wtest: \n-- PARSING FAILED --------------------------------------------------\n\n  49 |   test \"Regar\"\n  50 | \n> 51 | }\n     | ^\n\nExpected one of the following: \n\n'@', '{', comment, whitespace\n\n    at /home/felipe/.vscode/extensions/uqbar.wollok-lsp-ide-0.3.6/out/server/src/server.js:2254:32415\n    at Array.map (<anonymous>)\n    at Jfn (/home/felipe/.vscode/extensions/uqbar.wollok-lsp-ide-0.3.6/out/server/src/server.js:2254:32339)\n    at k2.buildEnvironmentFrom (/home/felipe/.vscode/extensions/uqbar.wollok-lsp-ide-0.3.6/out/server/src/server.js:2285:6721)\n    at k2.updateEnvironmentWith (/home/felipe/.vscode/extensions/uqbar.wollok-lsp-ide-0.3.6/out/server/src/server.js:2285:6456)\n    at jL (/home/felipe/.vscode/extensions/uqbar.wollok-lsp-ide-0.3.6/out/server/src/server.js:2298:2292)\n    at v3.invoke (/home/felipe/.vscode/extensions/uqbar.wollok-lsp-ide-0.3.6/out/server/src/server.js:3:157200)\n    at o.fire (/home/felipe/.vscode/extensions/uqbar.wollok-lsp-ide-0.3.6/out/server/src/server.js:3:157970)\n    at /home/felipe/.vscode/extensions/uqbar.wollok-lsp-ide-0.3.6/out/server/src/server.js:37:57871\n    at Vr (/home/felipe/.vscode/extensions/uqbar.wollok-lsp-ide-0.3.6/out/server/src/server.js:8:1561)","timestamp":"2024-10-14T23:30:23.481Z"}
{"level":"error","message":"✘ Failed to rebuild document Failed to parse testGranja.wtest: \n-- PARSING FAILED --------------------------------------------------\n\n  49 |   test \"Regar \"\n  50 | \n> 51 | }\n     | ^\n\nExpected one of the following: \n\n'@', '{', comment, whitespace\n","stack":"Error: Failed to parse testGranja.wtest: \n-- PARSING FAILED --------------------------------------------------\n\n  49 |   test \"Regar \"\n  50 | \n> 51 | }\n     | ^\n\nExpected one of the following: \n\n'@', '{', comment, whitespace\n\n    at /home/felipe/.vscode/extensions/uqbar.wollok-lsp-ide-0.3.6/out/server/src/server.js:2254:32415\n    at Array.map (<anonymous>)\n    at Jfn (/home/felipe/.vscode/extensions/uqbar.wollok-lsp-ide-0.3.6/out/server/src/server.js:2254:32339)\n    at k2.buildEnvironmentFrom (/home/felipe/.vscode/extensions/uqbar.wollok-lsp-ide-0.3.6/out/server/src/server.js:2285:6721)\n    at k2.updateEnvironmentWith (/home/felipe/.vscode/extensions/uqbar.wollok-lsp-ide-0.3.6/out/server/src/server.js:2285:6456)\n    at jL (/home/felipe/.vscode/extensions/uqbar.wollok-lsp-ide-0.3.6/out/server/src/server.js:2298:2292)\n    at v3.invoke (/home/felipe/.vscode/extensions/uqbar.wollok-lsp-ide-0.3.6/out/server/src/server.js:3:157200)\n    at o.fire (/home/felipe/.vscode/extensions/uqbar.wollok-lsp-ide-0.3.6/out/server/src/server.js:3:157970)\n    at /home/felipe/.vscode/extensions/uqbar.wollok-lsp-ide-0.3.6/out/server/src/server.js:37:57871\n    at Vr (/home/felipe/.vscode/extensions/uqbar.wollok-lsp-ide-0.3.6/out/server/src/server.js:8:1561)","timestamp":"2024-10-14T23:30:23.763Z"}
{"level":"error","message":"✘ Failed to rebuild document Failed to parse testGranja.wtest: \n-- PARSING FAILED --------------------------------------------------\n\n  49 |   test \"Regar l\"\n  50 | \n> 51 | }\n     | ^\n\nExpected one of the following: \n\n'@', '{', comment, whitespace\n","stack":"Error: Failed to parse testGranja.wtest: \n-- PARSING FAILED --------------------------------------------------\n\n  49 |   test \"Regar l\"\n  50 | \n> 51 | }\n     | ^\n\nExpected one of the following: \n\n'@', '{', comment, whitespace\n\n    at /home/felipe/.vscode/extensions/uqbar.wollok-lsp-ide-0.3.6/out/server/src/server.js:2254:32415\n    at Array.map (<anonymous>)\n    at Jfn (/home/felipe/.vscode/extensions/uqbar.wollok-lsp-ide-0.3.6/out/server/src/server.js:2254:32339)\n    at k2.buildEnvironmentFrom (/home/felipe/.vscode/extensions/uqbar.wollok-lsp-ide-0.3.6/out/server/src/server.js:2285:6721)\n    at k2.updateEnvironmentWith (/home/felipe/.vscode/extensions/uqbar.wollok-lsp-ide-0.3.6/out/server/src/server.js:2285:6456)\n    at jL (/home/felipe/.vscode/extensions/uqbar.wollok-lsp-ide-0.3.6/out/server/src/server.js:2298:2292)\n    at v3.invoke (/home/felipe/.vscode/extensions/uqbar.wollok-lsp-ide-0.3.6/out/server/src/server.js:3:157200)\n    at o.fire (/home/felipe/.vscode/extensions/uqbar.wollok-lsp-ide-0.3.6/out/server/src/server.js:3:157970)\n    at /home/felipe/.vscode/extensions/uqbar.wollok-lsp-ide-0.3.6/out/server/src/server.js:37:57871\n    at Vr (/home/felipe/.vscode/extensions/uqbar.wollok-lsp-ide-0.3.6/out/server/src/server.js:8:1561)","timestamp":"2024-10-14T23:30:24.143Z"}
{"level":"error","message":"✘ Failed to rebuild document Failed to parse testGranja.wtest: \n-- PARSING FAILED --------------------------------------------------\n\n  49 |   test \"Regar la\"\n  50 | \n> 51 | }\n     | ^\n\nExpected one of the following: \n\n'@', '{', comment, whitespace\n","stack":"Error: Failed to parse testGranja.wtest: \n-- PARSING FAILED --------------------------------------------------\n\n  49 |   test \"Regar la\"\n  50 | \n> 51 | }\n     | ^\n\nExpected one of the following: \n\n'@', '{', comment, whitespace\n\n    at /home/felipe/.vscode/extensions/uqbar.wollok-lsp-ide-0.3.6/out/server/src/server.js:2254:32415\n    at Array.map (<anonymous>)\n    at Jfn (/home/felipe/.vscode/extensions/uqbar.wollok-lsp-ide-0.3.6/out/server/src/server.js:2254:32339)\n    at k2.buildEnvironmentFrom (/home/felipe/.vscode/extensions/uqbar.wollok-lsp-ide-0.3.6/out/server/src/server.js:2285:6721)\n    at k2.updateEnvironmentWith (/home/felipe/.vscode/extensions/uqbar.wollok-lsp-ide-0.3.6/out/server/src/server.js:2285:6456)\n    at jL (/home/felipe/.vscode/extensions/uqbar.wollok-lsp-ide-0.3.6/out/server/src/server.js:2298:2292)\n    at v3.invoke (/home/felipe/.vscode/extensions/uqbar.wollok-lsp-ide-0.3.6/out/server/src/server.js:3:157200)\n    at o.fire (/home/felipe/.vscode/extensions/uqbar.wollok-lsp-ide-0.3.6/out/server/src/server.js:3:157970)\n    at /home/felipe/.vscode/extensions/uqbar.wollok-lsp-ide-0.3.6/out/server/src/server.js:37:57871\n    at Vr (/home/felipe/.vscode/extensions/uqbar.wollok-lsp-ide-0.3.6/out/server/src/server.js:8:1561)","timestamp":"2024-10-14T23:30:24.211Z"}
{"level":"error","message":"✘ Failed to rebuild document Failed to parse testGranja.wtest: \n-- PARSING FAILED --------------------------------------------------\n\n  49 |   test \"Regar la \"\n  50 | \n> 51 | }\n     | ^\n\nExpected one of the following: \n\n'@', '{', comment, whitespace\n","stack":"Error: Failed to parse testGranja.wtest: \n-- PARSING FAILED --------------------------------------------------\n\n  49 |   test \"Regar la \"\n  50 | \n> 51 | }\n     | ^\n\nExpected one of the following: \n\n'@', '{', comment, whitespace\n\n    at /home/felipe/.vscode/extensions/uqbar.wollok-lsp-ide-0.3.6/out/server/src/server.js:2254:32415\n    at Array.map (<anonymous>)\n    at Jfn (/home/felipe/.vscode/extensions/uqbar.wollok-lsp-ide-0.3.6/out/server/src/server.js:2254:32339)\n    at k2.buildEnvironmentFrom (/home/felipe/.vscode/extensions/uqbar.wollok-lsp-ide-0.3.6/out/server/src/server.js:2285:6721)\n    at k2.updateEnvironmentWith (/home/felipe/.vscode/extensions/uqbar.wollok-lsp-ide-0.3.6/out/server/src/server.js:2285:6456)\n    at jL (/home/felipe/.vscode/extensions/uqbar.wollok-lsp-ide-0.3.6/out/server/src/server.js:2298:2292)\n    at v3.invoke (/home/felipe/.vscode/extensions/uqbar.wollok-lsp-ide-0.3.6/out/server/src/server.js:3:157200)\n    at o.fire (/home/felipe/.vscode/extensions/uqbar.wollok-lsp-ide-0.3.6/out/server/src/server.js:3:157970)\n    at /home/felipe/.vscode/extensions/uqbar.wollok-lsp-ide-0.3.6/out/server/src/server.js:37:57871\n    at Vr (/home/felipe/.vscode/extensions/uqbar.wollok-lsp-ide-0.3.6/out/server/src/server.js:8:1561)","timestamp":"2024-10-14T23:30:24.329Z"}
{"level":"error","message":"✘ Failed to rebuild document Failed to parse testGranja.wtest: \n-- PARSING FAILED --------------------------------------------------\n\n  49 |   test \"Regar la n\"\n  50 | \n> 51 | }\n     | ^\n\nExpected one of the following: \n\n'@', '{', comment, whitespace\n","stack":"Error: Failed to parse testGranja.wtest: \n-- PARSING FAILED --------------------------------------------------\n\n  49 |   test \"Regar la n\"\n  50 | \n> 51 | }\n     | ^\n\nExpected one of the following: \n\n'@', '{', comment, whitespace\n\n    at /home/felipe/.vscode/extensions/uqbar.wollok-lsp-ide-0.3.6/out/server/src/server.js:2254:32415\n    at Array.map (<anonymous>)\n    at Jfn (/home/felipe/.vscode/extensions/uqbar.wollok-lsp-ide-0.3.6/out/server/src/server.js:2254:32339)\n    at k2.buildEnvironmentFrom (/home/felipe/.vscode/extensions/uqbar.wollok-lsp-ide-0.3.6/out/server/src/server.js:2285:6721)\n    at k2.updateEnvironmentWith (/home/felipe/.vscode/extensions/uqbar.wollok-lsp-ide-0.3.6/out/server/src/server.js:2285:6456)\n    at jL (/home/felipe/.vscode/extensions/uqbar.wollok-lsp-ide-0.3.6/out/server/src/server.js:2298:2292)\n    at v3.invoke (/home/felipe/.vscode/extensions/uqbar.wollok-lsp-ide-0.3.6/out/server/src/server.js:3:157200)\n    at o.fire (/home/felipe/.vscode/extensions/uqbar.wollok-lsp-ide-0.3.6/out/server/src/server.js:3:157970)\n    at /home/felipe/.vscode/extensions/uqbar.wollok-lsp-ide-0.3.6/out/server/src/server.js:37:57871\n    at Vr (/home/felipe/.vscode/extensions/uqbar.wollok-lsp-ide-0.3.6/out/server/src/server.js:8:1561)","timestamp":"2024-10-14T23:30:24.439Z"}
{"level":"error","message":"✘ Failed to rebuild document Failed to parse testGranja.wtest: \n-- PARSING FAILED --------------------------------------------------\n\n  49 |   test \"Regar la na\"\n  50 | \n> 51 | }\n     | ^\n\nExpected one of the following: \n\n'@', '{', comment, whitespace\n","stack":"Error: Failed to parse testGranja.wtest: \n-- PARSING FAILED --------------------------------------------------\n\n  49 |   test \"Regar la na\"\n  50 | \n> 51 | }\n     | ^\n\nExpected one of the following: \n\n'@', '{', comment, whitespace\n\n    at /home/felipe/.vscode/extensions/uqbar.wollok-lsp-ide-0.3.6/out/server/src/server.js:2254:32415\n    at Array.map (<anonymous>)\n    at Jfn (/home/felipe/.vscode/extensions/uqbar.wollok-lsp-ide-0.3.6/out/server/src/server.js:2254:32339)\n    at k2.buildEnvironmentFrom (/home/felipe/.vscode/extensions/uqbar.wollok-lsp-ide-0.3.6/out/server/src/server.js:2285:6721)\n    at k2.updateEnvironmentWith (/home/felipe/.vscode/extensions/uqbar.wollok-lsp-ide-0.3.6/out/server/src/server.js:2285:6456)\n    at jL (/home/felipe/.vscode/extensions/uqbar.wollok-lsp-ide-0.3.6/out/server/src/server.js:2298:2292)\n    at v3.invoke (/home/felipe/.vscode/extensions/uqbar.wollok-lsp-ide-0.3.6/out/server/src/server.js:3:157200)\n    at o.fire (/home/felipe/.vscode/extensions/uqbar.wollok-lsp-ide-0.3.6/out/server/src/server.js:3:157970)\n    at /home/felipe/.vscode/extensions/uqbar.wollok-lsp-ide-0.3.6/out/server/src/server.js:37:57871\n    at Vr (/home/felipe/.vscode/extensions/uqbar.wollok-lsp-ide-0.3.6/out/server/src/server.js:8:1561)","timestamp":"2024-10-14T23:30:24.480Z"}
{"level":"error","message":"✘ Failed to rebuild document Failed to parse testGranja.wtest: \n-- PARSING FAILED --------------------------------------------------\n\n  49 |   test \"Regar la nad\"\n  50 | \n> 51 | }\n     | ^\n\nExpected one of the following: \n\n'@', '{', comment, whitespace\n","stack":"Error: Failed to parse testGranja.wtest: \n-- PARSING FAILED --------------------------------------------------\n\n  49 |   test \"Regar la nad\"\n  50 | \n> 51 | }\n     | ^\n\nExpected one of the following: \n\n'@', '{', comment, whitespace\n\n    at /home/felipe/.vscode/extensions/uqbar.wollok-lsp-ide-0.3.6/out/server/src/server.js:2254:32415\n    at Array.map (<anonymous>)\n    at Jfn (/home/felipe/.vscode/extensions/uqbar.wollok-lsp-ide-0.3.6/out/server/src/server.js:2254:32339)\n    at k2.buildEnvironmentFrom (/home/felipe/.vscode/extensions/uqbar.wollok-lsp-ide-0.3.6/out/server/src/server.js:2285:6721)\n    at k2.updateEnvironmentWith (/home/felipe/.vscode/extensions/uqbar.wollok-lsp-ide-0.3.6/out/server/src/server.js:2285:6456)\n    at jL (/home/felipe/.vscode/extensions/uqbar.wollok-lsp-ide-0.3.6/out/server/src/server.js:2298:2292)\n    at v3.invoke (/home/felipe/.vscode/extensions/uqbar.wollok-lsp-ide-0.3.6/out/server/src/server.js:3:157200)\n    at o.fire (/home/felipe/.vscode/extensions/uqbar.wollok-lsp-ide-0.3.6/out/server/src/server.js:3:157970)\n    at /home/felipe/.vscode/extensions/uqbar.wollok-lsp-ide-0.3.6/out/server/src/server.js:37:57871\n    at Vr (/home/felipe/.vscode/extensions/uqbar.wollok-lsp-ide-0.3.6/out/server/src/server.js:8:1561)","timestamp":"2024-10-14T23:30:24.610Z"}
{"level":"error","message":"✘ Failed to rebuild document Failed to parse testGranja.wtest: \n-- PARSING FAILED --------------------------------------------------\n\n  49 |   test \"Regar la nada\"\n  50 | \n> 51 | }\n     | ^\n\nExpected one of the following: \n\n'@', '{', comment, whitespace\n","stack":"Error: Failed to parse testGranja.wtest: \n-- PARSING FAILED --------------------------------------------------\n\n  49 |   test \"Regar la nada\"\n  50 | \n> 51 | }\n     | ^\n\nExpected one of the following: \n\n'@', '{', comment, whitespace\n\n    at /home/felipe/.vscode/extensions/uqbar.wollok-lsp-ide-0.3.6/out/server/src/server.js:2254:32415\n    at Array.map (<anonymous>)\n    at Jfn (/home/felipe/.vscode/extensions/uqbar.wollok-lsp-ide-0.3.6/out/server/src/server.js:2254:32339)\n    at k2.buildEnvironmentFrom (/home/felipe/.vscode/extensions/uqbar.wollok-lsp-ide-0.3.6/out/server/src/server.js:2285:6721)\n    at k2.updateEnvironmentWith (/home/felipe/.vscode/extensions/uqbar.wollok-lsp-ide-0.3.6/out/server/src/server.js:2285:6456)\n    at jL (/home/felipe/.vscode/extensions/uqbar.wollok-lsp-ide-0.3.6/out/server/src/server.js:2298:2292)\n    at v3.invoke (/home/felipe/.vscode/extensions/uqbar.wollok-lsp-ide-0.3.6/out/server/src/server.js:3:157200)\n    at o.fire (/home/felipe/.vscode/extensions/uqbar.wollok-lsp-ide-0.3.6/out/server/src/server.js:3:157970)\n    at /home/felipe/.vscode/extensions/uqbar.wollok-lsp-ide-0.3.6/out/server/src/server.js:37:57871\n    at Vr (/home/felipe/.vscode/extensions/uqbar.wollok-lsp-ide-0.3.6/out/server/src/server.js:8:1561)","timestamp":"2024-10-14T23:30:24.745Z"}
{"level":"error","message":"✘ Failed to rebuild document Failed to parse testGranja.wtest: \n-- PARSING FAILED --------------------------------------------------\n\n  49 |   test \"Regar la nada\" \n  50 | \n> 51 | }\n     | ^\n\nExpected one of the following: \n\n'@', '{', comment, whitespace\n","stack":"Error: Failed to parse testGranja.wtest: \n-- PARSING FAILED --------------------------------------------------\n\n  49 |   test \"Regar la nada\" \n  50 | \n> 51 | }\n     | ^\n\nExpected one of the following: \n\n'@', '{', comment, whitespace\n\n    at /home/felipe/.vscode/extensions/uqbar.wollok-lsp-ide-0.3.6/out/server/src/server.js:2254:32415\n    at Array.map (<anonymous>)\n    at Jfn (/home/felipe/.vscode/extensions/uqbar.wollok-lsp-ide-0.3.6/out/server/src/server.js:2254:32339)\n    at k2.buildEnvironmentFrom (/home/felipe/.vscode/extensions/uqbar.wollok-lsp-ide-0.3.6/out/server/src/server.js:2285:6721)\n    at k2.updateEnvironmentWith (/home/felipe/.vscode/extensions/uqbar.wollok-lsp-ide-0.3.6/out/server/src/server.js:2285:6456)\n    at jL (/home/felipe/.vscode/extensions/uqbar.wollok-lsp-ide-0.3.6/out/server/src/server.js:2298:2292)\n    at v3.invoke (/home/felipe/.vscode/extensions/uqbar.wollok-lsp-ide-0.3.6/out/server/src/server.js:3:157200)\n    at o.fire (/home/felipe/.vscode/extensions/uqbar.wollok-lsp-ide-0.3.6/out/server/src/server.js:3:157970)\n    at /home/felipe/.vscode/extensions/uqbar.wollok-lsp-ide-0.3.6/out/server/src/server.js:37:57871\n    at Vr (/home/felipe/.vscode/extensions/uqbar.wollok-lsp-ide-0.3.6/out/server/src/server.js:8:1561)","timestamp":"2024-10-14T23:30:26.159Z"}
{"level":"info","message":"⌛ Building environment","timeElapsed":180,"timestamp":"2024-10-14T23:30:26.516Z"}
{"level":"info","message":"⌛ Building environment","timeElapsed":163,"timestamp":"2024-10-14T23:30:26.680Z"}
{"level":"info","message":"⌛ Validating testGranja.wtest","timeElapsed":195,"timestamp":"2024-10-14T23:30:26.880Z"}
{"level":"info","message":"⌛ Validating testGranja.wtest","timeElapsed":197,"timestamp":"2024-10-14T23:30:27.086Z"}
{"level":"info","message":"⌛ Building environment","timeElapsed":176,"timestamp":"2024-10-14T23:30:28.898Z"}
{"level":"info","message":"⌛ Building environment","timeElapsed":163,"timestamp":"2024-10-14T23:30:29.102Z"}
{"level":"info","message":"⌛ Validating testGranja.wtest","timeElapsed":215,"timestamp":"2024-10-14T23:30:29.318Z"}
{"level":"info","message":"onRequest - completionItem/resolve","timestamp":"2024-10-14T23:30:29.320Z"}
{"level":"info","message":"⌛ Building environment","timeElapsed":222,"timestamp":"2024-10-14T23:30:29.543Z"}
{"level":"info","message":"onRequest - completionItem/resolve","timestamp":"2024-10-14T23:30:29.544Z"}
{"level":"info","message":"⌛ Validating testGranja.wtest","timeElapsed":206,"timestamp":"2024-10-14T23:30:29.750Z"}
{"level":"info","message":"⌛ Building environment","timeElapsed":146,"timestamp":"2024-10-14T23:30:29.897Z"}
{"level":"info","message":"onRequest - completionItem/resolve","timestamp":"2024-10-14T23:30:29.897Z"}
{"level":"info","message":"⌛ Building environment","timeElapsed":153,"timestamp":"2024-10-14T23:30:30.051Z"}
{"level":"info","message":"onRequest - completionItem/resolve","timestamp":"2024-10-14T23:30:30.051Z"}
{"level":"info","message":"⌛ Building environment","timeElapsed":154,"timestamp":"2024-10-14T23:30:30.206Z"}
{"level":"info","message":"onRequest - completionItem/resolve","timestamp":"2024-10-14T23:30:30.207Z"}
{"level":"info","message":"⌛ Validating testGranja.wtest","timeElapsed":216,"timestamp":"2024-10-14T23:30:30.424Z"}
{"level":"info","message":"⌛ Validating testGranja.wtest","timeElapsed":215,"timestamp":"2024-10-14T23:30:30.647Z"}
{"level":"info","message":"⌛ Validating testGranja.wtest","timeElapsed":271,"timestamp":"2024-10-14T23:30:30.920Z"}
{"level":"info","message":"⌛ Validating testGranja.wtest","timeElapsed":201,"timestamp":"2024-10-14T23:30:31.121Z"}
{"level":"info","message":"⌛ Building environment","timeElapsed":195,"timestamp":"2024-10-14T23:30:31.317Z"}
{"level":"info","message":"onRequest - completionItem/resolve","timestamp":"2024-10-14T23:30:31.322Z"}
{"level":"info","message":"⌛ Building environment","timeElapsed":185,"timestamp":"2024-10-14T23:30:31.519Z"}
{"level":"info","message":"onRequest - completionItem/resolve","timestamp":"2024-10-14T23:30:31.520Z"}
{"level":"info","message":"⌛ Building environment","timeElapsed":216,"timestamp":"2024-10-14T23:30:31.748Z"}
{"level":"info","message":"onRequest - completionItem/resolve","timestamp":"2024-10-14T23:30:31.748Z"}
{"level":"info","message":"⌛ Building environment","timeElapsed":276,"timestamp":"2024-10-14T23:30:32.026Z"}
{"level":"info","message":"onRequest - completionItem/resolve","timestamp":"2024-10-14T23:30:32.027Z"}
{"level":"info","message":"⌛ Building environment","timeElapsed":159,"timestamp":"2024-10-14T23:30:32.186Z"}
{"level":"info","message":"onRequest - completionItem/resolve","timestamp":"2024-10-14T23:30:32.187Z"}
{"level":"info","message":"⌛ Building environment","timeElapsed":147,"timestamp":"2024-10-14T23:30:32.335Z"}
{"level":"info","message":"⌛ Validating testGranja.wtest","timeElapsed":224,"timestamp":"2024-10-14T23:30:32.559Z"}
{"level":"info","message":"⌛ Validating testGranja.wtest","timeElapsed":206,"timestamp":"2024-10-14T23:30:32.774Z"}
{"level":"info","message":"⌛ Building environment","timeElapsed":154,"timestamp":"2024-10-14T23:30:32.929Z"}
{"level":"info","message":"⌛ Building environment","timeElapsed":154,"timestamp":"2024-10-14T23:30:33.140Z"}
{"level":"info","message":"⌛ Validating testGranja.wtest","timeElapsed":206,"timestamp":"2024-10-14T23:30:33.351Z"}
{"level":"info","message":"⌛ Building environment","timeElapsed":206,"timestamp":"2024-10-14T23:30:33.557Z"}
{"level":"info","message":"⌛ Validating testGranja.wtest","timeElapsed":207,"timestamp":"2024-10-14T23:30:33.764Z"}
{"level":"info","message":"⌛ Validating testGranja.wtest","timeElapsed":207,"timestamp":"2024-10-14T23:30:33.983Z"}
{"level":"info","message":"⌛ Validating testGranja.wtest","timeElapsed":188,"timestamp":"2024-10-14T23:30:34.173Z"}
{"level":"info","message":"⌛ Building environment","timeElapsed":150,"timestamp":"2024-10-14T23:30:34.324Z"}
{"level":"info","message":"⌛ Building environment","timeElapsed":158,"timestamp":"2024-10-14T23:30:34.482Z"}
{"level":"info","message":"⌛ Validating testGranja.wtest","timeElapsed":186,"timestamp":"2024-10-14T23:30:34.669Z"}
{"level":"info","message":"⌛ Building environment","timeElapsed":151,"timestamp":"2024-10-14T23:30:34.821Z"}
{"level":"info","message":"onRequest - completionItem/resolve","timestamp":"2024-10-14T23:30:34.827Z"}
{"level":"info","message":"⌛ Validating testGranja.wtest","timeElapsed":186,"timestamp":"2024-10-14T23:30:35.013Z"}
{"level":"info","message":"⌛ Validating testGranja.wtest","timeElapsed":204,"timestamp":"2024-10-14T23:30:35.229Z"}
{"level":"info","message":"onRequest - completionItem/resolve","timestamp":"2024-10-14T23:30:35.229Z"}
{"level":"info","message":"⌛ Validating testGranja.wtest","timeElapsed":207,"timestamp":"2024-10-14T23:30:35.436Z"}
{"level":"info","message":"onRequest - completionItem/resolve","timestamp":"2024-10-14T23:30:35.437Z"}
{"level":"info","message":"⌛ Validating testGranja.wtest","timeElapsed":208,"timestamp":"2024-10-14T23:30:35.645Z"}
{"level":"info","message":"onRequest - completionItem/resolve","timestamp":"2024-10-14T23:30:35.646Z"}
{"level":"info","message":"⌛ Validating testGranja.wtest","timeElapsed":206,"timestamp":"2024-10-14T23:30:35.853Z"}
{"level":"info","message":"⌛ Building environment","timeElapsed":155,"timestamp":"2024-10-14T23:30:36.010Z"}
{"level":"info","message":"⌛ Validating testGranja.wtest","timeElapsed":201,"timestamp":"2024-10-14T23:30:36.219Z"}
{"level":"info","message":"⌛ Building environment","timeElapsed":177,"timestamp":"2024-10-14T23:30:37.233Z"}
{"level":"error","message":"✘ Completions for node failed: Error: [Return]{f77366} at testGranja.wtest:-- exhausted all cases without a match [Return]{f77366} at testGranja.wtest:-- exhausted all cases without a match","stack":"Error: [Return]{f77366} at testGranja.wtest:-- exhausted all cases without a match\n    at /home/felipe/.vscode/extensions/uqbar.wollok-lsp-ide-0.3.6/out/server/src/server.js:38:6067\n    at yh (/home/felipe/.vscode/extensions/uqbar.wollok-lsp-ide-0.3.6/out/server/src/server.js:2291:42)\n    at kh (/home/felipe/.vscode/extensions/uqbar.wollok-lsp-ide-0.3.6/out/server/src/server.js:2291:1004)\n    at Y5n (/home/felipe/.vscode/extensions/uqbar.wollok-lsp-ide-0.3.6/out/server/src/server.js:2291:1160)\n    at /home/felipe/.vscode/extensions/uqbar.wollok-lsp-ide-0.3.6/out/server/src/server.js:38:6056\n    at yh (/home/felipe/.vscode/extensions/uqbar.wollok-lsp-ide-0.3.6/out/server/src/server.js:2291:42)\n    at /home/felipe/.vscode/extensions/uqbar.wollok-lsp-ide-0.3.6/out/server/src/server.js:2291:2700\n    at /home/felipe/.vscode/extensions/uqbar.wollok-lsp-ide-0.3.6/out/server/src/server.js:2298:3774\n    at /home/felipe/.vscode/extensions/uqbar.wollok-lsp-ide-0.3.6/out/server/src/server.js:37:74872\n    at Fe (/home/felipe/.vscode/extensions/uqbar.wollok-lsp-ide-0.3.6/out/server/src/server.js:7:8527)","timestamp":"2024-10-14T23:30:37.278Z"}
{"level":"info","message":"⌛ Building environment","timeElapsed":169,"timestamp":"2024-10-14T23:30:37.453Z"}
{"level":"info","message":"⌛ Validating testGranja.wtest","timeElapsed":285,"timestamp":"2024-10-14T23:30:37.739Z"}
{"level":"info","message":"onRequest - completionItem/resolve","timestamp":"2024-10-14T23:30:37.740Z"}
{"level":"info","message":"⌛ Building environment","timeElapsed":183,"timestamp":"2024-10-14T23:30:37.925Z"}
{"level":"info","message":"onRequest - completionItem/resolve","timestamp":"2024-10-14T23:30:37.925Z"}
{"level":"info","message":"⌛ Validating testGranja.wtest","timeElapsed":192,"timestamp":"2024-10-14T23:30:38.117Z"}
{"level":"info","message":"⌛ Building environment","timeElapsed":162,"timestamp":"2024-10-14T23:30:38.280Z"}
{"level":"info","message":"onRequest - completionItem/resolve","timestamp":"2024-10-14T23:30:38.280Z"}
{"level":"info","message":"⌛ Building environment","timeElapsed":175,"timestamp":"2024-10-14T23:30:38.457Z"}
{"level":"info","message":"onRequest - completionItem/resolve","timestamp":"2024-10-14T23:30:38.457Z"}
{"level":"info","message":"⌛ Building environment","timeElapsed":148,"timestamp":"2024-10-14T23:30:38.605Z"}
{"level":"info","message":"onRequest - completionItem/resolve","timestamp":"2024-10-14T23:30:38.606Z"}
{"level":"info","message":"⌛ Validating testGranja.wtest","timeElapsed":197,"timestamp":"2024-10-14T23:30:38.804Z"}
{"level":"info","message":"⌛ Validating testGranja.wtest","timeElapsed":230,"timestamp":"2024-10-14T23:30:39.043Z"}
{"level":"info","message":"⌛ Validating testGranja.wtest","timeElapsed":259,"timestamp":"2024-10-14T23:30:39.303Z"}
{"level":"info","message":"⌛ Building environment","timeElapsed":207,"timestamp":"2024-10-14T23:30:39.513Z"}
{"level":"info","message":"⌛ Validating testGranja.wtest","timeElapsed":185,"timestamp":"2024-10-14T23:30:39.737Z"}
{"level":"info","message":"⌛ Building environment","timeElapsed":150,"timestamp":"2024-10-14T23:30:39.889Z"}
{"level":"info","message":"⌛ Building environment","timeElapsed":155,"timestamp":"2024-10-14T23:30:40.044Z"}
{"level":"info","message":"⌛ Building environment","timeElapsed":148,"timestamp":"2024-10-14T23:30:40.193Z"}
{"level":"info","message":"⌛ Building environment","timeElapsed":224,"timestamp":"2024-10-14T23:30:40.418Z"}
{"level":"info","message":"⌛ Building environment","timeElapsed":154,"timestamp":"2024-10-14T23:30:40.572Z"}
{"level":"info","message":"⌛ Validating testGranja.wtest","timeElapsed":207,"timestamp":"2024-10-14T23:30:40.781Z"}
{"level":"info","message":"⌛ Validating testGranja.wtest","timeElapsed":216,"timestamp":"2024-10-14T23:30:41.005Z"}
{"level":"info","message":"⌛ Validating testGranja.wtest","timeElapsed":214,"timestamp":"2024-10-14T23:30:41.220Z"}
{"level":"info","message":"⌛ Validating testGranja.wtest","timeElapsed":203,"timestamp":"2024-10-14T23:30:41.424Z"}
{"level":"info","message":"⌛ Building environment","timeElapsed":153,"timestamp":"2024-10-14T23:30:41.578Z"}
{"level":"info","message":"⌛ Validating testGranja.wtest","timeElapsed":217,"timestamp":"2024-10-14T23:30:41.795Z"}
{"level":"info","message":"⌛ Validating testGranja.wtest","timeElapsed":213,"timestamp":"2024-10-14T23:30:42.017Z"}
{"level":"info","message":"⌛ Validating testGranja.wtest","timeElapsed":372,"timestamp":"2024-10-14T23:30:42.390Z"}
{"failures":[],"level":"info","message":"🧪 Test runner executed on /home/felipe/Documents/Universidad/Proramacion_Con_Objetos_1/2024s2-granja-villa-FeliQI-main/2024s2-granja-villa-FeliQI-5","result":{"failed":0,"ok":1},"timeElapsed":997,"timestamp":"2024-10-14T23:30:44.395Z"}
{"level":"info","message":"⌛ Building environment","timeElapsed":268,"timestamp":"2024-10-14T23:31:50.177Z"}
{"level":"info","message":"⌛ Validating testGranja.wtest","timeElapsed":275,"timestamp":"2024-10-14T23:31:50.454Z"}
{"level":"info","message":"⌛ Building environment","timeElapsed":174,"timestamp":"2024-10-14T23:31:51.216Z"}
{"level":"info","message":"⌛ Validating testGranja.wtest","timeElapsed":214,"timestamp":"2024-10-14T23:31:51.432Z"}
{"level":"info","message":"⌛ Building environment","timeElapsed":214,"timestamp":"2024-10-14T23:31:52.345Z"}
{"level":"info","message":"⌛ Building environment","timeElapsed":179,"timestamp":"2024-10-14T23:31:52.579Z"}
{"level":"info","message":"⌛ Validating testGranja.wtest","timeElapsed":244,"timestamp":"2024-10-14T23:31:52.823Z"}
{"level":"info","message":"⌛ Building environment","timeElapsed":264,"timestamp":"2024-10-14T23:31:53.090Z"}
{"level":"info","message":"onRequest - completionItem/resolve","timestamp":"2024-10-14T23:31:53.092Z"}
{"level":"error","message":"✘ Failed to rebuild document Failed to parse testGranja.wtest: \n-- PARSING FAILED --------------------------------------------------\n\n  52 | \n  53 |   test\n> 54 | }\n     | ^\n\nExpected one of the following: \n\nstring literal, whitespace\n","stack":"Error: Failed to parse testGranja.wtest: \n-- PARSING FAILED --------------------------------------------------\n\n  52 | \n  53 |   test\n> 54 | }\n     | ^\n\nExpected one of the following: \n\nstring literal, whitespace\n\n    at /home/felipe/.vscode/extensions/uqbar.wollok-lsp-ide-0.3.6/out/server/src/server.js:2254:32415\n    at Array.map (<anonymous>)\n    at Jfn (/home/felipe/.vscode/extensions/uqbar.wollok-lsp-ide-0.3.6/out/server/src/server.js:2254:32339)\n    at k2.buildEnvironmentFrom (/home/felipe/.vscode/extensions/uqbar.wollok-lsp-ide-0.3.6/out/server/src/server.js:2285:6721)\n    at k2.updateEnvironmentWith (/home/felipe/.vscode/extensions/uqbar.wollok-lsp-ide-0.3.6/out/server/src/server.js:2285:6456)\n    at jL (/home/felipe/.vscode/extensions/uqbar.wollok-lsp-ide-0.3.6/out/server/src/server.js:2298:2292)\n    at v3.invoke (/home/felipe/.vscode/extensions/uqbar.wollok-lsp-ide-0.3.6/out/server/src/server.js:3:157200)\n    at o.fire (/home/felipe/.vscode/extensions/uqbar.wollok-lsp-ide-0.3.6/out/server/src/server.js:3:157970)\n    at /home/felipe/.vscode/extensions/uqbar.wollok-lsp-ide-0.3.6/out/server/src/server.js:37:57871\n    at Vr (/home/felipe/.vscode/extensions/uqbar.wollok-lsp-ide-0.3.6/out/server/src/server.js:8:1561)","timestamp":"2024-10-14T23:31:53.137Z"}
{"level":"info","message":"onRequest - completionItem/resolve","timestamp":"2024-10-14T23:31:53.138Z"}
{"level":"info","message":"⌛ Validating testGranja.wtest","timeElapsed":254,"timestamp":"2024-10-14T23:31:53.392Z"}
{"level":"error","message":"✘ Failed to rebuild document Failed to parse testGranja.wtest: \n-- PARSING FAILED --------------------------------------------------\n\n  52 | \n  53 |   test \n> 54 | }\n     | ^\n\nExpected one of the following: \n\nstring literal, whitespace\n","stack":"Error: Failed to parse testGranja.wtest: \n-- PARSING FAILED --------------------------------------------------\n\n  52 | \n  53 |   test \n> 54 | }\n     | ^\n\nExpected one of the following: \n\nstring literal, whitespace\n\n    at /home/felipe/.vscode/extensions/uqbar.wollok-lsp-ide-0.3.6/out/server/src/server.js:2254:32415\n    at Array.map (<anonymous>)\n    at Jfn (/home/felipe/.vscode/extensions/uqbar.wollok-lsp-ide-0.3.6/out/server/src/server.js:2254:32339)\n    at k2.buildEnvironmentFrom (/home/felipe/.vscode/extensions/uqbar.wollok-lsp-ide-0.3.6/out/server/src/server.js:2285:6721)\n    at k2.updateEnvironmentWith (/home/felipe/.vscode/extensions/uqbar.wollok-lsp-ide-0.3.6/out/server/src/server.js:2285:6456)\n    at jL (/home/felipe/.vscode/extensions/uqbar.wollok-lsp-ide-0.3.6/out/server/src/server.js:2298:2292)\n    at v3.invoke (/home/felipe/.vscode/extensions/uqbar.wollok-lsp-ide-0.3.6/out/server/src/server.js:3:157200)\n    at o.fire (/home/felipe/.vscode/extensions/uqbar.wollok-lsp-ide-0.3.6/out/server/src/server.js:3:157970)\n    at /home/felipe/.vscode/extensions/uqbar.wollok-lsp-ide-0.3.6/out/server/src/server.js:37:57871\n    at Vr (/home/felipe/.vscode/extensions/uqbar.wollok-lsp-ide-0.3.6/out/server/src/server.js:8:1561)","timestamp":"2024-10-14T23:31:53.443Z"}
{"level":"error","message":"✘ Failed to rebuild document Failed to parse testGranja.wtest: \n-- PARSING FAILED --------------------------------------------------\n\n  51 |   }\n  52 | \n> 53 |   test r\n     |        ^\n  54 | }\n\nExpected one of the following: \n\nstring literal, whitespace\n","stack":"Error: Failed to parse testGranja.wtest: \n-- PARSING FAILED --------------------------------------------------\n\n  51 |   }\n  52 | \n> 53 |   test r\n     |        ^\n  54 | }\n\nExpected one of the following: \n\nstring literal, whitespace\n\n    at /home/felipe/.vscode/extensions/uqbar.wollok-lsp-ide-0.3.6/out/server/src/server.js:2254:32415\n    at Array.map (<anonymous>)\n    at Jfn (/home/felipe/.vscode/extensions/uqbar.wollok-lsp-ide-0.3.6/out/server/src/server.js:2254:32339)\n    at k2.buildEnvironmentFrom (/home/felipe/.vscode/extensions/uqbar.wollok-lsp-ide-0.3.6/out/server/src/server.js:2285:6721)\n    at k2.updateEnvironmentWith (/home/felipe/.vscode/extensions/uqbar.wollok-lsp-ide-0.3.6/out/server/src/server.js:2285:6456)\n    at jL (/home/felipe/.vscode/extensions/uqbar.wollok-lsp-ide-0.3.6/out/server/src/server.js:2298:2292)\n    at v3.invoke (/home/felipe/.vscode/extensions/uqbar.wollok-lsp-ide-0.3.6/out/server/src/server.js:3:157200)\n    at o.fire (/home/felipe/.vscode/extensions/uqbar.wollok-lsp-ide-0.3.6/out/server/src/server.js:3:157970)\n    at /home/felipe/.vscode/extensions/uqbar.wollok-lsp-ide-0.3.6/out/server/src/server.js:37:57871\n    at Vr (/home/felipe/.vscode/extensions/uqbar.wollok-lsp-ide-0.3.6/out/server/src/server.js:8:1561)","timestamp":"2024-10-14T23:31:53.493Z"}
{"level":"info","message":"⌛ Validating testGranja.wtest","timeElapsed":231,"timestamp":"2024-10-14T23:31:53.726Z"}
{"level":"error","message":"✘ Failed to rebuild document Failed to parse testGranja.wtest: \n-- PARSING FAILED --------------------------------------------------\n\n  51 |   }\n  52 | \n> 53 |   test re\n     |        ^\n  54 | }\n\nExpected one of the following: \n\nstring literal, whitespace\n","stack":"Error: Failed to parse testGranja.wtest: \n-- PARSING FAILED --------------------------------------------------\n\n  51 |   }\n  52 | \n> 53 |   test re\n     |        ^\n  54 | }\n\nExpected one of the following: \n\nstring literal, whitespace\n\n    at /home/felipe/.vscode/extensions/uqbar.wollok-lsp-ide-0.3.6/out/server/src/server.js:2254:32415\n    at Array.map (<anonymous>)\n    at Jfn (/home/felipe/.vscode/extensions/uqbar.wollok-lsp-ide-0.3.6/out/server/src/server.js:2254:32339)\n    at k2.buildEnvironmentFrom (/home/felipe/.vscode/extensions/uqbar.wollok-lsp-ide-0.3.6/out/server/src/server.js:2285:6721)\n    at k2.updateEnvironmentWith (/home/felipe/.vscode/extensions/uqbar.wollok-lsp-ide-0.3.6/out/server/src/server.js:2285:6456)\n    at jL (/home/felipe/.vscode/extensions/uqbar.wollok-lsp-ide-0.3.6/out/server/src/server.js:2298:2292)\n    at v3.invoke (/home/felipe/.vscode/extensions/uqbar.wollok-lsp-ide-0.3.6/out/server/src/server.js:3:157200)\n    at o.fire (/home/felipe/.vscode/extensions/uqbar.wollok-lsp-ide-0.3.6/out/server/src/server.js:3:157970)\n    at /home/felipe/.vscode/extensions/uqbar.wollok-lsp-ide-0.3.6/out/server/src/server.js:37:57871\n    at Vr (/home/felipe/.vscode/extensions/uqbar.wollok-lsp-ide-0.3.6/out/server/src/server.js:8:1561)","timestamp":"2024-10-14T23:31:53.864Z"}
{"level":"error","message":"✘ Failed to rebuild document Failed to parse testGranja.wtest: \n-- PARSING FAILED --------------------------------------------------\n\n  51 |   }\n  52 | \n> 53 |   test re¿\n     |        ^\n  54 | }\n\nExpected one of the following: \n\nstring literal, whitespace\n","stack":"Error: Failed to parse testGranja.wtest: \n-- PARSING FAILED --------------------------------------------------\n\n  51 |   }\n  52 | \n> 53 |   test re¿\n     |        ^\n  54 | }\n\nExpected one of the following: \n\nstring literal, whitespace\n\n    at /home/felipe/.vscode/extensions/uqbar.wollok-lsp-ide-0.3.6/out/server/src/server.js:2254:32415\n    at Array.map (<anonymous>)\n    at Jfn (/home/felipe/.vscode/extensions/uqbar.wollok-lsp-ide-0.3.6/out/server/src/server.js:2254:32339)\n    at k2.buildEnvironmentFrom (/home/felipe/.vscode/extensions/uqbar.wollok-lsp-ide-0.3.6/out/server/src/server.js:2285:6721)\n    at k2.updateEnvironmentWith (/home/felipe/.vscode/extensions/uqbar.wollok-lsp-ide-0.3.6/out/server/src/server.js:2285:6456)\n    at jL (/home/felipe/.vscode/extensions/uqbar.wollok-lsp-ide-0.3.6/out/server/src/server.js:2298:2292)\n    at v3.invoke (/home/felipe/.vscode/extensions/uqbar.wollok-lsp-ide-0.3.6/out/server/src/server.js:3:157200)\n    at o.fire (/home/felipe/.vscode/extensions/uqbar.wollok-lsp-ide-0.3.6/out/server/src/server.js:3:157970)\n    at /home/felipe/.vscode/extensions/uqbar.wollok-lsp-ide-0.3.6/out/server/src/server.js:37:57871\n    at Vr (/home/felipe/.vscode/extensions/uqbar.wollok-lsp-ide-0.3.6/out/server/src/server.js:8:1561)","timestamp":"2024-10-14T23:31:53.898Z"}
{"level":"error","message":"✘ Failed to rebuild document Failed to parse testGranja.wtest: \n-- PARSING FAILED --------------------------------------------------\n\n  51 |   }\n  52 | \n> 53 |   test re\n     |        ^\n  54 | }\n\nExpected one of the following: \n\nstring literal, whitespace\n","stack":"Error: Failed to parse testGranja.wtest: \n-- PARSING FAILED --------------------------------------------------\n\n  51 |   }\n  52 | \n> 53 |   test re\n     |        ^\n  54 | }\n\nExpected one of the following: \n\nstring literal, whitespace\n\n    at /home/felipe/.vscode/extensions/uqbar.wollok-lsp-ide-0.3.6/out/server/src/server.js:2254:32415\n    at Array.map (<anonymous>)\n    at Jfn (/home/felipe/.vscode/extensions/uqbar.wollok-lsp-ide-0.3.6/out/server/src/server.js:2254:32339)\n    at k2.buildEnvironmentFrom (/home/felipe/.vscode/extensions/uqbar.wollok-lsp-ide-0.3.6/out/server/src/server.js:2285:6721)\n    at k2.updateEnvironmentWith (/home/felipe/.vscode/extensions/uqbar.wollok-lsp-ide-0.3.6/out/server/src/server.js:2285:6456)\n    at jL (/home/felipe/.vscode/extensions/uqbar.wollok-lsp-ide-0.3.6/out/server/src/server.js:2298:2292)\n    at v3.invoke (/home/felipe/.vscode/extensions/uqbar.wollok-lsp-ide-0.3.6/out/server/src/server.js:3:157200)\n    at o.fire (/home/felipe/.vscode/extensions/uqbar.wollok-lsp-ide-0.3.6/out/server/src/server.js:3:157970)\n    at /home/felipe/.vscode/extensions/uqbar.wollok-lsp-ide-0.3.6/out/server/src/server.js:37:57871\n    at Vr (/home/felipe/.vscode/extensions/uqbar.wollok-lsp-ide-0.3.6/out/server/src/server.js:8:1561)","timestamp":"2024-10-14T23:31:53.933Z"}
{"level":"error","message":"✘ Failed to rebuild document Failed to parse testGranja.wtest: \n-- PARSING FAILED --------------------------------------------------\n\n  51 |   }\n  52 | \n> 53 |   test r\n     |        ^\n  54 | }\n\nExpected one of the following: \n\nstring literal, whitespace\n","stack":"Error: Failed to parse testGranja.wtest: \n-- PARSING FAILED --------------------------------------------------\n\n  51 |   }\n  52 | \n> 53 |   test r\n     |        ^\n  54 | }\n\nExpected one of the following: \n\nstring literal, whitespace\n\n    at /home/felipe/.vscode/extensions/uqbar.wollok-lsp-ide-0.3.6/out/server/src/server.js:2254:32415\n    at Array.map (<anonymous>)\n    at Jfn (/home/felipe/.vscode/extensions/uqbar.wollok-lsp-ide-0.3.6/out/server/src/server.js:2254:32339)\n    at k2.buildEnvironmentFrom (/home/felipe/.vscode/extensions/uqbar.wollok-lsp-ide-0.3.6/out/server/src/server.js:2285:6721)\n    at k2.updateEnvironmentWith (/home/felipe/.vscode/extensions/uqbar.wollok-lsp-ide-0.3.6/out/server/src/server.js:2285:6456)\n    at jL (/home/felipe/.vscode/extensions/uqbar.wollok-lsp-ide-0.3.6/out/server/src/server.js:2298:2292)\n    at v3.invoke (/home/felipe/.vscode/extensions/uqbar.wollok-lsp-ide-0.3.6/out/server/src/server.js:3:157200)\n    at o.fire (/home/felipe/.vscode/extensions/uqbar.wollok-lsp-ide-0.3.6/out/server/src/server.js:3:157970)\n    at /home/felipe/.vscode/extensions/uqbar.wollok-lsp-ide-0.3.6/out/server/src/server.js:37:57871\n    at Vr (/home/felipe/.vscode/extensions/uqbar.wollok-lsp-ide-0.3.6/out/server/src/server.js:8:1561)","timestamp":"2024-10-14T23:31:53.996Z"}
{"level":"error","message":"✘ Failed to rebuild document Failed to parse testGranja.wtest: \n-- PARSING FAILED --------------------------------------------------\n\n  52 | \n  53 |   test \n> 54 | }\n     | ^\n\nExpected one of the following: \n\nstring literal, whitespace\n","stack":"Error: Failed to parse testGranja.wtest: \n-- PARSING FAILED --------------------------------------------------\n\n  52 | \n  53 |   test \n> 54 | }\n     | ^\n\nExpected one of the following: \n\nstring literal, whitespace\n\n    at /home/felipe/.vscode/extensions/uqbar.wollok-lsp-ide-0.3.6/out/server/src/server.js:2254:32415\n    at Array.map (<anonymous>)\n    at Jfn (/home/felipe/.vscode/extensions/uqbar.wollok-lsp-ide-0.3.6/out/server/src/server.js:2254:32339)\n    at k2.buildEnvironmentFrom (/home/felipe/.vscode/extensions/uqbar.wollok-lsp-ide-0.3.6/out/server/src/server.js:2285:6721)\n    at k2.updateEnvironmentWith (/home/felipe/.vscode/extensions/uqbar.wollok-lsp-ide-0.3.6/out/server/src/server.js:2285:6456)\n    at jL (/home/felipe/.vscode/extensions/uqbar.wollok-lsp-ide-0.3.6/out/server/src/server.js:2298:2292)\n    at v3.invoke (/home/felipe/.vscode/extensions/uqbar.wollok-lsp-ide-0.3.6/out/server/src/server.js:3:157200)\n    at o.fire (/home/felipe/.vscode/extensions/uqbar.wollok-lsp-ide-0.3.6/out/server/src/server.js:3:157970)\n    at /home/felipe/.vscode/extensions/uqbar.wollok-lsp-ide-0.3.6/out/server/src/server.js:37:57871\n    at Vr (/home/felipe/.vscode/extensions/uqbar.wollok-lsp-ide-0.3.6/out/server/src/server.js:8:1561)","timestamp":"2024-10-14T23:31:54.128Z"}
{"level":"error","message":"✘ Failed to rebuild document Failed to parse testGranja.wtest: \n-- PARSING FAILED --------------------------------------------------\n\n  52 | \n  53 |   test \"\"\n> 54 | }\n     | ^\n\nExpected one of the following: \n\n'@', '{', comment, whitespace\n","stack":"Error: Failed to parse testGranja.wtest: \n-- PARSING FAILED --------------------------------------------------\n\n  52 | \n  53 |   test \"\"\n> 54 | }\n     | ^\n\nExpected one of the following: \n\n'@', '{', comment, whitespace\n\n    at /home/felipe/.vscode/extensions/uqbar.wollok-lsp-ide-0.3.6/out/server/src/server.js:2254:32415\n    at Array.map (<anonymous>)\n    at Jfn (/home/felipe/.vscode/extensions/uqbar.wollok-lsp-ide-0.3.6/out/server/src/server.js:2254:32339)\n    at k2.buildEnvironmentFrom (/home/felipe/.vscode/extensions/uqbar.wollok-lsp-ide-0.3.6/out/server/src/server.js:2285:6721)\n    at k2.updateEnvironmentWith (/home/felipe/.vscode/extensions/uqbar.wollok-lsp-ide-0.3.6/out/server/src/server.js:2285:6456)\n    at jL (/home/felipe/.vscode/extensions/uqbar.wollok-lsp-ide-0.3.6/out/server/src/server.js:2298:2292)\n    at v3.invoke (/home/felipe/.vscode/extensions/uqbar.wollok-lsp-ide-0.3.6/out/server/src/server.js:3:157200)\n    at o.fire (/home/felipe/.vscode/extensions/uqbar.wollok-lsp-ide-0.3.6/out/server/src/server.js:3:157970)\n    at /home/felipe/.vscode/extensions/uqbar.wollok-lsp-ide-0.3.6/out/server/src/server.js:37:57871\n    at Vr (/home/felipe/.vscode/extensions/uqbar.wollok-lsp-ide-0.3.6/out/server/src/server.js:8:1561)","timestamp":"2024-10-14T23:31:54.668Z"}
{"level":"error","message":"✘ Failed to rebuild document Failed to parse testGranja.wtest: \n-- PARSING FAILED --------------------------------------------------\n\n  52 | \n  53 |   test \"E\"\n> 54 | }\n     | ^\n\nExpected one of the following: \n\n'@', '{', comment, whitespace\n","stack":"Error: Failed to parse testGranja.wtest: \n-- PARSING FAILED --------------------------------------------------\n\n  52 | \n  53 |   test \"E\"\n> 54 | }\n     | ^\n\nExpected one of the following: \n\n'@', '{', comment, whitespace\n\n    at /home/felipe/.vscode/extensions/uqbar.wollok-lsp-ide-0.3.6/out/server/src/server.js:2254:32415\n    at Array.map (<anonymous>)\n    at Jfn (/home/felipe/.vscode/extensions/uqbar.wollok-lsp-ide-0.3.6/out/server/src/server.js:2254:32339)\n    at k2.buildEnvironmentFrom (/home/felipe/.vscode/extensions/uqbar.wollok-lsp-ide-0.3.6/out/server/src/server.js:2285:6721)\n    at k2.updateEnvironmentWith (/home/felipe/.vscode/extensions/uqbar.wollok-lsp-ide-0.3.6/out/server/src/server.js:2285:6456)\n    at jL (/home/felipe/.vscode/extensions/uqbar.wollok-lsp-ide-0.3.6/out/server/src/server.js:2298:2292)\n    at v3.invoke (/home/felipe/.vscode/extensions/uqbar.wollok-lsp-ide-0.3.6/out/server/src/server.js:3:157200)\n    at o.fire (/home/felipe/.vscode/extensions/uqbar.wollok-lsp-ide-0.3.6/out/server/src/server.js:3:157970)\n    at /home/felipe/.vscode/extensions/uqbar.wollok-lsp-ide-0.3.6/out/server/src/server.js:37:57871\n    at Vr (/home/felipe/.vscode/extensions/uqbar.wollok-lsp-ide-0.3.6/out/server/src/server.js:8:1561)","timestamp":"2024-10-14T23:31:55.290Z"}
{"level":"error","message":"✘ Failed to rebuild document Failed to parse testGranja.wtest: \n-- PARSING FAILED --------------------------------------------------\n\n  52 | \n  53 |   test \"Er\"\n> 54 | }\n     | ^\n\nExpected one of the following: \n\n'@', '{', comment, whitespace\n","stack":"Error: Failed to parse testGranja.wtest: \n-- PARSING FAILED --------------------------------------------------\n\n  52 | \n  53 |   test \"Er\"\n> 54 | }\n     | ^\n\nExpected one of the following: \n\n'@', '{', comment, whitespace\n\n    at /home/felipe/.vscode/extensions/uqbar.wollok-lsp-ide-0.3.6/out/server/src/server.js:2254:32415\n    at Array.map (<anonymous>)\n    at Jfn (/home/felipe/.vscode/extensions/uqbar.wollok-lsp-ide-0.3.6/out/server/src/server.js:2254:32339)\n    at k2.buildEnvironmentFrom (/home/felipe/.vscode/extensions/uqbar.wollok-lsp-ide-0.3.6/out/server/src/server.js:2285:6721)\n    at k2.updateEnvironmentWith (/home/felipe/.vscode/extensions/uqbar.wollok-lsp-ide-0.3.6/out/server/src/server.js:2285:6456)\n    at jL (/home/felipe/.vscode/extensions/uqbar.wollok-lsp-ide-0.3.6/out/server/src/server.js:2298:2292)\n    at v3.invoke (/home/felipe/.vscode/extensions/uqbar.wollok-lsp-ide-0.3.6/out/server/src/server.js:3:157200)\n    at o.fire (/home/felipe/.vscode/extensions/uqbar.wollok-lsp-ide-0.3.6/out/server/src/server.js:3:157970)\n    at /home/felipe/.vscode/extensions/uqbar.wollok-lsp-ide-0.3.6/out/server/src/server.js:37:57871\n    at Vr (/home/felipe/.vscode/extensions/uqbar.wollok-lsp-ide-0.3.6/out/server/src/server.js:8:1561)","timestamp":"2024-10-14T23:31:55.797Z"}
{"level":"error","message":"✘ Failed to rebuild document Failed to parse testGranja.wtest: \n-- PARSING FAILED --------------------------------------------------\n\n  52 | \n  53 |   test \"E\"\n> 54 | }\n     | ^\n\nExpected one of the following: \n\n'@', '{', comment, whitespace\n","stack":"Error: Failed to parse testGranja.wtest: \n-- PARSING FAILED --------------------------------------------------\n\n  52 | \n  53 |   test \"E\"\n> 54 | }\n     | ^\n\nExpected one of the following: \n\n'@', '{', comment, whitespace\n\n    at /home/felipe/.vscode/extensions/uqbar.wollok-lsp-ide-0.3.6/out/server/src/server.js:2254:32415\n    at Array.map (<anonymous>)\n    at Jfn (/home/felipe/.vscode/extensions/uqbar.wollok-lsp-ide-0.3.6/out/server/src/server.js:2254:32339)\n    at k2.buildEnvironmentFrom (/home/felipe/.vscode/extensions/uqbar.wollok-lsp-ide-0.3.6/out/server/src/server.js:2285:6721)\n    at k2.updateEnvironmentWith (/home/felipe/.vscode/extensions/uqbar.wollok-lsp-ide-0.3.6/out/server/src/server.js:2285:6456)\n    at jL (/home/felipe/.vscode/extensions/uqbar.wollok-lsp-ide-0.3.6/out/server/src/server.js:2298:2292)\n    at v3.invoke (/home/felipe/.vscode/extensions/uqbar.wollok-lsp-ide-0.3.6/out/server/src/server.js:3:157200)\n    at o.fire (/home/felipe/.vscode/extensions/uqbar.wollok-lsp-ide-0.3.6/out/server/src/server.js:3:157970)\n    at /home/felipe/.vscode/extensions/uqbar.wollok-lsp-ide-0.3.6/out/server/src/server.js:37:57871\n    at Vr (/home/felipe/.vscode/extensions/uqbar.wollok-lsp-ide-0.3.6/out/server/src/server.js:8:1561)","timestamp":"2024-10-14T23:31:56.017Z"}
{"level":"error","message":"✘ Failed to rebuild document Failed to parse testGranja.wtest: \n-- PARSING FAILED --------------------------------------------------\n\n  52 | \n  53 |   test \"\"\n> 54 | }\n     | ^\n\nExpected one of the following: \n\n'@', '{', comment, whitespace\n","stack":"Error: Failed to parse testGranja.wtest: \n-- PARSING FAILED --------------------------------------------------\n\n  52 | \n  53 |   test \"\"\n> 54 | }\n     | ^\n\nExpected one of the following: \n\n'@', '{', comment, whitespace\n\n    at /home/felipe/.vscode/extensions/uqbar.wollok-lsp-ide-0.3.6/out/server/src/server.js:2254:32415\n    at Array.map (<anonymous>)\n    at Jfn (/home/felipe/.vscode/extensions/uqbar.wollok-lsp-ide-0.3.6/out/server/src/server.js:2254:32339)\n    at k2.buildEnvironmentFrom (/home/felipe/.vscode/extensions/uqbar.wollok-lsp-ide-0.3.6/out/server/src/server.js:2285:6721)\n    at k2.updateEnvironmentWith (/home/felipe/.vscode/extensions/uqbar.wollok-lsp-ide-0.3.6/out/server/src/server.js:2285:6456)\n    at jL (/home/felipe/.vscode/extensions/uqbar.wollok-lsp-ide-0.3.6/out/server/src/server.js:2298:2292)\n    at v3.invoke (/home/felipe/.vscode/extensions/uqbar.wollok-lsp-ide-0.3.6/out/server/src/server.js:3:157200)\n    at o.fire (/home/felipe/.vscode/extensions/uqbar.wollok-lsp-ide-0.3.6/out/server/src/server.js:3:157970)\n    at /home/felipe/.vscode/extensions/uqbar.wollok-lsp-ide-0.3.6/out/server/src/server.js:37:57871\n    at Vr (/home/felipe/.vscode/extensions/uqbar.wollok-lsp-ide-0.3.6/out/server/src/server.js:8:1561)","timestamp":"2024-10-14T23:31:56.234Z"}
{"level":"error","message":"✘ Failed to rebuild document Failed to parse testGranja.wtest: \n-- PARSING FAILED --------------------------------------------------\n\n  52 | \n  53 |   test \"r\"\n> 54 | }\n     | ^\n\nExpected one of the following: \n\n'@', '{', comment, whitespace\n","stack":"Error: Failed to parse testGranja.wtest: \n-- PARSING FAILED --------------------------------------------------\n\n  52 | \n  53 |   test \"r\"\n> 54 | }\n     | ^\n\nExpected one of the following: \n\n'@', '{', comment, whitespace\n\n    at /home/felipe/.vscode/extensions/uqbar.wollok-lsp-ide-0.3.6/out/server/src/server.js:2254:32415\n    at Array.map (<anonymous>)\n    at Jfn (/home/felipe/.vscode/extensions/uqbar.wollok-lsp-ide-0.3.6/out/server/src/server.js:2254:32339)\n    at k2.buildEnvironmentFrom (/home/felipe/.vscode/extensions/uqbar.wollok-lsp-ide-0.3.6/out/server/src/server.js:2285:6721)\n    at k2.updateEnvironmentWith (/home/felipe/.vscode/extensions/uqbar.wollok-lsp-ide-0.3.6/out/server/src/server.js:2285:6456)\n    at jL (/home/felipe/.vscode/extensions/uqbar.wollok-lsp-ide-0.3.6/out/server/src/server.js:2298:2292)\n    at v3.invoke (/home/felipe/.vscode/extensions/uqbar.wollok-lsp-ide-0.3.6/out/server/src/server.js:3:157200)\n    at o.fire (/home/felipe/.vscode/extensions/uqbar.wollok-lsp-ide-0.3.6/out/server/src/server.js:3:157970)\n    at /home/felipe/.vscode/extensions/uqbar.wollok-lsp-ide-0.3.6/out/server/src/server.js:37:57871\n    at Vr (/home/felipe/.vscode/extensions/uqbar.wollok-lsp-ide-0.3.6/out/server/src/server.js:8:1561)","timestamp":"2024-10-14T23:31:56.346Z"}
{"level":"error","message":"✘ Failed to rebuild document Failed to parse testGranja.wtest: \n-- PARSING FAILED --------------------------------------------------\n\n  52 | \n  53 |   test \"\"\n> 54 | }\n     | ^\n\nExpected one of the following: \n\n'@', '{', comment, whitespace\n","stack":"Error: Failed to parse testGranja.wtest: \n-- PARSING FAILED --------------------------------------------------\n\n  52 | \n  53 |   test \"\"\n> 54 | }\n     | ^\n\nExpected one of the following: \n\n'@', '{', comment, whitespace\n\n    at /home/felipe/.vscode/extensions/uqbar.wollok-lsp-ide-0.3.6/out/server/src/server.js:2254:32415\n    at Array.map (<anonymous>)\n    at Jfn (/home/felipe/.vscode/extensions/uqbar.wollok-lsp-ide-0.3.6/out/server/src/server.js:2254:32339)\n    at k2.buildEnvironmentFrom (/home/felipe/.vscode/extensions/uqbar.wollok-lsp-ide-0.3.6/out/server/src/server.js:2285:6721)\n    at k2.updateEnvironmentWith (/home/felipe/.vscode/extensions/uqbar.wollok-lsp-ide-0.3.6/out/server/src/server.js:2285:6456)\n    at jL (/home/felipe/.vscode/extensions/uqbar.wollok-lsp-ide-0.3.6/out/server/src/server.js:2298:2292)\n    at v3.invoke (/home/felipe/.vscode/extensions/uqbar.wollok-lsp-ide-0.3.6/out/server/src/server.js:3:157200)\n    at o.fire (/home/felipe/.vscode/extensions/uqbar.wollok-lsp-ide-0.3.6/out/server/src/server.js:3:157970)\n    at /home/felipe/.vscode/extensions/uqbar.wollok-lsp-ide-0.3.6/out/server/src/server.js:37:57871\n    at Vr (/home/felipe/.vscode/extensions/uqbar.wollok-lsp-ide-0.3.6/out/server/src/server.js:8:1561)","timestamp":"2024-10-14T23:31:56.672Z"}
{"level":"error","message":"✘ Failed to rebuild document Failed to parse testGranja.wtest: \n-- PARSING FAILED --------------------------------------------------\n\n  52 | \n  53 |   test \"R\"\n> 54 | }\n     | ^\n\nExpected one of the following: \n\n'@', '{', comment, whitespace\n","stack":"Error: Failed to parse testGranja.wtest: \n-- PARSING FAILED --------------------------------------------------\n\n  52 | \n  53 |   test \"R\"\n> 54 | }\n     | ^\n\nExpected one of the following: \n\n'@', '{', comment, whitespace\n\n    at /home/felipe/.vscode/extensions/uqbar.wollok-lsp-ide-0.3.6/out/server/src/server.js:2254:32415\n    at Array.map (<anonymous>)\n    at Jfn (/home/felipe/.vscode/extensions/uqbar.wollok-lsp-ide-0.3.6/out/server/src/server.js:2254:32339)\n    at k2.buildEnvironmentFrom (/home/felipe/.vscode/extensions/uqbar.wollok-lsp-ide-0.3.6/out/server/src/server.js:2285:6721)\n    at k2.updateEnvironmentWith (/home/felipe/.vscode/extensions/uqbar.wollok-lsp-ide-0.3.6/out/server/src/server.js:2285:6456)\n    at jL (/home/felipe/.vscode/extensions/uqbar.wollok-lsp-ide-0.3.6/out/server/src/server.js:2298:2292)\n    at v3.invoke (/home/felipe/.vscode/extensions/uqbar.wollok-lsp-ide-0.3.6/out/server/src/server.js:3:157200)\n    at o.fire (/home/felipe/.vscode/extensions/uqbar.wollok-lsp-ide-0.3.6/out/server/src/server.js:3:157970)\n    at /home/felipe/.vscode/extensions/uqbar.wollok-lsp-ide-0.3.6/out/server/src/server.js:37:57871\n    at Vr (/home/felipe/.vscode/extensions/uqbar.wollok-lsp-ide-0.3.6/out/server/src/server.js:8:1561)","timestamp":"2024-10-14T23:31:56.884Z"}
{"level":"error","message":"✘ Failed to rebuild document Failed to parse testGranja.wtest: \n-- PARSING FAILED --------------------------------------------------\n\n  52 | \n  53 |   test \"Re\"\n> 54 | }\n     | ^\n\nExpected one of the following: \n\n'@', '{', comment, whitespace\n","stack":"Error: Failed to parse testGranja.wtest: \n-- PARSING FAILED --------------------------------------------------\n\n  52 | \n  53 |   test \"Re\"\n> 54 | }\n     | ^\n\nExpected one of the following: \n\n'@', '{', comment, whitespace\n\n    at /home/felipe/.vscode/extensions/uqbar.wollok-lsp-ide-0.3.6/out/server/src/server.js:2254:32415\n    at Array.map (<anonymous>)\n    at Jfn (/home/felipe/.vscode/extensions/uqbar.wollok-lsp-ide-0.3.6/out/server/src/server.js:2254:32339)\n    at k2.buildEnvironmentFrom (/home/felipe/.vscode/extensions/uqbar.wollok-lsp-ide-0.3.6/out/server/src/server.js:2285:6721)\n    at k2.updateEnvironmentWith (/home/felipe/.vscode/extensions/uqbar.wollok-lsp-ide-0.3.6/out/server/src/server.js:2285:6456)\n    at jL (/home/felipe/.vscode/extensions/uqbar.wollok-lsp-ide-0.3.6/out/server/src/server.js:2298:2292)\n    at v3.invoke (/home/felipe/.vscode/extensions/uqbar.wollok-lsp-ide-0.3.6/out/server/src/server.js:3:157200)\n    at o.fire (/home/felipe/.vscode/extensions/uqbar.wollok-lsp-ide-0.3.6/out/server/src/server.js:3:157970)\n    at /home/felipe/.vscode/extensions/uqbar.wollok-lsp-ide-0.3.6/out/server/src/server.js:37:57871\n    at Vr (/home/felipe/.vscode/extensions/uqbar.wollok-lsp-ide-0.3.6/out/server/src/server.js:8:1561)","timestamp":"2024-10-14T23:31:57.222Z"}
{"level":"error","message":"✘ Failed to rebuild document Failed to parse testGranja.wtest: \n-- PARSING FAILED --------------------------------------------------\n\n  52 | \n  53 |   test \"Reg\"\n> 54 | }\n     | ^\n\nExpected one of the following: \n\n'@', '{', comment, whitespace\n","stack":"Error: Failed to parse testGranja.wtest: \n-- PARSING FAILED --------------------------------------------------\n\n  52 | \n  53 |   test \"Reg\"\n> 54 | }\n     | ^\n\nExpected one of the following: \n\n'@', '{', comment, whitespace\n\n    at /home/felipe/.vscode/extensions/uqbar.wollok-lsp-ide-0.3.6/out/server/src/server.js:2254:32415\n    at Array.map (<anonymous>)\n    at Jfn (/home/felipe/.vscode/extensions/uqbar.wollok-lsp-ide-0.3.6/out/server/src/server.js:2254:32339)\n    at k2.buildEnvironmentFrom (/home/felipe/.vscode/extensions/uqbar.wollok-lsp-ide-0.3.6/out/server/src/server.js:2285:6721)\n    at k2.updateEnvironmentWith (/home/felipe/.vscode/extensions/uqbar.wollok-lsp-ide-0.3.6/out/server/src/server.js:2285:6456)\n    at jL (/home/felipe/.vscode/extensions/uqbar.wollok-lsp-ide-0.3.6/out/server/src/server.js:2298:2292)\n    at v3.invoke (/home/felipe/.vscode/extensions/uqbar.wollok-lsp-ide-0.3.6/out/server/src/server.js:3:157200)\n    at o.fire (/home/felipe/.vscode/extensions/uqbar.wollok-lsp-ide-0.3.6/out/server/src/server.js:3:157970)\n    at /home/felipe/.vscode/extensions/uqbar.wollok-lsp-ide-0.3.6/out/server/src/server.js:37:57871\n    at Vr (/home/felipe/.vscode/extensions/uqbar.wollok-lsp-ide-0.3.6/out/server/src/server.js:8:1561)","timestamp":"2024-10-14T23:31:57.709Z"}
{"level":"error","message":"✘ Failed to rebuild document Failed to parse testGranja.wtest: \n-- PARSING FAILED --------------------------------------------------\n\n  52 | \n  53 |   test \"Rega\"\n> 54 | }\n     | ^\n\nExpected one of the following: \n\n'@', '{', comment, whitespace\n","stack":"Error: Failed to parse testGranja.wtest: \n-- PARSING FAILED --------------------------------------------------\n\n  52 | \n  53 |   test \"Rega\"\n> 54 | }\n     | ^\n\nExpected one of the following: \n\n'@', '{', comment, whitespace\n\n    at /home/felipe/.vscode/extensions/uqbar.wollok-lsp-ide-0.3.6/out/server/src/server.js:2254:32415\n    at Array.map (<anonymous>)\n    at Jfn (/home/felipe/.vscode/extensions/uqbar.wollok-lsp-ide-0.3.6/out/server/src/server.js:2254:32339)\n    at k2.buildEnvironmentFrom (/home/felipe/.vscode/extensions/uqbar.wollok-lsp-ide-0.3.6/out/server/src/server.js:2285:6721)\n    at k2.updateEnvironmentWith (/home/felipe/.vscode/extensions/uqbar.wollok-lsp-ide-0.3.6/out/server/src/server.js:2285:6456)\n    at jL (/home/felipe/.vscode/extensions/uqbar.wollok-lsp-ide-0.3.6/out/server/src/server.js:2298:2292)\n    at v3.invoke (/home/felipe/.vscode/extensions/uqbar.wollok-lsp-ide-0.3.6/out/server/src/server.js:3:157200)\n    at o.fire (/home/felipe/.vscode/extensions/uqbar.wollok-lsp-ide-0.3.6/out/server/src/server.js:3:157970)\n    at /home/felipe/.vscode/extensions/uqbar.wollok-lsp-ide-0.3.6/out/server/src/server.js:37:57871\n    at Vr (/home/felipe/.vscode/extensions/uqbar.wollok-lsp-ide-0.3.6/out/server/src/server.js:8:1561)","timestamp":"2024-10-14T23:31:57.750Z"}
{"level":"error","message":"✘ Failed to rebuild document Failed to parse testGranja.wtest: \n-- PARSING FAILED --------------------------------------------------\n\n  52 | \n  53 |   test \"Regar\"\n> 54 | }\n     | ^\n\nExpected one of the following: \n\n'@', '{', comment, whitespace\n","stack":"Error: Failed to parse testGranja.wtest: \n-- PARSING FAILED --------------------------------------------------\n\n  52 | \n  53 |   test \"Regar\"\n> 54 | }\n     | ^\n\nExpected one of the following: \n\n'@', '{', comment, whitespace\n\n    at /home/felipe/.vscode/extensions/uqbar.wollok-lsp-ide-0.3.6/out/server/src/server.js:2254:32415\n    at Array.map (<anonymous>)\n    at Jfn (/home/felipe/.vscode/extensions/uqbar.wollok-lsp-ide-0.3.6/out/server/src/server.js:2254:32339)\n    at k2.buildEnvironmentFrom (/home/felipe/.vscode/extensions/uqbar.wollok-lsp-ide-0.3.6/out/server/src/server.js:2285:6721)\n    at k2.updateEnvironmentWith (/home/felipe/.vscode/extensions/uqbar.wollok-lsp-ide-0.3.6/out/server/src/server.js:2285:6456)\n    at jL (/home/felipe/.vscode/extensions/uqbar.wollok-lsp-ide-0.3.6/out/server/src/server.js:2298:2292)\n    at v3.invoke (/home/felipe/.vscode/extensions/uqbar.wollok-lsp-ide-0.3.6/out/server/src/server.js:3:157200)\n    at o.fire (/home/felipe/.vscode/extensions/uqbar.wollok-lsp-ide-0.3.6/out/server/src/server.js:3:157970)\n    at /home/felipe/.vscode/extensions/uqbar.wollok-lsp-ide-0.3.6/out/server/src/server.js:37:57871\n    at Vr (/home/felipe/.vscode/extensions/uqbar.wollok-lsp-ide-0.3.6/out/server/src/server.js:8:1561)","timestamp":"2024-10-14T23:31:57.843Z"}
{"level":"error","message":"✘ Failed to rebuild document Failed to parse testGranja.wtest: \n-- PARSING FAILED --------------------------------------------------\n\n  52 | \n  53 |   test \"Regar \"\n> 54 | }\n     | ^\n\nExpected one of the following: \n\n'@', '{', comment, whitespace\n","stack":"Error: Failed to parse testGranja.wtest: \n-- PARSING FAILED --------------------------------------------------\n\n  52 | \n  53 |   test \"Regar \"\n> 54 | }\n     | ^\n\nExpected one of the following: \n\n'@', '{', comment, whitespace\n\n    at /home/felipe/.vscode/extensions/uqbar.wollok-lsp-ide-0.3.6/out/server/src/server.js:2254:32415\n    at Array.map (<anonymous>)\n    at Jfn (/home/felipe/.vscode/extensions/uqbar.wollok-lsp-ide-0.3.6/out/server/src/server.js:2254:32339)\n    at k2.buildEnvironmentFrom (/home/felipe/.vscode/extensions/uqbar.wollok-lsp-ide-0.3.6/out/server/src/server.js:2285:6721)\n    at k2.updateEnvironmentWith (/home/felipe/.vscode/extensions/uqbar.wollok-lsp-ide-0.3.6/out/server/src/server.js:2285:6456)\n    at jL (/home/felipe/.vscode/extensions/uqbar.wollok-lsp-ide-0.3.6/out/server/src/server.js:2298:2292)\n    at v3.invoke (/home/felipe/.vscode/extensions/uqbar.wollok-lsp-ide-0.3.6/out/server/src/server.js:3:157200)\n    at o.fire (/home/felipe/.vscode/extensions/uqbar.wollok-lsp-ide-0.3.6/out/server/src/server.js:3:157970)\n    at /home/felipe/.vscode/extensions/uqbar.wollok-lsp-ide-0.3.6/out/server/src/server.js:37:57871\n    at Vr (/home/felipe/.vscode/extensions/uqbar.wollok-lsp-ide-0.3.6/out/server/src/server.js:8:1561)","timestamp":"2024-10-14T23:31:58.031Z"}
{"level":"error","message":"✘ Failed to rebuild document Failed to parse testGranja.wtest: \n-- PARSING FAILED --------------------------------------------------\n\n  52 | \n  53 |   test \"Regar d\"\n> 54 | }\n     | ^\n\nExpected one of the following: \n\n'@', '{', comment, whitespace\n","stack":"Error: Failed to parse testGranja.wtest: \n-- PARSING FAILED --------------------------------------------------\n\n  52 | \n  53 |   test \"Regar d\"\n> 54 | }\n     | ^\n\nExpected one of the following: \n\n'@', '{', comment, whitespace\n\n    at /home/felipe/.vscode/extensions/uqbar.wollok-lsp-ide-0.3.6/out/server/src/server.js:2254:32415\n    at Array.map (<anonymous>)\n    at Jfn (/home/felipe/.vscode/extensions/uqbar.wollok-lsp-ide-0.3.6/out/server/src/server.js:2254:32339)\n    at k2.buildEnvironmentFrom (/home/felipe/.vscode/extensions/uqbar.wollok-lsp-ide-0.3.6/out/server/src/server.js:2285:6721)\n    at k2.updateEnvironmentWith (/home/felipe/.vscode/extensions/uqbar.wollok-lsp-ide-0.3.6/out/server/src/server.js:2285:6456)\n    at jL (/home/felipe/.vscode/extensions/uqbar.wollok-lsp-ide-0.3.6/out/server/src/server.js:2298:2292)\n    at v3.invoke (/home/felipe/.vscode/extensions/uqbar.wollok-lsp-ide-0.3.6/out/server/src/server.js:3:157200)\n    at o.fire (/home/felipe/.vscode/extensions/uqbar.wollok-lsp-ide-0.3.6/out/server/src/server.js:3:157970)\n    at /home/felipe/.vscode/extensions/uqbar.wollok-lsp-ide-0.3.6/out/server/src/server.js:37:57871\n    at Vr (/home/felipe/.vscode/extensions/uqbar.wollok-lsp-ide-0.3.6/out/server/src/server.js:8:1561)","timestamp":"2024-10-14T23:31:58.154Z"}
{"level":"error","message":"✘ Failed to rebuild document Failed to parse testGranja.wtest: \n-- PARSING FAILED --------------------------------------------------\n\n  52 | \n  53 |   test \"Regar de\"\n> 54 | }\n     | ^\n\nExpected one of the following: \n\n'@', '{', comment, whitespace\n","stack":"Error: Failed to parse testGranja.wtest: \n-- PARSING FAILED --------------------------------------------------\n\n  52 | \n  53 |   test \"Regar de\"\n> 54 | }\n     | ^\n\nExpected one of the following: \n\n'@', '{', comment, whitespace\n\n    at /home/felipe/.vscode/extensions/uqbar.wollok-lsp-ide-0.3.6/out/server/src/server.js:2254:32415\n    at Array.map (<anonymous>)\n    at Jfn (/home/felipe/.vscode/extensions/uqbar.wollok-lsp-ide-0.3.6/out/server/src/server.js:2254:32339)\n    at k2.buildEnvironmentFrom (/home/felipe/.vscode/extensions/uqbar.wollok-lsp-ide-0.3.6/out/server/src/server.js:2285:6721)\n    at k2.updateEnvironmentWith (/home/felipe/.vscode/extensions/uqbar.wollok-lsp-ide-0.3.6/out/server/src/server.js:2285:6456)\n    at jL (/home/felipe/.vscode/extensions/uqbar.wollok-lsp-ide-0.3.6/out/server/src/server.js:2298:2292)\n    at v3.invoke (/home/felipe/.vscode/extensions/uqbar.wollok-lsp-ide-0.3.6/out/server/src/server.js:3:157200)\n    at o.fire (/home/felipe/.vscode/extensions/uqbar.wollok-lsp-ide-0.3.6/out/server/src/server.js:3:157970)\n    at /home/felipe/.vscode/extensions/uqbar.wollok-lsp-ide-0.3.6/out/server/src/server.js:37:57871\n    at Vr (/home/felipe/.vscode/extensions/uqbar.wollok-lsp-ide-0.3.6/out/server/src/server.js:8:1561)","timestamp":"2024-10-14T23:31:58.231Z"}
{"level":"error","message":"✘ Failed to rebuild document Failed to parse testGranja.wtest: \n-- PARSING FAILED --------------------------------------------------\n\n  52 | \n  53 |   test \"Regar de \"\n> 54 | }\n     | ^\n\nExpected one of the following: \n\n'@', '{', comment, whitespace\n","stack":"Error: Failed to parse testGranja.wtest: \n-- PARSING FAILED --------------------------------------------------\n\n  52 | \n  53 |   test \"Regar de \"\n> 54 | }\n     | ^\n\nExpected one of the following: \n\n'@', '{', comment, whitespace\n\n    at /home/felipe/.vscode/extensions/uqbar.wollok-lsp-ide-0.3.6/out/server/src/server.js:2254:32415\n    at Array.map (<anonymous>)\n    at Jfn (/home/felipe/.vscode/extensions/uqbar.wollok-lsp-ide-0.3.6/out/server/src/server.js:2254:32339)\n    at k2.buildEnvironmentFrom (/home/felipe/.vscode/extensions/uqbar.wollok-lsp-ide-0.3.6/out/server/src/server.js:2285:6721)\n    at k2.updateEnvironmentWith (/home/felipe/.vscode/extensions/uqbar.wollok-lsp-ide-0.3.6/out/server/src/server.js:2285:6456)\n    at jL (/home/felipe/.vscode/extensions/uqbar.wollok-lsp-ide-0.3.6/out/server/src/server.js:2298:2292)\n    at v3.invoke (/home/felipe/.vscode/extensions/uqbar.wollok-lsp-ide-0.3.6/out/server/src/server.js:3:157200)\n    at o.fire (/home/felipe/.vscode/extensions/uqbar.wollok-lsp-ide-0.3.6/out/server/src/server.js:3:157970)\n    at /home/felipe/.vscode/extensions/uqbar.wollok-lsp-ide-0.3.6/out/server/src/server.js:37:57871\n    at Vr (/home/felipe/.vscode/extensions/uqbar.wollok-lsp-ide-0.3.6/out/server/src/server.js:8:1561)","timestamp":"2024-10-14T23:31:58.302Z"}
{"level":"error","message":"✘ Failed to rebuild document Failed to parse testGranja.wtest: \n-- PARSING FAILED --------------------------------------------------\n\n  52 | \n  53 |   test \"Regar de m\"\n> 54 | }\n     | ^\n\nExpected one of the following: \n\n'@', '{', comment, whitespace\n","stack":"Error: Failed to parse testGranja.wtest: \n-- PARSING FAILED --------------------------------------------------\n\n  52 | \n  53 |   test \"Regar de m\"\n> 54 | }\n     | ^\n\nExpected one of the following: \n\n'@', '{', comment, whitespace\n\n    at /home/felipe/.vscode/extensions/uqbar.wollok-lsp-ide-0.3.6/out/server/src/server.js:2254:32415\n    at Array.map (<anonymous>)\n    at Jfn (/home/felipe/.vscode/extensions/uqbar.wollok-lsp-ide-0.3.6/out/server/src/server.js:2254:32339)\n    at k2.buildEnvironmentFrom (/home/felipe/.vscode/extensions/uqbar.wollok-lsp-ide-0.3.6/out/server/src/server.js:2285:6721)\n    at k2.updateEnvironmentWith (/home/felipe/.vscode/extensions/uqbar.wollok-lsp-ide-0.3.6/out/server/src/server.js:2285:6456)\n    at jL (/home/felipe/.vscode/extensions/uqbar.wollok-lsp-ide-0.3.6/out/server/src/server.js:2298:2292)\n    at v3.invoke (/home/felipe/.vscode/extensions/uqbar.wollok-lsp-ide-0.3.6/out/server/src/server.js:3:157200)\n    at o.fire (/home/felipe/.vscode/extensions/uqbar.wollok-lsp-ide-0.3.6/out/server/src/server.js:3:157970)\n    at /home/felipe/.vscode/extensions/uqbar.wollok-lsp-ide-0.3.6/out/server/src/server.js:37:57871\n    at Vr (/home/felipe/.vscode/extensions/uqbar.wollok-lsp-ide-0.3.6/out/server/src/server.js:8:1561)","timestamp":"2024-10-14T23:31:58.551Z"}
{"level":"error","message":"✘ Failed to rebuild document Failed to parse testGranja.wtest: \n-- PARSING FAILED --------------------------------------------------\n\n  52 | \n  53 |   test \"Regar de ma\"\n> 54 | }\n     | ^\n\nExpected one of the following: \n\n'@', '{', comment, whitespace\n","stack":"Error: Failed to parse testGranja.wtest: \n-- PARSING FAILED --------------------------------------------------\n\n  52 | \n  53 |   test \"Regar de ma\"\n> 54 | }\n     | ^\n\nExpected one of the following: \n\n'@', '{', comment, whitespace\n\n    at /home/felipe/.vscode/extensions/uqbar.wollok-lsp-ide-0.3.6/out/server/src/server.js:2254:32415\n    at Array.map (<anonymous>)\n    at Jfn (/home/felipe/.vscode/extensions/uqbar.wollok-lsp-ide-0.3.6/out/server/src/server.js:2254:32339)\n    at k2.buildEnvironmentFrom (/home/felipe/.vscode/extensions/uqbar.wollok-lsp-ide-0.3.6/out/server/src/server.js:2285:6721)\n    at k2.updateEnvironmentWith (/home/felipe/.vscode/extensions/uqbar.wollok-lsp-ide-0.3.6/out/server/src/server.js:2285:6456)\n    at jL (/home/felipe/.vscode/extensions/uqbar.wollok-lsp-ide-0.3.6/out/server/src/server.js:2298:2292)\n    at v3.invoke (/home/felipe/.vscode/extensions/uqbar.wollok-lsp-ide-0.3.6/out/server/src/server.js:3:157200)\n    at o.fire (/home/felipe/.vscode/extensions/uqbar.wollok-lsp-ide-0.3.6/out/server/src/server.js:3:157970)\n    at /home/felipe/.vscode/extensions/uqbar.wollok-lsp-ide-0.3.6/out/server/src/server.js:37:57871\n    at Vr (/home/felipe/.vscode/extensions/uqbar.wollok-lsp-ide-0.3.6/out/server/src/server.js:8:1561)","timestamp":"2024-10-14T23:31:58.606Z"}
{"level":"error","message":"✘ Failed to rebuild document Failed to parse testGranja.wtest: \n-- PARSING FAILED --------------------------------------------------\n\n  52 | \n  53 |   test \"Regar de mas\"\n> 54 | }\n     | ^\n\nExpected one of the following: \n\n'@', '{', comment, whitespace\n","stack":"Error: Failed to parse testGranja.wtest: \n-- PARSING FAILED --------------------------------------------------\n\n  52 | \n  53 |   test \"Regar de mas\"\n> 54 | }\n     | ^\n\nExpected one of the following: \n\n'@', '{', comment, whitespace\n\n    at /home/felipe/.vscode/extensions/uqbar.wollok-lsp-ide-0.3.6/out/server/src/server.js:2254:32415\n    at Array.map (<anonymous>)\n    at Jfn (/home/felipe/.vscode/extensions/uqbar.wollok-lsp-ide-0.3.6/out/server/src/server.js:2254:32339)\n    at k2.buildEnvironmentFrom (/home/felipe/.vscode/extensions/uqbar.wollok-lsp-ide-0.3.6/out/server/src/server.js:2285:6721)\n    at k2.updateEnvironmentWith (/home/felipe/.vscode/extensions/uqbar.wollok-lsp-ide-0.3.6/out/server/src/server.js:2285:6456)\n    at jL (/home/felipe/.vscode/extensions/uqbar.wollok-lsp-ide-0.3.6/out/server/src/server.js:2298:2292)\n    at v3.invoke (/home/felipe/.vscode/extensions/uqbar.wollok-lsp-ide-0.3.6/out/server/src/server.js:3:157200)\n    at o.fire (/home/felipe/.vscode/extensions/uqbar.wollok-lsp-ide-0.3.6/out/server/src/server.js:3:157970)\n    at /home/felipe/.vscode/extensions/uqbar.wollok-lsp-ide-0.3.6/out/server/src/server.js:37:57871\n    at Vr (/home/felipe/.vscode/extensions/uqbar.wollok-lsp-ide-0.3.6/out/server/src/server.js:8:1561)","timestamp":"2024-10-14T23:31:59.091Z"}
{"level":"error","message":"✘ Failed to rebuild document Failed to parse testGranja.wtest: \n-- PARSING FAILED --------------------------------------------------\n\n  52 | \n  53 |   test \"Regar de mas\" \n> 54 | }\n     | ^\n\nExpected one of the following: \n\n'@', '{', comment, whitespace\n","stack":"Error: Failed to parse testGranja.wtest: \n-- PARSING FAILED --------------------------------------------------\n\n  52 | \n  53 |   test \"Regar de mas\" \n> 54 | }\n     | ^\n\nExpected one of the following: \n\n'@', '{', comment, whitespace\n\n    at /home/felipe/.vscode/extensions/uqbar.wollok-lsp-ide-0.3.6/out/server/src/server.js:2254:32415\n    at Array.map (<anonymous>)\n    at Jfn (/home/felipe/.vscode/extensions/uqbar.wollok-lsp-ide-0.3.6/out/server/src/server.js:2254:32339)\n    at k2.buildEnvironmentFrom (/home/felipe/.vscode/extensions/uqbar.wollok-lsp-ide-0.3.6/out/server/src/server.js:2285:6721)\n    at k2.updateEnvironmentWith (/home/felipe/.vscode/extensions/uqbar.wollok-lsp-ide-0.3.6/out/server/src/server.js:2285:6456)\n    at jL (/home/felipe/.vscode/extensions/uqbar.wollok-lsp-ide-0.3.6/out/server/src/server.js:2298:2292)\n    at v3.invoke (/home/felipe/.vscode/extensions/uqbar.wollok-lsp-ide-0.3.6/out/server/src/server.js:3:157200)\n    at o.fire (/home/felipe/.vscode/extensions/uqbar.wollok-lsp-ide-0.3.6/out/server/src/server.js:3:157970)\n    at /home/felipe/.vscode/extensions/uqbar.wollok-lsp-ide-0.3.6/out/server/src/server.js:37:57871\n    at Vr (/home/felipe/.vscode/extensions/uqbar.wollok-lsp-ide-0.3.6/out/server/src/server.js:8:1561)","timestamp":"2024-10-14T23:32:00.741Z"}
{"level":"info","message":"⌛ Building environment","timeElapsed":242,"timestamp":"2024-10-14T23:32:01.005Z"}
{"level":"info","message":"⌛ Building environment","timeElapsed":165,"timestamp":"2024-10-14T23:32:01.171Z"}
{"level":"info","message":"⌛ Validating testGranja.wtest","timeElapsed":221,"timestamp":"2024-10-14T23:32:01.392Z"}
{"level":"info","message":"⌛ Validating testGranja.wtest","timeElapsed":215,"timestamp":"2024-10-14T23:32:01.657Z"}
{"level":"info","message":"⌛ Building environment","timeElapsed":221,"timestamp":"2024-10-14T23:32:16.923Z"}
{"level":"info","message":"⌛ Validating testGranja.wtest","timeElapsed":213,"timestamp":"2024-10-14T23:32:17.138Z"}
{"level":"info","message":"⌛ Building environment","timeElapsed":232,"timestamp":"2024-10-14T23:32:19.130Z"}
{"level":"info","message":"⌛ Validating testGranja.wtest","timeElapsed":236,"timestamp":"2024-10-14T23:32:19.367Z"}
{"level":"info","message":"⌛ Building environment","timeElapsed":193,"timestamp":"2024-10-14T23:32:20.512Z"}
{"level":"info","message":"⌛ Building environment","timeElapsed":260,"timestamp":"2024-10-14T23:32:20.774Z"}
{"level":"info","message":"⌛ Validating testGranja.wtest","timeElapsed":241,"timestamp":"2024-10-14T23:32:21.032Z"}
{"level":"info","message":"⌛ Building environment","timeElapsed":170,"timestamp":"2024-10-14T23:32:21.203Z"}
{"level":"info","message":"⌛ Building environment","timeElapsed":267,"timestamp":"2024-10-14T23:32:21.479Z"}
{"level":"info","message":"⌛ Validating testGranja.wtest","timeElapsed":232,"timestamp":"2024-10-14T23:32:21.711Z"}
{"level":"info","message":"⌛ Building environment","timeElapsed":153,"timestamp":"2024-10-14T23:32:21.864Z"}
{"level":"info","message":"⌛ Building environment","timeElapsed":224,"timestamp":"2024-10-14T23:32:22.146Z"}
{"level":"info","message":"⌛ Validating testGranja.wtest","timeElapsed":238,"timestamp":"2024-10-14T23:32:22.384Z"}
{"level":"info","message":"⌛ Building environment","timeElapsed":167,"timestamp":"2024-10-14T23:32:22.551Z"}
{"level":"info","message":"⌛ Validating testGranja.wtest","timeElapsed":239,"timestamp":"2024-10-14T23:32:22.790Z"}
{"level":"info","message":"⌛ Validating testGranja.wtest","timeElapsed":227,"timestamp":"2024-10-14T23:32:23.071Z"}
{"level":"info","message":"⌛ Building environment","timeElapsed":199,"timestamp":"2024-10-14T23:32:23.270Z"}
{"level":"info","message":"⌛ Validating testGranja.wtest","timeElapsed":212,"timestamp":"2024-10-14T23:32:23.483Z"}
{"level":"info","message":"⌛ Building environment","timeElapsed":196,"timestamp":"2024-10-14T23:32:23.679Z"}
{"level":"info","message":"⌛ Building environment","timeElapsed":188,"timestamp":"2024-10-14T23:32:23.874Z"}
{"level":"info","message":"⌛ Validating testGranja.wtest","timeElapsed":196,"timestamp":"2024-10-14T23:32:24.071Z"}
{"level":"info","message":"⌛ Building environment","timeElapsed":160,"timestamp":"2024-10-14T23:32:24.234Z"}
{"level":"info","message":"⌛ Building environment","timeElapsed":200,"timestamp":"2024-10-14T23:32:24.435Z"}
{"level":"info","message":"⌛ Validating testGranja.wtest","timeElapsed":205,"timestamp":"2024-10-14T23:32:24.654Z"}
{"level":"info","message":"⌛ Validating testGranja.wtest","timeElapsed":217,"timestamp":"2024-10-14T23:32:24.871Z"}
{"level":"info","message":"⌛ Validating testGranja.wtest","timeElapsed":199,"timestamp":"2024-10-14T23:32:25.071Z"}
{"level":"info","message":"⌛ Validating testGranja.wtest","timeElapsed":207,"timestamp":"2024-10-14T23:32:25.279Z"}
{"level":"info","message":"⌛ Validating testGranja.wtest","timeElapsed":228,"timestamp":"2024-10-14T23:32:25.507Z"}
{"level":"info","message":"⌛ Building environment","timeElapsed":157,"timestamp":"2024-10-14T23:32:27.884Z"}
{"level":"info","message":"⌛ Validating testGranja.wtest","timeElapsed":196,"timestamp":"2024-10-14T23:32:28.083Z"}
{"level":"info","message":"⌛ Building environment","timeElapsed":188,"timestamp":"2024-10-14T23:32:29.615Z"}
{"level":"info","message":"⌛ Validating testGranja.wtest","timeElapsed":196,"timestamp":"2024-10-14T23:32:29.816Z"}
{"level":"info","message":"⌛ Building environment","timeElapsed":207,"timestamp":"2024-10-14T23:32:32.359Z"}
{"level":"info","message":"⌛ Building environment","timeElapsed":154,"timestamp":"2024-10-14T23:32:32.561Z"}
{"level":"info","message":"⌛ Validating testGranja.wtest","timeElapsed":212,"timestamp":"2024-10-14T23:32:32.774Z"}
{"level":"info","message":"onRequest - completionItem/resolve","timestamp":"2024-10-14T23:32:32.775Z"}
{"level":"info","message":"⌛ Validating testGranja.wtest","timeElapsed":215,"timestamp":"2024-10-14T23:32:33.001Z"}
{"level":"info","message":"⌛ Building environment","timeElapsed":153,"timestamp":"2024-10-14T23:32:33.156Z"}
{"level":"info","message":"onRequest - completionItem/resolve","timestamp":"2024-10-14T23:32:33.157Z"}
{"level":"info","message":"⌛ Validating testGranja.wtest","timeElapsed":240,"timestamp":"2024-10-14T23:32:33.409Z"}
{"level":"info","message":"⌛ Building environment","timeElapsed":168,"timestamp":"2024-10-14T23:32:33.578Z"}
{"level":"info","message":"onRequest - completionItem/resolve","timestamp":"2024-10-14T23:32:33.578Z"}
{"level":"info","message":"⌛ Building environment","timeElapsed":191,"timestamp":"2024-10-14T23:32:33.771Z"}
{"level":"info","message":"onRequest - completionItem/resolve","timestamp":"2024-10-14T23:32:33.773Z"}
{"level":"info","message":"⌛ Building environment","timeElapsed":228,"timestamp":"2024-10-14T23:32:34.001Z"}
{"level":"info","message":"onRequest - completionItem/resolve","timestamp":"2024-10-14T23:32:34.002Z"}
{"level":"info","message":"⌛ Validating testGranja.wtest","timeElapsed":275,"timestamp":"2024-10-14T23:32:34.277Z"}
{"level":"info","message":"⌛ Validating testGranja.wtest","timeElapsed":293,"timestamp":"2024-10-14T23:32:34.583Z"}
{"level":"info","message":"⌛ Validating testGranja.wtest","timeElapsed":227,"timestamp":"2024-10-14T23:32:34.812Z"}
{"level":"info","message":"⌛ Building environment","timeElapsed":269,"timestamp":"2024-10-14T23:32:35.083Z"}
{"level":"info","message":"⌛ Building environment","timeElapsed":162,"timestamp":"2024-10-14T23:32:35.288Z"}
{"level":"info","message":"⌛ Building environment","timeElapsed":225,"timestamp":"2024-10-14T23:32:35.524Z"}
{"level":"info","message":"⌛ Building environment","timeElapsed":249,"timestamp":"2024-10-14T23:32:35.775Z"}
{"level":"info","message":"⌛ Building environment","timeElapsed":318,"timestamp":"2024-10-14T23:32:36.094Z"}
{"level":"info","message":"⌛ Validating testGranja.wtest","timeElapsed":242,"timestamp":"2024-10-14T23:32:36.345Z"}
{"level":"info","message":"onRequest - completionItem/resolve","timestamp":"2024-10-14T23:32:36.347Z"}
{"level":"info","message":"⌛ Validating testGranja.wtest","timeElapsed":229,"timestamp":"2024-10-14T23:32:36.577Z"}
{"level":"info","message":"⌛ Validating testGranja.wtest","timeElapsed":201,"timestamp":"2024-10-14T23:32:36.778Z"}
{"level":"info","message":"⌛ Building environment","timeElapsed":164,"timestamp":"2024-10-14T23:32:36.943Z"}
{"level":"info","message":"onRequest - completionItem/resolve","timestamp":"2024-10-14T23:32:36.943Z"}
{"level":"info","message":"⌛ Validating testGranja.wtest","timeElapsed":222,"timestamp":"2024-10-14T23:32:37.165Z"}
{"level":"info","message":"⌛ Validating testGranja.wtest","timeElapsed":217,"timestamp":"2024-10-14T23:32:37.391Z"}
{"level":"info","message":"⌛ Building environment","timeElapsed":161,"timestamp":"2024-10-14T23:32:37.554Z"}
{"level":"info","message":"⌛ Validating testGranja.wtest","timeElapsed":210,"timestamp":"2024-10-14T23:32:37.776Z"}
{"level":"info","message":"⌛ Validating testGranja.wtest","timeElapsed":205,"timestamp":"2024-10-14T23:32:37.982Z"}
{"level":"info","message":"⌛ Building environment","timeElapsed":168,"timestamp":"2024-10-14T23:32:41.788Z"}
{"level":"info","message":"⌛ Validating testGranja.wtest","timeElapsed":243,"timestamp":"2024-10-14T23:32:42.033Z"}
{"level":"info","message":"⌛ Building environment","timeElapsed":153,"timestamp":"2024-10-14T23:32:42.186Z"}
{"level":"info","message":"⌛ Validating testGranja.wtest","timeElapsed":185,"timestamp":"2024-10-14T23:32:42.383Z"}
{"level":"info","message":"⌛ Building environment","timeElapsed":206,"timestamp":"2024-10-14T23:32:44.020Z"}
{"level":"info","message":"⌛ Validating testGranja.wtest","timeElapsed":213,"timestamp":"2024-10-14T23:32:44.235Z"}
{"level":"info","message":"⌛ Building environment","timeElapsed":158,"timestamp":"2024-10-14T23:32:44.401Z"}
{"level":"info","message":"⌛ Validating testGranja.wtest","timeElapsed":232,"timestamp":"2024-10-14T23:32:44.640Z"}
{"level":"info","message":"⌛ Building environment","timeElapsed":200,"timestamp":"2024-10-14T23:32:44.841Z"}
{"level":"info","message":"⌛ Building environment","timeElapsed":173,"timestamp":"2024-10-14T23:32:45.015Z"}
{"level":"info","message":"⌛ Validating testGranja.wtest","timeElapsed":292,"timestamp":"2024-10-14T23:32:45.307Z"}
{"level":"info","message":"⌛ Building environment","timeElapsed":189,"timestamp":"2024-10-14T23:32:45.500Z"}
{"level":"info","message":"⌛ Validating testGranja.wtest","timeElapsed":222,"timestamp":"2024-10-14T23:32:45.727Z"}
{"level":"info","message":"⌛ Building environment","timeElapsed":153,"timestamp":"2024-10-14T23:32:45.892Z"}
{"level":"info","message":"⌛ Building environment","timeElapsed":145,"timestamp":"2024-10-14T23:32:46.043Z"}
{"level":"info","message":"⌛ Validating testGranja.wtest","timeElapsed":195,"timestamp":"2024-10-14T23:32:46.242Z"}
{"level":"info","message":"⌛ Building environment","timeElapsed":149,"timestamp":"2024-10-14T23:32:46.404Z"}
{"level":"info","message":"⌛ Validating testGranja.wtest","timeElapsed":189,"timestamp":"2024-10-14T23:32:46.602Z"}
{"level":"info","message":"⌛ Validating testGranja.wtest","timeElapsed":206,"timestamp":"2024-10-14T23:32:46.811Z"}
{"level":"info","message":"⌛ Validating testGranja.wtest","timeElapsed":196,"timestamp":"2024-10-14T23:32:47.007Z"}
{"level":"info","message":"⌛ Building environment","timeElapsed":155,"timestamp":"2024-10-14T23:32:47.317Z"}
{"level":"info","message":"⌛ Validating testGranja.wtest","timeElapsed":201,"timestamp":"2024-10-14T23:32:47.519Z"}
{"level":"info","message":"⌛ Building environment","timeElapsed":210,"timestamp":"2024-10-14T23:32:48.359Z"}
{"level":"info","message":"⌛ Validating testGranja.wtest","timeElapsed":201,"timestamp":"2024-10-14T23:32:48.561Z"}
{"level":"info","message":"⌛ Building environment","timeElapsed":247,"timestamp":"2024-10-14T23:33:00.881Z"}
{"level":"info","message":"⌛ Validating testGranja.wtest","timeElapsed":192,"timestamp":"2024-10-14T23:33:01.075Z"}
{"level":"info","message":"⌛ Building environment","timeElapsed":159,"timestamp":"2024-10-14T23:33:01.923Z"}
{"level":"info","message":"⌛ Autocomplete - Reference","timeElapsed":107,"timestamp":"2024-10-14T23:33:02.040Z"}
{"level":"info","message":"⌛ Validating testGranja.wtest","timeElapsed":331,"timestamp":"2024-10-14T23:33:02.372Z"}
{"level":"info","message":"⌛ Building environment","timeElapsed":220,"timestamp":"2024-10-14T23:33:02.592Z"}
{"level":"info","message":"onRequest - completionItem/resolve","timestamp":"2024-10-14T23:33:02.593Z"}
{"level":"info","message":"⌛ Building environment","timeElapsed":171,"timestamp":"2024-10-14T23:33:02.764Z"}
{"level":"info","message":"onRequest - completionItem/resolve","timestamp":"2024-10-14T23:33:02.764Z"}
{"level":"info","message":"⌛ Validating testGranja.wtest","timeElapsed":207,"timestamp":"2024-10-14T23:33:02.981Z"}
{"level":"info","message":"⌛ Validating testGranja.wtest","timeElapsed":242,"timestamp":"2024-10-14T23:33:03.223Z"}
{"level":"info","message":"onRequest - completionItem/resolve","timestamp":"2024-10-14T23:33:03.224Z"}
{"level":"info","message":"⌛ Building environment","timeElapsed":174,"timestamp":"2024-10-14T23:33:03.398Z"}
{"level":"info","message":"⌛ Validating testGranja.wtest","timeElapsed":215,"timestamp":"2024-10-14T23:33:03.614Z"}
{"level":"info","message":"⌛ Building environment","timeElapsed":185,"timestamp":"2024-10-14T23:33:05.665Z"}
{"level":"error","message":"✘ Completions for node failed: Error: [Send]{630996} at testGranja.wtest:58 exhausted all cases without a match [Send]{630996} at testGranja.wtest:58 exhausted all cases without a match","stack":"Error: [Send]{630996} at testGranja.wtest:58 exhausted all cases without a match\n    at /home/felipe/.vscode/extensions/uqbar.wollok-lsp-ide-0.3.6/out/server/src/server.js:38:6067\n    at yh (/home/felipe/.vscode/extensions/uqbar.wollok-lsp-ide-0.3.6/out/server/src/server.js:2291:42)\n    at kh (/home/felipe/.vscode/extensions/uqbar.wollok-lsp-ide-0.3.6/out/server/src/server.js:2291:1004)\n    at Y5n (/home/felipe/.vscode/extensions/uqbar.wollok-lsp-ide-0.3.6/out/server/src/server.js:2291:1160)\n    at /home/felipe/.vscode/extensions/uqbar.wollok-lsp-ide-0.3.6/out/server/src/server.js:38:6056\n    at yh (/home/felipe/.vscode/extensions/uqbar.wollok-lsp-ide-0.3.6/out/server/src/server.js:2291:42)\n    at /home/felipe/.vscode/extensions/uqbar.wollok-lsp-ide-0.3.6/out/server/src/server.js:2291:2700\n    at /home/felipe/.vscode/extensions/uqbar.wollok-lsp-ide-0.3.6/out/server/src/server.js:2298:3774\n    at /home/felipe/.vscode/extensions/uqbar.wollok-lsp-ide-0.3.6/out/server/src/server.js:37:74872\n    at Fe (/home/felipe/.vscode/extensions/uqbar.wollok-lsp-ide-0.3.6/out/server/src/server.js:7:8527)","timestamp":"2024-10-14T23:33:05.706Z"}
{"level":"info","message":"⌛ Validating testGranja.wtest","timeElapsed":197,"timestamp":"2024-10-14T23:33:05.907Z"}
{"level":"info","message":"onRequest - completionItem/resolve","timestamp":"2024-10-14T23:33:05.908Z"}
{"level":"info","message":"⌛ Building environment","timeElapsed":162,"timestamp":"2024-10-14T23:33:06.995Z"}
{"level":"info","message":"⌛ Validating testGranja.wtest","timeElapsed":201,"timestamp":"2024-10-14T23:33:07.197Z"}
{"level":"info","message":"⌛ Building environment","timeElapsed":192,"timestamp":"2024-10-14T23:33:09.313Z"}
{"level":"error","message":"✘ Completions for node failed: Error: [Send]{cc4df0} at testGranja.wtest:58 exhausted all cases without a match [Send]{cc4df0} at testGranja.wtest:58 exhausted all cases without a match","stack":"Error: [Send]{cc4df0} at testGranja.wtest:58 exhausted all cases without a match\n    at /home/felipe/.vscode/extensions/uqbar.wollok-lsp-ide-0.3.6/out/server/src/server.js:38:6067\n    at yh (/home/felipe/.vscode/extensions/uqbar.wollok-lsp-ide-0.3.6/out/server/src/server.js:2291:42)\n    at kh (/home/felipe/.vscode/extensions/uqbar.wollok-lsp-ide-0.3.6/out/server/src/server.js:2291:1004)\n    at Y5n (/home/felipe/.vscode/extensions/uqbar.wollok-lsp-ide-0.3.6/out/server/src/server.js:2291:1160)\n    at /home/felipe/.vscode/extensions/uqbar.wollok-lsp-ide-0.3.6/out/server/src/server.js:38:6056\n    at yh (/home/felipe/.vscode/extensions/uqbar.wollok-lsp-ide-0.3.6/out/server/src/server.js:2291:42)\n    at /home/felipe/.vscode/extensions/uqbar.wollok-lsp-ide-0.3.6/out/server/src/server.js:2291:2700\n    at /home/felipe/.vscode/extensions/uqbar.wollok-lsp-ide-0.3.6/out/server/src/server.js:2298:3774\n    at /home/felipe/.vscode/extensions/uqbar.wollok-lsp-ide-0.3.6/out/server/src/server.js:37:74872\n    at Fe (/home/felipe/.vscode/extensions/uqbar.wollok-lsp-ide-0.3.6/out/server/src/server.js:7:8527)","timestamp":"2024-10-14T23:33:09.351Z"}
{"level":"info","message":"⌛ Building environment","timeElapsed":164,"timestamp":"2024-10-14T23:33:09.521Z"}
{"level":"info","message":"⌛ Validating testGranja.wtest","timeElapsed":225,"timestamp":"2024-10-14T23:33:09.751Z"}
{"level":"info","message":"onRequest - completionItem/resolve","timestamp":"2024-10-14T23:33:09.751Z"}
{"level":"info","message":"⌛ Building environment","timeElapsed":162,"timestamp":"2024-10-14T23:33:09.913Z"}
{"level":"info","message":"onRequest - completionItem/resolve","timestamp":"2024-10-14T23:33:09.914Z"}
{"level":"info","message":"⌛ Validating testGranja.wtest","timeElapsed":237,"timestamp":"2024-10-14T23:33:10.152Z"}
{"level":"info","message":"⌛ Building environment","timeElapsed":183,"timestamp":"2024-10-14T23:33:10.335Z"}
{"level":"info","message":"onRequest - completionItem/resolve","timestamp":"2024-10-14T23:33:10.335Z"}
{"level":"info","message":"⌛ Building environment","timeElapsed":182,"timestamp":"2024-10-14T23:33:10.518Z"}
{"level":"info","message":"onRequest - completionItem/resolve","timestamp":"2024-10-14T23:33:10.519Z"}
{"level":"info","message":"⌛ Validating testGranja.wtest","timeElapsed":215,"timestamp":"2024-10-14T23:33:10.742Z"}
{"level":"info","message":"⌛ Validating testGranja.wtest","timeElapsed":218,"timestamp":"2024-10-14T23:33:10.962Z"}
{"level":"info","message":"⌛ Validating testGranja.wtest","timeElapsed":303,"timestamp":"2024-10-14T23:33:11.265Z"}
{"level":"info","message":"⌛ Building environment","timeElapsed":174,"timestamp":"2024-10-14T23:33:11.441Z"}
{"level":"info","message":"⌛ Building environment","timeElapsed":178,"timestamp":"2024-10-14T23:33:11.656Z"}
{"level":"info","message":"⌛ Building environment","timeElapsed":158,"timestamp":"2024-10-14T23:33:11.815Z"}
{"level":"info","message":"⌛ Building environment","timeElapsed":153,"timestamp":"2024-10-14T23:33:11.968Z"}
{"level":"info","message":"⌛ Validating testGranja.wtest","timeElapsed":252,"timestamp":"2024-10-14T23:33:12.272Z"}
{"level":"info","message":"⌛ Building environment","timeElapsed":203,"timestamp":"2024-10-14T23:33:12.477Z"}
{"level":"info","message":"onRequest - completionItem/resolve","timestamp":"2024-10-14T23:33:12.484Z"}
{"level":"info","message":"⌛ Building environment","timeElapsed":175,"timestamp":"2024-10-14T23:33:12.660Z"}
{"level":"error","message":"✘ Completions for node failed: Error: [Send]{8987d4} at testGranja.wtest:58 exhausted all cases without a match [Send]{8987d4} at testGranja.wtest:58 exhausted all cases without a match","stack":"Error: [Send]{8987d4} at testGranja.wtest:58 exhausted all cases without a match\n    at /home/felipe/.vscode/extensions/uqbar.wollok-lsp-ide-0.3.6/out/server/src/server.js:38:6067\n    at yh (/home/felipe/.vscode/extensions/uqbar.wollok-lsp-ide-0.3.6/out/server/src/server.js:2291:42)\n    at kh (/home/felipe/.vscode/extensions/uqbar.wollok-lsp-ide-0.3.6/out/server/src/server.js:2291:1004)\n    at Y5n (/home/felipe/.vscode/extensions/uqbar.wollok-lsp-ide-0.3.6/out/server/src/server.js:2291:1160)\n    at /home/felipe/.vscode/extensions/uqbar.wollok-lsp-ide-0.3.6/out/server/src/server.js:38:6056\n    at yh (/home/felipe/.vscode/extensions/uqbar.wollok-lsp-ide-0.3.6/out/server/src/server.js:2291:42)\n    at /home/felipe/.vscode/extensions/uqbar.wollok-lsp-ide-0.3.6/out/server/src/server.js:2291:2700\n    at /home/felipe/.vscode/extensions/uqbar.wollok-lsp-ide-0.3.6/out/server/src/server.js:2298:3774\n    at /home/felipe/.vscode/extensions/uqbar.wollok-lsp-ide-0.3.6/out/server/src/server.js:37:74872\n    at Fe (/home/felipe/.vscode/extensions/uqbar.wollok-lsp-ide-0.3.6/out/server/src/server.js:7:8527)","timestamp":"2024-10-14T23:33:12.695Z"}
{"level":"info","message":"⌛ Validating testGranja.wtest","timeElapsed":199,"timestamp":"2024-10-14T23:33:12.899Z"}
{"level":"info","message":"⌛ Validating testGranja.wtest","timeElapsed":210,"timestamp":"2024-10-14T23:33:13.111Z"}
{"level":"info","message":"⌛ Validating testGranja.wtest","timeElapsed":205,"timestamp":"2024-10-14T23:33:13.316Z"}
{"level":"info","message":"⌛ Building environment","timeElapsed":150,"timestamp":"2024-10-14T23:33:13.469Z"}
{"level":"info","message":"⌛ Validating testGranja.wtest","timeElapsed":201,"timestamp":"2024-10-14T23:33:13.684Z"}
{"level":"info","message":"⌛ Validating testGranja.wtest","timeElapsed":210,"timestamp":"2024-10-14T23:33:13.896Z"}
{"level":"info","message":"⌛ Validating testGranja.wtest","timeElapsed":207,"timestamp":"2024-10-14T23:33:14.104Z"}
{"level":"info","message":"⌛ Building environment","timeElapsed":208,"timestamp":"2024-10-14T23:33:31.722Z"}
{"level":"info","message":"⌛ Validating testGranja.wtest","timeElapsed":246,"timestamp":"2024-10-14T23:33:31.970Z"}
{"level":"info","message":"⌛ Building environment","timeElapsed":191,"timestamp":"2024-10-14T23:33:36.650Z"}
{"level":"info","message":"⌛ Validating testGranja.wtest","timeElapsed":195,"timestamp":"2024-10-14T23:33:36.847Z"}
{"level":"info","message":"⌛ Building environment","timeElapsed":176,"timestamp":"2024-10-14T23:33:49.404Z"}
{"level":"info","message":"⌛ Validating testGranja.wtest","timeElapsed":205,"timestamp":"2024-10-14T23:33:49.610Z"}
{"level":"info","message":"⌛ Building environment","timeElapsed":228,"timestamp":"2024-10-14T23:33:51.045Z"}
{"level":"info","message":"⌛ Validating testGranja.wtest","timeElapsed":223,"timestamp":"2024-10-14T23:33:51.277Z"}
{"level":"info","message":"⌛ Building environment","timeElapsed":161,"timestamp":"2024-10-14T23:33:55.984Z"}
{"level":"info","message":"⌛ Validating testGranja.wtest","timeElapsed":234,"timestamp":"2024-10-14T23:33:56.219Z"}
{"level":"info","message":"⌛ Building environment","timeElapsed":170,"timestamp":"2024-10-14T23:33:58.548Z"}
{"level":"info","message":"⌛ Validating testGranja.wtest","timeElapsed":203,"timestamp":"2024-10-14T23:33:58.752Z"}
{"level":"info","message":"⌛ Building environment","timeElapsed":214,"timestamp":"2024-10-14T23:34:00.128Z"}
{"level":"info","message":"⌛ Building environment","timeElapsed":157,"timestamp":"2024-10-14T23:34:00.286Z"}
{"level":"info","message":"⌛ Validating testGranja.wtest","timeElapsed":195,"timestamp":"2024-10-14T23:34:00.482Z"}
{"level":"info","message":"⌛ Validating testGranja.wtest","timeElapsed":196,"timestamp":"2024-10-14T23:34:00.678Z"}
{"level":"info","message":"⌛ Building environment","timeElapsed":181,"timestamp":"2024-10-14T23:34:01.407Z"}
{"level":"info","message":"⌛ Validating testGranja.wtest","timeElapsed":235,"timestamp":"2024-10-14T23:34:01.656Z"}
{"level":"info","message":"⌛ Building environment","timeElapsed":176,"timestamp":"2024-10-14T23:34:03.840Z"}
{"level":"info","message":"⌛ Validating testGranja.wtest","timeElapsed":202,"timestamp":"2024-10-14T23:34:04.044Z"}
{"level":"info","message":"⌛ Building environment","timeElapsed":184,"timestamp":"2024-10-14T23:34:06.047Z"}
{"level":"info","message":"⌛ Building environment","timeElapsed":159,"timestamp":"2024-10-14T23:34:06.252Z"}
{"level":"info","message":"⌛ Validating testGranja.wtest","timeElapsed":194,"timestamp":"2024-10-14T23:34:06.447Z"}
{"level":"info","message":"onRequest - completionItem/resolve","timestamp":"2024-10-14T23:34:06.447Z"}
{"level":"info","message":"⌛ Validating testGranja.wtest","timeElapsed":250,"timestamp":"2024-10-14T23:34:06.706Z"}
{"level":"info","message":"⌛ Building environment","timeElapsed":190,"timestamp":"2024-10-14T23:34:06.897Z"}
{"level":"info","message":"⌛ Validating testGranja.wtest","timeElapsed":203,"timestamp":"2024-10-14T23:34:07.102Z"}
{"level":"info","message":"⌛ Building environment","timeElapsed":166,"timestamp":"2024-10-14T23:34:07.660Z"}
{"level":"info","message":"⌛ Validating testGranja.wtest","timeElapsed":245,"timestamp":"2024-10-14T23:34:08.005Z"}
{"level":"info","message":"onRequest - completionItem/resolve","timestamp":"2024-10-14T23:34:08.006Z"}
{"level":"info","message":"⌛ Building environment","timeElapsed":221,"timestamp":"2024-10-14T23:34:08.532Z"}
{"level":"info","message":"onRequest - completionItem/resolve","timestamp":"2024-10-14T23:34:08.533Z"}
{"level":"info","message":"⌛ Building environment","timeElapsed":170,"timestamp":"2024-10-14T23:34:08.703Z"}
{"level":"info","message":"onRequest - completionItem/resolve","timestamp":"2024-10-14T23:34:08.704Z"}
{"level":"info","message":"⌛ Validating testGranja.wtest","timeElapsed":287,"timestamp":"2024-10-14T23:34:08.991Z"}
{"level":"info","message":"⌛ Validating testGranja.wtest","timeElapsed":226,"timestamp":"2024-10-14T23:34:09.219Z"}
{"level":"info","message":"⌛ Building environment","timeElapsed":185,"timestamp":"2024-10-14T23:34:09.404Z"}
{"level":"info","message":"onRequest - completionItem/resolve","timestamp":"2024-10-14T23:34:09.405Z"}
{"level":"info","message":"⌛ Building environment","timeElapsed":165,"timestamp":"2024-10-14T23:34:09.572Z"}
{"level":"info","message":"onRequest - completionItem/resolve","timestamp":"2024-10-14T23:34:09.572Z"}
{"level":"info","message":"⌛ Building environment","timeElapsed":161,"timestamp":"2024-10-14T23:34:09.733Z"}
{"level":"info","message":"onRequest - completionItem/resolve","timestamp":"2024-10-14T23:34:09.740Z"}
{"level":"info","message":"⌛ Building environment","timeElapsed":195,"timestamp":"2024-10-14T23:34:09.948Z"}
{"level":"info","message":"⌛ Validating testGranja.wtest","timeElapsed":231,"timestamp":"2024-10-14T23:34:10.179Z"}
{"level":"info","message":"⌛ Validating testGranja.wtest","timeElapsed":218,"timestamp":"2024-10-14T23:34:10.399Z"}
{"level":"info","message":"⌛ Validating testGranja.wtest","timeElapsed":210,"timestamp":"2024-10-14T23:34:10.619Z"}
{"level":"info","message":"⌛ Building environment","timeElapsed":161,"timestamp":"2024-10-14T23:34:10.782Z"}
{"level":"error","message":"✘ Completions for node failed: Error: [Send]{d9e7ba} at testGranja.wtest:67 exhausted all cases without a match [Send]{d9e7ba} at testGranja.wtest:67 exhausted all cases without a match","stack":"Error: [Send]{d9e7ba} at testGranja.wtest:67 exhausted all cases without a match\n    at /home/felipe/.vscode/extensions/uqbar.wollok-lsp-ide-0.3.6/out/server/src/server.js:38:6067\n    at yh (/home/felipe/.vscode/extensions/uqbar.wollok-lsp-ide-0.3.6/out/server/src/server.js:2291:42)\n    at kh (/home/felipe/.vscode/extensions/uqbar.wollok-lsp-ide-0.3.6/out/server/src/server.js:2291:1004)\n    at Y5n (/home/felipe/.vscode/extensions/uqbar.wollok-lsp-ide-0.3.6/out/server/src/server.js:2291:1160)\n    at /home/felipe/.vscode/extensions/uqbar.wollok-lsp-ide-0.3.6/out/server/src/server.js:38:6056\n    at yh (/home/felipe/.vscode/extensions/uqbar.wollok-lsp-ide-0.3.6/out/server/src/server.js:2291:42)\n    at /home/felipe/.vscode/extensions/uqbar.wollok-lsp-ide-0.3.6/out/server/src/server.js:2291:2700\n    at /home/felipe/.vscode/extensions/uqbar.wollok-lsp-ide-0.3.6/out/server/src/server.js:2298:3774\n    at /home/felipe/.vscode/extensions/uqbar.wollok-lsp-ide-0.3.6/out/server/src/server.js:37:74872\n    at Fe (/home/felipe/.vscode/extensions/uqbar.wollok-lsp-ide-0.3.6/out/server/src/server.js:7:8527)","timestamp":"2024-10-14T23:34:10.823Z"}
{"level":"info","message":"⌛ Building environment","timeElapsed":166,"timestamp":"2024-10-14T23:34:10.993Z"}
{"level":"info","message":"⌛ Validating testGranja.wtest","timeElapsed":202,"timestamp":"2024-10-14T23:34:11.201Z"}
{"level":"info","message":"⌛ Building environment","timeElapsed":171,"timestamp":"2024-10-14T23:34:11.374Z"}
{"level":"info","message":"⌛ Building environment","timeElapsed":160,"timestamp":"2024-10-14T23:34:11.535Z"}
{"level":"info","message":"⌛ Building environment","timeElapsed":159,"timestamp":"2024-10-14T23:34:11.695Z"}
{"level":"info","message":"⌛ Validating testGranja.wtest","timeElapsed":199,"timestamp":"2024-10-14T23:34:11.901Z"}
{"level":"info","message":"onRequest - completionItem/resolve","timestamp":"2024-10-14T23:34:11.902Z"}
{"level":"info","message":"⌛ Validating testGranja.wtest","timeElapsed":204,"timestamp":"2024-10-14T23:34:12.106Z"}
{"level":"info","message":"⌛ Validating testGranja.wtest","timeElapsed":195,"timestamp":"2024-10-14T23:34:12.301Z"}
{"level":"info","message":"⌛ Validating testGranja.wtest","timeElapsed":191,"timestamp":"2024-10-14T23:34:12.492Z"}
{"level":"info","message":"⌛ Validating testGranja.wtest","timeElapsed":221,"timestamp":"2024-10-14T23:34:12.715Z"}
{"level":"info","message":"⌛ Building environment","timeElapsed":175,"timestamp":"2024-10-14T23:34:12.891Z"}
{"level":"info","message":"⌛ Validating testGranja.wtest","timeElapsed":304,"timestamp":"2024-10-14T23:34:13.210Z"}
{"level":"info","message":"⌛ Building environment","timeElapsed":229,"timestamp":"2024-10-14T23:34:14.794Z"}
{"level":"info","message":"⌛ Building environment","timeElapsed":189,"timestamp":"2024-10-14T23:34:15.034Z"}
{"level":"info","message":"⌛ Validating testGranja.wtest","timeElapsed":263,"timestamp":"2024-10-14T23:34:15.302Z"}
{"level":"info","message":"⌛ Building environment","timeElapsed":168,"timestamp":"2024-10-14T23:34:15.472Z"}
{"level":"info","message":"onRequest - completionItem/resolve","timestamp":"2024-10-14T23:34:15.472Z"}
{"level":"info","message":"⌛ Validating testGranja.wtest","timeElapsed":206,"timestamp":"2024-10-14T23:34:15.678Z"}
{"level":"info","message":"⌛ Building environment","timeElapsed":238,"timestamp":"2024-10-14T23:34:15.917Z"}
{"level":"info","message":"onRequest - completionItem/resolve","timestamp":"2024-10-14T23:34:15.917Z"}
{"level":"info","message":"⌛ Building environment","timeElapsed":161,"timestamp":"2024-10-14T23:34:16.078Z"}
{"level":"info","message":"onRequest - completionItem/resolve","timestamp":"2024-10-14T23:34:16.079Z"}
{"level":"info","message":"⌛ Building environment","timeElapsed":196,"timestamp":"2024-10-14T23:34:16.275Z"}
{"level":"info","message":"onRequest - completionItem/resolve","timestamp":"2024-10-14T23:34:16.280Z"}
{"level":"info","message":"⌛ Validating testGranja.wtest","timeElapsed":240,"timestamp":"2024-10-14T23:34:16.520Z"}
{"level":"info","message":"⌛ Validating testGranja.wtest","timeElapsed":216,"timestamp":"2024-10-14T23:34:16.750Z"}
{"level":"info","message":"⌛ Validating testGranja.wtest","timeElapsed":217,"timestamp":"2024-10-14T23:34:16.968Z"}
{"level":"info","message":"⌛ Building environment","timeElapsed":188,"timestamp":"2024-10-14T23:34:17.157Z"}
{"level":"info","message":"⌛ Validating testGranja.wtest","timeElapsed":199,"timestamp":"2024-10-14T23:34:17.401Z"}
{"level":"info","message":"⌛ Building environment","timeElapsed":176,"timestamp":"2024-10-14T23:34:17.578Z"}
{"level":"info","message":"⌛ Building environment","timeElapsed":165,"timestamp":"2024-10-14T23:34:17.743Z"}
{"level":"info","message":"⌛ Building environment","timeElapsed":149,"timestamp":"2024-10-14T23:34:17.903Z"}
{"level":"info","message":"⌛ Building environment","timeElapsed":172,"timestamp":"2024-10-14T23:34:18.076Z"}
{"level":"info","message":"⌛ Building environment","timeElapsed":189,"timestamp":"2024-10-14T23:34:18.266Z"}
{"level":"info","message":"⌛ Validating testGranja.wtest","timeElapsed":209,"timestamp":"2024-10-14T23:34:18.476Z"}
{"level":"info","message":"onRequest - completionItem/resolve","timestamp":"2024-10-14T23:34:18.477Z"}
{"level":"info","message":"⌛ Validating testGranja.wtest","timeElapsed":233,"timestamp":"2024-10-14T23:34:18.722Z"}
{"level":"info","message":"⌛ Validating testGranja.wtest","timeElapsed":218,"timestamp":"2024-10-14T23:34:18.941Z"}
{"level":"info","message":"⌛ Validating testGranja.wtest","timeElapsed":299,"timestamp":"2024-10-14T23:34:19.241Z"}
{"level":"info","message":"⌛ Building environment","timeElapsed":217,"timestamp":"2024-10-14T23:34:19.460Z"}
{"level":"info","message":"⌛ Validating testGranja.wtest","timeElapsed":238,"timestamp":"2024-10-14T23:34:19.698Z"}
{"level":"info","message":"⌛ Validating testGranja.wtest","timeElapsed":217,"timestamp":"2024-10-14T23:34:19.916Z"}
{"level":"info","message":"⌛ Validating testGranja.wtest","timeElapsed":214,"timestamp":"2024-10-14T23:34:20.141Z"}
{"level":"info","message":"⌛ Building environment","timeElapsed":258,"timestamp":"2024-10-14T23:34:24.615Z"}
{"level":"info","message":"⌛ Validating testGranja.wtest","timeElapsed":250,"timestamp":"2024-10-14T23:34:24.874Z"}
{"level":"info","message":"⌛ Building environment","timeElapsed":179,"timestamp":"2024-10-14T23:34:25.054Z"}
{"level":"info","message":"⌛ Validating testGranja.wtest","timeElapsed":204,"timestamp":"2024-10-14T23:34:25.268Z"}
{"level":"info","message":"⌛ Building environment","timeElapsed":205,"timestamp":"2024-10-14T23:34:25.570Z"}
{"level":"info","message":"⌛ Building environment","timeElapsed":281,"timestamp":"2024-10-14T23:34:25.852Z"}
{"level":"info","message":"⌛ Validating testGranja.wtest","timeElapsed":222,"timestamp":"2024-10-14T23:34:26.075Z"}
{"level":"info","message":"⌛ Validating testGranja.wtest","timeElapsed":198,"timestamp":"2024-10-14T23:34:26.274Z"}
{"level":"info","message":"⌛ Building environment","timeElapsed":185,"timestamp":"2024-10-14T23:34:27.264Z"}
{"level":"info","message":"⌛ Validating testGranja.wtest","timeElapsed":197,"timestamp":"2024-10-14T23:34:27.462Z"}
{"level":"info","message":"⌛ Building environment","timeElapsed":173,"timestamp":"2024-10-14T23:34:34.273Z"}
{"level":"info","message":"⌛ Validating testGranja.wtest","timeElapsed":206,"timestamp":"2024-10-14T23:34:34.481Z"}
{"level":"info","message":"⌛ Building environment","timeElapsed":193,"timestamp":"2024-10-14T23:34:36.034Z"}
{"level":"error","message":"✘ Completions for node failed: Error: [Send]{724f50} at testGranja.wtest:71 exhausted all cases without a match [Send]{724f50} at testGranja.wtest:71 exhausted all cases without a match","stack":"Error: [Send]{724f50} at testGranja.wtest:71 exhausted all cases without a match\n    at /home/felipe/.vscode/extensions/uqbar.wollok-lsp-ide-0.3.6/out/server/src/server.js:38:6067\n    at yh (/home/felipe/.vscode/extensions/uqbar.wollok-lsp-ide-0.3.6/out/server/src/server.js:2291:42)\n    at /home/felipe/.vscode/extensions/uqbar.wollok-lsp-ide-0.3.6/out/server/src/server.js:2291:2700\n    at /home/felipe/.vscode/extensions/uqbar.wollok-lsp-ide-0.3.6/out/server/src/server.js:2298:3774\n    at /home/felipe/.vscode/extensions/uqbar.wollok-lsp-ide-0.3.6/out/server/src/server.js:37:74872\n    at Fe (/home/felipe/.vscode/extensions/uqbar.wollok-lsp-ide-0.3.6/out/server/src/server.js:7:8527)\n    at Pt (/home/felipe/.vscode/extensions/uqbar.wollok-lsp-ide-0.3.6/out/server/src/server.js:7:6189)\n    at Gi (/home/felipe/.vscode/extensions/uqbar.wollok-lsp-ide-0.3.6/out/server/src/server.js:7:6378)\n    at Immediate._onImmediate (/home/felipe/.vscode/extensions/uqbar.wollok-lsp-ide-0.3.6/out/server/src/server.js:7:6142)\n    at process.processImmediate (node:internal/timers:483:21)","timestamp":"2024-10-14T23:34:36.073Z"}
{"level":"info","message":"⌛ Building environment","timeElapsed":206,"timestamp":"2024-10-14T23:34:36.285Z"}
{"level":"info","message":"⌛ Validating testGranja.wtest","timeElapsed":202,"timestamp":"2024-10-14T23:34:36.492Z"}
{"level":"info","message":"⌛ Building environment","timeElapsed":165,"timestamp":"2024-10-14T23:34:36.659Z"}
{"level":"info","message":"onRequest - completionItem/resolve","timestamp":"2024-10-14T23:34:36.659Z"}
{"level":"info","message":"⌛ Building environment","timeElapsed":176,"timestamp":"2024-10-14T23:34:36.835Z"}
{"level":"error","message":"✘ Completions for node failed: Error: [Send]{b5371a} at testGranja.wtest:71 exhausted all cases without a match [Send]{b5371a} at testGranja.wtest:71 exhausted all cases without a match","stack":"Error: [Send]{b5371a} at testGranja.wtest:71 exhausted all cases without a match\n    at /home/felipe/.vscode/extensions/uqbar.wollok-lsp-ide-0.3.6/out/server/src/server.js:38:6067\n    at yh (/home/felipe/.vscode/extensions/uqbar.wollok-lsp-ide-0.3.6/out/server/src/server.js:2291:42)\n    at /home/felipe/.vscode/extensions/uqbar.wollok-lsp-ide-0.3.6/out/server/src/server.js:2291:2700\n    at /home/felipe/.vscode/extensions/uqbar.wollok-lsp-ide-0.3.6/out/server/src/server.js:2298:3774\n    at /home/felipe/.vscode/extensions/uqbar.wollok-lsp-ide-0.3.6/out/server/src/server.js:37:74872\n    at Fe (/home/felipe/.vscode/extensions/uqbar.wollok-lsp-ide-0.3.6/out/server/src/server.js:7:8527)\n    at Pt (/home/felipe/.vscode/extensions/uqbar.wollok-lsp-ide-0.3.6/out/server/src/server.js:7:6189)\n    at Gi (/home/felipe/.vscode/extensions/uqbar.wollok-lsp-ide-0.3.6/out/server/src/server.js:7:6378)\n    at Immediate._onImmediate (/home/felipe/.vscode/extensions/uqbar.wollok-lsp-ide-0.3.6/out/server/src/server.js:7:6142)\n    at process.processImmediate (node:internal/timers:483:21)","timestamp":"2024-10-14T23:34:36.871Z"}
{"level":"info","message":"⌛ Validating testGranja.wtest","timeElapsed":236,"timestamp":"2024-10-14T23:34:37.111Z"}
{"level":"info","message":"⌛ Validating testGranja.wtest","timeElapsed":217,"timestamp":"2024-10-14T23:34:37.330Z"}
{"level":"info","message":"⌛ Validating testGranja.wtest","timeElapsed":225,"timestamp":"2024-10-14T23:34:37.557Z"}
{"level":"info","message":"⌛ Building environment","timeElapsed":198,"timestamp":"2024-10-14T23:34:41.173Z"}
{"level":"info","message":"⌛ Validating testGranja.wtest","timeElapsed":213,"timestamp":"2024-10-14T23:34:41.395Z"}
{"level":"info","message":"⌛ Building environment","timeElapsed":177,"timestamp":"2024-10-14T23:35:06.374Z"}
{"level":"info","message":"⌛ Validating cultivos.wlk","timeElapsed":266,"timestamp":"2024-10-14T23:35:06.641Z"}
{"level":"info","message":"⌛ Building environment","timeElapsed":174,"timestamp":"2024-10-14T23:35:06.823Z"}
{"level":"error","message":"✘ Completions for node failed: Error: cultivos.Maiz.p [Field]{64f86b} at cultivos.wlk:7 exhausted all cases without a match cultivos.Maiz.p [Field]{64f86b} at cultivos.wlk:7 exhausted all cases without a match","stack":"Error: cultivos.Maiz.p [Field]{64f86b} at cultivos.wlk:7 exhausted all cases without a match\n    at /home/felipe/.vscode/extensions/uqbar.wollok-lsp-ide-0.3.6/out/server/src/server.js:38:6067\n    at yh (/home/felipe/.vscode/extensions/uqbar.wollok-lsp-ide-0.3.6/out/server/src/server.js:2291:42)\n    at /home/felipe/.vscode/extensions/uqbar.wollok-lsp-ide-0.3.6/out/server/src/server.js:2291:2700\n    at /home/felipe/.vscode/extensions/uqbar.wollok-lsp-ide-0.3.6/out/server/src/server.js:2298:3774\n    at /home/felipe/.vscode/extensions/uqbar.wollok-lsp-ide-0.3.6/out/server/src/server.js:37:74872\n    at Fe (/home/felipe/.vscode/extensions/uqbar.wollok-lsp-ide-0.3.6/out/server/src/server.js:7:8527)\n    at Pt (/home/felipe/.vscode/extensions/uqbar.wollok-lsp-ide-0.3.6/out/server/src/server.js:7:6189)\n    at Gi (/home/felipe/.vscode/extensions/uqbar.wollok-lsp-ide-0.3.6/out/server/src/server.js:7:6378)\n    at Immediate._onImmediate (/home/felipe/.vscode/extensions/uqbar.wollok-lsp-ide-0.3.6/out/server/src/server.js:7:6142)\n    at process.processImmediate (node:internal/timers:483:21)","timestamp":"2024-10-14T23:35:06.859Z"}
{"level":"info","message":"⌛ Building environment","timeElapsed":151,"timestamp":"2024-10-14T23:35:07.010Z"}
{"level":"info","message":"⌛ Validating cultivos.wlk","timeElapsed":223,"timestamp":"2024-10-14T23:35:07.233Z"}
{"level":"info","message":"onRequest - completionItem/resolve","timestamp":"2024-10-14T23:35:07.234Z"}
{"level":"info","message":"⌛ Validating cultivos.wlk","timeElapsed":274,"timestamp":"2024-10-14T23:35:07.508Z"}
{"level":"info","message":"⌛ Building environment","timeElapsed":159,"timestamp":"2024-10-14T23:35:07.678Z"}
{"level":"info","message":"⌛ Validating cultivos.wlk","timeElapsed":263,"timestamp":"2024-10-14T23:35:07.943Z"}
{"level":"info","message":"⌛ Building environment","timeElapsed":155,"timestamp":"2024-10-14T23:35:08.098Z"}
{"level":"info","message":"⌛ Validating cultivos.wlk","timeElapsed":217,"timestamp":"2024-10-14T23:35:08.327Z"}
{"level":"info","message":"⌛ Building environment","timeElapsed":152,"timestamp":"2024-10-14T23:35:08.506Z"}
{"level":"info","message":"⌛ Building environment","timeElapsed":204,"timestamp":"2024-10-14T23:35:08.718Z"}
{"level":"info","message":"⌛ Validating cultivos.wlk","timeElapsed":212,"timestamp":"2024-10-14T23:35:08.930Z"}
{"level":"info","message":"⌛ Building environment","timeElapsed":147,"timestamp":"2024-10-14T23:35:09.077Z"}
{"level":"info","message":"⌛ Validating cultivos.wlk","timeElapsed":209,"timestamp":"2024-10-14T23:35:09.287Z"}
{"level":"info","message":"⌛ Building environment","timeElapsed":145,"timestamp":"2024-10-14T23:35:09.435Z"}
{"level":"info","message":"⌛ Building environment","timeElapsed":140,"timestamp":"2024-10-14T23:35:09.581Z"}
{"level":"info","message":"⌛ Validating cultivos.wlk","timeElapsed":227,"timestamp":"2024-10-14T23:35:09.808Z"}
{"level":"info","message":"⌛ Building environment","timeElapsed":167,"timestamp":"2024-10-14T23:35:09.977Z"}
{"level":"info","message":"⌛ Validating cultivos.wlk","timeElapsed":225,"timestamp":"2024-10-14T23:35:10.208Z"}
{"level":"info","message":"⌛ Validating cultivos.wlk","timeElapsed":218,"timestamp":"2024-10-14T23:35:10.428Z"}
{"level":"info","message":"⌛ Validating cultivos.wlk","timeElapsed":216,"timestamp":"2024-10-14T23:35:10.646Z"}
{"level":"info","message":"⌛ Building environment","timeElapsed":210,"timestamp":"2024-10-14T23:35:17.090Z"}
{"level":"info","message":"⌛ Validating testGranja.wtest","timeElapsed":243,"timestamp":"2024-10-14T23:35:17.373Z"}
{"level":"info","message":"onRequest - completionItem/resolve","timestamp":"2024-10-14T23:35:17.373Z"}
{"level":"info","message":"⌛ Building environment","timeElapsed":185,"timestamp":"2024-10-14T23:35:20.598Z"}
{"level":"info","message":"onRequest - completionItem/resolve","timestamp":"2024-10-14T23:35:20.599Z"}
{"level":"info","message":"⌛ Building environment","timeElapsed":168,"timestamp":"2024-10-14T23:35:20.767Z"}
{"level":"info","message":"⌛ Validating testGranja.wtest","timeElapsed":201,"timestamp":"2024-10-14T23:35:20.969Z"}
{"level":"info","message":"onRequest - completionItem/resolve","timestamp":"2024-10-14T23:35:20.971Z"}
{"level":"info","message":"⌛ Validating testGranja.wtest","timeElapsed":251,"timestamp":"2024-10-14T23:35:21.223Z"}
{"level":"info","message":"⌛ Building environment","timeElapsed":185,"timestamp":"2024-10-14T23:35:21.877Z"}
{"level":"info","message":"onRequest - completionItem/resolve","timestamp":"2024-10-14T23:35:21.878Z"}
{"level":"info","message":"⌛ Validating testGranja.wtest","timeElapsed":234,"timestamp":"2024-10-14T23:35:22.114Z"}
{"level":"info","message":"⌛ Building environment","timeElapsed":169,"timestamp":"2024-10-14T23:35:22.292Z"}
{"level":"info","message":"⌛ Building environment","timeElapsed":177,"timestamp":"2024-10-14T23:35:22.510Z"}
{"level":"info","message":"⌛ Validating testGranja.wtest","timeElapsed":196,"timestamp":"2024-10-14T23:35:22.711Z"}
{"level":"info","message":"⌛ Building environment","timeElapsed":265,"timestamp":"2024-10-14T23:35:22.989Z"}
{"level":"info","message":"⌛ Validating testGranja.wtest","timeElapsed":203,"timestamp":"2024-10-14T23:35:23.193Z"}
{"level":"info","message":"⌛ Building environment","timeElapsed":153,"timestamp":"2024-10-14T23:35:23.391Z"}
{"level":"info","message":"⌛ Building environment","timeElapsed":167,"timestamp":"2024-10-14T23:35:23.558Z"}
{"level":"info","message":"⌛ Validating testGranja.wtest","timeElapsed":234,"timestamp":"2024-10-14T23:35:23.793Z"}
{"level":"info","message":"⌛ Validating testGranja.wtest","timeElapsed":197,"timestamp":"2024-10-14T23:35:23.998Z"}
{"level":"info","message":"⌛ Validating testGranja.wtest","timeElapsed":206,"timestamp":"2024-10-14T23:35:24.204Z"}
{"level":"info","message":"⌛ Building environment","timeElapsed":201,"timestamp":"2024-10-14T23:35:24.406Z"}
{"level":"info","message":"⌛ Validating testGranja.wtest","timeElapsed":191,"timestamp":"2024-10-14T23:35:24.611Z"}
{"failures":[],"level":"info","message":"🧪 Test runner executed on /home/felipe/Documents/Universidad/Proramacion_Con_Objetos_1/2024s2-granja-villa-FeliQI-main/2024s2-granja-villa-FeliQI-5","result":{"failed":0,"ok":1},"timeElapsed":1210,"timestamp":"2024-10-14T23:35:33.553Z"}
{"level":"info","message":"⌛ Building environment","timeElapsed":209,"timestamp":"2024-10-14T23:35:38.387Z"}
{"level":"info","message":"⌛ Validating testGranja.wtest","timeElapsed":251,"timestamp":"2024-10-14T23:35:38.640Z"}
{"level":"info","message":"⌛ Building environment","timeElapsed":236,"timestamp":"2024-10-14T23:35:40.437Z"}
{"level":"info","message":"⌛ Building environment","timeElapsed":173,"timestamp":"2024-10-14T23:35:40.615Z"}
{"level":"info","message":"⌛ Validating testGranja.wtest","timeElapsed":198,"timestamp":"2024-10-14T23:35:40.813Z"}
{"level":"info","message":"⌛ Validating testGranja.wtest","timeElapsed":239,"timestamp":"2024-10-14T23:35:41.060Z"}
{"level":"info","message":"⌛ Building environment","timeElapsed":173,"timestamp":"2024-10-14T23:35:41.235Z"}
{"level":"info","message":"⌛ Building environment","timeElapsed":160,"timestamp":"2024-10-14T23:35:41.441Z"}
{"level":"info","message":"⌛ Building environment","timeElapsed":168,"timestamp":"2024-10-14T23:35:41.610Z"}
{"level":"error","message":"✘ Failed to rebuild document Failed to parse testGranja.wtest: \n-- PARSING FAILED --------------------------------------------------\n\n  73 | \n  74 |   test\n> 75 | }\n     | ^\n\nExpected one of the following: \n\nstring literal, whitespace\n","stack":"Error: Failed to parse testGranja.wtest: \n-- PARSING FAILED --------------------------------------------------\n\n  73 | \n  74 |   test\n> 75 | }\n     | ^\n\nExpected one of the following: \n\nstring literal, whitespace\n\n    at /home/felipe/.vscode/extensions/uqbar.wollok-lsp-ide-0.3.6/out/server/src/server.js:2254:32415\n    at Array.map (<anonymous>)\n    at Jfn (/home/felipe/.vscode/extensions/uqbar.wollok-lsp-ide-0.3.6/out/server/src/server.js:2254:32339)\n    at k2.buildEnvironmentFrom (/home/felipe/.vscode/extensions/uqbar.wollok-lsp-ide-0.3.6/out/server/src/server.js:2285:6721)\n    at k2.updateEnvironmentWith (/home/felipe/.vscode/extensions/uqbar.wollok-lsp-ide-0.3.6/out/server/src/server.js:2285:6456)\n    at jL (/home/felipe/.vscode/extensions/uqbar.wollok-lsp-ide-0.3.6/out/server/src/server.js:2298:2292)\n    at v3.invoke (/home/felipe/.vscode/extensions/uqbar.wollok-lsp-ide-0.3.6/out/server/src/server.js:3:157200)\n    at o.fire (/home/felipe/.vscode/extensions/uqbar.wollok-lsp-ide-0.3.6/out/server/src/server.js:3:157970)\n    at /home/felipe/.vscode/extensions/uqbar.wollok-lsp-ide-0.3.6/out/server/src/server.js:37:57871\n    at Vr (/home/felipe/.vscode/extensions/uqbar.wollok-lsp-ide-0.3.6/out/server/src/server.js:8:1561)","timestamp":"2024-10-14T23:35:41.667Z"}
{"level":"info","message":"⌛ Validating testGranja.wtest","timeElapsed":214,"timestamp":"2024-10-14T23:35:41.883Z"}
{"level":"info","message":"onRequest - completionItem/resolve","timestamp":"2024-10-14T23:35:41.883Z"}
{"level":"info","message":"⌛ Validating testGranja.wtest","timeElapsed":202,"timestamp":"2024-10-14T23:35:42.085Z"}
{"level":"info","message":"⌛ Validating testGranja.wtest","timeElapsed":224,"timestamp":"2024-10-14T23:35:42.317Z"}
{"level":"error","message":"✘ Failed to rebuild document Failed to parse testGranja.wtest: \n-- PARSING FAILED --------------------------------------------------\n\n  73 | \n  74 |   test \n> 75 | }\n     | ^\n\nExpected one of the following: \n\nstring literal, whitespace\n","stack":"Error: Failed to parse testGranja.wtest: \n-- PARSING FAILED --------------------------------------------------\n\n  73 | \n  74 |   test \n> 75 | }\n     | ^\n\nExpected one of the following: \n\nstring literal, whitespace\n\n    at /home/felipe/.vscode/extensions/uqbar.wollok-lsp-ide-0.3.6/out/server/src/server.js:2254:32415\n    at Array.map (<anonymous>)\n    at Jfn (/home/felipe/.vscode/extensions/uqbar.wollok-lsp-ide-0.3.6/out/server/src/server.js:2254:32339)\n    at k2.buildEnvironmentFrom (/home/felipe/.vscode/extensions/uqbar.wollok-lsp-ide-0.3.6/out/server/src/server.js:2285:6721)\n    at k2.updateEnvironmentWith (/home/felipe/.vscode/extensions/uqbar.wollok-lsp-ide-0.3.6/out/server/src/server.js:2285:6456)\n    at jL (/home/felipe/.vscode/extensions/uqbar.wollok-lsp-ide-0.3.6/out/server/src/server.js:2298:2292)\n    at v3.invoke (/home/felipe/.vscode/extensions/uqbar.wollok-lsp-ide-0.3.6/out/server/src/server.js:3:157200)\n    at o.fire (/home/felipe/.vscode/extensions/uqbar.wollok-lsp-ide-0.3.6/out/server/src/server.js:3:157970)\n    at /home/felipe/.vscode/extensions/uqbar.wollok-lsp-ide-0.3.6/out/server/src/server.js:37:57871\n    at Vr (/home/felipe/.vscode/extensions/uqbar.wollok-lsp-ide-0.3.6/out/server/src/server.js:8:1561)","timestamp":"2024-10-14T23:35:42.369Z"}
{"level":"error","message":"✘ Failed to rebuild document Failed to parse testGranja.wtest: \n-- PARSING FAILED --------------------------------------------------\n\n  73 | \n  74 |   test \"\"\n> 75 | }\n     | ^\n\nExpected one of the following: \n\n'@', '{', comment, whitespace\n","stack":"Error: Failed to parse testGranja.wtest: \n-- PARSING FAILED --------------------------------------------------\n\n  73 | \n  74 |   test \"\"\n> 75 | }\n     | ^\n\nExpected one of the following: \n\n'@', '{', comment, whitespace\n\n    at /home/felipe/.vscode/extensions/uqbar.wollok-lsp-ide-0.3.6/out/server/src/server.js:2254:32415\n    at Array.map (<anonymous>)\n    at Jfn (/home/felipe/.vscode/extensions/uqbar.wollok-lsp-ide-0.3.6/out/server/src/server.js:2254:32339)\n    at k2.buildEnvironmentFrom (/home/felipe/.vscode/extensions/uqbar.wollok-lsp-ide-0.3.6/out/server/src/server.js:2285:6721)\n    at k2.updateEnvironmentWith (/home/felipe/.vscode/extensions/uqbar.wollok-lsp-ide-0.3.6/out/server/src/server.js:2285:6456)\n    at jL (/home/felipe/.vscode/extensions/uqbar.wollok-lsp-ide-0.3.6/out/server/src/server.js:2298:2292)\n    at v3.invoke (/home/felipe/.vscode/extensions/uqbar.wollok-lsp-ide-0.3.6/out/server/src/server.js:3:157200)\n    at o.fire (/home/felipe/.vscode/extensions/uqbar.wollok-lsp-ide-0.3.6/out/server/src/server.js:3:157970)\n    at /home/felipe/.vscode/extensions/uqbar.wollok-lsp-ide-0.3.6/out/server/src/server.js:37:57871\n    at Vr (/home/felipe/.vscode/extensions/uqbar.wollok-lsp-ide-0.3.6/out/server/src/server.js:8:1561)","timestamp":"2024-10-14T23:35:42.613Z"}
{"level":"error","message":"✘ Failed to rebuild document Failed to parse testGranja.wtest: \n-- PARSING FAILED --------------------------------------------------\n\n  73 | \n  74 |   test \"R\"\n> 75 | }\n     | ^\n\nExpected one of the following: \n\n'@', '{', comment, whitespace\n","stack":"Error: Failed to parse testGranja.wtest: \n-- PARSING FAILED --------------------------------------------------\n\n  73 | \n  74 |   test \"R\"\n> 75 | }\n     | ^\n\nExpected one of the following: \n\n'@', '{', comment, whitespace\n\n    at /home/felipe/.vscode/extensions/uqbar.wollok-lsp-ide-0.3.6/out/server/src/server.js:2254:32415\n    at Array.map (<anonymous>)\n    at Jfn (/home/felipe/.vscode/extensions/uqbar.wollok-lsp-ide-0.3.6/out/server/src/server.js:2254:32339)\n    at k2.buildEnvironmentFrom (/home/felipe/.vscode/extensions/uqbar.wollok-lsp-ide-0.3.6/out/server/src/server.js:2285:6721)\n    at k2.updateEnvironmentWith (/home/felipe/.vscode/extensions/uqbar.wollok-lsp-ide-0.3.6/out/server/src/server.js:2285:6456)\n    at jL (/home/felipe/.vscode/extensions/uqbar.wollok-lsp-ide-0.3.6/out/server/src/server.js:2298:2292)\n    at v3.invoke (/home/felipe/.vscode/extensions/uqbar.wollok-lsp-ide-0.3.6/out/server/src/server.js:3:157200)\n    at o.fire (/home/felipe/.vscode/extensions/uqbar.wollok-lsp-ide-0.3.6/out/server/src/server.js:3:157970)\n    at /home/felipe/.vscode/extensions/uqbar.wollok-lsp-ide-0.3.6/out/server/src/server.js:37:57871\n    at Vr (/home/felipe/.vscode/extensions/uqbar.wollok-lsp-ide-0.3.6/out/server/src/server.js:8:1561)","timestamp":"2024-10-14T23:35:43.393Z"}
{"level":"error","message":"✘ Failed to rebuild document Failed to parse testGranja.wtest: \n-- PARSING FAILED --------------------------------------------------\n\n  73 | \n  74 |   test \"Re\"\n> 75 | }\n     | ^\n\nExpected one of the following: \n\n'@', '{', comment, whitespace\n","stack":"Error: Failed to parse testGranja.wtest: \n-- PARSING FAILED --------------------------------------------------\n\n  73 | \n  74 |   test \"Re\"\n> 75 | }\n     | ^\n\nExpected one of the following: \n\n'@', '{', comment, whitespace\n\n    at /home/felipe/.vscode/extensions/uqbar.wollok-lsp-ide-0.3.6/out/server/src/server.js:2254:32415\n    at Array.map (<anonymous>)\n    at Jfn (/home/felipe/.vscode/extensions/uqbar.wollok-lsp-ide-0.3.6/out/server/src/server.js:2254:32339)\n    at k2.buildEnvironmentFrom (/home/felipe/.vscode/extensions/uqbar.wollok-lsp-ide-0.3.6/out/server/src/server.js:2285:6721)\n    at k2.updateEnvironmentWith (/home/felipe/.vscode/extensions/uqbar.wollok-lsp-ide-0.3.6/out/server/src/server.js:2285:6456)\n    at jL (/home/felipe/.vscode/extensions/uqbar.wollok-lsp-ide-0.3.6/out/server/src/server.js:2298:2292)\n    at v3.invoke (/home/felipe/.vscode/extensions/uqbar.wollok-lsp-ide-0.3.6/out/server/src/server.js:3:157200)\n    at o.fire (/home/felipe/.vscode/extensions/uqbar.wollok-lsp-ide-0.3.6/out/server/src/server.js:3:157970)\n    at /home/felipe/.vscode/extensions/uqbar.wollok-lsp-ide-0.3.6/out/server/src/server.js:37:57871\n    at Vr (/home/felipe/.vscode/extensions/uqbar.wollok-lsp-ide-0.3.6/out/server/src/server.js:8:1561)","timestamp":"2024-10-14T23:35:43.669Z"}
{"level":"error","message":"✘ Failed to rebuild document Failed to parse testGranja.wtest: \n-- PARSING FAILED --------------------------------------------------\n\n  73 | \n  74 |   test \"Reg\"\n> 75 | }\n     | ^\n\nExpected one of the following: \n\n'@', '{', comment, whitespace\n","stack":"Error: Failed to parse testGranja.wtest: \n-- PARSING FAILED --------------------------------------------------\n\n  73 | \n  74 |   test \"Reg\"\n> 75 | }\n     | ^\n\nExpected one of the following: \n\n'@', '{', comment, whitespace\n\n    at /home/felipe/.vscode/extensions/uqbar.wollok-lsp-ide-0.3.6/out/server/src/server.js:2254:32415\n    at Array.map (<anonymous>)\n    at Jfn (/home/felipe/.vscode/extensions/uqbar.wollok-lsp-ide-0.3.6/out/server/src/server.js:2254:32339)\n    at k2.buildEnvironmentFrom (/home/felipe/.vscode/extensions/uqbar.wollok-lsp-ide-0.3.6/out/server/src/server.js:2285:6721)\n    at k2.updateEnvironmentWith (/home/felipe/.vscode/extensions/uqbar.wollok-lsp-ide-0.3.6/out/server/src/server.js:2285:6456)\n    at jL (/home/felipe/.vscode/extensions/uqbar.wollok-lsp-ide-0.3.6/out/server/src/server.js:2298:2292)\n    at v3.invoke (/home/felipe/.vscode/extensions/uqbar.wollok-lsp-ide-0.3.6/out/server/src/server.js:3:157200)\n    at o.fire (/home/felipe/.vscode/extensions/uqbar.wollok-lsp-ide-0.3.6/out/server/src/server.js:3:157970)\n    at /home/felipe/.vscode/extensions/uqbar.wollok-lsp-ide-0.3.6/out/server/src/server.js:37:57871\n    at Vr (/home/felipe/.vscode/extensions/uqbar.wollok-lsp-ide-0.3.6/out/server/src/server.js:8:1561)","timestamp":"2024-10-14T23:35:43.816Z"}
{"level":"error","message":"✘ Failed to rebuild document Failed to parse testGranja.wtest: \n-- PARSING FAILED --------------------------------------------------\n\n  73 | \n  74 |   test \"Rega\"\n> 75 | }\n     | ^\n\nExpected one of the following: \n\n'@', '{', comment, whitespace\n","stack":"Error: Failed to parse testGranja.wtest: \n-- PARSING FAILED --------------------------------------------------\n\n  73 | \n  74 |   test \"Rega\"\n> 75 | }\n     | ^\n\nExpected one of the following: \n\n'@', '{', comment, whitespace\n\n    at /home/felipe/.vscode/extensions/uqbar.wollok-lsp-ide-0.3.6/out/server/src/server.js:2254:32415\n    at Array.map (<anonymous>)\n    at Jfn (/home/felipe/.vscode/extensions/uqbar.wollok-lsp-ide-0.3.6/out/server/src/server.js:2254:32339)\n    at k2.buildEnvironmentFrom (/home/felipe/.vscode/extensions/uqbar.wollok-lsp-ide-0.3.6/out/server/src/server.js:2285:6721)\n    at k2.updateEnvironmentWith (/home/felipe/.vscode/extensions/uqbar.wollok-lsp-ide-0.3.6/out/server/src/server.js:2285:6456)\n    at jL (/home/felipe/.vscode/extensions/uqbar.wollok-lsp-ide-0.3.6/out/server/src/server.js:2298:2292)\n    at v3.invoke (/home/felipe/.vscode/extensions/uqbar.wollok-lsp-ide-0.3.6/out/server/src/server.js:3:157200)\n    at o.fire (/home/felipe/.vscode/extensions/uqbar.wollok-lsp-ide-0.3.6/out/server/src/server.js:3:157970)\n    at /home/felipe/.vscode/extensions/uqbar.wollok-lsp-ide-0.3.6/out/server/src/server.js:37:57871\n    at Vr (/home/felipe/.vscode/extensions/uqbar.wollok-lsp-ide-0.3.6/out/server/src/server.js:8:1561)","timestamp":"2024-10-14T23:35:43.869Z"}
{"level":"error","message":"✘ Failed to rebuild document Failed to parse testGranja.wtest: \n-- PARSING FAILED --------------------------------------------------\n\n  73 | \n  74 |   test \"Regar\"\n> 75 | }\n     | ^\n\nExpected one of the following: \n\n'@', '{', comment, whitespace\n","stack":"Error: Failed to parse testGranja.wtest: \n-- PARSING FAILED --------------------------------------------------\n\n  73 | \n  74 |   test \"Regar\"\n> 75 | }\n     | ^\n\nExpected one of the following: \n\n'@', '{', comment, whitespace\n\n    at /home/felipe/.vscode/extensions/uqbar.wollok-lsp-ide-0.3.6/out/server/src/server.js:2254:32415\n    at Array.map (<anonymous>)\n    at Jfn (/home/felipe/.vscode/extensions/uqbar.wollok-lsp-ide-0.3.6/out/server/src/server.js:2254:32339)\n    at k2.buildEnvironmentFrom (/home/felipe/.vscode/extensions/uqbar.wollok-lsp-ide-0.3.6/out/server/src/server.js:2285:6721)\n    at k2.updateEnvironmentWith (/home/felipe/.vscode/extensions/uqbar.wollok-lsp-ide-0.3.6/out/server/src/server.js:2285:6456)\n    at jL (/home/felipe/.vscode/extensions/uqbar.wollok-lsp-ide-0.3.6/out/server/src/server.js:2298:2292)\n    at v3.invoke (/home/felipe/.vscode/extensions/uqbar.wollok-lsp-ide-0.3.6/out/server/src/server.js:3:157200)\n    at o.fire (/home/felipe/.vscode/extensions/uqbar.wollok-lsp-ide-0.3.6/out/server/src/server.js:3:157970)\n    at /home/felipe/.vscode/extensions/uqbar.wollok-lsp-ide-0.3.6/out/server/src/server.js:37:57871\n    at Vr (/home/felipe/.vscode/extensions/uqbar.wollok-lsp-ide-0.3.6/out/server/src/server.js:8:1561)","timestamp":"2024-10-14T23:35:44.007Z"}
{"level":"error","message":"✘ Failed to rebuild document Failed to parse testGranja.wtest: \n-- PARSING FAILED --------------------------------------------------\n\n  73 | \n  74 |   test \"Regar \"\n> 75 | }\n     | ^\n\nExpected one of the following: \n\n'@', '{', comment, whitespace\n","stack":"Error: Failed to parse testGranja.wtest: \n-- PARSING FAILED --------------------------------------------------\n\n  73 | \n  74 |   test \"Regar \"\n> 75 | }\n     | ^\n\nExpected one of the following: \n\n'@', '{', comment, whitespace\n\n    at /home/felipe/.vscode/extensions/uqbar.wollok-lsp-ide-0.3.6/out/server/src/server.js:2254:32415\n    at Array.map (<anonymous>)\n    at Jfn (/home/felipe/.vscode/extensions/uqbar.wollok-lsp-ide-0.3.6/out/server/src/server.js:2254:32339)\n    at k2.buildEnvironmentFrom (/home/felipe/.vscode/extensions/uqbar.wollok-lsp-ide-0.3.6/out/server/src/server.js:2285:6721)\n    at k2.updateEnvironmentWith (/home/felipe/.vscode/extensions/uqbar.wollok-lsp-ide-0.3.6/out/server/src/server.js:2285:6456)\n    at jL (/home/felipe/.vscode/extensions/uqbar.wollok-lsp-ide-0.3.6/out/server/src/server.js:2298:2292)\n    at v3.invoke (/home/felipe/.vscode/extensions/uqbar.wollok-lsp-ide-0.3.6/out/server/src/server.js:3:157200)\n    at o.fire (/home/felipe/.vscode/extensions/uqbar.wollok-lsp-ide-0.3.6/out/server/src/server.js:3:157970)\n    at /home/felipe/.vscode/extensions/uqbar.wollok-lsp-ide-0.3.6/out/server/src/server.js:37:57871\n    at Vr (/home/felipe/.vscode/extensions/uqbar.wollok-lsp-ide-0.3.6/out/server/src/server.js:8:1561)","timestamp":"2024-10-14T23:35:44.277Z"}
{"level":"error","message":"✘ Failed to rebuild document Failed to parse testGranja.wtest: \n-- PARSING FAILED --------------------------------------------------\n\n  73 | \n  74 |   test \"Regar d\"\n> 75 | }\n     | ^\n\nExpected one of the following: \n\n'@', '{', comment, whitespace\n","stack":"Error: Failed to parse testGranja.wtest: \n-- PARSING FAILED --------------------------------------------------\n\n  73 | \n  74 |   test \"Regar d\"\n> 75 | }\n     | ^\n\nExpected one of the following: \n\n'@', '{', comment, whitespace\n\n    at /home/felipe/.vscode/extensions/uqbar.wollok-lsp-ide-0.3.6/out/server/src/server.js:2254:32415\n    at Array.map (<anonymous>)\n    at Jfn (/home/felipe/.vscode/extensions/uqbar.wollok-lsp-ide-0.3.6/out/server/src/server.js:2254:32339)\n    at k2.buildEnvironmentFrom (/home/felipe/.vscode/extensions/uqbar.wollok-lsp-ide-0.3.6/out/server/src/server.js:2285:6721)\n    at k2.updateEnvironmentWith (/home/felipe/.vscode/extensions/uqbar.wollok-lsp-ide-0.3.6/out/server/src/server.js:2285:6456)\n    at jL (/home/felipe/.vscode/extensions/uqbar.wollok-lsp-ide-0.3.6/out/server/src/server.js:2298:2292)\n    at v3.invoke (/home/felipe/.vscode/extensions/uqbar.wollok-lsp-ide-0.3.6/out/server/src/server.js:3:157200)\n    at o.fire (/home/felipe/.vscode/extensions/uqbar.wollok-lsp-ide-0.3.6/out/server/src/server.js:3:157970)\n    at /home/felipe/.vscode/extensions/uqbar.wollok-lsp-ide-0.3.6/out/server/src/server.js:37:57871\n    at Vr (/home/felipe/.vscode/extensions/uqbar.wollok-lsp-ide-0.3.6/out/server/src/server.js:8:1561)","timestamp":"2024-10-14T23:35:44.376Z"}
{"level":"error","message":"✘ Failed to rebuild document Failed to parse testGranja.wtest: \n-- PARSING FAILED --------------------------------------------------\n\n  73 | \n  74 |   test \"Regar de\"\n> 75 | }\n     | ^\n\nExpected one of the following: \n\n'@', '{', comment, whitespace\n","stack":"Error: Failed to parse testGranja.wtest: \n-- PARSING FAILED --------------------------------------------------\n\n  73 | \n  74 |   test \"Regar de\"\n> 75 | }\n     | ^\n\nExpected one of the following: \n\n'@', '{', comment, whitespace\n\n    at /home/felipe/.vscode/extensions/uqbar.wollok-lsp-ide-0.3.6/out/server/src/server.js:2254:32415\n    at Array.map (<anonymous>)\n    at Jfn (/home/felipe/.vscode/extensions/uqbar.wollok-lsp-ide-0.3.6/out/server/src/server.js:2254:32339)\n    at k2.buildEnvironmentFrom (/home/felipe/.vscode/extensions/uqbar.wollok-lsp-ide-0.3.6/out/server/src/server.js:2285:6721)\n    at k2.updateEnvironmentWith (/home/felipe/.vscode/extensions/uqbar.wollok-lsp-ide-0.3.6/out/server/src/server.js:2285:6456)\n    at jL (/home/felipe/.vscode/extensions/uqbar.wollok-lsp-ide-0.3.6/out/server/src/server.js:2298:2292)\n    at v3.invoke (/home/felipe/.vscode/extensions/uqbar.wollok-lsp-ide-0.3.6/out/server/src/server.js:3:157200)\n    at o.fire (/home/felipe/.vscode/extensions/uqbar.wollok-lsp-ide-0.3.6/out/server/src/server.js:3:157970)\n    at /home/felipe/.vscode/extensions/uqbar.wollok-lsp-ide-0.3.6/out/server/src/server.js:37:57871\n    at Vr (/home/felipe/.vscode/extensions/uqbar.wollok-lsp-ide-0.3.6/out/server/src/server.js:8:1561)","timestamp":"2024-10-14T23:35:44.473Z"}
{"level":"error","message":"✘ Failed to rebuild document Failed to parse testGranja.wtest: \n-- PARSING FAILED --------------------------------------------------\n\n  73 | \n  74 |   test \"Regar de \"\n> 75 | }\n     | ^\n\nExpected one of the following: \n\n'@', '{', comment, whitespace\n","stack":"Error: Failed to parse testGranja.wtest: \n-- PARSING FAILED --------------------------------------------------\n\n  73 | \n  74 |   test \"Regar de \"\n> 75 | }\n     | ^\n\nExpected one of the following: \n\n'@', '{', comment, whitespace\n\n    at /home/felipe/.vscode/extensions/uqbar.wollok-lsp-ide-0.3.6/out/server/src/server.js:2254:32415\n    at Array.map (<anonymous>)\n    at Jfn (/home/felipe/.vscode/extensions/uqbar.wollok-lsp-ide-0.3.6/out/server/src/server.js:2254:32339)\n    at k2.buildEnvironmentFrom (/home/felipe/.vscode/extensions/uqbar.wollok-lsp-ide-0.3.6/out/server/src/server.js:2285:6721)\n    at k2.updateEnvironmentWith (/home/felipe/.vscode/extensions/uqbar.wollok-lsp-ide-0.3.6/out/server/src/server.js:2285:6456)\n    at jL (/home/felipe/.vscode/extensions/uqbar.wollok-lsp-ide-0.3.6/out/server/src/server.js:2298:2292)\n    at v3.invoke (/home/felipe/.vscode/extensions/uqbar.wollok-lsp-ide-0.3.6/out/server/src/server.js:3:157200)\n    at o.fire (/home/felipe/.vscode/extensions/uqbar.wollok-lsp-ide-0.3.6/out/server/src/server.js:3:157970)\n    at /home/felipe/.vscode/extensions/uqbar.wollok-lsp-ide-0.3.6/out/server/src/server.js:37:57871\n    at Vr (/home/felipe/.vscode/extensions/uqbar.wollok-lsp-ide-0.3.6/out/server/src/server.js:8:1561)","timestamp":"2024-10-14T23:35:44.563Z"}
{"level":"error","message":"✘ Failed to rebuild document Failed to parse testGranja.wtest: \n-- PARSING FAILED --------------------------------------------------\n\n  73 | \n  74 |   test \"Regar de m\"\n> 75 | }\n     | ^\n\nExpected one of the following: \n\n'@', '{', comment, whitespace\n","stack":"Error: Failed to parse testGranja.wtest: \n-- PARSING FAILED --------------------------------------------------\n\n  73 | \n  74 |   test \"Regar de m\"\n> 75 | }\n     | ^\n\nExpected one of the following: \n\n'@', '{', comment, whitespace\n\n    at /home/felipe/.vscode/extensions/uqbar.wollok-lsp-ide-0.3.6/out/server/src/server.js:2254:32415\n    at Array.map (<anonymous>)\n    at Jfn (/home/felipe/.vscode/extensions/uqbar.wollok-lsp-ide-0.3.6/out/server/src/server.js:2254:32339)\n    at k2.buildEnvironmentFrom (/home/felipe/.vscode/extensions/uqbar.wollok-lsp-ide-0.3.6/out/server/src/server.js:2285:6721)\n    at k2.updateEnvironmentWith (/home/felipe/.vscode/extensions/uqbar.wollok-lsp-ide-0.3.6/out/server/src/server.js:2285:6456)\n    at jL (/home/felipe/.vscode/extensions/uqbar.wollok-lsp-ide-0.3.6/out/server/src/server.js:2298:2292)\n    at v3.invoke (/home/felipe/.vscode/extensions/uqbar.wollok-lsp-ide-0.3.6/out/server/src/server.js:3:157200)\n    at o.fire (/home/felipe/.vscode/extensions/uqbar.wollok-lsp-ide-0.3.6/out/server/src/server.js:3:157970)\n    at /home/felipe/.vscode/extensions/uqbar.wollok-lsp-ide-0.3.6/out/server/src/server.js:37:57871\n    at Vr (/home/felipe/.vscode/extensions/uqbar.wollok-lsp-ide-0.3.6/out/server/src/server.js:8:1561)","timestamp":"2024-10-14T23:35:45.014Z"}
{"level":"error","message":"✘ Failed to rebuild document Failed to parse testGranja.wtest: \n-- PARSING FAILED --------------------------------------------------\n\n  73 | \n  74 |   test \"Regar de ma\"\n> 75 | }\n     | ^\n\nExpected one of the following: \n\n'@', '{', comment, whitespace\n","stack":"Error: Failed to parse testGranja.wtest: \n-- PARSING FAILED --------------------------------------------------\n\n  73 | \n  74 |   test \"Regar de ma\"\n> 75 | }\n     | ^\n\nExpected one of the following: \n\n'@', '{', comment, whitespace\n\n    at /home/felipe/.vscode/extensions/uqbar.wollok-lsp-ide-0.3.6/out/server/src/server.js:2254:32415\n    at Array.map (<anonymous>)\n    at Jfn (/home/felipe/.vscode/extensions/uqbar.wollok-lsp-ide-0.3.6/out/server/src/server.js:2254:32339)\n    at k2.buildEnvironmentFrom (/home/felipe/.vscode/extensions/uqbar.wollok-lsp-ide-0.3.6/out/server/src/server.js:2285:6721)\n    at k2.updateEnvironmentWith (/home/felipe/.vscode/extensions/uqbar.wollok-lsp-ide-0.3.6/out/server/src/server.js:2285:6456)\n    at jL (/home/felipe/.vscode/extensions/uqbar.wollok-lsp-ide-0.3.6/out/server/src/server.js:2298:2292)\n    at v3.invoke (/home/felipe/.vscode/extensions/uqbar.wollok-lsp-ide-0.3.6/out/server/src/server.js:3:157200)\n    at o.fire (/home/felipe/.vscode/extensions/uqbar.wollok-lsp-ide-0.3.6/out/server/src/server.js:3:157970)\n    at /home/felipe/.vscode/extensions/uqbar.wollok-lsp-ide-0.3.6/out/server/src/server.js:37:57871\n    at Vr (/home/felipe/.vscode/extensions/uqbar.wollok-lsp-ide-0.3.6/out/server/src/server.js:8:1561)","timestamp":"2024-10-14T23:35:45.081Z"}
{"level":"error","message":"✘ Failed to rebuild document Failed to parse testGranja.wtest: \n-- PARSING FAILED --------------------------------------------------\n\n  73 | \n  74 |   test \"Regar de mas\"\n> 75 | }\n     | ^\n\nExpected one of the following: \n\n'@', '{', comment, whitespace\n","stack":"Error: Failed to parse testGranja.wtest: \n-- PARSING FAILED --------------------------------------------------\n\n  73 | \n  74 |   test \"Regar de mas\"\n> 75 | }\n     | ^\n\nExpected one of the following: \n\n'@', '{', comment, whitespace\n\n    at /home/felipe/.vscode/extensions/uqbar.wollok-lsp-ide-0.3.6/out/server/src/server.js:2254:32415\n    at Array.map (<anonymous>)\n    at Jfn (/home/felipe/.vscode/extensions/uqbar.wollok-lsp-ide-0.3.6/out/server/src/server.js:2254:32339)\n    at k2.buildEnvironmentFrom (/home/felipe/.vscode/extensions/uqbar.wollok-lsp-ide-0.3.6/out/server/src/server.js:2285:6721)\n    at k2.updateEnvironmentWith (/home/felipe/.vscode/extensions/uqbar.wollok-lsp-ide-0.3.6/out/server/src/server.js:2285:6456)\n    at jL (/home/felipe/.vscode/extensions/uqbar.wollok-lsp-ide-0.3.6/out/server/src/server.js:2298:2292)\n    at v3.invoke (/home/felipe/.vscode/extensions/uqbar.wollok-lsp-ide-0.3.6/out/server/src/server.js:3:157200)\n    at o.fire (/home/felipe/.vscode/extensions/uqbar.wollok-lsp-ide-0.3.6/out/server/src/server.js:3:157970)\n    at /home/felipe/.vscode/extensions/uqbar.wollok-lsp-ide-0.3.6/out/server/src/server.js:37:57871\n    at Vr (/home/felipe/.vscode/extensions/uqbar.wollok-lsp-ide-0.3.6/out/server/src/server.js:8:1561)","timestamp":"2024-10-14T23:35:45.194Z"}
{"level":"error","message":"✘ Failed to rebuild document Failed to parse testGranja.wtest: \n-- PARSING FAILED --------------------------------------------------\n\n  73 | \n  74 |   test \"Regar de mas \"\n> 75 | }\n     | ^\n\nExpected one of the following: \n\n'@', '{', comment, whitespace\n","stack":"Error: Failed to parse testGranja.wtest: \n-- PARSING FAILED --------------------------------------------------\n\n  73 | \n  74 |   test \"Regar de mas \"\n> 75 | }\n     | ^\n\nExpected one of the following: \n\n'@', '{', comment, whitespace\n\n    at /home/felipe/.vscode/extensions/uqbar.wollok-lsp-ide-0.3.6/out/server/src/server.js:2254:32415\n    at Array.map (<anonymous>)\n    at Jfn (/home/felipe/.vscode/extensions/uqbar.wollok-lsp-ide-0.3.6/out/server/src/server.js:2254:32339)\n    at k2.buildEnvironmentFrom (/home/felipe/.vscode/extensions/uqbar.wollok-lsp-ide-0.3.6/out/server/src/server.js:2285:6721)\n    at k2.updateEnvironmentWith (/home/felipe/.vscode/extensions/uqbar.wollok-lsp-ide-0.3.6/out/server/src/server.js:2285:6456)\n    at jL (/home/felipe/.vscode/extensions/uqbar.wollok-lsp-ide-0.3.6/out/server/src/server.js:2298:2292)\n    at v3.invoke (/home/felipe/.vscode/extensions/uqbar.wollok-lsp-ide-0.3.6/out/server/src/server.js:3:157200)\n    at o.fire (/home/felipe/.vscode/extensions/uqbar.wollok-lsp-ide-0.3.6/out/server/src/server.js:3:157970)\n    at /home/felipe/.vscode/extensions/uqbar.wollok-lsp-ide-0.3.6/out/server/src/server.js:37:57871\n    at Vr (/home/felipe/.vscode/extensions/uqbar.wollok-lsp-ide-0.3.6/out/server/src/server.js:8:1561)","timestamp":"2024-10-14T23:35:46.299Z"}
{"level":"error","message":"✘ Failed to rebuild document Failed to parse testGranja.wtest: \n-- PARSING FAILED --------------------------------------------------\n\n  73 | \n  74 |   test \"Regar de mas t\"\n> 75 | }\n     | ^\n\nExpected one of the following: \n\n'@', '{', comment, whitespace\n","stack":"Error: Failed to parse testGranja.wtest: \n-- PARSING FAILED --------------------------------------------------\n\n  73 | \n  74 |   test \"Regar de mas t\"\n> 75 | }\n     | ^\n\nExpected one of the following: \n\n'@', '{', comment, whitespace\n\n    at /home/felipe/.vscode/extensions/uqbar.wollok-lsp-ide-0.3.6/out/server/src/server.js:2254:32415\n    at Array.map (<anonymous>)\n    at Jfn (/home/felipe/.vscode/extensions/uqbar.wollok-lsp-ide-0.3.6/out/server/src/server.js:2254:32339)\n    at k2.buildEnvironmentFrom (/home/felipe/.vscode/extensions/uqbar.wollok-lsp-ide-0.3.6/out/server/src/server.js:2285:6721)\n    at k2.updateEnvironmentWith (/home/felipe/.vscode/extensions/uqbar.wollok-lsp-ide-0.3.6/out/server/src/server.js:2285:6456)\n    at jL (/home/felipe/.vscode/extensions/uqbar.wollok-lsp-ide-0.3.6/out/server/src/server.js:2298:2292)\n    at v3.invoke (/home/felipe/.vscode/extensions/uqbar.wollok-lsp-ide-0.3.6/out/server/src/server.js:3:157200)\n    at o.fire (/home/felipe/.vscode/extensions/uqbar.wollok-lsp-ide-0.3.6/out/server/src/server.js:3:157970)\n    at /home/felipe/.vscode/extensions/uqbar.wollok-lsp-ide-0.3.6/out/server/src/server.js:37:57871\n    at Vr (/home/felipe/.vscode/extensions/uqbar.wollok-lsp-ide-0.3.6/out/server/src/server.js:8:1561)","timestamp":"2024-10-14T23:35:46.799Z"}
{"level":"error","message":"✘ Failed to rebuild document Failed to parse testGranja.wtest: \n-- PARSING FAILED --------------------------------------------------\n\n  73 | \n  74 |   test \"Regar de mas to\"\n> 75 | }\n     | ^\n\nExpected one of the following: \n\n'@', '{', comment, whitespace\n","stack":"Error: Failed to parse testGranja.wtest: \n-- PARSING FAILED --------------------------------------------------\n\n  73 | \n  74 |   test \"Regar de mas to\"\n> 75 | }\n     | ^\n\nExpected one of the following: \n\n'@', '{', comment, whitespace\n\n    at /home/felipe/.vscode/extensions/uqbar.wollok-lsp-ide-0.3.6/out/server/src/server.js:2254:32415\n    at Array.map (<anonymous>)\n    at Jfn (/home/felipe/.vscode/extensions/uqbar.wollok-lsp-ide-0.3.6/out/server/src/server.js:2254:32339)\n    at k2.buildEnvironmentFrom (/home/felipe/.vscode/extensions/uqbar.wollok-lsp-ide-0.3.6/out/server/src/server.js:2285:6721)\n    at k2.updateEnvironmentWith (/home/felipe/.vscode/extensions/uqbar.wollok-lsp-ide-0.3.6/out/server/src/server.js:2285:6456)\n    at jL (/home/felipe/.vscode/extensions/uqbar.wollok-lsp-ide-0.3.6/out/server/src/server.js:2298:2292)\n    at v3.invoke (/home/felipe/.vscode/extensions/uqbar.wollok-lsp-ide-0.3.6/out/server/src/server.js:3:157200)\n    at o.fire (/home/felipe/.vscode/extensions/uqbar.wollok-lsp-ide-0.3.6/out/server/src/server.js:3:157970)\n    at /home/felipe/.vscode/extensions/uqbar.wollok-lsp-ide-0.3.6/out/server/src/server.js:37:57871\n    at Vr (/home/felipe/.vscode/extensions/uqbar.wollok-lsp-ide-0.3.6/out/server/src/server.js:8:1561)","timestamp":"2024-10-14T23:35:46.897Z"}
{"level":"error","message":"✘ Failed to rebuild document Failed to parse testGranja.wtest: \n-- PARSING FAILED --------------------------------------------------\n\n  73 | \n  74 |   test \"Regar de mas tom\"\n> 75 | }\n     | ^\n\nExpected one of the following: \n\n'@', '{', comment, whitespace\n","stack":"Error: Failed to parse testGranja.wtest: \n-- PARSING FAILED --------------------------------------------------\n\n  73 | \n  74 |   test \"Regar de mas tom\"\n> 75 | }\n     | ^\n\nExpected one of the following: \n\n'@', '{', comment, whitespace\n\n    at /home/felipe/.vscode/extensions/uqbar.wollok-lsp-ide-0.3.6/out/server/src/server.js:2254:32415\n    at Array.map (<anonymous>)\n    at Jfn (/home/felipe/.vscode/extensions/uqbar.wollok-lsp-ide-0.3.6/out/server/src/server.js:2254:32339)\n    at k2.buildEnvironmentFrom (/home/felipe/.vscode/extensions/uqbar.wollok-lsp-ide-0.3.6/out/server/src/server.js:2285:6721)\n    at k2.updateEnvironmentWith (/home/felipe/.vscode/extensions/uqbar.wollok-lsp-ide-0.3.6/out/server/src/server.js:2285:6456)\n    at jL (/home/felipe/.vscode/extensions/uqbar.wollok-lsp-ide-0.3.6/out/server/src/server.js:2298:2292)\n    at v3.invoke (/home/felipe/.vscode/extensions/uqbar.wollok-lsp-ide-0.3.6/out/server/src/server.js:3:157200)\n    at o.fire (/home/felipe/.vscode/extensions/uqbar.wollok-lsp-ide-0.3.6/out/server/src/server.js:3:157970)\n    at /home/felipe/.vscode/extensions/uqbar.wollok-lsp-ide-0.3.6/out/server/src/server.js:37:57871\n    at Vr (/home/felipe/.vscode/extensions/uqbar.wollok-lsp-ide-0.3.6/out/server/src/server.js:8:1561)","timestamp":"2024-10-14T23:35:47.031Z"}
{"level":"error","message":"✘ Failed to rebuild document Failed to parse testGranja.wtest: \n-- PARSING FAILED --------------------------------------------------\n\n  73 | \n  74 |   test \"Regar de mas toma\"\n> 75 | }\n     | ^\n\nExpected one of the following: \n\n'@', '{', comment, whitespace\n","stack":"Error: Failed to parse testGranja.wtest: \n-- PARSING FAILED --------------------------------------------------\n\n  73 | \n  74 |   test \"Regar de mas toma\"\n> 75 | }\n     | ^\n\nExpected one of the following: \n\n'@', '{', comment, whitespace\n\n    at /home/felipe/.vscode/extensions/uqbar.wollok-lsp-ide-0.3.6/out/server/src/server.js:2254:32415\n    at Array.map (<anonymous>)\n    at Jfn (/home/felipe/.vscode/extensions/uqbar.wollok-lsp-ide-0.3.6/out/server/src/server.js:2254:32339)\n    at k2.buildEnvironmentFrom (/home/felipe/.vscode/extensions/uqbar.wollok-lsp-ide-0.3.6/out/server/src/server.js:2285:6721)\n    at k2.updateEnvironmentWith (/home/felipe/.vscode/extensions/uqbar.wollok-lsp-ide-0.3.6/out/server/src/server.js:2285:6456)\n    at jL (/home/felipe/.vscode/extensions/uqbar.wollok-lsp-ide-0.3.6/out/server/src/server.js:2298:2292)\n    at v3.invoke (/home/felipe/.vscode/extensions/uqbar.wollok-lsp-ide-0.3.6/out/server/src/server.js:3:157200)\n    at o.fire (/home/felipe/.vscode/extensions/uqbar.wollok-lsp-ide-0.3.6/out/server/src/server.js:3:157970)\n    at /home/felipe/.vscode/extensions/uqbar.wollok-lsp-ide-0.3.6/out/server/src/server.js:37:57871\n    at Vr (/home/felipe/.vscode/extensions/uqbar.wollok-lsp-ide-0.3.6/out/server/src/server.js:8:1561)","timestamp":"2024-10-14T23:35:47.215Z"}
{"level":"error","message":"✘ Failed to rebuild document Failed to parse testGranja.wtest: \n-- PARSING FAILED --------------------------------------------------\n\n  73 | \n  74 |   test \"Regar de mas tomac\"\n> 75 | }\n     | ^\n\nExpected one of the following: \n\n'@', '{', comment, whitespace\n","stack":"Error: Failed to parse testGranja.wtest: \n-- PARSING FAILED --------------------------------------------------\n\n  73 | \n  74 |   test \"Regar de mas tomac\"\n> 75 | }\n     | ^\n\nExpected one of the following: \n\n'@', '{', comment, whitespace\n\n    at /home/felipe/.vscode/extensions/uqbar.wollok-lsp-ide-0.3.6/out/server/src/server.js:2254:32415\n    at Array.map (<anonymous>)\n    at Jfn (/home/felipe/.vscode/extensions/uqbar.wollok-lsp-ide-0.3.6/out/server/src/server.js:2254:32339)\n    at k2.buildEnvironmentFrom (/home/felipe/.vscode/extensions/uqbar.wollok-lsp-ide-0.3.6/out/server/src/server.js:2285:6721)\n    at k2.updateEnvironmentWith (/home/felipe/.vscode/extensions/uqbar.wollok-lsp-ide-0.3.6/out/server/src/server.js:2285:6456)\n    at jL (/home/felipe/.vscode/extensions/uqbar.wollok-lsp-ide-0.3.6/out/server/src/server.js:2298:2292)\n    at v3.invoke (/home/felipe/.vscode/extensions/uqbar.wollok-lsp-ide-0.3.6/out/server/src/server.js:3:157200)\n    at o.fire (/home/felipe/.vscode/extensions/uqbar.wollok-lsp-ide-0.3.6/out/server/src/server.js:3:157970)\n    at /home/felipe/.vscode/extensions/uqbar.wollok-lsp-ide-0.3.6/out/server/src/server.js:37:57871\n    at Vr (/home/felipe/.vscode/extensions/uqbar.wollok-lsp-ide-0.3.6/out/server/src/server.js:8:1561)","timestamp":"2024-10-14T23:35:47.935Z"}
{"level":"error","message":"✘ Failed to rebuild document Failed to parse testGranja.wtest: \n-- PARSING FAILED --------------------------------------------------\n\n  73 | \n  74 |   test \"Regar de mas tomaco\"\n> 75 | }\n     | ^\n\nExpected one of the following: \n\n'@', '{', comment, whitespace\n","stack":"Error: Failed to parse testGranja.wtest: \n-- PARSING FAILED --------------------------------------------------\n\n  73 | \n  74 |   test \"Regar de mas tomaco\"\n> 75 | }\n     | ^\n\nExpected one of the following: \n\n'@', '{', comment, whitespace\n\n    at /home/felipe/.vscode/extensions/uqbar.wollok-lsp-ide-0.3.6/out/server/src/server.js:2254:32415\n    at Array.map (<anonymous>)\n    at Jfn (/home/felipe/.vscode/extensions/uqbar.wollok-lsp-ide-0.3.6/out/server/src/server.js:2254:32339)\n    at k2.buildEnvironmentFrom (/home/felipe/.vscode/extensions/uqbar.wollok-lsp-ide-0.3.6/out/server/src/server.js:2285:6721)\n    at k2.updateEnvironmentWith (/home/felipe/.vscode/extensions/uqbar.wollok-lsp-ide-0.3.6/out/server/src/server.js:2285:6456)\n    at jL (/home/felipe/.vscode/extensions/uqbar.wollok-lsp-ide-0.3.6/out/server/src/server.js:2298:2292)\n    at v3.invoke (/home/felipe/.vscode/extensions/uqbar.wollok-lsp-ide-0.3.6/out/server/src/server.js:3:157200)\n    at o.fire (/home/felipe/.vscode/extensions/uqbar.wollok-lsp-ide-0.3.6/out/server/src/server.js:3:157970)\n    at /home/felipe/.vscode/extensions/uqbar.wollok-lsp-ide-0.3.6/out/server/src/server.js:37:57871\n    at Vr (/home/felipe/.vscode/extensions/uqbar.wollok-lsp-ide-0.3.6/out/server/src/server.js:8:1561)","timestamp":"2024-10-14T23:35:48.521Z"}
{"level":"error","message":"✘ Failed to rebuild document Failed to parse testGranja.wtest: \n-- PARSING FAILED --------------------------------------------------\n\n  73 | \n  74 |   test \"Regar de mas tomaco\" \n> 75 | }\n     | ^\n\nExpected one of the following: \n\n'@', '{', comment, whitespace\n","stack":"Error: Failed to parse testGranja.wtest: \n-- PARSING FAILED --------------------------------------------------\n\n  73 | \n  74 |   test \"Regar de mas tomaco\" \n> 75 | }\n     | ^\n\nExpected one of the following: \n\n'@', '{', comment, whitespace\n\n    at /home/felipe/.vscode/extensions/uqbar.wollok-lsp-ide-0.3.6/out/server/src/server.js:2254:32415\n    at Array.map (<anonymous>)\n    at Jfn (/home/felipe/.vscode/extensions/uqbar.wollok-lsp-ide-0.3.6/out/server/src/server.js:2254:32339)\n    at k2.buildEnvironmentFrom (/home/felipe/.vscode/extensions/uqbar.wollok-lsp-ide-0.3.6/out/server/src/server.js:2285:6721)\n    at k2.updateEnvironmentWith (/home/felipe/.vscode/extensions/uqbar.wollok-lsp-ide-0.3.6/out/server/src/server.js:2285:6456)\n    at jL (/home/felipe/.vscode/extensions/uqbar.wollok-lsp-ide-0.3.6/out/server/src/server.js:2298:2292)\n    at v3.invoke (/home/felipe/.vscode/extensions/uqbar.wollok-lsp-ide-0.3.6/out/server/src/server.js:3:157200)\n    at o.fire (/home/felipe/.vscode/extensions/uqbar.wollok-lsp-ide-0.3.6/out/server/src/server.js:3:157970)\n    at /home/felipe/.vscode/extensions/uqbar.wollok-lsp-ide-0.3.6/out/server/src/server.js:37:57871\n    at Vr (/home/felipe/.vscode/extensions/uqbar.wollok-lsp-ide-0.3.6/out/server/src/server.js:8:1561)","timestamp":"2024-10-14T23:35:50.304Z"}
{"level":"info","message":"⌛ Building environment","timeElapsed":285,"timestamp":"2024-10-14T23:35:50.735Z"}
{"level":"info","message":"⌛ Building environment","timeElapsed":218,"timestamp":"2024-10-14T23:35:50.954Z"}
{"level":"info","message":"⌛ Validating testGranja.wtest","timeElapsed":190,"timestamp":"2024-10-14T23:35:51.151Z"}
{"level":"info","message":"⌛ Validating testGranja.wtest","timeElapsed":206,"timestamp":"2024-10-14T23:35:51.358Z"}
{"level":"info","message":"⌛ Building environment","timeElapsed":173,"timestamp":"2024-10-14T23:35:52.864Z"}
{"level":"info","message":"⌛ Building environment","timeElapsed":188,"timestamp":"2024-10-14T23:35:53.099Z"}
{"level":"info","message":"⌛ Validating testGranja.wtest","timeElapsed":204,"timestamp":"2024-10-14T23:35:53.304Z"}
{"level":"info","message":"onRequest - completionItem/resolve","timestamp":"2024-10-14T23:35:53.304Z"}
{"level":"info","message":"⌛ Building environment","timeElapsed":193,"timestamp":"2024-10-14T23:35:53.497Z"}
{"level":"info","message":"onRequest - completionItem/resolve","timestamp":"2024-10-14T23:35:53.498Z"}
{"level":"info","message":"⌛ Validating testGranja.wtest","timeElapsed":224,"timestamp":"2024-10-14T23:35:53.723Z"}
{"level":"info","message":"⌛ Building environment","timeElapsed":237,"timestamp":"2024-10-14T23:35:53.960Z"}
{"level":"info","message":"onRequest - completionItem/resolve","timestamp":"2024-10-14T23:35:53.966Z"}
{"level":"info","message":"⌛ Validating testGranja.wtest","timeElapsed":214,"timestamp":"2024-10-14T23:35:54.189Z"}
{"level":"info","message":"⌛ Validating testGranja.wtest","timeElapsed":212,"timestamp":"2024-10-14T23:35:54.403Z"}
{"level":"info","message":"onRequest - completionItem/resolve","timestamp":"2024-10-14T23:35:54.859Z"}
{"level":"info","message":"⌛ Building environment","timeElapsed":283,"timestamp":"2024-10-14T23:35:55.150Z"}
{"level":"info","message":"⌛ Validating testGranja.wtest","timeElapsed":185,"timestamp":"2024-10-14T23:35:55.345Z"}
{"level":"info","message":"⌛ Building environment","timeElapsed":232,"timestamp":"2024-10-14T23:35:56.326Z"}
{"level":"info","message":"⌛ Validating testGranja.wtest","timeElapsed":254,"timestamp":"2024-10-14T23:35:56.628Z"}
{"level":"info","message":"onRequest - completionItem/resolve","timestamp":"2024-10-14T23:35:56.629Z"}
{"level":"info","message":"⌛ Building environment","timeElapsed":187,"timestamp":"2024-10-14T23:35:56.872Z"}
{"level":"info","message":"onRequest - completionItem/resolve","timestamp":"2024-10-14T23:35:56.872Z"}
{"level":"info","message":"⌛ Building environment","timeElapsed":200,"timestamp":"2024-10-14T23:35:57.072Z"}
{"level":"info","message":"onRequest - completionItem/resolve","timestamp":"2024-10-14T23:35:57.078Z"}
{"level":"info","message":"⌛ Validating testGranja.wtest","timeElapsed":234,"timestamp":"2024-10-14T23:35:57.312Z"}
{"level":"info","message":"⌛ Building environment","timeElapsed":197,"timestamp":"2024-10-14T23:35:57.510Z"}
{"level":"info","message":"onRequest - completionItem/resolve","timestamp":"2024-10-14T23:35:57.511Z"}
{"level":"info","message":"⌛ Validating testGranja.wtest","timeElapsed":229,"timestamp":"2024-10-14T23:35:57.740Z"}
{"level":"info","message":"⌛ Building environment","timeElapsed":200,"timestamp":"2024-10-14T23:35:57.941Z"}
{"level":"info","message":"onRequest - completionItem/resolve","timestamp":"2024-10-14T23:35:57.941Z"}
{"level":"info","message":"⌛ Building environment","timeElapsed":179,"timestamp":"2024-10-14T23:35:58.121Z"}
{"level":"info","message":"onRequest - completionItem/resolve","timestamp":"2024-10-14T23:35:58.122Z"}
{"level":"info","message":"⌛ Building environment","timeElapsed":157,"timestamp":"2024-10-14T23:35:58.280Z"}
{"level":"info","message":"onRequest - completionItem/resolve","timestamp":"2024-10-14T23:35:58.280Z"}
{"level":"info","message":"⌛ Validating testGranja.wtest","timeElapsed":217,"timestamp":"2024-10-14T23:35:58.497Z"}
{"level":"info","message":"⌛ Validating testGranja.wtest","timeElapsed":197,"timestamp":"2024-10-14T23:35:58.704Z"}
