{"level":"info","message":"onRequest - completionItem/resolve","timestamp":"2024-10-14T23:35:58.710Z"}
{"level":"info","message":"⌛ Validating testGranja.wtest","timeElapsed":198,"timestamp":"2024-10-14T23:35:58.912Z"}
{"level":"info","message":"⌛ Validating testGranja.wtest","timeElapsed":187,"timestamp":"2024-10-14T23:35:59.099Z"}
{"level":"info","message":"⌛ Building environment","timeElapsed":164,"timestamp":"2024-10-14T23:35:59.265Z"}
{"level":"info","message":"⌛ Validating testGranja.wtest","timeElapsed":234,"timestamp":"2024-10-14T23:35:59.507Z"}
{"level":"info","message":"⌛ Building environment","timeElapsed":184,"timestamp":"2024-10-14T23:36:00.244Z"}
{"level":"error","message":"✘ Completions for node failed: Error: [Send]{202614} at testGranja.wtest:75 exhausted all cases without a match [Send]{202614} at testGranja.wtest:75 exhausted all cases without a match","stack":"Error: [Send]{202614} at testGranja.wtest:75 exhausted all cases without a match\n    at /home/felipe/.vscode/extensions/uqbar.wollok-lsp-ide-0.3.6/out/server/src/server.js:38:6067\n    at yh (/home/felipe/.vscode/extensions/uqbar.wollok-lsp-ide-0.3.6/out/server/src/server.js:2291:42)\n    at kh (/home/felipe/.vscode/extensions/uqbar.wollok-lsp-ide-0.3.6/out/server/src/server.js:2291:1004)\n    at Y5n (/home/felipe/.vscode/extensions/uqbar.wollok-lsp-ide-0.3.6/out/server/src/server.js:2291:1160)\n    at /home/felipe/.vscode/extensions/uqbar.wollok-lsp-ide-0.3.6/out/server/src/server.js:38:6056\n    at yh (/home/felipe/.vscode/extensions/uqbar.wollok-lsp-ide-0.3.6/out/server/src/server.js:2291:42)\n    at /home/felipe/.vscode/extensions/uqbar.wollok-lsp-ide-0.3.6/out/server/src/server.js:2291:2700\n    at /home/felipe/.vscode/extensions/uqbar.wollok-lsp-ide-0.3.6/out/server/src/server.js:2298:3774\n    at /home/felipe/.vscode/extensions/uqbar.wollok-lsp-ide-0.3.6/out/server/src/server.js:37:74872\n    at Fe (/home/felipe/.vscode/extensions/uqbar.wollok-lsp-ide-0.3.6/out/server/src/server.js:7:8527)","timestamp":"2024-10-14T23:36:00.287Z"}
{"level":"info","message":"⌛ Building environment","timeElapsed":184,"timestamp":"2024-10-14T23:36:00.476Z"}
{"level":"info","message":"⌛ Validating testGranja.wtest","timeElapsed":207,"timestamp":"2024-10-14T23:36:00.684Z"}
{"level":"info","message":"onRequest - completionItem/resolve","timestamp":"2024-10-14T23:36:00.684Z"}
{"level":"info","message":"⌛ Building environment","timeElapsed":220,"timestamp":"2024-10-14T23:36:00.904Z"}
{"level":"info","message":"onRequest - completionItem/resolve","timestamp":"2024-10-14T23:36:00.910Z"}
{"level":"info","message":"⌛ Validating testGranja.wtest","timeElapsed":199,"timestamp":"2024-10-14T23:36:01.109Z"}
{"level":"info","message":"⌛ Building environment","timeElapsed":163,"timestamp":"2024-10-14T23:36:01.274Z"}
{"level":"info","message":"onRequest - completionItem/resolve","timestamp":"2024-10-14T23:36:01.275Z"}
{"level":"info","message":"⌛ Validating testGranja.wtest","timeElapsed":205,"timestamp":"2024-10-14T23:36:01.487Z"}
{"level":"info","message":"⌛ Validating testGranja.wtest","timeElapsed":286,"timestamp":"2024-10-14T23:36:01.774Z"}
{"level":"info","message":"⌛ Building environment","timeElapsed":220,"timestamp":"2024-10-14T23:36:01.995Z"}
{"level":"info","message":"⌛ Building environment","timeElapsed":162,"timestamp":"2024-10-14T23:36:02.199Z"}
{"level":"info","message":"⌛ Building environment","timeElapsed":277,"timestamp":"2024-10-14T23:36:02.477Z"}
{"level":"info","message":"⌛ Validating testGranja.wtest","timeElapsed":291,"timestamp":"2024-10-14T23:36:02.769Z"}
{"level":"info","message":"onRequest - completionItem/resolve","timestamp":"2024-10-14T23:36:02.779Z"}
{"level":"info","message":"⌛ Validating testGranja.wtest","timeElapsed":233,"timestamp":"2024-10-14T23:36:03.014Z"}
{"level":"info","message":"⌛ Validating testGranja.wtest","timeElapsed":258,"timestamp":"2024-10-14T23:36:03.273Z"}
{"level":"info","message":"⌛ Building environment","timeElapsed":164,"timestamp":"2024-10-14T23:36:03.437Z"}
{"level":"info","message":"⌛ Validating testGranja.wtest","timeElapsed":210,"timestamp":"2024-10-14T23:36:03.657Z"}
{"level":"info","message":"⌛ Building environment","timeElapsed":183,"timestamp":"2024-10-14T23:36:05.419Z"}
{"level":"info","message":"⌛ Building environment","timeElapsed":200,"timestamp":"2024-10-14T23:36:05.625Z"}
{"level":"info","message":"⌛ Validating testGranja.wtest","timeElapsed":196,"timestamp":"2024-10-14T23:36:05.821Z"}
{"level":"info","message":"⌛ Building environment","timeElapsed":163,"timestamp":"2024-10-14T23:36:05.984Z"}
{"level":"info","message":"⌛ Validating testGranja.wtest","timeElapsed":200,"timestamp":"2024-10-14T23:36:06.185Z"}
{"level":"info","message":"⌛ Validating testGranja.wtest","timeElapsed":200,"timestamp":"2024-10-14T23:36:06.394Z"}
{"level":"info","message":"⌛ Building environment","timeElapsed":169,"timestamp":"2024-10-14T23:36:06.564Z"}
{"level":"info","message":"⌛ Building environment","timeElapsed":155,"timestamp":"2024-10-14T23:36:06.724Z"}
{"level":"info","message":"⌛ Validating testGranja.wtest","timeElapsed":222,"timestamp":"2024-10-14T23:36:06.947Z"}
{"level":"info","message":"⌛ Validating testGranja.wtest","timeElapsed":302,"timestamp":"2024-10-14T23:36:07.249Z"}
{"level":"info","message":"⌛ Building environment","timeElapsed":196,"timestamp":"2024-10-14T23:36:13.732Z"}
{"level":"info","message":"⌛ Validating testGranja.wtest","timeElapsed":204,"timestamp":"2024-10-14T23:36:13.937Z"}
{"level":"info","message":"⌛ Building environment","timeElapsed":287,"timestamp":"2024-10-14T23:36:15.569Z"}
{"level":"info","message":"⌛ Validating testGranja.wtest","timeElapsed":231,"timestamp":"2024-10-14T23:36:15.842Z"}
{"level":"info","message":"onRequest - completionItem/resolve","timestamp":"2024-10-14T23:36:15.843Z"}
{"level":"info","message":"⌛ Building environment","timeElapsed":179,"timestamp":"2024-10-14T23:36:16.120Z"}
{"level":"info","message":"⌛ Validating testGranja.wtest","timeElapsed":213,"timestamp":"2024-10-14T23:36:16.339Z"}
{"level":"info","message":"⌛ Building environment","timeElapsed":169,"timestamp":"2024-10-14T23:36:16.510Z"}
{"level":"info","message":"⌛ Validating testGranja.wtest","timeElapsed":214,"timestamp":"2024-10-14T23:36:16.735Z"}
{"level":"info","message":"⌛ Building environment","timeElapsed":175,"timestamp":"2024-10-14T23:36:17.247Z"}
{"level":"info","message":"⌛ Validating testGranja.wtest","timeElapsed":200,"timestamp":"2024-10-14T23:36:17.452Z"}
{"level":"info","message":"⌛ Building environment","timeElapsed":160,"timestamp":"2024-10-14T23:36:17.800Z"}
{"level":"info","message":"⌛ Validating testGranja.wtest","timeElapsed":208,"timestamp":"2024-10-14T23:36:18.010Z"}
{"level":"info","message":"⌛ Building environment","timeElapsed":164,"timestamp":"2024-10-14T23:36:18.174Z"}
{"level":"info","message":"⌛ Validating testGranja.wtest","timeElapsed":233,"timestamp":"2024-10-14T23:36:18.420Z"}
{"level":"info","message":"⌛ Building environment","timeElapsed":200,"timestamp":"2024-10-14T23:36:18.686Z"}
{"level":"info","message":"⌛ Building environment","timeElapsed":180,"timestamp":"2024-10-14T23:36:18.867Z"}
{"level":"info","message":"⌛ Validating testGranja.wtest","timeElapsed":196,"timestamp":"2024-10-14T23:36:19.064Z"}
{"level":"info","message":"⌛ Validating testGranja.wtest","timeElapsed":201,"timestamp":"2024-10-14T23:36:19.275Z"}
{"level":"info","message":"⌛ Building environment","timeElapsed":165,"timestamp":"2024-10-14T23:36:19.854Z"}
{"level":"info","message":"⌛ Validating testGranja.wtest","timeElapsed":215,"timestamp":"2024-10-14T23:36:20.107Z"}
{"level":"info","message":"onRequest - completionItem/resolve","timestamp":"2024-10-14T23:36:20.107Z"}
{"level":"info","message":"⌛ Building environment","timeElapsed":201,"timestamp":"2024-10-14T23:36:22.738Z"}
{"level":"info","message":"onRequest - completionItem/resolve","timestamp":"2024-10-14T23:36:22.739Z"}
{"level":"info","message":"⌛ Building environment","timeElapsed":172,"timestamp":"2024-10-14T23:36:22.911Z"}
{"level":"info","message":"onRequest - completionItem/resolve","timestamp":"2024-10-14T23:36:22.912Z"}
{"level":"info","message":"⌛ Validating testGranja.wtest","timeElapsed":253,"timestamp":"2024-10-14T23:36:23.165Z"}
{"level":"info","message":"⌛ Building environment","timeElapsed":362,"timestamp":"2024-10-14T23:36:23.527Z"}
{"level":"info","message":"onRequest - completionItem/resolve","timestamp":"2024-10-14T23:36:23.528Z"}
{"level":"info","message":"⌛ Validating testGranja.wtest","timeElapsed":227,"timestamp":"2024-10-14T23:36:23.756Z"}
{"level":"info","message":"⌛ Validating testGranja.wtest","timeElapsed":207,"timestamp":"2024-10-14T23:36:23.974Z"}
{"level":"info","message":"onRequest - completionItem/resolve","timestamp":"2024-10-14T23:36:23.975Z"}
{"level":"info","message":"⌛ Building environment","timeElapsed":168,"timestamp":"2024-10-14T23:36:24.144Z"}
{"level":"info","message":"⌛ Validating testGranja.wtest","timeElapsed":195,"timestamp":"2024-10-14T23:36:24.347Z"}
{"level":"error","message":"✘ Failed to rebuild document Failed to parse testGranja.wtest: \n-- PARSING FAILED --------------------------------------------------\n\nGot the end of the input\n\nExpected one of the following: \n\n'@', 'const', 'method', 'only', 'override', 'test', 'var', '{', '}', any character/byte, comment, whitespace\n","stack":"Error: Failed to parse testGranja.wtest: \n-- PARSING FAILED --------------------------------------------------\n\nGot the end of the input\n\nExpected one of the following: \n\n'@', 'const', 'method', 'only', 'override', 'test', 'var', '{', '}', any character/byte, comment, whitespace\n\n    at /home/felipe/.vscode/extensions/uqbar.wollok-lsp-ide-0.3.6/out/server/src/server.js:2254:32415\n    at Array.map (<anonymous>)\n    at Jfn (/home/felipe/.vscode/extensions/uqbar.wollok-lsp-ide-0.3.6/out/server/src/server.js:2254:32339)\n    at k2.buildEnvironmentFrom (/home/felipe/.vscode/extensions/uqbar.wollok-lsp-ide-0.3.6/out/server/src/server.js:2285:6721)\n    at k2.updateEnvironmentWith (/home/felipe/.vscode/extensions/uqbar.wollok-lsp-ide-0.3.6/out/server/src/server.js:2285:6456)\n    at jL (/home/felipe/.vscode/extensions/uqbar.wollok-lsp-ide-0.3.6/out/server/src/server.js:2298:2292)\n    at v3.invoke (/home/felipe/.vscode/extensions/uqbar.wollok-lsp-ide-0.3.6/out/server/src/server.js:3:157200)\n    at o.fire (/home/felipe/.vscode/extensions/uqbar.wollok-lsp-ide-0.3.6/out/server/src/server.js:3:157970)\n    at /home/felipe/.vscode/extensions/uqbar.wollok-lsp-ide-0.3.6/out/server/src/server.js:37:57871\n    at Vr (/home/felipe/.vscode/extensions/uqbar.wollok-lsp-ide-0.3.6/out/server/src/server.js:8:1561)","timestamp":"2024-10-14T23:36:46.037Z"}
{"level":"info","message":"⌛ Building environment","timeElapsed":256,"timestamp":"2024-10-14T23:36:54.420Z"}
{"level":"info","message":"⌛ Validating testGranja.wtest","timeElapsed":240,"timestamp":"2024-10-14T23:36:54.720Z"}
{"level":"info","message":"⌛ Building environment","timeElapsed":200,"timestamp":"2024-10-14T23:37:00.513Z"}
{"level":"info","message":"⌛ Validating testGranja.wtest","timeElapsed":248,"timestamp":"2024-10-14T23:37:00.764Z"}
{"level":"info","message":"⌛ Building environment","timeElapsed":195,"timestamp":"2024-10-14T23:37:02.862Z"}
{"level":"info","message":"⌛ Validating testGranja.wtest","timeElapsed":205,"timestamp":"2024-10-14T23:37:03.069Z"}
{"level":"info","message":"⌛ Building environment","timeElapsed":166,"timestamp":"2024-10-14T23:37:03.303Z"}
{"level":"info","message":"⌛ Validating testGranja.wtest","timeElapsed":208,"timestamp":"2024-10-14T23:37:03.512Z"}
{"level":"info","message":"⌛ Building environment","timeElapsed":174,"timestamp":"2024-10-14T23:37:03.748Z"}
{"level":"info","message":"⌛ Validating testGranja.wtest","timeElapsed":210,"timestamp":"2024-10-14T23:37:03.959Z"}
{"level":"info","message":"⌛ Building environment","timeElapsed":166,"timestamp":"2024-10-14T23:37:04.135Z"}
{"level":"info","message":"⌛ Validating testGranja.wtest","timeElapsed":231,"timestamp":"2024-10-14T23:37:04.368Z"}
{"level":"info","message":"⌛ Building environment","timeElapsed":194,"timestamp":"2024-10-14T23:37:04.572Z"}
{"level":"info","message":"⌛ Validating testGranja.wtest","timeElapsed":204,"timestamp":"2024-10-14T23:37:04.784Z"}
{"level":"info","message":"⌛ Building environment","timeElapsed":167,"timestamp":"2024-10-14T23:37:05.009Z"}
{"level":"info","message":"⌛ Validating testGranja.wtest","timeElapsed":216,"timestamp":"2024-10-14T23:37:05.227Z"}
{"level":"info","message":"⌛ Building environment","timeElapsed":167,"timestamp":"2024-10-14T23:37:05.405Z"}
{"level":"info","message":"⌛ Validating testGranja.wtest","timeElapsed":220,"timestamp":"2024-10-14T23:37:05.627Z"}
{"level":"info","message":"⌛ Building environment","timeElapsed":258,"timestamp":"2024-10-14T23:37:06.280Z"}
{"level":"info","message":"⌛ Building environment","timeElapsed":173,"timestamp":"2024-10-14T23:37:06.510Z"}
{"level":"info","message":"⌛ Validating testGranja.wtest","timeElapsed":236,"timestamp":"2024-10-14T23:37:06.753Z"}
{"level":"info","message":"⌛ Building environment","timeElapsed":171,"timestamp":"2024-10-14T23:37:06.927Z"}
{"level":"info","message":"onRequest - completionItem/resolve","timestamp":"2024-10-14T23:37:06.927Z"}
{"level":"info","message":"⌛ Building environment","timeElapsed":219,"timestamp":"2024-10-14T23:37:07.147Z"}
{"level":"info","message":"onRequest - completionItem/resolve","timestamp":"2024-10-14T23:37:07.148Z"}
{"level":"info","message":"⌛ Validating testGranja.wtest","timeElapsed":217,"timestamp":"2024-10-14T23:37:07.366Z"}
{"level":"info","message":"⌛ Building environment","timeElapsed":225,"timestamp":"2024-10-14T23:37:07.593Z"}
{"level":"info","message":"onRequest - completionItem/resolve","timestamp":"2024-10-14T23:37:07.594Z"}
{"level":"info","message":"⌛ Building environment","timeElapsed":375,"timestamp":"2024-10-14T23:37:07.970Z"}
{"level":"info","message":"onRequest - completionItem/resolve","timestamp":"2024-10-14T23:37:07.972Z"}
{"level":"info","message":"⌛ Validating testGranja.wtest","timeElapsed":257,"timestamp":"2024-10-14T23:37:08.229Z"}
{"level":"info","message":"⌛ Validating testGranja.wtest","timeElapsed":202,"timestamp":"2024-10-14T23:37:08.441Z"}
{"level":"info","message":"onRequest - completionItem/resolve","timestamp":"2024-10-14T23:37:08.443Z"}
{"level":"info","message":"⌛ Building environment","timeElapsed":179,"timestamp":"2024-10-14T23:37:08.622Z"}
{"level":"info","message":"⌛ Validating testGranja.wtest","timeElapsed":215,"timestamp":"2024-10-14T23:37:08.845Z"}
{"level":"info","message":"⌛ Validating testGranja.wtest","timeElapsed":213,"timestamp":"2024-10-14T23:37:09.059Z"}
{"level":"info","message":"⌛ Building environment","timeElapsed":174,"timestamp":"2024-10-14T23:37:09.235Z"}
{"level":"info","message":"⌛ Validating testGranja.wtest","timeElapsed":208,"timestamp":"2024-10-14T23:37:09.449Z"}
{"level":"info","message":"⌛ Building environment","timeElapsed":171,"timestamp":"2024-10-14T23:37:09.630Z"}
{"level":"info","message":"⌛ Validating testGranja.wtest","timeElapsed":240,"timestamp":"2024-10-14T23:37:09.879Z"}
{"level":"info","message":"⌛ Building environment","timeElapsed":191,"timestamp":"2024-10-14T23:37:10.071Z"}
{"level":"info","message":"⌛ Validating testGranja.wtest","timeElapsed":215,"timestamp":"2024-10-14T23:37:10.326Z"}
{"level":"info","message":"⌛ Building environment","timeElapsed":176,"timestamp":"2024-10-14T23:37:10.503Z"}
{"level":"info","message":"⌛ Building environment","timeElapsed":165,"timestamp":"2024-10-14T23:37:10.675Z"}
{"level":"info","message":"⌛ Building environment","timeElapsed":245,"timestamp":"2024-10-14T23:37:10.921Z"}
{"level":"info","message":"⌛ Validating testGranja.wtest","timeElapsed":235,"timestamp":"2024-10-14T23:37:11.157Z"}
{"level":"info","message":"onRequest - completionItem/resolve","timestamp":"2024-10-14T23:37:11.157Z"}
{"level":"info","message":"⌛ Building environment","timeElapsed":300,"timestamp":"2024-10-14T23:37:11.459Z"}
{"level":"info","message":"onRequest - completionItem/resolve","timestamp":"2024-10-14T23:37:11.459Z"}
{"level":"info","message":"⌛ Building environment","timeElapsed":167,"timestamp":"2024-10-14T23:37:11.626Z"}
{"level":"info","message":"onRequest - completionItem/resolve","timestamp":"2024-10-14T23:37:11.627Z"}
{"level":"info","message":"⌛ Validating testGranja.wtest","timeElapsed":220,"timestamp":"2024-10-14T23:37:11.847Z"}
{"level":"info","message":"⌛ Validating testGranja.wtest","timeElapsed":347,"timestamp":"2024-10-14T23:37:12.202Z"}
{"level":"info","message":"⌛ Building environment","timeElapsed":194,"timestamp":"2024-10-14T23:37:12.400Z"}
{"level":"info","message":"⌛ Validating testGranja.wtest","timeElapsed":225,"timestamp":"2024-10-14T23:37:12.625Z"}
{"level":"info","message":"⌛ Validating testGranja.wtest","timeElapsed":211,"timestamp":"2024-10-14T23:37:12.846Z"}
{"level":"info","message":"⌛ Validating testGranja.wtest","timeElapsed":211,"timestamp":"2024-10-14T23:37:13.057Z"}
{"level":"info","message":"⌛ Validating testGranja.wtest","timeElapsed":199,"timestamp":"2024-10-14T23:37:13.257Z"}
{"level":"info","message":"⌛ Building environment","timeElapsed":217,"timestamp":"2024-10-14T23:37:14.735Z"}
{"level":"info","message":"⌛ Validating testGranja.wtest","timeElapsed":201,"timestamp":"2024-10-14T23:37:14.937Z"}
{"level":"info","message":"⌛ Building environment","timeElapsed":234,"timestamp":"2024-10-14T23:37:18.993Z"}
{"level":"info","message":"⌛ Building environment","timeElapsed":189,"timestamp":"2024-10-14T23:37:19.223Z"}
{"level":"info","message":"⌛ Validating testGranja.wtest","timeElapsed":215,"timestamp":"2024-10-14T23:37:19.438Z"}
{"level":"info","message":"onRequest - completionItem/resolve","timestamp":"2024-10-14T23:37:19.439Z"}
{"level":"info","message":"⌛ Building environment","timeElapsed":173,"timestamp":"2024-10-14T23:37:19.613Z"}
{"level":"info","message":"onRequest - completionItem/resolve","timestamp":"2024-10-14T23:37:19.613Z"}
{"level":"info","message":"⌛ Building environment","timeElapsed":185,"timestamp":"2024-10-14T23:37:19.799Z"}
{"level":"info","message":"onRequest - completionItem/resolve","timestamp":"2024-10-14T23:37:19.800Z"}
{"level":"info","message":"⌛ Validating testGranja.wtest","timeElapsed":239,"timestamp":"2024-10-14T23:37:20.039Z"}
{"level":"info","message":"⌛ Validating testGranja.wtest","timeElapsed":246,"timestamp":"2024-10-14T23:37:20.295Z"}
{"level":"info","message":"⌛ Validating testGranja.wtest","timeElapsed":238,"timestamp":"2024-10-14T23:37:20.534Z"}
{"level":"info","message":"⌛ Building environment","timeElapsed":191,"timestamp":"2024-10-14T23:37:20.727Z"}
{"level":"info","message":"onRequest - completionItem/resolve","timestamp":"2024-10-14T23:37:20.728Z"}
{"level":"info","message":"⌛ Building environment","timeElapsed":183,"timestamp":"2024-10-14T23:37:20.911Z"}
{"level":"info","message":"onRequest - completionItem/resolve","timestamp":"2024-10-14T23:37:20.912Z"}
{"level":"info","message":"⌛ Building environment","timeElapsed":171,"timestamp":"2024-10-14T23:37:21.083Z"}
{"level":"info","message":"onRequest - completionItem/resolve","timestamp":"2024-10-14T23:37:21.084Z"}
{"level":"info","message":"⌛ Validating testGranja.wtest","timeElapsed":225,"timestamp":"2024-10-14T23:37:21.310Z"}
{"level":"info","message":"⌛ Building environment","timeElapsed":174,"timestamp":"2024-10-14T23:37:21.484Z"}
{"level":"info","message":"⌛ Validating testGranja.wtest","timeElapsed":220,"timestamp":"2024-10-14T23:37:21.705Z"}
{"level":"info","message":"⌛ Building environment","timeElapsed":178,"timestamp":"2024-10-14T23:37:21.883Z"}
{"level":"info","message":"⌛ Validating testGranja.wtest","timeElapsed":200,"timestamp":"2024-10-14T23:37:22.127Z"}
{"level":"info","message":"⌛ Building environment","timeElapsed":193,"timestamp":"2024-10-14T23:37:22.322Z"}
{"level":"info","message":"⌛ Building environment","timeElapsed":222,"timestamp":"2024-10-14T23:37:22.546Z"}
{"level":"info","message":"⌛ Building environment","timeElapsed":215,"timestamp":"2024-10-14T23:37:22.761Z"}
{"level":"info","message":"⌛ Validating testGranja.wtest","timeElapsed":198,"timestamp":"2024-10-14T23:37:22.960Z"}
{"level":"info","message":"⌛ Building environment","timeElapsed":290,"timestamp":"2024-10-14T23:37:23.251Z"}
{"level":"info","message":"⌛ Validating testGranja.wtest","timeElapsed":213,"timestamp":"2024-10-14T23:37:23.464Z"}
{"level":"info","message":"onRequest - completionItem/resolve","timestamp":"2024-10-14T23:37:23.464Z"}
{"level":"info","message":"⌛ Building environment","timeElapsed":273,"timestamp":"2024-10-14T23:37:23.749Z"}
{"level":"info","message":"onRequest - completionItem/resolve","timestamp":"2024-10-14T23:37:23.750Z"}
{"level":"info","message":"⌛ Validating testGranja.wtest","timeElapsed":217,"timestamp":"2024-10-14T23:37:23.967Z"}
{"level":"info","message":"⌛ Validating testGranja.wtest","timeElapsed":242,"timestamp":"2024-10-14T23:37:24.217Z"}
{"level":"info","message":"⌛ Validating testGranja.wtest","timeElapsed":352,"timestamp":"2024-10-14T23:37:24.571Z"}
{"level":"info","message":"⌛ Validating testGranja.wtest","timeElapsed":217,"timestamp":"2024-10-14T23:37:24.789Z"}
{"level":"info","message":"⌛ Building environment","timeElapsed":309,"timestamp":"2024-10-14T23:37:25.099Z"}
{"level":"info","message":"⌛ Validating testGranja.wtest","timeElapsed":269,"timestamp":"2024-10-14T23:37:25.411Z"}
{"level":"info","message":"⌛ Building environment","timeElapsed":192,"timestamp":"2024-10-14T23:37:25.605Z"}
{"level":"info","message":"⌛ Building environment","timeElapsed":177,"timestamp":"2024-10-14T23:37:25.782Z"}
{"level":"info","message":"⌛ Building environment","timeElapsed":162,"timestamp":"2024-10-14T23:37:25.950Z"}
{"level":"info","message":"⌛ Building environment","timeElapsed":206,"timestamp":"2024-10-14T23:37:26.156Z"}
{"level":"info","message":"⌛ Building environment","timeElapsed":194,"timestamp":"2024-10-14T23:37:26.362Z"}
{"level":"info","message":"⌛ Building environment","timeElapsed":169,"timestamp":"2024-10-14T23:37:26.539Z"}
{"level":"info","message":"⌛ Validating testGranja.wtest","timeElapsed":220,"timestamp":"2024-10-14T23:37:26.760Z"}
{"level":"info","message":"onRequest - completionItem/resolve","timestamp":"2024-10-14T23:37:26.760Z"}
{"level":"info","message":"⌛ Building environment","timeElapsed":188,"timestamp":"2024-10-14T23:37:26.948Z"}
{"level":"info","message":"onRequest - completionItem/resolve","timestamp":"2024-10-14T23:37:26.948Z"}
{"level":"info","message":"⌛ Validating testGranja.wtest","timeElapsed":210,"timestamp":"2024-10-14T23:37:27.165Z"}
{"level":"info","message":"⌛ Validating testGranja.wtest","timeElapsed":226,"timestamp":"2024-10-14T23:37:27.393Z"}
{"level":"info","message":"⌛ Validating testGranja.wtest","timeElapsed":212,"timestamp":"2024-10-14T23:37:27.607Z"}
{"level":"info","message":"⌛ Building environment","timeElapsed":172,"timestamp":"2024-10-14T23:37:27.779Z"}
{"level":"info","message":"onRequest - completionItem/resolve","timestamp":"2024-10-14T23:37:27.780Z"}
{"level":"info","message":"⌛ Validating testGranja.wtest","timeElapsed":213,"timestamp":"2024-10-14T23:37:27.993Z"}
{"level":"info","message":"⌛ Building environment","timeElapsed":196,"timestamp":"2024-10-14T23:37:28.190Z"}
{"level":"info","message":"onRequest - completionItem/resolve","timestamp":"2024-10-14T23:37:28.190Z"}
{"level":"info","message":"⌛ Building environment","timeElapsed":296,"timestamp":"2024-10-14T23:37:28.487Z"}
{"level":"info","message":"onRequest - completionItem/resolve","timestamp":"2024-10-14T23:37:28.488Z"}
{"level":"info","message":"⌛ Validating testGranja.wtest","timeElapsed":199,"timestamp":"2024-10-14T23:37:28.688Z"}
{"level":"info","message":"⌛ Validating testGranja.wtest","timeElapsed":231,"timestamp":"2024-10-14T23:37:28.919Z"}
{"level":"info","message":"⌛ Validating testGranja.wtest","timeElapsed":217,"timestamp":"2024-10-14T23:37:29.146Z"}
{"level":"info","message":"⌛ Building environment","timeElapsed":235,"timestamp":"2024-10-14T23:37:29.384Z"}
{"level":"info","message":"⌛ Validating testGranja.wtest","timeElapsed":191,"timestamp":"2024-10-14T23:37:29.582Z"}
{"level":"info","message":"⌛ Validating testGranja.wtest","timeElapsed":294,"timestamp":"2024-10-14T23:37:29.877Z"}
{"level":"info","message":"⌛ Building environment","timeElapsed":164,"timestamp":"2024-10-14T23:37:30.042Z"}
{"level":"error","message":"✘ Completions for node failed: Error: [Send]{2933a2} at testGranja.wtest:78 exhausted all cases without a match [Send]{2933a2} at testGranja.wtest:78 exhausted all cases without a match","stack":"Error: [Send]{2933a2} at testGranja.wtest:78 exhausted all cases without a match\n    at /home/felipe/.vscode/extensions/uqbar.wollok-lsp-ide-0.3.6/out/server/src/server.js:38:6067\n    at yh (/home/felipe/.vscode/extensions/uqbar.wollok-lsp-ide-0.3.6/out/server/src/server.js:2291:42)\n    at kh (/home/felipe/.vscode/extensions/uqbar.wollok-lsp-ide-0.3.6/out/server/src/server.js:2291:1004)\n    at Y5n (/home/felipe/.vscode/extensions/uqbar.wollok-lsp-ide-0.3.6/out/server/src/server.js:2291:1160)\n    at /home/felipe/.vscode/extensions/uqbar.wollok-lsp-ide-0.3.6/out/server/src/server.js:38:6056\n    at yh (/home/felipe/.vscode/extensions/uqbar.wollok-lsp-ide-0.3.6/out/server/src/server.js:2291:42)\n    at /home/felipe/.vscode/extensions/uqbar.wollok-lsp-ide-0.3.6/out/server/src/server.js:2291:2700\n    at /home/felipe/.vscode/extensions/uqbar.wollok-lsp-ide-0.3.6/out/server/src/server.js:2298:3774\n    at /home/felipe/.vscode/extensions/uqbar.wollok-lsp-ide-0.3.6/out/server/src/server.js:37:74872\n    at Fe (/home/felipe/.vscode/extensions/uqbar.wollok-lsp-ide-0.3.6/out/server/src/server.js:7:8527)","timestamp":"2024-10-14T23:37:30.084Z"}
{"level":"info","message":"⌛ Building environment","timeElapsed":181,"timestamp":"2024-10-14T23:37:30.270Z"}
{"level":"info","message":"⌛ Validating testGranja.wtest","timeElapsed":276,"timestamp":"2024-10-14T23:37:30.548Z"}
{"level":"info","message":"⌛ Building environment","timeElapsed":221,"timestamp":"2024-10-14T23:37:30.772Z"}
{"level":"info","message":"⌛ Building environment","timeElapsed":171,"timestamp":"2024-10-14T23:37:30.943Z"}
{"level":"info","message":"⌛ Building environment","timeElapsed":165,"timestamp":"2024-10-14T23:37:31.108Z"}
{"level":"info","message":"⌛ Building environment","timeElapsed":160,"timestamp":"2024-10-14T23:37:31.273Z"}
{"level":"info","message":"⌛ Validating testGranja.wtest","timeElapsed":212,"timestamp":"2024-10-14T23:37:31.485Z"}
{"level":"info","message":"⌛ Validating testGranja.wtest","timeElapsed":215,"timestamp":"2024-10-14T23:37:31.709Z"}
{"level":"info","message":"onRequest - completionItem/resolve","timestamp":"2024-10-14T23:37:31.709Z"}
{"level":"info","message":"⌛ Building environment","timeElapsed":215,"timestamp":"2024-10-14T23:37:31.926Z"}
{"level":"info","message":"⌛ Validating testGranja.wtest","timeElapsed":221,"timestamp":"2024-10-14T23:37:32.187Z"}
{"level":"info","message":"⌛ Building environment","timeElapsed":185,"timestamp":"2024-10-14T23:37:32.372Z"}
{"level":"info","message":"⌛ Building environment","timeElapsed":175,"timestamp":"2024-10-14T23:37:32.554Z"}
{"level":"info","message":"⌛ Building environment","timeElapsed":175,"timestamp":"2024-10-14T23:37:32.730Z"}
{"level":"info","message":"⌛ Validating testGranja.wtest","timeElapsed":214,"timestamp":"2024-10-14T23:37:32.946Z"}
{"level":"info","message":"⌛ Validating testGranja.wtest","timeElapsed":197,"timestamp":"2024-10-14T23:37:33.143Z"}
{"level":"info","message":"⌛ Validating testGranja.wtest","timeElapsed":192,"timestamp":"2024-10-14T23:37:33.336Z"}
{"level":"info","message":"⌛ Validating testGranja.wtest","timeElapsed":204,"timestamp":"2024-10-14T23:37:33.550Z"}
{"level":"info","message":"⌛ Building environment","timeElapsed":171,"timestamp":"2024-10-14T23:37:33.722Z"}
{"level":"info","message":"⌛ Building environment","timeElapsed":168,"timestamp":"2024-10-14T23:37:33.890Z"}
{"level":"info","message":"⌛ Building environment","timeElapsed":157,"timestamp":"2024-10-14T23:37:34.053Z"}
{"level":"info","message":"⌛ Validating testGranja.wtest","timeElapsed":208,"timestamp":"2024-10-14T23:37:34.262Z"}
{"level":"info","message":"⌛ Building environment","timeElapsed":188,"timestamp":"2024-10-14T23:37:34.451Z"}
{"level":"info","message":"⌛ Building environment","timeElapsed":159,"timestamp":"2024-10-14T23:37:34.610Z"}
{"level":"info","message":"⌛ Validating testGranja.wtest","timeElapsed":193,"timestamp":"2024-10-14T23:37:34.804Z"}
{"level":"info","message":"⌛ Building environment","timeElapsed":188,"timestamp":"2024-10-14T23:37:34.992Z"}
{"level":"info","message":"⌛ Validating testGranja.wtest","timeElapsed":189,"timestamp":"2024-10-14T23:37:35.181Z"}
{"level":"info","message":"⌛ Validating testGranja.wtest","timeElapsed":230,"timestamp":"2024-10-14T23:37:35.419Z"}
{"level":"info","message":"⌛ Validating testGranja.wtest","timeElapsed":222,"timestamp":"2024-10-14T23:37:35.645Z"}
{"level":"info","message":"⌛ Validating testGranja.wtest","timeElapsed":220,"timestamp":"2024-10-14T23:37:35.866Z"}
{"level":"info","message":"⌛ Validating testGranja.wtest","timeElapsed":234,"timestamp":"2024-10-14T23:37:36.100Z"}
{"level":"info","message":"⌛ Validating testGranja.wtest","timeElapsed":241,"timestamp":"2024-10-14T23:37:36.341Z"}
{"level":"info","message":"⌛ Validating testGranja.wtest","timeElapsed":202,"timestamp":"2024-10-14T23:37:36.544Z"}
{"level":"info","message":"⌛ Validating testGranja.wtest","timeElapsed":188,"timestamp":"2024-10-14T23:37:36.733Z"}
{"level":"info","message":"⌛ Building environment","timeElapsed":205,"timestamp":"2024-10-14T23:37:36.940Z"}
{"level":"error","message":"✘ Completions for node failed: Error: [Send]{b587b9} at testGranja.wtest:78 exhausted all cases without a match [Send]{b587b9} at testGranja.wtest:78 exhausted all cases without a match","stack":"Error: [Send]{b587b9} at testGranja.wtest:78 exhausted all cases without a match\n    at /home/felipe/.vscode/extensions/uqbar.wollok-lsp-ide-0.3.6/out/server/src/server.js:38:6067\n    at yh (/home/felipe/.vscode/extensions/uqbar.wollok-lsp-ide-0.3.6/out/server/src/server.js:2291:42)\n    at kh (/home/felipe/.vscode/extensions/uqbar.wollok-lsp-ide-0.3.6/out/server/src/server.js:2291:1004)\n    at Y5n (/home/felipe/.vscode/extensions/uqbar.wollok-lsp-ide-0.3.6/out/server/src/server.js:2291:1160)\n    at /home/felipe/.vscode/extensions/uqbar.wollok-lsp-ide-0.3.6/out/server/src/server.js:38:6056\n    at yh (/home/felipe/.vscode/extensions/uqbar.wollok-lsp-ide-0.3.6/out/server/src/server.js:2291:42)\n    at /home/felipe/.vscode/extensions/uqbar.wollok-lsp-ide-0.3.6/out/server/src/server.js:2291:2700\n    at /home/felipe/.vscode/extensions/uqbar.wollok-lsp-ide-0.3.6/out/server/src/server.js:2298:3774\n    at /home/felipe/.vscode/extensions/uqbar.wollok-lsp-ide-0.3.6/out/server/src/server.js:37:74872\n    at Fe (/home/felipe/.vscode/extensions/uqbar.wollok-lsp-ide-0.3.6/out/server/src/server.js:7:8527)","timestamp":"2024-10-14T23:37:36.984Z"}
{"level":"info","message":"⌛ Building environment","timeElapsed":366,"timestamp":"2024-10-14T23:37:37.356Z"}
{"level":"info","message":"⌛ Building environment","timeElapsed":173,"timestamp":"2024-10-14T23:37:37.529Z"}
{"level":"info","message":"⌛ Building environment","timeElapsed":162,"timestamp":"2024-10-14T23:37:37.693Z"}
{"level":"info","message":"⌛ Building environment","timeElapsed":160,"timestamp":"2024-10-14T23:37:37.858Z"}
{"level":"info","message":"⌛ Building environment","timeElapsed":357,"timestamp":"2024-10-14T23:37:38.216Z"}
{"level":"info","message":"⌛ Building environment","timeElapsed":164,"timestamp":"2024-10-14T23:37:38.389Z"}
{"level":"info","message":"⌛ Building environment","timeElapsed":169,"timestamp":"2024-10-14T23:37:38.558Z"}
{"level":"info","message":"⌛ Validating testGranja.wtest","timeElapsed":243,"timestamp":"2024-10-14T23:37:38.802Z"}
{"level":"info","message":"⌛ Building environment","timeElapsed":165,"timestamp":"2024-10-14T23:37:38.968Z"}
{"level":"info","message":"⌛ Building environment","timeElapsed":169,"timestamp":"2024-10-14T23:37:39.138Z"}
{"level":"info","message":"⌛ Building environment","timeElapsed":162,"timestamp":"2024-10-14T23:37:39.302Z"}
{"level":"info","message":"⌛ Validating testGranja.wtest","timeElapsed":220,"timestamp":"2024-10-14T23:37:39.526Z"}
{"level":"info","message":"⌛ Building environment","timeElapsed":228,"timestamp":"2024-10-14T23:37:39.755Z"}
{"level":"info","message":"⌛ Validating testGranja.wtest","timeElapsed":217,"timestamp":"2024-10-14T23:37:39.974Z"}
{"level":"info","message":"⌛ Validating testGranja.wtest","timeElapsed":230,"timestamp":"2024-10-14T23:37:40.205Z"}
{"level":"info","message":"⌛ Validating testGranja.wtest","timeElapsed":223,"timestamp":"2024-10-14T23:37:40.438Z"}
{"level":"info","message":"⌛ Building environment","timeElapsed":163,"timestamp":"2024-10-14T23:37:40.602Z"}
{"level":"error","message":"✘ Completions for node failed: Error: [Send]{759660} at testGranja.wtest:78 exhausted all cases without a match [Send]{759660} at testGranja.wtest:78 exhausted all cases without a match","stack":"Error: [Send]{759660} at testGranja.wtest:78 exhausted all cases without a match\n    at /home/felipe/.vscode/extensions/uqbar.wollok-lsp-ide-0.3.6/out/server/src/server.js:38:6067\n    at yh (/home/felipe/.vscode/extensions/uqbar.wollok-lsp-ide-0.3.6/out/server/src/server.js:2291:42)\n    at kh (/home/felipe/.vscode/extensions/uqbar.wollok-lsp-ide-0.3.6/out/server/src/server.js:2291:1004)\n    at Y5n (/home/felipe/.vscode/extensions/uqbar.wollok-lsp-ide-0.3.6/out/server/src/server.js:2291:1160)\n    at /home/felipe/.vscode/extensions/uqbar.wollok-lsp-ide-0.3.6/out/server/src/server.js:38:6056\n    at yh (/home/felipe/.vscode/extensions/uqbar.wollok-lsp-ide-0.3.6/out/server/src/server.js:2291:42)\n    at /home/felipe/.vscode/extensions/uqbar.wollok-lsp-ide-0.3.6/out/server/src/server.js:2291:2700\n    at /home/felipe/.vscode/extensions/uqbar.wollok-lsp-ide-0.3.6/out/server/src/server.js:2298:3774\n    at /home/felipe/.vscode/extensions/uqbar.wollok-lsp-ide-0.3.6/out/server/src/server.js:37:74872\n    at Fe (/home/felipe/.vscode/extensions/uqbar.wollok-lsp-ide-0.3.6/out/server/src/server.js:7:8527)","timestamp":"2024-10-14T23:37:40.644Z"}
{"level":"info","message":"⌛ Building environment","timeElapsed":161,"timestamp":"2024-10-14T23:37:40.810Z"}
{"level":"info","message":"⌛ Validating testGranja.wtest","timeElapsed":223,"timestamp":"2024-10-14T23:37:41.038Z"}
{"level":"info","message":"⌛ Validating testGranja.wtest","timeElapsed":213,"timestamp":"2024-10-14T23:37:41.253Z"}
{"level":"info","message":"⌛ Building environment","timeElapsed":165,"timestamp":"2024-10-14T23:37:41.420Z"}
{"level":"info","message":"⌛ Validating testGranja.wtest","timeElapsed":221,"timestamp":"2024-10-14T23:37:41.647Z"}
{"level":"info","message":"⌛ Building environment","timeElapsed":165,"timestamp":"2024-10-14T23:37:41.813Z"}
{"level":"error","message":"✘ Completions for node failed: Error: [Send]{f4e3a6} at testGranja.wtest:78 exhausted all cases without a match [Send]{f4e3a6} at testGranja.wtest:78 exhausted all cases without a match","stack":"Error: [Send]{f4e3a6} at testGranja.wtest:78 exhausted all cases without a match\n    at /home/felipe/.vscode/extensions/uqbar.wollok-lsp-ide-0.3.6/out/server/src/server.js:38:6067\n    at yh (/home/felipe/.vscode/extensions/uqbar.wollok-lsp-ide-0.3.6/out/server/src/server.js:2291:42)\n    at kh (/home/felipe/.vscode/extensions/uqbar.wollok-lsp-ide-0.3.6/out/server/src/server.js:2291:1004)\n    at Y5n (/home/felipe/.vscode/extensions/uqbar.wollok-lsp-ide-0.3.6/out/server/src/server.js:2291:1160)\n    at /home/felipe/.vscode/extensions/uqbar.wollok-lsp-ide-0.3.6/out/server/src/server.js:38:6056\n    at yh (/home/felipe/.vscode/extensions/uqbar.wollok-lsp-ide-0.3.6/out/server/src/server.js:2291:42)\n    at /home/felipe/.vscode/extensions/uqbar.wollok-lsp-ide-0.3.6/out/server/src/server.js:2291:2700\n    at /home/felipe/.vscode/extensions/uqbar.wollok-lsp-ide-0.3.6/out/server/src/server.js:2298:3774\n    at /home/felipe/.vscode/extensions/uqbar.wollok-lsp-ide-0.3.6/out/server/src/server.js:37:74872\n    at Fe (/home/felipe/.vscode/extensions/uqbar.wollok-lsp-ide-0.3.6/out/server/src/server.js:7:8527)","timestamp":"2024-10-14T23:37:41.857Z"}
{"level":"info","message":"⌛ Validating testGranja.wtest","timeElapsed":210,"timestamp":"2024-10-14T23:37:42.072Z"}
{"level":"info","message":"⌛ Building environment","timeElapsed":164,"timestamp":"2024-10-14T23:37:42.238Z"}
{"level":"info","message":"⌛ Validating testGranja.wtest","timeElapsed":197,"timestamp":"2024-10-14T23:37:42.441Z"}
{"level":"info","message":"⌛ Validating testGranja.wtest","timeElapsed":236,"timestamp":"2024-10-14T23:37:42.679Z"}
{"level":"info","message":"⌛ Building environment","timeElapsed":165,"timestamp":"2024-10-14T23:37:42.845Z"}
{"level":"info","message":"⌛ Validating testGranja.wtest","timeElapsed":214,"timestamp":"2024-10-14T23:37:43.069Z"}
{"level":"info","message":"⌛ Building environment","timeElapsed":172,"timestamp":"2024-10-14T23:37:43.241Z"}
{"level":"info","message":"⌛ Building environment","timeElapsed":169,"timestamp":"2024-10-14T23:37:43.415Z"}
{"level":"info","message":"⌛ Building environment","timeElapsed":176,"timestamp":"2024-10-14T23:37:43.592Z"}
{"level":"info","message":"⌛ Validating testGranja.wtest","timeElapsed":199,"timestamp":"2024-10-14T23:37:43.792Z"}
{"level":"info","message":"⌛ Validating testGranja.wtest","timeElapsed":203,"timestamp":"2024-10-14T23:37:44.004Z"}
{"level":"info","message":"⌛ Building environment","timeElapsed":161,"timestamp":"2024-10-14T23:37:44.165Z"}
{"level":"info","message":"⌛ Building environment","timeElapsed":397,"timestamp":"2024-10-14T23:37:44.562Z"}
{"level":"info","message":"⌛ Building environment","timeElapsed":257,"timestamp":"2024-10-14T23:37:44.820Z"}
{"level":"info","message":"⌛ Validating testGranja.wtest","timeElapsed":224,"timestamp":"2024-10-14T23:37:45.050Z"}
{"level":"info","message":"⌛ Building environment","timeElapsed":253,"timestamp":"2024-10-14T23:37:45.306Z"}
{"level":"info","message":"⌛ Validating testGranja.wtest","timeElapsed":207,"timestamp":"2024-10-14T23:37:45.523Z"}
{"level":"info","message":"⌛ Validating testGranja.wtest","timeElapsed":199,"timestamp":"2024-10-14T23:37:45.723Z"}
{"level":"info","message":"⌛ Building environment","timeElapsed":169,"timestamp":"2024-10-14T23:37:45.894Z"}
{"level":"error","message":"✘ Completions for node failed: Error: [Send]{a1b681} at testGranja.wtest:78 exhausted all cases without a match [Send]{a1b681} at testGranja.wtest:78 exhausted all cases without a match","stack":"Error: [Send]{a1b681} at testGranja.wtest:78 exhausted all cases without a match\n    at /home/felipe/.vscode/extensions/uqbar.wollok-lsp-ide-0.3.6/out/server/src/server.js:38:6067\n    at yh (/home/felipe/.vscode/extensions/uqbar.wollok-lsp-ide-0.3.6/out/server/src/server.js:2291:42)\n    at kh (/home/felipe/.vscode/extensions/uqbar.wollok-lsp-ide-0.3.6/out/server/src/server.js:2291:1004)\n    at Y5n (/home/felipe/.vscode/extensions/uqbar.wollok-lsp-ide-0.3.6/out/server/src/server.js:2291:1160)\n    at /home/felipe/.vscode/extensions/uqbar.wollok-lsp-ide-0.3.6/out/server/src/server.js:38:6056\n    at yh (/home/felipe/.vscode/extensions/uqbar.wollok-lsp-ide-0.3.6/out/server/src/server.js:2291:42)\n    at /home/felipe/.vscode/extensions/uqbar.wollok-lsp-ide-0.3.6/out/server/src/server.js:2291:2700\n    at /home/felipe/.vscode/extensions/uqbar.wollok-lsp-ide-0.3.6/out/server/src/server.js:2298:3774\n    at /home/felipe/.vscode/extensions/uqbar.wollok-lsp-ide-0.3.6/out/server/src/server.js:37:74872\n    at Fe (/home/felipe/.vscode/extensions/uqbar.wollok-lsp-ide-0.3.6/out/server/src/server.js:7:8527)","timestamp":"2024-10-14T23:37:45.936Z"}
{"level":"info","message":"⌛ Validating testGranja.wtest","timeElapsed":204,"timestamp":"2024-10-14T23:37:46.144Z"}
{"level":"info","message":"⌛ Building environment","timeElapsed":385,"timestamp":"2024-10-14T23:37:46.532Z"}
{"level":"info","message":"⌛ Building environment","timeElapsed":186,"timestamp":"2024-10-14T23:37:46.729Z"}
{"level":"info","message":"⌛ Validating testGranja.wtest","timeElapsed":244,"timestamp":"2024-10-14T23:37:46.974Z"}
{"level":"info","message":"⌛ Validating testGranja.wtest","timeElapsed":203,"timestamp":"2024-10-14T23:37:47.177Z"}
{"level":"info","message":"⌛ Building environment","timeElapsed":168,"timestamp":"2024-10-14T23:37:47.353Z"}
{"level":"info","message":"⌛ Validating testGranja.wtest","timeElapsed":189,"timestamp":"2024-10-14T23:37:47.543Z"}
{"level":"info","message":"⌛ Validating testGranja.wtest","timeElapsed":202,"timestamp":"2024-10-14T23:37:47.755Z"}
{"level":"info","message":"⌛ Building environment","timeElapsed":166,"timestamp":"2024-10-14T23:37:47.921Z"}
{"level":"info","message":"⌛ Validating testGranja.wtest","timeElapsed":201,"timestamp":"2024-10-14T23:37:48.124Z"}
{"level":"info","message":"⌛ Validating testGranja.wtest","timeElapsed":199,"timestamp":"2024-10-14T23:37:48.332Z"}
{"level":"info","message":"⌛ Building environment","timeElapsed":163,"timestamp":"2024-10-14T23:37:48.497Z"}
{"level":"info","message":"⌛ Building environment","timeElapsed":174,"timestamp":"2024-10-14T23:37:48.673Z"}
{"level":"info","message":"⌛ Building environment","timeElapsed":167,"timestamp":"2024-10-14T23:37:48.840Z"}
{"level":"info","message":"⌛ Building environment","timeElapsed":160,"timestamp":"2024-10-14T23:37:49.001Z"}
{"level":"info","message":"⌛ Validating testGranja.wtest","timeElapsed":234,"timestamp":"2024-10-14T23:37:49.236Z"}
{"level":"info","message":"⌛ Validating testGranja.wtest","timeElapsed":218,"timestamp":"2024-10-14T23:37:49.464Z"}
{"level":"info","message":"⌛ Validating testGranja.wtest","timeElapsed":259,"timestamp":"2024-10-14T23:37:49.724Z"}
{"level":"info","message":"⌛ Building environment","timeElapsed":176,"timestamp":"2024-10-14T23:37:49.904Z"}
{"level":"info","message":"⌛ Validating testGranja.wtest","timeElapsed":231,"timestamp":"2024-10-14T23:37:50.136Z"}
{"level":"info","message":"⌛ Validating testGranja.wtest","timeElapsed":206,"timestamp":"2024-10-14T23:37:50.350Z"}
{"level":"info","message":"⌛ Validating testGranja.wtest","timeElapsed":217,"timestamp":"2024-10-14T23:37:50.567Z"}
{"level":"info","message":"⌛ Building environment","timeElapsed":282,"timestamp":"2024-10-14T23:37:50.851Z"}
{"level":"info","message":"⌛ Validating testGranja.wtest","timeElapsed":208,"timestamp":"2024-10-14T23:37:51.060Z"}
{"level":"error","message":"✘ Completions for node failed: Error: [Send]{2288fa} at testGranja.wtest:78 exhausted all cases without a match [Send]{2288fa} at testGranja.wtest:78 exhausted all cases without a match","stack":"Error: [Send]{2288fa} at testGranja.wtest:78 exhausted all cases without a match\n    at /home/felipe/.vscode/extensions/uqbar.wollok-lsp-ide-0.3.6/out/server/src/server.js:38:6067\n    at yh (/home/felipe/.vscode/extensions/uqbar.wollok-lsp-ide-0.3.6/out/server/src/server.js:2291:42)\n    at kh (/home/felipe/.vscode/extensions/uqbar.wollok-lsp-ide-0.3.6/out/server/src/server.js:2291:1004)\n    at Y5n (/home/felipe/.vscode/extensions/uqbar.wollok-lsp-ide-0.3.6/out/server/src/server.js:2291:1160)\n    at /home/felipe/.vscode/extensions/uqbar.wollok-lsp-ide-0.3.6/out/server/src/server.js:38:6056\n    at yh (/home/felipe/.vscode/extensions/uqbar.wollok-lsp-ide-0.3.6/out/server/src/server.js:2291:42)\n    at /home/felipe/.vscode/extensions/uqbar.wollok-lsp-ide-0.3.6/out/server/src/server.js:2291:2700\n    at /home/felipe/.vscode/extensions/uqbar.wollok-lsp-ide-0.3.6/out/server/src/server.js:2298:3774\n    at /home/felipe/.vscode/extensions/uqbar.wollok-lsp-ide-0.3.6/out/server/src/server.js:37:74872\n    at Fe (/home/felipe/.vscode/extensions/uqbar.wollok-lsp-ide-0.3.6/out/server/src/server.js:7:8527)","timestamp":"2024-10-14T23:37:51.099Z"}
{"level":"error","message":"✘ Completions for node failed: Error: [Send]{05b0b8} at testGranja.wtest:78 exhausted all cases without a match [Send]{05b0b8} at testGranja.wtest:78 exhausted all cases without a match","stack":"Error: [Send]{05b0b8} at testGranja.wtest:78 exhausted all cases without a match\n    at /home/felipe/.vscode/extensions/uqbar.wollok-lsp-ide-0.3.6/out/server/src/server.js:38:6067\n    at yh (/home/felipe/.vscode/extensions/uqbar.wollok-lsp-ide-0.3.6/out/server/src/server.js:2291:42)\n    at kh (/home/felipe/.vscode/extensions/uqbar.wollok-lsp-ide-0.3.6/out/server/src/server.js:2291:1004)\n    at yh (/home/felipe/.vscode/extensions/uqbar.wollok-lsp-ide-0.3.6/out/server/src/server.js:2291:456)\n    at kh (/home/felipe/.vscode/extensions/uqbar.wollok-lsp-ide-0.3.6/out/server/src/server.js:2291:1004)\n    at Y5n (/home/felipe/.vscode/extensions/uqbar.wollok-lsp-ide-0.3.6/out/server/src/server.js:2291:1160)\n    at /home/felipe/.vscode/extensions/uqbar.wollok-lsp-ide-0.3.6/out/server/src/server.js:38:6056\n    at yh (/home/felipe/.vscode/extensions/uqbar.wollok-lsp-ide-0.3.6/out/server/src/server.js:2291:42)\n    at /home/felipe/.vscode/extensions/uqbar.wollok-lsp-ide-0.3.6/out/server/src/server.js:2291:2700\n    at /home/felipe/.vscode/extensions/uqbar.wollok-lsp-ide-0.3.6/out/server/src/server.js:2298:3774","timestamp":"2024-10-14T23:37:51.100Z"}
{"level":"info","message":"⌛ Building environment","timeElapsed":185,"timestamp":"2024-10-14T23:37:51.289Z"}
{"level":"info","message":"⌛ Validating testGranja.wtest","timeElapsed":197,"timestamp":"2024-10-14T23:37:51.486Z"}
{"level":"info","message":"⌛ Building environment","timeElapsed":165,"timestamp":"2024-10-14T23:37:51.651Z"}
{"level":"info","message":"⌛ Validating testGranja.wtest","timeElapsed":210,"timestamp":"2024-10-14T23:37:51.862Z"}
{"level":"info","message":"⌛ Validating testGranja.wtest","timeElapsed":202,"timestamp":"2024-10-14T23:37:52.064Z"}
{"level":"info","message":"⌛ Building environment","timeElapsed":176,"timestamp":"2024-10-14T23:37:52.243Z"}
{"level":"info","message":"⌛ Building environment","timeElapsed":161,"timestamp":"2024-10-14T23:37:52.404Z"}
{"level":"info","message":"⌛ Building environment","timeElapsed":166,"timestamp":"2024-10-14T23:37:52.571Z"}
{"level":"info","message":"⌛ Validating testGranja.wtest","timeElapsed":217,"timestamp":"2024-10-14T23:37:52.800Z"}
{"level":"info","message":"⌛ Building environment","timeElapsed":164,"timestamp":"2024-10-14T23:37:52.967Z"}
{"level":"info","message":"⌛ Building environment","timeElapsed":172,"timestamp":"2024-10-14T23:37:53.179Z"}
{"level":"info","message":"⌛ Building environment","timeElapsed":175,"timestamp":"2024-10-14T23:37:53.355Z"}
{"level":"info","message":"⌛ Building environment","timeElapsed":174,"timestamp":"2024-10-14T23:37:53.530Z"}
{"level":"info","message":"⌛ Building environment","timeElapsed":169,"timestamp":"2024-10-14T23:37:53.706Z"}
{"level":"info","message":"⌛ Building environment","timeElapsed":161,"timestamp":"2024-10-14T23:37:53.867Z"}
{"level":"info","message":"⌛ Building environment","timeElapsed":155,"timestamp":"2024-10-14T23:37:54.024Z"}
{"level":"info","message":"⌛ Validating testGranja.wtest","timeElapsed":200,"timestamp":"2024-10-14T23:37:54.230Z"}
{"level":"info","message":"⌛ Building environment","timeElapsed":203,"timestamp":"2024-10-14T23:37:54.434Z"}
{"level":"info","message":"⌛ Building environment","timeElapsed":166,"timestamp":"2024-10-14T23:37:54.601Z"}
{"level":"info","message":"⌛ Validating testGranja.wtest","timeElapsed":188,"timestamp":"2024-10-14T23:37:54.791Z"}
{"level":"info","message":"⌛ Validating testGranja.wtest","timeElapsed":209,"timestamp":"2024-10-14T23:37:55.010Z"}
{"level":"info","message":"⌛ Validating testGranja.wtest","timeElapsed":210,"timestamp":"2024-10-14T23:37:55.222Z"}
{"level":"info","message":"⌛ Validating testGranja.wtest","timeElapsed":200,"timestamp":"2024-10-14T23:37:55.423Z"}
{"level":"info","message":"⌛ Validating testGranja.wtest","timeElapsed":218,"timestamp":"2024-10-14T23:37:55.642Z"}
{"level":"info","message":"⌛ Building environment","timeElapsed":254,"timestamp":"2024-10-14T23:37:55.897Z"}
{"level":"info","message":"⌛ Validating testGranja.wtest","timeElapsed":192,"timestamp":"2024-10-14T23:37:56.104Z"}
{"level":"info","message":"⌛ Validating testGranja.wtest","timeElapsed":348,"timestamp":"2024-10-14T23:37:56.456Z"}
{"level":"info","message":"⌛ Validating testGranja.wtest","timeElapsed":213,"timestamp":"2024-10-14T23:37:56.671Z"}
{"level":"info","message":"⌛ Validating testGranja.wtest","timeElapsed":208,"timestamp":"2024-10-14T23:37:56.879Z"}
{"level":"info","message":"⌛ Validating testGranja.wtest","timeElapsed":203,"timestamp":"2024-10-14T23:37:57.082Z"}
{"level":"info","message":"⌛ Validating testGranja.wtest","timeElapsed":216,"timestamp":"2024-10-14T23:37:57.298Z"}
{"level":"info","message":"⌛ Validating testGranja.wtest","timeElapsed":221,"timestamp":"2024-10-14T23:37:57.519Z"}
{"level":"info","message":"⌛ Validating testGranja.wtest","timeElapsed":206,"timestamp":"2024-10-14T23:37:57.728Z"}
{"level":"info","message":"⌛ Validating testGranja.wtest","timeElapsed":203,"timestamp":"2024-10-14T23:37:57.932Z"}
{"level":"info","message":"⌛ Validating testGranja.wtest","timeElapsed":208,"timestamp":"2024-10-14T23:37:58.140Z"}
{"failures":[],"level":"info","message":"🧪 Test runner executed on /home/felipe/Documents/Universidad/Proramacion_Con_Objetos_1/2024s2-granja-villa-FeliQI-main/2024s2-granja-villa-FeliQI-5","result":{"failed":0,"ok":1},"timeElapsed":1023,"timestamp":"2024-10-14T23:38:01.528Z"}
{"level":"info","message":"⌛ Building environment","timeElapsed":323,"timestamp":"2024-10-14T23:38:06.625Z"}
{"level":"info","message":"⌛ Building environment","timeElapsed":262,"timestamp":"2024-10-14T23:38:06.888Z"}
{"level":"info","message":"⌛ Validating testGranja.wtest","timeElapsed":207,"timestamp":"2024-10-14T23:38:07.096Z"}
{"level":"info","message":"⌛ Validating testGranja.wtest","timeElapsed":218,"timestamp":"2024-10-14T23:38:07.315Z"}
{"level":"info","message":"⌛ Building environment","timeElapsed":301,"timestamp":"2024-10-14T23:38:38.881Z"}
{"level":"info","message":"⌛ Autocomplete - Describe","timeElapsed":113,"timestamp":"2024-10-14T23:38:39.000Z"}
{"level":"info","message":"⌛ Building environment","timeElapsed":198,"timestamp":"2024-10-14T23:38:39.201Z"}
{"level":"info","message":"⌛ Building environment","timeElapsed":184,"timestamp":"2024-10-14T23:38:39.387Z"}
{"level":"info","message":"⌛ Validating testGranja.wtest","timeElapsed":244,"timestamp":"2024-10-14T23:38:39.631Z"}
{"level":"error","message":"✘ Failed to rebuild document Failed to parse testGranja.wtest: \n-- PARSING FAILED --------------------------------------------------\n\n  80 | \n  81 |   test\n> 82 | }\n     | ^\n\nExpected one of the following: \n\nstring literal, whitespace\n","stack":"Error: Failed to parse testGranja.wtest: \n-- PARSING FAILED --------------------------------------------------\n\n  80 | \n  81 |   test\n> 82 | }\n     | ^\n\nExpected one of the following: \n\nstring literal, whitespace\n\n    at /home/felipe/.vscode/extensions/uqbar.wollok-lsp-ide-0.3.6/out/server/src/server.js:2254:32415\n    at Array.map (<anonymous>)\n    at Jfn (/home/felipe/.vscode/extensions/uqbar.wollok-lsp-ide-0.3.6/out/server/src/server.js:2254:32339)\n    at k2.buildEnvironmentFrom (/home/felipe/.vscode/extensions/uqbar.wollok-lsp-ide-0.3.6/out/server/src/server.js:2285:6721)\n    at k2.updateEnvironmentWith (/home/felipe/.vscode/extensions/uqbar.wollok-lsp-ide-0.3.6/out/server/src/server.js:2285:6456)\n    at jL (/home/felipe/.vscode/extensions/uqbar.wollok-lsp-ide-0.3.6/out/server/src/server.js:2298:2292)\n    at v3.invoke (/home/felipe/.vscode/extensions/uqbar.wollok-lsp-ide-0.3.6/out/server/src/server.js:3:157200)\n    at o.fire (/home/felipe/.vscode/extensions/uqbar.wollok-lsp-ide-0.3.6/out/server/src/server.js:3:157970)\n    at /home/felipe/.vscode/extensions/uqbar.wollok-lsp-ide-0.3.6/out/server/src/server.js:37:57871\n    at Vr (/home/felipe/.vscode/extensions/uqbar.wollok-lsp-ide-0.3.6/out/server/src/server.js:8:1561)","timestamp":"2024-10-14T23:38:39.745Z"}
{"level":"info","message":"onRequest - completionItem/resolve","timestamp":"2024-10-14T23:38:39.745Z"}
{"level":"info","message":"⌛ Validating testGranja.wtest","timeElapsed":244,"timestamp":"2024-10-14T23:38:39.990Z"}
{"level":"info","message":"⌛ Validating testGranja.wtest","timeElapsed":205,"timestamp":"2024-10-14T23:38:40.208Z"}
{"level":"error","message":"✘ Failed to rebuild document Failed to parse testGranja.wtest: \n-- PARSING FAILED --------------------------------------------------\n\n  80 | \n  81 |   test \n> 82 | }\n     | ^\n\nExpected one of the following: \n\nstring literal, whitespace\n","stack":"Error: Failed to parse testGranja.wtest: \n-- PARSING FAILED --------------------------------------------------\n\n  80 | \n  81 |   test \n> 82 | }\n     | ^\n\nExpected one of the following: \n\nstring literal, whitespace\n\n    at /home/felipe/.vscode/extensions/uqbar.wollok-lsp-ide-0.3.6/out/server/src/server.js:2254:32415\n    at Array.map (<anonymous>)\n    at Jfn (/home/felipe/.vscode/extensions/uqbar.wollok-lsp-ide-0.3.6/out/server/src/server.js:2254:32339)\n    at k2.buildEnvironmentFrom (/home/felipe/.vscode/extensions/uqbar.wollok-lsp-ide-0.3.6/out/server/src/server.js:2285:6721)\n    at k2.updateEnvironmentWith (/home/felipe/.vscode/extensions/uqbar.wollok-lsp-ide-0.3.6/out/server/src/server.js:2285:6456)\n    at jL (/home/felipe/.vscode/extensions/uqbar.wollok-lsp-ide-0.3.6/out/server/src/server.js:2298:2292)\n    at v3.invoke (/home/felipe/.vscode/extensions/uqbar.wollok-lsp-ide-0.3.6/out/server/src/server.js:3:157200)\n    at o.fire (/home/felipe/.vscode/extensions/uqbar.wollok-lsp-ide-0.3.6/out/server/src/server.js:3:157970)\n    at /home/felipe/.vscode/extensions/uqbar.wollok-lsp-ide-0.3.6/out/server/src/server.js:37:57871\n    at Vr (/home/felipe/.vscode/extensions/uqbar.wollok-lsp-ide-0.3.6/out/server/src/server.js:8:1561)","timestamp":"2024-10-14T23:38:40.264Z"}
{"level":"error","message":"✘ Failed to rebuild document Failed to parse testGranja.wtest: \n-- PARSING FAILED --------------------------------------------------\n\n  80 | \n  81 |   test \"\"\n> 82 | }\n     | ^\n\nExpected one of the following: \n\n'@', '{', comment, whitespace\n","stack":"Error: Failed to parse testGranja.wtest: \n-- PARSING FAILED --------------------------------------------------\n\n  80 | \n  81 |   test \"\"\n> 82 | }\n     | ^\n\nExpected one of the following: \n\n'@', '{', comment, whitespace\n\n    at /home/felipe/.vscode/extensions/uqbar.wollok-lsp-ide-0.3.6/out/server/src/server.js:2254:32415\n    at Array.map (<anonymous>)\n    at Jfn (/home/felipe/.vscode/extensions/uqbar.wollok-lsp-ide-0.3.6/out/server/src/server.js:2254:32339)\n    at k2.buildEnvironmentFrom (/home/felipe/.vscode/extensions/uqbar.wollok-lsp-ide-0.3.6/out/server/src/server.js:2285:6721)\n    at k2.updateEnvironmentWith (/home/felipe/.vscode/extensions/uqbar.wollok-lsp-ide-0.3.6/out/server/src/server.js:2285:6456)\n    at jL (/home/felipe/.vscode/extensions/uqbar.wollok-lsp-ide-0.3.6/out/server/src/server.js:2298:2292)\n    at v3.invoke (/home/felipe/.vscode/extensions/uqbar.wollok-lsp-ide-0.3.6/out/server/src/server.js:3:157200)\n    at o.fire (/home/felipe/.vscode/extensions/uqbar.wollok-lsp-ide-0.3.6/out/server/src/server.js:3:157970)\n    at /home/felipe/.vscode/extensions/uqbar.wollok-lsp-ide-0.3.6/out/server/src/server.js:37:57871\n    at Vr (/home/felipe/.vscode/extensions/uqbar.wollok-lsp-ide-0.3.6/out/server/src/server.js:8:1561)","timestamp":"2024-10-14T23:38:41.721Z"}
{"level":"error","message":"✘ Failed to rebuild document Failed to parse testGranja.wtest: \n-- PARSING FAILED --------------------------------------------------\n\n  80 | \n  81 |   test \"C\"\n> 82 | }\n     | ^\n\nExpected one of the following: \n\n'@', '{', comment, whitespace\n","stack":"Error: Failed to parse testGranja.wtest: \n-- PARSING FAILED --------------------------------------------------\n\n  80 | \n  81 |   test \"C\"\n> 82 | }\n     | ^\n\nExpected one of the following: \n\n'@', '{', comment, whitespace\n\n    at /home/felipe/.vscode/extensions/uqbar.wollok-lsp-ide-0.3.6/out/server/src/server.js:2254:32415\n    at Array.map (<anonymous>)\n    at Jfn (/home/felipe/.vscode/extensions/uqbar.wollok-lsp-ide-0.3.6/out/server/src/server.js:2254:32339)\n    at k2.buildEnvironmentFrom (/home/felipe/.vscode/extensions/uqbar.wollok-lsp-ide-0.3.6/out/server/src/server.js:2285:6721)\n    at k2.updateEnvironmentWith (/home/felipe/.vscode/extensions/uqbar.wollok-lsp-ide-0.3.6/out/server/src/server.js:2285:6456)\n    at jL (/home/felipe/.vscode/extensions/uqbar.wollok-lsp-ide-0.3.6/out/server/src/server.js:2298:2292)\n    at v3.invoke (/home/felipe/.vscode/extensions/uqbar.wollok-lsp-ide-0.3.6/out/server/src/server.js:3:157200)\n    at o.fire (/home/felipe/.vscode/extensions/uqbar.wollok-lsp-ide-0.3.6/out/server/src/server.js:3:157970)\n    at /home/felipe/.vscode/extensions/uqbar.wollok-lsp-ide-0.3.6/out/server/src/server.js:37:57871\n    at Vr (/home/felipe/.vscode/extensions/uqbar.wollok-lsp-ide-0.3.6/out/server/src/server.js:8:1561)","timestamp":"2024-10-14T23:38:42.372Z"}
{"level":"error","message":"✘ Failed to rebuild document Failed to parse testGranja.wtest: \n-- PARSING FAILED --------------------------------------------------\n\n  80 | \n  81 |   test \"Co\"\n> 82 | }\n     | ^\n\nExpected one of the following: \n\n'@', '{', comment, whitespace\n","stack":"Error: Failed to parse testGranja.wtest: \n-- PARSING FAILED --------------------------------------------------\n\n  80 | \n  81 |   test \"Co\"\n> 82 | }\n     | ^\n\nExpected one of the following: \n\n'@', '{', comment, whitespace\n\n    at /home/felipe/.vscode/extensions/uqbar.wollok-lsp-ide-0.3.6/out/server/src/server.js:2254:32415\n    at Array.map (<anonymous>)\n    at Jfn (/home/felipe/.vscode/extensions/uqbar.wollok-lsp-ide-0.3.6/out/server/src/server.js:2254:32339)\n    at k2.buildEnvironmentFrom (/home/felipe/.vscode/extensions/uqbar.wollok-lsp-ide-0.3.6/out/server/src/server.js:2285:6721)\n    at k2.updateEnvironmentWith (/home/felipe/.vscode/extensions/uqbar.wollok-lsp-ide-0.3.6/out/server/src/server.js:2285:6456)\n    at jL (/home/felipe/.vscode/extensions/uqbar.wollok-lsp-ide-0.3.6/out/server/src/server.js:2298:2292)\n    at v3.invoke (/home/felipe/.vscode/extensions/uqbar.wollok-lsp-ide-0.3.6/out/server/src/server.js:3:157200)\n    at o.fire (/home/felipe/.vscode/extensions/uqbar.wollok-lsp-ide-0.3.6/out/server/src/server.js:3:157970)\n    at /home/felipe/.vscode/extensions/uqbar.wollok-lsp-ide-0.3.6/out/server/src/server.js:37:57871\n    at Vr (/home/felipe/.vscode/extensions/uqbar.wollok-lsp-ide-0.3.6/out/server/src/server.js:8:1561)","timestamp":"2024-10-14T23:38:42.798Z"}
{"level":"error","message":"✘ Failed to rebuild document Failed to parse testGranja.wtest: \n-- PARSING FAILED --------------------------------------------------\n\n  80 | \n  81 |   test \"Cos\"\n> 82 | }\n     | ^\n\nExpected one of the following: \n\n'@', '{', comment, whitespace\n","stack":"Error: Failed to parse testGranja.wtest: \n-- PARSING FAILED --------------------------------------------------\n\n  80 | \n  81 |   test \"Cos\"\n> 82 | }\n     | ^\n\nExpected one of the following: \n\n'@', '{', comment, whitespace\n\n    at /home/felipe/.vscode/extensions/uqbar.wollok-lsp-ide-0.3.6/out/server/src/server.js:2254:32415\n    at Array.map (<anonymous>)\n    at Jfn (/home/felipe/.vscode/extensions/uqbar.wollok-lsp-ide-0.3.6/out/server/src/server.js:2254:32339)\n    at k2.buildEnvironmentFrom (/home/felipe/.vscode/extensions/uqbar.wollok-lsp-ide-0.3.6/out/server/src/server.js:2285:6721)\n    at k2.updateEnvironmentWith (/home/felipe/.vscode/extensions/uqbar.wollok-lsp-ide-0.3.6/out/server/src/server.js:2285:6456)\n    at jL (/home/felipe/.vscode/extensions/uqbar.wollok-lsp-ide-0.3.6/out/server/src/server.js:2298:2292)\n    at v3.invoke (/home/felipe/.vscode/extensions/uqbar.wollok-lsp-ide-0.3.6/out/server/src/server.js:3:157200)\n    at o.fire (/home/felipe/.vscode/extensions/uqbar.wollok-lsp-ide-0.3.6/out/server/src/server.js:3:157970)\n    at /home/felipe/.vscode/extensions/uqbar.wollok-lsp-ide-0.3.6/out/server/src/server.js:37:57871\n    at Vr (/home/felipe/.vscode/extensions/uqbar.wollok-lsp-ide-0.3.6/out/server/src/server.js:8:1561)","timestamp":"2024-10-14T23:38:42.891Z"}
{"level":"error","message":"✘ Failed to rebuild document Failed to parse testGranja.wtest: \n-- PARSING FAILED --------------------------------------------------\n\n  80 | \n  81 |   test \"Cose\"\n> 82 | }\n     | ^\n\nExpected one of the following: \n\n'@', '{', comment, whitespace\n","stack":"Error: Failed to parse testGranja.wtest: \n-- PARSING FAILED --------------------------------------------------\n\n  80 | \n  81 |   test \"Cose\"\n> 82 | }\n     | ^\n\nExpected one of the following: \n\n'@', '{', comment, whitespace\n\n    at /home/felipe/.vscode/extensions/uqbar.wollok-lsp-ide-0.3.6/out/server/src/server.js:2254:32415\n    at Array.map (<anonymous>)\n    at Jfn (/home/felipe/.vscode/extensions/uqbar.wollok-lsp-ide-0.3.6/out/server/src/server.js:2254:32339)\n    at k2.buildEnvironmentFrom (/home/felipe/.vscode/extensions/uqbar.wollok-lsp-ide-0.3.6/out/server/src/server.js:2285:6721)\n    at k2.updateEnvironmentWith (/home/felipe/.vscode/extensions/uqbar.wollok-lsp-ide-0.3.6/out/server/src/server.js:2285:6456)\n    at jL (/home/felipe/.vscode/extensions/uqbar.wollok-lsp-ide-0.3.6/out/server/src/server.js:2298:2292)\n    at v3.invoke (/home/felipe/.vscode/extensions/uqbar.wollok-lsp-ide-0.3.6/out/server/src/server.js:3:157200)\n    at o.fire (/home/felipe/.vscode/extensions/uqbar.wollok-lsp-ide-0.3.6/out/server/src/server.js:3:157970)\n    at /home/felipe/.vscode/extensions/uqbar.wollok-lsp-ide-0.3.6/out/server/src/server.js:37:57871\n    at Vr (/home/felipe/.vscode/extensions/uqbar.wollok-lsp-ide-0.3.6/out/server/src/server.js:8:1561)","timestamp":"2024-10-14T23:38:43.074Z"}
{"level":"error","message":"✘ Failed to rebuild document Failed to parse testGranja.wtest: \n-- PARSING FAILED --------------------------------------------------\n\n  80 | \n  81 |   test \"Cosec\"\n> 82 | }\n     | ^\n\nExpected one of the following: \n\n'@', '{', comment, whitespace\n","stack":"Error: Failed to parse testGranja.wtest: \n-- PARSING FAILED --------------------------------------------------\n\n  80 | \n  81 |   test \"Cosec\"\n> 82 | }\n     | ^\n\nExpected one of the following: \n\n'@', '{', comment, whitespace\n\n    at /home/felipe/.vscode/extensions/uqbar.wollok-lsp-ide-0.3.6/out/server/src/server.js:2254:32415\n    at Array.map (<anonymous>)\n    at Jfn (/home/felipe/.vscode/extensions/uqbar.wollok-lsp-ide-0.3.6/out/server/src/server.js:2254:32339)\n    at k2.buildEnvironmentFrom (/home/felipe/.vscode/extensions/uqbar.wollok-lsp-ide-0.3.6/out/server/src/server.js:2285:6721)\n    at k2.updateEnvironmentWith (/home/felipe/.vscode/extensions/uqbar.wollok-lsp-ide-0.3.6/out/server/src/server.js:2285:6456)\n    at jL (/home/felipe/.vscode/extensions/uqbar.wollok-lsp-ide-0.3.6/out/server/src/server.js:2298:2292)\n    at v3.invoke (/home/felipe/.vscode/extensions/uqbar.wollok-lsp-ide-0.3.6/out/server/src/server.js:3:157200)\n    at o.fire (/home/felipe/.vscode/extensions/uqbar.wollok-lsp-ide-0.3.6/out/server/src/server.js:3:157970)\n    at /home/felipe/.vscode/extensions/uqbar.wollok-lsp-ide-0.3.6/out/server/src/server.js:37:57871\n    at Vr (/home/felipe/.vscode/extensions/uqbar.wollok-lsp-ide-0.3.6/out/server/src/server.js:8:1561)","timestamp":"2024-10-14T23:38:43.344Z"}
{"level":"error","message":"✘ Failed to rebuild document Failed to parse testGranja.wtest: \n-- PARSING FAILED --------------------------------------------------\n\n  80 | \n  81 |   test \"Cosech\"\n> 82 | }\n     | ^\n\nExpected one of the following: \n\n'@', '{', comment, whitespace\n","stack":"Error: Failed to parse testGranja.wtest: \n-- PARSING FAILED --------------------------------------------------\n\n  80 | \n  81 |   test \"Cosech\"\n> 82 | }\n     | ^\n\nExpected one of the following: \n\n'@', '{', comment, whitespace\n\n    at /home/felipe/.vscode/extensions/uqbar.wollok-lsp-ide-0.3.6/out/server/src/server.js:2254:32415\n    at Array.map (<anonymous>)\n    at Jfn (/home/felipe/.vscode/extensions/uqbar.wollok-lsp-ide-0.3.6/out/server/src/server.js:2254:32339)\n    at k2.buildEnvironmentFrom (/home/felipe/.vscode/extensions/uqbar.wollok-lsp-ide-0.3.6/out/server/src/server.js:2285:6721)\n    at k2.updateEnvironmentWith (/home/felipe/.vscode/extensions/uqbar.wollok-lsp-ide-0.3.6/out/server/src/server.js:2285:6456)\n    at jL (/home/felipe/.vscode/extensions/uqbar.wollok-lsp-ide-0.3.6/out/server/src/server.js:2298:2292)\n    at v3.invoke (/home/felipe/.vscode/extensions/uqbar.wollok-lsp-ide-0.3.6/out/server/src/server.js:3:157200)\n    at o.fire (/home/felipe/.vscode/extensions/uqbar.wollok-lsp-ide-0.3.6/out/server/src/server.js:3:157970)\n    at /home/felipe/.vscode/extensions/uqbar.wollok-lsp-ide-0.3.6/out/server/src/server.js:37:57871\n    at Vr (/home/felipe/.vscode/extensions/uqbar.wollok-lsp-ide-0.3.6/out/server/src/server.js:8:1561)","timestamp":"2024-10-14T23:38:43.510Z"}
{"level":"error","message":"✘ Failed to rebuild document Failed to parse testGranja.wtest: \n-- PARSING FAILED --------------------------------------------------\n\n  80 | \n  81 |   test \"Cosecha\"\n> 82 | }\n     | ^\n\nExpected one of the following: \n\n'@', '{', comment, whitespace\n","stack":"Error: Failed to parse testGranja.wtest: \n-- PARSING FAILED --------------------------------------------------\n\n  80 | \n  81 |   test \"Cosecha\"\n> 82 | }\n     | ^\n\nExpected one of the following: \n\n'@', '{', comment, whitespace\n\n    at /home/felipe/.vscode/extensions/uqbar.wollok-lsp-ide-0.3.6/out/server/src/server.js:2254:32415\n    at Array.map (<anonymous>)\n    at Jfn (/home/felipe/.vscode/extensions/uqbar.wollok-lsp-ide-0.3.6/out/server/src/server.js:2254:32339)\n    at k2.buildEnvironmentFrom (/home/felipe/.vscode/extensions/uqbar.wollok-lsp-ide-0.3.6/out/server/src/server.js:2285:6721)\n    at k2.updateEnvironmentWith (/home/felipe/.vscode/extensions/uqbar.wollok-lsp-ide-0.3.6/out/server/src/server.js:2285:6456)\n    at jL (/home/felipe/.vscode/extensions/uqbar.wollok-lsp-ide-0.3.6/out/server/src/server.js:2298:2292)\n    at v3.invoke (/home/felipe/.vscode/extensions/uqbar.wollok-lsp-ide-0.3.6/out/server/src/server.js:3:157200)\n    at o.fire (/home/felipe/.vscode/extensions/uqbar.wollok-lsp-ide-0.3.6/out/server/src/server.js:3:157970)\n    at /home/felipe/.vscode/extensions/uqbar.wollok-lsp-ide-0.3.6/out/server/src/server.js:37:57871\n    at Vr (/home/felipe/.vscode/extensions/uqbar.wollok-lsp-ide-0.3.6/out/server/src/server.js:8:1561)","timestamp":"2024-10-14T23:38:43.567Z"}
{"level":"error","message":"✘ Failed to rebuild document Failed to parse testGranja.wtest: \n-- PARSING FAILED --------------------------------------------------\n\n  80 | \n  81 |   test \"Cosechar\"\n> 82 | }\n     | ^\n\nExpected one of the following: \n\n'@', '{', comment, whitespace\n","stack":"Error: Failed to parse testGranja.wtest: \n-- PARSING FAILED --------------------------------------------------\n\n  80 | \n  81 |   test \"Cosechar\"\n> 82 | }\n     | ^\n\nExpected one of the following: \n\n'@', '{', comment, whitespace\n\n    at /home/felipe/.vscode/extensions/uqbar.wollok-lsp-ide-0.3.6/out/server/src/server.js:2254:32415\n    at Array.map (<anonymous>)\n    at Jfn (/home/felipe/.vscode/extensions/uqbar.wollok-lsp-ide-0.3.6/out/server/src/server.js:2254:32339)\n    at k2.buildEnvironmentFrom (/home/felipe/.vscode/extensions/uqbar.wollok-lsp-ide-0.3.6/out/server/src/server.js:2285:6721)\n    at k2.updateEnvironmentWith (/home/felipe/.vscode/extensions/uqbar.wollok-lsp-ide-0.3.6/out/server/src/server.js:2285:6456)\n    at jL (/home/felipe/.vscode/extensions/uqbar.wollok-lsp-ide-0.3.6/out/server/src/server.js:2298:2292)\n    at v3.invoke (/home/felipe/.vscode/extensions/uqbar.wollok-lsp-ide-0.3.6/out/server/src/server.js:3:157200)\n    at o.fire (/home/felipe/.vscode/extensions/uqbar.wollok-lsp-ide-0.3.6/out/server/src/server.js:3:157970)\n    at /home/felipe/.vscode/extensions/uqbar.wollok-lsp-ide-0.3.6/out/server/src/server.js:37:57871\n    at Vr (/home/felipe/.vscode/extensions/uqbar.wollok-lsp-ide-0.3.6/out/server/src/server.js:8:1561)","timestamp":"2024-10-14T23:38:43.759Z"}
{"level":"error","message":"✘ Failed to rebuild document Failed to parse testGranja.wtest: \n-- PARSING FAILED --------------------------------------------------\n\n  80 | \n  81 |   test \"Cosechar\" \n> 82 | }\n     | ^\n\nExpected one of the following: \n\n'@', '{', comment, whitespace\n","stack":"Error: Failed to parse testGranja.wtest: \n-- PARSING FAILED --------------------------------------------------\n\n  80 | \n  81 |   test \"Cosechar\" \n> 82 | }\n     | ^\n\nExpected one of the following: \n\n'@', '{', comment, whitespace\n\n    at /home/felipe/.vscode/extensions/uqbar.wollok-lsp-ide-0.3.6/out/server/src/server.js:2254:32415\n    at Array.map (<anonymous>)\n    at Jfn (/home/felipe/.vscode/extensions/uqbar.wollok-lsp-ide-0.3.6/out/server/src/server.js:2254:32339)\n    at k2.buildEnvironmentFrom (/home/felipe/.vscode/extensions/uqbar.wollok-lsp-ide-0.3.6/out/server/src/server.js:2285:6721)\n    at k2.updateEnvironmentWith (/home/felipe/.vscode/extensions/uqbar.wollok-lsp-ide-0.3.6/out/server/src/server.js:2285:6456)\n    at jL (/home/felipe/.vscode/extensions/uqbar.wollok-lsp-ide-0.3.6/out/server/src/server.js:2298:2292)\n    at v3.invoke (/home/felipe/.vscode/extensions/uqbar.wollok-lsp-ide-0.3.6/out/server/src/server.js:3:157200)\n    at o.fire (/home/felipe/.vscode/extensions/uqbar.wollok-lsp-ide-0.3.6/out/server/src/server.js:3:157970)\n    at /home/felipe/.vscode/extensions/uqbar.wollok-lsp-ide-0.3.6/out/server/src/server.js:37:57871\n    at Vr (/home/felipe/.vscode/extensions/uqbar.wollok-lsp-ide-0.3.6/out/server/src/server.js:8:1561)","timestamp":"2024-10-14T23:38:46.657Z"}
{"level":"info","message":"⌛ Building environment","timeElapsed":210,"timestamp":"2024-10-14T23:38:47.123Z"}
{"level":"info","message":"⌛ Validating testGranja.wtest","timeElapsed":206,"timestamp":"2024-10-14T23:38:47.337Z"}
{"level":"info","message":"⌛ Building environment","timeElapsed":213,"timestamp":"2024-10-14T23:38:47.729Z"}
{"level":"info","message":"⌛ Validating testGranja.wtest","timeElapsed":224,"timestamp":"2024-10-14T23:38:47.958Z"}
{"level":"info","message":"⌛ Building environment","timeElapsed":234,"timestamp":"2024-10-14T23:41:22.866Z"}
{"level":"info","message":"⌛ Validating testGranja.wtest","timeElapsed":215,"timestamp":"2024-10-14T23:41:23.182Z"}
{"level":"info","message":"onRequest - completionItem/resolve","timestamp":"2024-10-14T23:41:23.183Z"}
{"level":"info","message":"⌛ Building environment","timeElapsed":220,"timestamp":"2024-10-14T23:41:36.417Z"}
{"level":"info","message":"⌛ Validating testGranja.wtest","timeElapsed":208,"timestamp":"2024-10-14T23:41:36.627Z"}
{"level":"info","message":"⌛ Building environment","timeElapsed":215,"timestamp":"2024-10-14T23:41:39.017Z"}
{"level":"info","message":"⌛ Validating testGranja.wtest","timeElapsed":233,"timestamp":"2024-10-14T23:41:39.251Z"}
{"level":"info","message":"⌛ Building environment","timeElapsed":198,"timestamp":"2024-10-14T23:41:42.002Z"}
{"level":"info","message":"⌛ Validating testGranja.wtest","timeElapsed":237,"timestamp":"2024-10-14T23:41:42.248Z"}
{"level":"info","message":"⌛ Building environment","timeElapsed":227,"timestamp":"2024-10-14T23:41:43.475Z"}
{"level":"info","message":"⌛ Validating testGranja.wtest","timeElapsed":218,"timestamp":"2024-10-14T23:41:43.709Z"}
{"level":"info","message":"⌛ Building environment","timeElapsed":259,"timestamp":"2024-10-14T23:41:43.973Z"}
{"level":"info","message":"⌛ Validating testGranja.wtest","timeElapsed":221,"timestamp":"2024-10-14T23:41:44.205Z"}
{"level":"info","message":"⌛ Building environment","timeElapsed":195,"timestamp":"2024-10-14T23:41:44.447Z"}
{"level":"info","message":"⌛ Building environment","timeElapsed":230,"timestamp":"2024-10-14T23:41:44.782Z"}
{"level":"info","message":"⌛ Validating testGranja.wtest","timeElapsed":262,"timestamp":"2024-10-14T23:41:45.045Z"}
{"level":"info","message":"⌛ Building environment","timeElapsed":195,"timestamp":"2024-10-14T23:41:45.240Z"}
{"level":"info","message":"onRequest - completionItem/resolve","timestamp":"2024-10-14T23:41:45.242Z"}
{"level":"info","message":"⌛ Building environment","timeElapsed":261,"timestamp":"2024-10-14T23:41:45.503Z"}
{"level":"info","message":"onRequest - completionItem/resolve","timestamp":"2024-10-14T23:41:45.504Z"}
{"level":"info","message":"⌛ Validating testGranja.wtest","timeElapsed":258,"timestamp":"2024-10-14T23:41:45.763Z"}
{"level":"info","message":"⌛ Building environment","timeElapsed":188,"timestamp":"2024-10-14T23:41:45.952Z"}
{"level":"info","message":"onRequest - completionItem/resolve","timestamp":"2024-10-14T23:41:45.954Z"}
{"level":"info","message":"⌛ Building environment","timeElapsed":321,"timestamp":"2024-10-14T23:41:46.276Z"}
{"level":"info","message":"onRequest - completionItem/resolve","timestamp":"2024-10-14T23:41:46.296Z"}
{"level":"info","message":"⌛ Validating testGranja.wtest","timeElapsed":232,"timestamp":"2024-10-14T23:41:46.543Z"}
{"level":"info","message":"⌛ Validating testGranja.wtest","timeElapsed":209,"timestamp":"2024-10-14T23:41:46.752Z"}
{"level":"info","message":"⌛ Building environment","timeElapsed":162,"timestamp":"2024-10-14T23:41:46.914Z"}
{"level":"info","message":"⌛ Autocomplete - Body","timeElapsed":109,"timestamp":"2024-10-14T23:41:47.031Z"}
{"level":"info","message":"⌛ Building environment","timeElapsed":230,"timestamp":"2024-10-14T23:41:47.261Z"}
{"level":"info","message":"⌛ Validating testGranja.wtest","timeElapsed":253,"timestamp":"2024-10-14T23:41:47.521Z"}
{"level":"info","message":"⌛ Building environment","timeElapsed":174,"timestamp":"2024-10-14T23:41:47.695Z"}
{"level":"info","message":"⌛ Building environment","timeElapsed":232,"timestamp":"2024-10-14T23:41:47.970Z"}
{"level":"info","message":"⌛ Validating testGranja.wtest","timeElapsed":275,"timestamp":"2024-10-14T23:41:48.250Z"}
{"level":"info","message":"⌛ Building environment","timeElapsed":266,"timestamp":"2024-10-14T23:41:48.516Z"}
{"level":"info","message":"⌛ Validating testGranja.wtest","timeElapsed":333,"timestamp":"2024-10-14T23:41:48.873Z"}
{"level":"info","message":"⌛ Building environment","timeElapsed":208,"timestamp":"2024-10-14T23:41:49.082Z"}
{"level":"info","message":"onRequest - completionItem/resolve","timestamp":"2024-10-14T23:41:49.083Z"}
{"level":"info","message":"⌛ Building environment","timeElapsed":180,"timestamp":"2024-10-14T23:41:49.264Z"}
{"level":"info","message":"onRequest - completionItem/resolve","timestamp":"2024-10-14T23:41:49.266Z"}
{"level":"info","message":"⌛ Building environment","timeElapsed":331,"timestamp":"2024-10-14T23:41:49.598Z"}
{"level":"info","message":"onRequest - completionItem/resolve","timestamp":"2024-10-14T23:41:49.599Z"}
{"level":"info","message":"⌛ Validating testGranja.wtest","timeElapsed":267,"timestamp":"2024-10-14T23:41:49.866Z"}
{"level":"info","message":"⌛ Building environment","timeElapsed":190,"timestamp":"2024-10-14T23:41:50.058Z"}
{"level":"info","message":"onRequest - completionItem/resolve","timestamp":"2024-10-14T23:41:50.059Z"}
{"level":"info","message":"⌛ Building environment","timeElapsed":176,"timestamp":"2024-10-14T23:41:50.235Z"}
{"level":"info","message":"onRequest - completionItem/resolve","timestamp":"2024-10-14T23:41:50.237Z"}
{"level":"info","message":"⌛ Validating testGranja.wtest","timeElapsed":252,"timestamp":"2024-10-14T23:41:50.491Z"}
{"level":"info","message":"⌛ Validating testGranja.wtest","timeElapsed":280,"timestamp":"2024-10-14T23:41:50.826Z"}
{"level":"info","message":"⌛ Validating testGranja.wtest","timeElapsed":195,"timestamp":"2024-10-14T23:41:51.026Z"}
{"level":"info","message":"⌛ Building environment","timeElapsed":214,"timestamp":"2024-10-14T23:41:51.242Z"}
{"level":"info","message":"⌛ Validating testGranja.wtest","timeElapsed":218,"timestamp":"2024-10-14T23:41:51.460Z"}
{"level":"info","message":"⌛ Validating testGranja.wtest","timeElapsed":205,"timestamp":"2024-10-14T23:41:51.675Z"}
{"level":"info","message":"⌛ Validating testGranja.wtest","timeElapsed":223,"timestamp":"2024-10-14T23:41:51.898Z"}
{"level":"info","message":"⌛ Validating testGranja.wtest","timeElapsed":227,"timestamp":"2024-10-14T23:41:52.125Z"}
{"level":"info","message":"⌛ Validating testGranja.wtest","timeElapsed":239,"timestamp":"2024-10-14T23:41:52.364Z"}
{"level":"info","message":"⌛ Building environment","timeElapsed":185,"timestamp":"2024-10-14T23:41:52.549Z"}
{"level":"info","message":"⌛ Validating testGranja.wtest","timeElapsed":191,"timestamp":"2024-10-14T23:41:52.760Z"}
{"level":"info","message":"⌛ Building environment","timeElapsed":185,"timestamp":"2024-10-14T23:41:52.947Z"}
{"level":"info","message":"⌛ Building environment","timeElapsed":204,"timestamp":"2024-10-14T23:41:53.205Z"}
{"level":"info","message":"⌛ Building environment","timeElapsed":178,"timestamp":"2024-10-14T23:41:53.392Z"}
{"level":"info","message":"⌛ Building environment","timeElapsed":316,"timestamp":"2024-10-14T23:41:53.710Z"}
{"level":"info","message":"⌛ Building environment","timeElapsed":184,"timestamp":"2024-10-14T23:41:53.894Z"}
{"level":"info","message":"⌛ Building environment","timeElapsed":255,"timestamp":"2024-10-14T23:41:54.151Z"}
{"level":"info","message":"⌛ Validating testGranja.wtest","timeElapsed":221,"timestamp":"2024-10-14T23:41:54.381Z"}
{"level":"info","message":"⌛ Validating testGranja.wtest","timeElapsed":203,"timestamp":"2024-10-14T23:41:54.585Z"}
{"level":"info","message":"⌛ Building environment","timeElapsed":209,"timestamp":"2024-10-14T23:41:54.794Z"}
{"level":"info","message":"⌛ Validating testGranja.wtest","timeElapsed":232,"timestamp":"2024-10-14T23:41:55.073Z"}
{"level":"info","message":"⌛ Building environment","timeElapsed":191,"timestamp":"2024-10-14T23:41:55.267Z"}
{"level":"info","message":"⌛ Validating testGranja.wtest","timeElapsed":210,"timestamp":"2024-10-14T23:41:55.485Z"}
{"level":"info","message":"⌛ Building environment","timeElapsed":176,"timestamp":"2024-10-14T23:41:55.663Z"}
{"level":"info","message":"⌛ Building environment","timeElapsed":182,"timestamp":"2024-10-14T23:41:55.846Z"}
{"level":"info","message":"⌛ Validating testGranja.wtest","timeElapsed":233,"timestamp":"2024-10-14T23:41:56.079Z"}
{"level":"info","message":"⌛ Building environment","timeElapsed":173,"timestamp":"2024-10-14T23:41:56.252Z"}
{"level":"info","message":"⌛ Validating testGranja.wtest","timeElapsed":196,"timestamp":"2024-10-14T23:41:56.448Z"}
{"level":"info","message":"⌛ Building environment","timeElapsed":166,"timestamp":"2024-10-14T23:41:56.616Z"}
{"level":"info","message":"⌛ Building environment","timeElapsed":166,"timestamp":"2024-10-14T23:41:56.787Z"}
{"level":"info","message":"⌛ Validating testGranja.wtest","timeElapsed":203,"timestamp":"2024-10-14T23:41:56.991Z"}
{"level":"info","message":"⌛ Building environment","timeElapsed":176,"timestamp":"2024-10-14T23:41:57.168Z"}
{"level":"info","message":"⌛ Building environment","timeElapsed":174,"timestamp":"2024-10-14T23:41:57.343Z"}
{"level":"info","message":"⌛ Validating testGranja.wtest","timeElapsed":191,"timestamp":"2024-10-14T23:41:57.541Z"}
{"level":"info","message":"onRequest - completionItem/resolve","timestamp":"2024-10-14T23:41:57.541Z"}
{"level":"info","message":"⌛ Building environment","timeElapsed":180,"timestamp":"2024-10-14T23:41:57.722Z"}
{"level":"info","message":"⌛ Validating testGranja.wtest","timeElapsed":223,"timestamp":"2024-10-14T23:41:57.952Z"}
{"level":"info","message":"⌛ Validating testGranja.wtest","timeElapsed":211,"timestamp":"2024-10-14T23:41:58.176Z"}
{"level":"info","message":"⌛ Validating testGranja.wtest","timeElapsed":213,"timestamp":"2024-10-14T23:41:58.391Z"}
{"level":"info","message":"⌛ Validating testGranja.wtest","timeElapsed":234,"timestamp":"2024-10-14T23:41:58.627Z"}
{"level":"info","message":"⌛ Validating testGranja.wtest","timeElapsed":226,"timestamp":"2024-10-14T23:41:58.854Z"}
{"level":"info","message":"⌛ Validating testGranja.wtest","timeElapsed":222,"timestamp":"2024-10-14T23:41:59.078Z"}
{"level":"info","message":"⌛ Validating testGranja.wtest","timeElapsed":198,"timestamp":"2024-10-14T23:41:59.276Z"}
{"level":"info","message":"⌛ Validating testGranja.wtest","timeElapsed":207,"timestamp":"2024-10-14T23:41:59.484Z"}
{"level":"info","message":"⌛ Validating testGranja.wtest","timeElapsed":196,"timestamp":"2024-10-14T23:41:59.680Z"}
{"level":"info","message":"⌛ Building environment","timeElapsed":176,"timestamp":"2024-10-14T23:41:59.858Z"}
{"level":"info","message":"⌛ Building environment","timeElapsed":168,"timestamp":"2024-10-14T23:42:00.039Z"}
{"level":"info","message":"⌛ Validating testGranja.wtest","timeElapsed":200,"timestamp":"2024-10-14T23:42:00.253Z"}
{"level":"info","message":"⌛ Validating testGranja.wtest","timeElapsed":229,"timestamp":"2024-10-14T23:42:00.484Z"}
{"level":"info","message":"⌛ Building environment","timeElapsed":193,"timestamp":"2024-10-14T23:42:00.679Z"}
{"level":"info","message":"⌛ Autocomplete - Reference","timeElapsed":108,"timestamp":"2024-10-14T23:42:00.800Z"}
{"level":"info","message":"⌛ Building environment","timeElapsed":268,"timestamp":"2024-10-14T23:42:01.070Z"}
{"level":"info","message":"⌛ Building environment","timeElapsed":207,"timestamp":"2024-10-14T23:42:01.277Z"}
{"level":"info","message":"⌛ Validating testGranja.wtest","timeElapsed":225,"timestamp":"2024-10-14T23:42:01.503Z"}
{"level":"info","message":"onRequest - completionItem/resolve","timestamp":"2024-10-14T23:42:01.504Z"}
{"level":"info","message":"⌛ Building environment","timeElapsed":215,"timestamp":"2024-10-14T23:42:01.720Z"}
{"level":"info","message":"onRequest - completionItem/resolve","timestamp":"2024-10-14T23:42:01.723Z"}
{"level":"info","message":"⌛ Validating testGranja.wtest","timeElapsed":272,"timestamp":"2024-10-14T23:42:01.995Z"}
{"level":"info","message":"⌛ Validating testGranja.wtest","timeElapsed":210,"timestamp":"2024-10-14T23:42:02.213Z"}
{"level":"info","message":"⌛ Validating testGranja.wtest","timeElapsed":217,"timestamp":"2024-10-14T23:42:02.433Z"}
{"level":"info","message":"onRequest - completionItem/resolve","timestamp":"2024-10-14T23:42:02.435Z"}
{"level":"info","message":"onRequest - completionItem/resolve","timestamp":"2024-10-14T23:42:02.436Z"}
{"level":"info","message":"onRequest - completionItem/resolve","timestamp":"2024-10-14T23:42:02.437Z"}
{"level":"info","message":"onRequest - completionItem/resolve","timestamp":"2024-10-14T23:42:02.762Z"}
{"level":"info","message":"onRequest - completionItem/resolve","timestamp":"2024-10-14T23:42:02.968Z"}
{"level":"info","message":"⌛ Building environment","timeElapsed":216,"timestamp":"2024-10-14T23:42:04.857Z"}
{"level":"info","message":"⌛ Validating testGranja.wtest","timeElapsed":297,"timestamp":"2024-10-14T23:42:05.155Z"}
{"level":"info","message":"⌛ Building environment","timeElapsed":194,"timestamp":"2024-10-14T23:42:06.879Z"}
{"level":"error","message":"✘ Completions for node failed: Error: [Send]{3398f7} at testGranja.wtest:86 exhausted all cases without a match [Send]{3398f7} at testGranja.wtest:86 exhausted all cases without a match","stack":"Error: [Send]{3398f7} at testGranja.wtest:86 exhausted all cases without a match\n    at /home/felipe/.vscode/extensions/uqbar.wollok-lsp-ide-0.3.6/out/server/src/server.js:38:6067\n    at yh (/home/felipe/.vscode/extensions/uqbar.wollok-lsp-ide-0.3.6/out/server/src/server.js:2291:42)\n    at kh (/home/felipe/.vscode/extensions/uqbar.wollok-lsp-ide-0.3.6/out/server/src/server.js:2291:1004)\n    at Y5n (/home/felipe/.vscode/extensions/uqbar.wollok-lsp-ide-0.3.6/out/server/src/server.js:2291:1160)\n    at /home/felipe/.vscode/extensions/uqbar.wollok-lsp-ide-0.3.6/out/server/src/server.js:38:6056\n    at yh (/home/felipe/.vscode/extensions/uqbar.wollok-lsp-ide-0.3.6/out/server/src/server.js:2291:42)\n    at /home/felipe/.vscode/extensions/uqbar.wollok-lsp-ide-0.3.6/out/server/src/server.js:2291:2700\n    at /home/felipe/.vscode/extensions/uqbar.wollok-lsp-ide-0.3.6/out/server/src/server.js:2298:3774\n    at /home/felipe/.vscode/extensions/uqbar.wollok-lsp-ide-0.3.6/out/server/src/server.js:37:74872\n    at Fe (/home/felipe/.vscode/extensions/uqbar.wollok-lsp-ide-0.3.6/out/server/src/server.js:7:8527)","timestamp":"2024-10-14T23:42:06.922Z"}
{"level":"info","message":"⌛ Building environment","timeElapsed":197,"timestamp":"2024-10-14T23:42:07.123Z"}
{"level":"info","message":"⌛ Validating testGranja.wtest","timeElapsed":199,"timestamp":"2024-10-14T23:42:07.327Z"}
{"level":"info","message":"onRequest - completionItem/resolve","timestamp":"2024-10-14T23:42:07.329Z"}
{"level":"info","message":"⌛ Building environment","timeElapsed":163,"timestamp":"2024-10-14T23:42:07.492Z"}
{"level":"info","message":"onRequest - completionItem/resolve","timestamp":"2024-10-14T23:42:07.493Z"}
{"level":"info","message":"⌛ Validating testGranja.wtest","timeElapsed":211,"timestamp":"2024-10-14T23:42:07.704Z"}
{"level":"info","message":"⌛ Validating testGranja.wtest","timeElapsed":201,"timestamp":"2024-10-14T23:42:07.912Z"}
{"level":"info","message":"⌛ Building environment","timeElapsed":251,"timestamp":"2024-10-14T23:42:23.393Z"}
{"level":"info","message":"⌛ Validating testGranja.wtest","timeElapsed":249,"timestamp":"2024-10-14T23:42:23.644Z"}
{"level":"info","message":"⌛ Building environment","timeElapsed":232,"timestamp":"2024-10-14T23:42:27.186Z"}
{"level":"info","message":"⌛ Building environment","timeElapsed":277,"timestamp":"2024-10-14T23:42:27.479Z"}
{"level":"info","message":"⌛ Validating testGranja.wtest","timeElapsed":211,"timestamp":"2024-10-14T23:42:27.696Z"}
{"level":"info","message":"⌛ Building environment","timeElapsed":209,"timestamp":"2024-10-14T23:42:27.906Z"}
{"level":"info","message":"⌛ Building environment","timeElapsed":167,"timestamp":"2024-10-14T23:42:28.079Z"}
{"level":"info","message":"⌛ Validating testGranja.wtest","timeElapsed":200,"timestamp":"2024-10-14T23:42:28.285Z"}
{"level":"info","message":"⌛ Building environment","timeElapsed":181,"timestamp":"2024-10-14T23:42:28.467Z"}
{"level":"info","message":"⌛ Building environment","timeElapsed":186,"timestamp":"2024-10-14T23:42:28.659Z"}
{"level":"info","message":"⌛ Building environment","timeElapsed":212,"timestamp":"2024-10-14T23:42:28.878Z"}
{"level":"info","message":"⌛ Validating testGranja.wtest","timeElapsed":216,"timestamp":"2024-10-14T23:42:29.100Z"}
{"level":"info","message":"⌛ Building environment","timeElapsed":172,"timestamp":"2024-10-14T23:42:29.275Z"}
{"level":"info","message":"⌛ Validating testGranja.wtest","timeElapsed":191,"timestamp":"2024-10-14T23:42:29.470Z"}
{"level":"info","message":"⌛ Building environment","timeElapsed":167,"timestamp":"2024-10-14T23:42:29.639Z"}
{"level":"info","message":"⌛ Building environment","timeElapsed":158,"timestamp":"2024-10-14T23:42:29.801Z"}
{"level":"info","message":"⌛ Validating testGranja.wtest","timeElapsed":196,"timestamp":"2024-10-14T23:42:30.004Z"}
{"level":"info","message":"⌛ Building environment","timeElapsed":181,"timestamp":"2024-10-14T23:42:30.194Z"}
{"level":"info","message":"⌛ Validating testGranja.wtest","timeElapsed":199,"timestamp":"2024-10-14T23:42:30.400Z"}
{"level":"info","message":"⌛ Validating testGranja.wtest","timeElapsed":197,"timestamp":"2024-10-14T23:42:30.598Z"}
{"level":"info","message":"⌛ Building environment","timeElapsed":166,"timestamp":"2024-10-14T23:42:30.777Z"}
{"level":"info","message":"⌛ Validating testGranja.wtest","timeElapsed":198,"timestamp":"2024-10-14T23:42:30.987Z"}
{"level":"info","message":"⌛ Validating testGranja.wtest","timeElapsed":191,"timestamp":"2024-10-14T23:42:31.180Z"}
{"level":"info","message":"⌛ Validating testGranja.wtest","timeElapsed":190,"timestamp":"2024-10-14T23:42:31.372Z"}
{"level":"info","message":"⌛ Validating testGranja.wtest","timeElapsed":211,"timestamp":"2024-10-14T23:42:31.584Z"}
{"level":"info","message":"⌛ Validating testGranja.wtest","timeElapsed":199,"timestamp":"2024-10-14T23:42:31.783Z"}
{"level":"info","message":"⌛ Building environment","timeElapsed":171,"timestamp":"2024-10-14T23:42:31.955Z"}
{"level":"info","message":"⌛ Validating testGranja.wtest","timeElapsed":230,"timestamp":"2024-10-14T23:42:32.242Z"}
{"level":"info","message":"⌛ Building environment","timeElapsed":375,"timestamp":"2024-10-14T23:42:37.640Z"}
{"level":"error","message":"✘ Completions for node failed: Error: [Send]{40ec97} at testGranja.wtest:86 exhausted all cases without a match [Send]{40ec97} at testGranja.wtest:86 exhausted all cases without a match","stack":"Error: [Send]{40ec97} at testGranja.wtest:86 exhausted all cases without a match\n    at /home/felipe/.vscode/extensions/uqbar.wollok-lsp-ide-0.3.6/out/server/src/server.js:38:6067\n    at yh (/home/felipe/.vscode/extensions/uqbar.wollok-lsp-ide-0.3.6/out/server/src/server.js:2291:42)\n    at /home/felipe/.vscode/extensions/uqbar.wollok-lsp-ide-0.3.6/out/server/src/server.js:2291:2700\n    at /home/felipe/.vscode/extensions/uqbar.wollok-lsp-ide-0.3.6/out/server/src/server.js:2298:3774\n    at /home/felipe/.vscode/extensions/uqbar.wollok-lsp-ide-0.3.6/out/server/src/server.js:37:74872\n    at Fe (/home/felipe/.vscode/extensions/uqbar.wollok-lsp-ide-0.3.6/out/server/src/server.js:7:8527)\n    at Pt (/home/felipe/.vscode/extensions/uqbar.wollok-lsp-ide-0.3.6/out/server/src/server.js:7:6189)\n    at Gi (/home/felipe/.vscode/extensions/uqbar.wollok-lsp-ide-0.3.6/out/server/src/server.js:7:6378)\n    at Immediate._onImmediate (/home/felipe/.vscode/extensions/uqbar.wollok-lsp-ide-0.3.6/out/server/src/server.js:7:6142)\n    at process.processImmediate (node:internal/timers:483:21)","timestamp":"2024-10-14T23:42:37.674Z"}
{"level":"info","message":"⌛ Building environment","timeElapsed":184,"timestamp":"2024-10-14T23:42:37.862Z"}
{"level":"info","message":"⌛ Validating testGranja.wtest","timeElapsed":200,"timestamp":"2024-10-14T23:42:38.063Z"}
{"level":"info","message":"⌛ Building environment","timeElapsed":181,"timestamp":"2024-10-14T23:42:38.244Z"}
{"level":"info","message":"⌛ Validating testGranja.wtest","timeElapsed":206,"timestamp":"2024-10-14T23:42:38.451Z"}
{"level":"info","message":"⌛ Validating testGranja.wtest","timeElapsed":192,"timestamp":"2024-10-14T23:42:38.656Z"}
{"level":"info","message":"⌛ Building environment","timeElapsed":174,"timestamp":"2024-10-14T23:42:39.500Z"}
{"level":"info","message":"⌛ Validating testGranja.wtest","timeElapsed":191,"timestamp":"2024-10-14T23:42:39.698Z"}
{"level":"info","message":"⌛ Building environment","timeElapsed":190,"timestamp":"2024-10-14T23:42:39.968Z"}
{"level":"info","message":"⌛ Validating testGranja.wtest","timeElapsed":253,"timestamp":"2024-10-14T23:42:40.226Z"}
{"level":"info","message":"⌛ Building environment","timeElapsed":216,"timestamp":"2024-10-14T23:42:50.874Z"}
{"level":"info","message":"⌛ Validating testGranja.wtest","timeElapsed":187,"timestamp":"2024-10-14T23:42:51.063Z"}
{"level":"info","message":"⌛ Building environment","timeElapsed":164,"timestamp":"2024-10-14T23:42:51.567Z"}
{"level":"info","message":"⌛ Validating testGranja.wtest","timeElapsed":207,"timestamp":"2024-10-14T23:42:51.825Z"}
{"level":"info","message":"⌛ Building environment","timeElapsed":170,"timestamp":"2024-10-14T23:42:51.996Z"}
{"level":"info","message":"onRequest - completionItem/resolve","timestamp":"2024-10-14T23:42:51.996Z"}
{"level":"info","message":"⌛ Building environment","timeElapsed":173,"timestamp":"2024-10-14T23:42:52.170Z"}
{"level":"info","message":"onRequest - completionItem/resolve","timestamp":"2024-10-14T23:42:52.171Z"}
{"level":"info","message":"⌛ Validating testGranja.wtest","timeElapsed":188,"timestamp":"2024-10-14T23:42:52.359Z"}
{"level":"info","message":"⌛ Validating testGranja.wtest","timeElapsed":199,"timestamp":"2024-10-14T23:42:52.566Z"}
{"level":"info","message":"onRequest - completionItem/resolve","timestamp":"2024-10-14T23:42:52.795Z"}
{"level":"info","message":"⌛ Building environment","timeElapsed":191,"timestamp":"2024-10-14T23:42:53.239Z"}
{"level":"info","message":"⌛ Validating testGranja.wtest","timeElapsed":188,"timestamp":"2024-10-14T23:42:53.432Z"}
{"level":"info","message":"⌛ Building environment","timeElapsed":230,"timestamp":"2024-10-14T23:42:56.678Z"}
{"level":"info","message":"⌛ Validating testGranja.wtest","timeElapsed":185,"timestamp":"2024-10-14T23:42:56.869Z"}
{"level":"info","message":"⌛ Building environment","timeElapsed":192,"timestamp":"2024-10-14T23:42:58.110Z"}
{"level":"info","message":"⌛ Validating testGranja.wtest","timeElapsed":206,"timestamp":"2024-10-14T23:42:58.322Z"}
{"level":"info","message":"⌛ Building environment","timeElapsed":164,"timestamp":"2024-10-14T23:42:59.217Z"}
{"level":"info","message":"⌛ Validating testGranja.wtest","timeElapsed":252,"timestamp":"2024-10-14T23:42:59.476Z"}
{"level":"info","message":"⌛ Building environment","timeElapsed":199,"timestamp":"2024-10-14T23:42:59.685Z"}
{"level":"info","message":"⌛ Validating testGranja.wtest","timeElapsed":225,"timestamp":"2024-10-14T23:42:59.923Z"}
{"level":"info","message":"⌛ Building environment","timeElapsed":248,"timestamp":"2024-10-14T23:43:09.446Z"}
{"level":"error","message":"✘ Completions for node failed: Error: [Literal]{9fc090} at testGranja.wtest:87 exhausted all cases without a match [Literal]{9fc090} at testGranja.wtest:87 exhausted all cases without a match","stack":"Error: [Literal]{9fc090} at testGranja.wtest:87 exhausted all cases without a match\n    at /home/felipe/.vscode/extensions/uqbar.wollok-lsp-ide-0.3.6/out/server/src/server.js:38:6067\n    at yh (/home/felipe/.vscode/extensions/uqbar.wollok-lsp-ide-0.3.6/out/server/src/server.js:2291:42)\n    at kh (/home/felipe/.vscode/extensions/uqbar.wollok-lsp-ide-0.3.6/out/server/src/server.js:2291:1004)\n    at Y5n (/home/felipe/.vscode/extensions/uqbar.wollok-lsp-ide-0.3.6/out/server/src/server.js:2291:1160)\n    at /home/felipe/.vscode/extensions/uqbar.wollok-lsp-ide-0.3.6/out/server/src/server.js:38:6056\n    at yh (/home/felipe/.vscode/extensions/uqbar.wollok-lsp-ide-0.3.6/out/server/src/server.js:2291:42)\n    at /home/felipe/.vscode/extensions/uqbar.wollok-lsp-ide-0.3.6/out/server/src/server.js:2291:2700\n    at /home/felipe/.vscode/extensions/uqbar.wollok-lsp-ide-0.3.6/out/server/src/server.js:2298:3774\n    at /home/felipe/.vscode/extensions/uqbar.wollok-lsp-ide-0.3.6/out/server/src/server.js:37:74872\n    at Fe (/home/felipe/.vscode/extensions/uqbar.wollok-lsp-ide-0.3.6/out/server/src/server.js:7:8527)","timestamp":"2024-10-14T23:43:09.487Z"}
{"level":"error","message":"✘ Completions for node failed: Error: [Send]{c08d11} at testGranja.wtest:87 exhausted all cases without a match [Send]{c08d11} at testGranja.wtest:87 exhausted all cases without a match","stack":"Error: [Send]{c08d11} at testGranja.wtest:87 exhausted all cases without a match\n    at /home/felipe/.vscode/extensions/uqbar.wollok-lsp-ide-0.3.6/out/server/src/server.js:38:6067\n    at yh (/home/felipe/.vscode/extensions/uqbar.wollok-lsp-ide-0.3.6/out/server/src/server.js:2291:42)\n    at kh (/home/felipe/.vscode/extensions/uqbar.wollok-lsp-ide-0.3.6/out/server/src/server.js:2291:1004)\n    at yh (/home/felipe/.vscode/extensions/uqbar.wollok-lsp-ide-0.3.6/out/server/src/server.js:2291:456)\n    at kh (/home/felipe/.vscode/extensions/uqbar.wollok-lsp-ide-0.3.6/out/server/src/server.js:2291:1004)\n    at Y5n (/home/felipe/.vscode/extensions/uqbar.wollok-lsp-ide-0.3.6/out/server/src/server.js:2291:1160)\n    at /home/felipe/.vscode/extensions/uqbar.wollok-lsp-ide-0.3.6/out/server/src/server.js:38:6056\n    at yh (/home/felipe/.vscode/extensions/uqbar.wollok-lsp-ide-0.3.6/out/server/src/server.js:2291:42)\n    at /home/felipe/.vscode/extensions/uqbar.wollok-lsp-ide-0.3.6/out/server/src/server.js:2291:2700\n    at /home/felipe/.vscode/extensions/uqbar.wollok-lsp-ide-0.3.6/out/server/src/server.js:2298:3774","timestamp":"2024-10-14T23:43:09.488Z"}
{"level":"info","message":"⌛ Building environment","timeElapsed":205,"timestamp":"2024-10-14T23:43:09.701Z"}
{"level":"info","message":"⌛ Building environment","timeElapsed":282,"timestamp":"2024-10-14T23:43:09.987Z"}
{"level":"info","message":"⌛ Validating testGranja.wtest","timeElapsed":204,"timestamp":"2024-10-14T23:43:10.206Z"}
{"level":"info","message":"onRequest - completionItem/resolve","timestamp":"2024-10-14T23:43:10.208Z"}
{"level":"info","message":"⌛ Building environment","timeElapsed":201,"timestamp":"2024-10-14T23:43:10.409Z"}
{"level":"info","message":"onRequest - completionItem/resolve","timestamp":"2024-10-14T23:43:10.416Z"}
{"level":"info","message":"⌛ Validating testGranja.wtest","timeElapsed":196,"timestamp":"2024-10-14T23:43:10.612Z"}
{"level":"info","message":"⌛ Validating testGranja.wtest","timeElapsed":193,"timestamp":"2024-10-14T23:43:10.815Z"}
{"level":"info","message":"⌛ Validating testGranja.wtest","timeElapsed":228,"timestamp":"2024-10-14T23:43:11.044Z"}
{"level":"error","message":"✘ Failed to rebuild document Failed to parse testGranja.wtest: \n-- PARSING FAILED --------------------------------------------------\n\nGot the end of the input\n\nExpected one of the following: \n\n'@', 'const', 'method', 'only', 'override', 'test', 'var', '{', '}', any character/byte, comment, whitespace\n","stack":"Error: Failed to parse testGranja.wtest: \n-- PARSING FAILED --------------------------------------------------\n\nGot the end of the input\n\nExpected one of the following: \n\n'@', 'const', 'method', 'only', 'override', 'test', 'var', '{', '}', any character/byte, comment, whitespace\n\n    at /home/felipe/.vscode/extensions/uqbar.wollok-lsp-ide-0.3.6/out/server/src/server.js:2254:32415\n    at Array.map (<anonymous>)\n    at Jfn (/home/felipe/.vscode/extensions/uqbar.wollok-lsp-ide-0.3.6/out/server/src/server.js:2254:32339)\n    at k2.buildEnvironmentFrom (/home/felipe/.vscode/extensions/uqbar.wollok-lsp-ide-0.3.6/out/server/src/server.js:2285:6721)\n    at k2.updateEnvironmentWith (/home/felipe/.vscode/extensions/uqbar.wollok-lsp-ide-0.3.6/out/server/src/server.js:2285:6456)\n    at jL (/home/felipe/.vscode/extensions/uqbar.wollok-lsp-ide-0.3.6/out/server/src/server.js:2298:2292)\n    at v3.invoke (/home/felipe/.vscode/extensions/uqbar.wollok-lsp-ide-0.3.6/out/server/src/server.js:3:157200)\n    at o.fire (/home/felipe/.vscode/extensions/uqbar.wollok-lsp-ide-0.3.6/out/server/src/server.js:3:157970)\n    at /home/felipe/.vscode/extensions/uqbar.wollok-lsp-ide-0.3.6/out/server/src/server.js:37:57871\n    at Vr (/home/felipe/.vscode/extensions/uqbar.wollok-lsp-ide-0.3.6/out/server/src/server.js:8:1561)","timestamp":"2024-10-14T23:43:18.912Z"}
{"level":"error","message":"✘ Failed to rebuild document Failed to parse testGranja.wtest: \n-- PARSING FAILED --------------------------------------------------\n\nGot the end of the input\n\nExpected one of the following: \n\n'@', 'const', 'method', 'only', 'override', 'test', 'var', '{', '}', any character/byte, comment, whitespace\n","stack":"Error: Failed to parse testGranja.wtest: \n-- PARSING FAILED --------------------------------------------------\n\nGot the end of the input\n\nExpected one of the following: \n\n'@', 'const', 'method', 'only', 'override', 'test', 'var', '{', '}', any character/byte, comment, whitespace\n\n    at /home/felipe/.vscode/extensions/uqbar.wollok-lsp-ide-0.3.6/out/server/src/server.js:2254:32415\n    at Array.map (<anonymous>)\n    at Jfn (/home/felipe/.vscode/extensions/uqbar.wollok-lsp-ide-0.3.6/out/server/src/server.js:2254:32339)\n    at k2.buildEnvironmentFrom (/home/felipe/.vscode/extensions/uqbar.wollok-lsp-ide-0.3.6/out/server/src/server.js:2285:6721)\n    at k2.updateEnvironmentWith (/home/felipe/.vscode/extensions/uqbar.wollok-lsp-ide-0.3.6/out/server/src/server.js:2285:6456)\n    at jL (/home/felipe/.vscode/extensions/uqbar.wollok-lsp-ide-0.3.6/out/server/src/server.js:2298:2292)\n    at v3.invoke (/home/felipe/.vscode/extensions/uqbar.wollok-lsp-ide-0.3.6/out/server/src/server.js:3:157200)\n    at o.fire (/home/felipe/.vscode/extensions/uqbar.wollok-lsp-ide-0.3.6/out/server/src/server.js:3:157970)\n    at /home/felipe/.vscode/extensions/uqbar.wollok-lsp-ide-0.3.6/out/server/src/server.js:37:57871\n    at Vr (/home/felipe/.vscode/extensions/uqbar.wollok-lsp-ide-0.3.6/out/server/src/server.js:8:1561)","timestamp":"2024-10-14T23:43:19.011Z"}
{"level":"error","message":"✘ Failed to rebuild document Failed to parse testGranja.wtest: \n-- PARSING FAILED --------------------------------------------------\n\nGot the end of the input\n\nExpected one of the following: \n\n'@', 'const', 'method', 'only', 'override', 'test', 'var', '{', '}', any character/byte, comment, whitespace\n","stack":"Error: Failed to parse testGranja.wtest: \n-- PARSING FAILED --------------------------------------------------\n\nGot the end of the input\n\nExpected one of the following: \n\n'@', 'const', 'method', 'only', 'override', 'test', 'var', '{', '}', any character/byte, comment, whitespace\n\n    at /home/felipe/.vscode/extensions/uqbar.wollok-lsp-ide-0.3.6/out/server/src/server.js:2254:32415\n    at Array.map (<anonymous>)\n    at Jfn (/home/felipe/.vscode/extensions/uqbar.wollok-lsp-ide-0.3.6/out/server/src/server.js:2254:32339)\n    at k2.buildEnvironmentFrom (/home/felipe/.vscode/extensions/uqbar.wollok-lsp-ide-0.3.6/out/server/src/server.js:2285:6721)\n    at k2.updateEnvironmentWith (/home/felipe/.vscode/extensions/uqbar.wollok-lsp-ide-0.3.6/out/server/src/server.js:2285:6456)\n    at jL (/home/felipe/.vscode/extensions/uqbar.wollok-lsp-ide-0.3.6/out/server/src/server.js:2298:2292)\n    at v3.invoke (/home/felipe/.vscode/extensions/uqbar.wollok-lsp-ide-0.3.6/out/server/src/server.js:3:157200)\n    at o.fire (/home/felipe/.vscode/extensions/uqbar.wollok-lsp-ide-0.3.6/out/server/src/server.js:3:157970)\n    at /home/felipe/.vscode/extensions/uqbar.wollok-lsp-ide-0.3.6/out/server/src/server.js:37:57871\n    at Vr (/home/felipe/.vscode/extensions/uqbar.wollok-lsp-ide-0.3.6/out/server/src/server.js:8:1561)","timestamp":"2024-10-14T23:43:19.189Z"}
{"level":"error","message":"✘ Failed to rebuild document Failed to parse testGranja.wtest: \n-- PARSING FAILED --------------------------------------------------\n\nGot the end of the input\n\nExpected one of the following: \n\n'@', 'const', 'method', 'only', 'override', 'test', 'var', '{', '}', any character/byte, comment, whitespace\n","stack":"Error: Failed to parse testGranja.wtest: \n-- PARSING FAILED --------------------------------------------------\n\nGot the end of the input\n\nExpected one of the following: \n\n'@', 'const', 'method', 'only', 'override', 'test', 'var', '{', '}', any character/byte, comment, whitespace\n\n    at /home/felipe/.vscode/extensions/uqbar.wollok-lsp-ide-0.3.6/out/server/src/server.js:2254:32415\n    at Array.map (<anonymous>)\n    at Jfn (/home/felipe/.vscode/extensions/uqbar.wollok-lsp-ide-0.3.6/out/server/src/server.js:2254:32339)\n    at k2.buildEnvironmentFrom (/home/felipe/.vscode/extensions/uqbar.wollok-lsp-ide-0.3.6/out/server/src/server.js:2285:6721)\n    at k2.updateEnvironmentWith (/home/felipe/.vscode/extensions/uqbar.wollok-lsp-ide-0.3.6/out/server/src/server.js:2285:6456)\n    at jL (/home/felipe/.vscode/extensions/uqbar.wollok-lsp-ide-0.3.6/out/server/src/server.js:2298:2292)\n    at v3.invoke (/home/felipe/.vscode/extensions/uqbar.wollok-lsp-ide-0.3.6/out/server/src/server.js:3:157200)\n    at o.fire (/home/felipe/.vscode/extensions/uqbar.wollok-lsp-ide-0.3.6/out/server/src/server.js:3:157970)\n    at /home/felipe/.vscode/extensions/uqbar.wollok-lsp-ide-0.3.6/out/server/src/server.js:37:57871\n    at Vr (/home/felipe/.vscode/extensions/uqbar.wollok-lsp-ide-0.3.6/out/server/src/server.js:8:1561)","timestamp":"2024-10-14T23:43:19.343Z"}
{"level":"error","message":"✘ Failed to rebuild document Failed to parse testGranja.wtest: \n-- PARSING FAILED --------------------------------------------------\n\nGot the end of the input\n\nExpected one of the following: \n\n'@', 'const', 'method', 'only', 'override', 'test', 'var', '{', '}', any character/byte, comment, whitespace\n","stack":"Error: Failed to parse testGranja.wtest: \n-- PARSING FAILED --------------------------------------------------\n\nGot the end of the input\n\nExpected one of the following: \n\n'@', 'const', 'method', 'only', 'override', 'test', 'var', '{', '}', any character/byte, comment, whitespace\n\n    at /home/felipe/.vscode/extensions/uqbar.wollok-lsp-ide-0.3.6/out/server/src/server.js:2254:32415\n    at Array.map (<anonymous>)\n    at Jfn (/home/felipe/.vscode/extensions/uqbar.wollok-lsp-ide-0.3.6/out/server/src/server.js:2254:32339)\n    at k2.buildEnvironmentFrom (/home/felipe/.vscode/extensions/uqbar.wollok-lsp-ide-0.3.6/out/server/src/server.js:2285:6721)\n    at k2.updateEnvironmentWith (/home/felipe/.vscode/extensions/uqbar.wollok-lsp-ide-0.3.6/out/server/src/server.js:2285:6456)\n    at jL (/home/felipe/.vscode/extensions/uqbar.wollok-lsp-ide-0.3.6/out/server/src/server.js:2298:2292)\n    at v3.invoke (/home/felipe/.vscode/extensions/uqbar.wollok-lsp-ide-0.3.6/out/server/src/server.js:3:157200)\n    at o.fire (/home/felipe/.vscode/extensions/uqbar.wollok-lsp-ide-0.3.6/out/server/src/server.js:3:157970)\n    at /home/felipe/.vscode/extensions/uqbar.wollok-lsp-ide-0.3.6/out/server/src/server.js:37:57871\n    at Vr (/home/felipe/.vscode/extensions/uqbar.wollok-lsp-ide-0.3.6/out/server/src/server.js:8:1561)","timestamp":"2024-10-14T23:43:19.495Z"}
{"level":"info","message":"⌛ Building environment","timeElapsed":223,"timestamp":"2024-10-14T23:43:19.832Z"}
{"level":"info","message":"⌛ Building environment","timeElapsed":199,"timestamp":"2024-10-14T23:43:20.032Z"}
{"level":"info","message":"⌛ Validating testGranja.wtest","timeElapsed":208,"timestamp":"2024-10-14T23:43:20.241Z"}
{"level":"info","message":"⌛ Validating testGranja.wtest","timeElapsed":199,"timestamp":"2024-10-14T23:43:20.443Z"}
{"level":"info","message":"⌛ Building environment","timeElapsed":279,"timestamp":"2024-10-14T23:43:20.800Z"}
{"level":"info","message":"⌛ Validating testGranja.wtest","timeElapsed":203,"timestamp":"2024-10-14T23:43:21.016Z"}
{"level":"info","message":"⌛ Building environment","timeElapsed":303,"timestamp":"2024-10-14T23:43:23.550Z"}
{"level":"error","message":"✘ Completions for node failed: Error: [Send]{da1132} at testGranja.wtest:87 exhausted all cases without a match [Send]{da1132} at testGranja.wtest:87 exhausted all cases without a match","stack":"Error: [Send]{da1132} at testGranja.wtest:87 exhausted all cases without a match\n    at /home/felipe/.vscode/extensions/uqbar.wollok-lsp-ide-0.3.6/out/server/src/server.js:38:6067\n    at yh (/home/felipe/.vscode/extensions/uqbar.wollok-lsp-ide-0.3.6/out/server/src/server.js:2291:42)\n    at kh (/home/felipe/.vscode/extensions/uqbar.wollok-lsp-ide-0.3.6/out/server/src/server.js:2291:1004)\n    at Y5n (/home/felipe/.vscode/extensions/uqbar.wollok-lsp-ide-0.3.6/out/server/src/server.js:2291:1160)\n    at /home/felipe/.vscode/extensions/uqbar.wollok-lsp-ide-0.3.6/out/server/src/server.js:38:6056\n    at yh (/home/felipe/.vscode/extensions/uqbar.wollok-lsp-ide-0.3.6/out/server/src/server.js:2291:42)\n    at /home/felipe/.vscode/extensions/uqbar.wollok-lsp-ide-0.3.6/out/server/src/server.js:2291:2700\n    at /home/felipe/.vscode/extensions/uqbar.wollok-lsp-ide-0.3.6/out/server/src/server.js:2298:3774\n    at /home/felipe/.vscode/extensions/uqbar.wollok-lsp-ide-0.3.6/out/server/src/server.js:37:74872\n    at Fe (/home/felipe/.vscode/extensions/uqbar.wollok-lsp-ide-0.3.6/out/server/src/server.js:7:8527)","timestamp":"2024-10-14T23:43:23.624Z"}
{"level":"info","message":"⌛ Building environment","timeElapsed":200,"timestamp":"2024-10-14T23:43:23.834Z"}
{"level":"info","message":"⌛ Validating testGranja.wtest","timeElapsed":230,"timestamp":"2024-10-14T23:43:24.064Z"}
{"level":"info","message":"⌛ Building environment","timeElapsed":177,"timestamp":"2024-10-14T23:43:24.242Z"}
{"level":"info","message":"onRequest - completionItem/resolve","timestamp":"2024-10-14T23:43:24.243Z"}
{"level":"info","message":"⌛ Building environment","timeElapsed":221,"timestamp":"2024-10-14T23:43:24.464Z"}
{"level":"info","message":"onRequest - completionItem/resolve","timestamp":"2024-10-14T23:43:24.465Z"}
{"level":"info","message":"⌛ Validating testGranja.wtest","timeElapsed":213,"timestamp":"2024-10-14T23:43:24.678Z"}
{"level":"info","message":"⌛ Building environment","timeElapsed":182,"timestamp":"2024-10-14T23:43:24.860Z"}
{"level":"info","message":"onRequest - completionItem/resolve","timestamp":"2024-10-14T23:43:24.865Z"}
{"level":"info","message":"⌛ Building environment","timeElapsed":209,"timestamp":"2024-10-14T23:43:25.074Z"}
{"level":"info","message":"onRequest - completionItem/resolve","timestamp":"2024-10-14T23:43:25.082Z"}
{"level":"info","message":"⌛ Validating testGranja.wtest","timeElapsed":233,"timestamp":"2024-10-14T23:43:25.369Z"}
{"level":"info","message":"⌛ Validating testGranja.wtest","timeElapsed":197,"timestamp":"2024-10-14T23:43:25.568Z"}
{"level":"info","message":"⌛ Building environment","timeElapsed":216,"timestamp":"2024-10-14T23:43:25.785Z"}
{"level":"info","message":"⌛ Validating testGranja.wtest","timeElapsed":225,"timestamp":"2024-10-14T23:43:26.049Z"}
{"level":"info","message":"⌛ Validating testGranja.wtest","timeElapsed":251,"timestamp":"2024-10-14T23:43:26.304Z"}
{"level":"info","message":"⌛ Validating testGranja.wtest","timeElapsed":236,"timestamp":"2024-10-14T23:43:26.542Z"}
{"level":"info","message":"onRequest - completionItem/resolve","timestamp":"2024-10-14T23:43:26.543Z"}
{"level":"info","message":"⌛ Building environment","timeElapsed":256,"timestamp":"2024-10-14T23:43:34.908Z"}
{"level":"error","message":"✘ Completions for node failed: Error: [Send]{dec528} at testGranja.wtest:87 exhausted all cases without a match [Send]{dec528} at testGranja.wtest:87 exhausted all cases without a match","stack":"Error: [Send]{dec528} at testGranja.wtest:87 exhausted all cases without a match\n    at /home/felipe/.vscode/extensions/uqbar.wollok-lsp-ide-0.3.6/out/server/src/server.js:38:6067\n    at yh (/home/felipe/.vscode/extensions/uqbar.wollok-lsp-ide-0.3.6/out/server/src/server.js:2291:42)\n    at kh (/home/felipe/.vscode/extensions/uqbar.wollok-lsp-ide-0.3.6/out/server/src/server.js:2291:1004)\n    at Y5n (/home/felipe/.vscode/extensions/uqbar.wollok-lsp-ide-0.3.6/out/server/src/server.js:2291:1160)\n    at /home/felipe/.vscode/extensions/uqbar.wollok-lsp-ide-0.3.6/out/server/src/server.js:38:6056\n    at yh (/home/felipe/.vscode/extensions/uqbar.wollok-lsp-ide-0.3.6/out/server/src/server.js:2291:42)\n    at /home/felipe/.vscode/extensions/uqbar.wollok-lsp-ide-0.3.6/out/server/src/server.js:2291:2700\n    at /home/felipe/.vscode/extensions/uqbar.wollok-lsp-ide-0.3.6/out/server/src/server.js:2298:3774\n    at /home/felipe/.vscode/extensions/uqbar.wollok-lsp-ide-0.3.6/out/server/src/server.js:37:74872\n    at Fe (/home/felipe/.vscode/extensions/uqbar.wollok-lsp-ide-0.3.6/out/server/src/server.js:7:8527)","timestamp":"2024-10-14T23:43:34.956Z"}
{"level":"info","message":"⌛ Building environment","timeElapsed":186,"timestamp":"2024-10-14T23:43:35.149Z"}
{"level":"info","message":"⌛ Validating testGranja.wtest","timeElapsed":207,"timestamp":"2024-10-14T23:43:35.356Z"}
{"level":"info","message":"onRequest - completionItem/resolve","timestamp":"2024-10-14T23:43:35.357Z"}
{"level":"info","message":"⌛ Validating testGranja.wtest","timeElapsed":215,"timestamp":"2024-10-14T23:43:35.581Z"}
{"level":"info","message":"⌛ Building environment","timeElapsed":184,"timestamp":"2024-10-14T23:43:35.765Z"}
{"level":"info","message":"onRequest - completionItem/resolve","timestamp":"2024-10-14T23:43:35.766Z"}
{"level":"info","message":"⌛ Building environment","timeElapsed":215,"timestamp":"2024-10-14T23:43:35.982Z"}
{"level":"error","message":"✘ Completions for node failed: Error: [Send]{382278} at testGranja.wtest:87 exhausted all cases without a match [Send]{382278} at testGranja.wtest:87 exhausted all cases without a match","stack":"Error: [Send]{382278} at testGranja.wtest:87 exhausted all cases without a match\n    at /home/felipe/.vscode/extensions/uqbar.wollok-lsp-ide-0.3.6/out/server/src/server.js:38:6067\n    at yh (/home/felipe/.vscode/extensions/uqbar.wollok-lsp-ide-0.3.6/out/server/src/server.js:2291:42)\n    at kh (/home/felipe/.vscode/extensions/uqbar.wollok-lsp-ide-0.3.6/out/server/src/server.js:2291:1004)\n    at Y5n (/home/felipe/.vscode/extensions/uqbar.wollok-lsp-ide-0.3.6/out/server/src/server.js:2291:1160)\n    at /home/felipe/.vscode/extensions/uqbar.wollok-lsp-ide-0.3.6/out/server/src/server.js:38:6056\n    at yh (/home/felipe/.vscode/extensions/uqbar.wollok-lsp-ide-0.3.6/out/server/src/server.js:2291:42)\n    at /home/felipe/.vscode/extensions/uqbar.wollok-lsp-ide-0.3.6/out/server/src/server.js:2291:2700\n    at /home/felipe/.vscode/extensions/uqbar.wollok-lsp-ide-0.3.6/out/server/src/server.js:2298:3774\n    at /home/felipe/.vscode/extensions/uqbar.wollok-lsp-ide-0.3.6/out/server/src/server.js:37:74872\n    at Fe (/home/felipe/.vscode/extensions/uqbar.wollok-lsp-ide-0.3.6/out/server/src/server.js:7:8527)","timestamp":"2024-10-14T23:43:36.021Z"}
{"level":"info","message":"⌛ Building environment","timeElapsed":182,"timestamp":"2024-10-14T23:43:36.209Z"}
{"level":"info","message":"⌛ Validating testGranja.wtest","timeElapsed":203,"timestamp":"2024-10-14T23:43:36.412Z"}
{"level":"info","message":"⌛ Validating testGranja.wtest","timeElapsed":242,"timestamp":"2024-10-14T23:43:36.662Z"}
{"level":"info","message":"⌛ Validating testGranja.wtest","timeElapsed":219,"timestamp":"2024-10-14T23:43:36.881Z"}
{"level":"info","message":"⌛ Building environment","timeElapsed":174,"timestamp":"2024-10-14T23:43:37.055Z"}
{"level":"error","message":"✘ Completions for node failed: Error: [Send]{d03854} at testGranja.wtest:87 exhausted all cases without a match [Send]{d03854} at testGranja.wtest:87 exhausted all cases without a match","stack":"Error: [Send]{d03854} at testGranja.wtest:87 exhausted all cases without a match\n    at /home/felipe/.vscode/extensions/uqbar.wollok-lsp-ide-0.3.6/out/server/src/server.js:38:6067\n    at yh (/home/felipe/.vscode/extensions/uqbar.wollok-lsp-ide-0.3.6/out/server/src/server.js:2291:42)\n    at kh (/home/felipe/.vscode/extensions/uqbar.wollok-lsp-ide-0.3.6/out/server/src/server.js:2291:1004)\n    at Y5n (/home/felipe/.vscode/extensions/uqbar.wollok-lsp-ide-0.3.6/out/server/src/server.js:2291:1160)\n    at /home/felipe/.vscode/extensions/uqbar.wollok-lsp-ide-0.3.6/out/server/src/server.js:38:6056\n    at yh (/home/felipe/.vscode/extensions/uqbar.wollok-lsp-ide-0.3.6/out/server/src/server.js:2291:42)\n    at /home/felipe/.vscode/extensions/uqbar.wollok-lsp-ide-0.3.6/out/server/src/server.js:2291:2700\n    at /home/felipe/.vscode/extensions/uqbar.wollok-lsp-ide-0.3.6/out/server/src/server.js:2298:3774\n    at /home/felipe/.vscode/extensions/uqbar.wollok-lsp-ide-0.3.6/out/server/src/server.js:37:74872\n    at Fe (/home/felipe/.vscode/extensions/uqbar.wollok-lsp-ide-0.3.6/out/server/src/server.js:7:8527)","timestamp":"2024-10-14T23:43:37.094Z"}
{"level":"info","message":"⌛ Building environment","timeElapsed":168,"timestamp":"2024-10-14T23:43:37.266Z"}
{"level":"info","message":"⌛ Validating testGranja.wtest","timeElapsed":200,"timestamp":"2024-10-14T23:43:37.474Z"}
{"level":"info","message":"⌛ Validating testGranja.wtest","timeElapsed":204,"timestamp":"2024-10-14T23:43:37.680Z"}
{"level":"info","message":"⌛ Building environment","timeElapsed":179,"timestamp":"2024-10-14T23:43:37.860Z"}
{"level":"error","message":"✘ Completions for node failed: Error: [Send]{eb65af} at testGranja.wtest:87 exhausted all cases without a match [Send]{eb65af} at testGranja.wtest:87 exhausted all cases without a match","stack":"Error: [Send]{eb65af} at testGranja.wtest:87 exhausted all cases without a match\n    at /home/felipe/.vscode/extensions/uqbar.wollok-lsp-ide-0.3.6/out/server/src/server.js:38:6067\n    at yh (/home/felipe/.vscode/extensions/uqbar.wollok-lsp-ide-0.3.6/out/server/src/server.js:2291:42)\n    at kh (/home/felipe/.vscode/extensions/uqbar.wollok-lsp-ide-0.3.6/out/server/src/server.js:2291:1004)\n    at Y5n (/home/felipe/.vscode/extensions/uqbar.wollok-lsp-ide-0.3.6/out/server/src/server.js:2291:1160)\n    at /home/felipe/.vscode/extensions/uqbar.wollok-lsp-ide-0.3.6/out/server/src/server.js:38:6056\n    at yh (/home/felipe/.vscode/extensions/uqbar.wollok-lsp-ide-0.3.6/out/server/src/server.js:2291:42)\n    at /home/felipe/.vscode/extensions/uqbar.wollok-lsp-ide-0.3.6/out/server/src/server.js:2291:2700\n    at /home/felipe/.vscode/extensions/uqbar.wollok-lsp-ide-0.3.6/out/server/src/server.js:2298:3774\n    at /home/felipe/.vscode/extensions/uqbar.wollok-lsp-ide-0.3.6/out/server/src/server.js:37:74872\n    at Fe (/home/felipe/.vscode/extensions/uqbar.wollok-lsp-ide-0.3.6/out/server/src/server.js:7:8527)","timestamp":"2024-10-14T23:43:37.899Z"}
{"level":"info","message":"⌛ Building environment","timeElapsed":168,"timestamp":"2024-10-14T23:43:38.074Z"}
{"level":"info","message":"⌛ Validating testGranja.wtest","timeElapsed":200,"timestamp":"2024-10-14T23:43:38.279Z"}
{"level":"info","message":"⌛ Validating testGranja.wtest","timeElapsed":332,"timestamp":"2024-10-14T23:43:38.624Z"}
{"level":"info","message":"⌛ Building environment","timeElapsed":286,"timestamp":"2024-10-14T23:43:38.913Z"}
{"level":"error","message":"✘ Completions for node failed: Error: [Send]{30fab5} at testGranja.wtest:87 exhausted all cases without a match [Send]{30fab5} at testGranja.wtest:87 exhausted all cases without a match","stack":"Error: [Send]{30fab5} at testGranja.wtest:87 exhausted all cases without a match\n    at /home/felipe/.vscode/extensions/uqbar.wollok-lsp-ide-0.3.6/out/server/src/server.js:38:6067\n    at yh (/home/felipe/.vscode/extensions/uqbar.wollok-lsp-ide-0.3.6/out/server/src/server.js:2291:42)\n    at kh (/home/felipe/.vscode/extensions/uqbar.wollok-lsp-ide-0.3.6/out/server/src/server.js:2291:1004)\n    at Y5n (/home/felipe/.vscode/extensions/uqbar.wollok-lsp-ide-0.3.6/out/server/src/server.js:2291:1160)\n    at /home/felipe/.vscode/extensions/uqbar.wollok-lsp-ide-0.3.6/out/server/src/server.js:38:6056\n    at yh (/home/felipe/.vscode/extensions/uqbar.wollok-lsp-ide-0.3.6/out/server/src/server.js:2291:42)\n    at /home/felipe/.vscode/extensions/uqbar.wollok-lsp-ide-0.3.6/out/server/src/server.js:2291:2700\n    at /home/felipe/.vscode/extensions/uqbar.wollok-lsp-ide-0.3.6/out/server/src/server.js:2298:3774\n    at /home/felipe/.vscode/extensions/uqbar.wollok-lsp-ide-0.3.6/out/server/src/server.js:37:74872\n    at Fe (/home/felipe/.vscode/extensions/uqbar.wollok-lsp-ide-0.3.6/out/server/src/server.js:7:8527)","timestamp":"2024-10-14T23:43:38.953Z"}
{"level":"info","message":"⌛ Building environment","timeElapsed":182,"timestamp":"2024-10-14T23:43:39.140Z"}
{"level":"info","message":"⌛ Building environment","timeElapsed":187,"timestamp":"2024-10-14T23:43:39.334Z"}
{"level":"info","message":"⌛ Validating testGranja.wtest","timeElapsed":217,"timestamp":"2024-10-14T23:43:39.552Z"}
{"level":"info","message":"⌛ Building environment","timeElapsed":173,"timestamp":"2024-10-14T23:43:39.725Z"}
{"level":"error","message":"✘ Completions for node failed: Error: [Send]{699667} at testGranja.wtest:87 exhausted all cases without a match [Send]{699667} at testGranja.wtest:87 exhausted all cases without a match","stack":"Error: [Send]{699667} at testGranja.wtest:87 exhausted all cases without a match\n    at /home/felipe/.vscode/extensions/uqbar.wollok-lsp-ide-0.3.6/out/server/src/server.js:38:6067\n    at yh (/home/felipe/.vscode/extensions/uqbar.wollok-lsp-ide-0.3.6/out/server/src/server.js:2291:42)\n    at kh (/home/felipe/.vscode/extensions/uqbar.wollok-lsp-ide-0.3.6/out/server/src/server.js:2291:1004)\n    at Y5n (/home/felipe/.vscode/extensions/uqbar.wollok-lsp-ide-0.3.6/out/server/src/server.js:2291:1160)\n    at /home/felipe/.vscode/extensions/uqbar.wollok-lsp-ide-0.3.6/out/server/src/server.js:38:6056\n    at yh (/home/felipe/.vscode/extensions/uqbar.wollok-lsp-ide-0.3.6/out/server/src/server.js:2291:42)\n    at /home/felipe/.vscode/extensions/uqbar.wollok-lsp-ide-0.3.6/out/server/src/server.js:2291:2700\n    at /home/felipe/.vscode/extensions/uqbar.wollok-lsp-ide-0.3.6/out/server/src/server.js:2298:3774\n    at /home/felipe/.vscode/extensions/uqbar.wollok-lsp-ide-0.3.6/out/server/src/server.js:37:74872\n    at Fe (/home/felipe/.vscode/extensions/uqbar.wollok-lsp-ide-0.3.6/out/server/src/server.js:7:8527)","timestamp":"2024-10-14T23:43:39.763Z"}
{"level":"info","message":"⌛ Validating testGranja.wtest","timeElapsed":191,"timestamp":"2024-10-14T23:43:39.961Z"}
{"level":"info","message":"⌛ Building environment","timeElapsed":241,"timestamp":"2024-10-14T23:43:40.202Z"}
{"level":"info","message":"⌛ Building environment","timeElapsed":246,"timestamp":"2024-10-14T23:43:40.449Z"}
{"level":"info","message":"⌛ Validating testGranja.wtest","timeElapsed":208,"timestamp":"2024-10-14T23:43:40.658Z"}
{"level":"info","message":"⌛ Building environment","timeElapsed":176,"timestamp":"2024-10-14T23:43:40.836Z"}
{"level":"info","message":"⌛ Building environment","timeElapsed":171,"timestamp":"2024-10-14T23:43:41.008Z"}
{"level":"info","message":"⌛ Building environment","timeElapsed":175,"timestamp":"2024-10-14T23:43:41.183Z"}
{"level":"info","message":"⌛ Validating testGranja.wtest","timeElapsed":295,"timestamp":"2024-10-14T23:43:41.481Z"}
{"level":"info","message":"⌛ Validating testGranja.wtest","timeElapsed":218,"timestamp":"2024-10-14T23:43:41.711Z"}
{"level":"info","message":"⌛ Validating testGranja.wtest","timeElapsed":195,"timestamp":"2024-10-14T23:43:41.908Z"}
{"level":"info","message":"⌛ Validating testGranja.wtest","timeElapsed":196,"timestamp":"2024-10-14T23:43:42.106Z"}
{"level":"info","message":"⌛ Validating testGranja.wtest","timeElapsed":190,"timestamp":"2024-10-14T23:43:42.297Z"}
{"level":"info","message":"⌛ Building environment","timeElapsed":221,"timestamp":"2024-10-14T23:43:42.520Z"}
{"level":"error","message":"✘ Completions for node failed: Error: [Send]{750ec3} at testGranja.wtest:87 exhausted all cases without a match [Send]{750ec3} at testGranja.wtest:87 exhausted all cases without a match","stack":"Error: [Send]{750ec3} at testGranja.wtest:87 exhausted all cases without a match\n    at /home/felipe/.vscode/extensions/uqbar.wollok-lsp-ide-0.3.6/out/server/src/server.js:38:6067\n    at yh (/home/felipe/.vscode/extensions/uqbar.wollok-lsp-ide-0.3.6/out/server/src/server.js:2291:42)\n    at kh (/home/felipe/.vscode/extensions/uqbar.wollok-lsp-ide-0.3.6/out/server/src/server.js:2291:1004)\n    at Y5n (/home/felipe/.vscode/extensions/uqbar.wollok-lsp-ide-0.3.6/out/server/src/server.js:2291:1160)\n    at /home/felipe/.vscode/extensions/uqbar.wollok-lsp-ide-0.3.6/out/server/src/server.js:38:6056\n    at yh (/home/felipe/.vscode/extensions/uqbar.wollok-lsp-ide-0.3.6/out/server/src/server.js:2291:42)\n    at /home/felipe/.vscode/extensions/uqbar.wollok-lsp-ide-0.3.6/out/server/src/server.js:2291:2700\n    at /home/felipe/.vscode/extensions/uqbar.wollok-lsp-ide-0.3.6/out/server/src/server.js:2298:3774\n    at /home/felipe/.vscode/extensions/uqbar.wollok-lsp-ide-0.3.6/out/server/src/server.js:37:74872\n    at Fe (/home/felipe/.vscode/extensions/uqbar.wollok-lsp-ide-0.3.6/out/server/src/server.js:7:8527)","timestamp":"2024-10-14T23:43:42.565Z"}
{"level":"info","message":"⌛ Validating testGranja.wtest","timeElapsed":205,"timestamp":"2024-10-14T23:43:42.775Z"}
{"level":"info","message":"⌛ Building environment","timeElapsed":169,"timestamp":"2024-10-14T23:43:42.945Z"}
{"level":"info","message":"⌛ Validating testGranja.wtest","timeElapsed":197,"timestamp":"2024-10-14T23:43:43.150Z"}
{"level":"info","message":"⌛ Validating testGranja.wtest","timeElapsed":231,"timestamp":"2024-10-14T23:43:43.381Z"}
{"level":"info","message":"⌛ Building environment","timeElapsed":173,"timestamp":"2024-10-14T23:43:43.555Z"}
{"level":"info","message":"⌛ Building environment","timeElapsed":176,"timestamp":"2024-10-14T23:43:43.766Z"}
{"level":"info","message":"⌛ Validating testGranja.wtest","timeElapsed":240,"timestamp":"2024-10-14T23:43:44.007Z"}
{"level":"info","message":"onRequest - completionItem/resolve","timestamp":"2024-10-14T23:43:44.007Z"}
{"level":"info","message":"⌛ Validating testGranja.wtest","timeElapsed":222,"timestamp":"2024-10-14T23:43:44.229Z"}
{"level":"info","message":"⌛ Building environment","timeElapsed":185,"timestamp":"2024-10-14T23:43:44.415Z"}
{"level":"info","message":"onRequest - completionItem/resolve","timestamp":"2024-10-14T23:43:44.415Z"}
{"level":"info","message":"⌛ Building environment","timeElapsed":185,"timestamp":"2024-10-14T23:43:44.601Z"}
{"level":"info","message":"⌛ Building environment","timeElapsed":233,"timestamp":"2024-10-14T23:43:44.879Z"}
{"level":"info","message":"⌛ Building environment","timeElapsed":201,"timestamp":"2024-10-14T23:43:45.122Z"}
{"level":"info","message":"⌛ Validating testGranja.wtest","timeElapsed":229,"timestamp":"2024-10-14T23:43:45.359Z"}
{"level":"info","message":"⌛ Building environment","timeElapsed":420,"timestamp":"2024-10-14T23:43:45.781Z"}
{"level":"info","message":"⌛ Validating testGranja.wtest","timeElapsed":203,"timestamp":"2024-10-14T23:43:45.989Z"}
{"level":"info","message":"⌛ Validating testGranja.wtest","timeElapsed":208,"timestamp":"2024-10-14T23:43:46.199Z"}
{"level":"info","message":"⌛ Validating testGranja.wtest","timeElapsed":201,"timestamp":"2024-10-14T23:43:46.411Z"}
{"level":"info","message":"⌛ Validating testGranja.wtest","timeElapsed":205,"timestamp":"2024-10-14T23:43:46.619Z"}
{"level":"info","message":"⌛ Building environment","timeElapsed":217,"timestamp":"2024-10-14T23:43:52.272Z"}
{"level":"info","message":"⌛ Validating testGranja.wtest","timeElapsed":191,"timestamp":"2024-10-14T23:43:52.464Z"}
{"failures":[],"level":"info","message":"🧪 Test runner executed on /home/felipe/Documents/Universidad/Proramacion_Con_Objetos_1/2024s2-granja-villa-FeliQI-main/2024s2-granja-villa-FeliQI-5","result":{"failed":0,"ok":1},"timeElapsed":1035,"timestamp":"2024-10-14T23:44:00.640Z"}
{"level":"info","message":"⌛ Building environment","timeElapsed":232,"timestamp":"2024-10-14T23:44:13.689Z"}
{"level":"info","message":"⌛ Validating testGranja.wtest","timeElapsed":239,"timestamp":"2024-10-14T23:44:13.932Z"}
{"level":"info","message":"⌛ Building environment","timeElapsed":174,"timestamp":"2024-10-14T23:44:14.108Z"}
{"level":"info","message":"⌛ Validating testGranja.wtest","timeElapsed":218,"timestamp":"2024-10-14T23:44:14.337Z"}
{"level":"info","message":"⌛ Building environment","timeElapsed":176,"timestamp":"2024-10-14T23:44:14.517Z"}
{"level":"info","message":"⌛ Validating testGranja.wtest","timeElapsed":257,"timestamp":"2024-10-14T23:44:14.775Z"}
{"level":"info","message":"⌛ Building environment","timeElapsed":213,"timestamp":"2024-10-14T23:44:17.100Z"}
{"level":"info","message":"⌛ Validating testGranja.wtest","timeElapsed":202,"timestamp":"2024-10-14T23:44:17.303Z"}
{"level":"info","message":"⌛ Building environment","timeElapsed":191,"timestamp":"2024-10-14T23:44:21.793Z"}
{"level":"info","message":"⌛ Validating testGranja.wtest","timeElapsed":235,"timestamp":"2024-10-14T23:44:22.029Z"}
{"level":"info","message":"⌛ Building environment","timeElapsed":182,"timestamp":"2024-10-14T23:44:28.262Z"}
{"level":"info","message":"⌛ Validating testGranja.wtest","timeElapsed":196,"timestamp":"2024-10-14T23:44:28.460Z"}
{"level":"info","message":"⌛ Building environment","timeElapsed":184,"timestamp":"2024-10-14T23:44:30.175Z"}
{"level":"info","message":"⌛ Validating testGranja.wtest","timeElapsed":206,"timestamp":"2024-10-14T23:44:30.382Z"}
{"level":"info","message":"⌛ Building environment","timeElapsed":183,"timestamp":"2024-10-14T23:44:30.566Z"}
{"level":"info","message":"⌛ Building environment","timeElapsed":175,"timestamp":"2024-10-14T23:44:30.741Z"}
{"level":"info","message":"⌛ Validating testGranja.wtest","timeElapsed":197,"timestamp":"2024-10-14T23:44:30.940Z"}
{"level":"info","message":"⌛ Validating testGranja.wtest","timeElapsed":208,"timestamp":"2024-10-14T23:44:31.155Z"}
{"level":"info","message":"⌛ Building environment","timeElapsed":250,"timestamp":"2024-10-14T23:44:31.406Z"}
{"level":"info","message":"⌛ Validating testGranja.wtest","timeElapsed":255,"timestamp":"2024-10-14T23:44:31.762Z"}
{"level":"info","message":"onRequest - completionItem/resolve","timestamp":"2024-10-14T23:44:31.763Z"}
{"level":"info","message":"⌛ Building environment","timeElapsed":276,"timestamp":"2024-10-14T23:44:32.150Z"}
{"level":"info","message":"onRequest - completionItem/resolve","timestamp":"2024-10-14T23:44:32.151Z"}
{"level":"info","message":"⌛ Building environment","timeElapsed":207,"timestamp":"2024-10-14T23:44:32.359Z"}
{"level":"info","message":"onRequest - completionItem/resolve","timestamp":"2024-10-14T23:44:32.365Z"}
{"level":"info","message":"⌛ Building environment","timeElapsed":177,"timestamp":"2024-10-14T23:44:32.543Z"}
{"level":"info","message":"onRequest - completionItem/resolve","timestamp":"2024-10-14T23:44:32.544Z"}
{"level":"info","message":"⌛ Validating testGranja.wtest","timeElapsed":213,"timestamp":"2024-10-14T23:44:32.757Z"}
{"level":"info","message":"⌛ Building environment","timeElapsed":179,"timestamp":"2024-10-14T23:44:32.938Z"}
{"level":"info","message":"onRequest - completionItem/resolve","timestamp":"2024-10-14T23:44:32.938Z"}
{"level":"info","message":"⌛ Validating testGranja.wtest","timeElapsed":212,"timestamp":"2024-10-14T23:44:33.150Z"}
{"level":"info","message":"⌛ Validating testGranja.wtest","timeElapsed":215,"timestamp":"2024-10-14T23:44:33.374Z"}
{"level":"info","message":"⌛ Validating testGranja.wtest","timeElapsed":221,"timestamp":"2024-10-14T23:44:33.596Z"}
{"level":"info","message":"⌛ Building environment","timeElapsed":185,"timestamp":"2024-10-14T23:44:34.553Z"}
{"level":"info","message":"⌛ Validating testGranja.wtest","timeElapsed":203,"timestamp":"2024-10-14T23:44:34.757Z"}
{"level":"info","message":"⌛ Building environment","timeElapsed":199,"timestamp":"2024-10-14T23:44:35.697Z"}
{"level":"info","message":"⌛ Validating testGranja.wtest","timeElapsed":222,"timestamp":"2024-10-14T23:44:35.965Z"}
{"level":"info","message":"onRequest - completionItem/resolve","timestamp":"2024-10-14T23:44:35.966Z"}
{"level":"info","message":"⌛ Building environment","timeElapsed":192,"timestamp":"2024-10-14T23:44:39.526Z"}
{"level":"info","message":"⌛ Building environment","timeElapsed":265,"timestamp":"2024-10-14T23:44:39.791Z"}
{"level":"info","message":"⌛ Validating testGranja.wtest","timeElapsed":207,"timestamp":"2024-10-14T23:44:40.006Z"}
{"level":"info","message":"⌛ Validating testGranja.wtest","timeElapsed":217,"timestamp":"2024-10-14T23:44:40.233Z"}
{"level":"info","message":"⌛ Building environment","timeElapsed":186,"timestamp":"2024-10-14T23:44:40.421Z"}
{"level":"info","message":"⌛ Validating testGranja.wtest","timeElapsed":189,"timestamp":"2024-10-14T23:44:40.619Z"}
{"level":"info","message":"⌛ Building environment","timeElapsed":214,"timestamp":"2024-10-14T23:44:43.784Z"}
{"level":"info","message":"⌛ Validating testGranja.wtest","timeElapsed":200,"timestamp":"2024-10-14T23:44:43.986Z"}
{"level":"info","message":"⌛ Building environment","timeElapsed":189,"timestamp":"2024-10-14T23:44:45.797Z"}
{"level":"info","message":"⌛ Building environment","timeElapsed":183,"timestamp":"2024-10-14T23:44:45.987Z"}
{"level":"info","message":"⌛ Validating testGranja.wtest","timeElapsed":205,"timestamp":"2024-10-14T23:44:46.192Z"}
{"level":"info","message":"⌛ Building environment","timeElapsed":245,"timestamp":"2024-10-14T23:44:46.437Z"}
{"level":"info","message":"⌛ Validating testGranja.wtest","timeElapsed":257,"timestamp":"2024-10-14T23:44:46.703Z"}
{"level":"info","message":"⌛ Building environment","timeElapsed":207,"timestamp":"2024-10-14T23:44:46.912Z"}
{"level":"info","message":"⌛ Validating testGranja.wtest","timeElapsed":199,"timestamp":"2024-10-14T23:44:47.118Z"}
{"level":"info","message":"⌛ Building environment","timeElapsed":214,"timestamp":"2024-10-14T23:44:47.332Z"}
{"level":"info","message":"⌛ Validating testGranja.wtest","timeElapsed":217,"timestamp":"2024-10-14T23:44:47.560Z"}
{"level":"info","message":"⌛ Validating testGranja.wtest","timeElapsed":246,"timestamp":"2024-10-14T23:44:47.806Z"}
{"level":"info","message":"⌛ Building environment","timeElapsed":293,"timestamp":"2024-10-14T23:44:48.100Z"}
{"level":"info","message":"⌛ Validating testGranja.wtest","timeElapsed":216,"timestamp":"2024-10-14T23:44:48.326Z"}
{"level":"info","message":"⌛ Building environment","timeElapsed":215,"timestamp":"2024-10-14T23:44:50.312Z"}
{"level":"info","message":"⌛ Validating testGranja.wtest","timeElapsed":195,"timestamp":"2024-10-14T23:44:50.554Z"}
{"level":"info","message":"onRequest - completionItem/resolve","timestamp":"2024-10-14T23:44:50.556Z"}
{"level":"info","message":"⌛ Building environment","timeElapsed":201,"timestamp":"2024-10-14T23:44:50.771Z"}
{"level":"info","message":"onRequest - completionItem/resolve","timestamp":"2024-10-14T23:44:50.778Z"}
{"level":"info","message":"⌛ Building environment","timeElapsed":202,"timestamp":"2024-10-14T23:44:50.980Z"}
{"level":"info","message":"onRequest - completionItem/resolve","timestamp":"2024-10-14T23:44:50.980Z"}
{"level":"info","message":"⌛ Validating testGranja.wtest","timeElapsed":222,"timestamp":"2024-10-14T23:44:51.203Z"}
{"level":"info","message":"⌛ Building environment","timeElapsed":177,"timestamp":"2024-10-14T23:44:51.380Z"}
{"level":"info","message":"onRequest - completionItem/resolve","timestamp":"2024-10-14T23:44:51.385Z"}
{"level":"info","message":"⌛ Validating testGranja.wtest","timeElapsed":190,"timestamp":"2024-10-14T23:44:51.575Z"}
{"level":"info","message":"⌛ Building environment","timeElapsed":223,"timestamp":"2024-10-14T23:44:51.800Z"}
{"level":"info","message":"onRequest - completionItem/resolve","timestamp":"2024-10-14T23:44:51.800Z"}
{"level":"info","message":"⌛ Building environment","timeElapsed":206,"timestamp":"2024-10-14T23:44:52.006Z"}
{"level":"info","message":"onRequest - completionItem/resolve","timestamp":"2024-10-14T23:44:52.012Z"}
{"level":"info","message":"⌛ Validating testGranja.wtest","timeElapsed":193,"timestamp":"2024-10-14T23:44:52.206Z"}
{"level":"info","message":"⌛ Validating testGranja.wtest","timeElapsed":206,"timestamp":"2024-10-14T23:44:52.426Z"}
{"level":"info","message":"⌛ Validating testGranja.wtest","timeElapsed":201,"timestamp":"2024-10-14T23:44:52.629Z"}
{"level":"info","message":"⌛ Building environment","timeElapsed":195,"timestamp":"2024-10-14T23:44:54.651Z"}
{"level":"info","message":"⌛ Validating testGranja.wtest","timeElapsed":208,"timestamp":"2024-10-14T23:44:54.861Z"}
{"level":"info","message":"⌛ Building environment","timeElapsed":186,"timestamp":"2024-10-14T23:44:55.047Z"}
{"level":"info","message":"⌛ Validating testGranja.wtest","timeElapsed":205,"timestamp":"2024-10-14T23:44:55.260Z"}
{"level":"info","message":"⌛ Building environment","timeElapsed":275,"timestamp":"2024-10-14T23:45:18.222Z"}
{"level":"info","message":"⌛ Validating testGranja.wtest","timeElapsed":245,"timestamp":"2024-10-14T23:45:18.536Z"}
{"level":"info","message":"⌛ Building environment","timeElapsed":244,"timestamp":"2024-10-14T23:45:24.792Z"}
{"level":"info","message":"⌛ Validating testGranja.wtest","timeElapsed":208,"timestamp":"2024-10-14T23:45:25.006Z"}
{"level":"info","message":"⌛ Building environment","timeElapsed":257,"timestamp":"2024-10-14T23:45:26.661Z"}
{"level":"info","message":"⌛ Validating testGranja.wtest","timeElapsed":220,"timestamp":"2024-10-14T23:45:26.898Z"}
{"level":"info","message":"⌛ Building environment","timeElapsed":202,"timestamp":"2024-10-14T23:45:31.020Z"}
{"level":"info","message":"⌛ Validating testGranja.wtest","timeElapsed":268,"timestamp":"2024-10-14T23:45:31.296Z"}
{"level":"info","message":"⌛ Building environment","timeElapsed":263,"timestamp":"2024-10-14T23:45:31.568Z"}
{"level":"info","message":"⌛ Building environment","timeElapsed":244,"timestamp":"2024-10-14T23:45:31.812Z"}
{"level":"info","message":"⌛ Building environment","timeElapsed":278,"timestamp":"2024-10-14T23:45:32.092Z"}
{"level":"info","message":"⌛ Validating testGranja.wtest","timeElapsed":238,"timestamp":"2024-10-14T23:45:32.339Z"}
{"level":"info","message":"⌛ Validating testGranja.wtest","timeElapsed":205,"timestamp":"2024-10-14T23:45:32.546Z"}
{"level":"info","message":"⌛ Validating testGranja.wtest","timeElapsed":211,"timestamp":"2024-10-14T23:45:32.765Z"}
{"level":"info","message":"⌛ Building environment","timeElapsed":347,"timestamp":"2024-10-14T23:45:39.661Z"}
{"level":"info","message":"⌛ Validating testGranja.wtest","timeElapsed":245,"timestamp":"2024-10-14T23:45:39.916Z"}
{"level":"info","message":"⌛ Building environment","timeElapsed":203,"timestamp":"2024-10-14T23:45:40.122Z"}
{"level":"info","message":"⌛ Building environment","timeElapsed":227,"timestamp":"2024-10-14T23:45:40.412Z"}
{"level":"info","message":"⌛ Validating testGranja.wtest","timeElapsed":244,"timestamp":"2024-10-14T23:45:40.657Z"}
{"level":"info","message":"⌛ Validating testGranja.wtest","timeElapsed":201,"timestamp":"2024-10-14T23:45:40.868Z"}
{"level":"info","message":"⌛ Building environment","timeElapsed":191,"timestamp":"2024-10-14T23:45:41.059Z"}
{"level":"info","message":"⌛ Validating testGranja.wtest","timeElapsed":275,"timestamp":"2024-10-14T23:45:41.348Z"}
{"level":"info","message":"⌛ Building environment","timeElapsed":220,"timestamp":"2024-10-14T23:45:47.245Z"}
{"level":"info","message":"⌛ Validating testGranja.wtest","timeElapsed":200,"timestamp":"2024-10-14T23:45:47.446Z"}
{"level":"info","message":"⌛ Building environment","timeElapsed":188,"timestamp":"2024-10-14T23:45:47.946Z"}
{"level":"info","message":"⌛ Building environment","timeElapsed":218,"timestamp":"2024-10-14T23:45:48.215Z"}
{"level":"info","message":"⌛ Validating testGranja.wtest","timeElapsed":219,"timestamp":"2024-10-14T23:45:48.436Z"}
{"level":"info","message":"⌛ Building environment","timeElapsed":190,"timestamp":"2024-10-14T23:45:48.627Z"}
{"level":"info","message":"onRequest - completionItem/resolve","timestamp":"2024-10-14T23:45:48.628Z"}
{"level":"info","message":"⌛ Validating testGranja.wtest","timeElapsed":220,"timestamp":"2024-10-14T23:45:48.848Z"}
{"level":"info","message":"⌛ Building environment","timeElapsed":232,"timestamp":"2024-10-14T23:45:49.090Z"}
{"level":"info","message":"onRequest - completionItem/resolve","timestamp":"2024-10-14T23:45:49.092Z"}
{"level":"info","message":"⌛ Validating testGranja.wtest","timeElapsed":434,"timestamp":"2024-10-14T23:45:49.544Z"}
{"level":"info","message":"⌛ Building environment","timeElapsed":211,"timestamp":"2024-10-14T23:45:49.755Z"}
{"level":"info","message":"onRequest - completionItem/resolve","timestamp":"2024-10-14T23:45:49.762Z"}
{"level":"info","message":"⌛ Building environment","timeElapsed":192,"timestamp":"2024-10-14T23:45:49.957Z"}
{"level":"info","message":"onRequest - completionItem/resolve","timestamp":"2024-10-14T23:45:49.957Z"}
{"level":"info","message":"⌛ Building environment","timeElapsed":216,"timestamp":"2024-10-14T23:45:50.175Z"}
{"level":"info","message":"onRequest - completionItem/resolve","timestamp":"2024-10-14T23:45:50.175Z"}
{"level":"info","message":"⌛ Building environment","timeElapsed":178,"timestamp":"2024-10-14T23:45:50.354Z"}
{"level":"info","message":"onRequest - completionItem/resolve","timestamp":"2024-10-14T23:45:50.359Z"}
{"level":"info","message":"⌛ Validating testGranja.wtest","timeElapsed":217,"timestamp":"2024-10-14T23:45:50.576Z"}
{"level":"info","message":"⌛ Building environment","timeElapsed":177,"timestamp":"2024-10-14T23:45:50.764Z"}
{"level":"info","message":"⌛ Validating testGranja.wtest","timeElapsed":235,"timestamp":"2024-10-14T23:45:51.050Z"}
{"level":"info","message":"⌛ Validating testGranja.wtest","timeElapsed":226,"timestamp":"2024-10-14T23:45:51.276Z"}
{"level":"info","message":"⌛ Validating testGranja.wtest","timeElapsed":205,"timestamp":"2024-10-14T23:45:51.484Z"}
{"level":"info","message":"⌛ Validating testGranja.wtest","timeElapsed":196,"timestamp":"2024-10-14T23:45:51.681Z"}
{"level":"info","message":"⌛ Building environment","timeElapsed":186,"timestamp":"2024-10-14T23:45:51.870Z"}
{"level":"info","message":"⌛ Building environment","timeElapsed":324,"timestamp":"2024-10-14T23:45:52.200Z"}
{"level":"info","message":"⌛ Validating testGranja.wtest","timeElapsed":249,"timestamp":"2024-10-14T23:45:52.452Z"}
{"level":"info","message":"onRequest - completionItem/resolve","timestamp":"2024-10-14T23:45:52.463Z"}
{"level":"info","message":"⌛ Building environment","timeElapsed":207,"timestamp":"2024-10-14T23:45:52.671Z"}
{"level":"info","message":"onRequest - completionItem/resolve","timestamp":"2024-10-14T23:45:52.672Z"}
{"level":"info","message":"⌛ Building environment","timeElapsed":218,"timestamp":"2024-10-14T23:45:52.903Z"}
{"level":"info","message":"onRequest - completionItem/resolve","timestamp":"2024-10-14T23:45:52.903Z"}
{"level":"info","message":"⌛ Building environment","timeElapsed":195,"timestamp":"2024-10-14T23:45:53.099Z"}
{"level":"info","message":"onRequest - completionItem/resolve","timestamp":"2024-10-14T23:45:53.099Z"}
{"level":"info","message":"⌛ Validating testGranja.wtest","timeElapsed":221,"timestamp":"2024-10-14T23:45:53.336Z"}
{"level":"info","message":"⌛ Building environment","timeElapsed":283,"timestamp":"2024-10-14T23:45:53.622Z"}
{"level":"info","message":"⌛ Building environment","timeElapsed":219,"timestamp":"2024-10-14T23:45:53.854Z"}
{"level":"info","message":"⌛ Validating testGranja.wtest","timeElapsed":227,"timestamp":"2024-10-14T23:45:54.082Z"}
{"level":"error","message":"✘ Completions for node failed: Error: [Send]{99fbac} at testGranja.wtest:100 exhausted all cases without a match [Send]{99fbac} at testGranja.wtest:100 exhausted all cases without a match","stack":"Error: [Send]{99fbac} at testGranja.wtest:100 exhausted all cases without a match\n    at /home/felipe/.vscode/extensions/uqbar.wollok-lsp-ide-0.3.6/out/server/src/server.js:38:6067\n    at yh (/home/felipe/.vscode/extensions/uqbar.wollok-lsp-ide-0.3.6/out/server/src/server.js:2291:42)\n    at kh (/home/felipe/.vscode/extensions/uqbar.wollok-lsp-ide-0.3.6/out/server/src/server.js:2291:1004)\n    at Y5n (/home/felipe/.vscode/extensions/uqbar.wollok-lsp-ide-0.3.6/out/server/src/server.js:2291:1160)\n    at /home/felipe/.vscode/extensions/uqbar.wollok-lsp-ide-0.3.6/out/server/src/server.js:38:6056\n    at yh (/home/felipe/.vscode/extensions/uqbar.wollok-lsp-ide-0.3.6/out/server/src/server.js:2291:42)\n    at /home/felipe/.vscode/extensions/uqbar.wollok-lsp-ide-0.3.6/out/server/src/server.js:2291:2700\n    at /home/felipe/.vscode/extensions/uqbar.wollok-lsp-ide-0.3.6/out/server/src/server.js:2298:3774\n    at /home/felipe/.vscode/extensions/uqbar.wollok-lsp-ide-0.3.6/out/server/src/server.js:37:74872\n    at Fe (/home/felipe/.vscode/extensions/uqbar.wollok-lsp-ide-0.3.6/out/server/src/server.js:7:8527)","timestamp":"2024-10-14T23:45:54.131Z"}
{"level":"info","message":"⌛ Building environment","timeElapsed":176,"timestamp":"2024-10-14T23:45:54.317Z"}
{"level":"info","message":"⌛ Building environment","timeElapsed":173,"timestamp":"2024-10-14T23:45:54.497Z"}
{"level":"info","message":"⌛ Validating testGranja.wtest","timeElapsed":206,"timestamp":"2024-10-14T23:45:54.703Z"}
{"level":"info","message":"⌛ Building environment","timeElapsed":222,"timestamp":"2024-10-14T23:45:54.926Z"}
{"level":"info","message":"⌛ Validating testGranja.wtest","timeElapsed":200,"timestamp":"2024-10-14T23:45:55.131Z"}
{"level":"info","message":"⌛ Building environment","timeElapsed":206,"timestamp":"2024-10-14T23:45:55.339Z"}
{"level":"info","message":"⌛ Building environment","timeElapsed":185,"timestamp":"2024-10-14T23:45:55.524Z"}
{"level":"info","message":"⌛ Validating testGranja.wtest","timeElapsed":211,"timestamp":"2024-10-14T23:45:55.737Z"}
{"level":"info","message":"⌛ Validating testGranja.wtest","timeElapsed":220,"timestamp":"2024-10-14T23:45:55.966Z"}
{"level":"info","message":"⌛ Validating testGranja.wtest","timeElapsed":209,"timestamp":"2024-10-14T23:45:56.175Z"}
{"level":"info","message":"⌛ Validating testGranja.wtest","timeElapsed":191,"timestamp":"2024-10-14T23:45:56.368Z"}
{"level":"info","message":"⌛ Validating testGranja.wtest","timeElapsed":187,"timestamp":"2024-10-14T23:45:56.556Z"}
{"level":"info","message":"⌛ Validating testGranja.wtest","timeElapsed":197,"timestamp":"2024-10-14T23:45:56.754Z"}
{"level":"info","message":"⌛ Validating testGranja.wtest","timeElapsed":196,"timestamp":"2024-10-14T23:45:56.951Z"}
{"level":"info","message":"⌛ Validating testGranja.wtest","timeElapsed":209,"timestamp":"2024-10-14T23:45:57.161Z"}
{"failures":[],"level":"info","message":"🧪 Test runner executed on /home/felipe/Documents/Universidad/Proramacion_Con_Objetos_1/2024s2-granja-villa-FeliQI-main/2024s2-granja-villa-FeliQI-5","result":{"failed":0,"ok":1},"timeElapsed":1091,"timestamp":"2024-10-14T23:46:00.690Z"}
{"level":"info","message":"⌛ Building environment","timeElapsed":280,"timestamp":"2024-10-14T23:46:11.682Z"}
{"level":"info","message":"⌛ Building environment","timeElapsed":195,"timestamp":"2024-10-14T23:46:11.877Z"}
{"level":"info","message":"⌛ Validating testGranja.wtest","timeElapsed":193,"timestamp":"2024-10-14T23:46:12.077Z"}
{"level":"info","message":"⌛ Validating testGranja.wtest","timeElapsed":210,"timestamp":"2024-10-14T23:46:12.288Z"}
{"level":"info","message":"⌛ Building environment","timeElapsed":193,"timestamp":"2024-10-14T23:46:12.494Z"}
{"level":"info","message":"⌛ Building environment","timeElapsed":309,"timestamp":"2024-10-14T23:46:12.847Z"}
{"level":"info","message":"⌛ Building environment","timeElapsed":183,"timestamp":"2024-10-14T23:46:13.031Z"}
{"level":"info","message":"⌛ Validating testGranja.wtest","timeElapsed":234,"timestamp":"2024-10-14T23:46:13.272Z"}
{"level":"error","message":"✘ Failed to rebuild document Failed to parse testGranja.wtest: \n-- PARSING FAILED --------------------------------------------------\n\n  106 | \n  107 |   test\n> 108 | }\n      | ^\n\nExpected one of the following: \n\nstring literal, whitespace\n","stack":"Error: Failed to parse testGranja.wtest: \n-- PARSING FAILED --------------------------------------------------\n\n  106 | \n  107 |   test\n> 108 | }\n      | ^\n\nExpected one of the following: \n\nstring literal, whitespace\n\n    at /home/felipe/.vscode/extensions/uqbar.wollok-lsp-ide-0.3.6/out/server/src/server.js:2254:32415\n    at Array.map (<anonymous>)\n    at Jfn (/home/felipe/.vscode/extensions/uqbar.wollok-lsp-ide-0.3.6/out/server/src/server.js:2254:32339)\n    at k2.buildEnvironmentFrom (/home/felipe/.vscode/extensions/uqbar.wollok-lsp-ide-0.3.6/out/server/src/server.js:2285:6721)\n    at k2.updateEnvironmentWith (/home/felipe/.vscode/extensions/uqbar.wollok-lsp-ide-0.3.6/out/server/src/server.js:2285:6456)\n    at jL (/home/felipe/.vscode/extensions/uqbar.wollok-lsp-ide-0.3.6/out/server/src/server.js:2298:2292)\n    at v3.invoke (/home/felipe/.vscode/extensions/uqbar.wollok-lsp-ide-0.3.6/out/server/src/server.js:3:157200)\n    at o.fire (/home/felipe/.vscode/extensions/uqbar.wollok-lsp-ide-0.3.6/out/server/src/server.js:3:157970)\n    at /home/felipe/.vscode/extensions/uqbar.wollok-lsp-ide-0.3.6/out/server/src/server.js:37:57871\n    at Vr (/home/felipe/.vscode/extensions/uqbar.wollok-lsp-ide-0.3.6/out/server/src/server.js:8:1561)","timestamp":"2024-10-14T23:46:13.339Z"}
{"level":"info","message":"onRequest - completionItem/resolve","timestamp":"2024-10-14T23:46:13.340Z"}
{"level":"info","message":"⌛ Validating testGranja.wtest","timeElapsed":229,"timestamp":"2024-10-14T23:46:13.577Z"}
{"level":"info","message":"⌛ Validating testGranja.wtest","timeElapsed":204,"timestamp":"2024-10-14T23:46:13.782Z"}
{"level":"error","message":"✘ Failed to rebuild document Failed to parse testGranja.wtest: \n-- PARSING FAILED --------------------------------------------------\n\n  106 | \n  107 |   test \n> 108 | }\n      | ^\n\nExpected one of the following: \n\nstring literal, whitespace\n","stack":"Error: Failed to parse testGranja.wtest: \n-- PARSING FAILED --------------------------------------------------\n\n  106 | \n  107 |   test \n> 108 | }\n      | ^\n\nExpected one of the following: \n\nstring literal, whitespace\n\n    at /home/felipe/.vscode/extensions/uqbar.wollok-lsp-ide-0.3.6/out/server/src/server.js:2254:32415\n    at Array.map (<anonymous>)\n    at Jfn (/home/felipe/.vscode/extensions/uqbar.wollok-lsp-ide-0.3.6/out/server/src/server.js:2254:32339)\n    at k2.buildEnvironmentFrom (/home/felipe/.vscode/extensions/uqbar.wollok-lsp-ide-0.3.6/out/server/src/server.js:2285:6721)\n    at k2.updateEnvironmentWith (/home/felipe/.vscode/extensions/uqbar.wollok-lsp-ide-0.3.6/out/server/src/server.js:2285:6456)\n    at jL (/home/felipe/.vscode/extensions/uqbar.wollok-lsp-ide-0.3.6/out/server/src/server.js:2298:2292)\n    at v3.invoke (/home/felipe/.vscode/extensions/uqbar.wollok-lsp-ide-0.3.6/out/server/src/server.js:3:157200)\n    at o.fire (/home/felipe/.vscode/extensions/uqbar.wollok-lsp-ide-0.3.6/out/server/src/server.js:3:157970)\n    at /home/felipe/.vscode/extensions/uqbar.wollok-lsp-ide-0.3.6/out/server/src/server.js:37:57871\n    at Vr (/home/felipe/.vscode/extensions/uqbar.wollok-lsp-ide-0.3.6/out/server/src/server.js:8:1561)","timestamp":"2024-10-14T23:46:13.850Z"}
{"level":"error","message":"✘ Failed to rebuild document Failed to parse testGranja.wtest: \n-- PARSING FAILED --------------------------------------------------\n\n  106 | \n  107 |   test \"\"\n> 108 | }\n      | ^\n\nExpected one of the following: \n\n'@', '{', comment, whitespace\n","stack":"Error: Failed to parse testGranja.wtest: \n-- PARSING FAILED --------------------------------------------------\n\n  106 | \n  107 |   test \"\"\n> 108 | }\n      | ^\n\nExpected one of the following: \n\n'@', '{', comment, whitespace\n\n    at /home/felipe/.vscode/extensions/uqbar.wollok-lsp-ide-0.3.6/out/server/src/server.js:2254:32415\n    at Array.map (<anonymous>)\n    at Jfn (/home/felipe/.vscode/extensions/uqbar.wollok-lsp-ide-0.3.6/out/server/src/server.js:2254:32339)\n    at k2.buildEnvironmentFrom (/home/felipe/.vscode/extensions/uqbar.wollok-lsp-ide-0.3.6/out/server/src/server.js:2285:6721)\n    at k2.updateEnvironmentWith (/home/felipe/.vscode/extensions/uqbar.wollok-lsp-ide-0.3.6/out/server/src/server.js:2285:6456)\n    at jL (/home/felipe/.vscode/extensions/uqbar.wollok-lsp-ide-0.3.6/out/server/src/server.js:2298:2292)\n    at v3.invoke (/home/felipe/.vscode/extensions/uqbar.wollok-lsp-ide-0.3.6/out/server/src/server.js:3:157200)\n    at o.fire (/home/felipe/.vscode/extensions/uqbar.wollok-lsp-ide-0.3.6/out/server/src/server.js:3:157970)\n    at /home/felipe/.vscode/extensions/uqbar.wollok-lsp-ide-0.3.6/out/server/src/server.js:37:57871\n    at Vr (/home/felipe/.vscode/extensions/uqbar.wollok-lsp-ide-0.3.6/out/server/src/server.js:8:1561)","timestamp":"2024-10-14T23:46:14.708Z"}
{"level":"error","message":"✘ Failed to rebuild document Failed to parse testGranja.wtest: \n-- PARSING FAILED --------------------------------------------------\n\n  106 | \n  107 |   test \"E\"\n> 108 | }\n      | ^\n\nExpected one of the following: \n\n'@', '{', comment, whitespace\n","stack":"Error: Failed to parse testGranja.wtest: \n-- PARSING FAILED --------------------------------------------------\n\n  106 | \n  107 |   test \"E\"\n> 108 | }\n      | ^\n\nExpected one of the following: \n\n'@', '{', comment, whitespace\n\n    at /home/felipe/.vscode/extensions/uqbar.wollok-lsp-ide-0.3.6/out/server/src/server.js:2254:32415\n    at Array.map (<anonymous>)\n    at Jfn (/home/felipe/.vscode/extensions/uqbar.wollok-lsp-ide-0.3.6/out/server/src/server.js:2254:32339)\n    at k2.buildEnvironmentFrom (/home/felipe/.vscode/extensions/uqbar.wollok-lsp-ide-0.3.6/out/server/src/server.js:2285:6721)\n    at k2.updateEnvironmentWith (/home/felipe/.vscode/extensions/uqbar.wollok-lsp-ide-0.3.6/out/server/src/server.js:2285:6456)\n    at jL (/home/felipe/.vscode/extensions/uqbar.wollok-lsp-ide-0.3.6/out/server/src/server.js:2298:2292)\n    at v3.invoke (/home/felipe/.vscode/extensions/uqbar.wollok-lsp-ide-0.3.6/out/server/src/server.js:3:157200)\n    at o.fire (/home/felipe/.vscode/extensions/uqbar.wollok-lsp-ide-0.3.6/out/server/src/server.js:3:157970)\n    at /home/felipe/.vscode/extensions/uqbar.wollok-lsp-ide-0.3.6/out/server/src/server.js:37:57871\n    at Vr (/home/felipe/.vscode/extensions/uqbar.wollok-lsp-ide-0.3.6/out/server/src/server.js:8:1561)","timestamp":"2024-10-14T23:46:15.897Z"}
{"level":"error","message":"✘ Failed to rebuild document Failed to parse testGranja.wtest: \n-- PARSING FAILED --------------------------------------------------\n\n  106 | \n  107 |   test \"Er\"\n> 108 | }\n      | ^\n\nExpected one of the following: \n\n'@', '{', comment, whitespace\n","stack":"Error: Failed to parse testGranja.wtest: \n-- PARSING FAILED --------------------------------------------------\n\n  106 | \n  107 |   test \"Er\"\n> 108 | }\n      | ^\n\nExpected one of the following: \n\n'@', '{', comment, whitespace\n\n    at /home/felipe/.vscode/extensions/uqbar.wollok-lsp-ide-0.3.6/out/server/src/server.js:2254:32415\n    at Array.map (<anonymous>)\n    at Jfn (/home/felipe/.vscode/extensions/uqbar.wollok-lsp-ide-0.3.6/out/server/src/server.js:2254:32339)\n    at k2.buildEnvironmentFrom (/home/felipe/.vscode/extensions/uqbar.wollok-lsp-ide-0.3.6/out/server/src/server.js:2285:6721)\n    at k2.updateEnvironmentWith (/home/felipe/.vscode/extensions/uqbar.wollok-lsp-ide-0.3.6/out/server/src/server.js:2285:6456)\n    at jL (/home/felipe/.vscode/extensions/uqbar.wollok-lsp-ide-0.3.6/out/server/src/server.js:2298:2292)\n    at v3.invoke (/home/felipe/.vscode/extensions/uqbar.wollok-lsp-ide-0.3.6/out/server/src/server.js:3:157200)\n    at o.fire (/home/felipe/.vscode/extensions/uqbar.wollok-lsp-ide-0.3.6/out/server/src/server.js:3:157970)\n    at /home/felipe/.vscode/extensions/uqbar.wollok-lsp-ide-0.3.6/out/server/src/server.js:37:57871\n    at Vr (/home/felipe/.vscode/extensions/uqbar.wollok-lsp-ide-0.3.6/out/server/src/server.js:8:1561)","timestamp":"2024-10-14T23:46:16.218Z"}
{"level":"error","message":"✘ Failed to rebuild document Failed to parse testGranja.wtest: \n-- PARSING FAILED --------------------------------------------------\n\n  106 | \n  107 |   test \"E\"\n> 108 | }\n      | ^\n\nExpected one of the following: \n\n'@', '{', comment, whitespace\n","stack":"Error: Failed to parse testGranja.wtest: \n-- PARSING FAILED --------------------------------------------------\n\n  106 | \n  107 |   test \"E\"\n> 108 | }\n      | ^\n\nExpected one of the following: \n\n'@', '{', comment, whitespace\n\n    at /home/felipe/.vscode/extensions/uqbar.wollok-lsp-ide-0.3.6/out/server/src/server.js:2254:32415\n    at Array.map (<anonymous>)\n    at Jfn (/home/felipe/.vscode/extensions/uqbar.wollok-lsp-ide-0.3.6/out/server/src/server.js:2254:32339)\n    at k2.buildEnvironmentFrom (/home/felipe/.vscode/extensions/uqbar.wollok-lsp-ide-0.3.6/out/server/src/server.js:2285:6721)\n    at k2.updateEnvironmentWith (/home/felipe/.vscode/extensions/uqbar.wollok-lsp-ide-0.3.6/out/server/src/server.js:2285:6456)\n    at jL (/home/felipe/.vscode/extensions/uqbar.wollok-lsp-ide-0.3.6/out/server/src/server.js:2298:2292)\n    at v3.invoke (/home/felipe/.vscode/extensions/uqbar.wollok-lsp-ide-0.3.6/out/server/src/server.js:3:157200)\n    at o.fire (/home/felipe/.vscode/extensions/uqbar.wollok-lsp-ide-0.3.6/out/server/src/server.js:3:157970)\n    at /home/felipe/.vscode/extensions/uqbar.wollok-lsp-ide-0.3.6/out/server/src/server.js:37:57871\n    at Vr (/home/felipe/.vscode/extensions/uqbar.wollok-lsp-ide-0.3.6/out/server/src/server.js:8:1561)","timestamp":"2024-10-14T23:46:16.659Z"}
{"level":"error","message":"✘ Failed to rebuild document Failed to parse testGranja.wtest: \n-- PARSING FAILED --------------------------------------------------\n\n  106 | \n  107 |   test \"Er\"\n> 108 | }\n      | ^\n\nExpected one of the following: \n\n'@', '{', comment, whitespace\n","stack":"Error: Failed to parse testGranja.wtest: \n-- PARSING FAILED --------------------------------------------------\n\n  106 | \n  107 |   test \"Er\"\n> 108 | }\n      | ^\n\nExpected one of the following: \n\n'@', '{', comment, whitespace\n\n    at /home/felipe/.vscode/extensions/uqbar.wollok-lsp-ide-0.3.6/out/server/src/server.js:2254:32415\n    at Array.map (<anonymous>)\n    at Jfn (/home/felipe/.vscode/extensions/uqbar.wollok-lsp-ide-0.3.6/out/server/src/server.js:2254:32339)\n    at k2.buildEnvironmentFrom (/home/felipe/.vscode/extensions/uqbar.wollok-lsp-ide-0.3.6/out/server/src/server.js:2285:6721)\n    at k2.updateEnvironmentWith (/home/felipe/.vscode/extensions/uqbar.wollok-lsp-ide-0.3.6/out/server/src/server.js:2285:6456)\n    at jL (/home/felipe/.vscode/extensions/uqbar.wollok-lsp-ide-0.3.6/out/server/src/server.js:2298:2292)\n    at v3.invoke (/home/felipe/.vscode/extensions/uqbar.wollok-lsp-ide-0.3.6/out/server/src/server.js:3:157200)\n    at o.fire (/home/felipe/.vscode/extensions/uqbar.wollok-lsp-ide-0.3.6/out/server/src/server.js:3:157970)\n    at /home/felipe/.vscode/extensions/uqbar.wollok-lsp-ide-0.3.6/out/server/src/server.js:37:57871\n    at Vr (/home/felipe/.vscode/extensions/uqbar.wollok-lsp-ide-0.3.6/out/server/src/server.js:8:1561)","timestamp":"2024-10-14T23:46:17.136Z"}
{"level":"error","message":"✘ Failed to rebuild document Failed to parse testGranja.wtest: \n-- PARSING FAILED --------------------------------------------------\n\n  106 | \n  107 |   test \"Err\"\n> 108 | }\n      | ^\n\nExpected one of the following: \n\n'@', '{', comment, whitespace\n","stack":"Error: Failed to parse testGranja.wtest: \n-- PARSING FAILED --------------------------------------------------\n\n  106 | \n  107 |   test \"Err\"\n> 108 | }\n      | ^\n\nExpected one of the following: \n\n'@', '{', comment, whitespace\n\n    at /home/felipe/.vscode/extensions/uqbar.wollok-lsp-ide-0.3.6/out/server/src/server.js:2254:32415\n    at Array.map (<anonymous>)\n    at Jfn (/home/felipe/.vscode/extensions/uqbar.wollok-lsp-ide-0.3.6/out/server/src/server.js:2254:32339)\n    at k2.buildEnvironmentFrom (/home/felipe/.vscode/extensions/uqbar.wollok-lsp-ide-0.3.6/out/server/src/server.js:2285:6721)\n    at k2.updateEnvironmentWith (/home/felipe/.vscode/extensions/uqbar.wollok-lsp-ide-0.3.6/out/server/src/server.js:2285:6456)\n    at jL (/home/felipe/.vscode/extensions/uqbar.wollok-lsp-ide-0.3.6/out/server/src/server.js:2298:2292)\n    at v3.invoke (/home/felipe/.vscode/extensions/uqbar.wollok-lsp-ide-0.3.6/out/server/src/server.js:3:157200)\n    at o.fire (/home/felipe/.vscode/extensions/uqbar.wollok-lsp-ide-0.3.6/out/server/src/server.js:3:157970)\n    at /home/felipe/.vscode/extensions/uqbar.wollok-lsp-ide-0.3.6/out/server/src/server.js:37:57871\n    at Vr (/home/felipe/.vscode/extensions/uqbar.wollok-lsp-ide-0.3.6/out/server/src/server.js:8:1561)","timestamp":"2024-10-14T23:46:17.538Z"}
{"level":"error","message":"✘ Failed to rebuild document Failed to parse testGranja.wtest: \n-- PARSING FAILED --------------------------------------------------\n\n  106 | \n  107 |   test \"Erro\"\n> 108 | }\n      | ^\n\nExpected one of the following: \n\n'@', '{', comment, whitespace\n","stack":"Error: Failed to parse testGranja.wtest: \n-- PARSING FAILED --------------------------------------------------\n\n  106 | \n  107 |   test \"Erro\"\n> 108 | }\n      | ^\n\nExpected one of the following: \n\n'@', '{', comment, whitespace\n\n    at /home/felipe/.vscode/extensions/uqbar.wollok-lsp-ide-0.3.6/out/server/src/server.js:2254:32415\n    at Array.map (<anonymous>)\n    at Jfn (/home/felipe/.vscode/extensions/uqbar.wollok-lsp-ide-0.3.6/out/server/src/server.js:2254:32339)\n    at k2.buildEnvironmentFrom (/home/felipe/.vscode/extensions/uqbar.wollok-lsp-ide-0.3.6/out/server/src/server.js:2285:6721)\n    at k2.updateEnvironmentWith (/home/felipe/.vscode/extensions/uqbar.wollok-lsp-ide-0.3.6/out/server/src/server.js:2285:6456)\n    at jL (/home/felipe/.vscode/extensions/uqbar.wollok-lsp-ide-0.3.6/out/server/src/server.js:2298:2292)\n    at v3.invoke (/home/felipe/.vscode/extensions/uqbar.wollok-lsp-ide-0.3.6/out/server/src/server.js:3:157200)\n    at o.fire (/home/felipe/.vscode/extensions/uqbar.wollok-lsp-ide-0.3.6/out/server/src/server.js:3:157970)\n    at /home/felipe/.vscode/extensions/uqbar.wollok-lsp-ide-0.3.6/out/server/src/server.js:37:57871\n    at Vr (/home/felipe/.vscode/extensions/uqbar.wollok-lsp-ide-0.3.6/out/server/src/server.js:8:1561)","timestamp":"2024-10-14T23:46:17.652Z"}
{"level":"error","message":"✘ Failed to rebuild document Failed to parse testGranja.wtest: \n-- PARSING FAILED --------------------------------------------------\n\n  106 | \n  107 |   test \"Error\"\n> 108 | }\n      | ^\n\nExpected one of the following: \n\n'@', '{', comment, whitespace\n","stack":"Error: Failed to parse testGranja.wtest: \n-- PARSING FAILED --------------------------------------------------\n\n  106 | \n  107 |   test \"Error\"\n> 108 | }\n      | ^\n\nExpected one of the following: \n\n'@', '{', comment, whitespace\n\n    at /home/felipe/.vscode/extensions/uqbar.wollok-lsp-ide-0.3.6/out/server/src/server.js:2254:32415\n    at Array.map (<anonymous>)\n    at Jfn (/home/felipe/.vscode/extensions/uqbar.wollok-lsp-ide-0.3.6/out/server/src/server.js:2254:32339)\n    at k2.buildEnvironmentFrom (/home/felipe/.vscode/extensions/uqbar.wollok-lsp-ide-0.3.6/out/server/src/server.js:2285:6721)\n    at k2.updateEnvironmentWith (/home/felipe/.vscode/extensions/uqbar.wollok-lsp-ide-0.3.6/out/server/src/server.js:2285:6456)\n    at jL (/home/felipe/.vscode/extensions/uqbar.wollok-lsp-ide-0.3.6/out/server/src/server.js:2298:2292)\n    at v3.invoke (/home/felipe/.vscode/extensions/uqbar.wollok-lsp-ide-0.3.6/out/server/src/server.js:3:157200)\n    at o.fire (/home/felipe/.vscode/extensions/uqbar.wollok-lsp-ide-0.3.6/out/server/src/server.js:3:157970)\n    at /home/felipe/.vscode/extensions/uqbar.wollok-lsp-ide-0.3.6/out/server/src/server.js:37:57871\n    at Vr (/home/felipe/.vscode/extensions/uqbar.wollok-lsp-ide-0.3.6/out/server/src/server.js:8:1561)","timestamp":"2024-10-14T23:46:17.739Z"}
{"level":"error","message":"✘ Failed to rebuild document Failed to parse testGranja.wtest: \n-- PARSING FAILED --------------------------------------------------\n\n  106 | \n  107 |   test \"Errore\"\n> 108 | }\n      | ^\n\nExpected one of the following: \n\n'@', '{', comment, whitespace\n","stack":"Error: Failed to parse testGranja.wtest: \n-- PARSING FAILED --------------------------------------------------\n\n  106 | \n  107 |   test \"Errore\"\n> 108 | }\n      | ^\n\nExpected one of the following: \n\n'@', '{', comment, whitespace\n\n    at /home/felipe/.vscode/extensions/uqbar.wollok-lsp-ide-0.3.6/out/server/src/server.js:2254:32415\n    at Array.map (<anonymous>)\n    at Jfn (/home/felipe/.vscode/extensions/uqbar.wollok-lsp-ide-0.3.6/out/server/src/server.js:2254:32339)\n    at k2.buildEnvironmentFrom (/home/felipe/.vscode/extensions/uqbar.wollok-lsp-ide-0.3.6/out/server/src/server.js:2285:6721)\n    at k2.updateEnvironmentWith (/home/felipe/.vscode/extensions/uqbar.wollok-lsp-ide-0.3.6/out/server/src/server.js:2285:6456)\n    at jL (/home/felipe/.vscode/extensions/uqbar.wollok-lsp-ide-0.3.6/out/server/src/server.js:2298:2292)\n    at v3.invoke (/home/felipe/.vscode/extensions/uqbar.wollok-lsp-ide-0.3.6/out/server/src/server.js:3:157200)\n    at o.fire (/home/felipe/.vscode/extensions/uqbar.wollok-lsp-ide-0.3.6/out/server/src/server.js:3:157970)\n    at /home/felipe/.vscode/extensions/uqbar.wollok-lsp-ide-0.3.6/out/server/src/server.js:37:57871\n    at Vr (/home/felipe/.vscode/extensions/uqbar.wollok-lsp-ide-0.3.6/out/server/src/server.js:8:1561)","timestamp":"2024-10-14T23:46:18.467Z"}
{"level":"error","message":"✘ Failed to rebuild document Failed to parse testGranja.wtest: \n-- PARSING FAILED --------------------------------------------------\n\n  106 | \n  107 |   test \"Errores\"\n> 108 | }\n      | ^\n\nExpected one of the following: \n\n'@', '{', comment, whitespace\n","stack":"Error: Failed to parse testGranja.wtest: \n-- PARSING FAILED --------------------------------------------------\n\n  106 | \n  107 |   test \"Errores\"\n> 108 | }\n      | ^\n\nExpected one of the following: \n\n'@', '{', comment, whitespace\n\n    at /home/felipe/.vscode/extensions/uqbar.wollok-lsp-ide-0.3.6/out/server/src/server.js:2254:32415\n    at Array.map (<anonymous>)\n    at Jfn (/home/felipe/.vscode/extensions/uqbar.wollok-lsp-ide-0.3.6/out/server/src/server.js:2254:32339)\n    at k2.buildEnvironmentFrom (/home/felipe/.vscode/extensions/uqbar.wollok-lsp-ide-0.3.6/out/server/src/server.js:2285:6721)\n    at k2.updateEnvironmentWith (/home/felipe/.vscode/extensions/uqbar.wollok-lsp-ide-0.3.6/out/server/src/server.js:2285:6456)\n    at jL (/home/felipe/.vscode/extensions/uqbar.wollok-lsp-ide-0.3.6/out/server/src/server.js:2298:2292)\n    at v3.invoke (/home/felipe/.vscode/extensions/uqbar.wollok-lsp-ide-0.3.6/out/server/src/server.js:3:157200)\n    at o.fire (/home/felipe/.vscode/extensions/uqbar.wollok-lsp-ide-0.3.6/out/server/src/server.js:3:157970)\n    at /home/felipe/.vscode/extensions/uqbar.wollok-lsp-ide-0.3.6/out/server/src/server.js:37:57871\n    at Vr (/home/felipe/.vscode/extensions/uqbar.wollok-lsp-ide-0.3.6/out/server/src/server.js:8:1561)","timestamp":"2024-10-14T23:46:18.653Z"}
{"level":"error","message":"✘ Failed to rebuild document Failed to parse testGranja.wtest: \n-- PARSING FAILED --------------------------------------------------\n\n  106 | \n  107 |   test \"Errores \"\n> 108 | }\n      | ^\n\nExpected one of the following: \n\n'@', '{', comment, whitespace\n","stack":"Error: Failed to parse testGranja.wtest: \n-- PARSING FAILED --------------------------------------------------\n\n  106 | \n  107 |   test \"Errores \"\n> 108 | }\n      | ^\n\nExpected one of the following: \n\n'@', '{', comment, whitespace\n\n    at /home/felipe/.vscode/extensions/uqbar.wollok-lsp-ide-0.3.6/out/server/src/server.js:2254:32415\n    at Array.map (<anonymous>)\n    at Jfn (/home/felipe/.vscode/extensions/uqbar.wollok-lsp-ide-0.3.6/out/server/src/server.js:2254:32339)\n    at k2.buildEnvironmentFrom (/home/felipe/.vscode/extensions/uqbar.wollok-lsp-ide-0.3.6/out/server/src/server.js:2285:6721)\n    at k2.updateEnvironmentWith (/home/felipe/.vscode/extensions/uqbar.wollok-lsp-ide-0.3.6/out/server/src/server.js:2285:6456)\n    at jL (/home/felipe/.vscode/extensions/uqbar.wollok-lsp-ide-0.3.6/out/server/src/server.js:2298:2292)\n    at v3.invoke (/home/felipe/.vscode/extensions/uqbar.wollok-lsp-ide-0.3.6/out/server/src/server.js:3:157200)\n    at o.fire (/home/felipe/.vscode/extensions/uqbar.wollok-lsp-ide-0.3.6/out/server/src/server.js:3:157970)\n    at /home/felipe/.vscode/extensions/uqbar.wollok-lsp-ide-0.3.6/out/server/src/server.js:37:57871\n    at Vr (/home/felipe/.vscode/extensions/uqbar.wollok-lsp-ide-0.3.6/out/server/src/server.js:8:1561)","timestamp":"2024-10-14T23:46:18.727Z"}
{"level":"error","message":"✘ Failed to rebuild document Failed to parse testGranja.wtest: \n-- PARSING FAILED --------------------------------------------------\n\n  106 | \n  107 |   test \"Errores a\"\n> 108 | }\n      | ^\n\nExpected one of the following: \n\n'@', '{', comment, whitespace\n","stack":"Error: Failed to parse testGranja.wtest: \n-- PARSING FAILED --------------------------------------------------\n\n  106 | \n  107 |   test \"Errores a\"\n> 108 | }\n      | ^\n\nExpected one of the following: \n\n'@', '{', comment, whitespace\n\n    at /home/felipe/.vscode/extensions/uqbar.wollok-lsp-ide-0.3.6/out/server/src/server.js:2254:32415\n    at Array.map (<anonymous>)\n    at Jfn (/home/felipe/.vscode/extensions/uqbar.wollok-lsp-ide-0.3.6/out/server/src/server.js:2254:32339)\n    at k2.buildEnvironmentFrom (/home/felipe/.vscode/extensions/uqbar.wollok-lsp-ide-0.3.6/out/server/src/server.js:2285:6721)\n    at k2.updateEnvironmentWith (/home/felipe/.vscode/extensions/uqbar.wollok-lsp-ide-0.3.6/out/server/src/server.js:2285:6456)\n    at jL (/home/felipe/.vscode/extensions/uqbar.wollok-lsp-ide-0.3.6/out/server/src/server.js:2298:2292)\n    at v3.invoke (/home/felipe/.vscode/extensions/uqbar.wollok-lsp-ide-0.3.6/out/server/src/server.js:3:157200)\n    at o.fire (/home/felipe/.vscode/extensions/uqbar.wollok-lsp-ide-0.3.6/out/server/src/server.js:3:157970)\n    at /home/felipe/.vscode/extensions/uqbar.wollok-lsp-ide-0.3.6/out/server/src/server.js:37:57871\n    at Vr (/home/felipe/.vscode/extensions/uqbar.wollok-lsp-ide-0.3.6/out/server/src/server.js:8:1561)","timestamp":"2024-10-14T23:46:18.843Z"}
{"level":"error","message":"✘ Failed to rebuild document Failed to parse testGranja.wtest: \n-- PARSING FAILED --------------------------------------------------\n\n  106 | \n  107 |   test \"Errores al\"\n> 108 | }\n      | ^\n\nExpected one of the following: \n\n'@', '{', comment, whitespace\n","stack":"Error: Failed to parse testGranja.wtest: \n-- PARSING FAILED --------------------------------------------------\n\n  106 | \n  107 |   test \"Errores al\"\n> 108 | }\n      | ^\n\nExpected one of the following: \n\n'@', '{', comment, whitespace\n\n    at /home/felipe/.vscode/extensions/uqbar.wollok-lsp-ide-0.3.6/out/server/src/server.js:2254:32415\n    at Array.map (<anonymous>)\n    at Jfn (/home/felipe/.vscode/extensions/uqbar.wollok-lsp-ide-0.3.6/out/server/src/server.js:2254:32339)\n    at k2.buildEnvironmentFrom (/home/felipe/.vscode/extensions/uqbar.wollok-lsp-ide-0.3.6/out/server/src/server.js:2285:6721)\n    at k2.updateEnvironmentWith (/home/felipe/.vscode/extensions/uqbar.wollok-lsp-ide-0.3.6/out/server/src/server.js:2285:6456)\n    at jL (/home/felipe/.vscode/extensions/uqbar.wollok-lsp-ide-0.3.6/out/server/src/server.js:2298:2292)\n    at v3.invoke (/home/felipe/.vscode/extensions/uqbar.wollok-lsp-ide-0.3.6/out/server/src/server.js:3:157200)\n    at o.fire (/home/felipe/.vscode/extensions/uqbar.wollok-lsp-ide-0.3.6/out/server/src/server.js:3:157970)\n    at /home/felipe/.vscode/extensions/uqbar.wollok-lsp-ide-0.3.6/out/server/src/server.js:37:57871\n    at Vr (/home/felipe/.vscode/extensions/uqbar.wollok-lsp-ide-0.3.6/out/server/src/server.js:8:1561)","timestamp":"2024-10-14T23:46:18.954Z"}
{"level":"error","message":"✘ Failed to rebuild document Failed to parse testGranja.wtest: \n-- PARSING FAILED --------------------------------------------------\n\n  106 | \n  107 |   test \"Errores al \"\n> 108 | }\n      | ^\n\nExpected one of the following: \n\n'@', '{', comment, whitespace\n","stack":"Error: Failed to parse testGranja.wtest: \n-- PARSING FAILED --------------------------------------------------\n\n  106 | \n  107 |   test \"Errores al \"\n> 108 | }\n      | ^\n\nExpected one of the following: \n\n'@', '{', comment, whitespace\n\n    at /home/felipe/.vscode/extensions/uqbar.wollok-lsp-ide-0.3.6/out/server/src/server.js:2254:32415\n    at Array.map (<anonymous>)\n    at Jfn (/home/felipe/.vscode/extensions/uqbar.wollok-lsp-ide-0.3.6/out/server/src/server.js:2254:32339)\n    at k2.buildEnvironmentFrom (/home/felipe/.vscode/extensions/uqbar.wollok-lsp-ide-0.3.6/out/server/src/server.js:2285:6721)\n    at k2.updateEnvironmentWith (/home/felipe/.vscode/extensions/uqbar.wollok-lsp-ide-0.3.6/out/server/src/server.js:2285:6456)\n    at jL (/home/felipe/.vscode/extensions/uqbar.wollok-lsp-ide-0.3.6/out/server/src/server.js:2298:2292)\n    at v3.invoke (/home/felipe/.vscode/extensions/uqbar.wollok-lsp-ide-0.3.6/out/server/src/server.js:3:157200)\n    at o.fire (/home/felipe/.vscode/extensions/uqbar.wollok-lsp-ide-0.3.6/out/server/src/server.js:3:157970)\n    at /home/felipe/.vscode/extensions/uqbar.wollok-lsp-ide-0.3.6/out/server/src/server.js:37:57871\n    at Vr (/home/felipe/.vscode/extensions/uqbar.wollok-lsp-ide-0.3.6/out/server/src/server.js:8:1561)","timestamp":"2024-10-14T23:46:19.162Z"}
{"level":"error","message":"✘ Failed to rebuild document Failed to parse testGranja.wtest: \n-- PARSING FAILED --------------------------------------------------\n\n  106 | \n  107 |   test \"Errores al c\"\n> 108 | }\n      | ^\n\nExpected one of the following: \n\n'@', '{', comment, whitespace\n","stack":"Error: Failed to parse testGranja.wtest: \n-- PARSING FAILED --------------------------------------------------\n\n  106 | \n  107 |   test \"Errores al c\"\n> 108 | }\n      | ^\n\nExpected one of the following: \n\n'@', '{', comment, whitespace\n\n    at /home/felipe/.vscode/extensions/uqbar.wollok-lsp-ide-0.3.6/out/server/src/server.js:2254:32415\n    at Array.map (<anonymous>)\n    at Jfn (/home/felipe/.vscode/extensions/uqbar.wollok-lsp-ide-0.3.6/out/server/src/server.js:2254:32339)\n    at k2.buildEnvironmentFrom (/home/felipe/.vscode/extensions/uqbar.wollok-lsp-ide-0.3.6/out/server/src/server.js:2285:6721)\n    at k2.updateEnvironmentWith (/home/felipe/.vscode/extensions/uqbar.wollok-lsp-ide-0.3.6/out/server/src/server.js:2285:6456)\n    at jL (/home/felipe/.vscode/extensions/uqbar.wollok-lsp-ide-0.3.6/out/server/src/server.js:2298:2292)\n    at v3.invoke (/home/felipe/.vscode/extensions/uqbar.wollok-lsp-ide-0.3.6/out/server/src/server.js:3:157200)\n    at o.fire (/home/felipe/.vscode/extensions/uqbar.wollok-lsp-ide-0.3.6/out/server/src/server.js:3:157970)\n    at /home/felipe/.vscode/extensions/uqbar.wollok-lsp-ide-0.3.6/out/server/src/server.js:37:57871\n    at Vr (/home/felipe/.vscode/extensions/uqbar.wollok-lsp-ide-0.3.6/out/server/src/server.js:8:1561)","timestamp":"2024-10-14T23:46:19.405Z"}
{"level":"error","message":"✘ Failed to rebuild document Failed to parse testGranja.wtest: \n-- PARSING FAILED --------------------------------------------------\n\n  106 | \n  107 |   test \"Errores al co\"\n> 108 | }\n      | ^\n\nExpected one of the following: \n\n'@', '{', comment, whitespace\n","stack":"Error: Failed to parse testGranja.wtest: \n-- PARSING FAILED --------------------------------------------------\n\n  106 | \n  107 |   test \"Errores al co\"\n> 108 | }\n      | ^\n\nExpected one of the following: \n\n'@', '{', comment, whitespace\n\n    at /home/felipe/.vscode/extensions/uqbar.wollok-lsp-ide-0.3.6/out/server/src/server.js:2254:32415\n    at Array.map (<anonymous>)\n    at Jfn (/home/felipe/.vscode/extensions/uqbar.wollok-lsp-ide-0.3.6/out/server/src/server.js:2254:32339)\n    at k2.buildEnvironmentFrom (/home/felipe/.vscode/extensions/uqbar.wollok-lsp-ide-0.3.6/out/server/src/server.js:2285:6721)\n    at k2.updateEnvironmentWith (/home/felipe/.vscode/extensions/uqbar.wollok-lsp-ide-0.3.6/out/server/src/server.js:2285:6456)\n    at jL (/home/felipe/.vscode/extensions/uqbar.wollok-lsp-ide-0.3.6/out/server/src/server.js:2298:2292)\n    at v3.invoke (/home/felipe/.vscode/extensions/uqbar.wollok-lsp-ide-0.3.6/out/server/src/server.js:3:157200)\n    at o.fire (/home/felipe/.vscode/extensions/uqbar.wollok-lsp-ide-0.3.6/out/server/src/server.js:3:157970)\n    at /home/felipe/.vscode/extensions/uqbar.wollok-lsp-ide-0.3.6/out/server/src/server.js:37:57871\n    at Vr (/home/felipe/.vscode/extensions/uqbar.wollok-lsp-ide-0.3.6/out/server/src/server.js:8:1561)","timestamp":"2024-10-14T23:46:19.562Z"}
{"level":"error","message":"✘ Failed to rebuild document Failed to parse testGranja.wtest: \n-- PARSING FAILED --------------------------------------------------\n\n  106 | \n  107 |   test \"Errores al cos\"\n> 108 | }\n      | ^\n\nExpected one of the following: \n\n'@', '{', comment, whitespace\n","stack":"Error: Failed to parse testGranja.wtest: \n-- PARSING FAILED --------------------------------------------------\n\n  106 | \n  107 |   test \"Errores al cos\"\n> 108 | }\n      | ^\n\nExpected one of the following: \n\n'@', '{', comment, whitespace\n\n    at /home/felipe/.vscode/extensions/uqbar.wollok-lsp-ide-0.3.6/out/server/src/server.js:2254:32415\n    at Array.map (<anonymous>)\n    at Jfn (/home/felipe/.vscode/extensions/uqbar.wollok-lsp-ide-0.3.6/out/server/src/server.js:2254:32339)\n    at k2.buildEnvironmentFrom (/home/felipe/.vscode/extensions/uqbar.wollok-lsp-ide-0.3.6/out/server/src/server.js:2285:6721)\n    at k2.updateEnvironmentWith (/home/felipe/.vscode/extensions/uqbar.wollok-lsp-ide-0.3.6/out/server/src/server.js:2285:6456)\n    at jL (/home/felipe/.vscode/extensions/uqbar.wollok-lsp-ide-0.3.6/out/server/src/server.js:2298:2292)\n    at v3.invoke (/home/felipe/.vscode/extensions/uqbar.wollok-lsp-ide-0.3.6/out/server/src/server.js:3:157200)\n    at o.fire (/home/felipe/.vscode/extensions/uqbar.wollok-lsp-ide-0.3.6/out/server/src/server.js:3:157970)\n    at /home/felipe/.vscode/extensions/uqbar.wollok-lsp-ide-0.3.6/out/server/src/server.js:37:57871\n    at Vr (/home/felipe/.vscode/extensions/uqbar.wollok-lsp-ide-0.3.6/out/server/src/server.js:8:1561)","timestamp":"2024-10-14T23:46:19.675Z"}
{"level":"error","message":"✘ Failed to rebuild document Failed to parse testGranja.wtest: \n-- PARSING FAILED --------------------------------------------------\n\n  106 | \n  107 |   test \"Errores al co\"\n> 108 | }\n      | ^\n\nExpected one of the following: \n\n'@', '{', comment, whitespace\n","stack":"Error: Failed to parse testGranja.wtest: \n-- PARSING FAILED --------------------------------------------------\n\n  106 | \n  107 |   test \"Errores al co\"\n> 108 | }\n      | ^\n\nExpected one of the following: \n\n'@', '{', comment, whitespace\n\n    at /home/felipe/.vscode/extensions/uqbar.wollok-lsp-ide-0.3.6/out/server/src/server.js:2254:32415\n    at Array.map (<anonymous>)\n    at Jfn (/home/felipe/.vscode/extensions/uqbar.wollok-lsp-ide-0.3.6/out/server/src/server.js:2254:32339)\n    at k2.buildEnvironmentFrom (/home/felipe/.vscode/extensions/uqbar.wollok-lsp-ide-0.3.6/out/server/src/server.js:2285:6721)\n    at k2.updateEnvironmentWith (/home/felipe/.vscode/extensions/uqbar.wollok-lsp-ide-0.3.6/out/server/src/server.js:2285:6456)\n    at jL (/home/felipe/.vscode/extensions/uqbar.wollok-lsp-ide-0.3.6/out/server/src/server.js:2298:2292)\n    at v3.invoke (/home/felipe/.vscode/extensions/uqbar.wollok-lsp-ide-0.3.6/out/server/src/server.js:3:157200)\n    at o.fire (/home/felipe/.vscode/extensions/uqbar.wollok-lsp-ide-0.3.6/out/server/src/server.js:3:157970)\n    at /home/felipe/.vscode/extensions/uqbar.wollok-lsp-ide-0.3.6/out/server/src/server.js:37:57871\n    at Vr (/home/felipe/.vscode/extensions/uqbar.wollok-lsp-ide-0.3.6/out/server/src/server.js:8:1561)","timestamp":"2024-10-14T23:46:20.930Z"}
{"level":"error","message":"✘ Failed to rebuild document Failed to parse testGranja.wtest: \n-- PARSING FAILED --------------------------------------------------\n\n  106 | \n  107 |   test \"Errores al c\"\n> 108 | }\n      | ^\n\nExpected one of the following: \n\n'@', '{', comment, whitespace\n","stack":"Error: Failed to parse testGranja.wtest: \n-- PARSING FAILED --------------------------------------------------\n\n  106 | \n  107 |   test \"Errores al c\"\n> 108 | }\n      | ^\n\nExpected one of the following: \n\n'@', '{', comment, whitespace\n\n    at /home/felipe/.vscode/extensions/uqbar.wollok-lsp-ide-0.3.6/out/server/src/server.js:2254:32415\n    at Array.map (<anonymous>)\n    at Jfn (/home/felipe/.vscode/extensions/uqbar.wollok-lsp-ide-0.3.6/out/server/src/server.js:2254:32339)\n    at k2.buildEnvironmentFrom (/home/felipe/.vscode/extensions/uqbar.wollok-lsp-ide-0.3.6/out/server/src/server.js:2285:6721)\n    at k2.updateEnvironmentWith (/home/felipe/.vscode/extensions/uqbar.wollok-lsp-ide-0.3.6/out/server/src/server.js:2285:6456)\n    at jL (/home/felipe/.vscode/extensions/uqbar.wollok-lsp-ide-0.3.6/out/server/src/server.js:2298:2292)\n    at v3.invoke (/home/felipe/.vscode/extensions/uqbar.wollok-lsp-ide-0.3.6/out/server/src/server.js:3:157200)\n    at o.fire (/home/felipe/.vscode/extensions/uqbar.wollok-lsp-ide-0.3.6/out/server/src/server.js:3:157970)\n    at /home/felipe/.vscode/extensions/uqbar.wollok-lsp-ide-0.3.6/out/server/src/server.js:37:57871\n    at Vr (/home/felipe/.vscode/extensions/uqbar.wollok-lsp-ide-0.3.6/out/server/src/server.js:8:1561)","timestamp":"2024-10-14T23:46:21.426Z"}
{"level":"error","message":"✘ Failed to rebuild document Failed to parse testGranja.wtest: \n-- PARSING FAILED --------------------------------------------------\n\n  106 | \n  107 |   test \"Errores al \"\n> 108 | }\n      | ^\n\nExpected one of the following: \n\n'@', '{', comment, whitespace\n","stack":"Error: Failed to parse testGranja.wtest: \n-- PARSING FAILED --------------------------------------------------\n\n  106 | \n  107 |   test \"Errores al \"\n> 108 | }\n      | ^\n\nExpected one of the following: \n\n'@', '{', comment, whitespace\n\n    at /home/felipe/.vscode/extensions/uqbar.wollok-lsp-ide-0.3.6/out/server/src/server.js:2254:32415\n    at Array.map (<anonymous>)\n    at Jfn (/home/felipe/.vscode/extensions/uqbar.wollok-lsp-ide-0.3.6/out/server/src/server.js:2254:32339)\n    at k2.buildEnvironmentFrom (/home/felipe/.vscode/extensions/uqbar.wollok-lsp-ide-0.3.6/out/server/src/server.js:2285:6721)\n    at k2.updateEnvironmentWith (/home/felipe/.vscode/extensions/uqbar.wollok-lsp-ide-0.3.6/out/server/src/server.js:2285:6456)\n    at jL (/home/felipe/.vscode/extensions/uqbar.wollok-lsp-ide-0.3.6/out/server/src/server.js:2298:2292)\n    at v3.invoke (/home/felipe/.vscode/extensions/uqbar.wollok-lsp-ide-0.3.6/out/server/src/server.js:3:157200)\n    at o.fire (/home/felipe/.vscode/extensions/uqbar.wollok-lsp-ide-0.3.6/out/server/src/server.js:3:157970)\n    at /home/felipe/.vscode/extensions/uqbar.wollok-lsp-ide-0.3.6/out/server/src/server.js:37:57871\n    at Vr (/home/felipe/.vscode/extensions/uqbar.wollok-lsp-ide-0.3.6/out/server/src/server.js:8:1561)","timestamp":"2024-10-14T23:46:21.505Z"}
{"level":"error","message":"✘ Failed to rebuild document Failed to parse testGranja.wtest: \n-- PARSING FAILED --------------------------------------------------\n\n  106 | \n  107 |   test \"Errores al\"\n> 108 | }\n      | ^\n\nExpected one of the following: \n\n'@', '{', comment, whitespace\n","stack":"Error: Failed to parse testGranja.wtest: \n-- PARSING FAILED --------------------------------------------------\n\n  106 | \n  107 |   test \"Errores al\"\n> 108 | }\n      | ^\n\nExpected one of the following: \n\n'@', '{', comment, whitespace\n\n    at /home/felipe/.vscode/extensions/uqbar.wollok-lsp-ide-0.3.6/out/server/src/server.js:2254:32415\n    at Array.map (<anonymous>)\n    at Jfn (/home/felipe/.vscode/extensions/uqbar.wollok-lsp-ide-0.3.6/out/server/src/server.js:2254:32339)\n    at k2.buildEnvironmentFrom (/home/felipe/.vscode/extensions/uqbar.wollok-lsp-ide-0.3.6/out/server/src/server.js:2285:6721)\n    at k2.updateEnvironmentWith (/home/felipe/.vscode/extensions/uqbar.wollok-lsp-ide-0.3.6/out/server/src/server.js:2285:6456)\n    at jL (/home/felipe/.vscode/extensions/uqbar.wollok-lsp-ide-0.3.6/out/server/src/server.js:2298:2292)\n    at v3.invoke (/home/felipe/.vscode/extensions/uqbar.wollok-lsp-ide-0.3.6/out/server/src/server.js:3:157200)\n    at o.fire (/home/felipe/.vscode/extensions/uqbar.wollok-lsp-ide-0.3.6/out/server/src/server.js:3:157970)\n    at /home/felipe/.vscode/extensions/uqbar.wollok-lsp-ide-0.3.6/out/server/src/server.js:37:57871\n    at Vr (/home/felipe/.vscode/extensions/uqbar.wollok-lsp-ide-0.3.6/out/server/src/server.js:8:1561)","timestamp":"2024-10-14T23:46:21.588Z"}
{"level":"error","message":"✘ Failed to rebuild document Failed to parse testGranja.wtest: \n-- PARSING FAILED --------------------------------------------------\n\n  106 | \n  107 |   test \"Errores a\"\n> 108 | }\n      | ^\n\nExpected one of the following: \n\n'@', '{', comment, whitespace\n","stack":"Error: Failed to parse testGranja.wtest: \n-- PARSING FAILED --------------------------------------------------\n\n  106 | \n  107 |   test \"Errores a\"\n> 108 | }\n      | ^\n\nExpected one of the following: \n\n'@', '{', comment, whitespace\n\n    at /home/felipe/.vscode/extensions/uqbar.wollok-lsp-ide-0.3.6/out/server/src/server.js:2254:32415\n    at Array.map (<anonymous>)\n    at Jfn (/home/felipe/.vscode/extensions/uqbar.wollok-lsp-ide-0.3.6/out/server/src/server.js:2254:32339)\n    at k2.buildEnvironmentFrom (/home/felipe/.vscode/extensions/uqbar.wollok-lsp-ide-0.3.6/out/server/src/server.js:2285:6721)\n    at k2.updateEnvironmentWith (/home/felipe/.vscode/extensions/uqbar.wollok-lsp-ide-0.3.6/out/server/src/server.js:2285:6456)\n    at jL (/home/felipe/.vscode/extensions/uqbar.wollok-lsp-ide-0.3.6/out/server/src/server.js:2298:2292)\n    at v3.invoke (/home/felipe/.vscode/extensions/uqbar.wollok-lsp-ide-0.3.6/out/server/src/server.js:3:157200)\n    at o.fire (/home/felipe/.vscode/extensions/uqbar.wollok-lsp-ide-0.3.6/out/server/src/server.js:3:157970)\n    at /home/felipe/.vscode/extensions/uqbar.wollok-lsp-ide-0.3.6/out/server/src/server.js:37:57871\n    at Vr (/home/felipe/.vscode/extensions/uqbar.wollok-lsp-ide-0.3.6/out/server/src/server.js:8:1561)","timestamp":"2024-10-14T23:46:21.667Z"}
{"level":"error","message":"✘ Failed to rebuild document Failed to parse testGranja.wtest: \n-- PARSING FAILED --------------------------------------------------\n\n  106 | \n  107 |   test \"Errores \"\n> 108 | }\n      | ^\n\nExpected one of the following: \n\n'@', '{', comment, whitespace\n","stack":"Error: Failed to parse testGranja.wtest: \n-- PARSING FAILED --------------------------------------------------\n\n  106 | \n  107 |   test \"Errores \"\n> 108 | }\n      | ^\n\nExpected one of the following: \n\n'@', '{', comment, whitespace\n\n    at /home/felipe/.vscode/extensions/uqbar.wollok-lsp-ide-0.3.6/out/server/src/server.js:2254:32415\n    at Array.map (<anonymous>)\n    at Jfn (/home/felipe/.vscode/extensions/uqbar.wollok-lsp-ide-0.3.6/out/server/src/server.js:2254:32339)\n    at k2.buildEnvironmentFrom (/home/felipe/.vscode/extensions/uqbar.wollok-lsp-ide-0.3.6/out/server/src/server.js:2285:6721)\n    at k2.updateEnvironmentWith (/home/felipe/.vscode/extensions/uqbar.wollok-lsp-ide-0.3.6/out/server/src/server.js:2285:6456)\n    at jL (/home/felipe/.vscode/extensions/uqbar.wollok-lsp-ide-0.3.6/out/server/src/server.js:2298:2292)\n    at v3.invoke (/home/felipe/.vscode/extensions/uqbar.wollok-lsp-ide-0.3.6/out/server/src/server.js:3:157200)\n    at o.fire (/home/felipe/.vscode/extensions/uqbar.wollok-lsp-ide-0.3.6/out/server/src/server.js:3:157970)\n    at /home/felipe/.vscode/extensions/uqbar.wollok-lsp-ide-0.3.6/out/server/src/server.js:37:57871\n    at Vr (/home/felipe/.vscode/extensions/uqbar.wollok-lsp-ide-0.3.6/out/server/src/server.js:8:1561)","timestamp":"2024-10-14T23:46:21.734Z"}
{"level":"error","message":"✘ Failed to rebuild document Failed to parse testGranja.wtest: \n-- PARSING FAILED --------------------------------------------------\n\n  106 | \n  107 |   test \"Errores\"\n> 108 | }\n      | ^\n\nExpected one of the following: \n\n'@', '{', comment, whitespace\n","stack":"Error: Failed to parse testGranja.wtest: \n-- PARSING FAILED --------------------------------------------------\n\n  106 | \n  107 |   test \"Errores\"\n> 108 | }\n      | ^\n\nExpected one of the following: \n\n'@', '{', comment, whitespace\n\n    at /home/felipe/.vscode/extensions/uqbar.wollok-lsp-ide-0.3.6/out/server/src/server.js:2254:32415\n    at Array.map (<anonymous>)\n    at Jfn (/home/felipe/.vscode/extensions/uqbar.wollok-lsp-ide-0.3.6/out/server/src/server.js:2254:32339)\n    at k2.buildEnvironmentFrom (/home/felipe/.vscode/extensions/uqbar.wollok-lsp-ide-0.3.6/out/server/src/server.js:2285:6721)\n    at k2.updateEnvironmentWith (/home/felipe/.vscode/extensions/uqbar.wollok-lsp-ide-0.3.6/out/server/src/server.js:2285:6456)\n    at jL (/home/felipe/.vscode/extensions/uqbar.wollok-lsp-ide-0.3.6/out/server/src/server.js:2298:2292)\n    at v3.invoke (/home/felipe/.vscode/extensions/uqbar.wollok-lsp-ide-0.3.6/out/server/src/server.js:3:157200)\n    at o.fire (/home/felipe/.vscode/extensions/uqbar.wollok-lsp-ide-0.3.6/out/server/src/server.js:3:157970)\n    at /home/felipe/.vscode/extensions/uqbar.wollok-lsp-ide-0.3.6/out/server/src/server.js:37:57871\n    at Vr (/home/felipe/.vscode/extensions/uqbar.wollok-lsp-ide-0.3.6/out/server/src/server.js:8:1561)","timestamp":"2024-10-14T23:46:21.808Z"}
{"level":"error","message":"✘ Failed to rebuild document Failed to parse testGranja.wtest: \n-- PARSING FAILED --------------------------------------------------\n\n  106 | \n  107 |   test \"Errore\"\n> 108 | }\n      | ^\n\nExpected one of the following: \n\n'@', '{', comment, whitespace\n","stack":"Error: Failed to parse testGranja.wtest: \n-- PARSING FAILED --------------------------------------------------\n\n  106 | \n  107 |   test \"Errore\"\n> 108 | }\n      | ^\n\nExpected one of the following: \n\n'@', '{', comment, whitespace\n\n    at /home/felipe/.vscode/extensions/uqbar.wollok-lsp-ide-0.3.6/out/server/src/server.js:2254:32415\n    at Array.map (<anonymous>)\n    at Jfn (/home/felipe/.vscode/extensions/uqbar.wollok-lsp-ide-0.3.6/out/server/src/server.js:2254:32339)\n    at k2.buildEnvironmentFrom (/home/felipe/.vscode/extensions/uqbar.wollok-lsp-ide-0.3.6/out/server/src/server.js:2285:6721)\n    at k2.updateEnvironmentWith (/home/felipe/.vscode/extensions/uqbar.wollok-lsp-ide-0.3.6/out/server/src/server.js:2285:6456)\n    at jL (/home/felipe/.vscode/extensions/uqbar.wollok-lsp-ide-0.3.6/out/server/src/server.js:2298:2292)\n    at v3.invoke (/home/felipe/.vscode/extensions/uqbar.wollok-lsp-ide-0.3.6/out/server/src/server.js:3:157200)\n    at o.fire (/home/felipe/.vscode/extensions/uqbar.wollok-lsp-ide-0.3.6/out/server/src/server.js:3:157970)\n    at /home/felipe/.vscode/extensions/uqbar.wollok-lsp-ide-0.3.6/out/server/src/server.js:37:57871\n    at Vr (/home/felipe/.vscode/extensions/uqbar.wollok-lsp-ide-0.3.6/out/server/src/server.js:8:1561)","timestamp":"2024-10-14T23:46:21.879Z"}
{"level":"error","message":"✘ Failed to rebuild document Failed to parse testGranja.wtest: \n-- PARSING FAILED --------------------------------------------------\n\n  106 | \n  107 |   test \"Error\"\n> 108 | }\n      | ^\n\nExpected one of the following: \n\n'@', '{', comment, whitespace\n","stack":"Error: Failed to parse testGranja.wtest: \n-- PARSING FAILED --------------------------------------------------\n\n  106 | \n  107 |   test \"Error\"\n> 108 | }\n      | ^\n\nExpected one of the following: \n\n'@', '{', comment, whitespace\n\n    at /home/felipe/.vscode/extensions/uqbar.wollok-lsp-ide-0.3.6/out/server/src/server.js:2254:32415\n    at Array.map (<anonymous>)\n    at Jfn (/home/felipe/.vscode/extensions/uqbar.wollok-lsp-ide-0.3.6/out/server/src/server.js:2254:32339)\n    at k2.buildEnvironmentFrom (/home/felipe/.vscode/extensions/uqbar.wollok-lsp-ide-0.3.6/out/server/src/server.js:2285:6721)\n    at k2.updateEnvironmentWith (/home/felipe/.vscode/extensions/uqbar.wollok-lsp-ide-0.3.6/out/server/src/server.js:2285:6456)\n    at jL (/home/felipe/.vscode/extensions/uqbar.wollok-lsp-ide-0.3.6/out/server/src/server.js:2298:2292)\n    at v3.invoke (/home/felipe/.vscode/extensions/uqbar.wollok-lsp-ide-0.3.6/out/server/src/server.js:3:157200)\n    at o.fire (/home/felipe/.vscode/extensions/uqbar.wollok-lsp-ide-0.3.6/out/server/src/server.js:3:157970)\n    at /home/felipe/.vscode/extensions/uqbar.wollok-lsp-ide-0.3.6/out/server/src/server.js:37:57871\n    at Vr (/home/felipe/.vscode/extensions/uqbar.wollok-lsp-ide-0.3.6/out/server/src/server.js:8:1561)","timestamp":"2024-10-14T23:46:21.940Z"}
{"level":"error","message":"✘ Failed to rebuild document Failed to parse testGranja.wtest: \n-- PARSING FAILED --------------------------------------------------\n\n  106 | \n  107 |   test \"Erro\"\n> 108 | }\n      | ^\n\nExpected one of the following: \n\n'@', '{', comment, whitespace\n","stack":"Error: Failed to parse testGranja.wtest: \n-- PARSING FAILED --------------------------------------------------\n\n  106 | \n  107 |   test \"Erro\"\n> 108 | }\n      | ^\n\nExpected one of the following: \n\n'@', '{', comment, whitespace\n\n    at /home/felipe/.vscode/extensions/uqbar.wollok-lsp-ide-0.3.6/out/server/src/server.js:2254:32415\n    at Array.map (<anonymous>)\n    at Jfn (/home/felipe/.vscode/extensions/uqbar.wollok-lsp-ide-0.3.6/out/server/src/server.js:2254:32339)\n    at k2.buildEnvironmentFrom (/home/felipe/.vscode/extensions/uqbar.wollok-lsp-ide-0.3.6/out/server/src/server.js:2285:6721)\n    at k2.updateEnvironmentWith (/home/felipe/.vscode/extensions/uqbar.wollok-lsp-ide-0.3.6/out/server/src/server.js:2285:6456)\n    at jL (/home/felipe/.vscode/extensions/uqbar.wollok-lsp-ide-0.3.6/out/server/src/server.js:2298:2292)\n    at v3.invoke (/home/felipe/.vscode/extensions/uqbar.wollok-lsp-ide-0.3.6/out/server/src/server.js:3:157200)\n    at o.fire (/home/felipe/.vscode/extensions/uqbar.wollok-lsp-ide-0.3.6/out/server/src/server.js:3:157970)\n    at /home/felipe/.vscode/extensions/uqbar.wollok-lsp-ide-0.3.6/out/server/src/server.js:37:57871\n    at Vr (/home/felipe/.vscode/extensions/uqbar.wollok-lsp-ide-0.3.6/out/server/src/server.js:8:1561)","timestamp":"2024-10-14T23:46:22.016Z"}
{"level":"error","message":"✘ Failed to rebuild document Failed to parse testGranja.wtest: \n-- PARSING FAILED --------------------------------------------------\n\n  106 | \n  107 |   test \"Err\"\n> 108 | }\n      | ^\n\nExpected one of the following: \n\n'@', '{', comment, whitespace\n","stack":"Error: Failed to parse testGranja.wtest: \n-- PARSING FAILED --------------------------------------------------\n\n  106 | \n  107 |   test \"Err\"\n> 108 | }\n      | ^\n\nExpected one of the following: \n\n'@', '{', comment, whitespace\n\n    at /home/felipe/.vscode/extensions/uqbar.wollok-lsp-ide-0.3.6/out/server/src/server.js:2254:32415\n    at Array.map (<anonymous>)\n    at Jfn (/home/felipe/.vscode/extensions/uqbar.wollok-lsp-ide-0.3.6/out/server/src/server.js:2254:32339)\n    at k2.buildEnvironmentFrom (/home/felipe/.vscode/extensions/uqbar.wollok-lsp-ide-0.3.6/out/server/src/server.js:2285:6721)\n    at k2.updateEnvironmentWith (/home/felipe/.vscode/extensions/uqbar.wollok-lsp-ide-0.3.6/out/server/src/server.js:2285:6456)\n    at jL (/home/felipe/.vscode/extensions/uqbar.wollok-lsp-ide-0.3.6/out/server/src/server.js:2298:2292)\n    at v3.invoke (/home/felipe/.vscode/extensions/uqbar.wollok-lsp-ide-0.3.6/out/server/src/server.js:3:157200)\n    at o.fire (/home/felipe/.vscode/extensions/uqbar.wollok-lsp-ide-0.3.6/out/server/src/server.js:3:157970)\n    at /home/felipe/.vscode/extensions/uqbar.wollok-lsp-ide-0.3.6/out/server/src/server.js:37:57871\n    at Vr (/home/felipe/.vscode/extensions/uqbar.wollok-lsp-ide-0.3.6/out/server/src/server.js:8:1561)","timestamp":"2024-10-14T23:46:22.101Z"}
{"level":"error","message":"✘ Failed to rebuild document Failed to parse testGranja.wtest: \n-- PARSING FAILED --------------------------------------------------\n\n  106 | \n  107 |   test \"Er\"\n> 108 | }\n      | ^\n\nExpected one of the following: \n\n'@', '{', comment, whitespace\n","stack":"Error: Failed to parse testGranja.wtest: \n-- PARSING FAILED --------------------------------------------------\n\n  106 | \n  107 |   test \"Er\"\n> 108 | }\n      | ^\n\nExpected one of the following: \n\n'@', '{', comment, whitespace\n\n    at /home/felipe/.vscode/extensions/uqbar.wollok-lsp-ide-0.3.6/out/server/src/server.js:2254:32415\n    at Array.map (<anonymous>)\n    at Jfn (/home/felipe/.vscode/extensions/uqbar.wollok-lsp-ide-0.3.6/out/server/src/server.js:2254:32339)\n    at k2.buildEnvironmentFrom (/home/felipe/.vscode/extensions/uqbar.wollok-lsp-ide-0.3.6/out/server/src/server.js:2285:6721)\n    at k2.updateEnvironmentWith (/home/felipe/.vscode/extensions/uqbar.wollok-lsp-ide-0.3.6/out/server/src/server.js:2285:6456)\n    at jL (/home/felipe/.vscode/extensions/uqbar.wollok-lsp-ide-0.3.6/out/server/src/server.js:2298:2292)\n    at v3.invoke (/home/felipe/.vscode/extensions/uqbar.wollok-lsp-ide-0.3.6/out/server/src/server.js:3:157200)\n    at o.fire (/home/felipe/.vscode/extensions/uqbar.wollok-lsp-ide-0.3.6/out/server/src/server.js:3:157970)\n    at /home/felipe/.vscode/extensions/uqbar.wollok-lsp-ide-0.3.6/out/server/src/server.js:37:57871\n    at Vr (/home/felipe/.vscode/extensions/uqbar.wollok-lsp-ide-0.3.6/out/server/src/server.js:8:1561)","timestamp":"2024-10-14T23:46:22.203Z"}
{"level":"error","message":"✘ Failed to rebuild document Failed to parse testGranja.wtest: \n-- PARSING FAILED --------------------------------------------------\n\n  106 | \n  107 |   test \"E\"\n> 108 | }\n      | ^\n\nExpected one of the following: \n\n'@', '{', comment, whitespace\n","stack":"Error: Failed to parse testGranja.wtest: \n-- PARSING FAILED --------------------------------------------------\n\n  106 | \n  107 |   test \"E\"\n> 108 | }\n      | ^\n\nExpected one of the following: \n\n'@', '{', comment, whitespace\n\n    at /home/felipe/.vscode/extensions/uqbar.wollok-lsp-ide-0.3.6/out/server/src/server.js:2254:32415\n    at Array.map (<anonymous>)\n    at Jfn (/home/felipe/.vscode/extensions/uqbar.wollok-lsp-ide-0.3.6/out/server/src/server.js:2254:32339)\n    at k2.buildEnvironmentFrom (/home/felipe/.vscode/extensions/uqbar.wollok-lsp-ide-0.3.6/out/server/src/server.js:2285:6721)\n    at k2.updateEnvironmentWith (/home/felipe/.vscode/extensions/uqbar.wollok-lsp-ide-0.3.6/out/server/src/server.js:2285:6456)\n    at jL (/home/felipe/.vscode/extensions/uqbar.wollok-lsp-ide-0.3.6/out/server/src/server.js:2298:2292)\n    at v3.invoke (/home/felipe/.vscode/extensions/uqbar.wollok-lsp-ide-0.3.6/out/server/src/server.js:3:157200)\n    at o.fire (/home/felipe/.vscode/extensions/uqbar.wollok-lsp-ide-0.3.6/out/server/src/server.js:3:157970)\n    at /home/felipe/.vscode/extensions/uqbar.wollok-lsp-ide-0.3.6/out/server/src/server.js:37:57871\n    at Vr (/home/felipe/.vscode/extensions/uqbar.wollok-lsp-ide-0.3.6/out/server/src/server.js:8:1561)","timestamp":"2024-10-14T23:46:22.313Z"}
{"level":"error","message":"✘ Failed to rebuild document Failed to parse testGranja.wtest: \n-- PARSING FAILED --------------------------------------------------\n\n  106 | \n  107 |   test \"\"\n> 108 | }\n      | ^\n\nExpected one of the following: \n\n'@', '{', comment, whitespace\n","stack":"Error: Failed to parse testGranja.wtest: \n-- PARSING FAILED --------------------------------------------------\n\n  106 | \n  107 |   test \"\"\n> 108 | }\n      | ^\n\nExpected one of the following: \n\n'@', '{', comment, whitespace\n\n    at /home/felipe/.vscode/extensions/uqbar.wollok-lsp-ide-0.3.6/out/server/src/server.js:2254:32415\n    at Array.map (<anonymous>)\n    at Jfn (/home/felipe/.vscode/extensions/uqbar.wollok-lsp-ide-0.3.6/out/server/src/server.js:2254:32339)\n    at k2.buildEnvironmentFrom (/home/felipe/.vscode/extensions/uqbar.wollok-lsp-ide-0.3.6/out/server/src/server.js:2285:6721)\n    at k2.updateEnvironmentWith (/home/felipe/.vscode/extensions/uqbar.wollok-lsp-ide-0.3.6/out/server/src/server.js:2285:6456)\n    at jL (/home/felipe/.vscode/extensions/uqbar.wollok-lsp-ide-0.3.6/out/server/src/server.js:2298:2292)\n    at v3.invoke (/home/felipe/.vscode/extensions/uqbar.wollok-lsp-ide-0.3.6/out/server/src/server.js:3:157200)\n    at o.fire (/home/felipe/.vscode/extensions/uqbar.wollok-lsp-ide-0.3.6/out/server/src/server.js:3:157970)\n    at /home/felipe/.vscode/extensions/uqbar.wollok-lsp-ide-0.3.6/out/server/src/server.js:37:57871\n    at Vr (/home/felipe/.vscode/extensions/uqbar.wollok-lsp-ide-0.3.6/out/server/src/server.js:8:1561)","timestamp":"2024-10-14T23:46:22.382Z"}
{"level":"error","message":"✘ Failed to rebuild document Failed to parse testGranja.wtest: \n-- PARSING FAILED --------------------------------------------------\n\n  106 | \n  107 |   test \"C\"\n> 108 | }\n      | ^\n\nExpected one of the following: \n\n'@', '{', comment, whitespace\n","stack":"Error: Failed to parse testGranja.wtest: \n-- PARSING FAILED --------------------------------------------------\n\n  106 | \n  107 |   test \"C\"\n> 108 | }\n      | ^\n\nExpected one of the following: \n\n'@', '{', comment, whitespace\n\n    at /home/felipe/.vscode/extensions/uqbar.wollok-lsp-ide-0.3.6/out/server/src/server.js:2254:32415\n    at Array.map (<anonymous>)\n    at Jfn (/home/felipe/.vscode/extensions/uqbar.wollok-lsp-ide-0.3.6/out/server/src/server.js:2254:32339)\n    at k2.buildEnvironmentFrom (/home/felipe/.vscode/extensions/uqbar.wollok-lsp-ide-0.3.6/out/server/src/server.js:2285:6721)\n    at k2.updateEnvironmentWith (/home/felipe/.vscode/extensions/uqbar.wollok-lsp-ide-0.3.6/out/server/src/server.js:2285:6456)\n    at jL (/home/felipe/.vscode/extensions/uqbar.wollok-lsp-ide-0.3.6/out/server/src/server.js:2298:2292)\n    at v3.invoke (/home/felipe/.vscode/extensions/uqbar.wollok-lsp-ide-0.3.6/out/server/src/server.js:3:157200)\n    at o.fire (/home/felipe/.vscode/extensions/uqbar.wollok-lsp-ide-0.3.6/out/server/src/server.js:3:157970)\n    at /home/felipe/.vscode/extensions/uqbar.wollok-lsp-ide-0.3.6/out/server/src/server.js:37:57871\n    at Vr (/home/felipe/.vscode/extensions/uqbar.wollok-lsp-ide-0.3.6/out/server/src/server.js:8:1561)","timestamp":"2024-10-14T23:46:22.567Z"}
{"level":"error","message":"✘ Failed to rebuild document Failed to parse testGranja.wtest: \n-- PARSING FAILED --------------------------------------------------\n\n  106 | \n  107 |   test \"Co\"\n> 108 | }\n      | ^\n\nExpected one of the following: \n\n'@', '{', comment, whitespace\n","stack":"Error: Failed to parse testGranja.wtest: \n-- PARSING FAILED --------------------------------------------------\n\n  106 | \n  107 |   test \"Co\"\n> 108 | }\n      | ^\n\nExpected one of the following: \n\n'@', '{', comment, whitespace\n\n    at /home/felipe/.vscode/extensions/uqbar.wollok-lsp-ide-0.3.6/out/server/src/server.js:2254:32415\n    at Array.map (<anonymous>)\n    at Jfn (/home/felipe/.vscode/extensions/uqbar.wollok-lsp-ide-0.3.6/out/server/src/server.js:2254:32339)\n    at k2.buildEnvironmentFrom (/home/felipe/.vscode/extensions/uqbar.wollok-lsp-ide-0.3.6/out/server/src/server.js:2285:6721)\n    at k2.updateEnvironmentWith (/home/felipe/.vscode/extensions/uqbar.wollok-lsp-ide-0.3.6/out/server/src/server.js:2285:6456)\n    at jL (/home/felipe/.vscode/extensions/uqbar.wollok-lsp-ide-0.3.6/out/server/src/server.js:2298:2292)\n    at v3.invoke (/home/felipe/.vscode/extensions/uqbar.wollok-lsp-ide-0.3.6/out/server/src/server.js:3:157200)\n    at o.fire (/home/felipe/.vscode/extensions/uqbar.wollok-lsp-ide-0.3.6/out/server/src/server.js:3:157970)\n    at /home/felipe/.vscode/extensions/uqbar.wollok-lsp-ide-0.3.6/out/server/src/server.js:37:57871\n    at Vr (/home/felipe/.vscode/extensions/uqbar.wollok-lsp-ide-0.3.6/out/server/src/server.js:8:1561)","timestamp":"2024-10-14T23:46:22.919Z"}
{"level":"error","message":"✘ Failed to rebuild document Failed to parse testGranja.wtest: \n-- PARSING FAILED --------------------------------------------------\n\n  106 | \n  107 |   test \"Cos\"\n> 108 | }\n      | ^\n\nExpected one of the following: \n\n'@', '{', comment, whitespace\n","stack":"Error: Failed to parse testGranja.wtest: \n-- PARSING FAILED --------------------------------------------------\n\n  106 | \n  107 |   test \"Cos\"\n> 108 | }\n      | ^\n\nExpected one of the following: \n\n'@', '{', comment, whitespace\n\n    at /home/felipe/.vscode/extensions/uqbar.wollok-lsp-ide-0.3.6/out/server/src/server.js:2254:32415\n    at Array.map (<anonymous>)\n    at Jfn (/home/felipe/.vscode/extensions/uqbar.wollok-lsp-ide-0.3.6/out/server/src/server.js:2254:32339)\n    at k2.buildEnvironmentFrom (/home/felipe/.vscode/extensions/uqbar.wollok-lsp-ide-0.3.6/out/server/src/server.js:2285:6721)\n    at k2.updateEnvironmentWith (/home/felipe/.vscode/extensions/uqbar.wollok-lsp-ide-0.3.6/out/server/src/server.js:2285:6456)\n    at jL (/home/felipe/.vscode/extensions/uqbar.wollok-lsp-ide-0.3.6/out/server/src/server.js:2298:2292)\n    at v3.invoke (/home/felipe/.vscode/extensions/uqbar.wollok-lsp-ide-0.3.6/out/server/src/server.js:3:157200)\n    at o.fire (/home/felipe/.vscode/extensions/uqbar.wollok-lsp-ide-0.3.6/out/server/src/server.js:3:157970)\n    at /home/felipe/.vscode/extensions/uqbar.wollok-lsp-ide-0.3.6/out/server/src/server.js:37:57871\n    at Vr (/home/felipe/.vscode/extensions/uqbar.wollok-lsp-ide-0.3.6/out/server/src/server.js:8:1561)","timestamp":"2024-10-14T23:46:23.083Z"}
{"level":"error","message":"✘ Failed to rebuild document Failed to parse testGranja.wtest: \n-- PARSING FAILED --------------------------------------------------\n\n  106 | \n  107 |   test \"Cose\"\n> 108 | }\n      | ^\n\nExpected one of the following: \n\n'@', '{', comment, whitespace\n","stack":"Error: Failed to parse testGranja.wtest: \n-- PARSING FAILED --------------------------------------------------\n\n  106 | \n  107 |   test \"Cose\"\n> 108 | }\n      | ^\n\nExpected one of the following: \n\n'@', '{', comment, whitespace\n\n    at /home/felipe/.vscode/extensions/uqbar.wollok-lsp-ide-0.3.6/out/server/src/server.js:2254:32415\n    at Array.map (<anonymous>)\n    at Jfn (/home/felipe/.vscode/extensions/uqbar.wollok-lsp-ide-0.3.6/out/server/src/server.js:2254:32339)\n    at k2.buildEnvironmentFrom (/home/felipe/.vscode/extensions/uqbar.wollok-lsp-ide-0.3.6/out/server/src/server.js:2285:6721)\n    at k2.updateEnvironmentWith (/home/felipe/.vscode/extensions/uqbar.wollok-lsp-ide-0.3.6/out/server/src/server.js:2285:6456)\n    at jL (/home/felipe/.vscode/extensions/uqbar.wollok-lsp-ide-0.3.6/out/server/src/server.js:2298:2292)\n    at v3.invoke (/home/felipe/.vscode/extensions/uqbar.wollok-lsp-ide-0.3.6/out/server/src/server.js:3:157200)\n    at o.fire (/home/felipe/.vscode/extensions/uqbar.wollok-lsp-ide-0.3.6/out/server/src/server.js:3:157970)\n    at /home/felipe/.vscode/extensions/uqbar.wollok-lsp-ide-0.3.6/out/server/src/server.js:37:57871\n    at Vr (/home/felipe/.vscode/extensions/uqbar.wollok-lsp-ide-0.3.6/out/server/src/server.js:8:1561)","timestamp":"2024-10-14T23:46:23.681Z"}
{"level":"error","message":"✘ Failed to rebuild document Failed to parse testGranja.wtest: \n-- PARSING FAILED --------------------------------------------------\n\n  106 | \n  107 |   test \"Cosec\"\n> 108 | }\n      | ^\n\nExpected one of the following: \n\n'@', '{', comment, whitespace\n","stack":"Error: Failed to parse testGranja.wtest: \n-- PARSING FAILED --------------------------------------------------\n\n  106 | \n  107 |   test \"Cosec\"\n> 108 | }\n      | ^\n\nExpected one of the following: \n\n'@', '{', comment, whitespace\n\n    at /home/felipe/.vscode/extensions/uqbar.wollok-lsp-ide-0.3.6/out/server/src/server.js:2254:32415\n    at Array.map (<anonymous>)\n    at Jfn (/home/felipe/.vscode/extensions/uqbar.wollok-lsp-ide-0.3.6/out/server/src/server.js:2254:32339)\n    at k2.buildEnvironmentFrom (/home/felipe/.vscode/extensions/uqbar.wollok-lsp-ide-0.3.6/out/server/src/server.js:2285:6721)\n    at k2.updateEnvironmentWith (/home/felipe/.vscode/extensions/uqbar.wollok-lsp-ide-0.3.6/out/server/src/server.js:2285:6456)\n    at jL (/home/felipe/.vscode/extensions/uqbar.wollok-lsp-ide-0.3.6/out/server/src/server.js:2298:2292)\n    at v3.invoke (/home/felipe/.vscode/extensions/uqbar.wollok-lsp-ide-0.3.6/out/server/src/server.js:3:157200)\n    at o.fire (/home/felipe/.vscode/extensions/uqbar.wollok-lsp-ide-0.3.6/out/server/src/server.js:3:157970)\n    at /home/felipe/.vscode/extensions/uqbar.wollok-lsp-ide-0.3.6/out/server/src/server.js:37:57871\n    at Vr (/home/felipe/.vscode/extensions/uqbar.wollok-lsp-ide-0.3.6/out/server/src/server.js:8:1561)","timestamp":"2024-10-14T23:46:24.381Z"}
{"level":"error","message":"✘ Failed to rebuild document Failed to parse testGranja.wtest: \n-- PARSING FAILED --------------------------------------------------\n\n  106 | \n  107 |   test \"Cose\"\n> 108 | }\n      | ^\n\nExpected one of the following: \n\n'@', '{', comment, whitespace\n","stack":"Error: Failed to parse testGranja.wtest: \n-- PARSING FAILED --------------------------------------------------\n\n  106 | \n  107 |   test \"Cose\"\n> 108 | }\n      | ^\n\nExpected one of the following: \n\n'@', '{', comment, whitespace\n\n    at /home/felipe/.vscode/extensions/uqbar.wollok-lsp-ide-0.3.6/out/server/src/server.js:2254:32415\n    at Array.map (<anonymous>)\n    at Jfn (/home/felipe/.vscode/extensions/uqbar.wollok-lsp-ide-0.3.6/out/server/src/server.js:2254:32339)\n    at k2.buildEnvironmentFrom (/home/felipe/.vscode/extensions/uqbar.wollok-lsp-ide-0.3.6/out/server/src/server.js:2285:6721)\n    at k2.updateEnvironmentWith (/home/felipe/.vscode/extensions/uqbar.wollok-lsp-ide-0.3.6/out/server/src/server.js:2285:6456)\n    at jL (/home/felipe/.vscode/extensions/uqbar.wollok-lsp-ide-0.3.6/out/server/src/server.js:2298:2292)\n    at v3.invoke (/home/felipe/.vscode/extensions/uqbar.wollok-lsp-ide-0.3.6/out/server/src/server.js:3:157200)\n    at o.fire (/home/felipe/.vscode/extensions/uqbar.wollok-lsp-ide-0.3.6/out/server/src/server.js:3:157970)\n    at /home/felipe/.vscode/extensions/uqbar.wollok-lsp-ide-0.3.6/out/server/src/server.js:37:57871\n    at Vr (/home/felipe/.vscode/extensions/uqbar.wollok-lsp-ide-0.3.6/out/server/src/server.js:8:1561)","timestamp":"2024-10-14T23:46:24.612Z"}
{"level":"error","message":"✘ Failed to rebuild document Failed to parse testGranja.wtest: \n-- PARSING FAILED --------------------------------------------------\n\n  106 | \n  107 |   test \"Cos\"\n> 108 | }\n      | ^\n\nExpected one of the following: \n\n'@', '{', comment, whitespace\n","stack":"Error: Failed to parse testGranja.wtest: \n-- PARSING FAILED --------------------------------------------------\n\n  106 | \n  107 |   test \"Cos\"\n> 108 | }\n      | ^\n\nExpected one of the following: \n\n'@', '{', comment, whitespace\n\n    at /home/felipe/.vscode/extensions/uqbar.wollok-lsp-ide-0.3.6/out/server/src/server.js:2254:32415\n    at Array.map (<anonymous>)\n    at Jfn (/home/felipe/.vscode/extensions/uqbar.wollok-lsp-ide-0.3.6/out/server/src/server.js:2254:32339)\n    at k2.buildEnvironmentFrom (/home/felipe/.vscode/extensions/uqbar.wollok-lsp-ide-0.3.6/out/server/src/server.js:2285:6721)\n    at k2.updateEnvironmentWith (/home/felipe/.vscode/extensions/uqbar.wollok-lsp-ide-0.3.6/out/server/src/server.js:2285:6456)\n    at jL (/home/felipe/.vscode/extensions/uqbar.wollok-lsp-ide-0.3.6/out/server/src/server.js:2298:2292)\n    at v3.invoke (/home/felipe/.vscode/extensions/uqbar.wollok-lsp-ide-0.3.6/out/server/src/server.js:3:157200)\n    at o.fire (/home/felipe/.vscode/extensions/uqbar.wollok-lsp-ide-0.3.6/out/server/src/server.js:3:157970)\n    at /home/felipe/.vscode/extensions/uqbar.wollok-lsp-ide-0.3.6/out/server/src/server.js:37:57871\n    at Vr (/home/felipe/.vscode/extensions/uqbar.wollok-lsp-ide-0.3.6/out/server/src/server.js:8:1561)","timestamp":"2024-10-14T23:46:24.786Z"}
{"level":"error","message":"✘ Failed to rebuild document Failed to parse testGranja.wtest: \n-- PARSING FAILED --------------------------------------------------\n\n  106 | \n  107 |   test \"Co\"\n> 108 | }\n      | ^\n\nExpected one of the following: \n\n'@', '{', comment, whitespace\n","stack":"Error: Failed to parse testGranja.wtest: \n-- PARSING FAILED --------------------------------------------------\n\n  106 | \n  107 |   test \"Co\"\n> 108 | }\n      | ^\n\nExpected one of the following: \n\n'@', '{', comment, whitespace\n\n    at /home/felipe/.vscode/extensions/uqbar.wollok-lsp-ide-0.3.6/out/server/src/server.js:2254:32415\n    at Array.map (<anonymous>)\n    at Jfn (/home/felipe/.vscode/extensions/uqbar.wollok-lsp-ide-0.3.6/out/server/src/server.js:2254:32339)\n    at k2.buildEnvironmentFrom (/home/felipe/.vscode/extensions/uqbar.wollok-lsp-ide-0.3.6/out/server/src/server.js:2285:6721)\n    at k2.updateEnvironmentWith (/home/felipe/.vscode/extensions/uqbar.wollok-lsp-ide-0.3.6/out/server/src/server.js:2285:6456)\n    at jL (/home/felipe/.vscode/extensions/uqbar.wollok-lsp-ide-0.3.6/out/server/src/server.js:2298:2292)\n    at v3.invoke (/home/felipe/.vscode/extensions/uqbar.wollok-lsp-ide-0.3.6/out/server/src/server.js:3:157200)\n    at o.fire (/home/felipe/.vscode/extensions/uqbar.wollok-lsp-ide-0.3.6/out/server/src/server.js:3:157970)\n    at /home/felipe/.vscode/extensions/uqbar.wollok-lsp-ide-0.3.6/out/server/src/server.js:37:57871\n    at Vr (/home/felipe/.vscode/extensions/uqbar.wollok-lsp-ide-0.3.6/out/server/src/server.js:8:1561)","timestamp":"2024-10-14T23:46:24.946Z"}
{"level":"error","message":"✘ Failed to rebuild document Failed to parse testGranja.wtest: \n-- PARSING FAILED --------------------------------------------------\n\n  106 | \n  107 |   test \"C\"\n> 108 | }\n      | ^\n\nExpected one of the following: \n\n'@', '{', comment, whitespace\n","stack":"Error: Failed to parse testGranja.wtest: \n-- PARSING FAILED --------------------------------------------------\n\n  106 | \n  107 |   test \"C\"\n> 108 | }\n      | ^\n\nExpected one of the following: \n\n'@', '{', comment, whitespace\n\n    at /home/felipe/.vscode/extensions/uqbar.wollok-lsp-ide-0.3.6/out/server/src/server.js:2254:32415\n    at Array.map (<anonymous>)\n    at Jfn (/home/felipe/.vscode/extensions/uqbar.wollok-lsp-ide-0.3.6/out/server/src/server.js:2254:32339)\n    at k2.buildEnvironmentFrom (/home/felipe/.vscode/extensions/uqbar.wollok-lsp-ide-0.3.6/out/server/src/server.js:2285:6721)\n    at k2.updateEnvironmentWith (/home/felipe/.vscode/extensions/uqbar.wollok-lsp-ide-0.3.6/out/server/src/server.js:2285:6456)\n    at jL (/home/felipe/.vscode/extensions/uqbar.wollok-lsp-ide-0.3.6/out/server/src/server.js:2298:2292)\n    at v3.invoke (/home/felipe/.vscode/extensions/uqbar.wollok-lsp-ide-0.3.6/out/server/src/server.js:3:157200)\n    at o.fire (/home/felipe/.vscode/extensions/uqbar.wollok-lsp-ide-0.3.6/out/server/src/server.js:3:157970)\n    at /home/felipe/.vscode/extensions/uqbar.wollok-lsp-ide-0.3.6/out/server/src/server.js:37:57871\n    at Vr (/home/felipe/.vscode/extensions/uqbar.wollok-lsp-ide-0.3.6/out/server/src/server.js:8:1561)","timestamp":"2024-10-14T23:46:25.077Z"}
{"level":"error","message":"✘ Failed to rebuild document Failed to parse testGranja.wtest: \n-- PARSING FAILED --------------------------------------------------\n\n  106 | \n  107 |   test \"\"\n> 108 | }\n      | ^\n\nExpected one of the following: \n\n'@', '{', comment, whitespace\n","stack":"Error: Failed to parse testGranja.wtest: \n-- PARSING FAILED --------------------------------------------------\n\n  106 | \n  107 |   test \"\"\n> 108 | }\n      | ^\n\nExpected one of the following: \n\n'@', '{', comment, whitespace\n\n    at /home/felipe/.vscode/extensions/uqbar.wollok-lsp-ide-0.3.6/out/server/src/server.js:2254:32415\n    at Array.map (<anonymous>)\n    at Jfn (/home/felipe/.vscode/extensions/uqbar.wollok-lsp-ide-0.3.6/out/server/src/server.js:2254:32339)\n    at k2.buildEnvironmentFrom (/home/felipe/.vscode/extensions/uqbar.wollok-lsp-ide-0.3.6/out/server/src/server.js:2285:6721)\n    at k2.updateEnvironmentWith (/home/felipe/.vscode/extensions/uqbar.wollok-lsp-ide-0.3.6/out/server/src/server.js:2285:6456)\n    at jL (/home/felipe/.vscode/extensions/uqbar.wollok-lsp-ide-0.3.6/out/server/src/server.js:2298:2292)\n    at v3.invoke (/home/felipe/.vscode/extensions/uqbar.wollok-lsp-ide-0.3.6/out/server/src/server.js:3:157200)\n    at o.fire (/home/felipe/.vscode/extensions/uqbar.wollok-lsp-ide-0.3.6/out/server/src/server.js:3:157970)\n    at /home/felipe/.vscode/extensions/uqbar.wollok-lsp-ide-0.3.6/out/server/src/server.js:37:57871\n    at Vr (/home/felipe/.vscode/extensions/uqbar.wollok-lsp-ide-0.3.6/out/server/src/server.js:8:1561)","timestamp":"2024-10-14T23:46:25.234Z"}
{"level":"error","message":"✘ Failed to rebuild document Failed to parse testGranja.wtest: \n-- PARSING FAILED --------------------------------------------------\n\n  106 | \n  107 |   test \"E\"\n> 108 | }\n      | ^\n\nExpected one of the following: \n\n'@', '{', comment, whitespace\n","stack":"Error: Failed to parse testGranja.wtest: \n-- PARSING FAILED --------------------------------------------------\n\n  106 | \n  107 |   test \"E\"\n> 108 | }\n      | ^\n\nExpected one of the following: \n\n'@', '{', comment, whitespace\n\n    at /home/felipe/.vscode/extensions/uqbar.wollok-lsp-ide-0.3.6/out/server/src/server.js:2254:32415\n    at Array.map (<anonymous>)\n    at Jfn (/home/felipe/.vscode/extensions/uqbar.wollok-lsp-ide-0.3.6/out/server/src/server.js:2254:32339)\n    at k2.buildEnvironmentFrom (/home/felipe/.vscode/extensions/uqbar.wollok-lsp-ide-0.3.6/out/server/src/server.js:2285:6721)\n    at k2.updateEnvironmentWith (/home/felipe/.vscode/extensions/uqbar.wollok-lsp-ide-0.3.6/out/server/src/server.js:2285:6456)\n    at jL (/home/felipe/.vscode/extensions/uqbar.wollok-lsp-ide-0.3.6/out/server/src/server.js:2298:2292)\n    at v3.invoke (/home/felipe/.vscode/extensions/uqbar.wollok-lsp-ide-0.3.6/out/server/src/server.js:3:157200)\n    at o.fire (/home/felipe/.vscode/extensions/uqbar.wollok-lsp-ide-0.3.6/out/server/src/server.js:3:157970)\n    at /home/felipe/.vscode/extensions/uqbar.wollok-lsp-ide-0.3.6/out/server/src/server.js:37:57871\n    at Vr (/home/felipe/.vscode/extensions/uqbar.wollok-lsp-ide-0.3.6/out/server/src/server.js:8:1561)","timestamp":"2024-10-14T23:46:25.728Z"}
{"level":"error","message":"✘ Failed to rebuild document Failed to parse testGranja.wtest: \n-- PARSING FAILED --------------------------------------------------\n\n  106 | \n  107 |   test \"Er\"\n> 108 | }\n      | ^\n\nExpected one of the following: \n\n'@', '{', comment, whitespace\n","stack":"Error: Failed to parse testGranja.wtest: \n-- PARSING FAILED --------------------------------------------------\n\n  106 | \n  107 |   test \"Er\"\n> 108 | }\n      | ^\n\nExpected one of the following: \n\n'@', '{', comment, whitespace\n\n    at /home/felipe/.vscode/extensions/uqbar.wollok-lsp-ide-0.3.6/out/server/src/server.js:2254:32415\n    at Array.map (<anonymous>)\n    at Jfn (/home/felipe/.vscode/extensions/uqbar.wollok-lsp-ide-0.3.6/out/server/src/server.js:2254:32339)\n    at k2.buildEnvironmentFrom (/home/felipe/.vscode/extensions/uqbar.wollok-lsp-ide-0.3.6/out/server/src/server.js:2285:6721)\n    at k2.updateEnvironmentWith (/home/felipe/.vscode/extensions/uqbar.wollok-lsp-ide-0.3.6/out/server/src/server.js:2285:6456)\n    at jL (/home/felipe/.vscode/extensions/uqbar.wollok-lsp-ide-0.3.6/out/server/src/server.js:2298:2292)\n    at v3.invoke (/home/felipe/.vscode/extensions/uqbar.wollok-lsp-ide-0.3.6/out/server/src/server.js:3:157200)\n    at o.fire (/home/felipe/.vscode/extensions/uqbar.wollok-lsp-ide-0.3.6/out/server/src/server.js:3:157970)\n    at /home/felipe/.vscode/extensions/uqbar.wollok-lsp-ide-0.3.6/out/server/src/server.js:37:57871\n    at Vr (/home/felipe/.vscode/extensions/uqbar.wollok-lsp-ide-0.3.6/out/server/src/server.js:8:1561)","timestamp":"2024-10-14T23:46:26.121Z"}
{"level":"error","message":"✘ Failed to rebuild document Failed to parse testGranja.wtest: \n-- PARSING FAILED --------------------------------------------------\n\n  106 | \n  107 |   test \"Err\"\n> 108 | }\n      | ^\n\nExpected one of the following: \n\n'@', '{', comment, whitespace\n","stack":"Error: Failed to parse testGranja.wtest: \n-- PARSING FAILED --------------------------------------------------\n\n  106 | \n  107 |   test \"Err\"\n> 108 | }\n      | ^\n\nExpected one of the following: \n\n'@', '{', comment, whitespace\n\n    at /home/felipe/.vscode/extensions/uqbar.wollok-lsp-ide-0.3.6/out/server/src/server.js:2254:32415\n    at Array.map (<anonymous>)\n    at Jfn (/home/felipe/.vscode/extensions/uqbar.wollok-lsp-ide-0.3.6/out/server/src/server.js:2254:32339)\n    at k2.buildEnvironmentFrom (/home/felipe/.vscode/extensions/uqbar.wollok-lsp-ide-0.3.6/out/server/src/server.js:2285:6721)\n    at k2.updateEnvironmentWith (/home/felipe/.vscode/extensions/uqbar.wollok-lsp-ide-0.3.6/out/server/src/server.js:2285:6456)\n    at jL (/home/felipe/.vscode/extensions/uqbar.wollok-lsp-ide-0.3.6/out/server/src/server.js:2298:2292)\n    at v3.invoke (/home/felipe/.vscode/extensions/uqbar.wollok-lsp-ide-0.3.6/out/server/src/server.js:3:157200)\n    at o.fire (/home/felipe/.vscode/extensions/uqbar.wollok-lsp-ide-0.3.6/out/server/src/server.js:3:157970)\n    at /home/felipe/.vscode/extensions/uqbar.wollok-lsp-ide-0.3.6/out/server/src/server.js:37:57871\n    at Vr (/home/felipe/.vscode/extensions/uqbar.wollok-lsp-ide-0.3.6/out/server/src/server.js:8:1561)","timestamp":"2024-10-14T23:46:26.728Z"}
{"level":"error","message":"✘ Failed to rebuild document Failed to parse testGranja.wtest: \n-- PARSING FAILED --------------------------------------------------\n\n  106 | \n  107 |   test \"Er\"\n> 108 | }\n      | ^\n\nExpected one of the following: \n\n'@', '{', comment, whitespace\n","stack":"Error: Failed to parse testGranja.wtest: \n-- PARSING FAILED --------------------------------------------------\n\n  106 | \n  107 |   test \"Er\"\n> 108 | }\n      | ^\n\nExpected one of the following: \n\n'@', '{', comment, whitespace\n\n    at /home/felipe/.vscode/extensions/uqbar.wollok-lsp-ide-0.3.6/out/server/src/server.js:2254:32415\n    at Array.map (<anonymous>)\n    at Jfn (/home/felipe/.vscode/extensions/uqbar.wollok-lsp-ide-0.3.6/out/server/src/server.js:2254:32339)\n    at k2.buildEnvironmentFrom (/home/felipe/.vscode/extensions/uqbar.wollok-lsp-ide-0.3.6/out/server/src/server.js:2285:6721)\n    at k2.updateEnvironmentWith (/home/felipe/.vscode/extensions/uqbar.wollok-lsp-ide-0.3.6/out/server/src/server.js:2285:6456)\n    at jL (/home/felipe/.vscode/extensions/uqbar.wollok-lsp-ide-0.3.6/out/server/src/server.js:2298:2292)\n    at v3.invoke (/home/felipe/.vscode/extensions/uqbar.wollok-lsp-ide-0.3.6/out/server/src/server.js:3:157200)\n    at o.fire (/home/felipe/.vscode/extensions/uqbar.wollok-lsp-ide-0.3.6/out/server/src/server.js:3:157970)\n    at /home/felipe/.vscode/extensions/uqbar.wollok-lsp-ide-0.3.6/out/server/src/server.js:37:57871\n    at Vr (/home/felipe/.vscode/extensions/uqbar.wollok-lsp-ide-0.3.6/out/server/src/server.js:8:1561)","timestamp":"2024-10-14T23:46:27.071Z"}
{"level":"error","message":"✘ Failed to rebuild document Failed to parse testGranja.wtest: \n-- PARSING FAILED --------------------------------------------------\n\n  106 | \n  107 |   test \"E\"\n> 108 | }\n      | ^\n\nExpected one of the following: \n\n'@', '{', comment, whitespace\n","stack":"Error: Failed to parse testGranja.wtest: \n-- PARSING FAILED --------------------------------------------------\n\n  106 | \n  107 |   test \"E\"\n> 108 | }\n      | ^\n\nExpected one of the following: \n\n'@', '{', comment, whitespace\n\n    at /home/felipe/.vscode/extensions/uqbar.wollok-lsp-ide-0.3.6/out/server/src/server.js:2254:32415\n    at Array.map (<anonymous>)\n    at Jfn (/home/felipe/.vscode/extensions/uqbar.wollok-lsp-ide-0.3.6/out/server/src/server.js:2254:32339)\n    at k2.buildEnvironmentFrom (/home/felipe/.vscode/extensions/uqbar.wollok-lsp-ide-0.3.6/out/server/src/server.js:2285:6721)\n    at k2.updateEnvironmentWith (/home/felipe/.vscode/extensions/uqbar.wollok-lsp-ide-0.3.6/out/server/src/server.js:2285:6456)\n    at jL (/home/felipe/.vscode/extensions/uqbar.wollok-lsp-ide-0.3.6/out/server/src/server.js:2298:2292)\n    at v3.invoke (/home/felipe/.vscode/extensions/uqbar.wollok-lsp-ide-0.3.6/out/server/src/server.js:3:157200)\n    at o.fire (/home/felipe/.vscode/extensions/uqbar.wollok-lsp-ide-0.3.6/out/server/src/server.js:3:157970)\n    at /home/felipe/.vscode/extensions/uqbar.wollok-lsp-ide-0.3.6/out/server/src/server.js:37:57871\n    at Vr (/home/felipe/.vscode/extensions/uqbar.wollok-lsp-ide-0.3.6/out/server/src/server.js:8:1561)","timestamp":"2024-10-14T23:46:27.192Z"}
{"level":"error","message":"✘ Failed to rebuild document Failed to parse testGranja.wtest: \n-- PARSING FAILED --------------------------------------------------\n\n  106 | \n  107 |   test \"\"\n> 108 | }\n      | ^\n\nExpected one of the following: \n\n'@', '{', comment, whitespace\n","stack":"Error: Failed to parse testGranja.wtest: \n-- PARSING FAILED --------------------------------------------------\n\n  106 | \n  107 |   test \"\"\n> 108 | }\n      | ^\n\nExpected one of the following: \n\n'@', '{', comment, whitespace\n\n    at /home/felipe/.vscode/extensions/uqbar.wollok-lsp-ide-0.3.6/out/server/src/server.js:2254:32415\n    at Array.map (<anonymous>)\n    at Jfn (/home/felipe/.vscode/extensions/uqbar.wollok-lsp-ide-0.3.6/out/server/src/server.js:2254:32339)\n    at k2.buildEnvironmentFrom (/home/felipe/.vscode/extensions/uqbar.wollok-lsp-ide-0.3.6/out/server/src/server.js:2285:6721)\n    at k2.updateEnvironmentWith (/home/felipe/.vscode/extensions/uqbar.wollok-lsp-ide-0.3.6/out/server/src/server.js:2285:6456)\n    at jL (/home/felipe/.vscode/extensions/uqbar.wollok-lsp-ide-0.3.6/out/server/src/server.js:2298:2292)\n    at v3.invoke (/home/felipe/.vscode/extensions/uqbar.wollok-lsp-ide-0.3.6/out/server/src/server.js:3:157200)\n    at o.fire (/home/felipe/.vscode/extensions/uqbar.wollok-lsp-ide-0.3.6/out/server/src/server.js:3:157970)\n    at /home/felipe/.vscode/extensions/uqbar.wollok-lsp-ide-0.3.6/out/server/src/server.js:37:57871\n    at Vr (/home/felipe/.vscode/extensions/uqbar.wollok-lsp-ide-0.3.6/out/server/src/server.js:8:1561)","timestamp":"2024-10-14T23:46:27.358Z"}
{"level":"error","message":"✘ Failed to rebuild document Failed to parse testGranja.wtest: \n-- PARSING FAILED --------------------------------------------------\n\n  106 | \n  107 |   test \"C\"\n> 108 | }\n      | ^\n\nExpected one of the following: \n\n'@', '{', comment, whitespace\n","stack":"Error: Failed to parse testGranja.wtest: \n-- PARSING FAILED --------------------------------------------------\n\n  106 | \n  107 |   test \"C\"\n> 108 | }\n      | ^\n\nExpected one of the following: \n\n'@', '{', comment, whitespace\n\n    at /home/felipe/.vscode/extensions/uqbar.wollok-lsp-ide-0.3.6/out/server/src/server.js:2254:32415\n    at Array.map (<anonymous>)\n    at Jfn (/home/felipe/.vscode/extensions/uqbar.wollok-lsp-ide-0.3.6/out/server/src/server.js:2254:32339)\n    at k2.buildEnvironmentFrom (/home/felipe/.vscode/extensions/uqbar.wollok-lsp-ide-0.3.6/out/server/src/server.js:2285:6721)\n    at k2.updateEnvironmentWith (/home/felipe/.vscode/extensions/uqbar.wollok-lsp-ide-0.3.6/out/server/src/server.js:2285:6456)\n    at jL (/home/felipe/.vscode/extensions/uqbar.wollok-lsp-ide-0.3.6/out/server/src/server.js:2298:2292)\n    at v3.invoke (/home/felipe/.vscode/extensions/uqbar.wollok-lsp-ide-0.3.6/out/server/src/server.js:3:157200)\n    at o.fire (/home/felipe/.vscode/extensions/uqbar.wollok-lsp-ide-0.3.6/out/server/src/server.js:3:157970)\n    at /home/felipe/.vscode/extensions/uqbar.wollok-lsp-ide-0.3.6/out/server/src/server.js:37:57871\n    at Vr (/home/felipe/.vscode/extensions/uqbar.wollok-lsp-ide-0.3.6/out/server/src/server.js:8:1561)","timestamp":"2024-10-14T23:46:28.501Z"}
{"level":"error","message":"✘ Failed to rebuild document Failed to parse testGranja.wtest: \n-- PARSING FAILED --------------------------------------------------\n\n  106 | \n  107 |   test \"Co\"\n> 108 | }\n      | ^\n\nExpected one of the following: \n\n'@', '{', comment, whitespace\n","stack":"Error: Failed to parse testGranja.wtest: \n-- PARSING FAILED --------------------------------------------------\n\n  106 | \n  107 |   test \"Co\"\n> 108 | }\n      | ^\n\nExpected one of the following: \n\n'@', '{', comment, whitespace\n\n    at /home/felipe/.vscode/extensions/uqbar.wollok-lsp-ide-0.3.6/out/server/src/server.js:2254:32415\n    at Array.map (<anonymous>)\n    at Jfn (/home/felipe/.vscode/extensions/uqbar.wollok-lsp-ide-0.3.6/out/server/src/server.js:2254:32339)\n    at k2.buildEnvironmentFrom (/home/felipe/.vscode/extensions/uqbar.wollok-lsp-ide-0.3.6/out/server/src/server.js:2285:6721)\n    at k2.updateEnvironmentWith (/home/felipe/.vscode/extensions/uqbar.wollok-lsp-ide-0.3.6/out/server/src/server.js:2285:6456)\n    at jL (/home/felipe/.vscode/extensions/uqbar.wollok-lsp-ide-0.3.6/out/server/src/server.js:2298:2292)\n    at v3.invoke (/home/felipe/.vscode/extensions/uqbar.wollok-lsp-ide-0.3.6/out/server/src/server.js:3:157200)\n    at o.fire (/home/felipe/.vscode/extensions/uqbar.wollok-lsp-ide-0.3.6/out/server/src/server.js:3:157970)\n    at /home/felipe/.vscode/extensions/uqbar.wollok-lsp-ide-0.3.6/out/server/src/server.js:37:57871\n    at Vr (/home/felipe/.vscode/extensions/uqbar.wollok-lsp-ide-0.3.6/out/server/src/server.js:8:1561)","timestamp":"2024-10-14T23:46:28.940Z"}
{"level":"error","message":"✘ Failed to rebuild document Failed to parse testGranja.wtest: \n-- PARSING FAILED --------------------------------------------------\n\n  106 | \n  107 |   test \"Cos\"\n> 108 | }\n      | ^\n\nExpected one of the following: \n\n'@', '{', comment, whitespace\n","stack":"Error: Failed to parse testGranja.wtest: \n-- PARSING FAILED --------------------------------------------------\n\n  106 | \n  107 |   test \"Cos\"\n> 108 | }\n      | ^\n\nExpected one of the following: \n\n'@', '{', comment, whitespace\n\n    at /home/felipe/.vscode/extensions/uqbar.wollok-lsp-ide-0.3.6/out/server/src/server.js:2254:32415\n    at Array.map (<anonymous>)\n    at Jfn (/home/felipe/.vscode/extensions/uqbar.wollok-lsp-ide-0.3.6/out/server/src/server.js:2254:32339)\n    at k2.buildEnvironmentFrom (/home/felipe/.vscode/extensions/uqbar.wollok-lsp-ide-0.3.6/out/server/src/server.js:2285:6721)\n    at k2.updateEnvironmentWith (/home/felipe/.vscode/extensions/uqbar.wollok-lsp-ide-0.3.6/out/server/src/server.js:2285:6456)\n    at jL (/home/felipe/.vscode/extensions/uqbar.wollok-lsp-ide-0.3.6/out/server/src/server.js:2298:2292)\n    at v3.invoke (/home/felipe/.vscode/extensions/uqbar.wollok-lsp-ide-0.3.6/out/server/src/server.js:3:157200)\n    at o.fire (/home/felipe/.vscode/extensions/uqbar.wollok-lsp-ide-0.3.6/out/server/src/server.js:3:157970)\n    at /home/felipe/.vscode/extensions/uqbar.wollok-lsp-ide-0.3.6/out/server/src/server.js:37:57871\n    at Vr (/home/felipe/.vscode/extensions/uqbar.wollok-lsp-ide-0.3.6/out/server/src/server.js:8:1561)","timestamp":"2024-10-14T23:46:29.012Z"}
{"level":"error","message":"✘ Failed to rebuild document Failed to parse testGranja.wtest: \n-- PARSING FAILED --------------------------------------------------\n\n  106 | \n  107 |   test \"Cose\"\n> 108 | }\n      | ^\n\nExpected one of the following: \n\n'@', '{', comment, whitespace\n","stack":"Error: Failed to parse testGranja.wtest: \n-- PARSING FAILED --------------------------------------------------\n\n  106 | \n  107 |   test \"Cose\"\n> 108 | }\n      | ^\n\nExpected one of the following: \n\n'@', '{', comment, whitespace\n\n    at /home/felipe/.vscode/extensions/uqbar.wollok-lsp-ide-0.3.6/out/server/src/server.js:2254:32415\n    at Array.map (<anonymous>)\n    at Jfn (/home/felipe/.vscode/extensions/uqbar.wollok-lsp-ide-0.3.6/out/server/src/server.js:2254:32339)\n    at k2.buildEnvironmentFrom (/home/felipe/.vscode/extensions/uqbar.wollok-lsp-ide-0.3.6/out/server/src/server.js:2285:6721)\n    at k2.updateEnvironmentWith (/home/felipe/.vscode/extensions/uqbar.wollok-lsp-ide-0.3.6/out/server/src/server.js:2285:6456)\n    at jL (/home/felipe/.vscode/extensions/uqbar.wollok-lsp-ide-0.3.6/out/server/src/server.js:2298:2292)\n    at v3.invoke (/home/felipe/.vscode/extensions/uqbar.wollok-lsp-ide-0.3.6/out/server/src/server.js:3:157200)\n    at o.fire (/home/felipe/.vscode/extensions/uqbar.wollok-lsp-ide-0.3.6/out/server/src/server.js:3:157970)\n    at /home/felipe/.vscode/extensions/uqbar.wollok-lsp-ide-0.3.6/out/server/src/server.js:37:57871\n    at Vr (/home/felipe/.vscode/extensions/uqbar.wollok-lsp-ide-0.3.6/out/server/src/server.js:8:1561)","timestamp":"2024-10-14T23:46:29.223Z"}
{"level":"error","message":"✘ Failed to rebuild document Failed to parse testGranja.wtest: \n-- PARSING FAILED --------------------------------------------------\n\n  106 | \n  107 |   test \"Cosec\"\n> 108 | }\n      | ^\n\nExpected one of the following: \n\n'@', '{', comment, whitespace\n","stack":"Error: Failed to parse testGranja.wtest: \n-- PARSING FAILED --------------------------------------------------\n\n  106 | \n  107 |   test \"Cosec\"\n> 108 | }\n      | ^\n\nExpected one of the following: \n\n'@', '{', comment, whitespace\n\n    at /home/felipe/.vscode/extensions/uqbar.wollok-lsp-ide-0.3.6/out/server/src/server.js:2254:32415\n    at Array.map (<anonymous>)\n    at Jfn (/home/felipe/.vscode/extensions/uqbar.wollok-lsp-ide-0.3.6/out/server/src/server.js:2254:32339)\n    at k2.buildEnvironmentFrom (/home/felipe/.vscode/extensions/uqbar.wollok-lsp-ide-0.3.6/out/server/src/server.js:2285:6721)\n    at k2.updateEnvironmentWith (/home/felipe/.vscode/extensions/uqbar.wollok-lsp-ide-0.3.6/out/server/src/server.js:2285:6456)\n    at jL (/home/felipe/.vscode/extensions/uqbar.wollok-lsp-ide-0.3.6/out/server/src/server.js:2298:2292)\n    at v3.invoke (/home/felipe/.vscode/extensions/uqbar.wollok-lsp-ide-0.3.6/out/server/src/server.js:3:157200)\n    at o.fire (/home/felipe/.vscode/extensions/uqbar.wollok-lsp-ide-0.3.6/out/server/src/server.js:3:157970)\n    at /home/felipe/.vscode/extensions/uqbar.wollok-lsp-ide-0.3.6/out/server/src/server.js:37:57871\n    at Vr (/home/felipe/.vscode/extensions/uqbar.wollok-lsp-ide-0.3.6/out/server/src/server.js:8:1561)","timestamp":"2024-10-14T23:46:29.482Z"}
{"level":"error","message":"✘ Failed to rebuild document Failed to parse testGranja.wtest: \n-- PARSING FAILED --------------------------------------------------\n\n  106 | \n  107 |   test \"Cosech\"\n> 108 | }\n      | ^\n\nExpected one of the following: \n\n'@', '{', comment, whitespace\n","stack":"Error: Failed to parse testGranja.wtest: \n-- PARSING FAILED --------------------------------------------------\n\n  106 | \n  107 |   test \"Cosech\"\n> 108 | }\n      | ^\n\nExpected one of the following: \n\n'@', '{', comment, whitespace\n\n    at /home/felipe/.vscode/extensions/uqbar.wollok-lsp-ide-0.3.6/out/server/src/server.js:2254:32415\n    at Array.map (<anonymous>)\n    at Jfn (/home/felipe/.vscode/extensions/uqbar.wollok-lsp-ide-0.3.6/out/server/src/server.js:2254:32339)\n    at k2.buildEnvironmentFrom (/home/felipe/.vscode/extensions/uqbar.wollok-lsp-ide-0.3.6/out/server/src/server.js:2285:6721)\n    at k2.updateEnvironmentWith (/home/felipe/.vscode/extensions/uqbar.wollok-lsp-ide-0.3.6/out/server/src/server.js:2285:6456)\n    at jL (/home/felipe/.vscode/extensions/uqbar.wollok-lsp-ide-0.3.6/out/server/src/server.js:2298:2292)\n    at v3.invoke (/home/felipe/.vscode/extensions/uqbar.wollok-lsp-ide-0.3.6/out/server/src/server.js:3:157200)\n    at o.fire (/home/felipe/.vscode/extensions/uqbar.wollok-lsp-ide-0.3.6/out/server/src/server.js:3:157970)\n    at /home/felipe/.vscode/extensions/uqbar.wollok-lsp-ide-0.3.6/out/server/src/server.js:37:57871\n    at Vr (/home/felipe/.vscode/extensions/uqbar.wollok-lsp-ide-0.3.6/out/server/src/server.js:8:1561)","timestamp":"2024-10-14T23:46:30.343Z"}
{"level":"error","message":"✘ Failed to rebuild document Failed to parse testGranja.wtest: \n-- PARSING FAILED --------------------------------------------------\n\n  106 | \n  107 |   test \"Cosecha\"\n> 108 | }\n      | ^\n\nExpected one of the following: \n\n'@', '{', comment, whitespace\n","stack":"Error: Failed to parse testGranja.wtest: \n-- PARSING FAILED --------------------------------------------------\n\n  106 | \n  107 |   test \"Cosecha\"\n> 108 | }\n      | ^\n\nExpected one of the following: \n\n'@', '{', comment, whitespace\n\n    at /home/felipe/.vscode/extensions/uqbar.wollok-lsp-ide-0.3.6/out/server/src/server.js:2254:32415\n    at Array.map (<anonymous>)\n    at Jfn (/home/felipe/.vscode/extensions/uqbar.wollok-lsp-ide-0.3.6/out/server/src/server.js:2254:32339)\n    at k2.buildEnvironmentFrom (/home/felipe/.vscode/extensions/uqbar.wollok-lsp-ide-0.3.6/out/server/src/server.js:2285:6721)\n    at k2.updateEnvironmentWith (/home/felipe/.vscode/extensions/uqbar.wollok-lsp-ide-0.3.6/out/server/src/server.js:2285:6456)\n    at jL (/home/felipe/.vscode/extensions/uqbar.wollok-lsp-ide-0.3.6/out/server/src/server.js:2298:2292)\n    at v3.invoke (/home/felipe/.vscode/extensions/uqbar.wollok-lsp-ide-0.3.6/out/server/src/server.js:3:157200)\n    at o.fire (/home/felipe/.vscode/extensions/uqbar.wollok-lsp-ide-0.3.6/out/server/src/server.js:3:157970)\n    at /home/felipe/.vscode/extensions/uqbar.wollok-lsp-ide-0.3.6/out/server/src/server.js:37:57871\n    at Vr (/home/felipe/.vscode/extensions/uqbar.wollok-lsp-ide-0.3.6/out/server/src/server.js:8:1561)","timestamp":"2024-10-14T23:46:30.407Z"}
{"level":"error","message":"✘ Failed to rebuild document Failed to parse testGranja.wtest: \n-- PARSING FAILED --------------------------------------------------\n\n  106 | \n  107 |   test \"Cosechar\"\n> 108 | }\n      | ^\n\nExpected one of the following: \n\n'@', '{', comment, whitespace\n","stack":"Error: Failed to parse testGranja.wtest: \n-- PARSING FAILED --------------------------------------------------\n\n  106 | \n  107 |   test \"Cosechar\"\n> 108 | }\n      | ^\n\nExpected one of the following: \n\n'@', '{', comment, whitespace\n\n    at /home/felipe/.vscode/extensions/uqbar.wollok-lsp-ide-0.3.6/out/server/src/server.js:2254:32415\n    at Array.map (<anonymous>)\n    at Jfn (/home/felipe/.vscode/extensions/uqbar.wollok-lsp-ide-0.3.6/out/server/src/server.js:2254:32339)\n    at k2.buildEnvironmentFrom (/home/felipe/.vscode/extensions/uqbar.wollok-lsp-ide-0.3.6/out/server/src/server.js:2285:6721)\n    at k2.updateEnvironmentWith (/home/felipe/.vscode/extensions/uqbar.wollok-lsp-ide-0.3.6/out/server/src/server.js:2285:6456)\n    at jL (/home/felipe/.vscode/extensions/uqbar.wollok-lsp-ide-0.3.6/out/server/src/server.js:2298:2292)\n    at v3.invoke (/home/felipe/.vscode/extensions/uqbar.wollok-lsp-ide-0.3.6/out/server/src/server.js:3:157200)\n    at o.fire (/home/felipe/.vscode/extensions/uqbar.wollok-lsp-ide-0.3.6/out/server/src/server.js:3:157970)\n    at /home/felipe/.vscode/extensions/uqbar.wollok-lsp-ide-0.3.6/out/server/src/server.js:37:57871\n    at Vr (/home/felipe/.vscode/extensions/uqbar.wollok-lsp-ide-0.3.6/out/server/src/server.js:8:1561)","timestamp":"2024-10-14T23:46:30.538Z"}
{"level":"error","message":"✘ Failed to rebuild document Failed to parse testGranja.wtest: \n-- PARSING FAILED --------------------------------------------------\n\n  106 | \n  107 |   test \"Cosechar \"\n> 108 | }\n      | ^\n\nExpected one of the following: \n\n'@', '{', comment, whitespace\n","stack":"Error: Failed to parse testGranja.wtest: \n-- PARSING FAILED --------------------------------------------------\n\n  106 | \n  107 |   test \"Cosechar \"\n> 108 | }\n      | ^\n\nExpected one of the following: \n\n'@', '{', comment, whitespace\n\n    at /home/felipe/.vscode/extensions/uqbar.wollok-lsp-ide-0.3.6/out/server/src/server.js:2254:32415\n    at Array.map (<anonymous>)\n    at Jfn (/home/felipe/.vscode/extensions/uqbar.wollok-lsp-ide-0.3.6/out/server/src/server.js:2254:32339)\n    at k2.buildEnvironmentFrom (/home/felipe/.vscode/extensions/uqbar.wollok-lsp-ide-0.3.6/out/server/src/server.js:2285:6721)\n    at k2.updateEnvironmentWith (/home/felipe/.vscode/extensions/uqbar.wollok-lsp-ide-0.3.6/out/server/src/server.js:2285:6456)\n    at jL (/home/felipe/.vscode/extensions/uqbar.wollok-lsp-ide-0.3.6/out/server/src/server.js:2298:2292)\n    at v3.invoke (/home/felipe/.vscode/extensions/uqbar.wollok-lsp-ide-0.3.6/out/server/src/server.js:3:157200)\n    at o.fire (/home/felipe/.vscode/extensions/uqbar.wollok-lsp-ide-0.3.6/out/server/src/server.js:3:157970)\n    at /home/felipe/.vscode/extensions/uqbar.wollok-lsp-ide-0.3.6/out/server/src/server.js:37:57871\n    at Vr (/home/felipe/.vscode/extensions/uqbar.wollok-lsp-ide-0.3.6/out/server/src/server.js:8:1561)","timestamp":"2024-10-14T23:46:30.712Z"}
{"level":"error","message":"✘ Failed to rebuild document Failed to parse testGranja.wtest: \n-- PARSING FAILED --------------------------------------------------\n\n  106 | \n  107 |   test \"Cosechar l\"\n> 108 | }\n      | ^\n\nExpected one of the following: \n\n'@', '{', comment, whitespace\n","stack":"Error: Failed to parse testGranja.wtest: \n-- PARSING FAILED --------------------------------------------------\n\n  106 | \n  107 |   test \"Cosechar l\"\n> 108 | }\n      | ^\n\nExpected one of the following: \n\n'@', '{', comment, whitespace\n\n    at /home/felipe/.vscode/extensions/uqbar.wollok-lsp-ide-0.3.6/out/server/src/server.js:2254:32415\n    at Array.map (<anonymous>)\n    at Jfn (/home/felipe/.vscode/extensions/uqbar.wollok-lsp-ide-0.3.6/out/server/src/server.js:2254:32339)\n    at k2.buildEnvironmentFrom (/home/felipe/.vscode/extensions/uqbar.wollok-lsp-ide-0.3.6/out/server/src/server.js:2285:6721)\n    at k2.updateEnvironmentWith (/home/felipe/.vscode/extensions/uqbar.wollok-lsp-ide-0.3.6/out/server/src/server.js:2285:6456)\n    at jL (/home/felipe/.vscode/extensions/uqbar.wollok-lsp-ide-0.3.6/out/server/src/server.js:2298:2292)\n    at v3.invoke (/home/felipe/.vscode/extensions/uqbar.wollok-lsp-ide-0.3.6/out/server/src/server.js:3:157200)\n    at o.fire (/home/felipe/.vscode/extensions/uqbar.wollok-lsp-ide-0.3.6/out/server/src/server.js:3:157970)\n    at /home/felipe/.vscode/extensions/uqbar.wollok-lsp-ide-0.3.6/out/server/src/server.js:37:57871\n    at Vr (/home/felipe/.vscode/extensions/uqbar.wollok-lsp-ide-0.3.6/out/server/src/server.js:8:1561)","timestamp":"2024-10-14T23:46:31.210Z"}
{"level":"error","message":"✘ Failed to rebuild document Failed to parse testGranja.wtest: \n-- PARSING FAILED --------------------------------------------------\n\n  106 | \n  107 |   test \"Cosechar la\"\n> 108 | }\n      | ^\n\nExpected one of the following: \n\n'@', '{', comment, whitespace\n","stack":"Error: Failed to parse testGranja.wtest: \n-- PARSING FAILED --------------------------------------------------\n\n  106 | \n  107 |   test \"Cosechar la\"\n> 108 | }\n      | ^\n\nExpected one of the following: \n\n'@', '{', comment, whitespace\n\n    at /home/felipe/.vscode/extensions/uqbar.wollok-lsp-ide-0.3.6/out/server/src/server.js:2254:32415\n    at Array.map (<anonymous>)\n    at Jfn (/home/felipe/.vscode/extensions/uqbar.wollok-lsp-ide-0.3.6/out/server/src/server.js:2254:32339)\n    at k2.buildEnvironmentFrom (/home/felipe/.vscode/extensions/uqbar.wollok-lsp-ide-0.3.6/out/server/src/server.js:2285:6721)\n    at k2.updateEnvironmentWith (/home/felipe/.vscode/extensions/uqbar.wollok-lsp-ide-0.3.6/out/server/src/server.js:2285:6456)\n    at jL (/home/felipe/.vscode/extensions/uqbar.wollok-lsp-ide-0.3.6/out/server/src/server.js:2298:2292)\n    at v3.invoke (/home/felipe/.vscode/extensions/uqbar.wollok-lsp-ide-0.3.6/out/server/src/server.js:3:157200)\n    at o.fire (/home/felipe/.vscode/extensions/uqbar.wollok-lsp-ide-0.3.6/out/server/src/server.js:3:157970)\n    at /home/felipe/.vscode/extensions/uqbar.wollok-lsp-ide-0.3.6/out/server/src/server.js:37:57871\n    at Vr (/home/felipe/.vscode/extensions/uqbar.wollok-lsp-ide-0.3.6/out/server/src/server.js:8:1561)","timestamp":"2024-10-14T23:46:31.283Z"}
{"level":"error","message":"✘ Failed to rebuild document Failed to parse testGranja.wtest: \n-- PARSING FAILED --------------------------------------------------\n\n  106 | \n  107 |   test \"Cosechar la \"\n> 108 | }\n      | ^\n\nExpected one of the following: \n\n'@', '{', comment, whitespace\n","stack":"Error: Failed to parse testGranja.wtest: \n-- PARSING FAILED --------------------------------------------------\n\n  106 | \n  107 |   test \"Cosechar la \"\n> 108 | }\n      | ^\n\nExpected one of the following: \n\n'@', '{', comment, whitespace\n\n    at /home/felipe/.vscode/extensions/uqbar.wollok-lsp-ide-0.3.6/out/server/src/server.js:2254:32415\n    at Array.map (<anonymous>)\n    at Jfn (/home/felipe/.vscode/extensions/uqbar.wollok-lsp-ide-0.3.6/out/server/src/server.js:2254:32339)\n    at k2.buildEnvironmentFrom (/home/felipe/.vscode/extensions/uqbar.wollok-lsp-ide-0.3.6/out/server/src/server.js:2285:6721)\n    at k2.updateEnvironmentWith (/home/felipe/.vscode/extensions/uqbar.wollok-lsp-ide-0.3.6/out/server/src/server.js:2285:6456)\n    at jL (/home/felipe/.vscode/extensions/uqbar.wollok-lsp-ide-0.3.6/out/server/src/server.js:2298:2292)\n    at v3.invoke (/home/felipe/.vscode/extensions/uqbar.wollok-lsp-ide-0.3.6/out/server/src/server.js:3:157200)\n    at o.fire (/home/felipe/.vscode/extensions/uqbar.wollok-lsp-ide-0.3.6/out/server/src/server.js:3:157970)\n    at /home/felipe/.vscode/extensions/uqbar.wollok-lsp-ide-0.3.6/out/server/src/server.js:37:57871\n    at Vr (/home/felipe/.vscode/extensions/uqbar.wollok-lsp-ide-0.3.6/out/server/src/server.js:8:1561)","timestamp":"2024-10-14T23:46:31.378Z"}
{"level":"error","message":"✘ Failed to rebuild document Failed to parse testGranja.wtest: \n-- PARSING FAILED --------------------------------------------------\n\n  106 | \n  107 |   test \"Cosechar la n\"\n> 108 | }\n      | ^\n\nExpected one of the following: \n\n'@', '{', comment, whitespace\n","stack":"Error: Failed to parse testGranja.wtest: \n-- PARSING FAILED --------------------------------------------------\n\n  106 | \n  107 |   test \"Cosechar la n\"\n> 108 | }\n      | ^\n\nExpected one of the following: \n\n'@', '{', comment, whitespace\n\n    at /home/felipe/.vscode/extensions/uqbar.wollok-lsp-ide-0.3.6/out/server/src/server.js:2254:32415\n    at Array.map (<anonymous>)\n    at Jfn (/home/felipe/.vscode/extensions/uqbar.wollok-lsp-ide-0.3.6/out/server/src/server.js:2254:32339)\n    at k2.buildEnvironmentFrom (/home/felipe/.vscode/extensions/uqbar.wollok-lsp-ide-0.3.6/out/server/src/server.js:2285:6721)\n    at k2.updateEnvironmentWith (/home/felipe/.vscode/extensions/uqbar.wollok-lsp-ide-0.3.6/out/server/src/server.js:2285:6456)\n    at jL (/home/felipe/.vscode/extensions/uqbar.wollok-lsp-ide-0.3.6/out/server/src/server.js:2298:2292)\n    at v3.invoke (/home/felipe/.vscode/extensions/uqbar.wollok-lsp-ide-0.3.6/out/server/src/server.js:3:157200)\n    at o.fire (/home/felipe/.vscode/extensions/uqbar.wollok-lsp-ide-0.3.6/out/server/src/server.js:3:157970)\n    at /home/felipe/.vscode/extensions/uqbar.wollok-lsp-ide-0.3.6/out/server/src/server.js:37:57871\n    at Vr (/home/felipe/.vscode/extensions/uqbar.wollok-lsp-ide-0.3.6/out/server/src/server.js:8:1561)","timestamp":"2024-10-14T23:46:31.523Z"}
{"level":"error","message":"✘ Failed to rebuild document Failed to parse testGranja.wtest: \n-- PARSING FAILED --------------------------------------------------\n\n  106 | \n  107 |   test \"Cosechar la na\"\n> 108 | }\n      | ^\n\nExpected one of the following: \n\n'@', '{', comment, whitespace\n","stack":"Error: Failed to parse testGranja.wtest: \n-- PARSING FAILED --------------------------------------------------\n\n  106 | \n  107 |   test \"Cosechar la na\"\n> 108 | }\n      | ^\n\nExpected one of the following: \n\n'@', '{', comment, whitespace\n\n    at /home/felipe/.vscode/extensions/uqbar.wollok-lsp-ide-0.3.6/out/server/src/server.js:2254:32415\n    at Array.map (<anonymous>)\n    at Jfn (/home/felipe/.vscode/extensions/uqbar.wollok-lsp-ide-0.3.6/out/server/src/server.js:2254:32339)\n    at k2.buildEnvironmentFrom (/home/felipe/.vscode/extensions/uqbar.wollok-lsp-ide-0.3.6/out/server/src/server.js:2285:6721)\n    at k2.updateEnvironmentWith (/home/felipe/.vscode/extensions/uqbar.wollok-lsp-ide-0.3.6/out/server/src/server.js:2285:6456)\n    at jL (/home/felipe/.vscode/extensions/uqbar.wollok-lsp-ide-0.3.6/out/server/src/server.js:2298:2292)\n    at v3.invoke (/home/felipe/.vscode/extensions/uqbar.wollok-lsp-ide-0.3.6/out/server/src/server.js:3:157200)\n    at o.fire (/home/felipe/.vscode/extensions/uqbar.wollok-lsp-ide-0.3.6/out/server/src/server.js:3:157970)\n    at /home/felipe/.vscode/extensions/uqbar.wollok-lsp-ide-0.3.6/out/server/src/server.js:37:57871\n    at Vr (/home/felipe/.vscode/extensions/uqbar.wollok-lsp-ide-0.3.6/out/server/src/server.js:8:1561)","timestamp":"2024-10-14T23:46:31.588Z"}
{"level":"error","message":"✘ Failed to rebuild document Failed to parse testGranja.wtest: \n-- PARSING FAILED --------------------------------------------------\n\n  106 | \n  107 |   test \"Cosechar la nad\"\n> 108 | }\n      | ^\n\nExpected one of the following: \n\n'@', '{', comment, whitespace\n","stack":"Error: Failed to parse testGranja.wtest: \n-- PARSING FAILED --------------------------------------------------\n\n  106 | \n  107 |   test \"Cosechar la nad\"\n> 108 | }\n      | ^\n\nExpected one of the following: \n\n'@', '{', comment, whitespace\n\n    at /home/felipe/.vscode/extensions/uqbar.wollok-lsp-ide-0.3.6/out/server/src/server.js:2254:32415\n    at Array.map (<anonymous>)\n    at Jfn (/home/felipe/.vscode/extensions/uqbar.wollok-lsp-ide-0.3.6/out/server/src/server.js:2254:32339)\n    at k2.buildEnvironmentFrom (/home/felipe/.vscode/extensions/uqbar.wollok-lsp-ide-0.3.6/out/server/src/server.js:2285:6721)\n    at k2.updateEnvironmentWith (/home/felipe/.vscode/extensions/uqbar.wollok-lsp-ide-0.3.6/out/server/src/server.js:2285:6456)\n    at jL (/home/felipe/.vscode/extensions/uqbar.wollok-lsp-ide-0.3.6/out/server/src/server.js:2298:2292)\n    at v3.invoke (/home/felipe/.vscode/extensions/uqbar.wollok-lsp-ide-0.3.6/out/server/src/server.js:3:157200)\n    at o.fire (/home/felipe/.vscode/extensions/uqbar.wollok-lsp-ide-0.3.6/out/server/src/server.js:3:157970)\n    at /home/felipe/.vscode/extensions/uqbar.wollok-lsp-ide-0.3.6/out/server/src/server.js:37:57871\n    at Vr (/home/felipe/.vscode/extensions/uqbar.wollok-lsp-ide-0.3.6/out/server/src/server.js:8:1561)","timestamp":"2024-10-14T23:46:31.761Z"}
{"level":"error","message":"✘ Failed to rebuild document Failed to parse testGranja.wtest: \n-- PARSING FAILED --------------------------------------------------\n\n  106 | \n  107 |   test \"Cosechar la nada\"\n> 108 | }\n      | ^\n\nExpected one of the following: \n\n'@', '{', comment, whitespace\n","stack":"Error: Failed to parse testGranja.wtest: \n-- PARSING FAILED --------------------------------------------------\n\n  106 | \n  107 |   test \"Cosechar la nada\"\n> 108 | }\n      | ^\n\nExpected one of the following: \n\n'@', '{', comment, whitespace\n\n    at /home/felipe/.vscode/extensions/uqbar.wollok-lsp-ide-0.3.6/out/server/src/server.js:2254:32415\n    at Array.map (<anonymous>)\n    at Jfn (/home/felipe/.vscode/extensions/uqbar.wollok-lsp-ide-0.3.6/out/server/src/server.js:2254:32339)\n    at k2.buildEnvironmentFrom (/home/felipe/.vscode/extensions/uqbar.wollok-lsp-ide-0.3.6/out/server/src/server.js:2285:6721)\n    at k2.updateEnvironmentWith (/home/felipe/.vscode/extensions/uqbar.wollok-lsp-ide-0.3.6/out/server/src/server.js:2285:6456)\n    at jL (/home/felipe/.vscode/extensions/uqbar.wollok-lsp-ide-0.3.6/out/server/src/server.js:2298:2292)\n    at v3.invoke (/home/felipe/.vscode/extensions/uqbar.wollok-lsp-ide-0.3.6/out/server/src/server.js:3:157200)\n    at o.fire (/home/felipe/.vscode/extensions/uqbar.wollok-lsp-ide-0.3.6/out/server/src/server.js:3:157970)\n    at /home/felipe/.vscode/extensions/uqbar.wollok-lsp-ide-0.3.6/out/server/src/server.js:37:57871\n    at Vr (/home/felipe/.vscode/extensions/uqbar.wollok-lsp-ide-0.3.6/out/server/src/server.js:8:1561)","timestamp":"2024-10-14T23:46:31.826Z"}
{"level":"error","message":"✘ Failed to rebuild document Failed to parse testGranja.wtest: \n-- PARSING FAILED --------------------------------------------------\n\n  106 | \n  107 |   test \"Cosechar la nada \"\n> 108 | }\n      | ^\n\nExpected one of the following: \n\n'@', '{', comment, whitespace\n","stack":"Error: Failed to parse testGranja.wtest: \n-- PARSING FAILED --------------------------------------------------\n\n  106 | \n  107 |   test \"Cosechar la nada \"\n> 108 | }\n      | ^\n\nExpected one of the following: \n\n'@', '{', comment, whitespace\n\n    at /home/felipe/.vscode/extensions/uqbar.wollok-lsp-ide-0.3.6/out/server/src/server.js:2254:32415\n    at Array.map (<anonymous>)\n    at Jfn (/home/felipe/.vscode/extensions/uqbar.wollok-lsp-ide-0.3.6/out/server/src/server.js:2254:32339)\n    at k2.buildEnvironmentFrom (/home/felipe/.vscode/extensions/uqbar.wollok-lsp-ide-0.3.6/out/server/src/server.js:2285:6721)\n    at k2.updateEnvironmentWith (/home/felipe/.vscode/extensions/uqbar.wollok-lsp-ide-0.3.6/out/server/src/server.js:2285:6456)\n    at jL (/home/felipe/.vscode/extensions/uqbar.wollok-lsp-ide-0.3.6/out/server/src/server.js:2298:2292)\n    at v3.invoke (/home/felipe/.vscode/extensions/uqbar.wollok-lsp-ide-0.3.6/out/server/src/server.js:3:157200)\n    at o.fire (/home/felipe/.vscode/extensions/uqbar.wollok-lsp-ide-0.3.6/out/server/src/server.js:3:157970)\n    at /home/felipe/.vscode/extensions/uqbar.wollok-lsp-ide-0.3.6/out/server/src/server.js:37:57871\n    at Vr (/home/felipe/.vscode/extensions/uqbar.wollok-lsp-ide-0.3.6/out/server/src/server.js:8:1561)","timestamp":"2024-10-14T23:46:32.230Z"}
{"level":"error","message":"✘ Failed to rebuild document Failed to parse testGranja.wtest: \n-- PARSING FAILED --------------------------------------------------\n\n  106 | \n  107 |   test \"Cosechar la nada y\"\n> 108 | }\n      | ^\n\nExpected one of the following: \n\n'@', '{', comment, whitespace\n","stack":"Error: Failed to parse testGranja.wtest: \n-- PARSING FAILED --------------------------------------------------\n\n  106 | \n  107 |   test \"Cosechar la nada y\"\n> 108 | }\n      | ^\n\nExpected one of the following: \n\n'@', '{', comment, whitespace\n\n    at /home/felipe/.vscode/extensions/uqbar.wollok-lsp-ide-0.3.6/out/server/src/server.js:2254:32415\n    at Array.map (<anonymous>)\n    at Jfn (/home/felipe/.vscode/extensions/uqbar.wollok-lsp-ide-0.3.6/out/server/src/server.js:2254:32339)\n    at k2.buildEnvironmentFrom (/home/felipe/.vscode/extensions/uqbar.wollok-lsp-ide-0.3.6/out/server/src/server.js:2285:6721)\n    at k2.updateEnvironmentWith (/home/felipe/.vscode/extensions/uqbar.wollok-lsp-ide-0.3.6/out/server/src/server.js:2285:6456)\n    at jL (/home/felipe/.vscode/extensions/uqbar.wollok-lsp-ide-0.3.6/out/server/src/server.js:2298:2292)\n    at v3.invoke (/home/felipe/.vscode/extensions/uqbar.wollok-lsp-ide-0.3.6/out/server/src/server.js:3:157200)\n    at o.fire (/home/felipe/.vscode/extensions/uqbar.wollok-lsp-ide-0.3.6/out/server/src/server.js:3:157970)\n    at /home/felipe/.vscode/extensions/uqbar.wollok-lsp-ide-0.3.6/out/server/src/server.js:37:57871\n    at Vr (/home/felipe/.vscode/extensions/uqbar.wollok-lsp-ide-0.3.6/out/server/src/server.js:8:1561)","timestamp":"2024-10-14T23:46:32.454Z"}
{"level":"error","message":"✘ Failed to rebuild document Failed to parse testGranja.wtest: \n-- PARSING FAILED --------------------------------------------------\n\n  106 | \n  107 |   test \"Cosechar la nada y \"\n> 108 | }\n      | ^\n\nExpected one of the following: \n\n'@', '{', comment, whitespace\n","stack":"Error: Failed to parse testGranja.wtest: \n-- PARSING FAILED --------------------------------------------------\n\n  106 | \n  107 |   test \"Cosechar la nada y \"\n> 108 | }\n      | ^\n\nExpected one of the following: \n\n'@', '{', comment, whitespace\n\n    at /home/felipe/.vscode/extensions/uqbar.wollok-lsp-ide-0.3.6/out/server/src/server.js:2254:32415\n    at Array.map (<anonymous>)\n    at Jfn (/home/felipe/.vscode/extensions/uqbar.wollok-lsp-ide-0.3.6/out/server/src/server.js:2254:32339)\n    at k2.buildEnvironmentFrom (/home/felipe/.vscode/extensions/uqbar.wollok-lsp-ide-0.3.6/out/server/src/server.js:2285:6721)\n    at k2.updateEnvironmentWith (/home/felipe/.vscode/extensions/uqbar.wollok-lsp-ide-0.3.6/out/server/src/server.js:2285:6456)\n    at jL (/home/felipe/.vscode/extensions/uqbar.wollok-lsp-ide-0.3.6/out/server/src/server.js:2298:2292)\n    at v3.invoke (/home/felipe/.vscode/extensions/uqbar.wollok-lsp-ide-0.3.6/out/server/src/server.js:3:157200)\n    at o.fire (/home/felipe/.vscode/extensions/uqbar.wollok-lsp-ide-0.3.6/out/server/src/server.js:3:157970)\n    at /home/felipe/.vscode/extensions/uqbar.wollok-lsp-ide-0.3.6/out/server/src/server.js:37:57871\n    at Vr (/home/felipe/.vscode/extensions/uqbar.wollok-lsp-ide-0.3.6/out/server/src/server.js:8:1561)","timestamp":"2024-10-14T23:46:32.601Z"}
{"level":"error","message":"✘ Failed to rebuild document Failed to parse testGranja.wtest: \n-- PARSING FAILED --------------------------------------------------\n\n  106 | \n  107 |   test \"Cosechar la nada y c\"\n> 108 | }\n      | ^\n\nExpected one of the following: \n\n'@', '{', comment, whitespace\n","stack":"Error: Failed to parse testGranja.wtest: \n-- PARSING FAILED --------------------------------------------------\n\n  106 | \n  107 |   test \"Cosechar la nada y c\"\n> 108 | }\n      | ^\n\nExpected one of the following: \n\n'@', '{', comment, whitespace\n\n    at /home/felipe/.vscode/extensions/uqbar.wollok-lsp-ide-0.3.6/out/server/src/server.js:2254:32415\n    at Array.map (<anonymous>)\n    at Jfn (/home/felipe/.vscode/extensions/uqbar.wollok-lsp-ide-0.3.6/out/server/src/server.js:2254:32339)\n    at k2.buildEnvironmentFrom (/home/felipe/.vscode/extensions/uqbar.wollok-lsp-ide-0.3.6/out/server/src/server.js:2285:6721)\n    at k2.updateEnvironmentWith (/home/felipe/.vscode/extensions/uqbar.wollok-lsp-ide-0.3.6/out/server/src/server.js:2285:6456)\n    at jL (/home/felipe/.vscode/extensions/uqbar.wollok-lsp-ide-0.3.6/out/server/src/server.js:2298:2292)\n    at v3.invoke (/home/felipe/.vscode/extensions/uqbar.wollok-lsp-ide-0.3.6/out/server/src/server.js:3:157200)\n    at o.fire (/home/felipe/.vscode/extensions/uqbar.wollok-lsp-ide-0.3.6/out/server/src/server.js:3:157970)\n    at /home/felipe/.vscode/extensions/uqbar.wollok-lsp-ide-0.3.6/out/server/src/server.js:37:57871\n    at Vr (/home/felipe/.vscode/extensions/uqbar.wollok-lsp-ide-0.3.6/out/server/src/server.js:8:1561)","timestamp":"2024-10-14T23:46:33.283Z"}
{"level":"error","message":"✘ Failed to rebuild document Failed to parse testGranja.wtest: \n-- PARSING FAILED --------------------------------------------------\n\n  106 | \n  107 |   test \"Cosechar la nada y co\"\n> 108 | }\n      | ^\n\nExpected one of the following: \n\n'@', '{', comment, whitespace\n","stack":"Error: Failed to parse testGranja.wtest: \n-- PARSING FAILED --------------------------------------------------\n\n  106 | \n  107 |   test \"Cosechar la nada y co\"\n> 108 | }\n      | ^\n\nExpected one of the following: \n\n'@', '{', comment, whitespace\n\n    at /home/felipe/.vscode/extensions/uqbar.wollok-lsp-ide-0.3.6/out/server/src/server.js:2254:32415\n    at Array.map (<anonymous>)\n    at Jfn (/home/felipe/.vscode/extensions/uqbar.wollok-lsp-ide-0.3.6/out/server/src/server.js:2254:32339)\n    at k2.buildEnvironmentFrom (/home/felipe/.vscode/extensions/uqbar.wollok-lsp-ide-0.3.6/out/server/src/server.js:2285:6721)\n    at k2.updateEnvironmentWith (/home/felipe/.vscode/extensions/uqbar.wollok-lsp-ide-0.3.6/out/server/src/server.js:2285:6456)\n    at jL (/home/felipe/.vscode/extensions/uqbar.wollok-lsp-ide-0.3.6/out/server/src/server.js:2298:2292)\n    at v3.invoke (/home/felipe/.vscode/extensions/uqbar.wollok-lsp-ide-0.3.6/out/server/src/server.js:3:157200)\n    at o.fire (/home/felipe/.vscode/extensions/uqbar.wollok-lsp-ide-0.3.6/out/server/src/server.js:3:157970)\n    at /home/felipe/.vscode/extensions/uqbar.wollok-lsp-ide-0.3.6/out/server/src/server.js:37:57871\n    at Vr (/home/felipe/.vscode/extensions/uqbar.wollok-lsp-ide-0.3.6/out/server/src/server.js:8:1561)","timestamp":"2024-10-14T23:46:33.348Z"}
{"level":"error","message":"✘ Failed to rebuild document Failed to parse testGranja.wtest: \n-- PARSING FAILED --------------------------------------------------\n\n  106 | \n  107 |   test \"Cosechar la nada y cos\"\n> 108 | }\n      | ^\n\nExpected one of the following: \n\n'@', '{', comment, whitespace\n","stack":"Error: Failed to parse testGranja.wtest: \n-- PARSING FAILED --------------------------------------------------\n\n  106 | \n  107 |   test \"Cosechar la nada y cos\"\n> 108 | }\n      | ^\n\nExpected one of the following: \n\n'@', '{', comment, whitespace\n\n    at /home/felipe/.vscode/extensions/uqbar.wollok-lsp-ide-0.3.6/out/server/src/server.js:2254:32415\n    at Array.map (<anonymous>)\n    at Jfn (/home/felipe/.vscode/extensions/uqbar.wollok-lsp-ide-0.3.6/out/server/src/server.js:2254:32339)\n    at k2.buildEnvironmentFrom (/home/felipe/.vscode/extensions/uqbar.wollok-lsp-ide-0.3.6/out/server/src/server.js:2285:6721)\n    at k2.updateEnvironmentWith (/home/felipe/.vscode/extensions/uqbar.wollok-lsp-ide-0.3.6/out/server/src/server.js:2285:6456)\n    at jL (/home/felipe/.vscode/extensions/uqbar.wollok-lsp-ide-0.3.6/out/server/src/server.js:2298:2292)\n    at v3.invoke (/home/felipe/.vscode/extensions/uqbar.wollok-lsp-ide-0.3.6/out/server/src/server.js:3:157200)\n    at o.fire (/home/felipe/.vscode/extensions/uqbar.wollok-lsp-ide-0.3.6/out/server/src/server.js:3:157970)\n    at /home/felipe/.vscode/extensions/uqbar.wollok-lsp-ide-0.3.6/out/server/src/server.js:37:57871\n    at Vr (/home/felipe/.vscode/extensions/uqbar.wollok-lsp-ide-0.3.6/out/server/src/server.js:8:1561)","timestamp":"2024-10-14T23:46:33.441Z"}
{"level":"error","message":"✘ Failed to rebuild document Failed to parse testGranja.wtest: \n-- PARSING FAILED --------------------------------------------------\n\n  106 | \n  107 |   test \"Cosechar la nada y cose\"\n> 108 | }\n      | ^\n\nExpected one of the following: \n\n'@', '{', comment, whitespace\n","stack":"Error: Failed to parse testGranja.wtest: \n-- PARSING FAILED --------------------------------------------------\n\n  106 | \n  107 |   test \"Cosechar la nada y cose\"\n> 108 | }\n      | ^\n\nExpected one of the following: \n\n'@', '{', comment, whitespace\n\n    at /home/felipe/.vscode/extensions/uqbar.wollok-lsp-ide-0.3.6/out/server/src/server.js:2254:32415\n    at Array.map (<anonymous>)\n    at Jfn (/home/felipe/.vscode/extensions/uqbar.wollok-lsp-ide-0.3.6/out/server/src/server.js:2254:32339)\n    at k2.buildEnvironmentFrom (/home/felipe/.vscode/extensions/uqbar.wollok-lsp-ide-0.3.6/out/server/src/server.js:2285:6721)\n    at k2.updateEnvironmentWith (/home/felipe/.vscode/extensions/uqbar.wollok-lsp-ide-0.3.6/out/server/src/server.js:2285:6456)\n    at jL (/home/felipe/.vscode/extensions/uqbar.wollok-lsp-ide-0.3.6/out/server/src/server.js:2298:2292)\n    at v3.invoke (/home/felipe/.vscode/extensions/uqbar.wollok-lsp-ide-0.3.6/out/server/src/server.js:3:157200)\n    at o.fire (/home/felipe/.vscode/extensions/uqbar.wollok-lsp-ide-0.3.6/out/server/src/server.js:3:157970)\n    at /home/felipe/.vscode/extensions/uqbar.wollok-lsp-ide-0.3.6/out/server/src/server.js:37:57871\n    at Vr (/home/felipe/.vscode/extensions/uqbar.wollok-lsp-ide-0.3.6/out/server/src/server.js:8:1561)","timestamp":"2024-10-14T23:46:33.637Z"}
{"level":"error","message":"✘ Failed to rebuild document Failed to parse testGranja.wtest: \n-- PARSING FAILED --------------------------------------------------\n\n  106 | \n  107 |   test \"Cosechar la nada y cosec\"\n> 108 | }\n      | ^\n\nExpected one of the following: \n\n'@', '{', comment, whitespace\n","stack":"Error: Failed to parse testGranja.wtest: \n-- PARSING FAILED --------------------------------------------------\n\n  106 | \n  107 |   test \"Cosechar la nada y cosec\"\n> 108 | }\n      | ^\n\nExpected one of the following: \n\n'@', '{', comment, whitespace\n\n    at /home/felipe/.vscode/extensions/uqbar.wollok-lsp-ide-0.3.6/out/server/src/server.js:2254:32415\n    at Array.map (<anonymous>)\n    at Jfn (/home/felipe/.vscode/extensions/uqbar.wollok-lsp-ide-0.3.6/out/server/src/server.js:2254:32339)\n    at k2.buildEnvironmentFrom (/home/felipe/.vscode/extensions/uqbar.wollok-lsp-ide-0.3.6/out/server/src/server.js:2285:6721)\n    at k2.updateEnvironmentWith (/home/felipe/.vscode/extensions/uqbar.wollok-lsp-ide-0.3.6/out/server/src/server.js:2285:6456)\n    at jL (/home/felipe/.vscode/extensions/uqbar.wollok-lsp-ide-0.3.6/out/server/src/server.js:2298:2292)\n    at v3.invoke (/home/felipe/.vscode/extensions/uqbar.wollok-lsp-ide-0.3.6/out/server/src/server.js:3:157200)\n    at o.fire (/home/felipe/.vscode/extensions/uqbar.wollok-lsp-ide-0.3.6/out/server/src/server.js:3:157970)\n    at /home/felipe/.vscode/extensions/uqbar.wollok-lsp-ide-0.3.6/out/server/src/server.js:37:57871\n    at Vr (/home/felipe/.vscode/extensions/uqbar.wollok-lsp-ide-0.3.6/out/server/src/server.js:8:1561)","timestamp":"2024-10-14T23:46:33.944Z"}
{"level":"error","message":"✘ Failed to rebuild document Failed to parse testGranja.wtest: \n-- PARSING FAILED --------------------------------------------------\n\n  106 | \n  107 |   test \"Cosechar la nada y cosech\"\n> 108 | }\n      | ^\n\nExpected one of the following: \n\n'@', '{', comment, whitespace\n","stack":"Error: Failed to parse testGranja.wtest: \n-- PARSING FAILED --------------------------------------------------\n\n  106 | \n  107 |   test \"Cosechar la nada y cosech\"\n> 108 | }\n      | ^\n\nExpected one of the following: \n\n'@', '{', comment, whitespace\n\n    at /home/felipe/.vscode/extensions/uqbar.wollok-lsp-ide-0.3.6/out/server/src/server.js:2254:32415\n    at Array.map (<anonymous>)\n    at Jfn (/home/felipe/.vscode/extensions/uqbar.wollok-lsp-ide-0.3.6/out/server/src/server.js:2254:32339)\n    at k2.buildEnvironmentFrom (/home/felipe/.vscode/extensions/uqbar.wollok-lsp-ide-0.3.6/out/server/src/server.js:2285:6721)\n    at k2.updateEnvironmentWith (/home/felipe/.vscode/extensions/uqbar.wollok-lsp-ide-0.3.6/out/server/src/server.js:2285:6456)\n    at jL (/home/felipe/.vscode/extensions/uqbar.wollok-lsp-ide-0.3.6/out/server/src/server.js:2298:2292)\n    at v3.invoke (/home/felipe/.vscode/extensions/uqbar.wollok-lsp-ide-0.3.6/out/server/src/server.js:3:157200)\n    at o.fire (/home/felipe/.vscode/extensions/uqbar.wollok-lsp-ide-0.3.6/out/server/src/server.js:3:157970)\n    at /home/felipe/.vscode/extensions/uqbar.wollok-lsp-ide-0.3.6/out/server/src/server.js:37:57871\n    at Vr (/home/felipe/.vscode/extensions/uqbar.wollok-lsp-ide-0.3.6/out/server/src/server.js:8:1561)","timestamp":"2024-10-14T23:46:34.085Z"}
{"level":"error","message":"✘ Failed to rebuild document Failed to parse testGranja.wtest: \n-- PARSING FAILED --------------------------------------------------\n\n  106 | \n  107 |   test \"Cosechar la nada y cosecha\"\n> 108 | }\n      | ^\n\nExpected one of the following: \n\n'@', '{', comment, whitespace\n","stack":"Error: Failed to parse testGranja.wtest: \n-- PARSING FAILED --------------------------------------------------\n\n  106 | \n  107 |   test \"Cosechar la nada y cosecha\"\n> 108 | }\n      | ^\n\nExpected one of the following: \n\n'@', '{', comment, whitespace\n\n    at /home/felipe/.vscode/extensions/uqbar.wollok-lsp-ide-0.3.6/out/server/src/server.js:2254:32415\n    at Array.map (<anonymous>)\n    at Jfn (/home/felipe/.vscode/extensions/uqbar.wollok-lsp-ide-0.3.6/out/server/src/server.js:2254:32339)\n    at k2.buildEnvironmentFrom (/home/felipe/.vscode/extensions/uqbar.wollok-lsp-ide-0.3.6/out/server/src/server.js:2285:6721)\n    at k2.updateEnvironmentWith (/home/felipe/.vscode/extensions/uqbar.wollok-lsp-ide-0.3.6/out/server/src/server.js:2285:6456)\n    at jL (/home/felipe/.vscode/extensions/uqbar.wollok-lsp-ide-0.3.6/out/server/src/server.js:2298:2292)\n    at v3.invoke (/home/felipe/.vscode/extensions/uqbar.wollok-lsp-ide-0.3.6/out/server/src/server.js:3:157200)\n    at o.fire (/home/felipe/.vscode/extensions/uqbar.wollok-lsp-ide-0.3.6/out/server/src/server.js:3:157970)\n    at /home/felipe/.vscode/extensions/uqbar.wollok-lsp-ide-0.3.6/out/server/src/server.js:37:57871\n    at Vr (/home/felipe/.vscode/extensions/uqbar.wollok-lsp-ide-0.3.6/out/server/src/server.js:8:1561)","timestamp":"2024-10-14T23:46:34.233Z"}
{"level":"error","message":"✘ Failed to rebuild document Failed to parse testGranja.wtest: \n-- PARSING FAILED --------------------------------------------------\n\n  106 | \n  107 |   test \"Cosechar la nada y cosechar\"\n> 108 | }\n      | ^\n\nExpected one of the following: \n\n'@', '{', comment, whitespace\n","stack":"Error: Failed to parse testGranja.wtest: \n-- PARSING FAILED --------------------------------------------------\n\n  106 | \n  107 |   test \"Cosechar la nada y cosechar\"\n> 108 | }\n      | ^\n\nExpected one of the following: \n\n'@', '{', comment, whitespace\n\n    at /home/felipe/.vscode/extensions/uqbar.wollok-lsp-ide-0.3.6/out/server/src/server.js:2254:32415\n    at Array.map (<anonymous>)\n    at Jfn (/home/felipe/.vscode/extensions/uqbar.wollok-lsp-ide-0.3.6/out/server/src/server.js:2254:32339)\n    at k2.buildEnvironmentFrom (/home/felipe/.vscode/extensions/uqbar.wollok-lsp-ide-0.3.6/out/server/src/server.js:2285:6721)\n    at k2.updateEnvironmentWith (/home/felipe/.vscode/extensions/uqbar.wollok-lsp-ide-0.3.6/out/server/src/server.js:2285:6456)\n    at jL (/home/felipe/.vscode/extensions/uqbar.wollok-lsp-ide-0.3.6/out/server/src/server.js:2298:2292)\n    at v3.invoke (/home/felipe/.vscode/extensions/uqbar.wollok-lsp-ide-0.3.6/out/server/src/server.js:3:157200)\n    at o.fire (/home/felipe/.vscode/extensions/uqbar.wollok-lsp-ide-0.3.6/out/server/src/server.js:3:157970)\n    at /home/felipe/.vscode/extensions/uqbar.wollok-lsp-ide-0.3.6/out/server/src/server.js:37:57871\n    at Vr (/home/felipe/.vscode/extensions/uqbar.wollok-lsp-ide-0.3.6/out/server/src/server.js:8:1561)","timestamp":"2024-10-14T23:46:34.784Z"}
{"level":"error","message":"✘ Failed to rebuild document Failed to parse testGranja.wtest: \n-- PARSING FAILED --------------------------------------------------\n\n  106 | \n  107 |   test \"Cosechar la nada y cosechar \"\n> 108 | }\n      | ^\n\nExpected one of the following: \n\n'@', '{', comment, whitespace\n","stack":"Error: Failed to parse testGranja.wtest: \n-- PARSING FAILED --------------------------------------------------\n\n  106 | \n  107 |   test \"Cosechar la nada y cosechar \"\n> 108 | }\n      | ^\n\nExpected one of the following: \n\n'@', '{', comment, whitespace\n\n    at /home/felipe/.vscode/extensions/uqbar.wollok-lsp-ide-0.3.6/out/server/src/server.js:2254:32415\n    at Array.map (<anonymous>)\n    at Jfn (/home/felipe/.vscode/extensions/uqbar.wollok-lsp-ide-0.3.6/out/server/src/server.js:2254:32339)\n    at k2.buildEnvironmentFrom (/home/felipe/.vscode/extensions/uqbar.wollok-lsp-ide-0.3.6/out/server/src/server.js:2285:6721)\n    at k2.updateEnvironmentWith (/home/felipe/.vscode/extensions/uqbar.wollok-lsp-ide-0.3.6/out/server/src/server.js:2285:6456)\n    at jL (/home/felipe/.vscode/extensions/uqbar.wollok-lsp-ide-0.3.6/out/server/src/server.js:2298:2292)\n    at v3.invoke (/home/felipe/.vscode/extensions/uqbar.wollok-lsp-ide-0.3.6/out/server/src/server.js:3:157200)\n    at o.fire (/home/felipe/.vscode/extensions/uqbar.wollok-lsp-ide-0.3.6/out/server/src/server.js:3:157970)\n    at /home/felipe/.vscode/extensions/uqbar.wollok-lsp-ide-0.3.6/out/server/src/server.js:37:57871\n    at Vr (/home/felipe/.vscode/extensions/uqbar.wollok-lsp-ide-0.3.6/out/server/src/server.js:8:1561)","timestamp":"2024-10-14T23:46:35.405Z"}
{"level":"error","message":"✘ Failed to rebuild document Failed to parse testGranja.wtest: \n-- PARSING FAILED --------------------------------------------------\n\n  106 | \n  107 |   test \"Cosechar la nada y cosechar p\"\n> 108 | }\n      | ^\n\nExpected one of the following: \n\n'@', '{', comment, whitespace\n","stack":"Error: Failed to parse testGranja.wtest: \n-- PARSING FAILED --------------------------------------------------\n\n  106 | \n  107 |   test \"Cosechar la nada y cosechar p\"\n> 108 | }\n      | ^\n\nExpected one of the following: \n\n'@', '{', comment, whitespace\n\n    at /home/felipe/.vscode/extensions/uqbar.wollok-lsp-ide-0.3.6/out/server/src/server.js:2254:32415\n    at Array.map (<anonymous>)\n    at Jfn (/home/felipe/.vscode/extensions/uqbar.wollok-lsp-ide-0.3.6/out/server/src/server.js:2254:32339)\n    at k2.buildEnvironmentFrom (/home/felipe/.vscode/extensions/uqbar.wollok-lsp-ide-0.3.6/out/server/src/server.js:2285:6721)\n    at k2.updateEnvironmentWith (/home/felipe/.vscode/extensions/uqbar.wollok-lsp-ide-0.3.6/out/server/src/server.js:2285:6456)\n    at jL (/home/felipe/.vscode/extensions/uqbar.wollok-lsp-ide-0.3.6/out/server/src/server.js:2298:2292)\n    at v3.invoke (/home/felipe/.vscode/extensions/uqbar.wollok-lsp-ide-0.3.6/out/server/src/server.js:3:157200)\n    at o.fire (/home/felipe/.vscode/extensions/uqbar.wollok-lsp-ide-0.3.6/out/server/src/server.js:3:157970)\n    at /home/felipe/.vscode/extensions/uqbar.wollok-lsp-ide-0.3.6/out/server/src/server.js:37:57871\n    at Vr (/home/felipe/.vscode/extensions/uqbar.wollok-lsp-ide-0.3.6/out/server/src/server.js:8:1561)","timestamp":"2024-10-14T23:46:38.915Z"}
{"level":"error","message":"✘ Failed to rebuild document Failed to parse testGranja.wtest: \n-- PARSING FAILED --------------------------------------------------\n\n  106 | \n  107 |   test \"Cosechar la nada y cosechar pl\"\n> 108 | }\n      | ^\n\nExpected one of the following: \n\n'@', '{', comment, whitespace\n","stack":"Error: Failed to parse testGranja.wtest: \n-- PARSING FAILED --------------------------------------------------\n\n  106 | \n  107 |   test \"Cosechar la nada y cosechar pl\"\n> 108 | }\n      | ^\n\nExpected one of the following: \n\n'@', '{', comment, whitespace\n\n    at /home/felipe/.vscode/extensions/uqbar.wollok-lsp-ide-0.3.6/out/server/src/server.js:2254:32415\n    at Array.map (<anonymous>)\n    at Jfn (/home/felipe/.vscode/extensions/uqbar.wollok-lsp-ide-0.3.6/out/server/src/server.js:2254:32339)\n    at k2.buildEnvironmentFrom (/home/felipe/.vscode/extensions/uqbar.wollok-lsp-ide-0.3.6/out/server/src/server.js:2285:6721)\n    at k2.updateEnvironmentWith (/home/felipe/.vscode/extensions/uqbar.wollok-lsp-ide-0.3.6/out/server/src/server.js:2285:6456)\n    at jL (/home/felipe/.vscode/extensions/uqbar.wollok-lsp-ide-0.3.6/out/server/src/server.js:2298:2292)\n    at v3.invoke (/home/felipe/.vscode/extensions/uqbar.wollok-lsp-ide-0.3.6/out/server/src/server.js:3:157200)\n    at o.fire (/home/felipe/.vscode/extensions/uqbar.wollok-lsp-ide-0.3.6/out/server/src/server.js:3:157970)\n    at /home/felipe/.vscode/extensions/uqbar.wollok-lsp-ide-0.3.6/out/server/src/server.js:37:57871\n    at Vr (/home/felipe/.vscode/extensions/uqbar.wollok-lsp-ide-0.3.6/out/server/src/server.js:8:1561)","timestamp":"2024-10-14T23:46:38.986Z"}
{"level":"error","message":"✘ Failed to rebuild document Failed to parse testGranja.wtest: \n-- PARSING FAILED --------------------------------------------------\n\n  106 | \n  107 |   test \"Cosechar la nada y cosechar pla\"\n> 108 | }\n      | ^\n\nExpected one of the following: \n\n'@', '{', comment, whitespace\n","stack":"Error: Failed to parse testGranja.wtest: \n-- PARSING FAILED --------------------------------------------------\n\n  106 | \n  107 |   test \"Cosechar la nada y cosechar pla\"\n> 108 | }\n      | ^\n\nExpected one of the following: \n\n'@', '{', comment, whitespace\n\n    at /home/felipe/.vscode/extensions/uqbar.wollok-lsp-ide-0.3.6/out/server/src/server.js:2254:32415\n    at Array.map (<anonymous>)\n    at Jfn (/home/felipe/.vscode/extensions/uqbar.wollok-lsp-ide-0.3.6/out/server/src/server.js:2254:32339)\n    at k2.buildEnvironmentFrom (/home/felipe/.vscode/extensions/uqbar.wollok-lsp-ide-0.3.6/out/server/src/server.js:2285:6721)\n    at k2.updateEnvironmentWith (/home/felipe/.vscode/extensions/uqbar.wollok-lsp-ide-0.3.6/out/server/src/server.js:2285:6456)\n    at jL (/home/felipe/.vscode/extensions/uqbar.wollok-lsp-ide-0.3.6/out/server/src/server.js:2298:2292)\n    at v3.invoke (/home/felipe/.vscode/extensions/uqbar.wollok-lsp-ide-0.3.6/out/server/src/server.js:3:157200)\n    at o.fire (/home/felipe/.vscode/extensions/uqbar.wollok-lsp-ide-0.3.6/out/server/src/server.js:3:157970)\n    at /home/felipe/.vscode/extensions/uqbar.wollok-lsp-ide-0.3.6/out/server/src/server.js:37:57871\n    at Vr (/home/felipe/.vscode/extensions/uqbar.wollok-lsp-ide-0.3.6/out/server/src/server.js:8:1561)","timestamp":"2024-10-14T23:46:39.167Z"}
{"level":"error","message":"✘ Failed to rebuild document Failed to parse testGranja.wtest: \n-- PARSING FAILED --------------------------------------------------\n\n  106 | \n  107 |   test \"Cosechar la nada y cosechar plan\"\n> 108 | }\n      | ^\n\nExpected one of the following: \n\n'@', '{', comment, whitespace\n","stack":"Error: Failed to parse testGranja.wtest: \n-- PARSING FAILED --------------------------------------------------\n\n  106 | \n  107 |   test \"Cosechar la nada y cosechar plan\"\n> 108 | }\n      | ^\n\nExpected one of the following: \n\n'@', '{', comment, whitespace\n\n    at /home/felipe/.vscode/extensions/uqbar.wollok-lsp-ide-0.3.6/out/server/src/server.js:2254:32415\n    at Array.map (<anonymous>)\n    at Jfn (/home/felipe/.vscode/extensions/uqbar.wollok-lsp-ide-0.3.6/out/server/src/server.js:2254:32339)\n    at k2.buildEnvironmentFrom (/home/felipe/.vscode/extensions/uqbar.wollok-lsp-ide-0.3.6/out/server/src/server.js:2285:6721)\n    at k2.updateEnvironmentWith (/home/felipe/.vscode/extensions/uqbar.wollok-lsp-ide-0.3.6/out/server/src/server.js:2285:6456)\n    at jL (/home/felipe/.vscode/extensions/uqbar.wollok-lsp-ide-0.3.6/out/server/src/server.js:2298:2292)\n    at v3.invoke (/home/felipe/.vscode/extensions/uqbar.wollok-lsp-ide-0.3.6/out/server/src/server.js:3:157200)\n    at o.fire (/home/felipe/.vscode/extensions/uqbar.wollok-lsp-ide-0.3.6/out/server/src/server.js:3:157970)\n    at /home/felipe/.vscode/extensions/uqbar.wollok-lsp-ide-0.3.6/out/server/src/server.js:37:57871\n    at Vr (/home/felipe/.vscode/extensions/uqbar.wollok-lsp-ide-0.3.6/out/server/src/server.js:8:1561)","timestamp":"2024-10-14T23:46:39.502Z"}
{"level":"error","message":"✘ Failed to rebuild document Failed to parse testGranja.wtest: \n-- PARSING FAILED --------------------------------------------------\n\n  106 | \n  107 |   test \"Cosechar la nada y cosechar plant\"\n> 108 | }\n      | ^\n\nExpected one of the following: \n\n'@', '{', comment, whitespace\n","stack":"Error: Failed to parse testGranja.wtest: \n-- PARSING FAILED --------------------------------------------------\n\n  106 | \n  107 |   test \"Cosechar la nada y cosechar plant\"\n> 108 | }\n      | ^\n\nExpected one of the following: \n\n'@', '{', comment, whitespace\n\n    at /home/felipe/.vscode/extensions/uqbar.wollok-lsp-ide-0.3.6/out/server/src/server.js:2254:32415\n    at Array.map (<anonymous>)\n    at Jfn (/home/felipe/.vscode/extensions/uqbar.wollok-lsp-ide-0.3.6/out/server/src/server.js:2254:32339)\n    at k2.buildEnvironmentFrom (/home/felipe/.vscode/extensions/uqbar.wollok-lsp-ide-0.3.6/out/server/src/server.js:2285:6721)\n    at k2.updateEnvironmentWith (/home/felipe/.vscode/extensions/uqbar.wollok-lsp-ide-0.3.6/out/server/src/server.js:2285:6456)\n    at jL (/home/felipe/.vscode/extensions/uqbar.wollok-lsp-ide-0.3.6/out/server/src/server.js:2298:2292)\n    at v3.invoke (/home/felipe/.vscode/extensions/uqbar.wollok-lsp-ide-0.3.6/out/server/src/server.js:3:157200)\n    at o.fire (/home/felipe/.vscode/extensions/uqbar.wollok-lsp-ide-0.3.6/out/server/src/server.js:3:157970)\n    at /home/felipe/.vscode/extensions/uqbar.wollok-lsp-ide-0.3.6/out/server/src/server.js:37:57871\n    at Vr (/home/felipe/.vscode/extensions/uqbar.wollok-lsp-ide-0.3.6/out/server/src/server.js:8:1561)","timestamp":"2024-10-14T23:46:39.806Z"}
{"level":"error","message":"✘ Failed to rebuild document Failed to parse testGranja.wtest: \n-- PARSING FAILED --------------------------------------------------\n\n  106 | \n  107 |   test \"Cosechar la nada y cosechar planta\"\n> 108 | }\n      | ^\n\nExpected one of the following: \n\n'@', '{', comment, whitespace\n","stack":"Error: Failed to parse testGranja.wtest: \n-- PARSING FAILED --------------------------------------------------\n\n  106 | \n  107 |   test \"Cosechar la nada y cosechar planta\"\n> 108 | }\n      | ^\n\nExpected one of the following: \n\n'@', '{', comment, whitespace\n\n    at /home/felipe/.vscode/extensions/uqbar.wollok-lsp-ide-0.3.6/out/server/src/server.js:2254:32415\n    at Array.map (<anonymous>)\n    at Jfn (/home/felipe/.vscode/extensions/uqbar.wollok-lsp-ide-0.3.6/out/server/src/server.js:2254:32339)\n    at k2.buildEnvironmentFrom (/home/felipe/.vscode/extensions/uqbar.wollok-lsp-ide-0.3.6/out/server/src/server.js:2285:6721)\n    at k2.updateEnvironmentWith (/home/felipe/.vscode/extensions/uqbar.wollok-lsp-ide-0.3.6/out/server/src/server.js:2285:6456)\n    at jL (/home/felipe/.vscode/extensions/uqbar.wollok-lsp-ide-0.3.6/out/server/src/server.js:2298:2292)\n    at v3.invoke (/home/felipe/.vscode/extensions/uqbar.wollok-lsp-ide-0.3.6/out/server/src/server.js:3:157200)\n    at o.fire (/home/felipe/.vscode/extensions/uqbar.wollok-lsp-ide-0.3.6/out/server/src/server.js:3:157970)\n    at /home/felipe/.vscode/extensions/uqbar.wollok-lsp-ide-0.3.6/out/server/src/server.js:37:57871\n    at Vr (/home/felipe/.vscode/extensions/uqbar.wollok-lsp-ide-0.3.6/out/server/src/server.js:8:1561)","timestamp":"2024-10-14T23:46:39.940Z"}
{"level":"error","message":"✘ Failed to rebuild document Failed to parse testGranja.wtest: \n-- PARSING FAILED --------------------------------------------------\n\n  106 | \n  107 |   test \"Cosechar la nada y cosechar plantas\"\n> 108 | }\n      | ^\n\nExpected one of the following: \n\n'@', '{', comment, whitespace\n","stack":"Error: Failed to parse testGranja.wtest: \n-- PARSING FAILED --------------------------------------------------\n\n  106 | \n  107 |   test \"Cosechar la nada y cosechar plantas\"\n> 108 | }\n      | ^\n\nExpected one of the following: \n\n'@', '{', comment, whitespace\n\n    at /home/felipe/.vscode/extensions/uqbar.wollok-lsp-ide-0.3.6/out/server/src/server.js:2254:32415\n    at Array.map (<anonymous>)\n    at Jfn (/home/felipe/.vscode/extensions/uqbar.wollok-lsp-ide-0.3.6/out/server/src/server.js:2254:32339)\n    at k2.buildEnvironmentFrom (/home/felipe/.vscode/extensions/uqbar.wollok-lsp-ide-0.3.6/out/server/src/server.js:2285:6721)\n    at k2.updateEnvironmentWith (/home/felipe/.vscode/extensions/uqbar.wollok-lsp-ide-0.3.6/out/server/src/server.js:2285:6456)\n    at jL (/home/felipe/.vscode/extensions/uqbar.wollok-lsp-ide-0.3.6/out/server/src/server.js:2298:2292)\n    at v3.invoke (/home/felipe/.vscode/extensions/uqbar.wollok-lsp-ide-0.3.6/out/server/src/server.js:3:157200)\n    at o.fire (/home/felipe/.vscode/extensions/uqbar.wollok-lsp-ide-0.3.6/out/server/src/server.js:3:157970)\n    at /home/felipe/.vscode/extensions/uqbar.wollok-lsp-ide-0.3.6/out/server/src/server.js:37:57871\n    at Vr (/home/felipe/.vscode/extensions/uqbar.wollok-lsp-ide-0.3.6/out/server/src/server.js:8:1561)","timestamp":"2024-10-14T23:46:40.028Z"}
{"level":"error","message":"✘ Failed to rebuild document Failed to parse testGranja.wtest: \n-- PARSING FAILED --------------------------------------------------\n\n  106 | \n  107 |   test \"Cosechar la nada y cosechar plantas \"\n> 108 | }\n      | ^\n\nExpected one of the following: \n\n'@', '{', comment, whitespace\n","stack":"Error: Failed to parse testGranja.wtest: \n-- PARSING FAILED --------------------------------------------------\n\n  106 | \n  107 |   test \"Cosechar la nada y cosechar plantas \"\n> 108 | }\n      | ^\n\nExpected one of the following: \n\n'@', '{', comment, whitespace\n\n    at /home/felipe/.vscode/extensions/uqbar.wollok-lsp-ide-0.3.6/out/server/src/server.js:2254:32415\n    at Array.map (<anonymous>)\n    at Jfn (/home/felipe/.vscode/extensions/uqbar.wollok-lsp-ide-0.3.6/out/server/src/server.js:2254:32339)\n    at k2.buildEnvironmentFrom (/home/felipe/.vscode/extensions/uqbar.wollok-lsp-ide-0.3.6/out/server/src/server.js:2285:6721)\n    at k2.updateEnvironmentWith (/home/felipe/.vscode/extensions/uqbar.wollok-lsp-ide-0.3.6/out/server/src/server.js:2285:6456)\n    at jL (/home/felipe/.vscode/extensions/uqbar.wollok-lsp-ide-0.3.6/out/server/src/server.js:2298:2292)\n    at v3.invoke (/home/felipe/.vscode/extensions/uqbar.wollok-lsp-ide-0.3.6/out/server/src/server.js:3:157200)\n    at o.fire (/home/felipe/.vscode/extensions/uqbar.wollok-lsp-ide-0.3.6/out/server/src/server.js:3:157970)\n    at /home/felipe/.vscode/extensions/uqbar.wollok-lsp-ide-0.3.6/out/server/src/server.js:37:57871\n    at Vr (/home/felipe/.vscode/extensions/uqbar.wollok-lsp-ide-0.3.6/out/server/src/server.js:8:1561)","timestamp":"2024-10-14T23:46:40.103Z"}
{"level":"error","message":"✘ Failed to rebuild document Failed to parse testGranja.wtest: \n-- PARSING FAILED --------------------------------------------------\n\n  106 | \n  107 |   test \"Cosechar la nada y cosechar plantas q\"\n> 108 | }\n      | ^\n\nExpected one of the following: \n\n'@', '{', comment, whitespace\n","stack":"Error: Failed to parse testGranja.wtest: \n-- PARSING FAILED --------------------------------------------------\n\n  106 | \n  107 |   test \"Cosechar la nada y cosechar plantas q\"\n> 108 | }\n      | ^\n\nExpected one of the following: \n\n'@', '{', comment, whitespace\n\n    at /home/felipe/.vscode/extensions/uqbar.wollok-lsp-ide-0.3.6/out/server/src/server.js:2254:32415\n    at Array.map (<anonymous>)\n    at Jfn (/home/felipe/.vscode/extensions/uqbar.wollok-lsp-ide-0.3.6/out/server/src/server.js:2254:32339)\n    at k2.buildEnvironmentFrom (/home/felipe/.vscode/extensions/uqbar.wollok-lsp-ide-0.3.6/out/server/src/server.js:2285:6721)\n    at k2.updateEnvironmentWith (/home/felipe/.vscode/extensions/uqbar.wollok-lsp-ide-0.3.6/out/server/src/server.js:2285:6456)\n    at jL (/home/felipe/.vscode/extensions/uqbar.wollok-lsp-ide-0.3.6/out/server/src/server.js:2298:2292)\n    at v3.invoke (/home/felipe/.vscode/extensions/uqbar.wollok-lsp-ide-0.3.6/out/server/src/server.js:3:157200)\n    at o.fire (/home/felipe/.vscode/extensions/uqbar.wollok-lsp-ide-0.3.6/out/server/src/server.js:3:157970)\n    at /home/felipe/.vscode/extensions/uqbar.wollok-lsp-ide-0.3.6/out/server/src/server.js:37:57871\n    at Vr (/home/felipe/.vscode/extensions/uqbar.wollok-lsp-ide-0.3.6/out/server/src/server.js:8:1561)","timestamp":"2024-10-14T23:46:40.265Z"}
{"level":"error","message":"✘ Failed to rebuild document Failed to parse testGranja.wtest: \n-- PARSING FAILED --------------------------------------------------\n\n  106 | \n  107 |   test \"Cosechar la nada y cosechar plantas qu\"\n> 108 | }\n      | ^\n\nExpected one of the following: \n\n'@', '{', comment, whitespace\n","stack":"Error: Failed to parse testGranja.wtest: \n-- PARSING FAILED --------------------------------------------------\n\n  106 | \n  107 |   test \"Cosechar la nada y cosechar plantas qu\"\n> 108 | }\n      | ^\n\nExpected one of the following: \n\n'@', '{', comment, whitespace\n\n    at /home/felipe/.vscode/extensions/uqbar.wollok-lsp-ide-0.3.6/out/server/src/server.js:2254:32415\n    at Array.map (<anonymous>)\n    at Jfn (/home/felipe/.vscode/extensions/uqbar.wollok-lsp-ide-0.3.6/out/server/src/server.js:2254:32339)\n    at k2.buildEnvironmentFrom (/home/felipe/.vscode/extensions/uqbar.wollok-lsp-ide-0.3.6/out/server/src/server.js:2285:6721)\n    at k2.updateEnvironmentWith (/home/felipe/.vscode/extensions/uqbar.wollok-lsp-ide-0.3.6/out/server/src/server.js:2285:6456)\n    at jL (/home/felipe/.vscode/extensions/uqbar.wollok-lsp-ide-0.3.6/out/server/src/server.js:2298:2292)\n    at v3.invoke (/home/felipe/.vscode/extensions/uqbar.wollok-lsp-ide-0.3.6/out/server/src/server.js:3:157200)\n    at o.fire (/home/felipe/.vscode/extensions/uqbar.wollok-lsp-ide-0.3.6/out/server/src/server.js:3:157970)\n    at /home/felipe/.vscode/extensions/uqbar.wollok-lsp-ide-0.3.6/out/server/src/server.js:37:57871\n    at Vr (/home/felipe/.vscode/extensions/uqbar.wollok-lsp-ide-0.3.6/out/server/src/server.js:8:1561)","timestamp":"2024-10-14T23:46:40.443Z"}
{"level":"error","message":"✘ Failed to rebuild document Failed to parse testGranja.wtest: \n-- PARSING FAILED --------------------------------------------------\n\n  106 | \n  107 |   test \"Cosechar la nada y cosechar plantas que\"\n> 108 | }\n      | ^\n\nExpected one of the following: \n\n'@', '{', comment, whitespace\n","stack":"Error: Failed to parse testGranja.wtest: \n-- PARSING FAILED --------------------------------------------------\n\n  106 | \n  107 |   test \"Cosechar la nada y cosechar plantas que\"\n> 108 | }\n      | ^\n\nExpected one of the following: \n\n'@', '{', comment, whitespace\n\n    at /home/felipe/.vscode/extensions/uqbar.wollok-lsp-ide-0.3.6/out/server/src/server.js:2254:32415\n    at Array.map (<anonymous>)\n    at Jfn (/home/felipe/.vscode/extensions/uqbar.wollok-lsp-ide-0.3.6/out/server/src/server.js:2254:32339)\n    at k2.buildEnvironmentFrom (/home/felipe/.vscode/extensions/uqbar.wollok-lsp-ide-0.3.6/out/server/src/server.js:2285:6721)\n    at k2.updateEnvironmentWith (/home/felipe/.vscode/extensions/uqbar.wollok-lsp-ide-0.3.6/out/server/src/server.js:2285:6456)\n    at jL (/home/felipe/.vscode/extensions/uqbar.wollok-lsp-ide-0.3.6/out/server/src/server.js:2298:2292)\n    at v3.invoke (/home/felipe/.vscode/extensions/uqbar.wollok-lsp-ide-0.3.6/out/server/src/server.js:3:157200)\n    at o.fire (/home/felipe/.vscode/extensions/uqbar.wollok-lsp-ide-0.3.6/out/server/src/server.js:3:157970)\n    at /home/felipe/.vscode/extensions/uqbar.wollok-lsp-ide-0.3.6/out/server/src/server.js:37:57871\n    at Vr (/home/felipe/.vscode/extensions/uqbar.wollok-lsp-ide-0.3.6/out/server/src/server.js:8:1561)","timestamp":"2024-10-14T23:46:40.562Z"}
{"level":"error","message":"✘ Failed to rebuild document Failed to parse testGranja.wtest: \n-- PARSING FAILED --------------------------------------------------\n\n  106 | \n  107 |   test \"Cosechar la nada y cosechar plantas que \"\n> 108 | }\n      | ^\n\nExpected one of the following: \n\n'@', '{', comment, whitespace\n","stack":"Error: Failed to parse testGranja.wtest: \n-- PARSING FAILED --------------------------------------------------\n\n  106 | \n  107 |   test \"Cosechar la nada y cosechar plantas que \"\n> 108 | }\n      | ^\n\nExpected one of the following: \n\n'@', '{', comment, whitespace\n\n    at /home/felipe/.vscode/extensions/uqbar.wollok-lsp-ide-0.3.6/out/server/src/server.js:2254:32415\n    at Array.map (<anonymous>)\n    at Jfn (/home/felipe/.vscode/extensions/uqbar.wollok-lsp-ide-0.3.6/out/server/src/server.js:2254:32339)\n    at k2.buildEnvironmentFrom (/home/felipe/.vscode/extensions/uqbar.wollok-lsp-ide-0.3.6/out/server/src/server.js:2285:6721)\n    at k2.updateEnvironmentWith (/home/felipe/.vscode/extensions/uqbar.wollok-lsp-ide-0.3.6/out/server/src/server.js:2285:6456)\n    at jL (/home/felipe/.vscode/extensions/uqbar.wollok-lsp-ide-0.3.6/out/server/src/server.js:2298:2292)\n    at v3.invoke (/home/felipe/.vscode/extensions/uqbar.wollok-lsp-ide-0.3.6/out/server/src/server.js:3:157200)\n    at o.fire (/home/felipe/.vscode/extensions/uqbar.wollok-lsp-ide-0.3.6/out/server/src/server.js:3:157970)\n    at /home/felipe/.vscode/extensions/uqbar.wollok-lsp-ide-0.3.6/out/server/src/server.js:37:57871\n    at Vr (/home/felipe/.vscode/extensions/uqbar.wollok-lsp-ide-0.3.6/out/server/src/server.js:8:1561)","timestamp":"2024-10-14T23:46:40.684Z"}
{"level":"error","message":"✘ Failed to rebuild document Failed to parse testGranja.wtest: \n-- PARSING FAILED --------------------------------------------------\n\n  106 | \n  107 |   test \"Cosechar la nada y cosechar plantas que n\"\n> 108 | }\n      | ^\n\nExpected one of the following: \n\n'@', '{', comment, whitespace\n","stack":"Error: Failed to parse testGranja.wtest: \n-- PARSING FAILED --------------------------------------------------\n\n  106 | \n  107 |   test \"Cosechar la nada y cosechar plantas que n\"\n> 108 | }\n      | ^\n\nExpected one of the following: \n\n'@', '{', comment, whitespace\n\n    at /home/felipe/.vscode/extensions/uqbar.wollok-lsp-ide-0.3.6/out/server/src/server.js:2254:32415\n    at Array.map (<anonymous>)\n    at Jfn (/home/felipe/.vscode/extensions/uqbar.wollok-lsp-ide-0.3.6/out/server/src/server.js:2254:32339)\n    at k2.buildEnvironmentFrom (/home/felipe/.vscode/extensions/uqbar.wollok-lsp-ide-0.3.6/out/server/src/server.js:2285:6721)\n    at k2.updateEnvironmentWith (/home/felipe/.vscode/extensions/uqbar.wollok-lsp-ide-0.3.6/out/server/src/server.js:2285:6456)\n    at jL (/home/felipe/.vscode/extensions/uqbar.wollok-lsp-ide-0.3.6/out/server/src/server.js:2298:2292)\n    at v3.invoke (/home/felipe/.vscode/extensions/uqbar.wollok-lsp-ide-0.3.6/out/server/src/server.js:3:157200)\n    at o.fire (/home/felipe/.vscode/extensions/uqbar.wollok-lsp-ide-0.3.6/out/server/src/server.js:3:157970)\n    at /home/felipe/.vscode/extensions/uqbar.wollok-lsp-ide-0.3.6/out/server/src/server.js:37:57871\n    at Vr (/home/felipe/.vscode/extensions/uqbar.wollok-lsp-ide-0.3.6/out/server/src/server.js:8:1561)","timestamp":"2024-10-14T23:46:41.268Z"}
{"level":"error","message":"✘ Failed to rebuild document Failed to parse testGranja.wtest: \n-- PARSING FAILED --------------------------------------------------\n\n  106 | \n  107 |   test \"Cosechar la nada y cosechar plantas que no\"\n> 108 | }\n      | ^\n\nExpected one of the following: \n\n'@', '{', comment, whitespace\n","stack":"Error: Failed to parse testGranja.wtest: \n-- PARSING FAILED --------------------------------------------------\n\n  106 | \n  107 |   test \"Cosechar la nada y cosechar plantas que no\"\n> 108 | }\n      | ^\n\nExpected one of the following: \n\n'@', '{', comment, whitespace\n\n    at /home/felipe/.vscode/extensions/uqbar.wollok-lsp-ide-0.3.6/out/server/src/server.js:2254:32415\n    at Array.map (<anonymous>)\n    at Jfn (/home/felipe/.vscode/extensions/uqbar.wollok-lsp-ide-0.3.6/out/server/src/server.js:2254:32339)\n    at k2.buildEnvironmentFrom (/home/felipe/.vscode/extensions/uqbar.wollok-lsp-ide-0.3.6/out/server/src/server.js:2285:6721)\n    at k2.updateEnvironmentWith (/home/felipe/.vscode/extensions/uqbar.wollok-lsp-ide-0.3.6/out/server/src/server.js:2285:6456)\n    at jL (/home/felipe/.vscode/extensions/uqbar.wollok-lsp-ide-0.3.6/out/server/src/server.js:2298:2292)\n    at v3.invoke (/home/felipe/.vscode/extensions/uqbar.wollok-lsp-ide-0.3.6/out/server/src/server.js:3:157200)\n    at o.fire (/home/felipe/.vscode/extensions/uqbar.wollok-lsp-ide-0.3.6/out/server/src/server.js:3:157970)\n    at /home/felipe/.vscode/extensions/uqbar.wollok-lsp-ide-0.3.6/out/server/src/server.js:37:57871\n    at Vr (/home/felipe/.vscode/extensions/uqbar.wollok-lsp-ide-0.3.6/out/server/src/server.js:8:1561)","timestamp":"2024-10-14T23:46:41.386Z"}
{"level":"error","message":"✘ Failed to rebuild document Failed to parse testGranja.wtest: \n-- PARSING FAILED --------------------------------------------------\n\n  106 | \n  107 |   test \"Cosechar la nada y cosechar plantas que no \"\n> 108 | }\n      | ^\n\nExpected one of the following: \n\n'@', '{', comment, whitespace\n","stack":"Error: Failed to parse testGranja.wtest: \n-- PARSING FAILED --------------------------------------------------\n\n  106 | \n  107 |   test \"Cosechar la nada y cosechar plantas que no \"\n> 108 | }\n      | ^\n\nExpected one of the following: \n\n'@', '{', comment, whitespace\n\n    at /home/felipe/.vscode/extensions/uqbar.wollok-lsp-ide-0.3.6/out/server/src/server.js:2254:32415\n    at Array.map (<anonymous>)\n    at Jfn (/home/felipe/.vscode/extensions/uqbar.wollok-lsp-ide-0.3.6/out/server/src/server.js:2254:32339)\n    at k2.buildEnvironmentFrom (/home/felipe/.vscode/extensions/uqbar.wollok-lsp-ide-0.3.6/out/server/src/server.js:2285:6721)\n    at k2.updateEnvironmentWith (/home/felipe/.vscode/extensions/uqbar.wollok-lsp-ide-0.3.6/out/server/src/server.js:2285:6456)\n    at jL (/home/felipe/.vscode/extensions/uqbar.wollok-lsp-ide-0.3.6/out/server/src/server.js:2298:2292)\n    at v3.invoke (/home/felipe/.vscode/extensions/uqbar.wollok-lsp-ide-0.3.6/out/server/src/server.js:3:157200)\n    at o.fire (/home/felipe/.vscode/extensions/uqbar.wollok-lsp-ide-0.3.6/out/server/src/server.js:3:157970)\n    at /home/felipe/.vscode/extensions/uqbar.wollok-lsp-ide-0.3.6/out/server/src/server.js:37:57871\n    at Vr (/home/felipe/.vscode/extensions/uqbar.wollok-lsp-ide-0.3.6/out/server/src/server.js:8:1561)","timestamp":"2024-10-14T23:46:41.552Z"}
{"level":"error","message":"✘ Failed to rebuild document Failed to parse testGranja.wtest: \n-- PARSING FAILED --------------------------------------------------\n\n  106 | \n  107 |   test \"Cosechar la nada y cosechar plantas que no e\"\n> 108 | }\n      | ^\n\nExpected one of the following: \n\n'@', '{', comment, whitespace\n","stack":"Error: Failed to parse testGranja.wtest: \n-- PARSING FAILED --------------------------------------------------\n\n  106 | \n  107 |   test \"Cosechar la nada y cosechar plantas que no e\"\n> 108 | }\n      | ^\n\nExpected one of the following: \n\n'@', '{', comment, whitespace\n\n    at /home/felipe/.vscode/extensions/uqbar.wollok-lsp-ide-0.3.6/out/server/src/server.js:2254:32415\n    at Array.map (<anonymous>)\n    at Jfn (/home/felipe/.vscode/extensions/uqbar.wollok-lsp-ide-0.3.6/out/server/src/server.js:2254:32339)\n    at k2.buildEnvironmentFrom (/home/felipe/.vscode/extensions/uqbar.wollok-lsp-ide-0.3.6/out/server/src/server.js:2285:6721)\n    at k2.updateEnvironmentWith (/home/felipe/.vscode/extensions/uqbar.wollok-lsp-ide-0.3.6/out/server/src/server.js:2285:6456)\n    at jL (/home/felipe/.vscode/extensions/uqbar.wollok-lsp-ide-0.3.6/out/server/src/server.js:2298:2292)\n    at v3.invoke (/home/felipe/.vscode/extensions/uqbar.wollok-lsp-ide-0.3.6/out/server/src/server.js:3:157200)\n    at o.fire (/home/felipe/.vscode/extensions/uqbar.wollok-lsp-ide-0.3.6/out/server/src/server.js:3:157970)\n    at /home/felipe/.vscode/extensions/uqbar.wollok-lsp-ide-0.3.6/out/server/src/server.js:37:57871\n    at Vr (/home/felipe/.vscode/extensions/uqbar.wollok-lsp-ide-0.3.6/out/server/src/server.js:8:1561)","timestamp":"2024-10-14T23:46:41.675Z"}
{"level":"error","message":"✘ Failed to rebuild document Failed to parse testGranja.wtest: \n-- PARSING FAILED --------------------------------------------------\n\n  106 | \n  107 |   test \"Cosechar la nada y cosechar plantas que no es\"\n> 108 | }\n      | ^\n\nExpected one of the following: \n\n'@', '{', comment, whitespace\n","stack":"Error: Failed to parse testGranja.wtest: \n-- PARSING FAILED --------------------------------------------------\n\n  106 | \n  107 |   test \"Cosechar la nada y cosechar plantas que no es\"\n> 108 | }\n      | ^\n\nExpected one of the following: \n\n'@', '{', comment, whitespace\n\n    at /home/felipe/.vscode/extensions/uqbar.wollok-lsp-ide-0.3.6/out/server/src/server.js:2254:32415\n    at Array.map (<anonymous>)\n    at Jfn (/home/felipe/.vscode/extensions/uqbar.wollok-lsp-ide-0.3.6/out/server/src/server.js:2254:32339)\n    at k2.buildEnvironmentFrom (/home/felipe/.vscode/extensions/uqbar.wollok-lsp-ide-0.3.6/out/server/src/server.js:2285:6721)\n    at k2.updateEnvironmentWith (/home/felipe/.vscode/extensions/uqbar.wollok-lsp-ide-0.3.6/out/server/src/server.js:2285:6456)\n    at jL (/home/felipe/.vscode/extensions/uqbar.wollok-lsp-ide-0.3.6/out/server/src/server.js:2298:2292)\n    at v3.invoke (/home/felipe/.vscode/extensions/uqbar.wollok-lsp-ide-0.3.6/out/server/src/server.js:3:157200)\n    at o.fire (/home/felipe/.vscode/extensions/uqbar.wollok-lsp-ide-0.3.6/out/server/src/server.js:3:157970)\n    at /home/felipe/.vscode/extensions/uqbar.wollok-lsp-ide-0.3.6/out/server/src/server.js:37:57871\n    at Vr (/home/felipe/.vscode/extensions/uqbar.wollok-lsp-ide-0.3.6/out/server/src/server.js:8:1561)","timestamp":"2024-10-14T23:46:41.860Z"}
{"level":"error","message":"✘ Failed to rebuild document Failed to parse testGranja.wtest: \n-- PARSING FAILED --------------------------------------------------\n\n  106 | \n  107 |   test \"Cosechar la nada y cosechar plantas que no est\"\n> 108 | }\n      | ^\n\nExpected one of the following: \n\n'@', '{', comment, whitespace\n","stack":"Error: Failed to parse testGranja.wtest: \n-- PARSING FAILED --------------------------------------------------\n\n  106 | \n  107 |   test \"Cosechar la nada y cosechar plantas que no est\"\n> 108 | }\n      | ^\n\nExpected one of the following: \n\n'@', '{', comment, whitespace\n\n    at /home/felipe/.vscode/extensions/uqbar.wollok-lsp-ide-0.3.6/out/server/src/server.js:2254:32415\n    at Array.map (<anonymous>)\n    at Jfn (/home/felipe/.vscode/extensions/uqbar.wollok-lsp-ide-0.3.6/out/server/src/server.js:2254:32339)\n    at k2.buildEnvironmentFrom (/home/felipe/.vscode/extensions/uqbar.wollok-lsp-ide-0.3.6/out/server/src/server.js:2285:6721)\n    at k2.updateEnvironmentWith (/home/felipe/.vscode/extensions/uqbar.wollok-lsp-ide-0.3.6/out/server/src/server.js:2285:6456)\n    at jL (/home/felipe/.vscode/extensions/uqbar.wollok-lsp-ide-0.3.6/out/server/src/server.js:2298:2292)\n    at v3.invoke (/home/felipe/.vscode/extensions/uqbar.wollok-lsp-ide-0.3.6/out/server/src/server.js:3:157200)\n    at o.fire (/home/felipe/.vscode/extensions/uqbar.wollok-lsp-ide-0.3.6/out/server/src/server.js:3:157970)\n    at /home/felipe/.vscode/extensions/uqbar.wollok-lsp-ide-0.3.6/out/server/src/server.js:37:57871\n    at Vr (/home/felipe/.vscode/extensions/uqbar.wollok-lsp-ide-0.3.6/out/server/src/server.js:8:1561)","timestamp":"2024-10-14T23:46:41.929Z"}
{"level":"error","message":"✘ Failed to rebuild document Failed to parse testGranja.wtest: \n-- PARSING FAILED --------------------------------------------------\n\n  106 | \n  107 |   test \"Cosechar la nada y cosechar plantas que no esta\"\n> 108 | }\n      | ^\n\nExpected one of the following: \n\n'@', '{', comment, whitespace\n","stack":"Error: Failed to parse testGranja.wtest: \n-- PARSING FAILED --------------------------------------------------\n\n  106 | \n  107 |   test \"Cosechar la nada y cosechar plantas que no esta\"\n> 108 | }\n      | ^\n\nExpected one of the following: \n\n'@', '{', comment, whitespace\n\n    at /home/felipe/.vscode/extensions/uqbar.wollok-lsp-ide-0.3.6/out/server/src/server.js:2254:32415\n    at Array.map (<anonymous>)\n    at Jfn (/home/felipe/.vscode/extensions/uqbar.wollok-lsp-ide-0.3.6/out/server/src/server.js:2254:32339)\n    at k2.buildEnvironmentFrom (/home/felipe/.vscode/extensions/uqbar.wollok-lsp-ide-0.3.6/out/server/src/server.js:2285:6721)\n    at k2.updateEnvironmentWith (/home/felipe/.vscode/extensions/uqbar.wollok-lsp-ide-0.3.6/out/server/src/server.js:2285:6456)\n    at jL (/home/felipe/.vscode/extensions/uqbar.wollok-lsp-ide-0.3.6/out/server/src/server.js:2298:2292)\n    at v3.invoke (/home/felipe/.vscode/extensions/uqbar.wollok-lsp-ide-0.3.6/out/server/src/server.js:3:157200)\n    at o.fire (/home/felipe/.vscode/extensions/uqbar.wollok-lsp-ide-0.3.6/out/server/src/server.js:3:157970)\n    at /home/felipe/.vscode/extensions/uqbar.wollok-lsp-ide-0.3.6/out/server/src/server.js:37:57871\n    at Vr (/home/felipe/.vscode/extensions/uqbar.wollok-lsp-ide-0.3.6/out/server/src/server.js:8:1561)","timestamp":"2024-10-14T23:46:42.089Z"}
{"level":"error","message":"✘ Failed to rebuild document Failed to parse testGranja.wtest: \n-- PARSING FAILED --------------------------------------------------\n\n  106 | \n  107 |   test \"Cosechar la nada y cosechar plantas que no estan\"\n> 108 | }\n      | ^\n\nExpected one of the following: \n\n'@', '{', comment, whitespace\n","stack":"Error: Failed to parse testGranja.wtest: \n-- PARSING FAILED --------------------------------------------------\n\n  106 | \n  107 |   test \"Cosechar la nada y cosechar plantas que no estan\"\n> 108 | }\n      | ^\n\nExpected one of the following: \n\n'@', '{', comment, whitespace\n\n    at /home/felipe/.vscode/extensions/uqbar.wollok-lsp-ide-0.3.6/out/server/src/server.js:2254:32415\n    at Array.map (<anonymous>)\n    at Jfn (/home/felipe/.vscode/extensions/uqbar.wollok-lsp-ide-0.3.6/out/server/src/server.js:2254:32339)\n    at k2.buildEnvironmentFrom (/home/felipe/.vscode/extensions/uqbar.wollok-lsp-ide-0.3.6/out/server/src/server.js:2285:6721)\n    at k2.updateEnvironmentWith (/home/felipe/.vscode/extensions/uqbar.wollok-lsp-ide-0.3.6/out/server/src/server.js:2285:6456)\n    at jL (/home/felipe/.vscode/extensions/uqbar.wollok-lsp-ide-0.3.6/out/server/src/server.js:2298:2292)\n    at v3.invoke (/home/felipe/.vscode/extensions/uqbar.wollok-lsp-ide-0.3.6/out/server/src/server.js:3:157200)\n    at o.fire (/home/felipe/.vscode/extensions/uqbar.wollok-lsp-ide-0.3.6/out/server/src/server.js:3:157970)\n    at /home/felipe/.vscode/extensions/uqbar.wollok-lsp-ide-0.3.6/out/server/src/server.js:37:57871\n    at Vr (/home/felipe/.vscode/extensions/uqbar.wollok-lsp-ide-0.3.6/out/server/src/server.js:8:1561)","timestamp":"2024-10-14T23:46:42.158Z"}
{"level":"error","message":"✘ Failed to rebuild document Failed to parse testGranja.wtest: \n-- PARSING FAILED --------------------------------------------------\n\n  106 | \n  107 |   test \"Cosechar la nada y cosechar plantas que no estan \"\n> 108 | }\n      | ^\n\nExpected one of the following: \n\n'@', '{', comment, whitespace\n","stack":"Error: Failed to parse testGranja.wtest: \n-- PARSING FAILED --------------------------------------------------\n\n  106 | \n  107 |   test \"Cosechar la nada y cosechar plantas que no estan \"\n> 108 | }\n      | ^\n\nExpected one of the following: \n\n'@', '{', comment, whitespace\n\n    at /home/felipe/.vscode/extensions/uqbar.wollok-lsp-ide-0.3.6/out/server/src/server.js:2254:32415\n    at Array.map (<anonymous>)\n    at Jfn (/home/felipe/.vscode/extensions/uqbar.wollok-lsp-ide-0.3.6/out/server/src/server.js:2254:32339)\n    at k2.buildEnvironmentFrom (/home/felipe/.vscode/extensions/uqbar.wollok-lsp-ide-0.3.6/out/server/src/server.js:2285:6721)\n    at k2.updateEnvironmentWith (/home/felipe/.vscode/extensions/uqbar.wollok-lsp-ide-0.3.6/out/server/src/server.js:2285:6456)\n    at jL (/home/felipe/.vscode/extensions/uqbar.wollok-lsp-ide-0.3.6/out/server/src/server.js:2298:2292)\n    at v3.invoke (/home/felipe/.vscode/extensions/uqbar.wollok-lsp-ide-0.3.6/out/server/src/server.js:3:157200)\n    at o.fire (/home/felipe/.vscode/extensions/uqbar.wollok-lsp-ide-0.3.6/out/server/src/server.js:3:157970)\n    at /home/felipe/.vscode/extensions/uqbar.wollok-lsp-ide-0.3.6/out/server/src/server.js:37:57871\n    at Vr (/home/felipe/.vscode/extensions/uqbar.wollok-lsp-ide-0.3.6/out/server/src/server.js:8:1561)","timestamp":"2024-10-14T23:46:42.349Z"}
{"level":"error","message":"✘ Failed to rebuild document Failed to parse testGranja.wtest: \n-- PARSING FAILED --------------------------------------------------\n\n  106 | \n  107 |   test \"Cosechar la nada y cosechar plantas que no estan l\"\n> 108 | }\n      | ^\n\nExpected one of the following: \n\n'@', '{', comment, whitespace\n","stack":"Error: Failed to parse testGranja.wtest: \n-- PARSING FAILED --------------------------------------------------\n\n  106 | \n  107 |   test \"Cosechar la nada y cosechar plantas que no estan l\"\n> 108 | }\n      | ^\n\nExpected one of the following: \n\n'@', '{', comment, whitespace\n\n    at /home/felipe/.vscode/extensions/uqbar.wollok-lsp-ide-0.3.6/out/server/src/server.js:2254:32415\n    at Array.map (<anonymous>)\n    at Jfn (/home/felipe/.vscode/extensions/uqbar.wollok-lsp-ide-0.3.6/out/server/src/server.js:2254:32339)\n    at k2.buildEnvironmentFrom (/home/felipe/.vscode/extensions/uqbar.wollok-lsp-ide-0.3.6/out/server/src/server.js:2285:6721)\n    at k2.updateEnvironmentWith (/home/felipe/.vscode/extensions/uqbar.wollok-lsp-ide-0.3.6/out/server/src/server.js:2285:6456)\n    at jL (/home/felipe/.vscode/extensions/uqbar.wollok-lsp-ide-0.3.6/out/server/src/server.js:2298:2292)\n    at v3.invoke (/home/felipe/.vscode/extensions/uqbar.wollok-lsp-ide-0.3.6/out/server/src/server.js:3:157200)\n    at o.fire (/home/felipe/.vscode/extensions/uqbar.wollok-lsp-ide-0.3.6/out/server/src/server.js:3:157970)\n    at /home/felipe/.vscode/extensions/uqbar.wollok-lsp-ide-0.3.6/out/server/src/server.js:37:57871\n    at Vr (/home/felipe/.vscode/extensions/uqbar.wollok-lsp-ide-0.3.6/out/server/src/server.js:8:1561)","timestamp":"2024-10-14T23:46:42.995Z"}
{"level":"error","message":"✘ Failed to rebuild document Failed to parse testGranja.wtest: \n-- PARSING FAILED --------------------------------------------------\n\n  106 | \n  107 |   test \"Cosechar la nada y cosechar plantas que no estan li\"\n> 108 | }\n      | ^\n\nExpected one of the following: \n\n'@', '{', comment, whitespace\n","stack":"Error: Failed to parse testGranja.wtest: \n-- PARSING FAILED --------------------------------------------------\n\n  106 | \n  107 |   test \"Cosechar la nada y cosechar plantas que no estan li\"\n> 108 | }\n      | ^\n\nExpected one of the following: \n\n'@', '{', comment, whitespace\n\n    at /home/felipe/.vscode/extensions/uqbar.wollok-lsp-ide-0.3.6/out/server/src/server.js:2254:32415\n    at Array.map (<anonymous>)\n    at Jfn (/home/felipe/.vscode/extensions/uqbar.wollok-lsp-ide-0.3.6/out/server/src/server.js:2254:32339)\n    at k2.buildEnvironmentFrom (/home/felipe/.vscode/extensions/uqbar.wollok-lsp-ide-0.3.6/out/server/src/server.js:2285:6721)\n    at k2.updateEnvironmentWith (/home/felipe/.vscode/extensions/uqbar.wollok-lsp-ide-0.3.6/out/server/src/server.js:2285:6456)\n    at jL (/home/felipe/.vscode/extensions/uqbar.wollok-lsp-ide-0.3.6/out/server/src/server.js:2298:2292)\n    at v3.invoke (/home/felipe/.vscode/extensions/uqbar.wollok-lsp-ide-0.3.6/out/server/src/server.js:3:157200)\n    at o.fire (/home/felipe/.vscode/extensions/uqbar.wollok-lsp-ide-0.3.6/out/server/src/server.js:3:157970)\n    at /home/felipe/.vscode/extensions/uqbar.wollok-lsp-ide-0.3.6/out/server/src/server.js:37:57871\n    at Vr (/home/felipe/.vscode/extensions/uqbar.wollok-lsp-ide-0.3.6/out/server/src/server.js:8:1561)","timestamp":"2024-10-14T23:46:43.149Z"}
{"level":"error","message":"✘ Failed to rebuild document Failed to parse testGranja.wtest: \n-- PARSING FAILED --------------------------------------------------\n\n  106 | \n  107 |   test \"Cosechar la nada y cosechar plantas que no estan lis\"\n> 108 | }\n      | ^\n\nExpected one of the following: \n\n'@', '{', comment, whitespace\n","stack":"Error: Failed to parse testGranja.wtest: \n-- PARSING FAILED --------------------------------------------------\n\n  106 | \n  107 |   test \"Cosechar la nada y cosechar plantas que no estan lis\"\n> 108 | }\n      | ^\n\nExpected one of the following: \n\n'@', '{', comment, whitespace\n\n    at /home/felipe/.vscode/extensions/uqbar.wollok-lsp-ide-0.3.6/out/server/src/server.js:2254:32415\n    at Array.map (<anonymous>)\n    at Jfn (/home/felipe/.vscode/extensions/uqbar.wollok-lsp-ide-0.3.6/out/server/src/server.js:2254:32339)\n    at k2.buildEnvironmentFrom (/home/felipe/.vscode/extensions/uqbar.wollok-lsp-ide-0.3.6/out/server/src/server.js:2285:6721)\n    at k2.updateEnvironmentWith (/home/felipe/.vscode/extensions/uqbar.wollok-lsp-ide-0.3.6/out/server/src/server.js:2285:6456)\n    at jL (/home/felipe/.vscode/extensions/uqbar.wollok-lsp-ide-0.3.6/out/server/src/server.js:2298:2292)\n    at v3.invoke (/home/felipe/.vscode/extensions/uqbar.wollok-lsp-ide-0.3.6/out/server/src/server.js:3:157200)\n    at o.fire (/home/felipe/.vscode/extensions/uqbar.wollok-lsp-ide-0.3.6/out/server/src/server.js:3:157970)\n    at /home/felipe/.vscode/extensions/uqbar.wollok-lsp-ide-0.3.6/out/server/src/server.js:37:57871\n    at Vr (/home/felipe/.vscode/extensions/uqbar.wollok-lsp-ide-0.3.6/out/server/src/server.js:8:1561)","timestamp":"2024-10-14T23:46:43.253Z"}
{"level":"error","message":"✘ Failed to rebuild document Failed to parse testGranja.wtest: \n-- PARSING FAILED --------------------------------------------------\n\n  106 | \n  107 |   test \"Cosechar la nada y cosechar plantas que no estan list\"\n> 108 | }\n      | ^\n\nExpected one of the following: \n\n'@', '{', comment, whitespace\n","stack":"Error: Failed to parse testGranja.wtest: \n-- PARSING FAILED --------------------------------------------------\n\n  106 | \n  107 |   test \"Cosechar la nada y cosechar plantas que no estan list\"\n> 108 | }\n      | ^\n\nExpected one of the following: \n\n'@', '{', comment, whitespace\n\n    at /home/felipe/.vscode/extensions/uqbar.wollok-lsp-ide-0.3.6/out/server/src/server.js:2254:32415\n    at Array.map (<anonymous>)\n    at Jfn (/home/felipe/.vscode/extensions/uqbar.wollok-lsp-ide-0.3.6/out/server/src/server.js:2254:32339)\n    at k2.buildEnvironmentFrom (/home/felipe/.vscode/extensions/uqbar.wollok-lsp-ide-0.3.6/out/server/src/server.js:2285:6721)\n    at k2.updateEnvironmentWith (/home/felipe/.vscode/extensions/uqbar.wollok-lsp-ide-0.3.6/out/server/src/server.js:2285:6456)\n    at jL (/home/felipe/.vscode/extensions/uqbar.wollok-lsp-ide-0.3.6/out/server/src/server.js:2298:2292)\n    at v3.invoke (/home/felipe/.vscode/extensions/uqbar.wollok-lsp-ide-0.3.6/out/server/src/server.js:3:157200)\n    at o.fire (/home/felipe/.vscode/extensions/uqbar.wollok-lsp-ide-0.3.6/out/server/src/server.js:3:157970)\n    at /home/felipe/.vscode/extensions/uqbar.wollok-lsp-ide-0.3.6/out/server/src/server.js:37:57871\n    at Vr (/home/felipe/.vscode/extensions/uqbar.wollok-lsp-ide-0.3.6/out/server/src/server.js:8:1561)","timestamp":"2024-10-14T23:46:43.378Z"}
{"level":"error","message":"✘ Failed to rebuild document Failed to parse testGranja.wtest: \n-- PARSING FAILED --------------------------------------------------\n\n  106 | \n  107 |   test \"Cosechar la nada y cosechar plantas que no estan lista\"\n> 108 | }\n      | ^\n\nExpected one of the following: \n\n'@', '{', comment, whitespace\n","stack":"Error: Failed to parse testGranja.wtest: \n-- PARSING FAILED --------------------------------------------------\n\n  106 | \n  107 |   test \"Cosechar la nada y cosechar plantas que no estan lista\"\n> 108 | }\n      | ^\n\nExpected one of the following: \n\n'@', '{', comment, whitespace\n\n    at /home/felipe/.vscode/extensions/uqbar.wollok-lsp-ide-0.3.6/out/server/src/server.js:2254:32415\n    at Array.map (<anonymous>)\n    at Jfn (/home/felipe/.vscode/extensions/uqbar.wollok-lsp-ide-0.3.6/out/server/src/server.js:2254:32339)\n    at k2.buildEnvironmentFrom (/home/felipe/.vscode/extensions/uqbar.wollok-lsp-ide-0.3.6/out/server/src/server.js:2285:6721)\n    at k2.updateEnvironmentWith (/home/felipe/.vscode/extensions/uqbar.wollok-lsp-ide-0.3.6/out/server/src/server.js:2285:6456)\n    at jL (/home/felipe/.vscode/extensions/uqbar.wollok-lsp-ide-0.3.6/out/server/src/server.js:2298:2292)\n    at v3.invoke (/home/felipe/.vscode/extensions/uqbar.wollok-lsp-ide-0.3.6/out/server/src/server.js:3:157200)\n    at o.fire (/home/felipe/.vscode/extensions/uqbar.wollok-lsp-ide-0.3.6/out/server/src/server.js:3:157970)\n    at /home/felipe/.vscode/extensions/uqbar.wollok-lsp-ide-0.3.6/out/server/src/server.js:37:57871\n    at Vr (/home/felipe/.vscode/extensions/uqbar.wollok-lsp-ide-0.3.6/out/server/src/server.js:8:1561)","timestamp":"2024-10-14T23:46:43.460Z"}
{"level":"error","message":"✘ Failed to rebuild document Failed to parse testGranja.wtest: \n-- PARSING FAILED --------------------------------------------------\n\n  106 | \n  107 |   test \"Cosechar la nada y cosechar plantas que no estan listas\"\n> 108 | }\n      | ^\n\nExpected one of the following: \n\n'@', '{', comment, whitespace\n","stack":"Error: Failed to parse testGranja.wtest: \n-- PARSING FAILED --------------------------------------------------\n\n  106 | \n  107 |   test \"Cosechar la nada y cosechar plantas que no estan listas\"\n> 108 | }\n      | ^\n\nExpected one of the following: \n\n'@', '{', comment, whitespace\n\n    at /home/felipe/.vscode/extensions/uqbar.wollok-lsp-ide-0.3.6/out/server/src/server.js:2254:32415\n    at Array.map (<anonymous>)\n    at Jfn (/home/felipe/.vscode/extensions/uqbar.wollok-lsp-ide-0.3.6/out/server/src/server.js:2254:32339)\n    at k2.buildEnvironmentFrom (/home/felipe/.vscode/extensions/uqbar.wollok-lsp-ide-0.3.6/out/server/src/server.js:2285:6721)\n    at k2.updateEnvironmentWith (/home/felipe/.vscode/extensions/uqbar.wollok-lsp-ide-0.3.6/out/server/src/server.js:2285:6456)\n    at jL (/home/felipe/.vscode/extensions/uqbar.wollok-lsp-ide-0.3.6/out/server/src/server.js:2298:2292)\n    at v3.invoke (/home/felipe/.vscode/extensions/uqbar.wollok-lsp-ide-0.3.6/out/server/src/server.js:3:157200)\n    at o.fire (/home/felipe/.vscode/extensions/uqbar.wollok-lsp-ide-0.3.6/out/server/src/server.js:3:157970)\n    at /home/felipe/.vscode/extensions/uqbar.wollok-lsp-ide-0.3.6/out/server/src/server.js:37:57871\n    at Vr (/home/felipe/.vscode/extensions/uqbar.wollok-lsp-ide-0.3.6/out/server/src/server.js:8:1561)","timestamp":"2024-10-14T23:46:43.584Z"}
{"level":"error","message":"✘ Failed to rebuild document Failed to parse testGranja.wtest: \n-- PARSING FAILED --------------------------------------------------\n\n  106 | \n  107 |   test \"Cosechar la nada y cosechar plantas que no estan listas\" \n> 108 | }\n      | ^\n\nExpected one of the following: \n\n'@', '{', comment, whitespace\n","stack":"Error: Failed to parse testGranja.wtest: \n-- PARSING FAILED --------------------------------------------------\n\n  106 | \n  107 |   test \"Cosechar la nada y cosechar plantas que no estan listas\" \n> 108 | }\n      | ^\n\nExpected one of the following: \n\n'@', '{', comment, whitespace\n\n    at /home/felipe/.vscode/extensions/uqbar.wollok-lsp-ide-0.3.6/out/server/src/server.js:2254:32415\n    at Array.map (<anonymous>)\n    at Jfn (/home/felipe/.vscode/extensions/uqbar.wollok-lsp-ide-0.3.6/out/server/src/server.js:2254:32339)\n    at k2.buildEnvironmentFrom (/home/felipe/.vscode/extensions/uqbar.wollok-lsp-ide-0.3.6/out/server/src/server.js:2285:6721)\n    at k2.updateEnvironmentWith (/home/felipe/.vscode/extensions/uqbar.wollok-lsp-ide-0.3.6/out/server/src/server.js:2285:6456)\n    at jL (/home/felipe/.vscode/extensions/uqbar.wollok-lsp-ide-0.3.6/out/server/src/server.js:2298:2292)\n    at v3.invoke (/home/felipe/.vscode/extensions/uqbar.wollok-lsp-ide-0.3.6/out/server/src/server.js:3:157200)\n    at o.fire (/home/felipe/.vscode/extensions/uqbar.wollok-lsp-ide-0.3.6/out/server/src/server.js:3:157970)\n    at /home/felipe/.vscode/extensions/uqbar.wollok-lsp-ide-0.3.6/out/server/src/server.js:37:57871\n    at Vr (/home/felipe/.vscode/extensions/uqbar.wollok-lsp-ide-0.3.6/out/server/src/server.js:8:1561)","timestamp":"2024-10-14T23:46:45.437Z"}
{"level":"info","message":"⌛ Building environment","timeElapsed":208,"timestamp":"2024-10-14T23:46:45.670Z"}
{"level":"info","message":"⌛ Building environment","timeElapsed":181,"timestamp":"2024-10-14T23:46:45.852Z"}
{"level":"info","message":"⌛ Validating testGranja.wtest","timeElapsed":188,"timestamp":"2024-10-14T23:46:46.046Z"}
{"level":"info","message":"⌛ Validating testGranja.wtest","timeElapsed":217,"timestamp":"2024-10-14T23:46:46.265Z"}
{"level":"info","message":"⌛ Building environment","timeElapsed":202,"timestamp":"2024-10-14T23:46:58.241Z"}
{"level":"info","message":"⌛ Validating testGranja.wtest","timeElapsed":214,"timestamp":"2024-10-14T23:46:58.458Z"}
{"level":"info","message":"⌛ Building environment","timeElapsed":218,"timestamp":"2024-10-14T23:47:00.653Z"}
{"level":"info","message":"⌛ Validating testGranja.wtest","timeElapsed":191,"timestamp":"2024-10-14T23:47:00.850Z"}
{"level":"info","message":"⌛ Building environment","timeElapsed":183,"timestamp":"2024-10-14T23:47:01.421Z"}
{"level":"info","message":"⌛ Building environment","timeElapsed":180,"timestamp":"2024-10-14T23:47:01.605Z"}
{"level":"info","message":"⌛ Validating testGranja.wtest","timeElapsed":215,"timestamp":"2024-10-14T23:47:01.822Z"}
{"level":"info","message":"⌛ Validating testGranja.wtest","timeElapsed":217,"timestamp":"2024-10-14T23:47:02.039Z"}
{"level":"info","message":"⌛ Building environment","timeElapsed":195,"timestamp":"2024-10-14T23:47:02.243Z"}
{"level":"info","message":"⌛ Validating testGranja.wtest","timeElapsed":213,"timestamp":"2024-10-14T23:47:02.464Z"}
{"level":"info","message":"⌛ Building environment","timeElapsed":240,"timestamp":"2024-10-14T23:47:03.382Z"}
{"level":"error","message":"✘ Completions for node failed: Error: [Send]{e1817f} at testGranja.wtest:109 exhausted all cases without a match [Send]{e1817f} at testGranja.wtest:109 exhausted all cases without a match","stack":"Error: [Send]{e1817f} at testGranja.wtest:109 exhausted all cases without a match\n    at /home/felipe/.vscode/extensions/uqbar.wollok-lsp-ide-0.3.6/out/server/src/server.js:38:6067\n    at yh (/home/felipe/.vscode/extensions/uqbar.wollok-lsp-ide-0.3.6/out/server/src/server.js:2291:42)\n    at kh (/home/felipe/.vscode/extensions/uqbar.wollok-lsp-ide-0.3.6/out/server/src/server.js:2291:1004)\n    at Y5n (/home/felipe/.vscode/extensions/uqbar.wollok-lsp-ide-0.3.6/out/server/src/server.js:2291:1160)\n    at /home/felipe/.vscode/extensions/uqbar.wollok-lsp-ide-0.3.6/out/server/src/server.js:38:6056\n    at yh (/home/felipe/.vscode/extensions/uqbar.wollok-lsp-ide-0.3.6/out/server/src/server.js:2291:42)\n    at /home/felipe/.vscode/extensions/uqbar.wollok-lsp-ide-0.3.6/out/server/src/server.js:2291:2700\n    at /home/felipe/.vscode/extensions/uqbar.wollok-lsp-ide-0.3.6/out/server/src/server.js:2298:3774\n    at /home/felipe/.vscode/extensions/uqbar.wollok-lsp-ide-0.3.6/out/server/src/server.js:37:74872\n    at Fe (/home/felipe/.vscode/extensions/uqbar.wollok-lsp-ide-0.3.6/out/server/src/server.js:7:8527)","timestamp":"2024-10-14T23:47:03.422Z"}
{"level":"info","message":"⌛ Building environment","timeElapsed":190,"timestamp":"2024-10-14T23:47:03.616Z"}
{"level":"info","message":"⌛ Validating testGranja.wtest","timeElapsed":208,"timestamp":"2024-10-14T23:47:03.824Z"}
{"level":"info","message":"onRequest - completionItem/resolve","timestamp":"2024-10-14T23:47:03.825Z"}
{"level":"info","message":"⌛ Building environment","timeElapsed":199,"timestamp":"2024-10-14T23:47:04.024Z"}
{"level":"info","message":"onRequest - completionItem/resolve","timestamp":"2024-10-14T23:47:04.026Z"}
{"level":"info","message":"⌛ Validating testGranja.wtest","timeElapsed":252,"timestamp":"2024-10-14T23:47:04.279Z"}
{"level":"info","message":"⌛ Building environment","timeElapsed":222,"timestamp":"2024-10-14T23:47:04.510Z"}
{"level":"info","message":"onRequest - completionItem/resolve","timestamp":"2024-10-14T23:47:04.511Z"}
{"level":"info","message":"⌛ Validating testGranja.wtest","timeElapsed":213,"timestamp":"2024-10-14T23:47:04.736Z"}
{"level":"info","message":"onRequest - completionItem/resolve","timestamp":"2024-10-14T23:47:04.738Z"}
{"level":"info","message":"⌛ Validating testGranja.wtest","timeElapsed":210,"timestamp":"2024-10-14T23:47:04.949Z"}
{"level":"info","message":"onRequest - completionItem/resolve","timestamp":"2024-10-14T23:47:04.951Z"}
{"level":"info","message":"onRequest - completionItem/resolve","timestamp":"2024-10-14T23:47:04.952Z"}
{"level":"info","message":"⌛ Building environment","timeElapsed":237,"timestamp":"2024-10-14T23:47:05.303Z"}
{"level":"info","message":"⌛ Validating testGranja.wtest","timeElapsed":201,"timestamp":"2024-10-14T23:47:05.505Z"}
{"level":"info","message":"⌛ Building environment","timeElapsed":221,"timestamp":"2024-10-14T23:47:12.102Z"}
{"level":"info","message":"⌛ Validating testGranja.wtest","timeElapsed":205,"timestamp":"2024-10-14T23:47:12.309Z"}
{"level":"info","message":"⌛ Building environment","timeElapsed":195,"timestamp":"2024-10-14T23:47:13.370Z"}
{"level":"info","message":"⌛ Validating testGranja.wtest","timeElapsed":238,"timestamp":"2024-10-14T23:47:13.613Z"}
{"level":"info","message":"⌛ Building environment","timeElapsed":210,"timestamp":"2024-10-14T23:47:16.997Z"}
{"level":"info","message":"⌛ Building environment","timeElapsed":200,"timestamp":"2024-10-14T23:47:17.204Z"}
{"level":"info","message":"⌛ Validating testGranja.wtest","timeElapsed":193,"timestamp":"2024-10-14T23:47:17.398Z"}
{"level":"info","message":"⌛ Validating testGranja.wtest","timeElapsed":192,"timestamp":"2024-10-14T23:47:17.599Z"}
{"level":"info","message":"⌛ Building environment","timeElapsed":234,"timestamp":"2024-10-14T23:47:21.882Z"}
{"level":"info","message":"⌛ Building environment","timeElapsed":194,"timestamp":"2024-10-14T23:47:22.122Z"}
{"level":"info","message":"⌛ Validating testGranja.wtest","timeElapsed":191,"timestamp":"2024-10-14T23:47:22.313Z"}
{"level":"info","message":"onRequest - completionItem/resolve","timestamp":"2024-10-14T23:47:22.314Z"}
{"level":"info","message":"⌛ Building environment","timeElapsed":221,"timestamp":"2024-10-14T23:47:22.535Z"}
{"level":"info","message":"onRequest - completionItem/resolve","timestamp":"2024-10-14T23:47:22.540Z"}
{"level":"info","message":"⌛ Validating testGranja.wtest","timeElapsed":220,"timestamp":"2024-10-14T23:47:22.760Z"}
{"level":"info","message":"⌛ Validating testGranja.wtest","timeElapsed":215,"timestamp":"2024-10-14T23:47:22.985Z"}
{"level":"info","message":"⌛ Building environment","timeElapsed":210,"timestamp":"2024-10-14T23:47:23.197Z"}
{"level":"info","message":"onRequest - completionItem/resolve","timestamp":"2024-10-14T23:47:23.197Z"}
{"level":"info","message":"⌛ Building environment","timeElapsed":193,"timestamp":"2024-10-14T23:47:23.391Z"}
{"level":"info","message":"onRequest - completionItem/resolve","timestamp":"2024-10-14T23:47:23.392Z"}
{"level":"info","message":"⌛ Building environment","timeElapsed":191,"timestamp":"2024-10-14T23:47:23.583Z"}
{"level":"info","message":"onRequest - completionItem/resolve","timestamp":"2024-10-14T23:47:23.584Z"}
{"level":"info","message":"⌛ Validating testGranja.wtest","timeElapsed":222,"timestamp":"2024-10-14T23:47:23.813Z"}
{"level":"info","message":"⌛ Validating testGranja.wtest","timeElapsed":239,"timestamp":"2024-10-14T23:47:24.052Z"}
{"level":"info","message":"⌛ Validating testGranja.wtest","timeElapsed":274,"timestamp":"2024-10-14T23:47:24.326Z"}
{"level":"info","message":"⌛ Building environment","timeElapsed":215,"timestamp":"2024-10-14T23:47:24.541Z"}
{"level":"info","message":"⌛ Building environment","timeElapsed":178,"timestamp":"2024-10-14T23:47:24.758Z"}
{"level":"info","message":"⌛ Building environment","timeElapsed":184,"timestamp":"2024-10-14T23:47:24.942Z"}
{"level":"info","message":"⌛ Building environment","timeElapsed":332,"timestamp":"2024-10-14T23:47:25.277Z"}
{"level":"info","message":"⌛ Building environment","timeElapsed":206,"timestamp":"2024-10-14T23:47:25.483Z"}
{"level":"info","message":"⌛ Validating testGranja.wtest","timeElapsed":238,"timestamp":"2024-10-14T23:47:25.728Z"}
{"level":"info","message":"onRequest - completionItem/resolve","timestamp":"2024-10-14T23:47:25.737Z"}
{"level":"info","message":"⌛ Validating testGranja.wtest","timeElapsed":215,"timestamp":"2024-10-14T23:47:25.953Z"}
{"level":"info","message":"⌛ Validating testGranja.wtest","timeElapsed":204,"timestamp":"2024-10-14T23:47:26.157Z"}
{"level":"info","message":"⌛ Validating testGranja.wtest","timeElapsed":211,"timestamp":"2024-10-14T23:47:26.369Z"}
{"level":"info","message":"⌛ Validating testGranja.wtest","timeElapsed":206,"timestamp":"2024-10-14T23:47:26.575Z"}
{"level":"info","message":"⌛ Building environment","timeElapsed":189,"timestamp":"2024-10-14T23:47:27.524Z"}
{"level":"info","message":"⌛ Validating testGranja.wtest","timeElapsed":197,"timestamp":"2024-10-14T23:47:27.727Z"}
{"level":"info","message":"⌛ Building environment","timeElapsed":179,"timestamp":"2024-10-14T23:47:30.181Z"}
{"level":"info","message":"⌛ Validating testGranja.wtest","timeElapsed":203,"timestamp":"2024-10-14T23:47:30.389Z"}
{"level":"info","message":"⌛ Building environment","timeElapsed":215,"timestamp":"2024-10-14T23:47:31.035Z"}
{"level":"info","message":"⌛ Validating testGranja.wtest","timeElapsed":200,"timestamp":"2024-10-14T23:47:31.239Z"}
{"level":"info","message":"⌛ Building environment","timeElapsed":182,"timestamp":"2024-10-14T23:47:31.685Z"}
{"level":"info","message":"⌛ Validating testGranja.wtest","timeElapsed":199,"timestamp":"2024-10-14T23:47:31.889Z"}
{"level":"info","message":"⌛ Building environment","timeElapsed":288,"timestamp":"2024-10-14T23:47:33.453Z"}
{"level":"info","message":"⌛ Building environment","timeElapsed":192,"timestamp":"2024-10-14T23:47:33.692Z"}
{"level":"info","message":"⌛ Building environment","timeElapsed":185,"timestamp":"2024-10-14T23:47:33.878Z"}
{"level":"info","message":"⌛ Validating testGranja.wtest","timeElapsed":199,"timestamp":"2024-10-14T23:47:34.079Z"}
{"level":"info","message":"onRequest - completionItem/resolve","timestamp":"2024-10-14T23:47:34.079Z"}
{"level":"info","message":"⌛ Building environment","timeElapsed":191,"timestamp":"2024-10-14T23:47:34.271Z"}
{"level":"info","message":"onRequest - completionItem/resolve","timestamp":"2024-10-14T23:47:34.271Z"}
{"level":"info","message":"⌛ Validating testGranja.wtest","timeElapsed":198,"timestamp":"2024-10-14T23:47:34.470Z"}
{"level":"info","message":"⌛ Building environment","timeElapsed":216,"timestamp":"2024-10-14T23:47:34.686Z"}
{"level":"info","message":"onRequest - completionItem/resolve","timestamp":"2024-10-14T23:47:34.692Z"}
{"level":"info","message":"⌛ Validating testGranja.wtest","timeElapsed":237,"timestamp":"2024-10-14T23:47:34.929Z"}
{"level":"info","message":"⌛ Validating testGranja.wtest","timeElapsed":215,"timestamp":"2024-10-14T23:47:35.159Z"}
{"level":"info","message":"⌛ Building environment","timeElapsed":186,"timestamp":"2024-10-14T23:47:35.345Z"}
{"level":"info","message":"onRequest - completionItem/resolve","timestamp":"2024-10-14T23:47:35.351Z"}
{"level":"info","message":"⌛ Validating testGranja.wtest","timeElapsed":199,"timestamp":"2024-10-14T23:47:35.551Z"}
{"level":"info","message":"⌛ Validating testGranja.wtest","timeElapsed":210,"timestamp":"2024-10-14T23:47:35.771Z"}
{"level":"info","message":"⌛ Building environment","timeElapsed":269,"timestamp":"2024-10-14T23:47:36.040Z"}
{"level":"info","message":"⌛ Validating testGranja.wtest","timeElapsed":264,"timestamp":"2024-10-14T23:47:36.356Z"}
{"level":"info","message":"onRequest - completionItem/resolve","timestamp":"2024-10-14T23:47:36.357Z"}
{"level":"info","message":"⌛ Building environment","timeElapsed":279,"timestamp":"2024-10-14T23:47:36.636Z"}
{"level":"info","message":"onRequest - completionItem/resolve","timestamp":"2024-10-14T23:47:36.637Z"}
{"level":"info","message":"⌛ Building environment","timeElapsed":192,"timestamp":"2024-10-14T23:47:36.829Z"}
{"level":"info","message":"onRequest - completionItem/resolve","timestamp":"2024-10-14T23:47:36.830Z"}
{"level":"info","message":"⌛ Building environment","timeElapsed":195,"timestamp":"2024-10-14T23:47:37.033Z"}
{"level":"info","message":"onRequest - completionItem/resolve","timestamp":"2024-10-14T23:47:37.034Z"}
{"level":"info","message":"⌛ Building environment","timeElapsed":201,"timestamp":"2024-10-14T23:47:37.236Z"}
{"level":"info","message":"onRequest - completionItem/resolve","timestamp":"2024-10-14T23:47:37.237Z"}
{"level":"info","message":"⌛ Validating testGranja.wtest","timeElapsed":279,"timestamp":"2024-10-14T23:47:37.517Z"}
{"level":"info","message":"⌛ Building environment","timeElapsed":360,"timestamp":"2024-10-14T23:47:37.878Z"}
{"level":"info","message":"onRequest - completionItem/resolve","timestamp":"2024-10-14T23:47:37.879Z"}
{"level":"info","message":"⌛ Validating testGranja.wtest","timeElapsed":197,"timestamp":"2024-10-14T23:47:38.077Z"}
{"level":"info","message":"⌛ Validating testGranja.wtest","timeElapsed":204,"timestamp":"2024-10-14T23:47:38.289Z"}
{"level":"info","message":"⌛ Validating testGranja.wtest","timeElapsed":204,"timestamp":"2024-10-14T23:47:38.494Z"}
{"level":"info","message":"onRequest - completionItem/resolve","timestamp":"2024-10-14T23:47:38.495Z"}
{"level":"info","message":"⌛ Building environment","timeElapsed":190,"timestamp":"2024-10-14T23:47:38.685Z"}
{"level":"info","message":"⌛ Validating testGranja.wtest","timeElapsed":222,"timestamp":"2024-10-14T23:47:38.912Z"}
{"level":"info","message":"⌛ Building environment","timeElapsed":197,"timestamp":"2024-10-14T23:47:39.123Z"}
{"level":"error","message":"✘ Completions for node failed: Error: [Send]{9451aa} at testGranja.wtest:111 exhausted all cases without a match [Send]{9451aa} at testGranja.wtest:111 exhausted all cases without a match","stack":"Error: [Send]{9451aa} at testGranja.wtest:111 exhausted all cases without a match\n    at /home/felipe/.vscode/extensions/uqbar.wollok-lsp-ide-0.3.6/out/server/src/server.js:38:6067\n    at yh (/home/felipe/.vscode/extensions/uqbar.wollok-lsp-ide-0.3.6/out/server/src/server.js:2291:42)\n    at kh (/home/felipe/.vscode/extensions/uqbar.wollok-lsp-ide-0.3.6/out/server/src/server.js:2291:1004)\n    at Y5n (/home/felipe/.vscode/extensions/uqbar.wollok-lsp-ide-0.3.6/out/server/src/server.js:2291:1160)\n    at /home/felipe/.vscode/extensions/uqbar.wollok-lsp-ide-0.3.6/out/server/src/server.js:38:6056\n    at yh (/home/felipe/.vscode/extensions/uqbar.wollok-lsp-ide-0.3.6/out/server/src/server.js:2291:42)\n    at /home/felipe/.vscode/extensions/uqbar.wollok-lsp-ide-0.3.6/out/server/src/server.js:2291:2700\n    at /home/felipe/.vscode/extensions/uqbar.wollok-lsp-ide-0.3.6/out/server/src/server.js:2298:3774\n    at /home/felipe/.vscode/extensions/uqbar.wollok-lsp-ide-0.3.6/out/server/src/server.js:37:74872\n    at Fe (/home/felipe/.vscode/extensions/uqbar.wollok-lsp-ide-0.3.6/out/server/src/server.js:7:8527)","timestamp":"2024-10-14T23:47:39.168Z"}
{"level":"info","message":"⌛ Building environment","timeElapsed":195,"timestamp":"2024-10-14T23:47:39.368Z"}
{"level":"info","message":"⌛ Building environment","timeElapsed":214,"timestamp":"2024-10-14T23:47:39.583Z"}
{"level":"info","message":"⌛ Validating testGranja.wtest","timeElapsed":224,"timestamp":"2024-10-14T23:47:39.807Z"}
{"level":"info","message":"⌛ Building environment","timeElapsed":213,"timestamp":"2024-10-14T23:47:40.021Z"}
{"level":"info","message":"⌛ Building environment","timeElapsed":189,"timestamp":"2024-10-14T23:47:40.210Z"}
{"level":"info","message":"⌛ Building environment","timeElapsed":185,"timestamp":"2024-10-14T23:47:40.400Z"}
{"level":"info","message":"⌛ Validating testGranja.wtest","timeElapsed":203,"timestamp":"2024-10-14T23:47:40.608Z"}
{"level":"info","message":"onRequest - completionItem/resolve","timestamp":"2024-10-14T23:47:40.610Z"}
{"level":"info","message":"⌛ Validating testGranja.wtest","timeElapsed":213,"timestamp":"2024-10-14T23:47:40.831Z"}
{"level":"info","message":"⌛ Validating testGranja.wtest","timeElapsed":225,"timestamp":"2024-10-14T23:47:41.056Z"}
{"level":"info","message":"⌛ Validating testGranja.wtest","timeElapsed":198,"timestamp":"2024-10-14T23:47:41.255Z"}
{"level":"info","message":"⌛ Validating testGranja.wtest","timeElapsed":200,"timestamp":"2024-10-14T23:47:41.457Z"}
{"level":"info","message":"⌛ Validating testGranja.wtest","timeElapsed":214,"timestamp":"2024-10-14T23:47:41.672Z"}
{"level":"info","message":"⌛ Building environment","timeElapsed":232,"timestamp":"2024-10-14T23:47:51.570Z"}
{"level":"info","message":"⌛ Validating testGranja.wtest","timeElapsed":206,"timestamp":"2024-10-14T23:47:51.781Z"}
{"level":"info","message":"⌛ Building environment","timeElapsed":281,"timestamp":"2024-10-14T23:48:01.267Z"}
{"level":"info","message":"⌛ Building environment","timeElapsed":181,"timestamp":"2024-10-14T23:48:01.448Z"}
{"level":"info","message":"⌛ Validating testGranja.wtest","timeElapsed":193,"timestamp":"2024-10-14T23:48:01.643Z"}
{"level":"info","message":"⌛ Validating testGranja.wtest","timeElapsed":191,"timestamp":"2024-10-14T23:48:01.834Z"}
{"level":"info","message":"⌛ Building environment","timeElapsed":201,"timestamp":"2024-10-14T23:48:02.116Z"}
{"level":"info","message":"⌛ Validating testGranja.wtest","timeElapsed":197,"timestamp":"2024-10-14T23:48:02.314Z"}
{"level":"info","message":"⌛ Building environment","timeElapsed":229,"timestamp":"2024-10-14T23:48:07.510Z"}
{"level":"info","message":"⌛ Building environment","timeElapsed":271,"timestamp":"2024-10-14T23:48:07.782Z"}
{"level":"info","message":"⌛ Validating testGranja.wtest","timeElapsed":199,"timestamp":"2024-10-14T23:48:07.981Z"}
{"level":"info","message":"⌛ Building environment","timeElapsed":209,"timestamp":"2024-10-14T23:48:08.191Z"}
{"level":"info","message":"⌛ Validating testGranja.wtest","timeElapsed":214,"timestamp":"2024-10-14T23:48:08.405Z"}
{"level":"info","message":"⌛ Building environment","timeElapsed":194,"timestamp":"2024-10-14T23:48:08.599Z"}
{"level":"info","message":"⌛ Validating testGranja.wtest","timeElapsed":228,"timestamp":"2024-10-14T23:48:08.835Z"}
{"level":"info","message":"⌛ Building environment","timeElapsed":270,"timestamp":"2024-10-14T23:48:09.105Z"}
{"level":"info","message":"⌛ Validating testGranja.wtest","timeElapsed":395,"timestamp":"2024-10-14T23:48:09.556Z"}
{"level":"info","message":"⌛ Building environment","timeElapsed":224,"timestamp":"2024-10-14T23:48:09.781Z"}
{"level":"info","message":"⌛ Building environment","timeElapsed":214,"timestamp":"2024-10-14T23:48:10.003Z"}
{"level":"info","message":"⌛ Building environment","timeElapsed":191,"timestamp":"2024-10-14T23:48:10.195Z"}
{"level":"info","message":"⌛ Building environment","timeElapsed":210,"timestamp":"2024-10-14T23:48:10.410Z"}
{"level":"info","message":"⌛ Validating testGranja.wtest","timeElapsed":192,"timestamp":"2024-10-14T23:48:10.603Z"}
{"level":"info","message":"onRequest - completionItem/resolve","timestamp":"2024-10-14T23:48:10.603Z"}
{"level":"info","message":"⌛ Validating testGranja.wtest","timeElapsed":190,"timestamp":"2024-10-14T23:48:10.803Z"}
{"level":"info","message":"⌛ Validating testGranja.wtest","timeElapsed":201,"timestamp":"2024-10-14T23:48:11.004Z"}
{"level":"info","message":"⌛ Validating testGranja.wtest","timeElapsed":209,"timestamp":"2024-10-14T23:48:11.213Z"}
{"level":"info","message":"⌛ Validating testGranja.wtest","timeElapsed":196,"timestamp":"2024-10-14T23:48:11.409Z"}
{"level":"info","message":"⌛ Building environment","timeElapsed":252,"timestamp":"2024-10-14T23:48:26.027Z"}
{"level":"info","message":"⌛ Validating testGranja.wtest","timeElapsed":196,"timestamp":"2024-10-14T23:48:26.226Z"}
{"level":"info","message":"⌛ Building environment","timeElapsed":205,"timestamp":"2024-10-14T23:48:27.321Z"}
{"level":"info","message":"⌛ Building environment","timeElapsed":253,"timestamp":"2024-10-14T23:48:27.620Z"}
{"level":"info","message":"⌛ Validating testGranja.wtest","timeElapsed":237,"timestamp":"2024-10-14T23:48:27.857Z"}
{"level":"info","message":"onRequest - completionItem/resolve","timestamp":"2024-10-14T23:48:27.858Z"}
{"level":"info","message":"⌛ Building environment","timeElapsed":201,"timestamp":"2024-10-14T23:48:28.060Z"}
{"level":"info","message":"onRequest - completionItem/resolve","timestamp":"2024-10-14T23:48:28.060Z"}
{"level":"info","message":"⌛ Validating testGranja.wtest","timeElapsed":218,"timestamp":"2024-10-14T23:48:28.279Z"}
{"level":"info","message":"⌛ Building environment","timeElapsed":348,"timestamp":"2024-10-14T23:48:28.629Z"}
{"level":"info","message":"onRequest - completionItem/resolve","timestamp":"2024-10-14T23:48:28.629Z"}
{"level":"info","message":"⌛ Validating testGranja.wtest","timeElapsed":209,"timestamp":"2024-10-14T23:48:28.847Z"}
{"level":"info","message":"onRequest - completionItem/resolve","timestamp":"2024-10-14T23:48:28.847Z"}
{"level":"info","message":"⌛ Building environment","timeElapsed":216,"timestamp":"2024-10-14T23:48:29.064Z"}
{"level":"info","message":"⌛ Validating testGranja.wtest","timeElapsed":221,"timestamp":"2024-10-14T23:48:29.294Z"}
{"level":"info","message":"⌛ Validating testGranja.wtest","timeElapsed":215,"timestamp":"2024-10-14T23:48:29.511Z"}
{"level":"info","message":"⌛ Building environment","timeElapsed":234,"timestamp":"2024-10-14T23:48:29.745Z"}
{"level":"info","message":"⌛ Building environment","timeElapsed":199,"timestamp":"2024-10-14T23:48:29.987Z"}
{"level":"info","message":"⌛ Building environment","timeElapsed":195,"timestamp":"2024-10-14T23:48:30.184Z"}
{"level":"info","message":"⌛ Building environment","timeElapsed":195,"timestamp":"2024-10-14T23:48:30.379Z"}
{"level":"info","message":"⌛ Building environment","timeElapsed":201,"timestamp":"2024-10-14T23:48:30.582Z"}
{"level":"info","message":"⌛ Validating testGranja.wtest","timeElapsed":215,"timestamp":"2024-10-14T23:48:30.797Z"}
{"level":"info","message":"onRequest - completionItem/resolve","timestamp":"2024-10-14T23:48:30.798Z"}
{"level":"info","message":"⌛ Building environment","timeElapsed":370,"timestamp":"2024-10-14T23:48:31.170Z"}
{"level":"info","message":"onRequest - completionItem/resolve","timestamp":"2024-10-14T23:48:31.170Z"}
{"level":"info","message":"⌛ Validating testGranja.wtest","timeElapsed":217,"timestamp":"2024-10-14T23:48:31.388Z"}
{"level":"info","message":"⌛ Validating testGranja.wtest","timeElapsed":219,"timestamp":"2024-10-14T23:48:31.609Z"}
{"level":"info","message":"⌛ Validating testGranja.wtest","timeElapsed":210,"timestamp":"2024-10-14T23:48:31.828Z"}
{"level":"info","message":"⌛ Building environment","timeElapsed":212,"timestamp":"2024-10-14T23:48:32.041Z"}
{"level":"info","message":"⌛ Validating testGranja.wtest","timeElapsed":320,"timestamp":"2024-10-14T23:48:32.362Z"}
{"level":"info","message":"⌛ Validating testGranja.wtest","timeElapsed":213,"timestamp":"2024-10-14T23:48:32.590Z"}
{"level":"info","message":"⌛ Validating testGranja.wtest","timeElapsed":216,"timestamp":"2024-10-14T23:48:32.807Z"}
{"level":"info","message":"⌛ Building environment","timeElapsed":194,"timestamp":"2024-10-14T23:48:36.861Z"}
{"level":"info","message":"⌛ Validating testGranja.wtest","timeElapsed":199,"timestamp":"2024-10-14T23:48:37.062Z"}
{"level":"info","message":"⌛ Building environment","timeElapsed":207,"timestamp":"2024-10-14T23:48:37.549Z"}
{"level":"info","message":"⌛ Validating testGranja.wtest","timeElapsed":206,"timestamp":"2024-10-14T23:48:37.756Z"}
{"level":"info","message":"⌛ Building environment","timeElapsed":364,"timestamp":"2024-10-14T23:48:44.318Z"}
{"level":"info","message":"⌛ Validating testGranja.wtest","timeElapsed":230,"timestamp":"2024-10-14T23:48:44.564Z"}
{"level":"info","message":"⌛ Building environment","timeElapsed":205,"timestamp":"2024-10-14T23:48:44.769Z"}
{"level":"info","message":"⌛ Building environment","timeElapsed":187,"timestamp":"2024-10-14T23:48:44.961Z"}
{"level":"info","message":"⌛ Validating testGranja.wtest","timeElapsed":223,"timestamp":"2024-10-14T23:48:45.185Z"}
{"level":"info","message":"⌛ Validating testGranja.wtest","timeElapsed":191,"timestamp":"2024-10-14T23:48:45.385Z"}
{"level":"info","message":"⌛ Building environment","timeElapsed":187,"timestamp":"2024-10-14T23:48:45.573Z"}
{"level":"info","message":"⌛ Validating testGranja.wtest","timeElapsed":198,"timestamp":"2024-10-14T23:48:45.780Z"}
{"level":"info","message":"⌛ Building environment","timeElapsed":259,"timestamp":"2024-10-14T23:48:52.727Z"}
{"level":"info","message":"⌛ Validating testGranja.wtest","timeElapsed":195,"timestamp":"2024-10-14T23:48:52.931Z"}
{"level":"info","message":"⌛ Building environment","timeElapsed":196,"timestamp":"2024-10-14T23:48:53.518Z"}
{"level":"info","message":"⌛ Validating testGranja.wtest","timeElapsed":199,"timestamp":"2024-10-14T23:48:53.718Z"}
{"level":"info","message":"⌛ Building environment","timeElapsed":301,"timestamp":"2024-10-14T23:50:24.017Z"}
{"level":"info","message":"⌛ Validating testGranja.wtest","timeElapsed":243,"timestamp":"2024-10-14T23:50:24.320Z"}
{"level":"info","message":"⌛ Building environment","timeElapsed":277,"timestamp":"2024-10-14T23:50:39.318Z"}
{"level":"info","message":"⌛ Validating testGranja.wtest","timeElapsed":208,"timestamp":"2024-10-14T23:50:39.534Z"}
{"level":"info","message":"⌛ Building environment","timeElapsed":438,"timestamp":"2024-10-14T23:51:03.732Z"}
{"level":"info","message":"⌛ Validating testGranja.wtest","timeElapsed":314,"timestamp":"2024-10-14T23:51:04.111Z"}
{"level":"info","message":"⌛ Building environment","timeElapsed":231,"timestamp":"2024-10-14T23:51:04.344Z"}
{"level":"info","message":"⌛ Building environment","timeElapsed":201,"timestamp":"2024-10-14T23:51:04.590Z"}
{"level":"info","message":"⌛ Building environment","timeElapsed":311,"timestamp":"2024-10-14T23:51:04.908Z"}
{"level":"info","message":"⌛ Validating testGranja.wtest","timeElapsed":254,"timestamp":"2024-10-14T23:51:05.175Z"}
{"level":"info","message":"onRequest - completionItem/resolve","timestamp":"2024-10-14T23:51:05.176Z"}
{"level":"info","message":"⌛ Validating testGranja.wtest","timeElapsed":241,"timestamp":"2024-10-14T23:51:05.426Z"}
{"level":"info","message":"⌛ Building environment","timeElapsed":288,"timestamp":"2024-10-14T23:51:05.716Z"}
{"level":"info","message":"onRequest - completionItem/resolve","timestamp":"2024-10-14T23:51:05.717Z"}
{"level":"info","message":"⌛ Building environment","timeElapsed":235,"timestamp":"2024-10-14T23:51:05.953Z"}
{"level":"info","message":"onRequest - completionItem/resolve","timestamp":"2024-10-14T23:51:05.954Z"}
{"level":"info","message":"⌛ Validating testGranja.wtest","timeElapsed":267,"timestamp":"2024-10-14T23:51:06.221Z"}
{"level":"info","message":"⌛ Building environment","timeElapsed":219,"timestamp":"2024-10-14T23:51:06.442Z"}
{"level":"info","message":"onRequest - completionItem/resolve","timestamp":"2024-10-14T23:51:06.443Z"}
{"level":"info","message":"⌛ Building environment","timeElapsed":225,"timestamp":"2024-10-14T23:51:06.679Z"}
{"level":"info","message":"⌛ Validating testGranja.wtest","timeElapsed":243,"timestamp":"2024-10-14T23:51:06.970Z"}
{"level":"info","message":"⌛ Building environment","timeElapsed":206,"timestamp":"2024-10-14T23:51:07.177Z"}
{"level":"info","message":"⌛ Building environment","timeElapsed":226,"timestamp":"2024-10-14T23:51:07.404Z"}
{"level":"info","message":"⌛ Validating testGranja.wtest","timeElapsed":212,"timestamp":"2024-10-14T23:51:07.617Z"}
{"level":"info","message":"⌛ Building environment","timeElapsed":201,"timestamp":"2024-10-14T23:51:07.819Z"}
{"level":"info","message":"⌛ Building environment","timeElapsed":195,"timestamp":"2024-10-14T23:51:08.014Z"}
{"level":"info","message":"⌛ Building environment","timeElapsed":205,"timestamp":"2024-10-14T23:51:08.220Z"}
{"level":"info","message":"⌛ Validating testGranja.wtest","timeElapsed":217,"timestamp":"2024-10-14T23:51:08.438Z"}
{"level":"info","message":"⌛ Building environment","timeElapsed":208,"timestamp":"2024-10-14T23:51:08.647Z"}
{"level":"info","message":"⌛ Building environment","timeElapsed":217,"timestamp":"2024-10-14T23:51:08.864Z"}
{"level":"info","message":"⌛ Validating testGranja.wtest","timeElapsed":211,"timestamp":"2024-10-14T23:51:09.075Z"}
{"level":"info","message":"onRequest - completionItem/resolve","timestamp":"2024-10-14T23:51:09.078Z"}
{"level":"info","message":"⌛ Building environment","timeElapsed":245,"timestamp":"2024-10-14T23:51:09.324Z"}
{"level":"info","message":"onRequest - completionItem/resolve","timestamp":"2024-10-14T23:51:09.325Z"}
{"level":"info","message":"⌛ Validating testGranja.wtest","timeElapsed":230,"timestamp":"2024-10-14T23:51:09.565Z"}
{"level":"info","message":"⌛ Building environment","timeElapsed":218,"timestamp":"2024-10-14T23:51:09.783Z"}
{"level":"info","message":"⌛ Validating testGranja.wtest","timeElapsed":325,"timestamp":"2024-10-14T23:51:10.108Z"}
{"level":"info","message":"⌛ Validating testGranja.wtest","timeElapsed":229,"timestamp":"2024-10-14T23:51:10.351Z"}
{"level":"info","message":"⌛ Validating testGranja.wtest","timeElapsed":217,"timestamp":"2024-10-14T23:51:10.571Z"}
{"level":"info","message":"⌛ Validating testGranja.wtest","timeElapsed":211,"timestamp":"2024-10-14T23:51:10.784Z"}
{"level":"info","message":"⌛ Validating testGranja.wtest","timeElapsed":204,"timestamp":"2024-10-14T23:51:10.990Z"}
{"level":"info","message":"⌛ Validating testGranja.wtest","timeElapsed":205,"timestamp":"2024-10-14T23:51:11.197Z"}
{"level":"info","message":"⌛ Validating testGranja.wtest","timeElapsed":252,"timestamp":"2024-10-14T23:51:11.452Z"}
{"level":"info","message":"⌛ Validating testGranja.wtest","timeElapsed":205,"timestamp":"2024-10-14T23:51:11.657Z"}
{"failures":[],"level":"info","message":"🧪 Test runner executed on /home/felipe/Documents/Universidad/Proramacion_Con_Objetos_1/2024s2-granja-villa-FeliQI-main/2024s2-granja-villa-FeliQI-5","result":{"failed":0,"ok":1},"timeElapsed":1330,"timestamp":"2024-10-14T23:51:14.623Z"}
{"level":"info","message":"⌛ Building environment","timeElapsed":310,"timestamp":"2024-10-14T23:51:19.962Z"}
{"level":"info","message":"⌛ Building environment","timeElapsed":204,"timestamp":"2024-10-14T23:51:20.166Z"}
{"level":"info","message":"⌛ Validating testGranja.wtest","timeElapsed":214,"timestamp":"2024-10-14T23:51:20.380Z"}
{"level":"info","message":"⌛ Validating testGranja.wtest","timeElapsed":193,"timestamp":"2024-10-14T23:51:20.574Z"}
{"level":"info","message":"⌛ Building environment","timeElapsed":315,"timestamp":"2024-10-14T23:52:21.325Z"}
{"level":"info","message":"⌛ Building environment","timeElapsed":369,"timestamp":"2024-10-14T23:52:21.697Z"}
{"level":"info","message":"⌛ Validating testGranja.wtest","timeElapsed":216,"timestamp":"2024-10-14T23:52:21.913Z"}
{"level":"info","message":"⌛ Validating testGranja.wtest","timeElapsed":231,"timestamp":"2024-10-14T23:52:22.159Z"}
{"level":"info","message":"⌛ Building environment","timeElapsed":312,"timestamp":"2024-10-14T23:52:22.473Z"}
{"level":"info","message":"⌛ Building environment","timeElapsed":220,"timestamp":"2024-10-14T23:52:22.706Z"}
{"level":"info","message":"⌛ Validating testGranja.wtest","timeElapsed":269,"timestamp":"2024-10-14T23:52:22.976Z"}
{"level":"info","message":"⌛ Building environment","timeElapsed":324,"timestamp":"2024-10-14T23:52:23.301Z"}
{"level":"info","message":"⌛ Validating testGranja.wtest","timeElapsed":273,"timestamp":"2024-10-14T23:52:23.574Z"}
{"level":"info","message":"⌛ Building environment","timeElapsed":218,"timestamp":"2024-10-14T23:52:23.793Z"}
{"level":"info","message":"⌛ Building environment","timeElapsed":299,"timestamp":"2024-10-14T23:52:24.093Z"}
{"level":"info","message":"⌛ Building environment","timeElapsed":219,"timestamp":"2024-10-14T23:52:24.328Z"}
{"level":"info","message":"⌛ Building environment","timeElapsed":209,"timestamp":"2024-10-14T23:52:24.538Z"}
{"level":"info","message":"⌛ Building environment","timeElapsed":309,"timestamp":"2024-10-14T23:52:24.849Z"}
{"level":"info","message":"⌛ Validating testGranja.wtest","timeElapsed":237,"timestamp":"2024-10-14T23:52:25.093Z"}
{"level":"info","message":"⌛ Building environment","timeElapsed":204,"timestamp":"2024-10-14T23:52:25.297Z"}
{"level":"info","message":"⌛ Validating testGranja.wtest","timeElapsed":238,"timestamp":"2024-10-14T23:52:25.551Z"}
{"level":"info","message":"⌛ Building environment","timeElapsed":354,"timestamp":"2024-10-14T23:52:25.906Z"}
{"level":"info","message":"⌛ Validating testGranja.wtest","timeElapsed":232,"timestamp":"2024-10-14T23:52:26.139Z"}
{"level":"info","message":"⌛ Building environment","timeElapsed":198,"timestamp":"2024-10-14T23:52:26.339Z"}
{"level":"info","message":"⌛ Building environment","timeElapsed":199,"timestamp":"2024-10-14T23:52:26.539Z"}
{"level":"info","message":"⌛ Validating testGranja.wtest","timeElapsed":229,"timestamp":"2024-10-14T23:52:26.774Z"}
{"level":"info","message":"⌛ Validating testGranja.wtest","timeElapsed":200,"timestamp":"2024-10-14T23:52:26.981Z"}
{"level":"info","message":"⌛ Validating testGranja.wtest","timeElapsed":233,"timestamp":"2024-10-14T23:52:27.215Z"}
{"level":"info","message":"⌛ Building environment","timeElapsed":195,"timestamp":"2024-10-14T23:52:27.411Z"}
{"level":"info","message":"⌛ Building environment","timeElapsed":206,"timestamp":"2024-10-14T23:52:27.618Z"}
{"level":"info","message":"⌛ Validating testGranja.wtest","timeElapsed":227,"timestamp":"2024-10-14T23:52:27.851Z"}
{"level":"info","message":"⌛ Building environment","timeElapsed":241,"timestamp":"2024-10-14T23:52:28.093Z"}
{"level":"info","message":"⌛ Building environment","timeElapsed":241,"timestamp":"2024-10-14T23:52:28.334Z"}
{"level":"info","message":"⌛ Building environment","timeElapsed":310,"timestamp":"2024-10-14T23:52:28.646Z"}
{"level":"info","message":"⌛ Validating testGranja.wtest","timeElapsed":228,"timestamp":"2024-10-14T23:52:28.882Z"}
{"level":"info","message":"⌛ Building environment","timeElapsed":212,"timestamp":"2024-10-14T23:52:29.096Z"}
{"level":"info","message":"⌛ Validating testGranja.wtest","timeElapsed":220,"timestamp":"2024-10-14T23:52:29.316Z"}
{"level":"info","message":"⌛ Validating testGranja.wtest","timeElapsed":214,"timestamp":"2024-10-14T23:52:29.531Z"}
{"level":"info","message":"⌛ Building environment","timeElapsed":198,"timestamp":"2024-10-14T23:52:29.736Z"}
{"level":"info","message":"⌛ Building environment","timeElapsed":188,"timestamp":"2024-10-14T23:52:29.932Z"}
{"level":"info","message":"⌛ Building environment","timeElapsed":192,"timestamp":"2024-10-14T23:52:30.124Z"}
{"level":"info","message":"⌛ Building environment","timeElapsed":192,"timestamp":"2024-10-14T23:52:30.321Z"}
{"level":"info","message":"⌛ Validating testGranja.wtest","timeElapsed":247,"timestamp":"2024-10-14T23:52:30.569Z"}
{"level":"info","message":"⌛ Building environment","timeElapsed":193,"timestamp":"2024-10-14T23:52:30.763Z"}
{"level":"info","message":"⌛ Building environment","timeElapsed":220,"timestamp":"2024-10-14T23:52:30.983Z"}
{"level":"info","message":"⌛ Validating testGranja.wtest","timeElapsed":226,"timestamp":"2024-10-14T23:52:31.210Z"}
{"level":"info","message":"⌛ Building environment","timeElapsed":216,"timestamp":"2024-10-14T23:52:31.427Z"}
{"level":"info","message":"⌛ Building environment","timeElapsed":226,"timestamp":"2024-10-14T23:52:31.653Z"}
{"level":"info","message":"⌛ Building environment","timeElapsed":373,"timestamp":"2024-10-14T23:52:32.027Z"}
{"level":"info","message":"⌛ Validating testGranja.wtest","timeElapsed":204,"timestamp":"2024-10-14T23:52:32.232Z"}
{"level":"info","message":"⌛ Building environment","timeElapsed":208,"timestamp":"2024-10-14T23:52:32.441Z"}
{"level":"info","message":"⌛ Building environment","timeElapsed":200,"timestamp":"2024-10-14T23:52:32.641Z"}
{"level":"info","message":"⌛ Validating testGranja.wtest","timeElapsed":202,"timestamp":"2024-10-14T23:52:32.848Z"}
{"level":"info","message":"⌛ Building environment","timeElapsed":259,"timestamp":"2024-10-14T23:52:33.109Z"}
{"level":"info","message":"⌛ Building environment","timeElapsed":192,"timestamp":"2024-10-14T23:52:33.301Z"}
{"level":"info","message":"⌛ Validating testGranja.wtest","timeElapsed":230,"timestamp":"2024-10-14T23:52:33.533Z"}
{"level":"info","message":"⌛ Building environment","timeElapsed":193,"timestamp":"2024-10-14T23:52:33.727Z"}
{"level":"info","message":"⌛ Building environment","timeElapsed":291,"timestamp":"2024-10-14T23:52:34.018Z"}
{"level":"info","message":"⌛ Building environment","timeElapsed":757,"timestamp":"2024-10-14T23:52:34.777Z"}
{"level":"info","message":"⌛ Validating testGranja.wtest","timeElapsed":240,"timestamp":"2024-10-14T23:52:35.018Z"}
{"level":"info","message":"⌛ Building environment","timeElapsed":226,"timestamp":"2024-10-14T23:52:35.245Z"}
{"level":"info","message":"⌛ Building environment","timeElapsed":209,"timestamp":"2024-10-14T23:52:35.467Z"}
{"level":"info","message":"⌛ Validating testGranja.wtest","timeElapsed":211,"timestamp":"2024-10-14T23:52:35.691Z"}
{"level":"info","message":"⌛ Validating testGranja.wtest","timeElapsed":220,"timestamp":"2024-10-14T23:52:35.911Z"}
{"level":"info","message":"⌛ Validating testGranja.wtest","timeElapsed":207,"timestamp":"2024-10-14T23:52:36.120Z"}
{"level":"info","message":"⌛ Validating testGranja.wtest","timeElapsed":217,"timestamp":"2024-10-14T23:52:36.337Z"}
{"level":"info","message":"⌛ Building environment","timeElapsed":301,"timestamp":"2024-10-14T23:52:36.638Z"}
{"level":"info","message":"⌛ Building environment","timeElapsed":188,"timestamp":"2024-10-14T23:52:36.827Z"}
{"level":"info","message":"⌛ Validating testGranja.wtest","timeElapsed":223,"timestamp":"2024-10-14T23:52:37.051Z"}
{"level":"info","message":"⌛ Building environment","timeElapsed":216,"timestamp":"2024-10-14T23:52:37.276Z"}
{"level":"info","message":"⌛ Building environment","timeElapsed":187,"timestamp":"2024-10-14T23:52:37.465Z"}
{"level":"info","message":"⌛ Validating testGranja.wtest","timeElapsed":195,"timestamp":"2024-10-14T23:52:37.660Z"}
{"level":"info","message":"⌛ Building environment","timeElapsed":187,"timestamp":"2024-10-14T23:52:37.848Z"}
{"level":"info","message":"⌛ Building environment","timeElapsed":188,"timestamp":"2024-10-14T23:52:38.042Z"}
{"level":"info","message":"⌛ Building environment","timeElapsed":198,"timestamp":"2024-10-14T23:52:38.240Z"}
{"level":"info","message":"⌛ Validating testGranja.wtest","timeElapsed":220,"timestamp":"2024-10-14T23:52:38.460Z"}
{"level":"info","message":"⌛ Building environment","timeElapsed":228,"timestamp":"2024-10-14T23:52:38.689Z"}
{"level":"info","message":"⌛ Building environment","timeElapsed":199,"timestamp":"2024-10-14T23:52:38.889Z"}
{"level":"info","message":"⌛ Validating testGranja.wtest","timeElapsed":196,"timestamp":"2024-10-14T23:52:39.086Z"}
{"level":"info","message":"⌛ Building environment","timeElapsed":190,"timestamp":"2024-10-14T23:52:39.276Z"}
{"level":"info","message":"⌛ Building environment","timeElapsed":197,"timestamp":"2024-10-14T23:52:39.473Z"}
{"level":"info","message":"⌛ Building environment","timeElapsed":192,"timestamp":"2024-10-14T23:52:39.666Z"}
{"level":"info","message":"⌛ Validating testGranja.wtest","timeElapsed":206,"timestamp":"2024-10-14T23:52:39.873Z"}
{"level":"info","message":"⌛ Building environment","timeElapsed":197,"timestamp":"2024-10-14T23:52:40.079Z"}
{"level":"info","message":"⌛ Validating testGranja.wtest","timeElapsed":209,"timestamp":"2024-10-14T23:52:40.293Z"}
{"level":"info","message":"⌛ Building environment","timeElapsed":191,"timestamp":"2024-10-14T23:52:40.484Z"}
{"level":"info","message":"⌛ Validating testGranja.wtest","timeElapsed":294,"timestamp":"2024-10-14T23:52:40.778Z"}
{"level":"info","message":"⌛ Validating testGranja.wtest","timeElapsed":390,"timestamp":"2024-10-14T23:52:41.184Z"}
{"level":"info","message":"⌛ Validating testGranja.wtest","timeElapsed":223,"timestamp":"2024-10-14T23:52:41.409Z"}
{"level":"info","message":"⌛ Validating testGranja.wtest","timeElapsed":196,"timestamp":"2024-10-14T23:52:41.605Z"}
{"level":"info","message":"⌛ Building environment","timeElapsed":192,"timestamp":"2024-10-14T23:52:41.797Z"}
{"level":"info","message":"⌛ Validating testGranja.wtest","timeElapsed":247,"timestamp":"2024-10-14T23:52:42.044Z"}
{"level":"info","message":"⌛ Building environment","timeElapsed":215,"timestamp":"2024-10-14T23:52:42.259Z"}
{"level":"info","message":"⌛ Building environment","timeElapsed":214,"timestamp":"2024-10-14T23:52:42.474Z"}
{"level":"info","message":"⌛ Building environment","timeElapsed":212,"timestamp":"2024-10-14T23:52:42.687Z"}
{"level":"info","message":"⌛ Building environment","timeElapsed":210,"timestamp":"2024-10-14T23:52:42.898Z"}
{"level":"info","message":"⌛ Building environment","timeElapsed":499,"timestamp":"2024-10-14T23:52:43.397Z"}
{"level":"info","message":"⌛ Validating testGranja.wtest","timeElapsed":243,"timestamp":"2024-10-14T23:52:43.641Z"}
{"level":"info","message":"⌛ Building environment","timeElapsed":271,"timestamp":"2024-10-14T23:52:43.921Z"}
{"level":"info","message":"⌛ Building environment","timeElapsed":233,"timestamp":"2024-10-14T23:52:44.160Z"}
{"level":"info","message":"⌛ Validating testGranja.wtest","timeElapsed":219,"timestamp":"2024-10-14T23:52:44.379Z"}
{"level":"info","message":"⌛ Building environment","timeElapsed":459,"timestamp":"2024-10-14T23:52:44.840Z"}
{"level":"info","message":"⌛ Validating testGranja.wtest","timeElapsed":238,"timestamp":"2024-10-14T23:52:45.078Z"}
{"level":"info","message":"⌛ Building environment","timeElapsed":212,"timestamp":"2024-10-14T23:52:45.300Z"}
{"level":"info","message":"⌛ Building environment","timeElapsed":199,"timestamp":"2024-10-14T23:52:45.506Z"}
{"level":"info","message":"⌛ Building environment","timeElapsed":205,"timestamp":"2024-10-14T23:52:45.712Z"}
{"level":"info","message":"⌛ Building environment","timeElapsed":217,"timestamp":"2024-10-14T23:52:45.931Z"}
{"level":"info","message":"⌛ Validating testGranja.wtest","timeElapsed":222,"timestamp":"2024-10-14T23:52:46.163Z"}
{"level":"info","message":"⌛ Validating testGranja.wtest","timeElapsed":207,"timestamp":"2024-10-14T23:52:46.371Z"}
{"level":"info","message":"⌛ Building environment","timeElapsed":189,"timestamp":"2024-10-14T23:52:46.560Z"}
{"level":"info","message":"⌛ Building environment","timeElapsed":229,"timestamp":"2024-10-14T23:52:46.794Z"}
{"level":"info","message":"⌛ Building environment","timeElapsed":286,"timestamp":"2024-10-14T23:52:47.082Z"}
{"level":"info","message":"⌛ Building environment","timeElapsed":245,"timestamp":"2024-10-14T23:52:47.329Z"}
{"level":"info","message":"⌛ Validating testGranja.wtest","timeElapsed":218,"timestamp":"2024-10-14T23:52:47.548Z"}
{"level":"info","message":"⌛ Validating testGranja.wtest","timeElapsed":251,"timestamp":"2024-10-14T23:52:47.799Z"}
{"level":"info","message":"⌛ Validating testGranja.wtest","timeElapsed":202,"timestamp":"2024-10-14T23:52:48.009Z"}
{"level":"info","message":"⌛ Validating testGranja.wtest","timeElapsed":197,"timestamp":"2024-10-14T23:52:48.207Z"}
{"level":"info","message":"⌛ Building environment","timeElapsed":193,"timestamp":"2024-10-14T23:52:48.400Z"}
{"level":"info","message":"⌛ Validating testGranja.wtest","timeElapsed":202,"timestamp":"2024-10-14T23:52:48.603Z"}
{"level":"info","message":"⌛ Building environment","timeElapsed":187,"timestamp":"2024-10-14T23:52:48.798Z"}
{"level":"info","message":"⌛ Building environment","timeElapsed":199,"timestamp":"2024-10-14T23:52:49.004Z"}
{"level":"info","message":"⌛ Building environment","timeElapsed":209,"timestamp":"2024-10-14T23:52:49.214Z"}
{"level":"info","message":"⌛ Validating testGranja.wtest","timeElapsed":231,"timestamp":"2024-10-14T23:52:49.445Z"}
{"level":"info","message":"⌛ Validating testGranja.wtest","timeElapsed":225,"timestamp":"2024-10-14T23:52:49.678Z"}
{"level":"info","message":"⌛ Validating testGranja.wtest","timeElapsed":199,"timestamp":"2024-10-14T23:52:49.880Z"}
{"level":"info","message":"⌛ Validating testGranja.wtest","timeElapsed":209,"timestamp":"2024-10-14T23:52:50.091Z"}
{"level":"info","message":"⌛ Validating testGranja.wtest","timeElapsed":199,"timestamp":"2024-10-14T23:52:50.292Z"}
{"level":"info","message":"⌛ Building environment","timeElapsed":399,"timestamp":"2024-10-14T23:52:50.693Z"}
{"level":"info","message":"⌛ Validating testGranja.wtest","timeElapsed":217,"timestamp":"2024-10-14T23:52:50.912Z"}
{"level":"info","message":"⌛ Validating testGranja.wtest","timeElapsed":195,"timestamp":"2024-10-14T23:52:51.114Z"}
{"level":"info","message":"⌛ Building environment","timeElapsed":199,"timestamp":"2024-10-14T23:52:51.314Z"}
{"level":"info","message":"⌛ Building environment","timeElapsed":214,"timestamp":"2024-10-14T23:52:51.528Z"}
{"level":"info","message":"⌛ Building environment","timeElapsed":256,"timestamp":"2024-10-14T23:52:51.785Z"}
{"level":"info","message":"⌛ Building environment","timeElapsed":193,"timestamp":"2024-10-14T23:52:51.980Z"}
{"level":"info","message":"⌛ Building environment","timeElapsed":199,"timestamp":"2024-10-14T23:52:52.180Z"}
{"level":"info","message":"⌛ Building environment","timeElapsed":244,"timestamp":"2024-10-14T23:52:52.424Z"}
{"level":"info","message":"⌛ Building environment","timeElapsed":271,"timestamp":"2024-10-14T23:52:52.696Z"}
{"level":"info","message":"⌛ Building environment","timeElapsed":194,"timestamp":"2024-10-14T23:52:52.892Z"}
{"level":"info","message":"⌛ Building environment","timeElapsed":188,"timestamp":"2024-10-14T23:52:53.081Z"}
{"level":"info","message":"⌛ Building environment","timeElapsed":195,"timestamp":"2024-10-14T23:52:53.277Z"}
{"level":"info","message":"⌛ Building environment","timeElapsed":192,"timestamp":"2024-10-14T23:52:53.474Z"}
{"level":"info","message":"⌛ Building environment","timeElapsed":216,"timestamp":"2024-10-14T23:52:53.691Z"}
{"level":"info","message":"⌛ Building environment","timeElapsed":194,"timestamp":"2024-10-14T23:52:53.886Z"}
{"level":"info","message":"⌛ Building environment","timeElapsed":205,"timestamp":"2024-10-14T23:52:54.092Z"}
{"level":"info","message":"⌛ Building environment","timeElapsed":194,"timestamp":"2024-10-14T23:52:54.286Z"}
{"level":"info","message":"⌛ Building environment","timeElapsed":204,"timestamp":"2024-10-14T23:52:54.491Z"}
{"level":"info","message":"⌛ Building environment","timeElapsed":188,"timestamp":"2024-10-14T23:52:54.680Z"}
{"level":"info","message":"⌛ Building environment","timeElapsed":220,"timestamp":"2024-10-14T23:52:54.900Z"}
{"level":"info","message":"⌛ Building environment","timeElapsed":204,"timestamp":"2024-10-14T23:52:55.106Z"}
{"level":"info","message":"⌛ Building environment","timeElapsed":198,"timestamp":"2024-10-14T23:52:55.305Z"}
{"level":"info","message":"⌛ Building environment","timeElapsed":193,"timestamp":"2024-10-14T23:52:55.498Z"}
{"level":"info","message":"⌛ Building environment","timeElapsed":192,"timestamp":"2024-10-14T23:52:55.691Z"}
{"level":"info","message":"⌛ Building environment","timeElapsed":193,"timestamp":"2024-10-14T23:52:55.884Z"}
{"level":"info","message":"⌛ Building environment","timeElapsed":192,"timestamp":"2024-10-14T23:52:56.076Z"}
{"level":"info","message":"⌛ Building environment","timeElapsed":192,"timestamp":"2024-10-14T23:52:56.269Z"}
{"level":"info","message":"⌛ Validating testGranja.wtest","timeElapsed":198,"timestamp":"2024-10-14T23:52:56.475Z"}
{"level":"info","message":"⌛ Building environment","timeElapsed":190,"timestamp":"2024-10-14T23:52:56.665Z"}
{"level":"info","message":"⌛ Building environment","timeElapsed":197,"timestamp":"2024-10-14T23:52:56.862Z"}
{"level":"info","message":"⌛ Building environment","timeElapsed":1480,"timestamp":"2024-10-14T23:52:58.353Z"}
{"level":"info","message":"⌛ Building environment","timeElapsed":210,"timestamp":"2024-10-14T23:52:58.563Z"}
{"level":"info","message":"⌛ Validating testGranja.wtest","timeElapsed":235,"timestamp":"2024-10-14T23:52:58.806Z"}
{"level":"info","message":"⌛ Building environment","timeElapsed":189,"timestamp":"2024-10-14T23:52:58.995Z"}
{"level":"info","message":"⌛ Validating testGranja.wtest","timeElapsed":219,"timestamp":"2024-10-14T23:52:59.216Z"}
{"level":"info","message":"⌛ Building environment","timeElapsed":203,"timestamp":"2024-10-14T23:52:59.419Z"}
{"level":"info","message":"⌛ Building environment","timeElapsed":208,"timestamp":"2024-10-14T23:52:59.629Z"}
{"level":"info","message":"⌛ Validating testGranja.wtest","timeElapsed":212,"timestamp":"2024-10-14T23:52:59.841Z"}
{"level":"info","message":"⌛ Building environment","timeElapsed":190,"timestamp":"2024-10-14T23:53:00.032Z"}
{"level":"info","message":"⌛ Building environment","timeElapsed":299,"timestamp":"2024-10-14T23:53:00.336Z"}
{"level":"info","message":"⌛ Validating testGranja.wtest","timeElapsed":224,"timestamp":"2024-10-14T23:53:00.562Z"}
{"level":"info","message":"⌛ Building environment","timeElapsed":195,"timestamp":"2024-10-14T23:53:00.758Z"}
{"level":"info","message":"⌛ Building environment","timeElapsed":186,"timestamp":"2024-10-14T23:53:00.944Z"}
{"level":"info","message":"⌛ Building environment","timeElapsed":184,"timestamp":"2024-10-14T23:53:01.129Z"}
{"level":"info","message":"⌛ Building environment","timeElapsed":187,"timestamp":"2024-10-14T23:53:01.317Z"}
{"level":"info","message":"⌛ Validating testGranja.wtest","timeElapsed":224,"timestamp":"2024-10-14T23:53:01.542Z"}
{"level":"info","message":"⌛ Building environment","timeElapsed":198,"timestamp":"2024-10-14T23:53:01.742Z"}
{"level":"info","message":"⌛ Building environment","timeElapsed":200,"timestamp":"2024-10-14T23:53:01.943Z"}
{"level":"info","message":"⌛ Validating testGranja.wtest","timeElapsed":225,"timestamp":"2024-10-14T23:53:02.176Z"}
{"level":"info","message":"⌛ Building environment","timeElapsed":194,"timestamp":"2024-10-14T23:53:02.371Z"}
{"level":"info","message":"⌛ Building environment","timeElapsed":189,"timestamp":"2024-10-14T23:53:02.561Z"}
{"level":"info","message":"⌛ Validating testGranja.wtest","timeElapsed":196,"timestamp":"2024-10-14T23:53:02.757Z"}
{"level":"info","message":"⌛ Building environment","timeElapsed":180,"timestamp":"2024-10-14T23:53:02.937Z"}
{"level":"info","message":"⌛ Building environment","timeElapsed":192,"timestamp":"2024-10-14T23:53:03.140Z"}
{"level":"info","message":"⌛ Validating testGranja.wtest","timeElapsed":199,"timestamp":"2024-10-14T23:53:03.340Z"}
{"level":"info","message":"⌛ Building environment","timeElapsed":187,"timestamp":"2024-10-14T23:53:03.528Z"}
{"level":"info","message":"⌛ Building environment","timeElapsed":198,"timestamp":"2024-10-14T23:53:03.726Z"}
{"level":"info","message":"⌛ Building environment","timeElapsed":185,"timestamp":"2024-10-14T23:53:03.912Z"}
{"level":"info","message":"⌛ Validating testGranja.wtest","timeElapsed":196,"timestamp":"2024-10-14T23:53:04.110Z"}
{"level":"info","message":"⌛ Validating testGranja.wtest","timeElapsed":190,"timestamp":"2024-10-14T23:53:04.307Z"}
{"level":"info","message":"⌛ Building environment","timeElapsed":192,"timestamp":"2024-10-14T23:53:04.500Z"}
{"level":"info","message":"⌛ Validating testGranja.wtest","timeElapsed":199,"timestamp":"2024-10-14T23:53:04.703Z"}
{"level":"info","message":"⌛ Building environment","timeElapsed":185,"timestamp":"2024-10-14T23:53:04.888Z"}
{"level":"info","message":"⌛ Building environment","timeElapsed":185,"timestamp":"2024-10-14T23:53:05.073Z"}
{"level":"info","message":"⌛ Validating testGranja.wtest","timeElapsed":204,"timestamp":"2024-10-14T23:53:05.278Z"}
{"level":"info","message":"⌛ Building environment","timeElapsed":185,"timestamp":"2024-10-14T23:53:05.463Z"}
{"level":"info","message":"⌛ Building environment","timeElapsed":191,"timestamp":"2024-10-14T23:53:05.659Z"}
{"level":"info","message":"⌛ Building environment","timeElapsed":185,"timestamp":"2024-10-14T23:53:05.844Z"}
{"level":"info","message":"⌛ Validating testGranja.wtest","timeElapsed":197,"timestamp":"2024-10-14T23:53:06.053Z"}
{"level":"info","message":"⌛ Building environment","timeElapsed":188,"timestamp":"2024-10-14T23:53:06.242Z"}
{"level":"info","message":"⌛ Building environment","timeElapsed":185,"timestamp":"2024-10-14T23:53:06.428Z"}
{"level":"info","message":"⌛ Validating testGranja.wtest","timeElapsed":197,"timestamp":"2024-10-14T23:53:06.625Z"}
{"level":"info","message":"⌛ Building environment","timeElapsed":184,"timestamp":"2024-10-14T23:53:06.811Z"}
{"level":"info","message":"⌛ Building environment","timeElapsed":185,"timestamp":"2024-10-14T23:53:07.002Z"}
{"level":"info","message":"⌛ Validating testGranja.wtest","timeElapsed":197,"timestamp":"2024-10-14T23:53:07.200Z"}
{"level":"info","message":"⌛ Building environment","timeElapsed":198,"timestamp":"2024-10-14T23:53:07.398Z"}
{"level":"info","message":"⌛ Building environment","timeElapsed":191,"timestamp":"2024-10-14T23:53:07.589Z"}
{"level":"info","message":"⌛ Validating testGranja.wtest","timeElapsed":196,"timestamp":"2024-10-14T23:53:07.785Z"}
{"level":"info","message":"⌛ Building environment","timeElapsed":190,"timestamp":"2024-10-14T23:53:07.975Z"}
{"level":"info","message":"⌛ Building environment","timeElapsed":190,"timestamp":"2024-10-14T23:53:08.165Z"}
{"level":"info","message":"⌛ Building environment","timeElapsed":208,"timestamp":"2024-10-14T23:53:08.374Z"}
{"level":"info","message":"⌛ Building environment","timeElapsed":283,"timestamp":"2024-10-14T23:53:08.657Z"}
{"level":"info","message":"⌛ Validating testGranja.wtest","timeElapsed":210,"timestamp":"2024-10-14T23:53:08.886Z"}
{"level":"info","message":"⌛ Validating testGranja.wtest","timeElapsed":194,"timestamp":"2024-10-14T23:53:09.080Z"}
{"level":"info","message":"⌛ Building environment","timeElapsed":187,"timestamp":"2024-10-14T23:53:09.268Z"}
{"level":"info","message":"⌛ Validating testGranja.wtest","timeElapsed":192,"timestamp":"2024-10-14T23:53:09.464Z"}
{"level":"info","message":"⌛ Building environment","timeElapsed":185,"timestamp":"2024-10-14T23:53:09.650Z"}
{"level":"info","message":"⌛ Validating testGranja.wtest","timeElapsed":193,"timestamp":"2024-10-14T23:53:09.844Z"}
{"level":"info","message":"⌛ Building environment","timeElapsed":206,"timestamp":"2024-10-14T23:53:10.050Z"}
{"level":"info","message":"⌛ Building environment","timeElapsed":186,"timestamp":"2024-10-14T23:53:10.236Z"}
{"level":"info","message":"⌛ Building environment","timeElapsed":189,"timestamp":"2024-10-14T23:53:10.431Z"}
{"level":"info","message":"⌛ Building environment","timeElapsed":188,"timestamp":"2024-10-14T23:53:10.621Z"}
{"level":"info","message":"⌛ Building environment","timeElapsed":197,"timestamp":"2024-10-14T23:53:10.829Z"}
{"level":"info","message":"⌛ Building environment","timeElapsed":184,"timestamp":"2024-10-14T23:53:11.023Z"}
{"level":"info","message":"⌛ Building environment","timeElapsed":196,"timestamp":"2024-10-14T23:53:11.219Z"}
{"level":"info","message":"⌛ Building environment","timeElapsed":188,"timestamp":"2024-10-14T23:53:11.408Z"}
{"level":"info","message":"⌛ Validating testGranja.wtest","timeElapsed":200,"timestamp":"2024-10-14T23:53:11.609Z"}
{"level":"info","message":"⌛ Validating testGranja.wtest","timeElapsed":207,"timestamp":"2024-10-14T23:53:11.824Z"}
{"level":"info","message":"⌛ Building environment","timeElapsed":342,"timestamp":"2024-10-14T23:53:12.167Z"}
{"level":"info","message":"⌛ Validating testGranja.wtest","timeElapsed":193,"timestamp":"2024-10-14T23:53:12.366Z"}
{"level":"info","message":"⌛ Building environment","timeElapsed":191,"timestamp":"2024-10-14T23:53:12.557Z"}
{"level":"info","message":"⌛ Validating testGranja.wtest","timeElapsed":192,"timestamp":"2024-10-14T23:53:12.750Z"}
{"level":"info","message":"⌛ Validating testGranja.wtest","timeElapsed":188,"timestamp":"2024-10-14T23:53:12.947Z"}
{"level":"info","message":"⌛ Validating testGranja.wtest","timeElapsed":191,"timestamp":"2024-10-14T23:53:13.138Z"}
{"level":"info","message":"⌛ Validating testGranja.wtest","timeElapsed":189,"timestamp":"2024-10-14T23:53:13.327Z"}
{"level":"info","message":"⌛ Validating testGranja.wtest","timeElapsed":190,"timestamp":"2024-10-14T23:53:13.517Z"}
{"level":"info","message":"⌛ Validating testGranja.wtest","timeElapsed":193,"timestamp":"2024-10-14T23:53:13.710Z"}
{"level":"info","message":"⌛ Validating testGranja.wtest","timeElapsed":191,"timestamp":"2024-10-14T23:53:13.901Z"}
{"level":"info","message":"⌛ Validating testGranja.wtest","timeElapsed":196,"timestamp":"2024-10-14T23:53:14.099Z"}
{"level":"info","message":"⌛ Validating testGranja.wtest","timeElapsed":194,"timestamp":"2024-10-14T23:53:14.293Z"}
{"level":"info","message":"⌛ Validating testGranja.wtest","timeElapsed":192,"timestamp":"2024-10-14T23:53:14.485Z"}
{"level":"info","message":"⌛ Validating testGranja.wtest","timeElapsed":200,"timestamp":"2024-10-14T23:53:14.685Z"}
{"level":"info","message":"⌛ Building environment","timeElapsed":213,"timestamp":"2024-10-14T23:53:14.899Z"}
{"level":"info","message":"⌛ Validating testGranja.wtest","timeElapsed":197,"timestamp":"2024-10-14T23:53:15.096Z"}
{"level":"info","message":"⌛ Validating testGranja.wtest","timeElapsed":196,"timestamp":"2024-10-14T23:53:15.300Z"}
{"level":"info","message":"⌛ Validating testGranja.wtest","timeElapsed":198,"timestamp":"2024-10-14T23:53:15.498Z"}
{"level":"info","message":"⌛ Validating testGranja.wtest","timeElapsed":194,"timestamp":"2024-10-14T23:53:15.692Z"}
{"level":"info","message":"⌛ Building environment","timeElapsed":470,"timestamp":"2024-10-14T23:53:16.163Z"}
{"level":"info","message":"⌛ Building environment","timeElapsed":200,"timestamp":"2024-10-14T23:53:16.369Z"}
{"level":"info","message":"⌛ Validating testGranja.wtest","timeElapsed":218,"timestamp":"2024-10-14T23:53:16.588Z"}
{"level":"info","message":"⌛ Validating testGranja.wtest","timeElapsed":200,"timestamp":"2024-10-14T23:53:16.797Z"}
{"level":"info","message":"⌛ Validating testGranja.wtest","timeElapsed":220,"timestamp":"2024-10-14T23:53:17.018Z"}
{"level":"info","message":"⌛ Validating testGranja.wtest","timeElapsed":214,"timestamp":"2024-10-14T23:53:17.232Z"}
{"level":"info","message":"⌛ Validating testGranja.wtest","timeElapsed":227,"timestamp":"2024-10-14T23:53:17.460Z"}
{"level":"info","message":"⌛ Validating testGranja.wtest","timeElapsed":243,"timestamp":"2024-10-14T23:53:17.703Z"}
{"level":"info","message":"⌛ Validating testGranja.wtest","timeElapsed":213,"timestamp":"2024-10-14T23:53:17.916Z"}
{"level":"info","message":"⌛ Validating testGranja.wtest","timeElapsed":211,"timestamp":"2024-10-14T23:53:18.127Z"}
{"level":"info","message":"⌛ Validating testGranja.wtest","timeElapsed":227,"timestamp":"2024-10-14T23:53:18.354Z"}
{"level":"info","message":"⌛ Validating testGranja.wtest","timeElapsed":241,"timestamp":"2024-10-14T23:53:18.596Z"}
{"level":"info","message":"⌛ Building environment","timeElapsed":464,"timestamp":"2024-10-14T23:53:19.061Z"}
{"level":"info","message":"⌛ Building environment","timeElapsed":282,"timestamp":"2024-10-14T23:53:19.373Z"}
{"level":"info","message":"⌛ Building environment","timeElapsed":229,"timestamp":"2024-10-14T23:53:19.609Z"}
{"level":"info","message":"⌛ Building environment","timeElapsed":231,"timestamp":"2024-10-14T23:53:19.841Z"}
{"level":"info","message":"⌛ Validating testGranja.wtest","timeElapsed":244,"timestamp":"2024-10-14T23:53:20.085Z"}
{"level":"info","message":"⌛ Validating testGranja.wtest","timeElapsed":200,"timestamp":"2024-10-14T23:53:20.293Z"}
{"level":"info","message":"⌛ Building environment","timeElapsed":185,"timestamp":"2024-10-14T23:53:20.479Z"}
{"level":"info","message":"⌛ Validating testGranja.wtest","timeElapsed":224,"timestamp":"2024-10-14T23:53:20.704Z"}
{"level":"info","message":"⌛ Building environment","timeElapsed":214,"timestamp":"2024-10-14T23:53:20.927Z"}
{"level":"info","message":"⌛ Validating testGranja.wtest","timeElapsed":207,"timestamp":"2024-10-14T23:53:21.142Z"}
{"level":"info","message":"⌛ Building environment","timeElapsed":194,"timestamp":"2024-10-14T23:53:21.336Z"}
{"level":"info","message":"⌛ Building environment","timeElapsed":193,"timestamp":"2024-10-14T23:53:21.531Z"}
{"level":"info","message":"⌛ Validating testGranja.wtest","timeElapsed":201,"timestamp":"2024-10-14T23:53:21.737Z"}
{"level":"info","message":"⌛ Validating testGranja.wtest","timeElapsed":202,"timestamp":"2024-10-14T23:53:21.947Z"}
{"level":"info","message":"⌛ Building environment","timeElapsed":222,"timestamp":"2024-10-14T23:53:22.169Z"}
{"level":"info","message":"⌛ Building environment","timeElapsed":193,"timestamp":"2024-10-14T23:53:22.363Z"}
{"level":"info","message":"⌛ Validating testGranja.wtest","timeElapsed":199,"timestamp":"2024-10-14T23:53:22.563Z"}
{"level":"info","message":"⌛ Building environment","timeElapsed":193,"timestamp":"2024-10-14T23:53:22.758Z"}
{"level":"info","message":"⌛ Validating testGranja.wtest","timeElapsed":201,"timestamp":"2024-10-14T23:53:22.967Z"}
{"level":"info","message":"⌛ Validating testGranja.wtest","timeElapsed":192,"timestamp":"2024-10-14T23:53:23.160Z"}
{"level":"info","message":"⌛ Validating testGranja.wtest","timeElapsed":196,"timestamp":"2024-10-14T23:53:23.357Z"}
{"level":"info","message":"⌛ Building environment","timeElapsed":190,"timestamp":"2024-10-14T23:53:23.548Z"}
{"level":"info","message":"⌛ Validating testGranja.wtest","timeElapsed":203,"timestamp":"2024-10-14T23:53:23.751Z"}
{"level":"info","message":"⌛ Building environment","timeElapsed":195,"timestamp":"2024-10-14T23:53:23.946Z"}
{"level":"info","message":"⌛ Building environment","timeElapsed":193,"timestamp":"2024-10-14T23:53:24.139Z"}
{"level":"info","message":"⌛ Validating testGranja.wtest","timeElapsed":202,"timestamp":"2024-10-14T23:53:24.342Z"}
{"level":"info","message":"⌛ Building environment","timeElapsed":192,"timestamp":"2024-10-14T23:53:24.535Z"}
{"level":"info","message":"⌛ Validating testGranja.wtest","timeElapsed":277,"timestamp":"2024-10-14T23:53:24.813Z"}
{"level":"info","message":"⌛ Building environment","timeElapsed":225,"timestamp":"2024-10-14T23:53:25.040Z"}
{"level":"info","message":"⌛ Building environment","timeElapsed":192,"timestamp":"2024-10-14T23:53:25.232Z"}
{"level":"info","message":"⌛ Validating testGranja.wtest","timeElapsed":201,"timestamp":"2024-10-14T23:53:25.442Z"}
{"level":"info","message":"⌛ Validating testGranja.wtest","timeElapsed":194,"timestamp":"2024-10-14T23:53:25.636Z"}
{"level":"info","message":"⌛ Validating testGranja.wtest","timeElapsed":205,"timestamp":"2024-10-14T23:53:25.841Z"}
{"level":"info","message":"⌛ Validating testGranja.wtest","timeElapsed":213,"timestamp":"2024-10-14T23:53:26.054Z"}
{"level":"info","message":"⌛ Validating testGranja.wtest","timeElapsed":207,"timestamp":"2024-10-14T23:53:26.262Z"}
{"level":"info","message":"⌛ Validating testGranja.wtest","timeElapsed":197,"timestamp":"2024-10-14T23:53:26.460Z"}
{"level":"info","message":"⌛ Validating testGranja.wtest","timeElapsed":206,"timestamp":"2024-10-14T23:53:26.666Z"}
{"level":"info","message":"⌛ Validating testGranja.wtest","timeElapsed":209,"timestamp":"2024-10-14T23:53:26.877Z"}
{"level":"info","message":"⌛ Validating testGranja.wtest","timeElapsed":219,"timestamp":"2024-10-14T23:53:27.096Z"}
{"level":"info","message":"⌛ Validating testGranja.wtest","timeElapsed":203,"timestamp":"2024-10-14T23:53:27.299Z"}
{"level":"info","message":"⌛ Validating testGranja.wtest","timeElapsed":204,"timestamp":"2024-10-14T23:53:27.504Z"}
{"level":"info","message":"⌛ Validating testGranja.wtest","timeElapsed":195,"timestamp":"2024-10-14T23:53:27.699Z"}
{"level":"info","message":"⌛ Validating testGranja.wtest","timeElapsed":193,"timestamp":"2024-10-14T23:53:27.893Z"}
{"level":"info","message":"⌛ Validating testGranja.wtest","timeElapsed":297,"timestamp":"2024-10-14T23:53:28.190Z"}
{"level":"info","message":"⌛ Validating testGranja.wtest","timeElapsed":237,"timestamp":"2024-10-14T23:53:28.427Z"}
{"level":"info","message":"⌛ Validating testGranja.wtest","timeElapsed":214,"timestamp":"2024-10-14T23:53:28.642Z"}
{"level":"info","message":"⌛ Validating testGranja.wtest","timeElapsed":203,"timestamp":"2024-10-14T23:53:28.846Z"}
{"level":"info","message":"⌛ Validating testGranja.wtest","timeElapsed":212,"timestamp":"2024-10-14T23:53:29.058Z"}
{"level":"info","message":"⌛ Validating testGranja.wtest","timeElapsed":231,"timestamp":"2024-10-14T23:53:29.289Z"}
{"level":"info","message":"⌛ Validating testGranja.wtest","timeElapsed":210,"timestamp":"2024-10-14T23:53:29.499Z"}
{"level":"info","message":"⌛ Validating testGranja.wtest","timeElapsed":225,"timestamp":"2024-10-14T23:53:29.725Z"}
{"level":"info","message":"⌛ Validating testGranja.wtest","timeElapsed":226,"timestamp":"2024-10-14T23:53:29.951Z"}
{"level":"info","message":"⌛ Validating testGranja.wtest","timeElapsed":216,"timestamp":"2024-10-14T23:53:30.168Z"}
{"level":"info","message":"⌛ Validating testGranja.wtest","timeElapsed":217,"timestamp":"2024-10-14T23:53:30.385Z"}
{"level":"info","message":"⌛ Validating testGranja.wtest","timeElapsed":202,"timestamp":"2024-10-14T23:53:30.587Z"}
{"level":"info","message":"⌛ Validating testGranja.wtest","timeElapsed":203,"timestamp":"2024-10-14T23:53:30.790Z"}
{"level":"info","message":"⌛ Validating testGranja.wtest","timeElapsed":218,"timestamp":"2024-10-14T23:53:31.008Z"}
{"level":"info","message":"⌛ Validating testGranja.wtest","timeElapsed":223,"timestamp":"2024-10-14T23:53:31.231Z"}
{"level":"info","message":"⌛ Validating testGranja.wtest","timeElapsed":208,"timestamp":"2024-10-14T23:53:31.440Z"}
{"level":"info","message":"⌛ Validating testGranja.wtest","timeElapsed":194,"timestamp":"2024-10-14T23:53:31.635Z"}
{"level":"info","message":"⌛ Validating testGranja.wtest","timeElapsed":223,"timestamp":"2024-10-14T23:53:31.858Z"}
{"level":"info","message":"⌛ Validating testGranja.wtest","timeElapsed":218,"timestamp":"2024-10-14T23:53:32.076Z"}
{"level":"info","message":"⌛ Validating testGranja.wtest","timeElapsed":200,"timestamp":"2024-10-14T23:53:32.279Z"}
{"level":"info","message":"⌛ Validating testGranja.wtest","timeElapsed":194,"timestamp":"2024-10-14T23:53:32.477Z"}
{"level":"info","message":"⌛ Validating testGranja.wtest","timeElapsed":200,"timestamp":"2024-10-14T23:53:32.680Z"}
{"level":"info","message":"⌛ Validating testGranja.wtest","timeElapsed":189,"timestamp":"2024-10-14T23:53:32.872Z"}
{"level":"info","message":"⌛ Building environment","timeElapsed":252,"timestamp":"2024-10-14T23:53:33.127Z"}
{"level":"info","message":"⌛ Building environment","timeElapsed":224,"timestamp":"2024-10-14T23:53:33.351Z"}
{"level":"info","message":"⌛ Validating testGranja.wtest","timeElapsed":261,"timestamp":"2024-10-14T23:53:33.613Z"}
{"level":"info","message":"⌛ Validating testGranja.wtest","timeElapsed":241,"timestamp":"2024-10-14T23:53:33.868Z"}
{"level":"info","message":"⌛ Building environment","timeElapsed":304,"timestamp":"2024-10-14T23:53:34.175Z"}
{"level":"info","message":"⌛ Building environment","timeElapsed":202,"timestamp":"2024-10-14T23:53:34.386Z"}
{"level":"info","message":"⌛ Building environment","timeElapsed":220,"timestamp":"2024-10-14T23:53:34.608Z"}
{"level":"info","message":"⌛ Building environment","timeElapsed":333,"timestamp":"2024-10-14T23:53:34.941Z"}
{"level":"info","message":"⌛ Building environment","timeElapsed":226,"timestamp":"2024-10-14T23:53:35.167Z"}
{"level":"info","message":"⌛ Building environment","timeElapsed":206,"timestamp":"2024-10-14T23:53:35.381Z"}
{"level":"info","message":"⌛ Building environment","timeElapsed":207,"timestamp":"2024-10-14T23:53:35.588Z"}
{"level":"info","message":"⌛ Building environment","timeElapsed":213,"timestamp":"2024-10-14T23:53:35.802Z"}
{"level":"info","message":"⌛ Building environment","timeElapsed":195,"timestamp":"2024-10-14T23:53:36.006Z"}
{"level":"info","message":"⌛ Building environment","timeElapsed":192,"timestamp":"2024-10-14T23:53:36.200Z"}
{"level":"info","message":"⌛ Building environment","timeElapsed":322,"timestamp":"2024-10-14T23:53:36.528Z"}
{"level":"info","message":"⌛ Building environment","timeElapsed":194,"timestamp":"2024-10-14T23:53:36.722Z"}
{"level":"info","message":"⌛ Building environment","timeElapsed":214,"timestamp":"2024-10-14T23:53:36.937Z"}
{"level":"info","message":"⌛ Building environment","timeElapsed":193,"timestamp":"2024-10-14T23:53:37.132Z"}
{"level":"info","message":"⌛ Building environment","timeElapsed":204,"timestamp":"2024-10-14T23:53:37.337Z"}
{"level":"info","message":"⌛ Building environment","timeElapsed":231,"timestamp":"2024-10-14T23:53:37.569Z"}
{"level":"info","message":"⌛ Building environment","timeElapsed":198,"timestamp":"2024-10-14T23:53:37.768Z"}
{"level":"info","message":"⌛ Validating testGranja.wtest","timeElapsed":209,"timestamp":"2024-10-14T23:53:37.978Z"}
{"level":"info","message":"⌛ Building environment","timeElapsed":213,"timestamp":"2024-10-14T23:53:38.191Z"}
{"level":"info","message":"⌛ Building environment","timeElapsed":1117,"timestamp":"2024-10-14T23:53:39.312Z"}
{"level":"info","message":"⌛ Validating testGranja.wtest","timeElapsed":300,"timestamp":"2024-10-14T23:53:39.613Z"}
{"level":"info","message":"⌛ Building environment","timeElapsed":194,"timestamp":"2024-10-14T23:53:39.807Z"}
{"level":"info","message":"⌛ Building environment","timeElapsed":190,"timestamp":"2024-10-14T23:53:39.997Z"}
{"level":"info","message":"⌛ Validating testGranja.wtest","timeElapsed":212,"timestamp":"2024-10-14T23:53:40.210Z"}
{"level":"info","message":"⌛ Building environment","timeElapsed":194,"timestamp":"2024-10-14T23:53:40.405Z"}
{"level":"info","message":"⌛ Validating testGranja.wtest","timeElapsed":205,"timestamp":"2024-10-14T23:53:40.611Z"}
{"level":"info","message":"⌛ Validating testGranja.wtest","timeElapsed":192,"timestamp":"2024-10-14T23:53:40.810Z"}
{"level":"info","message":"⌛ Building environment","timeElapsed":249,"timestamp":"2024-10-14T23:53:41.059Z"}
{"level":"info","message":"⌛ Building environment","timeElapsed":247,"timestamp":"2024-10-14T23:53:41.308Z"}
{"level":"info","message":"⌛ Building environment","timeElapsed":189,"timestamp":"2024-10-14T23:53:41.501Z"}
{"level":"info","message":"⌛ Building environment","timeElapsed":189,"timestamp":"2024-10-14T23:53:41.691Z"}
{"level":"info","message":"⌛ Validating testGranja.wtest","timeElapsed":203,"timestamp":"2024-10-14T23:53:41.894Z"}
{"level":"info","message":"⌛ Validating testGranja.wtest","timeElapsed":202,"timestamp":"2024-10-14T23:53:42.105Z"}
{"level":"info","message":"⌛ Validating testGranja.wtest","timeElapsed":188,"timestamp":"2024-10-14T23:53:42.296Z"}
{"level":"info","message":"⌛ Validating testGranja.wtest","timeElapsed":203,"timestamp":"2024-10-14T23:53:42.501Z"}
{"level":"info","message":"⌛ Validating testGranja.wtest","timeElapsed":190,"timestamp":"2024-10-14T23:53:42.693Z"}
{"level":"info","message":"⌛ Validating testGranja.wtest","timeElapsed":184,"timestamp":"2024-10-14T23:53:42.879Z"}
{"level":"info","message":"⌛ Validating testGranja.wtest","timeElapsed":190,"timestamp":"2024-10-14T23:53:43.071Z"}
{"level":"info","message":"⌛ Validating testGranja.wtest","timeElapsed":184,"timestamp":"2024-10-14T23:53:43.258Z"}
{"level":"info","message":"⌛ Validating testGranja.wtest","timeElapsed":185,"timestamp":"2024-10-14T23:53:43.445Z"}
{"level":"info","message":"⌛ Validating testGranja.wtest","timeElapsed":193,"timestamp":"2024-10-14T23:53:43.640Z"}
{"level":"info","message":"⌛ Validating testGranja.wtest","timeElapsed":189,"timestamp":"2024-10-14T23:53:43.832Z"}
{"level":"info","message":"⌛ Validating testGranja.wtest","timeElapsed":190,"timestamp":"2024-10-14T23:53:44.023Z"}
{"level":"info","message":"⌛ Building environment","timeElapsed":183,"timestamp":"2024-10-14T23:53:44.208Z"}
{"level":"info","message":"⌛ Building environment","timeElapsed":228,"timestamp":"2024-10-14T23:53:44.449Z"}
{"level":"info","message":"⌛ Building environment","timeElapsed":196,"timestamp":"2024-10-14T23:53:44.645Z"}
{"level":"info","message":"⌛ Building environment","timeElapsed":187,"timestamp":"2024-10-14T23:53:44.841Z"}
{"level":"info","message":"⌛ Building environment","timeElapsed":187,"timestamp":"2024-10-14T23:53:45.030Z"}
{"level":"info","message":"⌛ Building environment","timeElapsed":188,"timestamp":"2024-10-14T23:53:45.223Z"}
{"level":"info","message":"⌛ Building environment","timeElapsed":188,"timestamp":"2024-10-14T23:53:45.419Z"}
{"level":"info","message":"⌛ Building environment","timeElapsed":196,"timestamp":"2024-10-14T23:53:45.623Z"}
{"level":"info","message":"⌛ Building environment","timeElapsed":191,"timestamp":"2024-10-14T23:53:45.823Z"}
{"level":"info","message":"⌛ Building environment","timeElapsed":201,"timestamp":"2024-10-14T23:53:46.030Z"}
{"level":"info","message":"⌛ Building environment","timeElapsed":200,"timestamp":"2024-10-14T23:53:46.232Z"}
{"level":"info","message":"⌛ Building environment","timeElapsed":216,"timestamp":"2024-10-14T23:53:46.449Z"}
{"level":"info","message":"⌛ Building environment","timeElapsed":184,"timestamp":"2024-10-14T23:53:46.633Z"}
{"level":"info","message":"⌛ Building environment","timeElapsed":186,"timestamp":"2024-10-14T23:53:46.820Z"}
{"level":"info","message":"⌛ Building environment","timeElapsed":190,"timestamp":"2024-10-14T23:53:47.010Z"}
{"level":"info","message":"⌛ Building environment","timeElapsed":186,"timestamp":"2024-10-14T23:53:47.197Z"}
{"level":"info","message":"⌛ Building environment","timeElapsed":189,"timestamp":"2024-10-14T23:53:47.387Z"}
{"level":"info","message":"⌛ Building environment","timeElapsed":193,"timestamp":"2024-10-14T23:53:47.581Z"}
{"level":"info","message":"⌛ Building environment","timeElapsed":183,"timestamp":"2024-10-14T23:53:47.773Z"}
{"level":"info","message":"⌛ Building environment","timeElapsed":188,"timestamp":"2024-10-14T23:53:47.962Z"}
{"level":"info","message":"⌛ Building environment","timeElapsed":180,"timestamp":"2024-10-14T23:53:48.156Z"}
{"level":"info","message":"⌛ Building environment","timeElapsed":182,"timestamp":"2024-10-14T23:53:48.345Z"}
{"level":"info","message":"⌛ Building environment","timeElapsed":282,"timestamp":"2024-10-14T23:53:48.632Z"}
{"level":"info","message":"⌛ Building environment","timeElapsed":186,"timestamp":"2024-10-14T23:53:48.818Z"}
{"level":"info","message":"⌛ Building environment","timeElapsed":189,"timestamp":"2024-10-14T23:53:49.008Z"}
{"level":"info","message":"⌛ Validating testGranja.wtest","timeElapsed":196,"timestamp":"2024-10-14T23:53:49.212Z"}
{"level":"info","message":"⌛ Validating testGranja.wtest","timeElapsed":204,"timestamp":"2024-10-14T23:53:49.416Z"}
{"level":"info","message":"⌛ Validating testGranja.wtest","timeElapsed":192,"timestamp":"2024-10-14T23:53:49.689Z"}
{"level":"info","message":"⌛ Validating testGranja.wtest","timeElapsed":211,"timestamp":"2024-10-14T23:53:49.900Z"}
{"level":"info","message":"⌛ Validating testGranja.wtest","timeElapsed":207,"timestamp":"2024-10-14T23:53:50.107Z"}
{"level":"info","message":"⌛ Validating testGranja.wtest","timeElapsed":192,"timestamp":"2024-10-14T23:53:50.300Z"}
{"level":"info","message":"⌛ Validating testGranja.wtest","timeElapsed":189,"timestamp":"2024-10-14T23:53:50.492Z"}
{"level":"info","message":"⌛ Validating testGranja.wtest","timeElapsed":196,"timestamp":"2024-10-14T23:53:50.757Z"}
{"level":"info","message":"⌛ Validating testGranja.wtest","timeElapsed":185,"timestamp":"2024-10-14T23:53:50.944Z"}
{"level":"info","message":"⌛ Validating testGranja.wtest","timeElapsed":184,"timestamp":"2024-10-14T23:53:51.131Z"}
{"level":"info","message":"⌛ Validating testGranja.wtest","timeElapsed":189,"timestamp":"2024-10-14T23:53:51.321Z"}
{"level":"info","message":"⌛ Validating testGranja.wtest","timeElapsed":184,"timestamp":"2024-10-14T23:53:51.507Z"}
{"level":"info","message":"⌛ Building environment","timeElapsed":188,"timestamp":"2024-10-14T23:53:51.697Z"}
{"level":"info","message":"⌛ Validating testGranja.wtest","timeElapsed":202,"timestamp":"2024-10-14T23:53:51.899Z"}
{"level":"info","message":"⌛ Validating testGranja.wtest","timeElapsed":190,"timestamp":"2024-10-14T23:53:52.098Z"}
{"level":"info","message":"⌛ Validating testGranja.wtest","timeElapsed":200,"timestamp":"2024-10-14T23:53:52.299Z"}
{"level":"info","message":"⌛ Validating testGranja.wtest","timeElapsed":249,"timestamp":"2024-10-14T23:53:52.548Z"}
{"level":"info","message":"⌛ Validating testGranja.wtest","timeElapsed":191,"timestamp":"2024-10-14T23:53:52.739Z"}
{"level":"info","message":"⌛ Validating testGranja.wtest","timeElapsed":192,"timestamp":"2024-10-14T23:53:52.931Z"}
{"level":"info","message":"⌛ Validating testGranja.wtest","timeElapsed":195,"timestamp":"2024-10-14T23:53:53.126Z"}
{"level":"info","message":"⌛ Validating testGranja.wtest","timeElapsed":237,"timestamp":"2024-10-14T23:53:53.363Z"}
{"level":"info","message":"⌛ Validating testGranja.wtest","timeElapsed":191,"timestamp":"2024-10-14T23:53:53.554Z"}
{"level":"info","message":"⌛ Validating testGranja.wtest","timeElapsed":189,"timestamp":"2024-10-14T23:53:53.745Z"}
{"level":"info","message":"⌛ Validating testGranja.wtest","timeElapsed":187,"timestamp":"2024-10-14T23:53:53.932Z"}
{"level":"info","message":"⌛ Validating testGranja.wtest","timeElapsed":189,"timestamp":"2024-10-14T23:53:54.121Z"}
{"level":"info","message":"⌛ Validating testGranja.wtest","timeElapsed":191,"timestamp":"2024-10-14T23:53:54.312Z"}
{"level":"info","message":"⌛ Validating testGranja.wtest","timeElapsed":186,"timestamp":"2024-10-14T23:53:54.499Z"}
{"level":"info","message":"⌛ Validating testGranja.wtest","timeElapsed":186,"timestamp":"2024-10-14T23:53:54.685Z"}
{"level":"info","message":"⌛ Validating testGranja.wtest","timeElapsed":194,"timestamp":"2024-10-14T23:53:54.880Z"}
{"level":"info","message":"⌛ Validating testGranja.wtest","timeElapsed":194,"timestamp":"2024-10-14T23:53:55.075Z"}
{"level":"info","message":"⌛ Validating testGranja.wtest","timeElapsed":190,"timestamp":"2024-10-14T23:53:55.265Z"}
{"level":"info","message":"⌛ Validating testGranja.wtest","timeElapsed":197,"timestamp":"2024-10-14T23:53:55.463Z"}
{"level":"info","message":"⌛ Validating testGranja.wtest","timeElapsed":192,"timestamp":"2024-10-14T23:53:55.656Z"}
{"level":"info","message":"⌛ Validating testGranja.wtest","timeElapsed":191,"timestamp":"2024-10-14T23:53:55.847Z"}
{"level":"info","message":"⌛ Validating testGranja.wtest","timeElapsed":188,"timestamp":"2024-10-14T23:53:56.036Z"}
{"level":"info","message":"⌛ Validating testGranja.wtest","timeElapsed":190,"timestamp":"2024-10-14T23:53:56.226Z"}
{"level":"info","message":"⌛ Validating testGranja.wtest","timeElapsed":191,"timestamp":"2024-10-14T23:53:56.417Z"}
{"level":"info","message":"⌛ Validating testGranja.wtest","timeElapsed":189,"timestamp":"2024-10-14T23:53:56.606Z"}
{"level":"info","message":"⌛ Validating testGranja.wtest","timeElapsed":192,"timestamp":"2024-10-14T23:53:56.799Z"}
{"level":"info","message":"⌛ Validating testGranja.wtest","timeElapsed":193,"timestamp":"2024-10-14T23:53:56.993Z"}
{"level":"info","message":"⌛ Validating testGranja.wtest","timeElapsed":187,"timestamp":"2024-10-14T23:53:57.182Z"}
{"level":"info","message":"⌛ Validating testGranja.wtest","timeElapsed":271,"timestamp":"2024-10-14T23:53:57.455Z"}
{"level":"info","message":"⌛ Validating testGranja.wtest","timeElapsed":203,"timestamp":"2024-10-14T23:53:57.661Z"}
{"level":"info","message":"⌛ Validating testGranja.wtest","timeElapsed":194,"timestamp":"2024-10-14T23:53:57.857Z"}
{"level":"info","message":"⌛ Validating testGranja.wtest","timeElapsed":186,"timestamp":"2024-10-14T23:53:58.044Z"}
{"level":"info","message":"⌛ Validating testGranja.wtest","timeElapsed":190,"timestamp":"2024-10-14T23:53:58.236Z"}
{"level":"info","message":"⌛ Validating testGranja.wtest","timeElapsed":190,"timestamp":"2024-10-14T23:53:58.428Z"}
{"level":"info","message":"⌛ Validating testGranja.wtest","timeElapsed":188,"timestamp":"2024-10-14T23:53:58.618Z"}
{"level":"info","message":"⌛ Validating testGranja.wtest","timeElapsed":189,"timestamp":"2024-10-14T23:53:58.809Z"}
{"level":"info","message":"⌛ Validating testGranja.wtest","timeElapsed":186,"timestamp":"2024-10-14T23:53:58.996Z"}
{"level":"info","message":"⌛ Validating testGranja.wtest","timeElapsed":187,"timestamp":"2024-10-14T23:53:59.184Z"}
{"level":"info","message":"⌛ Validating testGranja.wtest","timeElapsed":188,"timestamp":"2024-10-14T23:53:59.375Z"}
{"level":"info","message":"⌛ Validating testGranja.wtest","timeElapsed":188,"timestamp":"2024-10-14T23:53:59.564Z"}
{"level":"info","message":"⌛ Validating testGranja.wtest","timeElapsed":195,"timestamp":"2024-10-14T23:53:59.761Z"}
{"level":"info","message":"⌛ Validating testGranja.wtest","timeElapsed":235,"timestamp":"2024-10-14T23:53:59.998Z"}
{"level":"info","message":"⌛ Building environment","timeElapsed":250,"timestamp":"2024-10-14T23:54:01.487Z"}
{"level":"info","message":"⌛ Building environment","timeElapsed":196,"timestamp":"2024-10-14T23:54:01.683Z"}
{"level":"info","message":"⌛ Validating testGranja.wtest","timeElapsed":198,"timestamp":"2024-10-14T23:54:01.881Z"}
{"level":"info","message":"⌛ Validating testGranja.wtest","timeElapsed":205,"timestamp":"2024-10-14T23:54:02.094Z"}
{"level":"info","message":"⌛ Building environment","timeElapsed":774,"timestamp":"2024-10-14T23:54:14.332Z"}
{"level":"info","message":"⌛ Building environment","timeElapsed":200,"timestamp":"2024-10-14T23:54:14.571Z"}
{"level":"info","message":"⌛ Building environment","timeElapsed":365,"timestamp":"2024-10-14T23:54:14.943Z"}
{"level":"error","message":"✘ Failed to rebuild document Failed to parse testGranja.wtest: \n-- PARSING FAILED --------------------------------------------------\n\n  125 | \n  126 |   test\n> 127 | }\n      | ^\n\nExpected one of the following: \n\nstring literal, whitespace\n","stack":"Error: Failed to parse testGranja.wtest: \n-- PARSING FAILED --------------------------------------------------\n\n  125 | \n  126 |   test\n> 127 | }\n      | ^\n\nExpected one of the following: \n\nstring literal, whitespace\n\n    at /home/felipe/.vscode/extensions/uqbar.wollok-lsp-ide-0.3.6/out/server/src/server.js:2254:32415\n    at Array.map (<anonymous>)\n    at Jfn (/home/felipe/.vscode/extensions/uqbar.wollok-lsp-ide-0.3.6/out/server/src/server.js:2254:32339)\n    at k2.buildEnvironmentFrom (/home/felipe/.vscode/extensions/uqbar.wollok-lsp-ide-0.3.6/out/server/src/server.js:2285:6721)\n    at k2.updateEnvironmentWith (/home/felipe/.vscode/extensions/uqbar.wollok-lsp-ide-0.3.6/out/server/src/server.js:2285:6456)\n    at jL (/home/felipe/.vscode/extensions/uqbar.wollok-lsp-ide-0.3.6/out/server/src/server.js:2298:2292)\n    at v3.invoke (/home/felipe/.vscode/extensions/uqbar.wollok-lsp-ide-0.3.6/out/server/src/server.js:3:157200)\n    at o.fire (/home/felipe/.vscode/extensions/uqbar.wollok-lsp-ide-0.3.6/out/server/src/server.js:3:157970)\n    at /home/felipe/.vscode/extensions/uqbar.wollok-lsp-ide-0.3.6/out/server/src/server.js:37:57871\n    at Vr (/home/felipe/.vscode/extensions/uqbar.wollok-lsp-ide-0.3.6/out/server/src/server.js:8:1561)","timestamp":"2024-10-14T23:54:15.026Z"}
{"level":"info","message":"⌛ Validating testGranja.wtest","timeElapsed":238,"timestamp":"2024-10-14T23:54:15.275Z"}
{"level":"info","message":"onRequest - completionItem/resolve","timestamp":"2024-10-14T23:54:15.275Z"}
{"level":"info","message":"⌛ Validating testGranja.wtest","timeElapsed":215,"timestamp":"2024-10-14T23:54:15.491Z"}
{"level":"info","message":"⌛ Validating testGranja.wtest","timeElapsed":204,"timestamp":"2024-10-14T23:54:15.696Z"}
{"level":"error","message":"✘ Failed to rebuild document Failed to parse testGranja.wtest: \n-- PARSING FAILED --------------------------------------------------\n\n  125 | \n  126 |   test \n> 127 | }\n      | ^\n\nExpected one of the following: \n\nstring literal, whitespace\n","stack":"Error: Failed to parse testGranja.wtest: \n-- PARSING FAILED --------------------------------------------------\n\n  125 | \n  126 |   test \n> 127 | }\n      | ^\n\nExpected one of the following: \n\nstring literal, whitespace\n\n    at /home/felipe/.vscode/extensions/uqbar.wollok-lsp-ide-0.3.6/out/server/src/server.js:2254:32415\n    at Array.map (<anonymous>)\n    at Jfn (/home/felipe/.vscode/extensions/uqbar.wollok-lsp-ide-0.3.6/out/server/src/server.js:2254:32339)\n    at k2.buildEnvironmentFrom (/home/felipe/.vscode/extensions/uqbar.wollok-lsp-ide-0.3.6/out/server/src/server.js:2285:6721)\n    at k2.updateEnvironmentWith (/home/felipe/.vscode/extensions/uqbar.wollok-lsp-ide-0.3.6/out/server/src/server.js:2285:6456)\n    at jL (/home/felipe/.vscode/extensions/uqbar.wollok-lsp-ide-0.3.6/out/server/src/server.js:2298:2292)\n    at v3.invoke (/home/felipe/.vscode/extensions/uqbar.wollok-lsp-ide-0.3.6/out/server/src/server.js:3:157200)\n    at o.fire (/home/felipe/.vscode/extensions/uqbar.wollok-lsp-ide-0.3.6/out/server/src/server.js:3:157970)\n    at /home/felipe/.vscode/extensions/uqbar.wollok-lsp-ide-0.3.6/out/server/src/server.js:37:57871\n    at Vr (/home/felipe/.vscode/extensions/uqbar.wollok-lsp-ide-0.3.6/out/server/src/server.js:8:1561)","timestamp":"2024-10-14T23:54:15.775Z"}
{"level":"error","message":"✘ Failed to rebuild document Failed to parse testGranja.wtest: \n-- PARSING FAILED --------------------------------------------------\n\n  125 | \n  126 |   test \"\"\n> 127 | }\n      | ^\n\nExpected one of the following: \n\n'@', '{', comment, whitespace\n","stack":"Error: Failed to parse testGranja.wtest: \n-- PARSING FAILED --------------------------------------------------\n\n  125 | \n  126 |   test \"\"\n> 127 | }\n      | ^\n\nExpected one of the following: \n\n'@', '{', comment, whitespace\n\n    at /home/felipe/.vscode/extensions/uqbar.wollok-lsp-ide-0.3.6/out/server/src/server.js:2254:32415\n    at Array.map (<anonymous>)\n    at Jfn (/home/felipe/.vscode/extensions/uqbar.wollok-lsp-ide-0.3.6/out/server/src/server.js:2254:32339)\n    at k2.buildEnvironmentFrom (/home/felipe/.vscode/extensions/uqbar.wollok-lsp-ide-0.3.6/out/server/src/server.js:2285:6721)\n    at k2.updateEnvironmentWith (/home/felipe/.vscode/extensions/uqbar.wollok-lsp-ide-0.3.6/out/server/src/server.js:2285:6456)\n    at jL (/home/felipe/.vscode/extensions/uqbar.wollok-lsp-ide-0.3.6/out/server/src/server.js:2298:2292)\n    at v3.invoke (/home/felipe/.vscode/extensions/uqbar.wollok-lsp-ide-0.3.6/out/server/src/server.js:3:157200)\n    at o.fire (/home/felipe/.vscode/extensions/uqbar.wollok-lsp-ide-0.3.6/out/server/src/server.js:3:157970)\n    at /home/felipe/.vscode/extensions/uqbar.wollok-lsp-ide-0.3.6/out/server/src/server.js:37:57871\n    at Vr (/home/felipe/.vscode/extensions/uqbar.wollok-lsp-ide-0.3.6/out/server/src/server.js:8:1561)","timestamp":"2024-10-14T23:54:16.091Z"}
{"level":"error","message":"✘ Failed to rebuild document Failed to parse testGranja.wtest: \n-- PARSING FAILED --------------------------------------------------\n\n  125 | \n  126 |   test \"\" \n> 127 | }\n      | ^\n\nExpected one of the following: \n\n'@', '{', comment, whitespace\n","stack":"Error: Failed to parse testGranja.wtest: \n-- PARSING FAILED --------------------------------------------------\n\n  125 | \n  126 |   test \"\" \n> 127 | }\n      | ^\n\nExpected one of the following: \n\n'@', '{', comment, whitespace\n\n    at /home/felipe/.vscode/extensions/uqbar.wollok-lsp-ide-0.3.6/out/server/src/server.js:2254:32415\n    at Array.map (<anonymous>)\n    at Jfn (/home/felipe/.vscode/extensions/uqbar.wollok-lsp-ide-0.3.6/out/server/src/server.js:2254:32339)\n    at k2.buildEnvironmentFrom (/home/felipe/.vscode/extensions/uqbar.wollok-lsp-ide-0.3.6/out/server/src/server.js:2285:6721)\n    at k2.updateEnvironmentWith (/home/felipe/.vscode/extensions/uqbar.wollok-lsp-ide-0.3.6/out/server/src/server.js:2285:6456)\n    at jL (/home/felipe/.vscode/extensions/uqbar.wollok-lsp-ide-0.3.6/out/server/src/server.js:2298:2292)\n    at v3.invoke (/home/felipe/.vscode/extensions/uqbar.wollok-lsp-ide-0.3.6/out/server/src/server.js:3:157200)\n    at o.fire (/home/felipe/.vscode/extensions/uqbar.wollok-lsp-ide-0.3.6/out/server/src/server.js:3:157970)\n    at /home/felipe/.vscode/extensions/uqbar.wollok-lsp-ide-0.3.6/out/server/src/server.js:37:57871\n    at Vr (/home/felipe/.vscode/extensions/uqbar.wollok-lsp-ide-0.3.6/out/server/src/server.js:8:1561)","timestamp":"2024-10-14T23:54:18.067Z"}
{"level":"info","message":"⌛ Building environment","timeElapsed":220,"timestamp":"2024-10-14T23:54:18.316Z"}
{"level":"info","message":"⌛ Building environment","timeElapsed":191,"timestamp":"2024-10-14T23:54:18.512Z"}
{"level":"info","message":"⌛ Validating testGranja.wtest","timeElapsed":192,"timestamp":"2024-10-14T23:54:18.705Z"}
{"level":"info","message":"⌛ Validating testGranja.wtest","timeElapsed":220,"timestamp":"2024-10-14T23:54:18.925Z"}
{"level":"info","message":"⌛ Building environment","timeElapsed":341,"timestamp":"2024-10-14T23:55:37.675Z"}
{"level":"info","message":"⌛ Validating testGranja.wtest","timeElapsed":321,"timestamp":"2024-10-14T23:55:38.001Z"}
{"level":"info","message":"⌛ Building environment","timeElapsed":248,"timestamp":"2024-10-14T23:55:38.257Z"}
{"level":"info","message":"⌛ Validating testGranja.wtest","timeElapsed":215,"timestamp":"2024-10-14T23:55:38.485Z"}
{"level":"info","message":"⌛ Building environment","timeElapsed":254,"timestamp":"2024-10-14T23:55:38.870Z"}
{"level":"info","message":"⌛ Building environment","timeElapsed":223,"timestamp":"2024-10-14T23:55:39.094Z"}
{"level":"info","message":"⌛ Building environment","timeElapsed":374,"timestamp":"2024-10-14T23:55:39.473Z"}
{"level":"info","message":"⌛ Validating testGranja.wtest","timeElapsed":241,"timestamp":"2024-10-14T23:55:39.730Z"}
{"level":"info","message":"⌛ Building environment","timeElapsed":201,"timestamp":"2024-10-14T23:55:39.931Z"}
{"level":"info","message":"⌛ Validating testGranja.wtest","timeElapsed":207,"timestamp":"2024-10-14T23:55:40.139Z"}
{"level":"info","message":"⌛ Building environment","timeElapsed":246,"timestamp":"2024-10-14T23:55:40.387Z"}
{"level":"info","message":"⌛ Building environment","timeElapsed":361,"timestamp":"2024-10-14T23:55:40.750Z"}
{"level":"info","message":"⌛ Building environment","timeElapsed":214,"timestamp":"2024-10-14T23:55:40.966Z"}
{"level":"info","message":"⌛ Validating testGranja.wtest","timeElapsed":225,"timestamp":"2024-10-14T23:55:41.196Z"}
{"level":"info","message":"⌛ Building environment","timeElapsed":201,"timestamp":"2024-10-14T23:55:41.398Z"}
{"level":"info","message":"⌛ Validating testGranja.wtest","timeElapsed":218,"timestamp":"2024-10-14T23:55:41.616Z"}
{"level":"info","message":"⌛ Validating testGranja.wtest","timeElapsed":219,"timestamp":"2024-10-14T23:55:41.846Z"}
{"level":"info","message":"⌛ Validating testGranja.wtest","timeElapsed":201,"timestamp":"2024-10-14T23:55:42.048Z"}
{"level":"info","message":"⌛ Validating testGranja.wtest","timeElapsed":231,"timestamp":"2024-10-14T23:55:42.280Z"}
{"level":"info","message":"⌛ Validating testGranja.wtest","timeElapsed":285,"timestamp":"2024-10-14T23:55:42.566Z"}
{"level":"info","message":"⌛ Building environment","timeElapsed":246,"timestamp":"2024-10-14T23:55:43.280Z"}
{"level":"info","message":"⌛ Validating testGranja.wtest","timeElapsed":199,"timestamp":"2024-10-14T23:55:43.480Z"}
{"level":"info","message":"⌛ Building environment","timeElapsed":313,"timestamp":"2024-10-14T23:56:28.430Z"}
{"level":"info","message":"⌛ Validating testGranja.wtest","timeElapsed":244,"timestamp":"2024-10-14T23:56:28.753Z"}
{"level":"info","message":"⌛ Building environment","timeElapsed":235,"timestamp":"2024-10-14T23:56:32.564Z"}
{"level":"info","message":"⌛ Validating testGranja.wtest","timeElapsed":210,"timestamp":"2024-10-14T23:56:32.775Z"}
{"level":"info","message":"⌛ Building environment","timeElapsed":234,"timestamp":"2024-10-14T23:56:38.738Z"}
{"level":"info","message":"⌛ Validating testGranja.wtest","timeElapsed":264,"timestamp":"2024-10-14T23:56:39.005Z"}
{"level":"info","message":"⌛ Building environment","timeElapsed":234,"timestamp":"2024-10-14T23:56:41.558Z"}
{"level":"info","message":"⌛ Building environment","timeElapsed":210,"timestamp":"2024-10-14T23:56:41.822Z"}
{"level":"info","message":"⌛ Validating testGranja.wtest","timeElapsed":273,"timestamp":"2024-10-14T23:56:42.096Z"}
{"level":"info","message":"onRequest - completionItem/resolve","timestamp":"2024-10-14T23:56:42.097Z"}
{"level":"info","message":"⌛ Building environment","timeElapsed":258,"timestamp":"2024-10-14T23:56:42.355Z"}
{"level":"info","message":"onRequest - completionItem/resolve","timestamp":"2024-10-14T23:56:42.365Z"}
{"level":"info","message":"⌛ Validating testGranja.wtest","timeElapsed":231,"timestamp":"2024-10-14T23:56:42.596Z"}
{"level":"info","message":"⌛ Building environment","timeElapsed":322,"timestamp":"2024-10-14T23:56:42.927Z"}
{"level":"info","message":"onRequest - completionItem/resolve","timestamp":"2024-10-14T23:56:42.928Z"}
{"level":"info","message":"⌛ Validating testGranja.wtest","timeElapsed":221,"timestamp":"2024-10-14T23:56:43.150Z"}
{"level":"info","message":"⌛ Building environment","timeElapsed":328,"timestamp":"2024-10-14T23:56:43.480Z"}
{"level":"info","message":"onRequest - completionItem/resolve","timestamp":"2024-10-14T23:56:43.488Z"}
{"level":"info","message":"⌛ Building environment","timeElapsed":235,"timestamp":"2024-10-14T23:56:43.724Z"}
{"level":"info","message":"onRequest - completionItem/resolve","timestamp":"2024-10-14T23:56:43.725Z"}
{"level":"info","message":"⌛ Validating testGranja.wtest","timeElapsed":228,"timestamp":"2024-10-14T23:56:43.962Z"}
{"level":"info","message":"⌛ Validating testGranja.wtest","timeElapsed":205,"timestamp":"2024-10-14T23:56:44.168Z"}
{"level":"info","message":"⌛ Validating testGranja.wtest","timeElapsed":252,"timestamp":"2024-10-14T23:56:44.422Z"}
{"level":"info","message":"⌛ Building environment","timeElapsed":226,"timestamp":"2024-10-14T23:56:46.959Z"}
{"level":"info","message":"⌛ Validating testGranja.wtest","timeElapsed":216,"timestamp":"2024-10-14T23:56:47.220Z"}
{"level":"info","message":"onRequest - completionItem/resolve","timestamp":"2024-10-14T23:56:47.221Z"}
{"level":"info","message":"onRequest - completionItem/resolve","timestamp":"2024-10-14T23:56:49.135Z"}
{"level":"info","message":"⌛ Building environment","timeElapsed":250,"timestamp":"2024-10-14T23:56:50.158Z"}
{"level":"info","message":"⌛ Validating testGranja.wtest","timeElapsed":222,"timestamp":"2024-10-14T23:56:50.382Z"}
{"level":"info","message":"⌛ Building environment","timeElapsed":257,"timestamp":"2024-10-14T23:56:59.010Z"}
{"level":"error","message":"✘ Completions for node failed: Error: [Send]{44fd65} at testGranja.wtest:129 exhausted all cases without a match [Send]{44fd65} at testGranja.wtest:129 exhausted all cases without a match","stack":"Error: [Send]{44fd65} at testGranja.wtest:129 exhausted all cases without a match\n    at /home/felipe/.vscode/extensions/uqbar.wollok-lsp-ide-0.3.6/out/server/src/server.js:38:6067\n    at yh (/home/felipe/.vscode/extensions/uqbar.wollok-lsp-ide-0.3.6/out/server/src/server.js:2291:42)\n    at kh (/home/felipe/.vscode/extensions/uqbar.wollok-lsp-ide-0.3.6/out/server/src/server.js:2291:1004)\n    at Y5n (/home/felipe/.vscode/extensions/uqbar.wollok-lsp-ide-0.3.6/out/server/src/server.js:2291:1160)\n    at /home/felipe/.vscode/extensions/uqbar.wollok-lsp-ide-0.3.6/out/server/src/server.js:38:6056\n    at yh (/home/felipe/.vscode/extensions/uqbar.wollok-lsp-ide-0.3.6/out/server/src/server.js:2291:42)\n    at /home/felipe/.vscode/extensions/uqbar.wollok-lsp-ide-0.3.6/out/server/src/server.js:2291:2700\n    at /home/felipe/.vscode/extensions/uqbar.wollok-lsp-ide-0.3.6/out/server/src/server.js:2298:3774\n    at /home/felipe/.vscode/extensions/uqbar.wollok-lsp-ide-0.3.6/out/server/src/server.js:37:74872\n    at Fe (/home/felipe/.vscode/extensions/uqbar.wollok-lsp-ide-0.3.6/out/server/src/server.js:7:8527)","timestamp":"2024-10-14T23:56:59.047Z"}
{"level":"info","message":"⌛ Building environment","timeElapsed":213,"timestamp":"2024-10-14T23:56:59.264Z"}
{"level":"info","message":"⌛ Validating testGranja.wtest","timeElapsed":201,"timestamp":"2024-10-14T23:56:59.466Z"}
{"level":"info","message":"onRequest - completionItem/resolve","timestamp":"2024-10-14T23:56:59.466Z"}
{"level":"info","message":"⌛ Validating testGranja.wtest","timeElapsed":198,"timestamp":"2024-10-14T23:56:59.672Z"}
{"level":"info","message":"⌛ Building environment","timeElapsed":224,"timestamp":"2024-10-14T23:57:00.066Z"}
{"level":"info","message":"⌛ Building environment","timeElapsed":219,"timestamp":"2024-10-14T23:57:00.286Z"}
{"level":"info","message":"⌛ Validating testGranja.wtest","timeElapsed":215,"timestamp":"2024-10-14T23:57:00.501Z"}
{"level":"info","message":"⌛ Building environment","timeElapsed":207,"timestamp":"2024-10-14T23:57:00.708Z"}
{"level":"info","message":"⌛ Validating testGranja.wtest","timeElapsed":209,"timestamp":"2024-10-14T23:57:00.918Z"}
{"level":"info","message":"⌛ Building environment","timeElapsed":194,"timestamp":"2024-10-14T23:57:01.122Z"}
{"level":"info","message":"⌛ Validating testGranja.wtest","timeElapsed":225,"timestamp":"2024-10-14T23:57:01.347Z"}
{"level":"info","message":"⌛ Validating testGranja.wtest","timeElapsed":228,"timestamp":"2024-10-14T23:57:01.588Z"}
{"level":"info","message":"⌛ Building environment","timeElapsed":320,"timestamp":"2024-10-14T23:57:01.910Z"}
{"level":"info","message":"⌛ Building environment","timeElapsed":212,"timestamp":"2024-10-14T23:57:02.175Z"}
{"level":"info","message":"⌛ Building environment","timeElapsed":274,"timestamp":"2024-10-14T23:57:02.450Z"}
{"level":"info","message":"⌛ Building environment","timeElapsed":232,"timestamp":"2024-10-14T23:57:02.684Z"}
{"level":"info","message":"⌛ Building environment","timeElapsed":260,"timestamp":"2024-10-14T23:57:02.945Z"}
{"level":"info","message":"⌛ Building environment","timeElapsed":212,"timestamp":"2024-10-14T23:57:03.158Z"}
{"level":"info","message":"⌛ Validating testGranja.wtest","timeElapsed":222,"timestamp":"2024-10-14T23:57:03.381Z"}
{"level":"info","message":"⌛ Building environment","timeElapsed":221,"timestamp":"2024-10-14T23:57:03.603Z"}
{"level":"error","message":"✘ Completions for node failed: Error: [Send]{998130} at testGranja.wtest:129 exhausted all cases without a match [Send]{998130} at testGranja.wtest:129 exhausted all cases without a match","stack":"Error: [Send]{998130} at testGranja.wtest:129 exhausted all cases without a match\n    at /home/felipe/.vscode/extensions/uqbar.wollok-lsp-ide-0.3.6/out/server/src/server.js:38:6067\n    at yh (/home/felipe/.vscode/extensions/uqbar.wollok-lsp-ide-0.3.6/out/server/src/server.js:2291:42)\n    at kh (/home/felipe/.vscode/extensions/uqbar.wollok-lsp-ide-0.3.6/out/server/src/server.js:2291:1004)\n    at Y5n (/home/felipe/.vscode/extensions/uqbar.wollok-lsp-ide-0.3.6/out/server/src/server.js:2291:1160)\n    at /home/felipe/.vscode/extensions/uqbar.wollok-lsp-ide-0.3.6/out/server/src/server.js:38:6056\n    at yh (/home/felipe/.vscode/extensions/uqbar.wollok-lsp-ide-0.3.6/out/server/src/server.js:2291:42)\n    at /home/felipe/.vscode/extensions/uqbar.wollok-lsp-ide-0.3.6/out/server/src/server.js:2291:2700\n    at /home/felipe/.vscode/extensions/uqbar.wollok-lsp-ide-0.3.6/out/server/src/server.js:2298:3774\n    at /home/felipe/.vscode/extensions/uqbar.wollok-lsp-ide-0.3.6/out/server/src/server.js:37:74872\n    at Fe (/home/felipe/.vscode/extensions/uqbar.wollok-lsp-ide-0.3.6/out/server/src/server.js:7:8527)","timestamp":"2024-10-14T23:57:03.643Z"}
{"level":"info","message":"⌛ Validating testGranja.wtest","timeElapsed":212,"timestamp":"2024-10-14T23:57:03.859Z"}
{"level":"info","message":"⌛ Building environment","timeElapsed":209,"timestamp":"2024-10-14T23:57:04.069Z"}
{"level":"info","message":"⌛ Building environment","timeElapsed":218,"timestamp":"2024-10-14T23:57:04.287Z"}
{"level":"info","message":"⌛ Building environment","timeElapsed":208,"timestamp":"2024-10-14T23:57:04.495Z"}
{"level":"info","message":"⌛ Validating testGranja.wtest","timeElapsed":219,"timestamp":"2024-10-14T23:57:04.721Z"}
{"level":"info","message":"⌛ Building environment","timeElapsed":203,"timestamp":"2024-10-14T23:57:04.924Z"}
{"level":"info","message":"⌛ Validating testGranja.wtest","timeElapsed":225,"timestamp":"2024-10-14T23:57:05.150Z"}
{"level":"info","message":"⌛ Validating testGranja.wtest","timeElapsed":196,"timestamp":"2024-10-14T23:57:05.359Z"}
{"level":"info","message":"⌛ Building environment","timeElapsed":222,"timestamp":"2024-10-14T23:57:05.582Z"}
{"level":"info","message":"⌛ Validating testGranja.wtest","timeElapsed":207,"timestamp":"2024-10-14T23:57:05.789Z"}
{"level":"info","message":"⌛ Validating testGranja.wtest","timeElapsed":214,"timestamp":"2024-10-14T23:57:06.012Z"}
{"level":"info","message":"⌛ Validating testGranja.wtest","timeElapsed":226,"timestamp":"2024-10-14T23:57:06.239Z"}
{"level":"info","message":"⌛ Validating testGranja.wtest","timeElapsed":292,"timestamp":"2024-10-14T23:57:06.532Z"}
{"level":"info","message":"⌛ Validating testGranja.wtest","timeElapsed":226,"timestamp":"2024-10-14T23:57:06.758Z"}
{"level":"info","message":"⌛ Validating testGranja.wtest","timeElapsed":203,"timestamp":"2024-10-14T23:57:06.961Z"}
{"level":"info","message":"⌛ Building environment","timeElapsed":266,"timestamp":"2024-10-14T23:57:07.229Z"}
{"level":"info","message":"⌛ Validating testGranja.wtest","timeElapsed":222,"timestamp":"2024-10-14T23:57:07.497Z"}
{"level":"info","message":"⌛ Building environment","timeElapsed":228,"timestamp":"2024-10-14T23:57:07.726Z"}
{"level":"info","message":"⌛ Building environment","timeElapsed":218,"timestamp":"2024-10-14T23:57:07.951Z"}
{"level":"info","message":"⌛ Building environment","timeElapsed":216,"timestamp":"2024-10-14T23:57:08.169Z"}
{"level":"info","message":"⌛ Building environment","timeElapsed":267,"timestamp":"2024-10-14T23:57:08.451Z"}
{"level":"info","message":"⌛ Validating testGranja.wtest","timeElapsed":202,"timestamp":"2024-10-14T23:57:08.661Z"}
{"level":"info","message":"⌛ Validating testGranja.wtest","timeElapsed":222,"timestamp":"2024-10-14T23:57:08.884Z"}
{"level":"info","message":"⌛ Validating testGranja.wtest","timeElapsed":306,"timestamp":"2024-10-14T23:57:09.190Z"}
{"level":"info","message":"⌛ Validating testGranja.wtest","timeElapsed":224,"timestamp":"2024-10-14T23:57:09.447Z"}
{"level":"info","message":"⌛ Validating testGranja.wtest","timeElapsed":223,"timestamp":"2024-10-14T23:57:09.670Z"}
{"level":"info","message":"⌛ Building environment","timeElapsed":243,"timestamp":"2024-10-14T23:57:15.652Z"}
{"level":"info","message":"⌛ Validating testGranja.wtest","timeElapsed":227,"timestamp":"2024-10-14T23:57:15.930Z"}
{"level":"info","message":"⌛ Building environment","timeElapsed":209,"timestamp":"2024-10-14T23:57:16.140Z"}
{"level":"info","message":"onRequest - completionItem/resolve","timestamp":"2024-10-14T23:57:16.141Z"}
{"level":"info","message":"⌛ Building environment","timeElapsed":210,"timestamp":"2024-10-14T23:57:16.351Z"}
{"level":"info","message":"⌛ Building environment","timeElapsed":202,"timestamp":"2024-10-14T23:57:16.602Z"}
{"level":"info","message":"⌛ Validating testGranja.wtest","timeElapsed":216,"timestamp":"2024-10-14T23:57:16.823Z"}
{"level":"info","message":"⌛ Building environment","timeElapsed":211,"timestamp":"2024-10-14T23:57:17.034Z"}
{"level":"info","message":"⌛ Building environment","timeElapsed":212,"timestamp":"2024-10-14T23:57:17.247Z"}
{"level":"info","message":"⌛ Validating testGranja.wtest","timeElapsed":207,"timestamp":"2024-10-14T23:57:17.454Z"}
{"level":"info","message":"⌛ Building environment","timeElapsed":188,"timestamp":"2024-10-14T23:57:17.643Z"}
{"level":"info","message":"⌛ Validating testGranja.wtest","timeElapsed":200,"timestamp":"2024-10-14T23:57:17.897Z"}
{"level":"info","message":"⌛ Validating testGranja.wtest","timeElapsed":195,"timestamp":"2024-10-14T23:57:18.094Z"}
{"level":"info","message":"⌛ Validating testGranja.wtest","timeElapsed":208,"timestamp":"2024-10-14T23:57:18.303Z"}
{"level":"info","message":"⌛ Validating testGranja.wtest","timeElapsed":210,"timestamp":"2024-10-14T23:57:18.513Z"}
{"level":"info","message":"⌛ Building environment","timeElapsed":219,"timestamp":"2024-10-14T23:57:18.733Z"}
{"level":"info","message":"⌛ Validating testGranja.wtest","timeElapsed":197,"timestamp":"2024-10-14T23:57:18.939Z"}
{"level":"info","message":"⌛ Building environment","timeElapsed":285,"timestamp":"2024-10-14T23:57:21.308Z"}
{"level":"info","message":"⌛ Validating testGranja.wtest","timeElapsed":190,"timestamp":"2024-10-14T23:57:21.499Z"}
{"level":"info","message":"⌛ Building environment","timeElapsed":203,"timestamp":"2024-10-14T23:57:29.836Z"}
{"level":"info","message":"⌛ Validating testGranja.wtest","timeElapsed":205,"timestamp":"2024-10-14T23:57:30.042Z"}
{"level":"info","message":"⌛ Building environment","timeElapsed":230,"timestamp":"2024-10-14T23:57:34.878Z"}
{"level":"info","message":"⌛ Validating testGranja.wtest","timeElapsed":198,"timestamp":"2024-10-14T23:57:35.078Z"}
{"level":"info","message":"⌛ Building environment","timeElapsed":284,"timestamp":"2024-10-14T23:57:59.919Z"}
{"level":"info","message":"⌛ Validating testGranja.wtest","timeElapsed":258,"timestamp":"2024-10-14T23:58:00.243Z"}
{"level":"info","message":"⌛ Building environment","timeElapsed":357,"timestamp":"2024-10-14T23:58:02.264Z"}
{"level":"info","message":"⌛ Validating testGranja.wtest","timeElapsed":221,"timestamp":"2024-10-14T23:58:02.495Z"}
{"level":"info","message":"⌛ Building environment","timeElapsed":244,"timestamp":"2024-10-14T23:58:29.273Z"}
{"level":"info","message":"⌛ Validating testGranja.wtest","timeElapsed":251,"timestamp":"2024-10-14T23:58:29.527Z"}
{"level":"info","message":"⌛ Building environment","timeElapsed":238,"timestamp":"2024-10-14T23:58:33.992Z"}
{"level":"info","message":"⌛ Building environment","timeElapsed":200,"timestamp":"2024-10-14T23:58:34.251Z"}
{"level":"info","message":"⌛ Validating testGranja.wtest","timeElapsed":199,"timestamp":"2024-10-14T23:58:34.450Z"}
{"level":"info","message":"⌛ Building environment","timeElapsed":356,"timestamp":"2024-10-14T23:58:34.810Z"}
{"level":"info","message":"onRequest - completionItem/resolve","timestamp":"2024-10-14T23:58:34.811Z"}
{"level":"info","message":"⌛ Validating testGranja.wtest","timeElapsed":383,"timestamp":"2024-10-14T23:58:35.194Z"}
{"level":"info","message":"⌛ Validating testGranja.wtest","timeElapsed":230,"timestamp":"2024-10-14T23:58:35.437Z"}
{"level":"info","message":"⌛ Building environment","timeElapsed":226,"timestamp":"2024-10-14T23:58:35.663Z"}
{"level":"info","message":"⌛ Building environment","timeElapsed":305,"timestamp":"2024-10-14T23:58:35.976Z"}
{"level":"info","message":"⌛ Autocomplete - Reference","timeElapsed":144,"timestamp":"2024-10-14T23:58:36.130Z"}
{"level":"info","message":"⌛ Validating testGranja.wtest","timeElapsed":244,"timestamp":"2024-10-14T23:58:36.375Z"}
{"level":"info","message":"⌛ Validating testGranja.wtest","timeElapsed":262,"timestamp":"2024-10-14T23:58:36.639Z"}
{"level":"info","message":"onRequest - completionItem/resolve","timestamp":"2024-10-14T23:58:36.640Z"}
{"level":"info","message":"⌛ Building environment","timeElapsed":258,"timestamp":"2024-10-14T23:58:42.176Z"}
{"level":"info","message":"⌛ Validating testGranja.wtest","timeElapsed":213,"timestamp":"2024-10-14T23:58:42.403Z"}
{"level":"info","message":"⌛ Building environment","timeElapsed":225,"timestamp":"2024-10-14T23:58:44.862Z"}
{"level":"info","message":"⌛ Validating testGranja.wtest","timeElapsed":207,"timestamp":"2024-10-14T23:58:45.073Z"}
{"level":"info","message":"⌛ Building environment","timeElapsed":326,"timestamp":"2024-10-14T23:58:46.260Z"}
{"level":"info","message":"⌛ Validating testGranja.wtest","timeElapsed":220,"timestamp":"2024-10-14T23:58:46.492Z"}
{"level":"info","message":"⌛ Building environment","timeElapsed":244,"timestamp":"2024-10-14T23:58:46.849Z"}
{"level":"info","message":"⌛ Building environment","timeElapsed":197,"timestamp":"2024-10-14T23:58:47.092Z"}
{"level":"info","message":"⌛ Validating testGranja.wtest","timeElapsed":207,"timestamp":"2024-10-14T23:58:47.301Z"}
{"level":"info","message":"onRequest - completionItem/resolve","timestamp":"2024-10-14T23:58:47.302Z"}
{"level":"info","message":"⌛ Building environment","timeElapsed":210,"timestamp":"2024-10-14T23:58:47.513Z"}
{"level":"info","message":"onRequest - completionItem/resolve","timestamp":"2024-10-14T23:58:47.514Z"}
{"level":"info","message":"⌛ Validating testGranja.wtest","timeElapsed":226,"timestamp":"2024-10-14T23:58:47.740Z"}
{"level":"info","message":"⌛ Validating testGranja.wtest","timeElapsed":219,"timestamp":"2024-10-14T23:58:47.968Z"}
{"level":"info","message":"onRequest - completionItem/resolve","timestamp":"2024-10-14T23:58:47.968Z"}
{"level":"info","message":"⌛ Building environment","timeElapsed":211,"timestamp":"2024-10-14T23:58:48.180Z"}
{"level":"info","message":"⌛ Validating testGranja.wtest","timeElapsed":244,"timestamp":"2024-10-14T23:58:48.432Z"}
{"level":"info","message":"⌛ Building environment","timeElapsed":226,"timestamp":"2024-10-14T23:58:48.658Z"}
{"level":"info","message":"⌛ Validating testGranja.wtest","timeElapsed":265,"timestamp":"2024-10-14T23:58:48.972Z"}
{"level":"info","message":"onRequest - completionItem/resolve","timestamp":"2024-10-14T23:58:48.973Z"}
{"level":"info","message":"⌛ Building environment","timeElapsed":328,"timestamp":"2024-10-14T23:58:49.372Z"}
{"level":"info","message":"onRequest - completionItem/resolve","timestamp":"2024-10-14T23:58:49.373Z"}
{"level":"info","message":"⌛ Building environment","timeElapsed":219,"timestamp":"2024-10-14T23:58:49.592Z"}
{"level":"info","message":"onRequest - completionItem/resolve","timestamp":"2024-10-14T23:58:49.593Z"}
{"level":"info","message":"⌛ Validating testGranja.wtest","timeElapsed":238,"timestamp":"2024-10-14T23:58:49.831Z"}
{"level":"info","message":"⌛ Building environment","timeElapsed":362,"timestamp":"2024-10-14T23:58:50.205Z"}
{"level":"info","message":"onRequest - completionItem/resolve","timestamp":"2024-10-14T23:58:50.205Z"}
{"level":"info","message":"⌛ Building environment","timeElapsed":212,"timestamp":"2024-10-14T23:58:50.418Z"}
{"level":"info","message":"onRequest - completionItem/resolve","timestamp":"2024-10-14T23:58:50.419Z"}
{"level":"info","message":"⌛ Validating testGranja.wtest","timeElapsed":239,"timestamp":"2024-10-14T23:58:50.658Z"}
{"level":"info","message":"⌛ Building environment","timeElapsed":226,"timestamp":"2024-10-14T23:58:50.884Z"}
{"level":"info","message":"onRequest - completionItem/resolve","timestamp":"2024-10-14T23:58:50.890Z"}
{"level":"info","message":"⌛ Building environment","timeElapsed":227,"timestamp":"2024-10-14T23:58:51.127Z"}
{"level":"info","message":"⌛ Validating testGranja.wtest","timeElapsed":338,"timestamp":"2024-10-14T23:58:51.466Z"}
{"level":"info","message":"⌛ Building environment","timeElapsed":204,"timestamp":"2024-10-14T23:58:51.670Z"}
{"level":"error","message":"✘ Completions for node failed: Error: [Send]{9897d2} at testGranja.wtest:129 exhausted all cases without a match [Send]{9897d2} at testGranja.wtest:129 exhausted all cases without a match","stack":"Error: [Send]{9897d2} at testGranja.wtest:129 exhausted all cases without a match\n    at /home/felipe/.vscode/extensions/uqbar.wollok-lsp-ide-0.3.6/out/server/src/server.js:38:6067\n    at yh (/home/felipe/.vscode/extensions/uqbar.wollok-lsp-ide-0.3.6/out/server/src/server.js:2291:42)\n    at kh (/home/felipe/.vscode/extensions/uqbar.wollok-lsp-ide-0.3.6/out/server/src/server.js:2291:1004)\n    at Y5n (/home/felipe/.vscode/extensions/uqbar.wollok-lsp-ide-0.3.6/out/server/src/server.js:2291:1160)\n    at /home/felipe/.vscode/extensions/uqbar.wollok-lsp-ide-0.3.6/out/server/src/server.js:38:6056\n    at yh (/home/felipe/.vscode/extensions/uqbar.wollok-lsp-ide-0.3.6/out/server/src/server.js:2291:42)\n    at /home/felipe/.vscode/extensions/uqbar.wollok-lsp-ide-0.3.6/out/server/src/server.js:2291:2700\n    at /home/felipe/.vscode/extensions/uqbar.wollok-lsp-ide-0.3.6/out/server/src/server.js:2298:3774\n    at /home/felipe/.vscode/extensions/uqbar.wollok-lsp-ide-0.3.6/out/server/src/server.js:37:74872\n    at Fe (/home/felipe/.vscode/extensions/uqbar.wollok-lsp-ide-0.3.6/out/server/src/server.js:7:8527)","timestamp":"2024-10-14T23:58:51.709Z"}
{"level":"info","message":"⌛ Validating testGranja.wtest","timeElapsed":211,"timestamp":"2024-10-14T23:58:51.929Z"}
{"level":"info","message":"⌛ Building environment","timeElapsed":211,"timestamp":"2024-10-14T23:58:52.143Z"}
{"level":"info","message":"⌛ Building environment","timeElapsed":206,"timestamp":"2024-10-14T23:58:52.349Z"}
{"level":"info","message":"⌛ Building environment","timeElapsed":198,"timestamp":"2024-10-14T23:58:52.549Z"}
{"level":"info","message":"⌛ Validating testGranja.wtest","timeElapsed":227,"timestamp":"2024-10-14T23:58:52.776Z"}
{"level":"info","message":"⌛ Building environment","timeElapsed":193,"timestamp":"2024-10-14T23:58:52.972Z"}
{"level":"info","message":"⌛ Building environment","timeElapsed":216,"timestamp":"2024-10-14T23:58:53.188Z"}
{"level":"info","message":"⌛ Validating testGranja.wtest","timeElapsed":222,"timestamp":"2024-10-14T23:58:53.410Z"}
{"level":"info","message":"⌛ Validating testGranja.wtest","timeElapsed":218,"timestamp":"2024-10-14T23:58:53.638Z"}
{"level":"info","message":"onRequest - completionItem/resolve","timestamp":"2024-10-14T23:58:53.638Z"}
{"level":"info","message":"⌛ Validating testGranja.wtest","timeElapsed":230,"timestamp":"2024-10-14T23:58:53.870Z"}
{"level":"info","message":"⌛ Validating testGranja.wtest","timeElapsed":202,"timestamp":"2024-10-14T23:58:54.072Z"}
{"level":"info","message":"⌛ Validating testGranja.wtest","timeElapsed":222,"timestamp":"2024-10-14T23:58:54.295Z"}
{"level":"info","message":"⌛ Validating testGranja.wtest","timeElapsed":297,"timestamp":"2024-10-14T23:58:54.595Z"}
{"level":"info","message":"⌛ Validating testGranja.wtest","timeElapsed":208,"timestamp":"2024-10-14T23:58:54.803Z"}
{"level":"info","message":"⌛ Building environment","timeElapsed":257,"timestamp":"2024-10-14T23:58:59.083Z"}
{"level":"info","message":"⌛ Validating testGranja.wtest","timeElapsed":208,"timestamp":"2024-10-14T23:58:59.292Z"}
{"level":"info","message":"⌛ Building environment","timeElapsed":243,"timestamp":"2024-10-14T23:59:01.166Z"}
{"level":"info","message":"⌛ Validating testGranja.wtest","timeElapsed":291,"timestamp":"2024-10-14T23:59:01.458Z"}
{"level":"info","message":"⌛ Building environment","timeElapsed":246,"timestamp":"2024-10-14T23:59:01.705Z"}
{"level":"info","message":"⌛ Validating testGranja.wtest","timeElapsed":218,"timestamp":"2024-10-14T23:59:01.932Z"}
{"level":"info","message":"⌛ Building environment","timeElapsed":230,"timestamp":"2024-10-14T23:59:09.926Z"}
{"level":"info","message":"⌛ Validating testGranja.wtest","timeElapsed":194,"timestamp":"2024-10-14T23:59:10.125Z"}
{"level":"info","message":"⌛ Building environment","timeElapsed":196,"timestamp":"2024-10-14T23:59:10.397Z"}
{"level":"info","message":"⌛ Validating testGranja.wtest","timeElapsed":202,"timestamp":"2024-10-14T23:59:10.600Z"}
{"level":"info","message":"⌛ Building environment","timeElapsed":243,"timestamp":"2024-10-14T23:59:13.242Z"}
{"level":"info","message":"⌛ Validating testGranja.wtest","timeElapsed":210,"timestamp":"2024-10-14T23:59:13.504Z"}
{"level":"info","message":"onRequest - completionItem/resolve","timestamp":"2024-10-14T23:59:13.506Z"}
{"level":"info","message":"⌛ Building environment","timeElapsed":217,"timestamp":"2024-10-14T23:59:14.442Z"}
{"level":"info","message":"⌛ Validating testGranja.wtest","timeElapsed":223,"timestamp":"2024-10-14T23:59:14.666Z"}
{"level":"info","message":"⌛ Building environment","timeElapsed":239,"timestamp":"2024-10-14T23:59:28.517Z"}
{"level":"info","message":"⌛ Validating testGranja.wtest","timeElapsed":208,"timestamp":"2024-10-14T23:59:28.727Z"}
{"level":"info","message":"⌛ Building environment","timeElapsed":234,"timestamp":"2024-10-14T23:59:28.971Z"}
{"level":"info","message":"⌛ Validating testGranja.wtest","timeElapsed":190,"timestamp":"2024-10-14T23:59:29.172Z"}
{"level":"info","message":"⌛ Building environment","timeElapsed":223,"timestamp":"2024-10-14T23:59:29.654Z"}
{"level":"info","message":"⌛ Validating testGranja.wtest","timeElapsed":206,"timestamp":"2024-10-14T23:59:29.862Z"}
{"level":"info","message":"⌛ Building environment","timeElapsed":234,"timestamp":"2024-10-14T23:59:32.339Z"}
{"level":"info","message":"⌛ Validating testGranja.wtest","timeElapsed":197,"timestamp":"2024-10-14T23:59:32.537Z"}
{"level":"info","message":"⌛ Building environment","timeElapsed":227,"timestamp":"2024-10-14T23:59:34.804Z"}
{"level":"info","message":"⌛ Building environment","timeElapsed":202,"timestamp":"2024-10-14T23:59:35.012Z"}
{"level":"info","message":"⌛ Validating testGranja.wtest","timeElapsed":215,"timestamp":"2024-10-14T23:59:35.228Z"}
{"level":"info","message":"⌛ Validating testGranja.wtest","timeElapsed":195,"timestamp":"2024-10-14T23:59:35.432Z"}
{"level":"info","message":"⌛ Building environment","timeElapsed":210,"timestamp":"2024-10-14T23:59:38.327Z"}
{"level":"info","message":"⌛ Building environment","timeElapsed":237,"timestamp":"2024-10-14T23:59:38.611Z"}
{"level":"info","message":"⌛ Validating testGranja.wtest","timeElapsed":235,"timestamp":"2024-10-14T23:59:38.852Z"}
{"level":"info","message":"onRequest - completionItem/resolve","timestamp":"2024-10-14T23:59:38.852Z"}
{"level":"info","message":"⌛ Building environment","timeElapsed":221,"timestamp":"2024-10-14T23:59:39.073Z"}
{"level":"info","message":"onRequest - completionItem/resolve","timestamp":"2024-10-14T23:59:39.074Z"}
{"level":"info","message":"⌛ Validating testGranja.wtest","timeElapsed":207,"timestamp":"2024-10-14T23:59:39.281Z"}
{"level":"info","message":"⌛ Building environment","timeElapsed":201,"timestamp":"2024-10-14T23:59:39.493Z"}
{"level":"info","message":"onRequest - completionItem/resolve","timestamp":"2024-10-14T23:59:39.494Z"}
{"level":"info","message":"⌛ Building environment","timeElapsed":228,"timestamp":"2024-10-14T23:59:39.734Z"}
{"level":"info","message":"⌛ Building environment","timeElapsed":344,"timestamp":"2024-10-14T23:59:40.128Z"}
{"level":"info","message":"⌛ Validating testGranja.wtest","timeElapsed":260,"timestamp":"2024-10-14T23:59:40.391Z"}
{"level":"info","message":"⌛ Validating testGranja.wtest","timeElapsed":195,"timestamp":"2024-10-14T23:59:40.597Z"}
{"level":"info","message":"⌛ Building environment","timeElapsed":209,"timestamp":"2024-10-14T23:59:40.806Z"}
{"level":"info","message":"⌛ Validating testGranja.wtest","timeElapsed":261,"timestamp":"2024-10-14T23:59:41.118Z"}
{"level":"info","message":"⌛ Validating testGranja.wtest","timeElapsed":212,"timestamp":"2024-10-14T23:59:41.332Z"}
{"level":"info","message":"⌛ Building environment","timeElapsed":750,"timestamp":"2024-10-14T23:59:42.084Z"}
{"level":"info","message":"⌛ Building environment","timeElapsed":233,"timestamp":"2024-10-14T23:59:42.373Z"}
{"level":"info","message":"⌛ Validating testGranja.wtest","timeElapsed":242,"timestamp":"2024-10-14T23:59:42.666Z"}
{"level":"info","message":"⌛ Building environment","timeElapsed":220,"timestamp":"2024-10-14T23:59:42.887Z"}
{"level":"info","message":"⌛ Building environment","timeElapsed":290,"timestamp":"2024-10-14T23:59:43.224Z"}
{"level":"info","message":"⌛ Building environment","timeElapsed":244,"timestamp":"2024-10-14T23:59:43.468Z"}
{"level":"info","message":"⌛ Validating testGranja.wtest","timeElapsed":237,"timestamp":"2024-10-14T23:59:43.706Z"}
{"level":"info","message":"⌛ Building environment","timeElapsed":224,"timestamp":"2024-10-14T23:59:43.931Z"}
{"level":"info","message":"⌛ Building environment","timeElapsed":196,"timestamp":"2024-10-14T23:59:44.168Z"}
{"level":"info","message":"⌛ Validating testGranja.wtest","timeElapsed":211,"timestamp":"2024-10-14T23:59:44.379Z"}
{"level":"info","message":"⌛ Building environment","timeElapsed":215,"timestamp":"2024-10-14T23:59:44.595Z"}
{"level":"info","message":"⌛ Building environment","timeElapsed":212,"timestamp":"2024-10-14T23:59:44.813Z"}
{"level":"info","message":"⌛ Validating testGranja.wtest","timeElapsed":219,"timestamp":"2024-10-14T23:59:45.034Z"}
{"level":"info","message":"⌛ Building environment","timeElapsed":221,"timestamp":"2024-10-14T23:59:45.256Z"}
{"level":"info","message":"⌛ Validating testGranja.wtest","timeElapsed":204,"timestamp":"2024-10-14T23:59:45.460Z"}
{"level":"info","message":"⌛ Building environment","timeElapsed":202,"timestamp":"2024-10-14T23:59:45.663Z"}
{"level":"info","message":"⌛ Building environment","timeElapsed":204,"timestamp":"2024-10-14T23:59:45.875Z"}
{"level":"info","message":"⌛ Validating testGranja.wtest","timeElapsed":217,"timestamp":"2024-10-14T23:59:46.092Z"}
{"level":"info","message":"⌛ Building environment","timeElapsed":230,"timestamp":"2024-10-14T23:59:46.322Z"}
{"level":"info","message":"⌛ Validating testGranja.wtest","timeElapsed":202,"timestamp":"2024-10-14T23:59:46.532Z"}
{"level":"info","message":"onRequest - completionItem/resolve","timestamp":"2024-10-14T23:59:46.540Z"}
{"level":"info","message":"⌛ Validating testGranja.wtest","timeElapsed":216,"timestamp":"2024-10-14T23:59:46.756Z"}
{"level":"info","message":"⌛ Validating testGranja.wtest","timeElapsed":203,"timestamp":"2024-10-14T23:59:46.961Z"}
{"level":"info","message":"⌛ Validating testGranja.wtest","timeElapsed":204,"timestamp":"2024-10-14T23:59:47.166Z"}
{"level":"info","message":"⌛ Building environment","timeElapsed":237,"timestamp":"2024-10-14T23:59:47.404Z"}
{"level":"info","message":"⌛ Validating testGranja.wtest","timeElapsed":216,"timestamp":"2024-10-14T23:59:47.627Z"}
{"level":"info","message":"⌛ Validating testGranja.wtest","timeElapsed":217,"timestamp":"2024-10-14T23:59:47.852Z"}
{"level":"info","message":"⌛ Validating testGranja.wtest","timeElapsed":204,"timestamp":"2024-10-14T23:59:48.058Z"}
{"level":"info","message":"⌛ Validating testGranja.wtest","timeElapsed":208,"timestamp":"2024-10-14T23:59:48.266Z"}
{"level":"info","message":"⌛ Building environment","timeElapsed":197,"timestamp":"2024-10-14T23:59:48.463Z"}
{"level":"info","message":"⌛ Validating testGranja.wtest","timeElapsed":194,"timestamp":"2024-10-14T23:59:48.664Z"}
{"level":"info","message":"⌛ Validating testGranja.wtest","timeElapsed":238,"timestamp":"2024-10-14T23:59:48.911Z"}
{"level":"info","message":"⌛ Building environment","timeElapsed":247,"timestamp":"2024-10-14T23:59:55.218Z"}
{"level":"info","message":"⌛ Building environment","timeElapsed":373,"timestamp":"2024-10-14T23:59:55.636Z"}
{"level":"info","message":"⌛ Validating testGranja.wtest","timeElapsed":206,"timestamp":"2024-10-14T23:59:55.842Z"}
{"level":"info","message":"onRequest - completionItem/resolve","timestamp":"2024-10-14T23:59:55.843Z"}
{"level":"info","message":"⌛ Validating testGranja.wtest","timeElapsed":239,"timestamp":"2024-10-14T23:59:56.091Z"}
{"level":"info","message":"⌛ Building environment","timeElapsed":305,"timestamp":"2024-10-14T23:59:56.399Z"}
{"level":"info","message":"⌛ Building environment","timeElapsed":349,"timestamp":"2024-10-14T23:59:56.748Z"}
{"level":"info","message":"onRequest - completionItem/resolve","timestamp":"2024-10-14T23:59:56.754Z"}
{"level":"info","message":"⌛ Building environment","timeElapsed":219,"timestamp":"2024-10-14T23:59:56.973Z"}
{"level":"info","message":"onRequest - completionItem/resolve","timestamp":"2024-10-14T23:59:56.974Z"}
{"level":"info","message":"⌛ Validating testGranja.wtest","timeElapsed":231,"timestamp":"2024-10-14T23:59:57.205Z"}
{"level":"info","message":"⌛ Validating testGranja.wtest","timeElapsed":211,"timestamp":"2024-10-14T23:59:57.426Z"}
{"level":"info","message":"⌛ Validating testGranja.wtest","timeElapsed":212,"timestamp":"2024-10-14T23:59:57.639Z"}
{"level":"info","message":"onRequest - completionItem/resolve","timestamp":"2024-10-14T23:59:57.717Z"}
{"level":"info","message":"⌛ Building environment","timeElapsed":233,"timestamp":"2024-10-15T00:00:04.389Z"}
{"level":"info","message":"⌛ Validating testGranja.wtest","timeElapsed":228,"timestamp":"2024-10-15T00:00:04.619Z"}
{"level":"info","message":"⌛ Building environment","timeElapsed":251,"timestamp":"2024-10-15T00:00:07.656Z"}
{"level":"info","message":"⌛ Building environment","timeElapsed":208,"timestamp":"2024-10-15T00:00:07.865Z"}
{"level":"info","message":"⌛ Validating testGranja.wtest","timeElapsed":208,"timestamp":"2024-10-15T00:00:08.074Z"}
{"level":"info","message":"⌛ Validating testGranja.wtest","timeElapsed":225,"timestamp":"2024-10-15T00:00:08.308Z"}
{"level":"info","message":"⌛ Building environment","timeElapsed":346,"timestamp":"2024-10-15T00:02:17.384Z"}
{"level":"error","message":"✘ Completions for node failed: Error: [Send]{1314b4} at testGranja.wtest:132 exhausted all cases without a match [Send]{1314b4} at testGranja.wtest:132 exhausted all cases without a match","stack":"Error: [Send]{1314b4} at testGranja.wtest:132 exhausted all cases without a match\n    at /home/felipe/.vscode/extensions/uqbar.wollok-lsp-ide-0.3.6/out/server/src/server.js:38:6067\n    at yh (/home/felipe/.vscode/extensions/uqbar.wollok-lsp-ide-0.3.6/out/server/src/server.js:2291:42)\n    at /home/felipe/.vscode/extensions/uqbar.wollok-lsp-ide-0.3.6/out/server/src/server.js:2291:2700\n    at /home/felipe/.vscode/extensions/uqbar.wollok-lsp-ide-0.3.6/out/server/src/server.js:2298:3774\n    at /home/felipe/.vscode/extensions/uqbar.wollok-lsp-ide-0.3.6/out/server/src/server.js:37:74872\n    at Fe (/home/felipe/.vscode/extensions/uqbar.wollok-lsp-ide-0.3.6/out/server/src/server.js:7:8527)\n    at Pt (/home/felipe/.vscode/extensions/uqbar.wollok-lsp-ide-0.3.6/out/server/src/server.js:7:6189)\n    at Gi (/home/felipe/.vscode/extensions/uqbar.wollok-lsp-ide-0.3.6/out/server/src/server.js:7:6378)\n    at Immediate._onImmediate (/home/felipe/.vscode/extensions/uqbar.wollok-lsp-ide-0.3.6/out/server/src/server.js:7:6142)\n    at process.processImmediate (node:internal/timers:483:21)","timestamp":"2024-10-15T00:02:17.492Z"}
{"level":"error","message":"✘ Completions for node failed: Error: [Send]{ccff66} at testGranja.wtest:132 exhausted all cases without a match [Send]{ccff66} at testGranja.wtest:132 exhausted all cases without a match","stack":"Error: [Send]{ccff66} at testGranja.wtest:132 exhausted all cases without a match\n    at /home/felipe/.vscode/extensions/uqbar.wollok-lsp-ide-0.3.6/out/server/src/server.js:38:6067\n    at yh (/home/felipe/.vscode/extensions/uqbar.wollok-lsp-ide-0.3.6/out/server/src/server.js:2291:42)\n    at kh (/home/felipe/.vscode/extensions/uqbar.wollok-lsp-ide-0.3.6/out/server/src/server.js:2291:1004)\n    at yh (/home/felipe/.vscode/extensions/uqbar.wollok-lsp-ide-0.3.6/out/server/src/server.js:2291:456)\n    at /home/felipe/.vscode/extensions/uqbar.wollok-lsp-ide-0.3.6/out/server/src/server.js:2291:2700\n    at /home/felipe/.vscode/extensions/uqbar.wollok-lsp-ide-0.3.6/out/server/src/server.js:2298:3774\n    at /home/felipe/.vscode/extensions/uqbar.wollok-lsp-ide-0.3.6/out/server/src/server.js:37:74872\n    at Fe (/home/felipe/.vscode/extensions/uqbar.wollok-lsp-ide-0.3.6/out/server/src/server.js:7:8527)\n    at Pt (/home/felipe/.vscode/extensions/uqbar.wollok-lsp-ide-0.3.6/out/server/src/server.js:7:6189)\n    at Gi (/home/felipe/.vscode/extensions/uqbar.wollok-lsp-ide-0.3.6/out/server/src/server.js:7:6378)","timestamp":"2024-10-15T00:02:17.492Z"}
{"level":"error","message":"✘ Completions for node failed: Error: [Send]{c465ac} at testGranja.wtest:132 exhausted all cases without a match [Send]{c465ac} at testGranja.wtest:132 exhausted all cases without a match","stack":"Error: [Send]{c465ac} at testGranja.wtest:132 exhausted all cases without a match\n    at /home/felipe/.vscode/extensions/uqbar.wollok-lsp-ide-0.3.6/out/server/src/server.js:38:6067\n    at yh (/home/felipe/.vscode/extensions/uqbar.wollok-lsp-ide-0.3.6/out/server/src/server.js:2291:42)\n    at kh (/home/felipe/.vscode/extensions/uqbar.wollok-lsp-ide-0.3.6/out/server/src/server.js:2291:1004)\n    at yh (/home/felipe/.vscode/extensions/uqbar.wollok-lsp-ide-0.3.6/out/server/src/server.js:2291:456)\n    at kh (/home/felipe/.vscode/extensions/uqbar.wollok-lsp-ide-0.3.6/out/server/src/server.js:2291:1004)\n    at yh (/home/felipe/.vscode/extensions/uqbar.wollok-lsp-ide-0.3.6/out/server/src/server.js:2291:456)\n    at /home/felipe/.vscode/extensions/uqbar.wollok-lsp-ide-0.3.6/out/server/src/server.js:2291:2700\n    at /home/felipe/.vscode/extensions/uqbar.wollok-lsp-ide-0.3.6/out/server/src/server.js:2298:3774\n    at /home/felipe/.vscode/extensions/uqbar.wollok-lsp-ide-0.3.6/out/server/src/server.js:37:74872\n    at Fe (/home/felipe/.vscode/extensions/uqbar.wollok-lsp-ide-0.3.6/out/server/src/server.js:7:8527)","timestamp":"2024-10-15T00:02:17.493Z"}
{"level":"info","message":"⌛ Autocomplete - Send","timeElapsed":106,"timestamp":"2024-10-15T00:02:17.496Z"}
{"level":"info","message":"⌛ Building environment","timeElapsed":272,"timestamp":"2024-10-15T00:02:17.769Z"}
{"level":"info","message":"⌛ Building environment","timeElapsed":243,"timestamp":"2024-10-15T00:02:18.013Z"}
{"level":"info","message":"⌛ Validating testGranja.wtest","timeElapsed":241,"timestamp":"2024-10-15T00:02:18.255Z"}
{"level":"info","message":"⌛ Validating testGranja.wtest","timeElapsed":219,"timestamp":"2024-10-15T00:02:18.482Z"}
{"level":"info","message":"⌛ Validating testGranja.wtest","timeElapsed":266,"timestamp":"2024-10-15T00:02:18.749Z"}
{"level":"info","message":"⌛ Building environment","timeElapsed":280,"timestamp":"2024-10-15T00:03:10.718Z"}
{"level":"info","message":"⌛ Validating testGranja.wtest","timeElapsed":216,"timestamp":"2024-10-15T00:03:11.010Z"}
{"level":"info","message":"⌛ Building environment","timeElapsed":236,"timestamp":"2024-10-15T00:03:11.696Z"}
{"level":"info","message":"⌛ Validating testGranja.wtest","timeElapsed":214,"timestamp":"2024-10-15T00:03:11.912Z"}
{"level":"info","message":"⌛ Building environment","timeElapsed":279,"timestamp":"2024-10-15T00:03:13.889Z"}
{"level":"info","message":"⌛ Validating testGranja.wtest","timeElapsed":226,"timestamp":"2024-10-15T00:03:14.180Z"}
{"level":"info","message":"⌛ Building environment","timeElapsed":248,"timestamp":"2024-10-15T00:03:19.239Z"}
{"level":"info","message":"⌛ Validating testGranja.wtest","timeElapsed":215,"timestamp":"2024-10-15T00:03:19.455Z"}
{"level":"info","message":"⌛ Building environment","timeElapsed":250,"timestamp":"2024-10-15T00:03:22.533Z"}
{"level":"info","message":"⌛ Validating testGranja.wtest","timeElapsed":267,"timestamp":"2024-10-15T00:03:22.808Z"}
{"level":"info","message":"⌛ Building environment","timeElapsed":250,"timestamp":"2024-10-15T00:03:24.872Z"}
{"level":"info","message":"⌛ Validating testGranja.wtest","timeElapsed":214,"timestamp":"2024-10-15T00:03:25.088Z"}
{"failures":[],"level":"info","message":"🧪 Test runner executed on /home/felipe/Documents/Universidad/Proramacion_Con_Objetos_1/2024s2-granja-villa-FeliQI-main/2024s2-granja-villa-FeliQI-5","result":{"failed":0,"ok":1},"timeElapsed":1010,"timestamp":"2024-10-15T00:03:37.748Z"}
{"level":"info","message":"⌛ Building environment","timeElapsed":349,"timestamp":"2024-10-15T00:03:57.549Z"}
{"level":"info","message":"⌛ Validating testGranja.wtest","timeElapsed":260,"timestamp":"2024-10-15T00:03:57.876Z"}
{"level":"info","message":"⌛ Building environment","timeElapsed":248,"timestamp":"2024-10-15T00:04:01.402Z"}
{"level":"info","message":"⌛ Validating testGranja.wtest","timeElapsed":211,"timestamp":"2024-10-15T00:04:01.623Z"}
{"level":"info","message":"⌛ Building environment","timeElapsed":214,"timestamp":"2024-10-15T00:04:03.608Z"}
{"level":"info","message":"⌛ Validating testGranja.wtest","timeElapsed":220,"timestamp":"2024-10-15T00:04:03.829Z"}
{"level":"info","message":"⌛ Building environment","timeElapsed":281,"timestamp":"2024-10-15T00:04:13.387Z"}
{"level":"info","message":"⌛ Validating testGranja.wtest","timeElapsed":244,"timestamp":"2024-10-15T00:04:13.646Z"}
{"level":"info","message":"⌛ Building environment","timeElapsed":245,"timestamp":"2024-10-15T00:04:14.505Z"}
{"level":"info","message":"⌛ Validating testGranja.wtest","timeElapsed":234,"timestamp":"2024-10-15T00:04:14.741Z"}
{"level":"info","message":"⌛ Building environment","timeElapsed":281,"timestamp":"2024-10-15T00:04:16.429Z"}
{"level":"info","message":"⌛ Validating testGranja.wtest","timeElapsed":238,"timestamp":"2024-10-15T00:04:16.682Z"}
{"level":"info","message":"⌛ Building environment","timeElapsed":277,"timestamp":"2024-10-15T00:04:35.509Z"}
{"level":"info","message":"⌛ Validating testGranja.wtest","timeElapsed":258,"timestamp":"2024-10-15T00:04:35.824Z"}
{"level":"info","message":"⌛ Building environment","timeElapsed":249,"timestamp":"2024-10-15T00:04:36.372Z"}
{"level":"info","message":"⌛ Building environment","timeElapsed":212,"timestamp":"2024-10-15T00:04:36.628Z"}
{"level":"info","message":"⌛ Validating testGranja.wtest","timeElapsed":206,"timestamp":"2024-10-15T00:04:36.835Z"}
{"level":"info","message":"onRequest - completionItem/resolve","timestamp":"2024-10-15T00:04:36.839Z"}
{"level":"info","message":"⌛ Building environment","timeElapsed":345,"timestamp":"2024-10-15T00:04:37.185Z"}
{"level":"info","message":"onRequest - completionItem/resolve","timestamp":"2024-10-15T00:04:37.186Z"}
{"level":"info","message":"⌛ Validating testGranja.wtest","timeElapsed":225,"timestamp":"2024-10-15T00:04:37.411Z"}
{"level":"info","message":"⌛ Validating testGranja.wtest","timeElapsed":227,"timestamp":"2024-10-15T00:04:37.650Z"}
{"level":"info","message":"onRequest - completionItem/resolve","timestamp":"2024-10-15T00:04:37.680Z"}
{"level":"info","message":"⌛ Building environment","timeElapsed":242,"timestamp":"2024-10-15T00:04:37.926Z"}
{"level":"info","message":"⌛ Validating testGranja.wtest","timeElapsed":229,"timestamp":"2024-10-15T00:04:38.161Z"}
{"level":"info","message":"⌛ Building environment","timeElapsed":271,"timestamp":"2024-10-15T00:04:38.848Z"}
{"level":"info","message":"⌛ Validating testGranja.wtest","timeElapsed":368,"timestamp":"2024-10-15T00:04:39.271Z"}
{"level":"info","message":"onRequest - completionItem/resolve","timestamp":"2024-10-15T00:04:39.273Z"}
{"level":"info","message":"⌛ Building environment","timeElapsed":241,"timestamp":"2024-10-15T00:04:39.958Z"}
{"level":"info","message":"onRequest - completionItem/resolve","timestamp":"2024-10-15T00:04:39.958Z"}
{"level":"info","message":"⌛ Building environment","timeElapsed":278,"timestamp":"2024-10-15T00:04:40.237Z"}
{"level":"info","message":"onRequest - completionItem/resolve","timestamp":"2024-10-15T00:04:40.238Z"}
{"level":"info","message":"⌛ Validating testGranja.wtest","timeElapsed":238,"timestamp":"2024-10-15T00:04:40.477Z"}
{"level":"info","message":"⌛ Building environment","timeElapsed":224,"timestamp":"2024-10-15T00:04:40.712Z"}
{"level":"info","message":"onRequest - completionItem/resolve","timestamp":"2024-10-15T00:04:40.713Z"}
{"level":"info","message":"⌛ Building environment","timeElapsed":207,"timestamp":"2024-10-15T00:04:40.920Z"}
{"level":"info","message":"onRequest - completionItem/resolve","timestamp":"2024-10-15T00:04:40.921Z"}
{"level":"info","message":"⌛ Validating testGranja.wtest","timeElapsed":214,"timestamp":"2024-10-15T00:04:41.135Z"}
{"level":"info","message":"⌛ Building environment","timeElapsed":216,"timestamp":"2024-10-15T00:04:41.351Z"}
{"level":"info","message":"onRequest - completionItem/resolve","timestamp":"2024-10-15T00:04:41.352Z"}
{"level":"info","message":"⌛ Validating testGranja.wtest","timeElapsed":214,"timestamp":"2024-10-15T00:04:41.577Z"}
{"level":"info","message":"⌛ Validating testGranja.wtest","timeElapsed":222,"timestamp":"2024-10-15T00:04:41.799Z"}
{"level":"info","message":"⌛ Validating testGranja.wtest","timeElapsed":230,"timestamp":"2024-10-15T00:04:42.031Z"}
{"level":"info","message":"⌛ Building environment","timeElapsed":239,"timestamp":"2024-10-15T00:04:42.271Z"}
{"level":"info","message":"⌛ Building environment","timeElapsed":206,"timestamp":"2024-10-15T00:04:42.491Z"}
{"level":"error","message":"✘ Completions for node failed: Error: [Send]{4ca9e1} at testGranja.wtest:130 exhausted all cases without a match [Send]{4ca9e1} at testGranja.wtest:130 exhausted all cases without a match","stack":"Error: [Send]{4ca9e1} at testGranja.wtest:130 exhausted all cases without a match\n    at /home/felipe/.vscode/extensions/uqbar.wollok-lsp-ide-0.3.6/out/server/src/server.js:38:6067\n    at yh (/home/felipe/.vscode/extensions/uqbar.wollok-lsp-ide-0.3.6/out/server/src/server.js:2291:42)\n    at kh (/home/felipe/.vscode/extensions/uqbar.wollok-lsp-ide-0.3.6/out/server/src/server.js:2291:1004)\n    at Y5n (/home/felipe/.vscode/extensions/uqbar.wollok-lsp-ide-0.3.6/out/server/src/server.js:2291:1160)\n    at /home/felipe/.vscode/extensions/uqbar.wollok-lsp-ide-0.3.6/out/server/src/server.js:38:6056\n    at yh (/home/felipe/.vscode/extensions/uqbar.wollok-lsp-ide-0.3.6/out/server/src/server.js:2291:42)\n    at /home/felipe/.vscode/extensions/uqbar.wollok-lsp-ide-0.3.6/out/server/src/server.js:2291:2700\n    at /home/felipe/.vscode/extensions/uqbar.wollok-lsp-ide-0.3.6/out/server/src/server.js:2298:3774\n    at /home/felipe/.vscode/extensions/uqbar.wollok-lsp-ide-0.3.6/out/server/src/server.js:37:74872\n    at Fe (/home/felipe/.vscode/extensions/uqbar.wollok-lsp-ide-0.3.6/out/server/src/server.js:7:8527)","timestamp":"2024-10-15T00:04:42.534Z"}
{"level":"info","message":"⌛ Validating testGranja.wtest","timeElapsed":251,"timestamp":"2024-10-15T00:04:42.791Z"}
{"level":"info","message":"⌛ Building environment","timeElapsed":253,"timestamp":"2024-10-15T00:04:43.046Z"}
{"level":"info","message":"⌛ Validating testGranja.wtest","timeElapsed":228,"timestamp":"2024-10-15T00:04:43.274Z"}
{"level":"info","message":"onRequest - completionItem/resolve","timestamp":"2024-10-15T00:04:43.274Z"}
{"level":"info","message":"⌛ Building environment","timeElapsed":204,"timestamp":"2024-10-15T00:04:43.479Z"}
{"level":"info","message":"onRequest - completionItem/resolve","timestamp":"2024-10-15T00:04:43.479Z"}
{"level":"info","message":"⌛ Building environment","timeElapsed":218,"timestamp":"2024-10-15T00:04:43.698Z"}
{"level":"info","message":"onRequest - completionItem/resolve","timestamp":"2024-10-15T00:04:43.699Z"}
{"level":"info","message":"⌛ Building environment","timeElapsed":237,"timestamp":"2024-10-15T00:04:43.936Z"}
{"level":"info","message":"onRequest - completionItem/resolve","timestamp":"2024-10-15T00:04:43.937Z"}
{"level":"info","message":"⌛ Building environment","timeElapsed":229,"timestamp":"2024-10-15T00:04:44.167Z"}
{"level":"info","message":"onRequest - completionItem/resolve","timestamp":"2024-10-15T00:04:44.168Z"}
{"level":"info","message":"⌛ Validating testGranja.wtest","timeElapsed":219,"timestamp":"2024-10-15T00:04:44.387Z"}
{"level":"info","message":"⌛ Validating testGranja.wtest","timeElapsed":275,"timestamp":"2024-10-15T00:04:44.672Z"}
{"level":"info","message":"⌛ Validating testGranja.wtest","timeElapsed":242,"timestamp":"2024-10-15T00:04:44.914Z"}
{"level":"info","message":"⌛ Validating testGranja.wtest","timeElapsed":212,"timestamp":"2024-10-15T00:04:45.126Z"}
{"level":"info","message":"⌛ Validating testGranja.wtest","timeElapsed":211,"timestamp":"2024-10-15T00:04:45.337Z"}
{"level":"info","message":"⌛ Building environment","timeElapsed":294,"timestamp":"2024-10-15T00:05:00.694Z"}
{"level":"error","message":"✘ Completions for node failed: Error: [Send]{8d33e1} at testGranja.wtest:130 exhausted all cases without a match [Send]{8d33e1} at testGranja.wtest:130 exhausted all cases without a match","stack":"Error: [Send]{8d33e1} at testGranja.wtest:130 exhausted all cases without a match\n    at /home/felipe/.vscode/extensions/uqbar.wollok-lsp-ide-0.3.6/out/server/src/server.js:38:6067\n    at yh (/home/felipe/.vscode/extensions/uqbar.wollok-lsp-ide-0.3.6/out/server/src/server.js:2291:42)\n    at kh (/home/felipe/.vscode/extensions/uqbar.wollok-lsp-ide-0.3.6/out/server/src/server.js:2291:1004)\n    at Y5n (/home/felipe/.vscode/extensions/uqbar.wollok-lsp-ide-0.3.6/out/server/src/server.js:2291:1160)\n    at /home/felipe/.vscode/extensions/uqbar.wollok-lsp-ide-0.3.6/out/server/src/server.js:38:6056\n    at yh (/home/felipe/.vscode/extensions/uqbar.wollok-lsp-ide-0.3.6/out/server/src/server.js:2291:42)\n    at /home/felipe/.vscode/extensions/uqbar.wollok-lsp-ide-0.3.6/out/server/src/server.js:2291:2700\n    at /home/felipe/.vscode/extensions/uqbar.wollok-lsp-ide-0.3.6/out/server/src/server.js:2298:3774\n    at /home/felipe/.vscode/extensions/uqbar.wollok-lsp-ide-0.3.6/out/server/src/server.js:37:74872\n    at Fe (/home/felipe/.vscode/extensions/uqbar.wollok-lsp-ide-0.3.6/out/server/src/server.js:7:8527)","timestamp":"2024-10-15T00:05:00.738Z"}
{"level":"info","message":"⌛ Building environment","timeElapsed":278,"timestamp":"2024-10-15T00:05:01.024Z"}
{"level":"info","message":"⌛ Building environment","timeElapsed":237,"timestamp":"2024-10-15T00:05:01.267Z"}
{"level":"info","message":"⌛ Validating testGranja.wtest","timeElapsed":203,"timestamp":"2024-10-15T00:05:01.476Z"}
{"level":"info","message":"onRequest - completionItem/resolve","timestamp":"2024-10-15T00:05:01.477Z"}
{"level":"info","message":"⌛ Building environment","timeElapsed":221,"timestamp":"2024-10-15T00:05:01.698Z"}
{"level":"info","message":"onRequest - completionItem/resolve","timestamp":"2024-10-15T00:05:01.706Z"}
{"level":"info","message":"⌛ Building environment","timeElapsed":207,"timestamp":"2024-10-15T00:05:01.913Z"}
{"level":"info","message":"onRequest - completionItem/resolve","timestamp":"2024-10-15T00:05:01.920Z"}
{"level":"info","message":"⌛ Validating testGranja.wtest","timeElapsed":221,"timestamp":"2024-10-15T00:05:02.141Z"}
{"level":"info","message":"⌛ Validating testGranja.wtest","timeElapsed":221,"timestamp":"2024-10-15T00:05:02.363Z"}
{"level":"info","message":"⌛ Validating testGranja.wtest","timeElapsed":232,"timestamp":"2024-10-15T00:05:02.604Z"}
{"level":"info","message":"⌛ Validating testGranja.wtest","timeElapsed":211,"timestamp":"2024-10-15T00:05:02.816Z"}
{"level":"info","message":"⌛ Building environment","timeElapsed":224,"timestamp":"2024-10-15T00:05:05.846Z"}
{"level":"info","message":"⌛ Validating testGranja.wtest","timeElapsed":196,"timestamp":"2024-10-15T00:05:06.045Z"}
{"level":"info","message":"⌛ Building environment","timeElapsed":267,"timestamp":"2024-10-15T00:05:09.878Z"}
{"level":"info","message":"⌛ Building environment","timeElapsed":211,"timestamp":"2024-10-15T00:05:10.096Z"}
{"level":"info","message":"⌛ Validating testGranja.wtest","timeElapsed":250,"timestamp":"2024-10-15T00:05:10.352Z"}
{"level":"info","message":"⌛ Validating testGranja.wtest","timeElapsed":203,"timestamp":"2024-10-15T00:05:10.556Z"}
{"level":"info","message":"⌛ Building environment","timeElapsed":216,"timestamp":"2024-10-15T00:05:10.780Z"}
{"level":"info","message":"⌛ Validating testGranja.wtest","timeElapsed":198,"timestamp":"2024-10-15T00:05:10.986Z"}
{"level":"info","message":"⌛ Building environment","timeElapsed":223,"timestamp":"2024-10-15T00:05:12.319Z"}
{"level":"info","message":"⌛ Validating testGranja.wtest","timeElapsed":199,"timestamp":"2024-10-15T00:05:12.520Z"}
{"level":"info","message":"⌛ Building environment","timeElapsed":212,"timestamp":"2024-10-15T00:05:13.126Z"}
{"level":"info","message":"⌛ Building environment","timeElapsed":270,"timestamp":"2024-10-15T00:05:13.443Z"}
{"level":"info","message":"⌛ Validating testGranja.wtest","timeElapsed":351,"timestamp":"2024-10-15T00:05:13.796Z"}
{"level":"info","message":"onRequest - completionItem/resolve","timestamp":"2024-10-15T00:05:13.796Z"}
{"level":"info","message":"⌛ Building environment","timeElapsed":227,"timestamp":"2024-10-15T00:05:14.023Z"}
{"level":"info","message":"onRequest - completionItem/resolve","timestamp":"2024-10-15T00:05:14.028Z"}
{"level":"info","message":"⌛ Validating testGranja.wtest","timeElapsed":210,"timestamp":"2024-10-15T00:05:14.239Z"}
{"level":"info","message":"⌛ Building environment","timeElapsed":219,"timestamp":"2024-10-15T00:05:14.458Z"}
{"level":"info","message":"onRequest - completionItem/resolve","timestamp":"2024-10-15T00:05:14.463Z"}
{"level":"info","message":"⌛ Building environment","timeElapsed":265,"timestamp":"2024-10-15T00:05:14.729Z"}
{"level":"info","message":"onRequest - completionItem/resolve","timestamp":"2024-10-15T00:05:14.738Z"}
{"level":"info","message":"⌛ Building environment","timeElapsed":241,"timestamp":"2024-10-15T00:05:14.980Z"}
{"level":"info","message":"onRequest - completionItem/resolve","timestamp":"2024-10-15T00:05:14.986Z"}
{"level":"info","message":"⌛ Validating testGranja.wtest","timeElapsed":229,"timestamp":"2024-10-15T00:05:15.222Z"}
{"level":"info","message":"⌛ Building environment","timeElapsed":228,"timestamp":"2024-10-15T00:05:15.451Z"}
{"level":"info","message":"⌛ Validating testGranja.wtest","timeElapsed":216,"timestamp":"2024-10-15T00:05:15.714Z"}
{"level":"info","message":"⌛ Validating testGranja.wtest","timeElapsed":201,"timestamp":"2024-10-15T00:05:15.918Z"}
{"level":"info","message":"⌛ Building environment","timeElapsed":197,"timestamp":"2024-10-15T00:05:16.115Z"}
{"level":"info","message":"⌛ Building environment","timeElapsed":217,"timestamp":"2024-10-15T00:05:16.333Z"}
{"level":"info","message":"⌛ Validating testGranja.wtest","timeElapsed":211,"timestamp":"2024-10-15T00:05:16.545Z"}
{"level":"info","message":"⌛ Building environment","timeElapsed":252,"timestamp":"2024-10-15T00:05:16.808Z"}
{"level":"info","message":"⌛ Building environment","timeElapsed":249,"timestamp":"2024-10-15T00:05:17.057Z"}
{"level":"info","message":"⌛ Building environment","timeElapsed":248,"timestamp":"2024-10-15T00:05:17.305Z"}
{"level":"info","message":"⌛ Validating testGranja.wtest","timeElapsed":213,"timestamp":"2024-10-15T00:05:17.518Z"}
{"level":"info","message":"onRequest - completionItem/resolve","timestamp":"2024-10-15T00:05:17.518Z"}
{"level":"info","message":"⌛ Validating testGranja.wtest","timeElapsed":232,"timestamp":"2024-10-15T00:05:17.759Z"}
{"level":"info","message":"⌛ Building environment","timeElapsed":208,"timestamp":"2024-10-15T00:05:17.968Z"}
{"level":"info","message":"⌛ Building environment","timeElapsed":220,"timestamp":"2024-10-15T00:05:18.188Z"}
{"level":"error","message":"✘ Completions for node failed: Error: [Send]{8bb61a} at testGranja.wtest:134 exhausted all cases without a match [Send]{8bb61a} at testGranja.wtest:134 exhausted all cases without a match","stack":"Error: [Send]{8bb61a} at testGranja.wtest:134 exhausted all cases without a match\n    at /home/felipe/.vscode/extensions/uqbar.wollok-lsp-ide-0.3.6/out/server/src/server.js:38:6067\n    at yh (/home/felipe/.vscode/extensions/uqbar.wollok-lsp-ide-0.3.6/out/server/src/server.js:2291:42)\n    at kh (/home/felipe/.vscode/extensions/uqbar.wollok-lsp-ide-0.3.6/out/server/src/server.js:2291:1004)\n    at Y5n (/home/felipe/.vscode/extensions/uqbar.wollok-lsp-ide-0.3.6/out/server/src/server.js:2291:1160)\n    at /home/felipe/.vscode/extensions/uqbar.wollok-lsp-ide-0.3.6/out/server/src/server.js:38:6056\n    at yh (/home/felipe/.vscode/extensions/uqbar.wollok-lsp-ide-0.3.6/out/server/src/server.js:2291:42)\n    at /home/felipe/.vscode/extensions/uqbar.wollok-lsp-ide-0.3.6/out/server/src/server.js:2291:2700\n    at /home/felipe/.vscode/extensions/uqbar.wollok-lsp-ide-0.3.6/out/server/src/server.js:2298:3774\n    at /home/felipe/.vscode/extensions/uqbar.wollok-lsp-ide-0.3.6/out/server/src/server.js:37:74872\n    at Fe (/home/felipe/.vscode/extensions/uqbar.wollok-lsp-ide-0.3.6/out/server/src/server.js:7:8527)","timestamp":"2024-10-15T00:05:18.226Z"}
{"level":"info","message":"⌛ Validating testGranja.wtest","timeElapsed":204,"timestamp":"2024-10-15T00:05:18.438Z"}
{"level":"info","message":"⌛ Building environment","timeElapsed":208,"timestamp":"2024-10-15T00:05:18.646Z"}
{"level":"info","message":"⌛ Building environment","timeElapsed":205,"timestamp":"2024-10-15T00:05:18.856Z"}
{"level":"info","message":"⌛ Building environment","timeElapsed":207,"timestamp":"2024-10-15T00:05:19.069Z"}
{"level":"info","message":"⌛ Validating testGranja.wtest","timeElapsed":190,"timestamp":"2024-10-15T00:05:19.264Z"}
{"level":"info","message":"⌛ Validating testGranja.wtest","timeElapsed":199,"timestamp":"2024-10-15T00:05:19.475Z"}
{"level":"info","message":"⌛ Building environment","timeElapsed":285,"timestamp":"2024-10-15T00:05:19.761Z"}
{"level":"info","message":"⌛ Validating testGranja.wtest","timeElapsed":265,"timestamp":"2024-10-15T00:05:20.131Z"}
{"level":"info","message":"⌛ Validating testGranja.wtest","timeElapsed":203,"timestamp":"2024-10-15T00:05:20.337Z"}
{"level":"info","message":"⌛ Validating testGranja.wtest","timeElapsed":198,"timestamp":"2024-10-15T00:05:20.535Z"}
{"level":"info","message":"⌛ Validating testGranja.wtest","timeElapsed":202,"timestamp":"2024-10-15T00:05:20.737Z"}
{"level":"info","message":"⌛ Validating testGranja.wtest","timeElapsed":202,"timestamp":"2024-10-15T00:05:20.940Z"}
{"level":"info","message":"⌛ Validating testGranja.wtest","timeElapsed":199,"timestamp":"2024-10-15T00:05:21.139Z"}
{"level":"info","message":"⌛ Validating testGranja.wtest","timeElapsed":205,"timestamp":"2024-10-15T00:05:21.345Z"}
{"level":"info","message":"⌛ Building environment","timeElapsed":315,"timestamp":"2024-10-15T00:05:28.162Z"}
{"level":"error","message":"✘ Completions for node failed: Error: [Send]{1cec75} at testGranja.wtest:134 exhausted all cases without a match [Send]{1cec75} at testGranja.wtest:134 exhausted all cases without a match","stack":"Error: [Send]{1cec75} at testGranja.wtest:134 exhausted all cases without a match\n    at /home/felipe/.vscode/extensions/uqbar.wollok-lsp-ide-0.3.6/out/server/src/server.js:38:6067\n    at yh (/home/felipe/.vscode/extensions/uqbar.wollok-lsp-ide-0.3.6/out/server/src/server.js:2291:42)\n    at kh (/home/felipe/.vscode/extensions/uqbar.wollok-lsp-ide-0.3.6/out/server/src/server.js:2291:1004)\n    at Y5n (/home/felipe/.vscode/extensions/uqbar.wollok-lsp-ide-0.3.6/out/server/src/server.js:2291:1160)\n    at /home/felipe/.vscode/extensions/uqbar.wollok-lsp-ide-0.3.6/out/server/src/server.js:38:6056\n    at yh (/home/felipe/.vscode/extensions/uqbar.wollok-lsp-ide-0.3.6/out/server/src/server.js:2291:42)\n    at /home/felipe/.vscode/extensions/uqbar.wollok-lsp-ide-0.3.6/out/server/src/server.js:2291:2700\n    at /home/felipe/.vscode/extensions/uqbar.wollok-lsp-ide-0.3.6/out/server/src/server.js:2298:3774\n    at /home/felipe/.vscode/extensions/uqbar.wollok-lsp-ide-0.3.6/out/server/src/server.js:37:74872\n    at Fe (/home/felipe/.vscode/extensions/uqbar.wollok-lsp-ide-0.3.6/out/server/src/server.js:7:8527)","timestamp":"2024-10-15T00:05:28.229Z"}
{"level":"info","message":"⌛ Building environment","timeElapsed":221,"timestamp":"2024-10-15T00:05:28.455Z"}
{"level":"info","message":"⌛ Validating testGranja.wtest","timeElapsed":229,"timestamp":"2024-10-15T00:05:28.685Z"}
{"level":"info","message":"⌛ Building environment","timeElapsed":222,"timestamp":"2024-10-15T00:05:28.907Z"}
{"level":"info","message":"onRequest - completionItem/resolve","timestamp":"2024-10-15T00:05:28.908Z"}
{"level":"info","message":"⌛ Building environment","timeElapsed":205,"timestamp":"2024-10-15T00:05:29.114Z"}
{"level":"info","message":"onRequest - completionItem/resolve","timestamp":"2024-10-15T00:05:29.114Z"}
{"level":"info","message":"⌛ Validating testGranja.wtest","timeElapsed":226,"timestamp":"2024-10-15T00:05:29.341Z"}
{"level":"info","message":"⌛ Building environment","timeElapsed":214,"timestamp":"2024-10-15T00:05:29.555Z"}
{"level":"info","message":"onRequest - completionItem/resolve","timestamp":"2024-10-15T00:05:29.556Z"}
{"level":"info","message":"⌛ Building environment","timeElapsed":231,"timestamp":"2024-10-15T00:05:29.787Z"}
{"level":"info","message":"onRequest - completionItem/resolve","timestamp":"2024-10-15T00:05:29.788Z"}
{"level":"info","message":"⌛ Validating testGranja.wtest","timeElapsed":212,"timestamp":"2024-10-15T00:05:30.001Z"}
{"level":"info","message":"⌛ Validating testGranja.wtest","timeElapsed":218,"timestamp":"2024-10-15T00:05:30.228Z"}
{"level":"info","message":"⌛ Validating testGranja.wtest","timeElapsed":210,"timestamp":"2024-10-15T00:05:30.439Z"}
{"level":"info","message":"⌛ Validating testGranja.wtest","timeElapsed":203,"timestamp":"2024-10-15T00:05:30.642Z"}
{"level":"info","message":"⌛ Building environment","timeElapsed":325,"timestamp":"2024-10-15T00:06:30.773Z"}
{"level":"info","message":"⌛ Autocomplete - Reference","timeElapsed":129,"timestamp":"2024-10-15T00:06:30.911Z"}
{"level":"info","message":"⌛ Building environment","timeElapsed":247,"timestamp":"2024-10-15T00:06:31.160Z"}
{"level":"info","message":"⌛ Building environment","timeElapsed":232,"timestamp":"2024-10-15T00:06:31.392Z"}
{"level":"info","message":"⌛ Validating testGranja.wtest","timeElapsed":235,"timestamp":"2024-10-15T00:06:31.628Z"}
{"level":"info","message":"⌛ Building environment","timeElapsed":216,"timestamp":"2024-10-15T00:06:31.844Z"}
{"level":"info","message":"onRequest - completionItem/resolve","timestamp":"2024-10-15T00:06:31.846Z"}
{"level":"info","message":"⌛ Building environment","timeElapsed":369,"timestamp":"2024-10-15T00:06:32.216Z"}
{"level":"info","message":"onRequest - completionItem/resolve","timestamp":"2024-10-15T00:06:32.216Z"}
{"level":"info","message":"⌛ Validating testGranja.wtest","timeElapsed":254,"timestamp":"2024-10-15T00:06:32.472Z"}
{"level":"info","message":"⌛ Validating testGranja.wtest","timeElapsed":222,"timestamp":"2024-10-15T00:06:32.702Z"}
{"level":"info","message":"⌛ Validating testGranja.wtest","timeElapsed":229,"timestamp":"2024-10-15T00:06:32.931Z"}
{"level":"info","message":"onRequest - completionItem/resolve","timestamp":"2024-10-15T00:06:32.932Z"}
{"level":"info","message":"⌛ Building environment","timeElapsed":243,"timestamp":"2024-10-15T00:06:33.175Z"}
{"level":"info","message":"⌛ Validating testGranja.wtest","timeElapsed":259,"timestamp":"2024-10-15T00:06:33.501Z"}
{"level":"info","message":"⌛ Building environment","timeElapsed":252,"timestamp":"2024-10-15T00:06:33.754Z"}
{"level":"info","message":"⌛ Building environment","timeElapsed":214,"timestamp":"2024-10-15T00:06:33.969Z"}
{"level":"info","message":"⌛ Building environment","timeElapsed":207,"timestamp":"2024-10-15T00:06:34.177Z"}
{"level":"info","message":"⌛ Validating testGranja.wtest","timeElapsed":203,"timestamp":"2024-10-15T00:06:34.385Z"}
{"level":"info","message":"⌛ Building environment","timeElapsed":243,"timestamp":"2024-10-15T00:06:34.628Z"}
{"level":"info","message":"⌛ Building environment","timeElapsed":203,"timestamp":"2024-10-15T00:06:34.838Z"}
{"level":"info","message":"⌛ Building environment","timeElapsed":196,"timestamp":"2024-10-15T00:06:35.040Z"}
{"level":"info","message":"⌛ Building environment","timeElapsed":206,"timestamp":"2024-10-15T00:06:35.251Z"}
{"level":"info","message":"⌛ Validating testGranja.wtest","timeElapsed":220,"timestamp":"2024-10-15T00:06:35.478Z"}
{"level":"info","message":"⌛ Building environment","timeElapsed":230,"timestamp":"2024-10-15T00:06:35.709Z"}
{"level":"info","message":"⌛ Validating testGranja.wtest","timeElapsed":203,"timestamp":"2024-10-15T00:06:35.918Z"}
{"level":"info","message":"⌛ Validating testGranja.wtest","timeElapsed":209,"timestamp":"2024-10-15T00:06:36.137Z"}
{"level":"info","message":"⌛ Validating testGranja.wtest","timeElapsed":226,"timestamp":"2024-10-15T00:06:36.364Z"}
{"level":"info","message":"⌛ Validating testGranja.wtest","timeElapsed":365,"timestamp":"2024-10-15T00:06:36.730Z"}
{"level":"info","message":"⌛ Validating testGranja.wtest","timeElapsed":249,"timestamp":"2024-10-15T00:06:36.980Z"}
{"level":"info","message":"⌛ Validating testGranja.wtest","timeElapsed":218,"timestamp":"2024-10-15T00:06:37.198Z"}
{"level":"info","message":"⌛ Validating testGranja.wtest","timeElapsed":203,"timestamp":"2024-10-15T00:06:37.401Z"}
{"level":"info","message":"⌛ Building environment","timeElapsed":264,"timestamp":"2024-10-15T00:06:37.666Z"}
{"level":"info","message":"⌛ Building environment","timeElapsed":214,"timestamp":"2024-10-15T00:06:37.931Z"}
{"level":"info","message":"⌛ Building environment","timeElapsed":256,"timestamp":"2024-10-15T00:06:38.193Z"}
{"level":"info","message":"⌛ Building environment","timeElapsed":216,"timestamp":"2024-10-15T00:06:38.416Z"}
{"level":"info","message":"⌛ Building environment","timeElapsed":203,"timestamp":"2024-10-15T00:06:38.626Z"}
{"level":"info","message":"⌛ Validating testGranja.wtest","timeElapsed":217,"timestamp":"2024-10-15T00:06:38.859Z"}
{"level":"info","message":"onRequest - completionItem/resolve","timestamp":"2024-10-15T00:06:38.859Z"}
{"level":"info","message":"⌛ Building environment","timeElapsed":218,"timestamp":"2024-10-15T00:06:39.077Z"}
{"level":"info","message":"onRequest - completionItem/resolve","timestamp":"2024-10-15T00:06:39.077Z"}
{"level":"info","message":"⌛ Validating testGranja.wtest","timeElapsed":213,"timestamp":"2024-10-15T00:06:39.290Z"}
{"level":"info","message":"⌛ Building environment","timeElapsed":208,"timestamp":"2024-10-15T00:06:39.499Z"}
{"level":"info","message":"onRequest - completionItem/resolve","timestamp":"2024-10-15T00:06:39.500Z"}
{"level":"info","message":"⌛ Building environment","timeElapsed":210,"timestamp":"2024-10-15T00:06:39.711Z"}
{"level":"info","message":"onRequest - completionItem/resolve","timestamp":"2024-10-15T00:06:39.717Z"}
{"level":"info","message":"⌛ Validating testGranja.wtest","timeElapsed":213,"timestamp":"2024-10-15T00:06:39.930Z"}
{"level":"info","message":"⌛ Validating testGranja.wtest","timeElapsed":220,"timestamp":"2024-10-15T00:06:40.150Z"}
{"level":"info","message":"⌛ Validating testGranja.wtest","timeElapsed":209,"timestamp":"2024-10-15T00:06:40.368Z"}
{"level":"info","message":"⌛ Validating testGranja.wtest","timeElapsed":200,"timestamp":"2024-10-15T00:06:40.571Z"}
{"level":"info","message":"⌛ Validating testGranja.wtest","timeElapsed":215,"timestamp":"2024-10-15T00:06:40.786Z"}
{"level":"info","message":"⌛ Validating testGranja.wtest","timeElapsed":201,"timestamp":"2024-10-15T00:06:40.987Z"}
{"level":"info","message":"⌛ Building environment","timeElapsed":261,"timestamp":"2024-10-15T00:06:42.447Z"}
{"level":"info","message":"onRequest - completionItem/resolve","timestamp":"2024-10-15T00:06:42.447Z"}
{"level":"info","message":"⌛ Building environment","timeElapsed":229,"timestamp":"2024-10-15T00:06:42.677Z"}
{"level":"info","message":"onRequest - completionItem/resolve","timestamp":"2024-10-15T00:06:42.678Z"}
{"level":"info","message":"⌛ Validating testGranja.wtest","timeElapsed":222,"timestamp":"2024-10-15T00:06:42.900Z"}
{"level":"info","message":"⌛ Building environment","timeElapsed":250,"timestamp":"2024-10-15T00:06:43.151Z"}
{"level":"info","message":"onRequest - completionItem/resolve","timestamp":"2024-10-15T00:06:43.157Z"}
{"level":"info","message":"⌛ Building environment","timeElapsed":288,"timestamp":"2024-10-15T00:06:43.445Z"}
{"level":"info","message":"onRequest - completionItem/resolve","timestamp":"2024-10-15T00:06:43.452Z"}
{"level":"info","message":"⌛ Validating testGranja.wtest","timeElapsed":226,"timestamp":"2024-10-15T00:06:43.678Z"}
{"level":"info","message":"⌛ Building environment","timeElapsed":226,"timestamp":"2024-10-15T00:06:43.904Z"}
{"level":"info","message":"onRequest - completionItem/resolve","timestamp":"2024-10-15T00:06:43.914Z"}
{"level":"info","message":"⌛ Building environment","timeElapsed":817,"timestamp":"2024-10-15T00:06:44.731Z"}
{"level":"info","message":"onRequest - completionItem/resolve","timestamp":"2024-10-15T00:06:44.732Z"}
{"level":"info","message":"⌛ Building environment","timeElapsed":231,"timestamp":"2024-10-15T00:06:44.964Z"}
{"level":"info","message":"onRequest - completionItem/resolve","timestamp":"2024-10-15T00:06:44.965Z"}
{"level":"info","message":"⌛ Validating testGranja.wtest","timeElapsed":253,"timestamp":"2024-10-15T00:06:45.218Z"}
{"level":"info","message":"⌛ Validating testGranja.wtest","timeElapsed":212,"timestamp":"2024-10-15T00:06:45.442Z"}
{"level":"info","message":"⌛ Building environment","timeElapsed":262,"timestamp":"2024-10-15T00:06:45.704Z"}
{"level":"info","message":"⌛ Validating testGranja.wtest","timeElapsed":236,"timestamp":"2024-10-15T00:06:45.957Z"}
{"level":"info","message":"⌛ Validating testGranja.wtest","timeElapsed":226,"timestamp":"2024-10-15T00:06:46.185Z"}
{"level":"info","message":"⌛ Validating testGranja.wtest","timeElapsed":229,"timestamp":"2024-10-15T00:06:46.414Z"}
{"level":"info","message":"⌛ Validating testGranja.wtest","timeElapsed":248,"timestamp":"2024-10-15T00:06:46.707Z"}
{"level":"info","message":"⌛ Building environment","timeElapsed":221,"timestamp":"2024-10-15T00:06:53.901Z"}
{"level":"info","message":"⌛ Validating testGranja.wtest","timeElapsed":195,"timestamp":"2024-10-15T00:06:54.103Z"}
{"level":"info","message":"⌛ Building environment","timeElapsed":229,"timestamp":"2024-10-15T00:06:55.002Z"}
{"level":"info","message":"⌛ Validating testGranja.wtest","timeElapsed":243,"timestamp":"2024-10-15T00:06:55.293Z"}
{"level":"info","message":"onRequest - completionItem/resolve","timestamp":"2024-10-15T00:06:55.294Z"}
{"level":"info","message":"⌛ Building environment","timeElapsed":327,"timestamp":"2024-10-15T00:06:56.353Z"}
{"level":"info","message":"onRequest - completionItem/resolve","timestamp":"2024-10-15T00:06:56.354Z"}
{"level":"info","message":"⌛ Building environment","timeElapsed":294,"timestamp":"2024-10-15T00:06:56.648Z"}
{"level":"info","message":"onRequest - completionItem/resolve","timestamp":"2024-10-15T00:06:56.649Z"}
{"level":"info","message":"⌛ Validating testGranja.wtest","timeElapsed":279,"timestamp":"2024-10-15T00:06:56.928Z"}
{"level":"info","message":"⌛ Building environment","timeElapsed":216,"timestamp":"2024-10-15T00:06:57.146Z"}
{"level":"info","message":"onRequest - completionItem/resolve","timestamp":"2024-10-15T00:06:57.146Z"}
{"level":"info","message":"⌛ Building environment","timeElapsed":217,"timestamp":"2024-10-15T00:06:57.372Z"}
{"level":"info","message":"onRequest - completionItem/resolve","timestamp":"2024-10-15T00:06:57.372Z"}
{"level":"info","message":"⌛ Validating testGranja.wtest","timeElapsed":206,"timestamp":"2024-10-15T00:06:57.578Z"}
{"level":"info","message":"⌛ Building environment","timeElapsed":238,"timestamp":"2024-10-15T00:06:57.816Z"}
{"level":"info","message":"onRequest - completionItem/resolve","timestamp":"2024-10-15T00:06:57.817Z"}
{"level":"info","message":"⌛ Building environment","timeElapsed":251,"timestamp":"2024-10-15T00:06:58.076Z"}
{"level":"info","message":"⌛ Validating testGranja.wtest","timeElapsed":236,"timestamp":"2024-10-15T00:06:58.314Z"}
{"level":"info","message":"⌛ Validating testGranja.wtest","timeElapsed":204,"timestamp":"2024-10-15T00:06:58.518Z"}
{"level":"info","message":"⌛ Validating testGranja.wtest","timeElapsed":204,"timestamp":"2024-10-15T00:06:58.733Z"}
{"level":"info","message":"⌛ Validating testGranja.wtest","timeElapsed":204,"timestamp":"2024-10-15T00:06:58.938Z"}
{"level":"info","message":"⌛ Building environment","timeElapsed":231,"timestamp":"2024-10-15T00:07:03.426Z"}
{"level":"info","message":"⌛ Building environment","timeElapsed":209,"timestamp":"2024-10-15T00:07:03.642Z"}
{"level":"info","message":"⌛ Validating testGranja.wtest","timeElapsed":203,"timestamp":"2024-10-15T00:07:03.852Z"}
{"level":"info","message":"⌛ Validating testGranja.wtest","timeElapsed":241,"timestamp":"2024-10-15T00:07:04.093Z"}
{"failures":[],"level":"info","message":"🧪 Test runner executed on /home/felipe/Documents/Universidad/Proramacion_Con_Objetos_1/2024s2-granja-villa-FeliQI-main/2024s2-granja-villa-FeliQI-5","result":{"failed":0,"ok":1},"timeElapsed":1053,"timestamp":"2024-10-15T00:07:08.232Z"}
{"level":"info","message":"⌛ Building environment","timeElapsed":279,"timestamp":"2024-10-15T00:16:44.476Z"}
{"level":"info","message":"⌛ Autocomplete - Reference","timeElapsed":127,"timestamp":"2024-10-15T00:16:44.615Z"}
{"level":"info","message":"⌛ Building environment","timeElapsed":233,"timestamp":"2024-10-15T00:16:44.850Z"}
{"level":"info","message":"⌛ Validating hector.wlk","timeElapsed":230,"timestamp":"2024-10-15T00:16:45.090Z"}
{"level":"info","message":"⌛ Validating hector.wlk","timeElapsed":250,"timestamp":"2024-10-15T00:16:45.349Z"}
{"level":"info","message":"⌛ Building environment","timeElapsed":194,"timestamp":"2024-10-15T00:16:45.627Z"}
{"level":"info","message":"⌛ Validating hector.wlk","timeElapsed":292,"timestamp":"2024-10-15T00:16:45.922Z"}
{"level":"info","message":"⌛ Building environment","timeElapsed":211,"timestamp":"2024-10-15T00:16:46.943Z"}
{"level":"info","message":"⌛ Validating hector.wlk","timeElapsed":207,"timestamp":"2024-10-15T00:16:47.152Z"}
{"level":"info","message":"⌛ Building environment","timeElapsed":182,"timestamp":"2024-10-15T00:16:49.109Z"}
{"level":"info","message":"⌛ Validating hector.wlk","timeElapsed":260,"timestamp":"2024-10-15T00:16:49.377Z"}
{"level":"info","message":"⌛ Building environment","timeElapsed":245,"timestamp":"2024-10-15T00:16:50.372Z"}
{"level":"info","message":"⌛ Validating hector.wlk","timeElapsed":214,"timestamp":"2024-10-15T00:16:50.587Z"}
{"level":"error","message":"✘ Failed to get type description: Error: Failed to print, found malformed node Failed to print, found malformed node","node":{"id":"6982ff96-e78e-425d-b9f6-6c7c69f41606","metadata":[],"problems":[{"code":"malformedSentence","sourceMap":{"end":{"column":0,"line":84,"offset":1846},"start":{"column":3,"line":83,"offset":1841}}}],"scope":{"containerScope":{"containerScope":{"containerScope":{"containerScope":{"contributions":{},"includedScopes":[]},"contributions":{},"includedScopes":[{"contributions":{},"includedScopes":[]},{"contributions":{},"includedScopes":[]},{"contributions":{},"includedScopes":[]},{"contributions":{},"includedScopes":[]}]},"contributions":{},"includedScopes":[{"containerScope":{"containerScope":{"containerScope":{"contributions":{},"includedScopes":[]},"contributions":{},"includedScopes":[]},"contributions":{},"includedScopes":[]},"contributions":{},"includedScopes":[]}]},"contributions":{},"includedScopes":[]},"contributions":{},"includedScopes":[]},"sentences":[{"id":"4f1a1cee-49a4-4115-83de-4a21116346b9","isConstant":true,"metadata":[],"name":"aspersor","scope":{"containerScope":{"containerScope":{"containerScope":{"containerScope":{"containerScope":{"contributions":{},"includedScopes":[]},"contributions":{},"includedScopes":[{"contributions":{},"includedScopes":[]},{"contributions":{},"includedScopes":[]},{"contributions":{},"includedScopes":[]},{"contributions":{},"includedScopes":[]}]},"contributions":{},"includedScopes":[{"containerScope":{"containerScope":{"containerScope":{"contributions":{},"includedScopes":[]},"contributions":{},"includedScopes":[]},"contributions":{},"includedScopes":[]},"contributions":{},"includedScopes":[]}]},"contributions":{},"includedScopes":[]},"contributions":{},"includedScopes":[]},"contributions":{},"includedScopes":[]},"sourceMap":{"end":{"column":54,"line":84,"offset":1900},"start":{"column":4,"line":84,"offset":1850}},"value":{"args":[{"id":"0c80dcd2-16a3-45b1-ba29-6c75c6885a20","metadata":[],"name":"position","scope":{"containerScope":{"containerScope":{"containerScope":{"containerScope":{"containerScope":{"containerScope":{"containerScope":{"contributions":{},"includedScopes":[]},"contributions":{},"includedScopes":[{"contributions":{},"includedScopes":[]},{"contributions":{},"includedScopes":[]},{"contributions":{},"includedScopes":[]},{"contributions":{},"includedScopes":[]}]},"contributions":{},"includedScopes":[{"containerScope":{"containerScope":{"containerScope":{"contributions":{},"includedScopes":[]},"contributions":{},"includedScopes":[]},"contributions":{},"includedScopes":[]},"contributions":{},"includedScopes":[]}]},"contributions":{},"includedScopes":[]},"contributions":{},"includedScopes":[]},"contributions":{},"includedScopes":[]},"contributions":{},"includedScopes":[]},"contributions":{},"includedScopes":[]},"sourceMap":{"end":{"column":53,"line":84,"offset":1899},"start":{"column":34,"line":84,"offset":1880}},"value":{"id":"dd27a0f4-291c-48fc-bd60-668ff2d080dd","metadata":[],"name":"position","scope":{"containerScope":{"containerScope":{"containerScope":{"containerScope":{"containerScope":{"containerScope":{"containerScope":{"containerScope":{"contributions":{},"includedScopes":[]},"contributions":{},"includedScopes":[{"contributions":{},"includedScopes":[]},{"contributions":{},"includedScopes":[]},{"contributions":{},"includedScopes":[]},{"contributions":{},"includedScopes":[]}]},"contributions":{},"includedScopes":[{"containerScope":{"containerScope":{"containerScope":{"contributions":{},"includedScopes":[]},"contributions":{},"includedScopes":[]},"contributions":{},"includedScopes":[]},"contributions":{},"includedScopes":[]}]},"contributions":{},"includedScopes":[]},"contributions":{},"includedScopes":[]},"contributions":{},"includedScopes":[]},"contributions":{},"includedScopes":[]},"contributions":{},"includedScopes":[]},"contributions":{},"includedScopes":[]},"sourceMap":{"end":{"column":53,"line":84,"offset":1899},"start":{"column":45,"line":84,"offset":1891}}}}],"id":"90cae204-bb19-4c67-9752-dc50c4a20443","instantiated":{"id":"9527c740-b070-4ea4-a31a-e0cfcdc20592","metadata":[],"name":"Aspersor","scope":{"containerScope":{"containerScope":{"containerScope":{"containerScope":{"containerScope":{"containerScope":{"containerScope":{"contributions":{},"includedScopes":[]},"contributions":{},"includedScopes":[{"contributions":{},"includedScopes":[]},{"contributions":{},"includedScopes":[]},{"contributions":{},"includedScopes":[]},{"contributions":{},"includedScopes":[]}]},"contributions":{},"includedScopes":[{"containerScope":{"containerScope":{"containerScope":{"contributions":{},"includedScopes":[]},"contributions":{},"includedScopes":[]},"contributions":{},"includedScopes":[]},"contributions":{},"includedScopes":[]}]},"contributions":{},"includedScopes":[]},"contributions":{},"includedScopes":[]},"contributions":{},"includedScopes":[]},"contributions":{},"includedScopes":[]},"contributions":{},"includedScopes":[]},"sourceMap":{"end":{"column":33,"line":84,"offset":1879},"start":{"column":25,"line":84,"offset":1871}}},"metadata":[],"scope":{"containerScope":{"containerScope":{"containerScope":{"containerScope":{"containerScope":{"containerScope":{"contributions":{},"includedScopes":[]},"contributions":{},"includedScopes":[{"contributions":{},"includedScopes":[]},{"contributions":{},"includedScopes":[]},{"contributions":{},"includedScopes":[]},{"contributions":{},"includedScopes":[]}]},"contributions":{},"includedScopes":[{"containerScope":{"containerScope":{"containerScope":{"contributions":{},"includedScopes":[]},"contributions":{},"includedScopes":[]},"contributions":{},"includedScopes":[]},"contributions":{},"includedScopes":[]}]},"contributions":{},"includedScopes":[]},"contributions":{},"includedScopes":[]},"contributions":{},"includedScopes":[]},"contributions":{},"includedScopes":[]},"sourceMap":{"end":{"column":54,"line":84,"offset":1900},"start":{"column":21,"line":84,"offset":1867}}}},{"args":[{"id":"ba9882bd-f33c-40b0-8818-9c24bd0ee770","metadata":[],"name":"aspersor","scope":{"containerScope":{"containerScope":{"containerScope":{"containerScope":{"containerScope":{"containerScope":{"contributions":{},"includedScopes":[]},"contributions":{},"includedScopes":[{"contributions":{},"includedScopes":[]},{"contributions":{},"includedScopes":[]},{"contributions":{},"includedScopes":[]},{"contributions":{},"includedScopes":[]}]},"contributions":{},"includedScopes":[{"containerScope":{"containerScope":{"containerScope":{"contributions":{},"includedScopes":[]},"contributions":{},"includedScopes":[]},"contributions":{},"includedScopes":[]},"contributions":{},"includedScopes":[]}]},"contributions":{},"includedScopes":[]},"contributions":{},"includedScopes":[]},"contributions":{},"includedScopes":[]},"contributions":{},"includedScopes":[]},"sourceMap":{"end":{"column":26,"line":85,"offset":1926},"start":{"column":18,"line":85,"offset":1918}}}],"id":"ba89bf4a-6d61-4fa1-b264-ebf23d592df2","message":"addVisual","metadata":[],"receiver":{"id":"8edfa491-b4cb-41d0-ac30-7be3ae076e2e","metadata":[],"name":"game","scope":{"containerScope":{"containerScope":{"containerScope":{"containerScope":{"containerScope":{"containerScope":{"contributions":{},"includedScopes":[]},"contributions":{},"includedScopes":[{"contributions":{},"includedScopes":[]},{"contributions":{},"includedScopes":[]},{"contributions":{},"includedScopes":[]},{"contributions":{},"includedScopes":[]}]},"contributions":{},"includedScopes":[{"containerScope":{"containerScope":{"containerScope":{"contributions":{},"includedScopes":[]},"contributions":{},"includedScopes":[]},"contributions":{},"includedScopes":[]},"contributions":{},"includedScopes":[]}]},"contributions":{},"includedScopes":[]},"contributions":{},"includedScopes":[]},"contributions":{},"includedScopes":[]},"contributions":{},"includedScopes":[]},"sourceMap":{"end":{"column":7,"line":85,"offset":1907},"start":{"column":3,"line":85,"offset":1903}}},"scope":{"containerScope":{"containerScope":{"containerScope":{"containerScope":{"containerScope":{"contributions":{},"includedScopes":[]},"contributions":{},"includedScopes":[{"contributions":{},"includedScopes":[]},{"contributions":{},"includedScopes":[]},{"contributions":{},"includedScopes":[]},{"contributions":{},"includedScopes":[]}]},"contributions":{},"includedScopes":[{"containerScope":{"containerScope":{"containerScope":{"contributions":{},"includedScopes":[]},"contributions":{},"includedScopes":[]},"contributions":{},"includedScopes":[]},"contributions":{},"includedScopes":[]}]},"contributions":{},"includedScopes":[]},"contributions":{},"includedScopes":[]},"contributions":{},"includedScopes":[]},"sourceMap":{"end":{"column":27,"line":85,"offset":1927},"start":{"column":3,"line":85,"offset":1903}}},{"args":[{"id":"073a4b42-4912-4c44-a133-e7256010ecd8","metadata":[],"name":"aspersor","scope":{"containerScope":{"containerScope":{"containerScope":{"containerScope":{"containerScope":{"containerScope":{"contributions":{},"includedScopes":[]},"contributions":{},"includedScopes":[{"contributions":{},"includedScopes":[]},{"contributions":{},"includedScopes":[]},{"contributions":{},"includedScopes":[]},{"contributions":{},"includedScopes":[]}]},"contributions":{},"includedScopes":[{"containerScope":{"containerScope":{"containerScope":{"contributions":{},"includedScopes":[]},"contributions":{},"includedScopes":[]},"contributions":{},"includedScopes":[]},"contributions":{},"includedScopes":[]}]},"contributions":{},"includedScopes":[]},"contributions":{},"includedScopes":[]},"contributions":{},"includedScopes":[]},"contributions":{},"includedScopes":[]},"sourceMap":{"end":{"column":36,"line":86,"offset":1963},"start":{"column":28,"line":86,"offset":1955}}}],"id":"8975ec33-66f6-411f-9565-cc8ae061b0ce","message":"add","metadata":[],"receiver":{"args":[],"id":"0a2d54d2-c520-43d9-bd88-12861e17ce26","message":"aspersores","metadata":[],"receiver":{"id":"35831a94-2ebf-4013-8251-82bd4731e0ab","metadata":[],"name":"terreno","scope":{"containerScope":{"containerScope":{"containerScope":{"containerScope":{"containerScope":{"containerScope":{"containerScope":{"contributions":{},"includedScopes":[]},"contributions":{},"includedScopes":[{"contributions":{},"includedScopes":[]},{"contributions":{},"includedScopes":[]},{"contributions":{},"includedScopes":[]},{"contributions":{},"includedScopes":[]}]},"contributions":{},"includedScopes":[{"containerScope":{"containerScope":{"containerScope":{"contributions":{},"includedScopes":[]},"contributions":{},"includedScopes":[]},"contributions":{},"includedScopes":[]},"contributions":{},"includedScopes":[]}]},"contributions":{},"includedScopes":[]},"contributions":{},"includedScopes":[]},"contributions":{},"includedScopes":[]},"contributions":{},"includedScopes":[]},"contributions":{},"includedScopes":[]},"sourceMap":{"end":{"column":10,"line":86,"offset":1937},"start":{"column":3,"line":86,"offset":1930}}},"scope":{"containerScope":{"containerScope":{"containerScope":{"containerScope":{"containerScope":{"containerScope":{"contributions":{},"includedScopes":[]},"contributions":{},"includedScopes":[{"contributions":{},"includedScopes":[]},{"contributions":{},"includedScopes":[]},{"contributions":{},"includedScopes":[]},{"contributions":{},"includedScopes":[]}]},"contributions":{},"includedScopes":[{"containerScope":{"containerScope":{"containerScope":{"contributions":{},"includedScopes":[]},"contributions":{},"includedScopes":[]},"contributions":{},"includedScopes":[]},"contributions":{},"includedScopes":[]}]},"contributions":{},"includedScopes":[]},"contributions":{},"includedScopes":[]},"contributions":{},"includedScopes":[]},"contributions":{},"includedScopes":[]},"sourceMap":{"end":{"column":23,"line":86,"offset":1950},"start":{"column":3,"line":86,"offset":1930}}},"scope":{"containerScope":{"containerScope":{"containerScope":{"containerScope":{"containerScope":{"contributions":{},"includedScopes":[]},"contributions":{},"includedScopes":[{"contributions":{},"includedScopes":[]},{"contributions":{},"includedScopes":[]},{"contributions":{},"includedScopes":[]},{"contributions":{},"includedScopes":[]}]},"contributions":{},"includedScopes":[{"containerScope":{"containerScope":{"containerScope":{"contributions":{},"includedScopes":[]},"contributions":{},"includedScopes":[]},"contributions":{},"includedScopes":[]},"contributions":{},"includedScopes":[]}]},"contributions":{},"includedScopes":[]},"contributions":{},"includedScopes":[]},"contributions":{},"includedScopes":[]},"sourceMap":{"end":{"column":37,"line":86,"offset":1964},"start":{"column":3,"line":86,"offset":1930}}}],"sourceMap":{"end":{"column":3,"line":87,"offset":1967},"start":{"column":27,"line":82,"offset":1837}}},"stack":"Error: Failed to print, found malformed node\n    at /home/felipe/.vscode/extensions/uqbar.wollok-lsp-ide-0.3.6/out/server/src/server.js:68:3533\n    at /home/felipe/.vscode/extensions/uqbar.wollok-lsp-ide-0.3.6/out/server/src/server.js:68:5372\n    at /home/felipe/.vscode/extensions/uqbar.wollok-lsp-ide-0.3.6/out/server/src/server.js:38:6056\n    at /home/felipe/.vscode/extensions/uqbar.wollok-lsp-ide-0.3.6/out/server/src/server.js:68:3612\n    at aln (/home/felipe/.vscode/extensions/uqbar.wollok-lsp-ide-0.3.6/out/server/src/server.js:68:3344)\n    at /home/felipe/.vscode/extensions/uqbar.wollok-lsp-ide-0.3.6/out/server/src/server.js:2285:847\n    at /home/felipe/.vscode/extensions/uqbar.wollok-lsp-ide-0.3.6/out/server/src/server.js:2298:3774\n    at /home/felipe/.vscode/extensions/uqbar.wollok-lsp-ide-0.3.6/out/server/src/server.js:37:74770\n    at Fe (/home/felipe/.vscode/extensions/uqbar.wollok-lsp-ide-0.3.6/out/server/src/server.js:7:8527)\n    at Pt (/home/felipe/.vscode/extensions/uqbar.wollok-lsp-ide-0.3.6/out/server/src/server.js:7:6189)","timestamp":"2024-10-15T00:16:51.626Z"}
{"level":"info","message":"⌛ Building environment","timeElapsed":214,"timestamp":"2024-10-15T00:16:53.453Z"}
{"level":"info","message":"⌛ Validating hector.wlk","timeElapsed":302,"timestamp":"2024-10-15T00:16:53.758Z"}
{"level":"info","message":"⌛ Building environment","timeElapsed":226,"timestamp":"2024-10-15T00:16:55.460Z"}
{"level":"info","message":"⌛ Validating hector.wlk","timeElapsed":216,"timestamp":"2024-10-15T00:16:55.678Z"}
{"level":"error","message":"✘ Failed to get type description: Error: Failed to print, found malformed node Failed to print, found malformed node","node":{"id":"c25b6372-def2-4a17-a6ee-ce37de63bece","metadata":[],"problems":[{"code":"malformedSentence","sourceMap":{"end":{"column":0,"line":84,"offset":1846},"start":{"column":3,"line":83,"offset":1841}}}],"scope":{"containerScope":{"containerScope":{"containerScope":{"containerScope":{"contributions":{},"includedScopes":[]},"contributions":{},"includedScopes":[{"contributions":{},"includedScopes":[]},{"contributions":{},"includedScopes":[]},{"contributions":{},"includedScopes":[]},{"contributions":{},"includedScopes":[]}]},"contributions":{},"includedScopes":[{"containerScope":{"containerScope":{"containerScope":{"contributions":{},"includedScopes":[]},"contributions":{},"includedScopes":[]},"contributions":{},"includedScopes":[]},"contributions":{},"includedScopes":[]}]},"contributions":{},"includedScopes":[]},"contributions":{},"includedScopes":[]},"sentences":[{"id":"53a496ca-eabf-4471-b14e-f22ba0b4814b","isConstant":true,"metadata":[],"name":"aspersor","scope":{"containerScope":{"containerScope":{"containerScope":{"containerScope":{"containerScope":{"contributions":{},"includedScopes":[]},"contributions":{},"includedScopes":[{"contributions":{},"includedScopes":[]},{"contributions":{},"includedScopes":[]},{"contributions":{},"includedScopes":[]},{"contributions":{},"includedScopes":[]}]},"contributions":{},"includedScopes":[{"containerScope":{"containerScope":{"containerScope":{"contributions":{},"includedScopes":[]},"contributions":{},"includedScopes":[]},"contributions":{},"includedScopes":[]},"contributions":{},"includedScopes":[]}]},"contributions":{},"includedScopes":[]},"contributions":{},"includedScopes":[]},"contributions":{},"includedScopes":[]},"sourceMap":{"end":{"column":54,"line":84,"offset":1900},"start":{"column":4,"line":84,"offset":1850}},"value":{"args":[{"id":"9cdbbaee-2962-4075-95ee-0dacdd2a6252","metadata":[],"name":"position","scope":{"containerScope":{"containerScope":{"containerScope":{"containerScope":{"containerScope":{"containerScope":{"containerScope":{"contributions":{},"includedScopes":[]},"contributions":{},"includedScopes":[{"contributions":{},"includedScopes":[]},{"contributions":{},"includedScopes":[]},{"contributions":{},"includedScopes":[]},{"contributions":{},"includedScopes":[]}]},"contributions":{},"includedScopes":[{"containerScope":{"containerScope":{"containerScope":{"contributions":{},"includedScopes":[]},"contributions":{},"includedScopes":[]},"contributions":{},"includedScopes":[]},"contributions":{},"includedScopes":[]}]},"contributions":{},"includedScopes":[]},"contributions":{},"includedScopes":[]},"contributions":{},"includedScopes":[]},"contributions":{},"includedScopes":[]},"contributions":{},"includedScopes":[]},"sourceMap":{"end":{"column":53,"line":84,"offset":1899},"start":{"column":34,"line":84,"offset":1880}},"value":{"id":"cac349d5-3276-413c-9a86-501466d9644a","metadata":[],"name":"position","scope":{"containerScope":{"containerScope":{"containerScope":{"containerScope":{"containerScope":{"containerScope":{"containerScope":{"containerScope":{"contributions":{},"includedScopes":[]},"contributions":{},"includedScopes":[{"contributions":{},"includedScopes":[]},{"contributions":{},"includedScopes":[]},{"contributions":{},"includedScopes":[]},{"contributions":{},"includedScopes":[]}]},"contributions":{},"includedScopes":[{"containerScope":{"containerScope":{"containerScope":{"contributions":{},"includedScopes":[]},"contributions":{},"includedScopes":[]},"contributions":{},"includedScopes":[]},"contributions":{},"includedScopes":[]}]},"contributions":{},"includedScopes":[]},"contributions":{},"includedScopes":[]},"contributions":{},"includedScopes":[]},"contributions":{},"includedScopes":[]},"contributions":{},"includedScopes":[]},"contributions":{},"includedScopes":[]},"sourceMap":{"end":{"column":53,"line":84,"offset":1899},"start":{"column":45,"line":84,"offset":1891}}}}],"id":"63c1c42c-5746-4fe0-bbbd-e81cb4351425","instantiated":{"id":"d24db1aa-5f41-45d5-b3e7-d21ec771ef63","metadata":[],"name":"Aspersor","scope":{"containerScope":{"containerScope":{"containerScope":{"containerScope":{"containerScope":{"containerScope":{"containerScope":{"contributions":{},"includedScopes":[]},"contributions":{},"includedScopes":[{"contributions":{},"includedScopes":[]},{"contributions":{},"includedScopes":[]},{"contributions":{},"includedScopes":[]},{"contributions":{},"includedScopes":[]}]},"contributions":{},"includedScopes":[{"containerScope":{"containerScope":{"containerScope":{"contributions":{},"includedScopes":[]},"contributions":{},"includedScopes":[]},"contributions":{},"includedScopes":[]},"contributions":{},"includedScopes":[]}]},"contributions":{},"includedScopes":[]},"contributions":{},"includedScopes":[]},"contributions":{},"includedScopes":[]},"contributions":{},"includedScopes":[]},"contributions":{},"includedScopes":[]},"sourceMap":{"end":{"column":33,"line":84,"offset":1879},"start":{"column":25,"line":84,"offset":1871}}},"metadata":[],"scope":{"containerScope":{"containerScope":{"containerScope":{"containerScope":{"containerScope":{"containerScope":{"contributions":{},"includedScopes":[]},"contributions":{},"includedScopes":[{"contributions":{},"includedScopes":[]},{"contributions":{},"includedScopes":[]},{"contributions":{},"includedScopes":[]},{"contributions":{},"includedScopes":[]}]},"contributions":{},"includedScopes":[{"containerScope":{"containerScope":{"containerScope":{"contributions":{},"includedScopes":[]},"contributions":{},"includedScopes":[]},"contributions":{},"includedScopes":[]},"contributions":{},"includedScopes":[]}]},"contributions":{},"includedScopes":[]},"contributions":{},"includedScopes":[]},"contributions":{},"includedScopes":[]},"contributions":{},"includedScopes":[]},"sourceMap":{"end":{"column":54,"line":84,"offset":1900},"start":{"column":21,"line":84,"offset":1867}}}},{"args":[{"id":"31584397-91be-4507-9cb2-7def571e3bad","metadata":[],"name":"aspersor","scope":{"containerScope":{"containerScope":{"containerScope":{"containerScope":{"containerScope":{"containerScope":{"contributions":{},"includedScopes":[]},"contributions":{},"includedScopes":[{"contributions":{},"includedScopes":[]},{"contributions":{},"includedScopes":[]},{"contributions":{},"includedScopes":[]},{"contributions":{},"includedScopes":[]}]},"contributions":{},"includedScopes":[{"containerScope":{"containerScope":{"containerScope":{"contributions":{},"includedScopes":[]},"contributions":{},"includedScopes":[]},"contributions":{},"includedScopes":[]},"contributions":{},"includedScopes":[]}]},"contributions":{},"includedScopes":[]},"contributions":{},"includedScopes":[]},"contributions":{},"includedScopes":[]},"contributions":{},"includedScopes":[]},"sourceMap":{"end":{"column":26,"line":85,"offset":1926},"start":{"column":18,"line":85,"offset":1918}}}],"id":"c33776e1-7b1b-4e25-8c51-6c210d4bece5","message":"addVisual","metadata":[],"receiver":{"id":"30cfbc5d-5914-46cd-a999-86a5c7bc3255","metadata":[],"name":"game","scope":{"containerScope":{"containerScope":{"containerScope":{"containerScope":{"containerScope":{"containerScope":{"contributions":{},"includedScopes":[]},"contributions":{},"includedScopes":[{"contributions":{},"includedScopes":[]},{"contributions":{},"includedScopes":[]},{"contributions":{},"includedScopes":[]},{"contributions":{},"includedScopes":[]}]},"contributions":{},"includedScopes":[{"containerScope":{"containerScope":{"containerScope":{"contributions":{},"includedScopes":[]},"contributions":{},"includedScopes":[]},"contributions":{},"includedScopes":[]},"contributions":{},"includedScopes":[]}]},"contributions":{},"includedScopes":[]},"contributions":{},"includedScopes":[]},"contributions":{},"includedScopes":[]},"contributions":{},"includedScopes":[]},"sourceMap":{"end":{"column":7,"line":85,"offset":1907},"start":{"column":3,"line":85,"offset":1903}}},"scope":{"containerScope":{"containerScope":{"containerScope":{"containerScope":{"containerScope":{"contributions":{},"includedScopes":[]},"contributions":{},"includedScopes":[{"contributions":{},"includedScopes":[]},{"contributions":{},"includedScopes":[]},{"contributions":{},"includedScopes":[]},{"contributions":{},"includedScopes":[]}]},"contributions":{},"includedScopes":[{"containerScope":{"containerScope":{"containerScope":{"contributions":{},"includedScopes":[]},"contributions":{},"includedScopes":[]},"contributions":{},"includedScopes":[]},"contributions":{},"includedScopes":[]}]},"contributions":{},"includedScopes":[]},"contributions":{},"includedScopes":[]},"contributions":{},"includedScopes":[]},"sourceMap":{"end":{"column":27,"line":85,"offset":1927},"start":{"column":3,"line":85,"offset":1903}}},{"args":[{"id":"1b369c06-8cfc-4bb8-b31f-9a955675584b","metadata":[],"name":"aspersor","scope":{"containerScope":{"containerScope":{"containerScope":{"containerScope":{"containerScope":{"containerScope":{"contributions":{},"includedScopes":[]},"contributions":{},"includedScopes":[{"contributions":{},"includedScopes":[]},{"contributions":{},"includedScopes":[]},{"contributions":{},"includedScopes":[]},{"contributions":{},"includedScopes":[]}]},"contributions":{},"includedScopes":[{"containerScope":{"containerScope":{"containerScope":{"contributions":{},"includedScopes":[]},"contributions":{},"includedScopes":[]},"contributions":{},"includedScopes":[]},"contributions":{},"includedScopes":[]}]},"contributions":{},"includedScopes":[]},"contributions":{},"includedScopes":[]},"contributions":{},"includedScopes":[]},"contributions":{},"includedScopes":[]},"sourceMap":{"end":{"column":36,"line":86,"offset":1963},"start":{"column":28,"line":86,"offset":1955}}}],"id":"bc58c0fb-9285-4fcd-8d83-f7d57fd18de2","message":"add","metadata":[],"receiver":{"args":[],"id":"b3b88297-a127-4a4d-adcf-ed7a27430ea3","message":"aspersores","metadata":[],"receiver":{"id":"85a52678-3355-454b-a88e-5d2d3f7efd0c","metadata":[],"name":"terreno","scope":{"containerScope":{"containerScope":{"containerScope":{"containerScope":{"containerScope":{"containerScope":{"containerScope":{"contributions":{},"includedScopes":[]},"contributions":{},"includedScopes":[{"contributions":{},"includedScopes":[]},{"contributions":{},"includedScopes":[]},{"contributions":{},"includedScopes":[]},{"contributions":{},"includedScopes":[]}]},"contributions":{},"includedScopes":[{"containerScope":{"containerScope":{"containerScope":{"contributions":{},"includedScopes":[]},"contributions":{},"includedScopes":[]},"contributions":{},"includedScopes":[]},"contributions":{},"includedScopes":[]}]},"contributions":{},"includedScopes":[]},"contributions":{},"includedScopes":[]},"contributions":{},"includedScopes":[]},"contributions":{},"includedScopes":[]},"contributions":{},"includedScopes":[]},"sourceMap":{"end":{"column":10,"line":86,"offset":1937},"start":{"column":3,"line":86,"offset":1930}}},"scope":{"containerScope":{"containerScope":{"containerScope":{"containerScope":{"containerScope":{"containerScope":{"contributions":{},"includedScopes":[]},"contributions":{},"includedScopes":[{"contributions":{},"includedScopes":[]},{"contributions":{},"includedScopes":[]},{"contributions":{},"includedScopes":[]},{"contributions":{},"includedScopes":[]}]},"contributions":{},"includedScopes":[{"containerScope":{"containerScope":{"containerScope":{"contributions":{},"includedScopes":[]},"contributions":{},"includedScopes":[]},"contributions":{},"includedScopes":[]},"contributions":{},"includedScopes":[]}]},"contributions":{},"includedScopes":[]},"contributions":{},"includedScopes":[]},"contributions":{},"includedScopes":[]},"contributions":{},"includedScopes":[]},"sourceMap":{"end":{"column":23,"line":86,"offset":1950},"start":{"column":3,"line":86,"offset":1930}}},"scope":{"containerScope":{"containerScope":{"containerScope":{"containerScope":{"containerScope":{"contributions":{},"includedScopes":[]},"contributions":{},"includedScopes":[{"contributions":{},"includedScopes":[]},{"contributions":{},"includedScopes":[]},{"contributions":{},"includedScopes":[]},{"contributions":{},"includedScopes":[]}]},"contributions":{},"includedScopes":[{"containerScope":{"containerScope":{"containerScope":{"contributions":{},"includedScopes":[]},"contributions":{},"includedScopes":[]},"contributions":{},"includedScopes":[]},"contributions":{},"includedScopes":[]}]},"contributions":{},"includedScopes":[]},"contributions":{},"includedScopes":[]},"contributions":{},"includedScopes":[]},"sourceMap":{"end":{"column":37,"line":86,"offset":1964},"start":{"column":3,"line":86,"offset":1930}}}],"sourceMap":{"end":{"column":3,"line":87,"offset":1967},"start":{"column":27,"line":82,"offset":1837}}},"stack":"Error: Failed to print, found malformed node\n    at /home/felipe/.vscode/extensions/uqbar.wollok-lsp-ide-0.3.6/out/server/src/server.js:68:3533\n    at /home/felipe/.vscode/extensions/uqbar.wollok-lsp-ide-0.3.6/out/server/src/server.js:68:5372\n    at /home/felipe/.vscode/extensions/uqbar.wollok-lsp-ide-0.3.6/out/server/src/server.js:38:6056\n    at /home/felipe/.vscode/extensions/uqbar.wollok-lsp-ide-0.3.6/out/server/src/server.js:68:3612\n    at aln (/home/felipe/.vscode/extensions/uqbar.wollok-lsp-ide-0.3.6/out/server/src/server.js:68:3344)\n    at /home/felipe/.vscode/extensions/uqbar.wollok-lsp-ide-0.3.6/out/server/src/server.js:2285:847\n    at /home/felipe/.vscode/extensions/uqbar.wollok-lsp-ide-0.3.6/out/server/src/server.js:2298:3774\n    at /home/felipe/.vscode/extensions/uqbar.wollok-lsp-ide-0.3.6/out/server/src/server.js:37:74770\n    at Fe (/home/felipe/.vscode/extensions/uqbar.wollok-lsp-ide-0.3.6/out/server/src/server.js:7:8527)\n    at Pt (/home/felipe/.vscode/extensions/uqbar.wollok-lsp-ide-0.3.6/out/server/src/server.js:7:6189)","timestamp":"2024-10-15T00:16:55.815Z"}
{"level":"error","message":"✘ Failed to get type description: Error: Failed to print, found malformed node Failed to print, found malformed node","node":{"id":"c25b6372-def2-4a17-a6ee-ce37de63bece","metadata":[],"problems":[{"code":"malformedSentence","sourceMap":{"end":{"column":0,"line":84,"offset":1846},"start":{"column":3,"line":83,"offset":1841}}}],"scope":{"containerScope":{"containerScope":{"containerScope":{"containerScope":{"contributions":{},"includedScopes":[]},"contributions":{},"includedScopes":[{"contributions":{},"includedScopes":[]},{"contributions":{},"includedScopes":[]},{"contributions":{},"includedScopes":[]},{"contributions":{},"includedScopes":[]}]},"contributions":{},"includedScopes":[{"containerScope":{"containerScope":{"containerScope":{"contributions":{},"includedScopes":[]},"contributions":{},"includedScopes":[]},"contributions":{},"includedScopes":[]},"contributions":{},"includedScopes":[]}]},"contributions":{},"includedScopes":[]},"contributions":{},"includedScopes":[]},"sentences":[{"id":"53a496ca-eabf-4471-b14e-f22ba0b4814b","isConstant":true,"metadata":[],"name":"aspersor","scope":{"containerScope":{"containerScope":{"containerScope":{"containerScope":{"containerScope":{"contributions":{},"includedScopes":[]},"contributions":{},"includedScopes":[{"contributions":{},"includedScopes":[]},{"contributions":{},"includedScopes":[]},{"contributions":{},"includedScopes":[]},{"contributions":{},"includedScopes":[]}]},"contributions":{},"includedScopes":[{"containerScope":{"containerScope":{"containerScope":{"contributions":{},"includedScopes":[]},"contributions":{},"includedScopes":[]},"contributions":{},"includedScopes":[]},"contributions":{},"includedScopes":[]}]},"contributions":{},"includedScopes":[]},"contributions":{},"includedScopes":[]},"contributions":{},"includedScopes":[]},"sourceMap":{"end":{"column":54,"line":84,"offset":1900},"start":{"column":4,"line":84,"offset":1850}},"value":{"args":[{"id":"9cdbbaee-2962-4075-95ee-0dacdd2a6252","metadata":[],"name":"position","scope":{"containerScope":{"containerScope":{"containerScope":{"containerScope":{"containerScope":{"containerScope":{"containerScope":{"contributions":{},"includedScopes":[]},"contributions":{},"includedScopes":[{"contributions":{},"includedScopes":[]},{"contributions":{},"includedScopes":[]},{"contributions":{},"includedScopes":[]},{"contributions":{},"includedScopes":[]}]},"contributions":{},"includedScopes":[{"containerScope":{"containerScope":{"containerScope":{"contributions":{},"includedScopes":[]},"contributions":{},"includedScopes":[]},"contributions":{},"includedScopes":[]},"contributions":{},"includedScopes":[]}]},"contributions":{},"includedScopes":[]},"contributions":{},"includedScopes":[]},"contributions":{},"includedScopes":[]},"contributions":{},"includedScopes":[]},"contributions":{},"includedScopes":[]},"sourceMap":{"end":{"column":53,"line":84,"offset":1899},"start":{"column":34,"line":84,"offset":1880}},"value":{"id":"cac349d5-3276-413c-9a86-501466d9644a","metadata":[],"name":"position","scope":{"containerScope":{"containerScope":{"containerScope":{"containerScope":{"containerScope":{"containerScope":{"containerScope":{"containerScope":{"contributions":{},"includedScopes":[]},"contributions":{},"includedScopes":[{"contributions":{},"includedScopes":[]},{"contributions":{},"includedScopes":[]},{"contributions":{},"includedScopes":[]},{"contributions":{},"includedScopes":[]}]},"contributions":{},"includedScopes":[{"containerScope":{"containerScope":{"containerScope":{"contributions":{},"includedScopes":[]},"contributions":{},"includedScopes":[]},"contributions":{},"includedScopes":[]},"contributions":{},"includedScopes":[]}]},"contributions":{},"includedScopes":[]},"contributions":{},"includedScopes":[]},"contributions":{},"includedScopes":[]},"contributions":{},"includedScopes":[]},"contributions":{},"includedScopes":[]},"contributions":{},"includedScopes":[]},"sourceMap":{"end":{"column":53,"line":84,"offset":1899},"start":{"column":45,"line":84,"offset":1891}}}}],"id":"63c1c42c-5746-4fe0-bbbd-e81cb4351425","instantiated":{"id":"d24db1aa-5f41-45d5-b3e7-d21ec771ef63","metadata":[],"name":"Aspersor","scope":{"containerScope":{"containerScope":{"containerScope":{"containerScope":{"containerScope":{"containerScope":{"containerScope":{"contributions":{},"includedScopes":[]},"contributions":{},"includedScopes":[{"contributions":{},"includedScopes":[]},{"contributions":{},"includedScopes":[]},{"contributions":{},"includedScopes":[]},{"contributions":{},"includedScopes":[]}]},"contributions":{},"includedScopes":[{"containerScope":{"containerScope":{"containerScope":{"contributions":{},"includedScopes":[]},"contributions":{},"includedScopes":[]},"contributions":{},"includedScopes":[]},"contributions":{},"includedScopes":[]}]},"contributions":{},"includedScopes":[]},"contributions":{},"includedScopes":[]},"contributions":{},"includedScopes":[]},"contributions":{},"includedScopes":[]},"contributions":{},"includedScopes":[]},"sourceMap":{"end":{"column":33,"line":84,"offset":1879},"start":{"column":25,"line":84,"offset":1871}}},"metadata":[],"scope":{"containerScope":{"containerScope":{"containerScope":{"containerScope":{"containerScope":{"containerScope":{"contributions":{},"includedScopes":[]},"contributions":{},"includedScopes":[{"contributions":{},"includedScopes":[]},{"contributions":{},"includedScopes":[]},{"contributions":{},"includedScopes":[]},{"contributions":{},"includedScopes":[]}]},"contributions":{},"includedScopes":[{"containerScope":{"containerScope":{"containerScope":{"contributions":{},"includedScopes":[]},"contributions":{},"includedScopes":[]},"contributions":{},"includedScopes":[]},"contributions":{},"includedScopes":[]}]},"contributions":{},"includedScopes":[]},"contributions":{},"includedScopes":[]},"contributions":{},"includedScopes":[]},"contributions":{},"includedScopes":[]},"sourceMap":{"end":{"column":54,"line":84,"offset":1900},"start":{"column":21,"line":84,"offset":1867}}}},{"args":[{"id":"31584397-91be-4507-9cb2-7def571e3bad","metadata":[],"name":"aspersor","scope":{"containerScope":{"containerScope":{"containerScope":{"containerScope":{"containerScope":{"containerScope":{"contributions":{},"includedScopes":[]},"contributions":{},"includedScopes":[{"contributions":{},"includedScopes":[]},{"contributions":{},"includedScopes":[]},{"contributions":{},"includedScopes":[]},{"contributions":{},"includedScopes":[]}]},"contributions":{},"includedScopes":[{"containerScope":{"containerScope":{"containerScope":{"contributions":{},"includedScopes":[]},"contributions":{},"includedScopes":[]},"contributions":{},"includedScopes":[]},"contributions":{},"includedScopes":[]}]},"contributions":{},"includedScopes":[]},"contributions":{},"includedScopes":[]},"contributions":{},"includedScopes":[]},"contributions":{},"includedScopes":[]},"sourceMap":{"end":{"column":26,"line":85,"offset":1926},"start":{"column":18,"line":85,"offset":1918}}}],"id":"c33776e1-7b1b-4e25-8c51-6c210d4bece5","message":"addVisual","metadata":[],"receiver":{"id":"30cfbc5d-5914-46cd-a999-86a5c7bc3255","metadata":[],"name":"game","scope":{"containerScope":{"containerScope":{"containerScope":{"containerScope":{"containerScope":{"containerScope":{"contributions":{},"includedScopes":[]},"contributions":{},"includedScopes":[{"contributions":{},"includedScopes":[]},{"contributions":{},"includedScopes":[]},{"contributions":{},"includedScopes":[]},{"contributions":{},"includedScopes":[]}]},"contributions":{},"includedScopes":[{"containerScope":{"containerScope":{"containerScope":{"contributions":{},"includedScopes":[]},"contributions":{},"includedScopes":[]},"contributions":{},"includedScopes":[]},"contributions":{},"includedScopes":[]}]},"contributions":{},"includedScopes":[]},"contributions":{},"includedScopes":[]},"contributions":{},"includedScopes":[]},"contributions":{},"includedScopes":[]},"sourceMap":{"end":{"column":7,"line":85,"offset":1907},"start":{"column":3,"line":85,"offset":1903}}},"scope":{"containerScope":{"containerScope":{"containerScope":{"containerScope":{"containerScope":{"contributions":{},"includedScopes":[]},"contributions":{},"includedScopes":[{"contributions":{},"includedScopes":[]},{"contributions":{},"includedScopes":[]},{"contributions":{},"includedScopes":[]},{"contributions":{},"includedScopes":[]}]},"contributions":{},"includedScopes":[{"containerScope":{"containerScope":{"containerScope":{"contributions":{},"includedScopes":[]},"contributions":{},"includedScopes":[]},"contributions":{},"includedScopes":[]},"contributions":{},"includedScopes":[]}]},"contributions":{},"includedScopes":[]},"contributions":{},"includedScopes":[]},"contributions":{},"includedScopes":[]},"sourceMap":{"end":{"column":27,"line":85,"offset":1927},"start":{"column":3,"line":85,"offset":1903}}},{"args":[{"id":"1b369c06-8cfc-4bb8-b31f-9a955675584b","metadata":[],"name":"aspersor","scope":{"containerScope":{"containerScope":{"containerScope":{"containerScope":{"containerScope":{"containerScope":{"contributions":{},"includedScopes":[]},"contributions":{},"includedScopes":[{"contributions":{},"includedScopes":[]},{"contributions":{},"includedScopes":[]},{"contributions":{},"includedScopes":[]},{"contributions":{},"includedScopes":[]}]},"contributions":{},"includedScopes":[{"containerScope":{"containerScope":{"containerScope":{"contributions":{},"includedScopes":[]},"contributions":{},"includedScopes":[]},"contributions":{},"includedScopes":[]},"contributions":{},"includedScopes":[]}]},"contributions":{},"includedScopes":[]},"contributions":{},"includedScopes":[]},"contributions":{},"includedScopes":[]},"contributions":{},"includedScopes":[]},"sourceMap":{"end":{"column":36,"line":86,"offset":1963},"start":{"column":28,"line":86,"offset":1955}}}],"id":"bc58c0fb-9285-4fcd-8d83-f7d57fd18de2","message":"add","metadata":[],"receiver":{"args":[],"id":"b3b88297-a127-4a4d-adcf-ed7a27430ea3","message":"aspersores","metadata":[],"receiver":{"id":"85a52678-3355-454b-a88e-5d2d3f7efd0c","metadata":[],"name":"terreno","scope":{"containerScope":{"containerScope":{"containerScope":{"containerScope":{"containerScope":{"containerScope":{"containerScope":{"contributions":{},"includedScopes":[]},"contributions":{},"includedScopes":[{"contributions":{},"includedScopes":[]},{"contributions":{},"includedScopes":[]},{"contributions":{},"includedScopes":[]},{"contributions":{},"includedScopes":[]}]},"contributions":{},"includedScopes":[{"containerScope":{"containerScope":{"containerScope":{"contributions":{},"includedScopes":[]},"contributions":{},"includedScopes":[]},"contributions":{},"includedScopes":[]},"contributions":{},"includedScopes":[]}]},"contributions":{},"includedScopes":[]},"contributions":{},"includedScopes":[]},"contributions":{},"includedScopes":[]},"contributions":{},"includedScopes":[]},"contributions":{},"includedScopes":[]},"sourceMap":{"end":{"column":10,"line":86,"offset":1937},"start":{"column":3,"line":86,"offset":1930}}},"scope":{"containerScope":{"containerScope":{"containerScope":{"containerScope":{"containerScope":{"containerScope":{"contributions":{},"includedScopes":[]},"contributions":{},"includedScopes":[{"contributions":{},"includedScopes":[]},{"contributions":{},"includedScopes":[]},{"contributions":{},"includedScopes":[]},{"contributions":{},"includedScopes":[]}]},"contributions":{},"includedScopes":[{"containerScope":{"containerScope":{"containerScope":{"contributions":{},"includedScopes":[]},"contributions":{},"includedScopes":[]},"contributions":{},"includedScopes":[]},"contributions":{},"includedScopes":[]}]},"contributions":{},"includedScopes":[]},"contributions":{},"includedScopes":[]},"contributions":{},"includedScopes":[]},"contributions":{},"includedScopes":[]},"sourceMap":{"end":{"column":23,"line":86,"offset":1950},"start":{"column":3,"line":86,"offset":1930}}},"scope":{"containerScope":{"containerScope":{"containerScope":{"containerScope":{"containerScope":{"contributions":{},"includedScopes":[]},"contributions":{},"includedScopes":[{"contributions":{},"includedScopes":[]},{"contributions":{},"includedScopes":[]},{"contributions":{},"includedScopes":[]},{"contributions":{},"includedScopes":[]}]},"contributions":{},"includedScopes":[{"containerScope":{"containerScope":{"containerScope":{"contributions":{},"includedScopes":[]},"contributions":{},"includedScopes":[]},"contributions":{},"includedScopes":[]},"contributions":{},"includedScopes":[]}]},"contributions":{},"includedScopes":[]},"contributions":{},"includedScopes":[]},"contributions":{},"includedScopes":[]},"sourceMap":{"end":{"column":37,"line":86,"offset":1964},"start":{"column":3,"line":86,"offset":1930}}}],"sourceMap":{"end":{"column":3,"line":87,"offset":1967},"start":{"column":27,"line":82,"offset":1837}}},"stack":"Error: Failed to print, found malformed node\n    at /home/felipe/.vscode/extensions/uqbar.wollok-lsp-ide-0.3.6/out/server/src/server.js:68:3533\n    at /home/felipe/.vscode/extensions/uqbar.wollok-lsp-ide-0.3.6/out/server/src/server.js:68:5372\n    at /home/felipe/.vscode/extensions/uqbar.wollok-lsp-ide-0.3.6/out/server/src/server.js:38:6056\n    at /home/felipe/.vscode/extensions/uqbar.wollok-lsp-ide-0.3.6/out/server/src/server.js:68:3612\n    at aln (/home/felipe/.vscode/extensions/uqbar.wollok-lsp-ide-0.3.6/out/server/src/server.js:68:3344)\n    at /home/felipe/.vscode/extensions/uqbar.wollok-lsp-ide-0.3.6/out/server/src/server.js:2285:847\n    at /home/felipe/.vscode/extensions/uqbar.wollok-lsp-ide-0.3.6/out/server/src/server.js:2298:3774\n    at /home/felipe/.vscode/extensions/uqbar.wollok-lsp-ide-0.3.6/out/server/src/server.js:37:74770\n    at Fe (/home/felipe/.vscode/extensions/uqbar.wollok-lsp-ide-0.3.6/out/server/src/server.js:7:8527)\n    at Pt (/home/felipe/.vscode/extensions/uqbar.wollok-lsp-ide-0.3.6/out/server/src/server.js:7:6189)","timestamp":"2024-10-15T00:16:56.322Z"}
{"level":"info","message":"⌛ Building environment","timeElapsed":210,"timestamp":"2024-10-15T00:16:57.444Z"}
{"level":"info","message":"⌛ Validating hector.wlk","timeElapsed":218,"timestamp":"2024-10-15T00:16:57.664Z"}
{"level":"info","message":"⌛ Building environment","timeElapsed":232,"timestamp":"2024-10-15T00:16:58.760Z"}
{"level":"info","message":"⌛ Validating hector.wlk","timeElapsed":294,"timestamp":"2024-10-15T00:16:59.068Z"}
{"level":"info","message":"⌛ Building environment","timeElapsed":196,"timestamp":"2024-10-15T00:17:00.592Z"}
{"level":"info","message":"⌛ Validating hector.wlk","timeElapsed":210,"timestamp":"2024-10-15T00:17:00.803Z"}
{"level":"error","message":"✘ Failed to get type description: Error: Failed to print, found malformed node Failed to print, found malformed node","node":{"id":"a29a0e44-a642-40e0-919c-e928f397175f","metadata":[],"problems":[{"code":"malformedSentence","sourceMap":{"end":{"column":0,"line":84,"offset":1846},"start":{"column":3,"line":83,"offset":1841}}}],"scope":{"containerScope":{"containerScope":{"containerScope":{"containerScope":{"contributions":{},"includedScopes":[]},"contributions":{},"includedScopes":[{"contributions":{},"includedScopes":[]},{"contributions":{},"includedScopes":[]},{"contributions":{},"includedScopes":[]},{"contributions":{},"includedScopes":[]}]},"contributions":{},"includedScopes":[{"containerScope":{"containerScope":{"containerScope":{"contributions":{},"includedScopes":[]},"contributions":{},"includedScopes":[]},"contributions":{},"includedScopes":[]},"contributions":{},"includedScopes":[]}]},"contributions":{},"includedScopes":[]},"contributions":{},"includedScopes":[]},"sentences":[{"id":"11f40887-61df-4b46-b0f1-d95184f6eef3","isConstant":true,"metadata":[],"name":"aspersor","scope":{"containerScope":{"containerScope":{"containerScope":{"containerScope":{"containerScope":{"contributions":{},"includedScopes":[]},"contributions":{},"includedScopes":[{"contributions":{},"includedScopes":[]},{"contributions":{},"includedScopes":[]},{"contributions":{},"includedScopes":[]},{"contributions":{},"includedScopes":[]}]},"contributions":{},"includedScopes":[{"containerScope":{"containerScope":{"containerScope":{"contributions":{},"includedScopes":[]},"contributions":{},"includedScopes":[]},"contributions":{},"includedScopes":[]},"contributions":{},"includedScopes":[]}]},"contributions":{},"includedScopes":[]},"contributions":{},"includedScopes":[]},"contributions":{},"includedScopes":[]},"sourceMap":{"end":{"column":54,"line":84,"offset":1900},"start":{"column":4,"line":84,"offset":1850}},"value":{"args":[{"id":"7a56d670-ed76-4dec-a9dd-2ae531b097b2","metadata":[],"name":"position","scope":{"containerScope":{"containerScope":{"containerScope":{"containerScope":{"containerScope":{"containerScope":{"containerScope":{"contributions":{},"includedScopes":[]},"contributions":{},"includedScopes":[{"contributions":{},"includedScopes":[]},{"contributions":{},"includedScopes":[]},{"contributions":{},"includedScopes":[]},{"contributions":{},"includedScopes":[]}]},"contributions":{},"includedScopes":[{"containerScope":{"containerScope":{"containerScope":{"contributions":{},"includedScopes":[]},"contributions":{},"includedScopes":[]},"contributions":{},"includedScopes":[]},"contributions":{},"includedScopes":[]}]},"contributions":{},"includedScopes":[]},"contributions":{},"includedScopes":[]},"contributions":{},"includedScopes":[]},"contributions":{},"includedScopes":[]},"contributions":{},"includedScopes":[]},"sourceMap":{"end":{"column":53,"line":84,"offset":1899},"start":{"column":34,"line":84,"offset":1880}},"value":{"id":"006dad25-da06-4938-89bf-70f4cde1b3d1","metadata":[],"name":"position","scope":{"containerScope":{"containerScope":{"containerScope":{"containerScope":{"containerScope":{"containerScope":{"containerScope":{"containerScope":{"contributions":{},"includedScopes":[]},"contributions":{},"includedScopes":[{"contributions":{},"includedScopes":[]},{"contributions":{},"includedScopes":[]},{"contributions":{},"includedScopes":[]},{"contributions":{},"includedScopes":[]}]},"contributions":{},"includedScopes":[{"containerScope":{"containerScope":{"containerScope":{"contributions":{},"includedScopes":[]},"contributions":{},"includedScopes":[]},"contributions":{},"includedScopes":[]},"contributions":{},"includedScopes":[]}]},"contributions":{},"includedScopes":[]},"contributions":{},"includedScopes":[]},"contributions":{},"includedScopes":[]},"contributions":{},"includedScopes":[]},"contributions":{},"includedScopes":[]},"contributions":{},"includedScopes":[]},"sourceMap":{"end":{"column":53,"line":84,"offset":1899},"start":{"column":45,"line":84,"offset":1891}}}}],"id":"28e2d894-024c-4e11-888a-156ac9f0e11f","instantiated":{"id":"1bb37295-5ddb-423d-aa30-68d823336822","metadata":[],"name":"Aspersor","scope":{"containerScope":{"containerScope":{"containerScope":{"containerScope":{"containerScope":{"containerScope":{"containerScope":{"contributions":{},"includedScopes":[]},"contributions":{},"includedScopes":[{"contributions":{},"includedScopes":[]},{"contributions":{},"includedScopes":[]},{"contributions":{},"includedScopes":[]},{"contributions":{},"includedScopes":[]}]},"contributions":{},"includedScopes":[{"containerScope":{"containerScope":{"containerScope":{"contributions":{},"includedScopes":[]},"contributions":{},"includedScopes":[]},"contributions":{},"includedScopes":[]},"contributions":{},"includedScopes":[]}]},"contributions":{},"includedScopes":[]},"contributions":{},"includedScopes":[]},"contributions":{},"includedScopes":[]},"contributions":{},"includedScopes":[]},"contributions":{},"includedScopes":[]},"sourceMap":{"end":{"column":33,"line":84,"offset":1879},"start":{"column":25,"line":84,"offset":1871}}},"metadata":[],"scope":{"containerScope":{"containerScope":{"containerScope":{"containerScope":{"containerScope":{"containerScope":{"contributions":{},"includedScopes":[]},"contributions":{},"includedScopes":[{"contributions":{},"includedScopes":[]},{"contributions":{},"includedScopes":[]},{"contributions":{},"includedScopes":[]},{"contributions":{},"includedScopes":[]}]},"contributions":{},"includedScopes":[{"containerScope":{"containerScope":{"containerScope":{"contributions":{},"includedScopes":[]},"contributions":{},"includedScopes":[]},"contributions":{},"includedScopes":[]},"contributions":{},"includedScopes":[]}]},"contributions":{},"includedScopes":[]},"contributions":{},"includedScopes":[]},"contributions":{},"includedScopes":[]},"contributions":{},"includedScopes":[]},"sourceMap":{"end":{"column":54,"line":84,"offset":1900},"start":{"column":21,"line":84,"offset":1867}}}},{"args":[{"id":"4aed0d16-738f-45de-9408-33ba5b036903","metadata":[],"name":"aspersor","scope":{"containerScope":{"containerScope":{"containerScope":{"containerScope":{"containerScope":{"containerScope":{"contributions":{},"includedScopes":[]},"contributions":{},"includedScopes":[{"contributions":{},"includedScopes":[]},{"contributions":{},"includedScopes":[]},{"contributions":{},"includedScopes":[]},{"contributions":{},"includedScopes":[]}]},"contributions":{},"includedScopes":[{"containerScope":{"containerScope":{"containerScope":{"contributions":{},"includedScopes":[]},"contributions":{},"includedScopes":[]},"contributions":{},"includedScopes":[]},"contributions":{},"includedScopes":[]}]},"contributions":{},"includedScopes":[]},"contributions":{},"includedScopes":[]},"contributions":{},"includedScopes":[]},"contributions":{},"includedScopes":[]},"sourceMap":{"end":{"column":27,"line":85,"offset":1927},"start":{"column":19,"line":85,"offset":1919}}}],"id":"a9b5ec8b-4881-4d75-a1ff-fce2f14c78af","message":"addVisual","metadata":[],"receiver":{"id":"21af030f-32ee-4f00-ad75-8e44cde17a8b","metadata":[],"name":"game","scope":{"containerScope":{"containerScope":{"containerScope":{"containerScope":{"containerScope":{"containerScope":{"contributions":{},"includedScopes":[]},"contributions":{},"includedScopes":[{"contributions":{},"includedScopes":[]},{"contributions":{},"includedScopes":[]},{"contributions":{},"includedScopes":[]},{"contributions":{},"includedScopes":[]}]},"contributions":{},"includedScopes":[{"containerScope":{"containerScope":{"containerScope":{"contributions":{},"includedScopes":[]},"contributions":{},"includedScopes":[]},"contributions":{},"includedScopes":[]},"contributions":{},"includedScopes":[]}]},"contributions":{},"includedScopes":[]},"contributions":{},"includedScopes":[]},"contributions":{},"includedScopes":[]},"contributions":{},"includedScopes":[]},"sourceMap":{"end":{"column":8,"line":85,"offset":1908},"start":{"column":4,"line":85,"offset":1904}}},"scope":{"containerScope":{"containerScope":{"containerScope":{"containerScope":{"containerScope":{"contributions":{},"includedScopes":[]},"contributions":{},"includedScopes":[{"contributions":{},"includedScopes":[]},{"contributions":{},"includedScopes":[]},{"contributions":{},"includedScopes":[]},{"contributions":{},"includedScopes":[]}]},"contributions":{},"includedScopes":[{"containerScope":{"containerScope":{"containerScope":{"contributions":{},"includedScopes":[]},"contributions":{},"includedScopes":[]},"contributions":{},"includedScopes":[]},"contributions":{},"includedScopes":[]}]},"contributions":{},"includedScopes":[]},"contributions":{},"includedScopes":[]},"contributions":{},"includedScopes":[]},"sourceMap":{"end":{"column":28,"line":85,"offset":1928},"start":{"column":4,"line":85,"offset":1904}}},{"args":[{"id":"590b554f-6cac-4006-8af9-6740ffb2d3f3","metadata":[],"name":"aspersor","scope":{"containerScope":{"containerScope":{"containerScope":{"containerScope":{"containerScope":{"containerScope":{"contributions":{},"includedScopes":[]},"contributions":{},"includedScopes":[{"contributions":{},"includedScopes":[]},{"contributions":{},"includedScopes":[]},{"contributions":{},"includedScopes":[]},{"contributions":{},"includedScopes":[]}]},"contributions":{},"includedScopes":[{"containerScope":{"containerScope":{"containerScope":{"contributions":{},"includedScopes":[]},"contributions":{},"includedScopes":[]},"contributions":{},"includedScopes":[]},"contributions":{},"includedScopes":[]}]},"contributions":{},"includedScopes":[]},"contributions":{},"includedScopes":[]},"contributions":{},"includedScopes":[]},"contributions":{},"includedScopes":[]},"sourceMap":{"end":{"column":36,"line":86,"offset":1964},"start":{"column":28,"line":86,"offset":1956}}}],"id":"26d57e89-1af0-4788-980b-1c5c8b5e8b9d","message":"add","metadata":[],"receiver":{"args":[],"id":"1bf23197-5676-496e-9e22-46d14c4a5d37","message":"aspersores","metadata":[],"receiver":{"id":"af6989a3-437e-4cab-a16e-51715f76b584","metadata":[],"name":"terreno","scope":{"containerScope":{"containerScope":{"containerScope":{"containerScope":{"containerScope":{"containerScope":{"containerScope":{"contributions":{},"includedScopes":[]},"contributions":{},"includedScopes":[{"contributions":{},"includedScopes":[]},{"contributions":{},"includedScopes":[]},{"contributions":{},"includedScopes":[]},{"contributions":{},"includedScopes":[]}]},"contributions":{},"includedScopes":[{"containerScope":{"containerScope":{"containerScope":{"contributions":{},"includedScopes":[]},"contributions":{},"includedScopes":[]},"contributions":{},"includedScopes":[]},"contributions":{},"includedScopes":[]}]},"contributions":{},"includedScopes":[]},"contributions":{},"includedScopes":[]},"contributions":{},"includedScopes":[]},"contributions":{},"includedScopes":[]},"contributions":{},"includedScopes":[]},"sourceMap":{"end":{"column":10,"line":86,"offset":1938},"start":{"column":3,"line":86,"offset":1931}}},"scope":{"containerScope":{"containerScope":{"containerScope":{"containerScope":{"containerScope":{"containerScope":{"contributions":{},"includedScopes":[]},"contributions":{},"includedScopes":[{"contributions":{},"includedScopes":[]},{"contributions":{},"includedScopes":[]},{"contributions":{},"includedScopes":[]},{"contributions":{},"includedScopes":[]}]},"contributions":{},"includedScopes":[{"containerScope":{"containerScope":{"containerScope":{"contributions":{},"includedScopes":[]},"contributions":{},"includedScopes":[]},"contributions":{},"includedScopes":[]},"contributions":{},"includedScopes":[]}]},"contributions":{},"includedScopes":[]},"contributions":{},"includedScopes":[]},"contributions":{},"includedScopes":[]},"contributions":{},"includedScopes":[]},"sourceMap":{"end":{"column":23,"line":86,"offset":1951},"start":{"column":3,"line":86,"offset":1931}}},"scope":{"containerScope":{"containerScope":{"containerScope":{"containerScope":{"containerScope":{"contributions":{},"includedScopes":[]},"contributions":{},"includedScopes":[{"contributions":{},"includedScopes":[]},{"contributions":{},"includedScopes":[]},{"contributions":{},"includedScopes":[]},{"contributions":{},"includedScopes":[]}]},"contributions":{},"includedScopes":[{"containerScope":{"containerScope":{"containerScope":{"contributions":{},"includedScopes":[]},"contributions":{},"includedScopes":[]},"contributions":{},"includedScopes":[]},"contributions":{},"includedScopes":[]}]},"contributions":{},"includedScopes":[]},"contributions":{},"includedScopes":[]},"contributions":{},"includedScopes":[]},"sourceMap":{"end":{"column":37,"line":86,"offset":1965},"start":{"column":3,"line":86,"offset":1931}}}],"sourceMap":{"end":{"column":3,"line":87,"offset":1968},"start":{"column":27,"line":82,"offset":1837}}},"stack":"Error: Failed to print, found malformed node\n    at /home/felipe/.vscode/extensions/uqbar.wollok-lsp-ide-0.3.6/out/server/src/server.js:68:3533\n    at /home/felipe/.vscode/extensions/uqbar.wollok-lsp-ide-0.3.6/out/server/src/server.js:68:5372\n    at /home/felipe/.vscode/extensions/uqbar.wollok-lsp-ide-0.3.6/out/server/src/server.js:38:6056\n    at /home/felipe/.vscode/extensions/uqbar.wollok-lsp-ide-0.3.6/out/server/src/server.js:68:3612\n    at aln (/home/felipe/.vscode/extensions/uqbar.wollok-lsp-ide-0.3.6/out/server/src/server.js:68:3344)\n    at /home/felipe/.vscode/extensions/uqbar.wollok-lsp-ide-0.3.6/out/server/src/server.js:2285:847\n    at /home/felipe/.vscode/extensions/uqbar.wollok-lsp-ide-0.3.6/out/server/src/server.js:2298:3774\n    at /home/felipe/.vscode/extensions/uqbar.wollok-lsp-ide-0.3.6/out/server/src/server.js:37:74770\n    at Fe (/home/felipe/.vscode/extensions/uqbar.wollok-lsp-ide-0.3.6/out/server/src/server.js:7:8527)\n    at Pt (/home/felipe/.vscode/extensions/uqbar.wollok-lsp-ide-0.3.6/out/server/src/server.js:7:6189)","timestamp":"2024-10-15T00:17:01.993Z"}
{"level":"info","message":"⌛ Building environment","timeElapsed":307,"timestamp":"2024-10-15T00:17:02.734Z"}
{"level":"info","message":"⌛ Validating hector.wlk","timeElapsed":212,"timestamp":"2024-10-15T00:17:02.953Z"}
{"level":"info","message":"⌛ Building environment","timeElapsed":183,"timestamp":"2024-10-15T00:17:06.589Z"}
{"level":"info","message":"⌛ Validating hector.wlk","timeElapsed":212,"timestamp":"2024-10-15T00:17:06.802Z"}
{"level":"info","message":"⌛ Building environment","timeElapsed":177,"timestamp":"2024-10-15T00:17:07.483Z"}
{"level":"info","message":"⌛ Validating hector.wlk","timeElapsed":217,"timestamp":"2024-10-15T00:17:07.705Z"}
{"level":"error","message":"✘ Failed to rebuild document Failed to parse hector.wlk: \n-- PARSING FAILED --------------------------------------------------\n\n   96 | \t\tterreno.mercadoAqui(position).puedeComprar(self.valorTotal()) and \n   97 | \t\tnot cultivosAlmacenados.isEmpty()\n>  98 | \t}\n      |  ^\n   99 | \n  100 | \tmethod puedoComprar() {\n\nExpected one of the following: \n\n'@', 'class', 'const', 'describe', 'mixin', 'object', 'only', 'package', 'program', 'test', 'var', '{', EOF, comment, not \"}\n\n\t\", whitespace\n","stack":"Error: Failed to parse hector.wlk: \n-- PARSING FAILED --------------------------------------------------\n\n   96 | \t\tterreno.mercadoAqui(position).puedeComprar(self.valorTotal()) and \n   97 | \t\tnot cultivosAlmacenados.isEmpty()\n>  98 | \t}\n      |  ^\n   99 | \n  100 | \tmethod puedoComprar() {\n\nExpected one of the following: \n\n'@', 'class', 'const', 'describe', 'mixin', 'object', 'only', 'package', 'program', 'test', 'var', '{', EOF, comment, not \"}\n\n\t\", whitespace\n\n    at /home/felipe/.vscode/extensions/uqbar.wollok-lsp-ide-0.3.6/out/server/src/server.js:2254:32415\n    at Array.map (<anonymous>)\n    at Jfn (/home/felipe/.vscode/extensions/uqbar.wollok-lsp-ide-0.3.6/out/server/src/server.js:2254:32339)\n    at k2.buildEnvironmentFrom (/home/felipe/.vscode/extensions/uqbar.wollok-lsp-ide-0.3.6/out/server/src/server.js:2285:6721)\n    at k2.updateEnvironmentWith (/home/felipe/.vscode/extensions/uqbar.wollok-lsp-ide-0.3.6/out/server/src/server.js:2285:6456)\n    at jL (/home/felipe/.vscode/extensions/uqbar.wollok-lsp-ide-0.3.6/out/server/src/server.js:2298:2292)\n    at v3.invoke (/home/felipe/.vscode/extensions/uqbar.wollok-lsp-ide-0.3.6/out/server/src/server.js:3:157200)\n    at o.fire (/home/felipe/.vscode/extensions/uqbar.wollok-lsp-ide-0.3.6/out/server/src/server.js:3:157970)\n    at /home/felipe/.vscode/extensions/uqbar.wollok-lsp-ide-0.3.6/out/server/src/server.js:37:57871\n    at Vr (/home/felipe/.vscode/extensions/uqbar.wollok-lsp-ide-0.3.6/out/server/src/server.js:8:1561)","timestamp":"2024-10-15T00:17:08.504Z"}
{"level":"info","message":"⌛ Building environment","timeElapsed":203,"timestamp":"2024-10-15T00:17:20.939Z"}
{"level":"info","message":"⌛ Validating hector.wlk","timeElapsed":219,"timestamp":"2024-10-15T00:17:21.165Z"}
{"level":"info","message":"⌛ Building environment","timeElapsed":250,"timestamp":"2024-10-15T00:17:40.944Z"}
{"level":"error","message":"✘ Completions for node failed: Error: [If]{d53933} at hector.wlk:83 exhausted all cases without a match [If]{d53933} at hector.wlk:83 exhausted all cases without a match","stack":"Error: [If]{d53933} at hector.wlk:83 exhausted all cases without a match\n    at /home/felipe/.vscode/extensions/uqbar.wollok-lsp-ide-0.3.6/out/server/src/server.js:38:6067\n    at yh (/home/felipe/.vscode/extensions/uqbar.wollok-lsp-ide-0.3.6/out/server/src/server.js:2291:42)\n    at kh (/home/felipe/.vscode/extensions/uqbar.wollok-lsp-ide-0.3.6/out/server/src/server.js:2291:1004)\n    at Y5n (/home/felipe/.vscode/extensions/uqbar.wollok-lsp-ide-0.3.6/out/server/src/server.js:2291:1160)\n    at /home/felipe/.vscode/extensions/uqbar.wollok-lsp-ide-0.3.6/out/server/src/server.js:38:6056\n    at yh (/home/felipe/.vscode/extensions/uqbar.wollok-lsp-ide-0.3.6/out/server/src/server.js:2291:42)\n    at /home/felipe/.vscode/extensions/uqbar.wollok-lsp-ide-0.3.6/out/server/src/server.js:2291:2700\n    at /home/felipe/.vscode/extensions/uqbar.wollok-lsp-ide-0.3.6/out/server/src/server.js:2298:3774\n    at /home/felipe/.vscode/extensions/uqbar.wollok-lsp-ide-0.3.6/out/server/src/server.js:37:74872\n    at Fe (/home/felipe/.vscode/extensions/uqbar.wollok-lsp-ide-0.3.6/out/server/src/server.js:7:8527)","timestamp":"2024-10-15T00:17:40.982Z"}
{"level":"info","message":"⌛ Validating hector.wlk","timeElapsed":218,"timestamp":"2024-10-15T00:17:41.204Z"}
{"level":"info","message":"onRequest - completionItem/resolve","timestamp":"2024-10-15T00:17:41.205Z"}
{"level":"info","message":"⌛ Building environment","timeElapsed":186,"timestamp":"2024-10-15T00:17:41.466Z"}
{"level":"info","message":"onRequest - completionItem/resolve","timestamp":"2024-10-15T00:17:41.467Z"}
{"level":"info","message":"⌛ Validating hector.wlk","timeElapsed":247,"timestamp":"2024-10-15T00:17:41.714Z"}
{"level":"info","message":"⌛ Building environment","timeElapsed":169,"timestamp":"2024-10-15T00:17:41.894Z"}
{"level":"info","message":"⌛ Validating hector.wlk","timeElapsed":217,"timestamp":"2024-10-15T00:17:42.112Z"}
{"level":"info","message":"⌛ Building environment","timeElapsed":181,"timestamp":"2024-10-15T00:17:43.069Z"}
{"level":"info","message":"⌛ Validating hector.wlk","timeElapsed":222,"timestamp":"2024-10-15T00:17:43.297Z"}
{"level":"info","message":"⌛ Building environment","timeElapsed":193,"timestamp":"2024-10-15T00:17:43.500Z"}
{"level":"error","message":"✘ Completions for node failed: Error: [Send]{6e75d0} at hector.wlk:83 exhausted all cases without a match [Send]{6e75d0} at hector.wlk:83 exhausted all cases without a match","stack":"Error: [Send]{6e75d0} at hector.wlk:83 exhausted all cases without a match\n    at /home/felipe/.vscode/extensions/uqbar.wollok-lsp-ide-0.3.6/out/server/src/server.js:38:6067\n    at yh (/home/felipe/.vscode/extensions/uqbar.wollok-lsp-ide-0.3.6/out/server/src/server.js:2291:42)\n    at kh (/home/felipe/.vscode/extensions/uqbar.wollok-lsp-ide-0.3.6/out/server/src/server.js:2291:1004)\n    at Y5n (/home/felipe/.vscode/extensions/uqbar.wollok-lsp-ide-0.3.6/out/server/src/server.js:2291:1160)\n    at /home/felipe/.vscode/extensions/uqbar.wollok-lsp-ide-0.3.6/out/server/src/server.js:38:6056\n    at yh (/home/felipe/.vscode/extensions/uqbar.wollok-lsp-ide-0.3.6/out/server/src/server.js:2291:42)\n    at /home/felipe/.vscode/extensions/uqbar.wollok-lsp-ide-0.3.6/out/server/src/server.js:2291:2700\n    at /home/felipe/.vscode/extensions/uqbar.wollok-lsp-ide-0.3.6/out/server/src/server.js:2298:3774\n    at /home/felipe/.vscode/extensions/uqbar.wollok-lsp-ide-0.3.6/out/server/src/server.js:37:74872\n    at Fe (/home/felipe/.vscode/extensions/uqbar.wollok-lsp-ide-0.3.6/out/server/src/server.js:7:8527)","timestamp":"2024-10-15T00:17:43.545Z"}
{"level":"error","message":"✘ Completions for node failed: Error: [If]{ea42ab} at hector.wlk:83 exhausted all cases without a match [If]{ea42ab} at hector.wlk:83 exhausted all cases without a match","stack":"Error: [If]{ea42ab} at hector.wlk:83 exhausted all cases without a match\n    at /home/felipe/.vscode/extensions/uqbar.wollok-lsp-ide-0.3.6/out/server/src/server.js:38:6067\n    at yh (/home/felipe/.vscode/extensions/uqbar.wollok-lsp-ide-0.3.6/out/server/src/server.js:2291:42)\n    at kh (/home/felipe/.vscode/extensions/uqbar.wollok-lsp-ide-0.3.6/out/server/src/server.js:2291:1004)\n    at yh (/home/felipe/.vscode/extensions/uqbar.wollok-lsp-ide-0.3.6/out/server/src/server.js:2291:456)\n    at kh (/home/felipe/.vscode/extensions/uqbar.wollok-lsp-ide-0.3.6/out/server/src/server.js:2291:1004)\n    at Y5n (/home/felipe/.vscode/extensions/uqbar.wollok-lsp-ide-0.3.6/out/server/src/server.js:2291:1160)\n    at /home/felipe/.vscode/extensions/uqbar.wollok-lsp-ide-0.3.6/out/server/src/server.js:38:6056\n    at yh (/home/felipe/.vscode/extensions/uqbar.wollok-lsp-ide-0.3.6/out/server/src/server.js:2291:42)\n    at /home/felipe/.vscode/extensions/uqbar.wollok-lsp-ide-0.3.6/out/server/src/server.js:2291:2700\n    at /home/felipe/.vscode/extensions/uqbar.wollok-lsp-ide-0.3.6/out/server/src/server.js:2298:3774","timestamp":"2024-10-15T00:17:43.546Z"}
{"level":"info","message":"⌛ Building environment","timeElapsed":276,"timestamp":"2024-10-15T00:17:43.826Z"}
{"level":"info","message":"⌛ Building environment","timeElapsed":279,"timestamp":"2024-10-15T00:17:44.111Z"}
{"level":"info","message":"⌛ Validating hector.wlk","timeElapsed":240,"timestamp":"2024-10-15T00:17:44.354Z"}
{"level":"info","message":"onRequest - completionItem/resolve","timestamp":"2024-10-15T00:17:44.355Z"}
{"level":"info","message":"⌛ Building environment","timeElapsed":184,"timestamp":"2024-10-15T00:17:44.539Z"}
{"level":"info","message":"onRequest - completionItem/resolve","timestamp":"2024-10-15T00:17:44.540Z"}
{"level":"info","message":"⌛ Validating hector.wlk","timeElapsed":205,"timestamp":"2024-10-15T00:17:44.745Z"}
{"level":"info","message":"⌛ Building environment","timeElapsed":166,"timestamp":"2024-10-15T00:17:44.912Z"}
{"level":"info","message":"⌛ Validating hector.wlk","timeElapsed":218,"timestamp":"2024-10-15T00:17:45.186Z"}
{"level":"info","message":"⌛ Validating hector.wlk","timeElapsed":212,"timestamp":"2024-10-15T00:17:45.400Z"}
{"level":"info","message":"⌛ Validating hector.wlk","timeElapsed":235,"timestamp":"2024-10-15T00:17:45.636Z"}
{"level":"info","message":"onRequest - completionItem/resolve","timestamp":"2024-10-15T00:17:45.636Z"}
{"level":"info","message":"⌛ Building environment","timeElapsed":214,"timestamp":"2024-10-15T00:17:45.880Z"}
{"level":"info","message":"onRequest - completionItem/resolve","timestamp":"2024-10-15T00:17:45.881Z"}
{"level":"info","message":"⌛ Building environment","timeElapsed":178,"timestamp":"2024-10-15T00:17:46.059Z"}
{"level":"info","message":"onRequest - completionItem/resolve","timestamp":"2024-10-15T00:17:46.065Z"}
{"level":"info","message":"⌛ Validating hector.wlk","timeElapsed":214,"timestamp":"2024-10-15T00:17:46.279Z"}
{"level":"info","message":"⌛ Building environment","timeElapsed":178,"timestamp":"2024-10-15T00:17:46.458Z"}
{"level":"info","message":"onRequest - completionItem/resolve","timestamp":"2024-10-15T00:17:46.459Z"}
{"level":"info","message":"⌛ Validating hector.wlk","timeElapsed":205,"timestamp":"2024-10-15T00:17:46.664Z"}
{"level":"info","message":"⌛ Validating hector.wlk","timeElapsed":210,"timestamp":"2024-10-15T00:17:46.885Z"}
{"level":"info","message":"⌛ Building environment","timeElapsed":196,"timestamp":"2024-10-15T00:17:48.118Z"}
{"level":"info","message":"onRequest - completionItem/resolve","timestamp":"2024-10-15T00:17:48.119Z"}
{"level":"info","message":"⌛ Validating hector.wlk","timeElapsed":260,"timestamp":"2024-10-15T00:17:48.399Z"}
{"level":"info","message":"⌛ Building environment","timeElapsed":247,"timestamp":"2024-10-15T00:17:49.152Z"}
{"level":"info","message":"onRequest - completionItem/resolve","timestamp":"2024-10-15T00:17:49.153Z"}
{"level":"info","message":"⌛ Building environment","timeElapsed":219,"timestamp":"2024-10-15T00:17:49.372Z"}
{"level":"info","message":"⌛ Building environment","timeElapsed":183,"timestamp":"2024-10-15T00:17:49.606Z"}
{"level":"info","message":"⌛ Validating hector.wlk","timeElapsed":258,"timestamp":"2024-10-15T00:17:49.865Z"}
{"level":"info","message":"⌛ Building environment","timeElapsed":275,"timestamp":"2024-10-15T00:17:50.141Z"}
{"level":"info","message":"⌛ Validating hector.wlk","timeElapsed":219,"timestamp":"2024-10-15T00:17:50.360Z"}
{"level":"info","message":"⌛ Building environment","timeElapsed":204,"timestamp":"2024-10-15T00:17:50.564Z"}
{"level":"info","message":"⌛ Validating hector.wlk","timeElapsed":223,"timestamp":"2024-10-15T00:17:50.828Z"}
{"level":"info","message":"⌛ Building environment","timeElapsed":177,"timestamp":"2024-10-15T00:17:51.007Z"}
{"level":"info","message":"⌛ Building environment","timeElapsed":173,"timestamp":"2024-10-15T00:17:51.181Z"}
{"level":"info","message":"⌛ Validating hector.wlk","timeElapsed":213,"timestamp":"2024-10-15T00:17:51.402Z"}
{"level":"info","message":"⌛ Validating hector.wlk","timeElapsed":250,"timestamp":"2024-10-15T00:17:51.652Z"}
{"level":"info","message":"⌛ Building environment","timeElapsed":255,"timestamp":"2024-10-15T00:17:51.907Z"}
{"level":"info","message":"⌛ Validating hector.wlk","timeElapsed":207,"timestamp":"2024-10-15T00:17:52.114Z"}
{"level":"info","message":"⌛ Validating hector.wlk","timeElapsed":217,"timestamp":"2024-10-15T00:17:52.341Z"}
{"level":"info","message":"⌛ Validating hector.wlk","timeElapsed":207,"timestamp":"2024-10-15T00:17:52.548Z"}
{"level":"info","message":"⌛ Building environment","timeElapsed":230,"timestamp":"2024-10-15T00:18:00.417Z"}
{"level":"error","message":"✘ Completions for node failed: Error: [Send]{e49367} at hector.wlk:83 exhausted all cases without a match [Send]{e49367} at hector.wlk:83 exhausted all cases without a match","stack":"Error: [Send]{e49367} at hector.wlk:83 exhausted all cases without a match\n    at /home/felipe/.vscode/extensions/uqbar.wollok-lsp-ide-0.3.6/out/server/src/server.js:38:6067\n    at yh (/home/felipe/.vscode/extensions/uqbar.wollok-lsp-ide-0.3.6/out/server/src/server.js:2291:42)\n    at kh (/home/felipe/.vscode/extensions/uqbar.wollok-lsp-ide-0.3.6/out/server/src/server.js:2291:1004)\n    at Y5n (/home/felipe/.vscode/extensions/uqbar.wollok-lsp-ide-0.3.6/out/server/src/server.js:2291:1160)\n    at /home/felipe/.vscode/extensions/uqbar.wollok-lsp-ide-0.3.6/out/server/src/server.js:38:6056\n    at yh (/home/felipe/.vscode/extensions/uqbar.wollok-lsp-ide-0.3.6/out/server/src/server.js:2291:42)\n    at /home/felipe/.vscode/extensions/uqbar.wollok-lsp-ide-0.3.6/out/server/src/server.js:2291:2700\n    at /home/felipe/.vscode/extensions/uqbar.wollok-lsp-ide-0.3.6/out/server/src/server.js:2298:3774\n    at /home/felipe/.vscode/extensions/uqbar.wollok-lsp-ide-0.3.6/out/server/src/server.js:37:74872\n    at Fe (/home/felipe/.vscode/extensions/uqbar.wollok-lsp-ide-0.3.6/out/server/src/server.js:7:8527)","timestamp":"2024-10-15T00:18:00.453Z"}
{"level":"error","message":"✘ Completions for node failed: Error: [Send]{efc801} at hector.wlk:83 exhausted all cases without a match [Send]{efc801} at hector.wlk:83 exhausted all cases without a match","stack":"Error: [Send]{efc801} at hector.wlk:83 exhausted all cases without a match\n    at /home/felipe/.vscode/extensions/uqbar.wollok-lsp-ide-0.3.6/out/server/src/server.js:38:6067\n    at yh (/home/felipe/.vscode/extensions/uqbar.wollok-lsp-ide-0.3.6/out/server/src/server.js:2291:42)\n    at kh (/home/felipe/.vscode/extensions/uqbar.wollok-lsp-ide-0.3.6/out/server/src/server.js:2291:1004)\n    at yh (/home/felipe/.vscode/extensions/uqbar.wollok-lsp-ide-0.3.6/out/server/src/server.js:2291:456)\n    at kh (/home/felipe/.vscode/extensions/uqbar.wollok-lsp-ide-0.3.6/out/server/src/server.js:2291:1004)\n    at Y5n (/home/felipe/.vscode/extensions/uqbar.wollok-lsp-ide-0.3.6/out/server/src/server.js:2291:1160)\n    at /home/felipe/.vscode/extensions/uqbar.wollok-lsp-ide-0.3.6/out/server/src/server.js:38:6056\n    at yh (/home/felipe/.vscode/extensions/uqbar.wollok-lsp-ide-0.3.6/out/server/src/server.js:2291:42)\n    at /home/felipe/.vscode/extensions/uqbar.wollok-lsp-ide-0.3.6/out/server/src/server.js:2291:2700\n    at /home/felipe/.vscode/extensions/uqbar.wollok-lsp-ide-0.3.6/out/server/src/server.js:2298:3774","timestamp":"2024-10-15T00:18:00.454Z"}
{"level":"error","message":"✘ Completions for node failed: Error: [If]{6ac167} at hector.wlk:83 exhausted all cases without a match [If]{6ac167} at hector.wlk:83 exhausted all cases without a match","stack":"Error: [If]{6ac167} at hector.wlk:83 exhausted all cases without a match\n    at /home/felipe/.vscode/extensions/uqbar.wollok-lsp-ide-0.3.6/out/server/src/server.js:38:6067\n    at yh (/home/felipe/.vscode/extensions/uqbar.wollok-lsp-ide-0.3.6/out/server/src/server.js:2291:42)\n    at kh (/home/felipe/.vscode/extensions/uqbar.wollok-lsp-ide-0.3.6/out/server/src/server.js:2291:1004)\n    at yh (/home/felipe/.vscode/extensions/uqbar.wollok-lsp-ide-0.3.6/out/server/src/server.js:2291:456)\n    at kh (/home/felipe/.vscode/extensions/uqbar.wollok-lsp-ide-0.3.6/out/server/src/server.js:2291:1004)\n    at yh (/home/felipe/.vscode/extensions/uqbar.wollok-lsp-ide-0.3.6/out/server/src/server.js:2291:456)\n    at kh (/home/felipe/.vscode/extensions/uqbar.wollok-lsp-ide-0.3.6/out/server/src/server.js:2291:1004)\n    at Y5n (/home/felipe/.vscode/extensions/uqbar.wollok-lsp-ide-0.3.6/out/server/src/server.js:2291:1160)\n    at /home/felipe/.vscode/extensions/uqbar.wollok-lsp-ide-0.3.6/out/server/src/server.js:38:6056\n    at yh (/home/felipe/.vscode/extensions/uqbar.wollok-lsp-ide-0.3.6/out/server/src/server.js:2291:42)","timestamp":"2024-10-15T00:18:00.454Z"}
{"level":"info","message":"⌛ Building environment","timeElapsed":177,"timestamp":"2024-10-15T00:18:00.639Z"}
{"level":"info","message":"⌛ Validating hector.wlk","timeElapsed":262,"timestamp":"2024-10-15T00:18:00.901Z"}
{"level":"info","message":"onRequest - completionItem/resolve","timestamp":"2024-10-15T00:18:00.902Z"}
{"level":"info","message":"⌛ Building environment","timeElapsed":238,"timestamp":"2024-10-15T00:18:01.140Z"}
{"level":"info","message":"onRequest - completionItem/resolve","timestamp":"2024-10-15T00:18:01.141Z"}
{"level":"info","message":"⌛ Validating hector.wlk","timeElapsed":214,"timestamp":"2024-10-15T00:18:01.355Z"}
{"level":"info","message":"⌛ Building environment","timeElapsed":201,"timestamp":"2024-10-15T00:18:01.556Z"}
{"level":"info","message":"onRequest - completionItem/resolve","timestamp":"2024-10-15T00:18:01.562Z"}
{"level":"info","message":"⌛ Building environment","timeElapsed":186,"timestamp":"2024-10-15T00:18:01.749Z"}
{"level":"info","message":"onRequest - completionItem/resolve","timestamp":"2024-10-15T00:18:01.749Z"}
{"level":"info","message":"⌛ Building environment","timeElapsed":178,"timestamp":"2024-10-15T00:18:01.928Z"}
{"level":"info","message":"onRequest - completionItem/resolve","timestamp":"2024-10-15T00:18:01.929Z"}
{"level":"info","message":"⌛ Building environment","timeElapsed":183,"timestamp":"2024-10-15T00:18:02.113Z"}
{"level":"info","message":"onRequest - completionItem/resolve","timestamp":"2024-10-15T00:18:02.119Z"}
{"level":"info","message":"⌛ Validating hector.wlk","timeElapsed":219,"timestamp":"2024-10-15T00:18:02.339Z"}
{"level":"info","message":"⌛ Validating hector.wlk","timeElapsed":235,"timestamp":"2024-10-15T00:18:02.581Z"}
{"level":"info","message":"⌛ Validating hector.wlk","timeElapsed":272,"timestamp":"2024-10-15T00:18:02.853Z"}
{"level":"info","message":"⌛ Validating hector.wlk","timeElapsed":214,"timestamp":"2024-10-15T00:18:03.067Z"}
{"level":"info","message":"⌛ Validating hector.wlk","timeElapsed":208,"timestamp":"2024-10-15T00:18:03.275Z"}
{"level":"info","message":"⌛ Building environment","timeElapsed":293,"timestamp":"2024-10-15T00:18:03.859Z"}
{"level":"error","message":"✘ Completions for node failed: Error: [Send]{a49c20} at hector.wlk:83 exhausted all cases without a match [Send]{a49c20} at hector.wlk:83 exhausted all cases without a match","stack":"Error: [Send]{a49c20} at hector.wlk:83 exhausted all cases without a match\n    at /home/felipe/.vscode/extensions/uqbar.wollok-lsp-ide-0.3.6/out/server/src/server.js:38:6067\n    at yh (/home/felipe/.vscode/extensions/uqbar.wollok-lsp-ide-0.3.6/out/server/src/server.js:2291:42)\n    at kh (/home/felipe/.vscode/extensions/uqbar.wollok-lsp-ide-0.3.6/out/server/src/server.js:2291:1004)\n    at Y5n (/home/felipe/.vscode/extensions/uqbar.wollok-lsp-ide-0.3.6/out/server/src/server.js:2291:1160)\n    at /home/felipe/.vscode/extensions/uqbar.wollok-lsp-ide-0.3.6/out/server/src/server.js:38:6056\n    at yh (/home/felipe/.vscode/extensions/uqbar.wollok-lsp-ide-0.3.6/out/server/src/server.js:2291:42)\n    at /home/felipe/.vscode/extensions/uqbar.wollok-lsp-ide-0.3.6/out/server/src/server.js:2291:2700\n    at /home/felipe/.vscode/extensions/uqbar.wollok-lsp-ide-0.3.6/out/server/src/server.js:2298:3774\n    at /home/felipe/.vscode/extensions/uqbar.wollok-lsp-ide-0.3.6/out/server/src/server.js:37:74872\n    at Fe (/home/felipe/.vscode/extensions/uqbar.wollok-lsp-ide-0.3.6/out/server/src/server.js:7:8527)","timestamp":"2024-10-15T00:18:03.906Z"}
{"level":"error","message":"✘ Completions for node failed: Error: [Send]{6878c1} at hector.wlk:83 exhausted all cases without a match [Send]{6878c1} at hector.wlk:83 exhausted all cases without a match","stack":"Error: [Send]{6878c1} at hector.wlk:83 exhausted all cases without a match\n    at /home/felipe/.vscode/extensions/uqbar.wollok-lsp-ide-0.3.6/out/server/src/server.js:38:6067\n    at yh (/home/felipe/.vscode/extensions/uqbar.wollok-lsp-ide-0.3.6/out/server/src/server.js:2291:42)\n    at kh (/home/felipe/.vscode/extensions/uqbar.wollok-lsp-ide-0.3.6/out/server/src/server.js:2291:1004)\n    at yh (/home/felipe/.vscode/extensions/uqbar.wollok-lsp-ide-0.3.6/out/server/src/server.js:2291:456)\n    at kh (/home/felipe/.vscode/extensions/uqbar.wollok-lsp-ide-0.3.6/out/server/src/server.js:2291:1004)\n    at Y5n (/home/felipe/.vscode/extensions/uqbar.wollok-lsp-ide-0.3.6/out/server/src/server.js:2291:1160)\n    at /home/felipe/.vscode/extensions/uqbar.wollok-lsp-ide-0.3.6/out/server/src/server.js:38:6056\n    at yh (/home/felipe/.vscode/extensions/uqbar.wollok-lsp-ide-0.3.6/out/server/src/server.js:2291:42)\n    at /home/felipe/.vscode/extensions/uqbar.wollok-lsp-ide-0.3.6/out/server/src/server.js:2291:2700\n    at /home/felipe/.vscode/extensions/uqbar.wollok-lsp-ide-0.3.6/out/server/src/server.js:2298:3774","timestamp":"2024-10-15T00:18:03.906Z"}
{"level":"error","message":"✘ Completions for node failed: Error: [If]{455129} at hector.wlk:83 exhausted all cases without a match [If]{455129} at hector.wlk:83 exhausted all cases without a match","stack":"Error: [If]{455129} at hector.wlk:83 exhausted all cases without a match\n    at /home/felipe/.vscode/extensions/uqbar.wollok-lsp-ide-0.3.6/out/server/src/server.js:38:6067\n    at yh (/home/felipe/.vscode/extensions/uqbar.wollok-lsp-ide-0.3.6/out/server/src/server.js:2291:42)\n    at kh (/home/felipe/.vscode/extensions/uqbar.wollok-lsp-ide-0.3.6/out/server/src/server.js:2291:1004)\n    at yh (/home/felipe/.vscode/extensions/uqbar.wollok-lsp-ide-0.3.6/out/server/src/server.js:2291:456)\n    at kh (/home/felipe/.vscode/extensions/uqbar.wollok-lsp-ide-0.3.6/out/server/src/server.js:2291:1004)\n    at yh (/home/felipe/.vscode/extensions/uqbar.wollok-lsp-ide-0.3.6/out/server/src/server.js:2291:456)\n    at kh (/home/felipe/.vscode/extensions/uqbar.wollok-lsp-ide-0.3.6/out/server/src/server.js:2291:1004)\n    at Y5n (/home/felipe/.vscode/extensions/uqbar.wollok-lsp-ide-0.3.6/out/server/src/server.js:2291:1160)\n    at /home/felipe/.vscode/extensions/uqbar.wollok-lsp-ide-0.3.6/out/server/src/server.js:38:6056\n    at yh (/home/felipe/.vscode/extensions/uqbar.wollok-lsp-ide-0.3.6/out/server/src/server.js:2291:42)","timestamp":"2024-10-15T00:18:03.906Z"}
{"level":"info","message":"⌛ Building environment","timeElapsed":192,"timestamp":"2024-10-15T00:18:04.103Z"}
{"level":"info","message":"⌛ Validating hector.wlk","timeElapsed":222,"timestamp":"2024-10-15T00:18:04.325Z"}
{"level":"info","message":"⌛ Building environment","timeElapsed":187,"timestamp":"2024-10-15T00:18:04.513Z"}
{"level":"info","message":"⌛ Validating hector.wlk","timeElapsed":238,"timestamp":"2024-10-15T00:18:04.753Z"}
{"level":"info","message":"⌛ Building environment","timeElapsed":172,"timestamp":"2024-10-15T00:18:04.934Z"}
{"level":"info","message":"⌛ Validating hector.wlk","timeElapsed":211,"timestamp":"2024-10-15T00:18:05.145Z"}
{"level":"info","message":"⌛ Building environment","timeElapsed":185,"timestamp":"2024-10-15T00:18:05.332Z"}
{"level":"info","message":"⌛ Building environment","timeElapsed":354,"timestamp":"2024-10-15T00:18:05.689Z"}
{"level":"info","message":"⌛ Validating hector.wlk","timeElapsed":276,"timestamp":"2024-10-15T00:18:05.981Z"}
{"level":"info","message":"⌛ Building environment","timeElapsed":201,"timestamp":"2024-10-15T00:18:06.190Z"}
{"level":"error","message":"✘ Completions for node failed: Error: [Send]{fca898} at hector.wlk:83 exhausted all cases without a match [Send]{fca898} at hector.wlk:83 exhausted all cases without a match","stack":"Error: [Send]{fca898} at hector.wlk:83 exhausted all cases without a match\n    at /home/felipe/.vscode/extensions/uqbar.wollok-lsp-ide-0.3.6/out/server/src/server.js:38:6067\n    at yh (/home/felipe/.vscode/extensions/uqbar.wollok-lsp-ide-0.3.6/out/server/src/server.js:2291:42)\n    at kh (/home/felipe/.vscode/extensions/uqbar.wollok-lsp-ide-0.3.6/out/server/src/server.js:2291:1004)\n    at Y5n (/home/felipe/.vscode/extensions/uqbar.wollok-lsp-ide-0.3.6/out/server/src/server.js:2291:1160)\n    at /home/felipe/.vscode/extensions/uqbar.wollok-lsp-ide-0.3.6/out/server/src/server.js:38:6056\n    at yh (/home/felipe/.vscode/extensions/uqbar.wollok-lsp-ide-0.3.6/out/server/src/server.js:2291:42)\n    at /home/felipe/.vscode/extensions/uqbar.wollok-lsp-ide-0.3.6/out/server/src/server.js:2291:2700\n    at /home/felipe/.vscode/extensions/uqbar.wollok-lsp-ide-0.3.6/out/server/src/server.js:2298:3774\n    at /home/felipe/.vscode/extensions/uqbar.wollok-lsp-ide-0.3.6/out/server/src/server.js:37:74872\n    at Fe (/home/felipe/.vscode/extensions/uqbar.wollok-lsp-ide-0.3.6/out/server/src/server.js:7:8527)","timestamp":"2024-10-15T00:18:06.233Z"}
{"level":"error","message":"✘ Completions for node failed: Error: [Send]{47a362} at hector.wlk:83 exhausted all cases without a match [Send]{47a362} at hector.wlk:83 exhausted all cases without a match","stack":"Error: [Send]{47a362} at hector.wlk:83 exhausted all cases without a match\n    at /home/felipe/.vscode/extensions/uqbar.wollok-lsp-ide-0.3.6/out/server/src/server.js:38:6067\n    at yh (/home/felipe/.vscode/extensions/uqbar.wollok-lsp-ide-0.3.6/out/server/src/server.js:2291:42)\n    at kh (/home/felipe/.vscode/extensions/uqbar.wollok-lsp-ide-0.3.6/out/server/src/server.js:2291:1004)\n    at yh (/home/felipe/.vscode/extensions/uqbar.wollok-lsp-ide-0.3.6/out/server/src/server.js:2291:456)\n    at kh (/home/felipe/.vscode/extensions/uqbar.wollok-lsp-ide-0.3.6/out/server/src/server.js:2291:1004)\n    at Y5n (/home/felipe/.vscode/extensions/uqbar.wollok-lsp-ide-0.3.6/out/server/src/server.js:2291:1160)\n    at /home/felipe/.vscode/extensions/uqbar.wollok-lsp-ide-0.3.6/out/server/src/server.js:38:6056\n    at yh (/home/felipe/.vscode/extensions/uqbar.wollok-lsp-ide-0.3.6/out/server/src/server.js:2291:42)\n    at /home/felipe/.vscode/extensions/uqbar.wollok-lsp-ide-0.3.6/out/server/src/server.js:2291:2700\n    at /home/felipe/.vscode/extensions/uqbar.wollok-lsp-ide-0.3.6/out/server/src/server.js:2298:3774","timestamp":"2024-10-15T00:18:06.233Z"}
{"level":"error","message":"✘ Completions for node failed: Error: [If]{43be85} at hector.wlk:83 exhausted all cases without a match [If]{43be85} at hector.wlk:83 exhausted all cases without a match","stack":"Error: [If]{43be85} at hector.wlk:83 exhausted all cases without a match\n    at /home/felipe/.vscode/extensions/uqbar.wollok-lsp-ide-0.3.6/out/server/src/server.js:38:6067\n    at yh (/home/felipe/.vscode/extensions/uqbar.wollok-lsp-ide-0.3.6/out/server/src/server.js:2291:42)\n    at kh (/home/felipe/.vscode/extensions/uqbar.wollok-lsp-ide-0.3.6/out/server/src/server.js:2291:1004)\n    at yh (/home/felipe/.vscode/extensions/uqbar.wollok-lsp-ide-0.3.6/out/server/src/server.js:2291:456)\n    at kh (/home/felipe/.vscode/extensions/uqbar.wollok-lsp-ide-0.3.6/out/server/src/server.js:2291:1004)\n    at yh (/home/felipe/.vscode/extensions/uqbar.wollok-lsp-ide-0.3.6/out/server/src/server.js:2291:456)\n    at kh (/home/felipe/.vscode/extensions/uqbar.wollok-lsp-ide-0.3.6/out/server/src/server.js:2291:1004)\n    at Y5n (/home/felipe/.vscode/extensions/uqbar.wollok-lsp-ide-0.3.6/out/server/src/server.js:2291:1160)\n    at /home/felipe/.vscode/extensions/uqbar.wollok-lsp-ide-0.3.6/out/server/src/server.js:38:6056\n    at yh (/home/felipe/.vscode/extensions/uqbar.wollok-lsp-ide-0.3.6/out/server/src/server.js:2291:42)","timestamp":"2024-10-15T00:18:06.234Z"}
{"level":"info","message":"⌛ Building environment","timeElapsed":212,"timestamp":"2024-10-15T00:18:06.451Z"}
{"level":"info","message":"⌛ Validating hector.wlk","timeElapsed":219,"timestamp":"2024-10-15T00:18:06.670Z"}
{"level":"info","message":"⌛ Building environment","timeElapsed":186,"timestamp":"2024-10-15T00:18:06.857Z"}
{"level":"info","message":"⌛ Building environment","timeElapsed":168,"timestamp":"2024-10-15T00:18:07.026Z"}
{"level":"info","message":"⌛ Validating hector.wlk","timeElapsed":229,"timestamp":"2024-10-15T00:18:07.255Z"}
{"level":"info","message":"⌛ Building environment","timeElapsed":182,"timestamp":"2024-10-15T00:18:07.438Z"}
{"level":"info","message":"⌛ Building environment","timeElapsed":172,"timestamp":"2024-10-15T00:18:07.612Z"}
{"level":"info","message":"⌛ Building environment","timeElapsed":194,"timestamp":"2024-10-15T00:18:07.807Z"}
{"level":"info","message":"⌛ Validating hector.wlk","timeElapsed":377,"timestamp":"2024-10-15T00:18:08.184Z"}
{"level":"info","message":"⌛ Building environment","timeElapsed":247,"timestamp":"2024-10-15T00:18:08.433Z"}
{"level":"info","message":"onRequest - completionItem/resolve","timestamp":"2024-10-15T00:18:08.433Z"}
{"level":"info","message":"⌛ Validating hector.wlk","timeElapsed":220,"timestamp":"2024-10-15T00:18:08.653Z"}
{"level":"info","message":"⌛ Validating hector.wlk","timeElapsed":228,"timestamp":"2024-10-15T00:18:08.889Z"}
{"level":"info","message":"⌛ Validating hector.wlk","timeElapsed":227,"timestamp":"2024-10-15T00:18:09.117Z"}
{"level":"info","message":"⌛ Validating hector.wlk","timeElapsed":217,"timestamp":"2024-10-15T00:18:09.334Z"}
{"level":"info","message":"⌛ Validating hector.wlk","timeElapsed":218,"timestamp":"2024-10-15T00:18:09.552Z"}
{"level":"info","message":"⌛ Validating hector.wlk","timeElapsed":219,"timestamp":"2024-10-15T00:18:09.772Z"}
{"level":"info","message":"⌛ Validating hector.wlk","timeElapsed":217,"timestamp":"2024-10-15T00:18:09.989Z"}
{"level":"info","message":"⌛ Building environment","timeElapsed":237,"timestamp":"2024-10-15T00:18:15.009Z"}
{"level":"info","message":"⌛ Validating hector.wlk","timeElapsed":203,"timestamp":"2024-10-15T00:18:15.213Z"}
{"level":"info","message":"⌛ Building environment","timeElapsed":188,"timestamp":"2024-10-15T00:18:27.196Z"}
{"level":"info","message":"⌛ Validating objetos.wlk","timeElapsed":220,"timestamp":"2024-10-15T00:18:27.419Z"}
{"level":"info","message":"⌛ Building environment","timeElapsed":183,"timestamp":"2024-10-15T00:18:28.497Z"}
{"level":"info","message":"⌛ Validating objetos.wlk","timeElapsed":276,"timestamp":"2024-10-15T00:18:28.774Z"}
{"level":"info","message":"⌛ Building environment","timeElapsed":185,"timestamp":"2024-10-15T00:18:28.967Z"}
{"level":"info","message":"⌛ Building environment","timeElapsed":197,"timestamp":"2024-10-15T00:18:29.207Z"}
{"level":"info","message":"⌛ Validating objetos.wlk","timeElapsed":210,"timestamp":"2024-10-15T00:18:29.417Z"}
{"level":"info","message":"⌛ Building environment","timeElapsed":186,"timestamp":"2024-10-15T00:18:29.603Z"}
{"level":"info","message":"onRequest - completionItem/resolve","timestamp":"2024-10-15T00:18:29.608Z"}
{"level":"info","message":"⌛ Building environment","timeElapsed":171,"timestamp":"2024-10-15T00:18:29.780Z"}
{"level":"info","message":"onRequest - completionItem/resolve","timestamp":"2024-10-15T00:18:29.781Z"}
{"level":"info","message":"⌛ Validating objetos.wlk","timeElapsed":223,"timestamp":"2024-10-15T00:18:30.004Z"}
{"level":"info","message":"⌛ Validating objetos.wlk","timeElapsed":263,"timestamp":"2024-10-15T00:18:30.281Z"}
{"level":"info","message":"⌛ Validating objetos.wlk","timeElapsed":244,"timestamp":"2024-10-15T00:18:30.525Z"}
{"level":"info","message":"⌛ Building environment","timeElapsed":185,"timestamp":"2024-10-15T00:18:30.710Z"}
{"level":"info","message":"onRequest - completionItem/resolve","timestamp":"2024-10-15T00:18:30.711Z"}
{"level":"error","message":"✘ Failed to rebuild document Failed to parse objetos.wlk: \n-- PARSING FAILED --------------------------------------------------\n\n  34 | \n  35 | \tmethod\n> 36 | }\n     | ^\n  37 | \n  38 | \n\nExpected one of the following: \n\n'!=', '!==', '%', '&&', '*', '**', '+', '-', '->', '..', '..<', '/', '<', '<<', '<<<', '<=', '<=>', '<>', '==', '===', '>', '>..', '>=', '>>', '>>>', '?:', '@', 'and', 'class', 'const', 'describe', 'invert', 'mixin', 'negate', 'object', 'only', 'or', 'package', 'plus', 'program', 'test', 'var', '{', '||', EOF, comment, identifier, not \"}\n\n\n\", whitespace\n","stack":"Error: Failed to parse objetos.wlk: \n-- PARSING FAILED --------------------------------------------------\n\n  34 | \n  35 | \tmethod\n> 36 | }\n     | ^\n  37 | \n  38 | \n\nExpected one of the following: \n\n'!=', '!==', '%', '&&', '*', '**', '+', '-', '->', '..', '..<', '/', '<', '<<', '<<<', '<=', '<=>', '<>', '==', '===', '>', '>..', '>=', '>>', '>>>', '?:', '@', 'and', 'class', 'const', 'describe', 'invert', 'mixin', 'negate', 'object', 'only', 'or', 'package', 'plus', 'program', 'test', 'var', '{', '||', EOF, comment, identifier, not \"}\n\n\n\", whitespace\n\n    at /home/felipe/.vscode/extensions/uqbar.wollok-lsp-ide-0.3.6/out/server/src/server.js:2254:32415\n    at Array.map (<anonymous>)\n    at Jfn (/home/felipe/.vscode/extensions/uqbar.wollok-lsp-ide-0.3.6/out/server/src/server.js:2254:32339)\n    at k2.buildEnvironmentFrom (/home/felipe/.vscode/extensions/uqbar.wollok-lsp-ide-0.3.6/out/server/src/server.js:2285:6721)\n    at k2.updateEnvironmentWith (/home/felipe/.vscode/extensions/uqbar.wollok-lsp-ide-0.3.6/out/server/src/server.js:2285:6456)\n    at jL (/home/felipe/.vscode/extensions/uqbar.wollok-lsp-ide-0.3.6/out/server/src/server.js:2298:2292)\n    at v3.invoke (/home/felipe/.vscode/extensions/uqbar.wollok-lsp-ide-0.3.6/out/server/src/server.js:3:157200)\n    at o.fire (/home/felipe/.vscode/extensions/uqbar.wollok-lsp-ide-0.3.6/out/server/src/server.js:3:157970)\n    at /home/felipe/.vscode/extensions/uqbar.wollok-lsp-ide-0.3.6/out/server/src/server.js:37:57871\n    at Vr (/home/felipe/.vscode/extensions/uqbar.wollok-lsp-ide-0.3.6/out/server/src/server.js:8:1561)","timestamp":"2024-10-15T00:18:30.793Z"}
{"level":"info","message":"onRequest - completionItem/resolve","timestamp":"2024-10-15T00:18:30.794Z"}
{"level":"error","message":"✘ Failed to rebuild document Failed to parse objetos.wlk: \n-- PARSING FAILED --------------------------------------------------\n\n  34 | \n  35 | \tmethod \n> 36 | }\n     | ^\n  37 | \n  38 | \n\nExpected one of the following: \n\n'!=', '!==', '%', '&&', '*', '**', '+', '-', '->', '..', '..<', '/', '<', '<<', '<<<', '<=', '<=>', '<>', '==', '===', '>', '>..', '>=', '>>', '>>>', '?:', '@', 'and', 'class', 'const', 'describe', 'invert', 'mixin', 'negate', 'object', 'only', 'or', 'package', 'plus', 'program', 'test', 'var', '{', '||', EOF, comment, identifier, not \"}\n\n\n\", whitespace\n","stack":"Error: Failed to parse objetos.wlk: \n-- PARSING FAILED --------------------------------------------------\n\n  34 | \n  35 | \tmethod \n> 36 | }\n     | ^\n  37 | \n  38 | \n\nExpected one of the following: \n\n'!=', '!==', '%', '&&', '*', '**', '+', '-', '->', '..', '..<', '/', '<', '<<', '<<<', '<=', '<=>', '<>', '==', '===', '>', '>..', '>=', '>>', '>>>', '?:', '@', 'and', 'class', 'const', 'describe', 'invert', 'mixin', 'negate', 'object', 'only', 'or', 'package', 'plus', 'program', 'test', 'var', '{', '||', EOF, comment, identifier, not \"}\n\n\n\", whitespace\n\n    at /home/felipe/.vscode/extensions/uqbar.wollok-lsp-ide-0.3.6/out/server/src/server.js:2254:32415\n    at Array.map (<anonymous>)\n    at Jfn (/home/felipe/.vscode/extensions/uqbar.wollok-lsp-ide-0.3.6/out/server/src/server.js:2254:32339)\n    at k2.buildEnvironmentFrom (/home/felipe/.vscode/extensions/uqbar.wollok-lsp-ide-0.3.6/out/server/src/server.js:2285:6721)\n    at k2.updateEnvironmentWith (/home/felipe/.vscode/extensions/uqbar.wollok-lsp-ide-0.3.6/out/server/src/server.js:2285:6456)\n    at jL (/home/felipe/.vscode/extensions/uqbar.wollok-lsp-ide-0.3.6/out/server/src/server.js:2298:2292)\n    at v3.invoke (/home/felipe/.vscode/extensions/uqbar.wollok-lsp-ide-0.3.6/out/server/src/server.js:3:157200)\n    at o.fire (/home/felipe/.vscode/extensions/uqbar.wollok-lsp-ide-0.3.6/out/server/src/server.js:3:157970)\n    at /home/felipe/.vscode/extensions/uqbar.wollok-lsp-ide-0.3.6/out/server/src/server.js:37:57871\n    at Vr (/home/felipe/.vscode/extensions/uqbar.wollok-lsp-ide-0.3.6/out/server/src/server.js:8:1561)","timestamp":"2024-10-15T00:18:30.829Z"}
{"level":"info","message":"onRequest - completionItem/resolve","timestamp":"2024-10-15T00:18:30.829Z"}
{"level":"info","message":"⌛ Validating objetos.wlk","timeElapsed":218,"timestamp":"2024-10-15T00:18:31.060Z"}
{"level":"info","message":"⌛ Building environment","timeElapsed":191,"timestamp":"2024-10-15T00:18:31.252Z"}
{"level":"info","message":"⌛ Building environment","timeElapsed":169,"timestamp":"2024-10-15T00:18:31.423Z"}
{"level":"info","message":"⌛ Building environment","timeElapsed":277,"timestamp":"2024-10-15T00:18:31.745Z"}
{"level":"info","message":"⌛ Validating objetos.wlk","timeElapsed":222,"timestamp":"2024-10-15T00:18:31.968Z"}
{"level":"info","message":"⌛ Validating objetos.wlk","timeElapsed":283,"timestamp":"2024-10-15T00:18:32.253Z"}
{"level":"info","message":"⌛ Building environment","timeElapsed":218,"timestamp":"2024-10-15T00:18:32.481Z"}
{"level":"info","message":"⌛ Validating objetos.wlk","timeElapsed":220,"timestamp":"2024-10-15T00:18:32.750Z"}
{"level":"info","message":"⌛ Building environment","timeElapsed":197,"timestamp":"2024-10-15T00:18:32.949Z"}
{"level":"info","message":"⌛ Building environment","timeElapsed":287,"timestamp":"2024-10-15T00:18:33.237Z"}
{"level":"info","message":"⌛ Validating objetos.wlk","timeElapsed":207,"timestamp":"2024-10-15T00:18:33.445Z"}
{"level":"info","message":"⌛ Building environment","timeElapsed":194,"timestamp":"2024-10-15T00:18:33.640Z"}
{"level":"info","message":"⌛ Building environment","timeElapsed":172,"timestamp":"2024-10-15T00:18:33.857Z"}
{"level":"info","message":"⌛ Building environment","timeElapsed":171,"timestamp":"2024-10-15T00:18:34.029Z"}
{"level":"info","message":"⌛ Validating objetos.wlk","timeElapsed":224,"timestamp":"2024-10-15T00:18:34.254Z"}
{"level":"info","message":"⌛ Building environment","timeElapsed":178,"timestamp":"2024-10-15T00:18:34.433Z"}
{"level":"info","message":"⌛ Validating objetos.wlk","timeElapsed":207,"timestamp":"2024-10-15T00:18:34.641Z"}
{"level":"info","message":"⌛ Validating objetos.wlk","timeElapsed":219,"timestamp":"2024-10-15T00:18:34.869Z"}
{"level":"info","message":"⌛ Building environment","timeElapsed":171,"timestamp":"2024-10-15T00:18:35.040Z"}
{"level":"info","message":"⌛ Validating objetos.wlk","timeElapsed":207,"timestamp":"2024-10-15T00:18:35.302Z"}
{"level":"info","message":"⌛ Validating objetos.wlk","timeElapsed":204,"timestamp":"2024-10-15T00:18:35.507Z"}
{"level":"info","message":"⌛ Building environment","timeElapsed":225,"timestamp":"2024-10-15T00:18:35.733Z"}
{"level":"info","message":"⌛ Validating objetos.wlk","timeElapsed":213,"timestamp":"2024-10-15T00:18:35.947Z"}
{"level":"info","message":"⌛ Building environment","timeElapsed":184,"timestamp":"2024-10-15T00:18:36.144Z"}
{"level":"info","message":"⌛ Validating objetos.wlk","timeElapsed":206,"timestamp":"2024-10-15T00:18:36.350Z"}
{"level":"info","message":"⌛ Building environment","timeElapsed":172,"timestamp":"2024-10-15T00:18:36.522Z"}
{"level":"info","message":"⌛ Validating objetos.wlk","timeElapsed":214,"timestamp":"2024-10-15T00:18:36.752Z"}
{"level":"info","message":"⌛ Building environment","timeElapsed":173,"timestamp":"2024-10-15T00:18:36.926Z"}
{"level":"error","message":"✘ Completions for node failed: Error: [Parameter]{36a3a4} at objetos.wlk:35 exhausted all cases without a match [Parameter]{36a3a4} at objetos.wlk:35 exhausted all cases without a match","stack":"Error: [Parameter]{36a3a4} at objetos.wlk:35 exhausted all cases without a match\n    at /home/felipe/.vscode/extensions/uqbar.wollok-lsp-ide-0.3.6/out/server/src/server.js:38:6067\n    at yh (/home/felipe/.vscode/extensions/uqbar.wollok-lsp-ide-0.3.6/out/server/src/server.js:2291:42)\n    at /home/felipe/.vscode/extensions/uqbar.wollok-lsp-ide-0.3.6/out/server/src/server.js:2291:2700\n    at /home/felipe/.vscode/extensions/uqbar.wollok-lsp-ide-0.3.6/out/server/src/server.js:2298:3774\n    at /home/felipe/.vscode/extensions/uqbar.wollok-lsp-ide-0.3.6/out/server/src/server.js:37:74872\n    at Fe (/home/felipe/.vscode/extensions/uqbar.wollok-lsp-ide-0.3.6/out/server/src/server.js:7:8527)\n    at Pt (/home/felipe/.vscode/extensions/uqbar.wollok-lsp-ide-0.3.6/out/server/src/server.js:7:6189)\n    at Gi (/home/felipe/.vscode/extensions/uqbar.wollok-lsp-ide-0.3.6/out/server/src/server.js:7:6378)\n    at Immediate._onImmediate (/home/felipe/.vscode/extensions/uqbar.wollok-lsp-ide-0.3.6/out/server/src/server.js:7:6142)\n    at process.processImmediate (node:internal/timers:483:21)","timestamp":"2024-10-15T00:18:36.965Z"}
{"level":"info","message":"⌛ Building environment","timeElapsed":212,"timestamp":"2024-10-15T00:18:37.182Z"}
{"level":"info","message":"⌛ Building environment","timeElapsed":164,"timestamp":"2024-10-15T00:18:37.346Z"}
{"level":"info","message":"⌛ Validating objetos.wlk","timeElapsed":210,"timestamp":"2024-10-15T00:18:37.562Z"}
{"level":"info","message":"⌛ Building environment","timeElapsed":186,"timestamp":"2024-10-15T00:18:37.758Z"}
{"level":"info","message":"⌛ Validating objetos.wlk","timeElapsed":226,"timestamp":"2024-10-15T00:18:37.991Z"}
{"level":"info","message":"⌛ Building environment","timeElapsed":252,"timestamp":"2024-10-15T00:18:38.243Z"}
{"level":"info","message":"⌛ Validating objetos.wlk","timeElapsed":198,"timestamp":"2024-10-15T00:18:38.441Z"}
{"level":"info","message":"onRequest - completionItem/resolve","timestamp":"2024-10-15T00:18:38.442Z"}
{"level":"info","message":"⌛ Building environment","timeElapsed":185,"timestamp":"2024-10-15T00:18:38.627Z"}
{"level":"error","message":"✘ Completions for node failed: Error: [Parameter]{fbad88} at objetos.wlk:35 exhausted all cases without a match [Parameter]{fbad88} at objetos.wlk:35 exhausted all cases without a match","stack":"Error: [Parameter]{fbad88} at objetos.wlk:35 exhausted all cases without a match\n    at /home/felipe/.vscode/extensions/uqbar.wollok-lsp-ide-0.3.6/out/server/src/server.js:38:6067\n    at yh (/home/felipe/.vscode/extensions/uqbar.wollok-lsp-ide-0.3.6/out/server/src/server.js:2291:42)\n    at /home/felipe/.vscode/extensions/uqbar.wollok-lsp-ide-0.3.6/out/server/src/server.js:2291:2700\n    at /home/felipe/.vscode/extensions/uqbar.wollok-lsp-ide-0.3.6/out/server/src/server.js:2298:3774\n    at /home/felipe/.vscode/extensions/uqbar.wollok-lsp-ide-0.3.6/out/server/src/server.js:37:74872\n    at Fe (/home/felipe/.vscode/extensions/uqbar.wollok-lsp-ide-0.3.6/out/server/src/server.js:7:8527)\n    at Pt (/home/felipe/.vscode/extensions/uqbar.wollok-lsp-ide-0.3.6/out/server/src/server.js:7:6189)\n    at Gi (/home/felipe/.vscode/extensions/uqbar.wollok-lsp-ide-0.3.6/out/server/src/server.js:7:6378)\n    at Immediate._onImmediate (/home/felipe/.vscode/extensions/uqbar.wollok-lsp-ide-0.3.6/out/server/src/server.js:7:6142)\n    at process.processImmediate (node:internal/timers:483:21)","timestamp":"2024-10-15T00:18:38.662Z"}
{"level":"info","message":"⌛ Building environment","timeElapsed":181,"timestamp":"2024-10-15T00:18:38.852Z"}
{"level":"info","message":"⌛ Validating objetos.wlk","timeElapsed":220,"timestamp":"2024-10-15T00:18:39.073Z"}
{"level":"info","message":"⌛ Building environment","timeElapsed":201,"timestamp":"2024-10-15T00:18:39.274Z"}
{"level":"info","message":"⌛ Validating objetos.wlk","timeElapsed":206,"timestamp":"2024-10-15T00:18:39.481Z"}
{"level":"info","message":"⌛ Building environment","timeElapsed":171,"timestamp":"2024-10-15T00:18:39.652Z"}
{"level":"info","message":"⌛ Building environment","timeElapsed":206,"timestamp":"2024-10-15T00:18:39.859Z"}
{"level":"info","message":"⌛ Building environment","timeElapsed":240,"timestamp":"2024-10-15T00:18:40.100Z"}
{"level":"info","message":"⌛ Validating objetos.wlk","timeElapsed":242,"timestamp":"2024-10-15T00:18:40.343Z"}
{"level":"info","message":"⌛ Building environment","timeElapsed":497,"timestamp":"2024-10-15T00:18:40.845Z"}
{"level":"info","message":"⌛ Validating objetos.wlk","timeElapsed":244,"timestamp":"2024-10-15T00:18:41.090Z"}
{"level":"info","message":"⌛ Validating objetos.wlk","timeElapsed":207,"timestamp":"2024-10-15T00:18:41.310Z"}
{"level":"info","message":"⌛ Building environment","timeElapsed":174,"timestamp":"2024-10-15T00:18:41.485Z"}
{"level":"info","message":"⌛ Validating objetos.wlk","timeElapsed":214,"timestamp":"2024-10-15T00:18:41.700Z"}
{"level":"info","message":"⌛ Building environment","timeElapsed":168,"timestamp":"2024-10-15T00:18:41.871Z"}
{"level":"info","message":"⌛ Building environment","timeElapsed":165,"timestamp":"2024-10-15T00:18:42.036Z"}
{"level":"info","message":"⌛ Validating objetos.wlk","timeElapsed":206,"timestamp":"2024-10-15T00:18:42.243Z"}
{"level":"info","message":"⌛ Validating objetos.wlk","timeElapsed":206,"timestamp":"2024-10-15T00:18:42.458Z"}
{"level":"info","message":"⌛ Validating objetos.wlk","timeElapsed":207,"timestamp":"2024-10-15T00:18:42.666Z"}
{"level":"info","message":"⌛ Validating objetos.wlk","timeElapsed":198,"timestamp":"2024-10-15T00:18:42.865Z"}
{"level":"info","message":"⌛ Validating objetos.wlk","timeElapsed":201,"timestamp":"2024-10-15T00:18:43.066Z"}
{"level":"info","message":"⌛ Validating objetos.wlk","timeElapsed":209,"timestamp":"2024-10-15T00:18:43.275Z"}
{"level":"info","message":"⌛ Validating objetos.wlk","timeElapsed":206,"timestamp":"2024-10-15T00:18:43.481Z"}
{"level":"info","message":"⌛ Validating objetos.wlk","timeElapsed":221,"timestamp":"2024-10-15T00:18:43.702Z"}
{"level":"info","message":"⌛ Building environment","timeElapsed":192,"timestamp":"2024-10-15T00:18:47.598Z"}
{"level":"info","message":"⌛ Building environment","timeElapsed":185,"timestamp":"2024-10-15T00:18:47.830Z"}
{"level":"info","message":"⌛ Validating objetos.wlk","timeElapsed":247,"timestamp":"2024-10-15T00:18:48.082Z"}
{"level":"info","message":"onRequest - completionItem/resolve","timestamp":"2024-10-15T00:18:48.083Z"}
{"level":"info","message":"⌛ Building environment","timeElapsed":185,"timestamp":"2024-10-15T00:18:48.269Z"}
{"level":"info","message":"onRequest - completionItem/resolve","timestamp":"2024-10-15T00:18:48.269Z"}
{"level":"info","message":"⌛ Validating objetos.wlk","timeElapsed":207,"timestamp":"2024-10-15T00:18:48.476Z"}
{"level":"info","message":"⌛ Building environment","timeElapsed":180,"timestamp":"2024-10-15T00:18:48.658Z"}
{"level":"info","message":"onRequest - completionItem/resolve","timestamp":"2024-10-15T00:18:48.659Z"}
{"level":"info","message":"⌛ Building environment","timeElapsed":289,"timestamp":"2024-10-15T00:18:48.949Z"}
{"level":"info","message":"onRequest - completionItem/resolve","timestamp":"2024-10-15T00:18:48.950Z"}
{"level":"info","message":"⌛ Validating objetos.wlk","timeElapsed":222,"timestamp":"2024-10-15T00:18:49.172Z"}
{"level":"info","message":"⌛ Validating objetos.wlk","timeElapsed":238,"timestamp":"2024-10-15T00:18:49.418Z"}
{"level":"info","message":"onRequest - completionItem/resolve","timestamp":"2024-10-15T00:18:49.419Z"}
{"level":"info","message":"⌛ Building environment","timeElapsed":186,"timestamp":"2024-10-15T00:18:49.605Z"}
{"level":"info","message":"⌛ Validating objetos.wlk","timeElapsed":200,"timestamp":"2024-10-15T00:18:49.806Z"}
{"level":"info","message":"⌛ Building environment","timeElapsed":176,"timestamp":"2024-10-15T00:18:49.993Z"}
{"level":"info","message":"⌛ Validating objetos.wlk","timeElapsed":221,"timestamp":"2024-10-15T00:18:50.262Z"}
{"level":"info","message":"⌛ Validating objetos.wlk","timeElapsed":245,"timestamp":"2024-10-15T00:18:50.508Z"}
{"level":"info","message":"onRequest - completionItem/resolve","timestamp":"2024-10-15T00:18:50.509Z"}
{"level":"info","message":"⌛ Building environment","timeElapsed":211,"timestamp":"2024-10-15T00:18:50.720Z"}
{"level":"info","message":"onRequest - completionItem/resolve","timestamp":"2024-10-15T00:18:50.721Z"}
{"level":"info","message":"⌛ Building environment","timeElapsed":236,"timestamp":"2024-10-15T00:18:50.957Z"}
{"level":"info","message":"onRequest - completionItem/resolve","timestamp":"2024-10-15T00:18:50.958Z"}
{"level":"info","message":"⌛ Building environment","timeElapsed":182,"timestamp":"2024-10-15T00:18:51.141Z"}
{"level":"info","message":"onRequest - completionItem/resolve","timestamp":"2024-10-15T00:18:51.141Z"}
{"level":"info","message":"⌛ Validating objetos.wlk","timeElapsed":221,"timestamp":"2024-10-15T00:18:51.364Z"}
{"level":"info","message":"⌛ Validating objetos.wlk","timeElapsed":219,"timestamp":"2024-10-15T00:18:51.591Z"}
{"level":"info","message":"⌛ Building environment","timeElapsed":194,"timestamp":"2024-10-15T00:18:51.785Z"}
{"level":"info","message":"⌛ Validating objetos.wlk","timeElapsed":242,"timestamp":"2024-10-15T00:18:52.028Z"}
{"level":"info","message":"⌛ Validating objetos.wlk","timeElapsed":225,"timestamp":"2024-10-15T00:18:52.260Z"}
{"level":"info","message":"⌛ Building environment","timeElapsed":184,"timestamp":"2024-10-15T00:18:52.445Z"}
{"level":"info","message":"⌛ Validating objetos.wlk","timeElapsed":205,"timestamp":"2024-10-15T00:18:52.659Z"}
{"level":"info","message":"⌛ Building environment","timeElapsed":204,"timestamp":"2024-10-15T00:18:53.287Z"}
{"level":"error","message":"✘ Completions for node failed: Error: [Return]{c2a2a9} at objetos.wlk:-- exhausted all cases without a match [Return]{c2a2a9} at objetos.wlk:-- exhausted all cases without a match","stack":"Error: [Return]{c2a2a9} at objetos.wlk:-- exhausted all cases without a match\n    at /home/felipe/.vscode/extensions/uqbar.wollok-lsp-ide-0.3.6/out/server/src/server.js:38:6067\n    at yh (/home/felipe/.vscode/extensions/uqbar.wollok-lsp-ide-0.3.6/out/server/src/server.js:2291:42)\n    at kh (/home/felipe/.vscode/extensions/uqbar.wollok-lsp-ide-0.3.6/out/server/src/server.js:2291:1004)\n    at Y5n (/home/felipe/.vscode/extensions/uqbar.wollok-lsp-ide-0.3.6/out/server/src/server.js:2291:1160)\n    at /home/felipe/.vscode/extensions/uqbar.wollok-lsp-ide-0.3.6/out/server/src/server.js:38:6056\n    at yh (/home/felipe/.vscode/extensions/uqbar.wollok-lsp-ide-0.3.6/out/server/src/server.js:2291:42)\n    at /home/felipe/.vscode/extensions/uqbar.wollok-lsp-ide-0.3.6/out/server/src/server.js:2291:2700\n    at /home/felipe/.vscode/extensions/uqbar.wollok-lsp-ide-0.3.6/out/server/src/server.js:2298:3774\n    at /home/felipe/.vscode/extensions/uqbar.wollok-lsp-ide-0.3.6/out/server/src/server.js:37:74872\n    at Fe (/home/felipe/.vscode/extensions/uqbar.wollok-lsp-ide-0.3.6/out/server/src/server.js:7:8527)","timestamp":"2024-10-15T00:18:53.339Z"}
{"level":"info","message":"⌛ Building environment","timeElapsed":218,"timestamp":"2024-10-15T00:18:53.564Z"}
{"level":"info","message":"⌛ Validating objetos.wlk","timeElapsed":234,"timestamp":"2024-10-15T00:18:53.798Z"}
{"level":"info","message":"⌛ Building environment","timeElapsed":191,"timestamp":"2024-10-15T00:18:53.990Z"}
{"level":"info","message":"onRequest - completionItem/resolve","timestamp":"2024-10-15T00:18:53.991Z"}
{"level":"info","message":"⌛ Building environment","timeElapsed":173,"timestamp":"2024-10-15T00:18:54.164Z"}
{"level":"error","message":"✘ Completions for node failed: Error: [Return]{1643d1} at objetos.wlk:-- exhausted all cases without a match [Return]{1643d1} at objetos.wlk:-- exhausted all cases without a match","stack":"Error: [Return]{1643d1} at objetos.wlk:-- exhausted all cases without a match\n    at /home/felipe/.vscode/extensions/uqbar.wollok-lsp-ide-0.3.6/out/server/src/server.js:38:6067\n    at yh (/home/felipe/.vscode/extensions/uqbar.wollok-lsp-ide-0.3.6/out/server/src/server.js:2291:42)\n    at kh (/home/felipe/.vscode/extensions/uqbar.wollok-lsp-ide-0.3.6/out/server/src/server.js:2291:1004)\n    at Y5n (/home/felipe/.vscode/extensions/uqbar.wollok-lsp-ide-0.3.6/out/server/src/server.js:2291:1160)\n    at /home/felipe/.vscode/extensions/uqbar.wollok-lsp-ide-0.3.6/out/server/src/server.js:38:6056\n    at yh (/home/felipe/.vscode/extensions/uqbar.wollok-lsp-ide-0.3.6/out/server/src/server.js:2291:42)\n    at /home/felipe/.vscode/extensions/uqbar.wollok-lsp-ide-0.3.6/out/server/src/server.js:2291:2700\n    at /home/felipe/.vscode/extensions/uqbar.wollok-lsp-ide-0.3.6/out/server/src/server.js:2298:3774\n    at /home/felipe/.vscode/extensions/uqbar.wollok-lsp-ide-0.3.6/out/server/src/server.js:37:74872\n    at Fe (/home/felipe/.vscode/extensions/uqbar.wollok-lsp-ide-0.3.6/out/server/src/server.js:7:8527)","timestamp":"2024-10-15T00:18:54.209Z"}
{"level":"info","message":"⌛ Validating objetos.wlk","timeElapsed":210,"timestamp":"2024-10-15T00:18:54.423Z"}
{"level":"info","message":"⌛ Validating objetos.wlk","timeElapsed":215,"timestamp":"2024-10-15T00:18:54.639Z"}
{"level":"info","message":"⌛ Validating objetos.wlk","timeElapsed":225,"timestamp":"2024-10-15T00:18:54.864Z"}
{"level":"info","message":"⌛ Building environment","timeElapsed":188,"timestamp":"2024-10-15T00:18:55.054Z"}
{"level":"info","message":"⌛ Validating objetos.wlk","timeElapsed":219,"timestamp":"2024-10-15T00:18:55.285Z"}
{"level":"info","message":"⌛ Building environment","timeElapsed":178,"timestamp":"2024-10-15T00:18:55.692Z"}
{"level":"info","message":"⌛ Validating objetos.wlk","timeElapsed":233,"timestamp":"2024-10-15T00:18:55.926Z"}
{"level":"info","message":"⌛ Building environment","timeElapsed":192,"timestamp":"2024-10-15T00:18:56.120Z"}
{"level":"info","message":"⌛ Building environment","timeElapsed":173,"timestamp":"2024-10-15T00:18:56.293Z"}
{"level":"info","message":"⌛ Validating objetos.wlk","timeElapsed":212,"timestamp":"2024-10-15T00:18:56.506Z"}
{"level":"info","message":"⌛ Validating objetos.wlk","timeElapsed":326,"timestamp":"2024-10-15T00:18:56.842Z"}
{"level":"info","message":"⌛ Building environment","timeElapsed":528,"timestamp":"2024-10-15T00:18:57.806Z"}
{"level":"error","message":"✘ Completions for node failed: Error: [Return]{5a50c7} at objetos.wlk:-- exhausted all cases without a match [Return]{5a50c7} at objetos.wlk:-- exhausted all cases without a match","stack":"Error: [Return]{5a50c7} at objetos.wlk:-- exhausted all cases without a match\n    at /home/felipe/.vscode/extensions/uqbar.wollok-lsp-ide-0.3.6/out/server/src/server.js:38:6067\n    at yh (/home/felipe/.vscode/extensions/uqbar.wollok-lsp-ide-0.3.6/out/server/src/server.js:2291:42)\n    at kh (/home/felipe/.vscode/extensions/uqbar.wollok-lsp-ide-0.3.6/out/server/src/server.js:2291:1004)\n    at Y5n (/home/felipe/.vscode/extensions/uqbar.wollok-lsp-ide-0.3.6/out/server/src/server.js:2291:1160)\n    at /home/felipe/.vscode/extensions/uqbar.wollok-lsp-ide-0.3.6/out/server/src/server.js:38:6056\n    at yh (/home/felipe/.vscode/extensions/uqbar.wollok-lsp-ide-0.3.6/out/server/src/server.js:2291:42)\n    at /home/felipe/.vscode/extensions/uqbar.wollok-lsp-ide-0.3.6/out/server/src/server.js:2291:2700\n    at /home/felipe/.vscode/extensions/uqbar.wollok-lsp-ide-0.3.6/out/server/src/server.js:2298:3774\n    at /home/felipe/.vscode/extensions/uqbar.wollok-lsp-ide-0.3.6/out/server/src/server.js:37:74872\n    at Fe (/home/felipe/.vscode/extensions/uqbar.wollok-lsp-ide-0.3.6/out/server/src/server.js:7:8527)","timestamp":"2024-10-15T00:18:57.844Z"}
{"level":"info","message":"⌛ Building environment","timeElapsed":201,"timestamp":"2024-10-15T00:18:58.054Z"}
{"level":"info","message":"⌛ Building environment","timeElapsed":192,"timestamp":"2024-10-15T00:18:58.246Z"}
{"level":"info","message":"⌛ Validating objetos.wlk","timeElapsed":303,"timestamp":"2024-10-15T00:18:58.551Z"}
{"level":"info","message":"onRequest - completionItem/resolve","timestamp":"2024-10-15T00:18:58.552Z"}
{"level":"info","message":"⌛ Building environment","timeElapsed":246,"timestamp":"2024-10-15T00:18:58.806Z"}
{"level":"info","message":"onRequest - completionItem/resolve","timestamp":"2024-10-15T00:18:58.807Z"}
{"level":"info","message":"⌛ Validating objetos.wlk","timeElapsed":235,"timestamp":"2024-10-15T00:18:59.043Z"}
{"level":"info","message":"⌛ Validating objetos.wlk","timeElapsed":240,"timestamp":"2024-10-15T00:18:59.283Z"}
{"level":"info","message":"⌛ Building environment","timeElapsed":194,"timestamp":"2024-10-15T00:18:59.485Z"}
{"level":"info","message":"⌛ Validating objetos.wlk","timeElapsed":269,"timestamp":"2024-10-15T00:18:59.821Z"}
{"level":"info","message":"⌛ Building environment","timeElapsed":213,"timestamp":"2024-10-15T00:19:00.034Z"}
{"level":"info","message":"⌛ Building environment","timeElapsed":175,"timestamp":"2024-10-15T00:19:00.214Z"}
{"level":"info","message":"⌛ Building environment","timeElapsed":231,"timestamp":"2024-10-15T00:19:00.447Z"}
{"level":"info","message":"⌛ Building environment","timeElapsed":191,"timestamp":"2024-10-15T00:19:00.638Z"}
{"level":"info","message":"⌛ Validating objetos.wlk","timeElapsed":255,"timestamp":"2024-10-15T00:19:00.894Z"}
{"level":"info","message":"⌛ Building environment","timeElapsed":195,"timestamp":"2024-10-15T00:19:01.091Z"}
{"level":"info","message":"⌛ Building environment","timeElapsed":177,"timestamp":"2024-10-15T00:19:01.268Z"}
{"level":"info","message":"onRequest - completionItem/resolve","timestamp":"2024-10-15T00:19:01.273Z"}
{"level":"info","message":"⌛ Building environment","timeElapsed":166,"timestamp":"2024-10-15T00:19:01.439Z"}
{"level":"info","message":"onRequest - completionItem/resolve","timestamp":"2024-10-15T00:19:01.440Z"}
{"level":"info","message":"⌛ Building environment","timeElapsed":175,"timestamp":"2024-10-15T00:19:01.615Z"}
{"level":"info","message":"onRequest - completionItem/resolve","timestamp":"2024-10-15T00:19:01.615Z"}
{"level":"info","message":"⌛ Validating objetos.wlk","timeElapsed":226,"timestamp":"2024-10-15T00:19:01.842Z"}
{"level":"info","message":"⌛ Validating objetos.wlk","timeElapsed":216,"timestamp":"2024-10-15T00:19:02.059Z"}
{"level":"info","message":"⌛ Validating objetos.wlk","timeElapsed":228,"timestamp":"2024-10-15T00:19:02.296Z"}
{"level":"info","message":"⌛ Validating objetos.wlk","timeElapsed":207,"timestamp":"2024-10-15T00:19:02.503Z"}
{"level":"info","message":"⌛ Building environment","timeElapsed":170,"timestamp":"2024-10-15T00:19:02.673Z"}
{"level":"info","message":"⌛ Validating objetos.wlk","timeElapsed":200,"timestamp":"2024-10-15T00:19:02.885Z"}
{"level":"info","message":"⌛ Validating objetos.wlk","timeElapsed":206,"timestamp":"2024-10-15T00:19:03.091Z"}
{"level":"info","message":"⌛ Validating objetos.wlk","timeElapsed":216,"timestamp":"2024-10-15T00:19:03.308Z"}
{"level":"info","message":"⌛ Validating objetos.wlk","timeElapsed":219,"timestamp":"2024-10-15T00:19:03.527Z"}
{"level":"info","message":"⌛ Validating objetos.wlk","timeElapsed":213,"timestamp":"2024-10-15T00:19:03.741Z"}
{"level":"info","message":"⌛ Building environment","timeElapsed":296,"timestamp":"2024-10-15T00:19:04.037Z"}
{"level":"info","message":"⌛ Building environment","timeElapsed":181,"timestamp":"2024-10-15T00:19:04.227Z"}
{"level":"info","message":"⌛ Building environment","timeElapsed":185,"timestamp":"2024-10-15T00:19:04.413Z"}
{"level":"info","message":"⌛ Validating objetos.wlk","timeElapsed":224,"timestamp":"2024-10-15T00:19:04.643Z"}
{"level":"info","message":"⌛ Validating objetos.wlk","timeElapsed":229,"timestamp":"2024-10-15T00:19:04.873Z"}
{"level":"info","message":"⌛ Building environment","timeElapsed":300,"timestamp":"2024-10-15T00:19:05.175Z"}
{"level":"info","message":"⌛ Validating objetos.wlk","timeElapsed":245,"timestamp":"2024-10-15T00:19:05.428Z"}
{"level":"info","message":"⌛ Building environment","timeElapsed":195,"timestamp":"2024-10-15T00:19:05.631Z"}
{"level":"error","message":"✘ Completions for node failed: Error: [Send]{39bd0a} at objetos.wlk:36 exhausted all cases without a match [Send]{39bd0a} at objetos.wlk:36 exhausted all cases without a match","stack":"Error: [Send]{39bd0a} at objetos.wlk:36 exhausted all cases without a match\n    at /home/felipe/.vscode/extensions/uqbar.wollok-lsp-ide-0.3.6/out/server/src/server.js:38:6067\n    at yh (/home/felipe/.vscode/extensions/uqbar.wollok-lsp-ide-0.3.6/out/server/src/server.js:2291:42)\n    at kh (/home/felipe/.vscode/extensions/uqbar.wollok-lsp-ide-0.3.6/out/server/src/server.js:2291:1004)\n    at Y5n (/home/felipe/.vscode/extensions/uqbar.wollok-lsp-ide-0.3.6/out/server/src/server.js:2291:1160)\n    at /home/felipe/.vscode/extensions/uqbar.wollok-lsp-ide-0.3.6/out/server/src/server.js:38:6056\n    at yh (/home/felipe/.vscode/extensions/uqbar.wollok-lsp-ide-0.3.6/out/server/src/server.js:2291:42)\n    at /home/felipe/.vscode/extensions/uqbar.wollok-lsp-ide-0.3.6/out/server/src/server.js:2291:2700\n    at /home/felipe/.vscode/extensions/uqbar.wollok-lsp-ide-0.3.6/out/server/src/server.js:2298:3774\n    at /home/felipe/.vscode/extensions/uqbar.wollok-lsp-ide-0.3.6/out/server/src/server.js:37:74872\n    at Fe (/home/felipe/.vscode/extensions/uqbar.wollok-lsp-ide-0.3.6/out/server/src/server.js:7:8527)","timestamp":"2024-10-15T00:19:05.692Z"}
{"level":"error","message":"✘ Completions for node failed: Error: [Return]{6cbd4e} at objetos.wlk:-- exhausted all cases without a match [Return]{6cbd4e} at objetos.wlk:-- exhausted all cases without a match","stack":"Error: [Return]{6cbd4e} at objetos.wlk:-- exhausted all cases without a match\n    at /home/felipe/.vscode/extensions/uqbar.wollok-lsp-ide-0.3.6/out/server/src/server.js:38:6067\n    at yh (/home/felipe/.vscode/extensions/uqbar.wollok-lsp-ide-0.3.6/out/server/src/server.js:2291:42)\n    at kh (/home/felipe/.vscode/extensions/uqbar.wollok-lsp-ide-0.3.6/out/server/src/server.js:2291:1004)\n    at yh (/home/felipe/.vscode/extensions/uqbar.wollok-lsp-ide-0.3.6/out/server/src/server.js:2291:456)\n    at kh (/home/felipe/.vscode/extensions/uqbar.wollok-lsp-ide-0.3.6/out/server/src/server.js:2291:1004)\n    at Y5n (/home/felipe/.vscode/extensions/uqbar.wollok-lsp-ide-0.3.6/out/server/src/server.js:2291:1160)\n    at /home/felipe/.vscode/extensions/uqbar.wollok-lsp-ide-0.3.6/out/server/src/server.js:38:6056\n    at yh (/home/felipe/.vscode/extensions/uqbar.wollok-lsp-ide-0.3.6/out/server/src/server.js:2291:42)\n    at /home/felipe/.vscode/extensions/uqbar.wollok-lsp-ide-0.3.6/out/server/src/server.js:2291:2700\n    at /home/felipe/.vscode/extensions/uqbar.wollok-lsp-ide-0.3.6/out/server/src/server.js:2298:3774","timestamp":"2024-10-15T00:19:05.692Z"}
{"level":"info","message":"⌛ Building environment","timeElapsed":196,"timestamp":"2024-10-15T00:19:05.893Z"}
{"level":"info","message":"⌛ Building environment","timeElapsed":194,"timestamp":"2024-10-15T00:19:06.089Z"}
{"level":"info","message":"⌛ Validating objetos.wlk","timeElapsed":221,"timestamp":"2024-10-15T00:19:06.311Z"}
{"level":"info","message":"⌛ Building environment","timeElapsed":178,"timestamp":"2024-10-15T00:19:06.490Z"}
{"level":"info","message":"⌛ Building environment","timeElapsed":177,"timestamp":"2024-10-15T00:19:06.672Z"}
{"level":"info","message":"⌛ Building environment","timeElapsed":177,"timestamp":"2024-10-15T00:19:06.849Z"}
{"level":"info","message":"⌛ Validating objetos.wlk","timeElapsed":213,"timestamp":"2024-10-15T00:19:07.062Z"}
{"level":"info","message":"⌛ Building environment","timeElapsed":175,"timestamp":"2024-10-15T00:19:07.238Z"}
{"level":"info","message":"onRequest - completionItem/resolve","timestamp":"2024-10-15T00:19:07.238Z"}
{"level":"info","message":"⌛ Building environment","timeElapsed":173,"timestamp":"2024-10-15T00:19:07.411Z"}
{"level":"info","message":"onRequest - completionItem/resolve","timestamp":"2024-10-15T00:19:07.412Z"}
{"level":"info","message":"⌛ Validating objetos.wlk","timeElapsed":223,"timestamp":"2024-10-15T00:19:07.636Z"}
{"level":"info","message":"⌛ Validating objetos.wlk","timeElapsed":316,"timestamp":"2024-10-15T00:19:07.957Z"}
{"level":"info","message":"⌛ Validating objetos.wlk","timeElapsed":203,"timestamp":"2024-10-15T00:19:08.167Z"}
{"level":"info","message":"⌛ Validating objetos.wlk","timeElapsed":199,"timestamp":"2024-10-15T00:19:08.366Z"}
{"level":"info","message":"⌛ Validating objetos.wlk","timeElapsed":208,"timestamp":"2024-10-15T00:19:08.574Z"}
{"level":"info","message":"⌛ Validating objetos.wlk","timeElapsed":208,"timestamp":"2024-10-15T00:19:08.783Z"}
{"level":"info","message":"⌛ Validating objetos.wlk","timeElapsed":203,"timestamp":"2024-10-15T00:19:08.986Z"}
{"level":"info","message":"⌛ Building environment","timeElapsed":347,"timestamp":"2024-10-15T00:19:37.459Z"}
{"level":"info","message":"⌛ Validating testGranja.wtest","timeElapsed":291,"timestamp":"2024-10-15T00:19:37.833Z"}
{"level":"info","message":"⌛ Building environment","timeElapsed":259,"timestamp":"2024-10-15T00:19:38.093Z"}
{"level":"info","message":"⌛ Building environment","timeElapsed":200,"timestamp":"2024-10-15T00:19:38.347Z"}
{"level":"info","message":"⌛ Building environment","timeElapsed":227,"timestamp":"2024-10-15T00:19:38.580Z"}
{"level":"info","message":"⌛ Building environment","timeElapsed":381,"timestamp":"2024-10-15T00:19:38.970Z"}
{"level":"info","message":"⌛ Validating testGranja.wtest","timeElapsed":254,"timestamp":"2024-10-15T00:19:39.230Z"}
{"level":"info","message":"⌛ Validating testGranja.wtest","timeElapsed":211,"timestamp":"2024-10-15T00:19:39.451Z"}
{"level":"info","message":"⌛ Validating testGranja.wtest","timeElapsed":206,"timestamp":"2024-10-15T00:19:39.658Z"}
{"level":"info","message":"⌛ Building environment","timeElapsed":313,"timestamp":"2024-10-15T00:19:39.971Z"}
{"level":"info","message":"⌛ Validating testGranja.wtest","timeElapsed":296,"timestamp":"2024-10-15T00:19:40.268Z"}
{"level":"info","message":"⌛ Validating testGranja.wtest","timeElapsed":196,"timestamp":"2024-10-15T00:19:40.473Z"}
{"level":"info","message":"⌛ Building environment","timeElapsed":256,"timestamp":"2024-10-15T00:19:41.658Z"}
{"level":"error","message":"✘ Completions for node failed: Error: [Send]{feaaa2} at testGranja.wtest:133 exhausted all cases without a match [Send]{feaaa2} at testGranja.wtest:133 exhausted all cases without a match","stack":"Error: [Send]{feaaa2} at testGranja.wtest:133 exhausted all cases without a match\n    at /home/felipe/.vscode/extensions/uqbar.wollok-lsp-ide-0.3.6/out/server/src/server.js:38:6067\n    at yh (/home/felipe/.vscode/extensions/uqbar.wollok-lsp-ide-0.3.6/out/server/src/server.js:2291:42)\n    at kh (/home/felipe/.vscode/extensions/uqbar.wollok-lsp-ide-0.3.6/out/server/src/server.js:2291:1004)\n    at Y5n (/home/felipe/.vscode/extensions/uqbar.wollok-lsp-ide-0.3.6/out/server/src/server.js:2291:1160)\n    at /home/felipe/.vscode/extensions/uqbar.wollok-lsp-ide-0.3.6/out/server/src/server.js:38:6056\n    at yh (/home/felipe/.vscode/extensions/uqbar.wollok-lsp-ide-0.3.6/out/server/src/server.js:2291:42)\n    at /home/felipe/.vscode/extensions/uqbar.wollok-lsp-ide-0.3.6/out/server/src/server.js:2291:2700\n    at /home/felipe/.vscode/extensions/uqbar.wollok-lsp-ide-0.3.6/out/server/src/server.js:2298:3774\n    at /home/felipe/.vscode/extensions/uqbar.wollok-lsp-ide-0.3.6/out/server/src/server.js:37:74872\n    at Fe (/home/felipe/.vscode/extensions/uqbar.wollok-lsp-ide-0.3.6/out/server/src/server.js:7:8527)","timestamp":"2024-10-15T00:19:41.707Z"}
{"level":"info","message":"⌛ Building environment","timeElapsed":283,"timestamp":"2024-10-15T00:19:41.994Z"}
{"level":"info","message":"⌛ Validating testGranja.wtest","timeElapsed":212,"timestamp":"2024-10-15T00:19:42.207Z"}
{"level":"info","message":"onRequest - completionItem/resolve","timestamp":"2024-10-15T00:19:42.207Z"}
{"level":"info","message":"⌛ Building environment","timeElapsed":242,"timestamp":"2024-10-15T00:19:42.450Z"}
{"level":"info","message":"onRequest - completionItem/resolve","timestamp":"2024-10-15T00:19:42.450Z"}
{"level":"info","message":"⌛ Building environment","timeElapsed":209,"timestamp":"2024-10-15T00:19:42.660Z"}
{"level":"info","message":"⌛ Validating testGranja.wtest","timeElapsed":213,"timestamp":"2024-10-15T00:19:42.873Z"}
{"level":"info","message":"⌛ Building environment","timeElapsed":218,"timestamp":"2024-10-15T00:19:43.105Z"}
{"level":"error","message":"✘ Completions for node failed: Error: [Send]{f3f50e} at testGranja.wtest:133 exhausted all cases without a match [Send]{f3f50e} at testGranja.wtest:133 exhausted all cases without a match","stack":"Error: [Send]{f3f50e} at testGranja.wtest:133 exhausted all cases without a match\n    at /home/felipe/.vscode/extensions/uqbar.wollok-lsp-ide-0.3.6/out/server/src/server.js:38:6067\n    at yh (/home/felipe/.vscode/extensions/uqbar.wollok-lsp-ide-0.3.6/out/server/src/server.js:2291:42)\n    at kh (/home/felipe/.vscode/extensions/uqbar.wollok-lsp-ide-0.3.6/out/server/src/server.js:2291:1004)\n    at Y5n (/home/felipe/.vscode/extensions/uqbar.wollok-lsp-ide-0.3.6/out/server/src/server.js:2291:1160)\n    at /home/felipe/.vscode/extensions/uqbar.wollok-lsp-ide-0.3.6/out/server/src/server.js:38:6056\n    at yh (/home/felipe/.vscode/extensions/uqbar.wollok-lsp-ide-0.3.6/out/server/src/server.js:2291:42)\n    at /home/felipe/.vscode/extensions/uqbar.wollok-lsp-ide-0.3.6/out/server/src/server.js:2291:2700\n    at /home/felipe/.vscode/extensions/uqbar.wollok-lsp-ide-0.3.6/out/server/src/server.js:2298:3774\n    at /home/felipe/.vscode/extensions/uqbar.wollok-lsp-ide-0.3.6/out/server/src/server.js:37:74872\n    at Fe (/home/felipe/.vscode/extensions/uqbar.wollok-lsp-ide-0.3.6/out/server/src/server.js:7:8527)","timestamp":"2024-10-15T00:19:43.145Z"}
{"level":"info","message":"⌛ Validating testGranja.wtest","timeElapsed":308,"timestamp":"2024-10-15T00:19:43.462Z"}
{"level":"info","message":"⌛ Building environment","timeElapsed":195,"timestamp":"2024-10-15T00:19:43.657Z"}
{"level":"info","message":"⌛ Validating testGranja.wtest","timeElapsed":211,"timestamp":"2024-10-15T00:19:43.873Z"}
{"level":"info","message":"⌛ Building environment","timeElapsed":204,"timestamp":"2024-10-15T00:19:44.078Z"}
{"level":"info","message":"⌛ Building environment","timeElapsed":210,"timestamp":"2024-10-15T00:19:44.293Z"}
{"level":"info","message":"⌛ Building environment","timeElapsed":270,"timestamp":"2024-10-15T00:19:44.569Z"}
{"level":"info","message":"⌛ Validating testGranja.wtest","timeElapsed":208,"timestamp":"2024-10-15T00:19:44.782Z"}
{"level":"info","message":"onRequest - completionItem/resolve","timestamp":"2024-10-15T00:19:44.782Z"}
{"level":"info","message":"⌛ Building environment","timeElapsed":198,"timestamp":"2024-10-15T00:19:44.981Z"}
{"level":"info","message":"onRequest - completionItem/resolve","timestamp":"2024-10-15T00:19:44.987Z"}
{"level":"info","message":"⌛ Validating testGranja.wtest","timeElapsed":208,"timestamp":"2024-10-15T00:19:45.202Z"}
{"level":"info","message":"⌛ Validating testGranja.wtest","timeElapsed":208,"timestamp":"2024-10-15T00:19:45.411Z"}
{"level":"info","message":"⌛ Building environment","timeElapsed":200,"timestamp":"2024-10-15T00:19:45.611Z"}
{"level":"info","message":"⌛ Validating testGranja.wtest","timeElapsed":301,"timestamp":"2024-10-15T00:19:45.963Z"}
{"level":"info","message":"⌛ Validating testGranja.wtest","timeElapsed":240,"timestamp":"2024-10-15T00:19:46.205Z"}
{"level":"info","message":"⌛ Validating testGranja.wtest","timeElapsed":232,"timestamp":"2024-10-15T00:19:46.437Z"}
{"level":"info","message":"⌛ Validating testGranja.wtest","timeElapsed":236,"timestamp":"2024-10-15T00:19:46.675Z"}
{"level":"info","message":"onRequest - completionItem/resolve","timestamp":"2024-10-15T00:19:46.676Z"}
{"level":"info","message":"⌛ Building environment","timeElapsed":203,"timestamp":"2024-10-15T00:19:46.879Z"}
{"level":"error","message":"✘ Completions for node failed: Error: [Send]{2596b6} at testGranja.wtest:133 exhausted all cases without a match [Send]{2596b6} at testGranja.wtest:133 exhausted all cases without a match","stack":"Error: [Send]{2596b6} at testGranja.wtest:133 exhausted all cases without a match\n    at /home/felipe/.vscode/extensions/uqbar.wollok-lsp-ide-0.3.6/out/server/src/server.js:38:6067\n    at yh (/home/felipe/.vscode/extensions/uqbar.wollok-lsp-ide-0.3.6/out/server/src/server.js:2291:42)\n    at kh (/home/felipe/.vscode/extensions/uqbar.wollok-lsp-ide-0.3.6/out/server/src/server.js:2291:1004)\n    at Y5n (/home/felipe/.vscode/extensions/uqbar.wollok-lsp-ide-0.3.6/out/server/src/server.js:2291:1160)\n    at /home/felipe/.vscode/extensions/uqbar.wollok-lsp-ide-0.3.6/out/server/src/server.js:38:6056\n    at yh (/home/felipe/.vscode/extensions/uqbar.wollok-lsp-ide-0.3.6/out/server/src/server.js:2291:42)\n    at /home/felipe/.vscode/extensions/uqbar.wollok-lsp-ide-0.3.6/out/server/src/server.js:2291:2700\n    at /home/felipe/.vscode/extensions/uqbar.wollok-lsp-ide-0.3.6/out/server/src/server.js:2298:3774\n    at /home/felipe/.vscode/extensions/uqbar.wollok-lsp-ide-0.3.6/out/server/src/server.js:37:74872\n    at Fe (/home/felipe/.vscode/extensions/uqbar.wollok-lsp-ide-0.3.6/out/server/src/server.js:7:8527)","timestamp":"2024-10-15T00:19:46.943Z"}
{"level":"info","message":"⌛ Building environment","timeElapsed":273,"timestamp":"2024-10-15T00:19:47.225Z"}
{"level":"info","message":"⌛ Building environment","timeElapsed":228,"timestamp":"2024-10-15T00:19:47.453Z"}
{"level":"info","message":"⌛ Validating testGranja.wtest","timeElapsed":232,"timestamp":"2024-10-15T00:19:47.695Z"}
{"level":"info","message":"⌛ Building environment","timeElapsed":228,"timestamp":"2024-10-15T00:19:47.924Z"}
{"level":"info","message":"⌛ Validating testGranja.wtest","timeElapsed":247,"timestamp":"2024-10-15T00:19:48.172Z"}
{"level":"info","message":"⌛ Building environment","timeElapsed":201,"timestamp":"2024-10-15T00:19:48.374Z"}
{"level":"error","message":"✘ Completions for node failed: Error: [Send]{9da766} at testGranja.wtest:133 exhausted all cases without a match [Send]{9da766} at testGranja.wtest:133 exhausted all cases without a match","stack":"Error: [Send]{9da766} at testGranja.wtest:133 exhausted all cases without a match\n    at /home/felipe/.vscode/extensions/uqbar.wollok-lsp-ide-0.3.6/out/server/src/server.js:38:6067\n    at yh (/home/felipe/.vscode/extensions/uqbar.wollok-lsp-ide-0.3.6/out/server/src/server.js:2291:42)\n    at kh (/home/felipe/.vscode/extensions/uqbar.wollok-lsp-ide-0.3.6/out/server/src/server.js:2291:1004)\n    at Y5n (/home/felipe/.vscode/extensions/uqbar.wollok-lsp-ide-0.3.6/out/server/src/server.js:2291:1160)\n    at /home/felipe/.vscode/extensions/uqbar.wollok-lsp-ide-0.3.6/out/server/src/server.js:38:6056\n    at yh (/home/felipe/.vscode/extensions/uqbar.wollok-lsp-ide-0.3.6/out/server/src/server.js:2291:42)\n    at /home/felipe/.vscode/extensions/uqbar.wollok-lsp-ide-0.3.6/out/server/src/server.js:2291:2700\n    at /home/felipe/.vscode/extensions/uqbar.wollok-lsp-ide-0.3.6/out/server/src/server.js:2298:3774\n    at /home/felipe/.vscode/extensions/uqbar.wollok-lsp-ide-0.3.6/out/server/src/server.js:37:74872\n    at Fe (/home/felipe/.vscode/extensions/uqbar.wollok-lsp-ide-0.3.6/out/server/src/server.js:7:8527)","timestamp":"2024-10-15T00:19:48.411Z"}
{"level":"info","message":"⌛ Building environment","timeElapsed":200,"timestamp":"2024-10-15T00:19:48.618Z"}
{"level":"info","message":"⌛ Validating testGranja.wtest","timeElapsed":198,"timestamp":"2024-10-15T00:19:48.822Z"}
{"level":"info","message":"⌛ Building environment","timeElapsed":196,"timestamp":"2024-10-15T00:19:49.018Z"}
{"level":"info","message":"⌛ Building environment","timeElapsed":199,"timestamp":"2024-10-15T00:19:49.224Z"}
{"level":"info","message":"⌛ Validating testGranja.wtest","timeElapsed":200,"timestamp":"2024-10-15T00:19:49.429Z"}
{"level":"info","message":"⌛ Building environment","timeElapsed":249,"timestamp":"2024-10-15T00:19:49.678Z"}
{"level":"info","message":"⌛ Building environment","timeElapsed":252,"timestamp":"2024-10-15T00:19:49.936Z"}
{"level":"info","message":"⌛ Validating testGranja.wtest","timeElapsed":223,"timestamp":"2024-10-15T00:19:50.165Z"}
{"level":"info","message":"⌛ Validating testGranja.wtest","timeElapsed":221,"timestamp":"2024-10-15T00:19:50.394Z"}
{"level":"info","message":"⌛ Validating testGranja.wtest","timeElapsed":215,"timestamp":"2024-10-15T00:19:50.611Z"}
{"level":"info","message":"⌛ Validating testGranja.wtest","timeElapsed":299,"timestamp":"2024-10-15T00:19:50.912Z"}
{"level":"info","message":"⌛ Validating testGranja.wtest","timeElapsed":216,"timestamp":"2024-10-15T00:19:51.129Z"}
{"level":"info","message":"⌛ Building environment","timeElapsed":269,"timestamp":"2024-10-15T00:19:51.398Z"}
{"level":"info","message":"⌛ Validating testGranja.wtest","timeElapsed":212,"timestamp":"2024-10-15T00:19:51.616Z"}
{"level":"info","message":"⌛ Building environment","timeElapsed":203,"timestamp":"2024-10-15T00:19:51.820Z"}
{"level":"info","message":"⌛ Building environment","timeElapsed":209,"timestamp":"2024-10-15T00:19:52.034Z"}
{"level":"info","message":"⌛ Building environment","timeElapsed":204,"timestamp":"2024-10-15T00:19:52.244Z"}
{"level":"info","message":"⌛ Building environment","timeElapsed":235,"timestamp":"2024-10-15T00:19:52.493Z"}
{"level":"error","message":"✘ Completions for node failed: Error: [Send]{bd7bd7} at testGranja.wtest:133 exhausted all cases without a match [Send]{bd7bd7} at testGranja.wtest:133 exhausted all cases without a match","stack":"Error: [Send]{bd7bd7} at testGranja.wtest:133 exhausted all cases without a match\n    at /home/felipe/.vscode/extensions/uqbar.wollok-lsp-ide-0.3.6/out/server/src/server.js:38:6067\n    at yh (/home/felipe/.vscode/extensions/uqbar.wollok-lsp-ide-0.3.6/out/server/src/server.js:2291:42)\n    at kh (/home/felipe/.vscode/extensions/uqbar.wollok-lsp-ide-0.3.6/out/server/src/server.js:2291:1004)\n    at Y5n (/home/felipe/.vscode/extensions/uqbar.wollok-lsp-ide-0.3.6/out/server/src/server.js:2291:1160)\n    at /home/felipe/.vscode/extensions/uqbar.wollok-lsp-ide-0.3.6/out/server/src/server.js:38:6056\n    at yh (/home/felipe/.vscode/extensions/uqbar.wollok-lsp-ide-0.3.6/out/server/src/server.js:2291:42)\n    at /home/felipe/.vscode/extensions/uqbar.wollok-lsp-ide-0.3.6/out/server/src/server.js:2291:2700\n    at /home/felipe/.vscode/extensions/uqbar.wollok-lsp-ide-0.3.6/out/server/src/server.js:2298:3774\n    at /home/felipe/.vscode/extensions/uqbar.wollok-lsp-ide-0.3.6/out/server/src/server.js:37:74872\n    at Fe (/home/felipe/.vscode/extensions/uqbar.wollok-lsp-ide-0.3.6/out/server/src/server.js:7:8527)","timestamp":"2024-10-15T00:19:52.535Z"}
{"level":"info","message":"⌛ Building environment","timeElapsed":197,"timestamp":"2024-10-15T00:19:52.736Z"}
{"level":"info","message":"⌛ Building environment","timeElapsed":228,"timestamp":"2024-10-15T00:19:52.965Z"}
{"level":"info","message":"⌛ Building environment","timeElapsed":219,"timestamp":"2024-10-15T00:19:53.184Z"}
{"level":"info","message":"⌛ Validating testGranja.wtest","timeElapsed":198,"timestamp":"2024-10-15T00:19:53.383Z"}
{"level":"info","message":"⌛ Building environment","timeElapsed":198,"timestamp":"2024-10-15T00:19:53.581Z"}
{"level":"info","message":"⌛ Validating testGranja.wtest","timeElapsed":210,"timestamp":"2024-10-15T00:19:53.792Z"}
{"level":"info","message":"⌛ Building environment","timeElapsed":319,"timestamp":"2024-10-15T00:19:54.119Z"}
{"level":"info","message":"⌛ Validating testGranja.wtest","timeElapsed":194,"timestamp":"2024-10-15T00:19:54.315Z"}
{"level":"info","message":"⌛ Validating testGranja.wtest","timeElapsed":206,"timestamp":"2024-10-15T00:19:54.521Z"}
{"level":"info","message":"⌛ Validating testGranja.wtest","timeElapsed":192,"timestamp":"2024-10-15T00:19:54.721Z"}
{"level":"info","message":"⌛ Validating testGranja.wtest","timeElapsed":206,"timestamp":"2024-10-15T00:19:54.927Z"}
{"level":"info","message":"⌛ Building environment","timeElapsed":204,"timestamp":"2024-10-15T00:19:55.131Z"}
{"level":"error","message":"✘ Completions for node failed: Error: [Send]{9bdf36} at testGranja.wtest:133 exhausted all cases without a match [Send]{9bdf36} at testGranja.wtest:133 exhausted all cases without a match","stack":"Error: [Send]{9bdf36} at testGranja.wtest:133 exhausted all cases without a match\n    at /home/felipe/.vscode/extensions/uqbar.wollok-lsp-ide-0.3.6/out/server/src/server.js:38:6067\n    at yh (/home/felipe/.vscode/extensions/uqbar.wollok-lsp-ide-0.3.6/out/server/src/server.js:2291:42)\n    at kh (/home/felipe/.vscode/extensions/uqbar.wollok-lsp-ide-0.3.6/out/server/src/server.js:2291:1004)\n    at Y5n (/home/felipe/.vscode/extensions/uqbar.wollok-lsp-ide-0.3.6/out/server/src/server.js:2291:1160)\n    at /home/felipe/.vscode/extensions/uqbar.wollok-lsp-ide-0.3.6/out/server/src/server.js:38:6056\n    at yh (/home/felipe/.vscode/extensions/uqbar.wollok-lsp-ide-0.3.6/out/server/src/server.js:2291:42)\n    at /home/felipe/.vscode/extensions/uqbar.wollok-lsp-ide-0.3.6/out/server/src/server.js:2291:2700\n    at /home/felipe/.vscode/extensions/uqbar.wollok-lsp-ide-0.3.6/out/server/src/server.js:2298:3774\n    at /home/felipe/.vscode/extensions/uqbar.wollok-lsp-ide-0.3.6/out/server/src/server.js:37:74872\n    at Fe (/home/felipe/.vscode/extensions/uqbar.wollok-lsp-ide-0.3.6/out/server/src/server.js:7:8527)","timestamp":"2024-10-15T00:19:55.178Z"}
{"level":"error","message":"✘ Completions for node failed: Error: [Send]{82e78d} at testGranja.wtest:133 exhausted all cases without a match [Send]{82e78d} at testGranja.wtest:133 exhausted all cases without a match","stack":"Error: [Send]{82e78d} at testGranja.wtest:133 exhausted all cases without a match\n    at /home/felipe/.vscode/extensions/uqbar.wollok-lsp-ide-0.3.6/out/server/src/server.js:38:6067\n    at yh (/home/felipe/.vscode/extensions/uqbar.wollok-lsp-ide-0.3.6/out/server/src/server.js:2291:42)\n    at kh (/home/felipe/.vscode/extensions/uqbar.wollok-lsp-ide-0.3.6/out/server/src/server.js:2291:1004)\n    at yh (/home/felipe/.vscode/extensions/uqbar.wollok-lsp-ide-0.3.6/out/server/src/server.js:2291:456)\n    at kh (/home/felipe/.vscode/extensions/uqbar.wollok-lsp-ide-0.3.6/out/server/src/server.js:2291:1004)\n    at Y5n (/home/felipe/.vscode/extensions/uqbar.wollok-lsp-ide-0.3.6/out/server/src/server.js:2291:1160)\n    at /home/felipe/.vscode/extensions/uqbar.wollok-lsp-ide-0.3.6/out/server/src/server.js:38:6056\n    at yh (/home/felipe/.vscode/extensions/uqbar.wollok-lsp-ide-0.3.6/out/server/src/server.js:2291:42)\n    at /home/felipe/.vscode/extensions/uqbar.wollok-lsp-ide-0.3.6/out/server/src/server.js:2291:2700\n    at /home/felipe/.vscode/extensions/uqbar.wollok-lsp-ide-0.3.6/out/server/src/server.js:2298:3774","timestamp":"2024-10-15T00:19:55.179Z"}
{"level":"info","message":"⌛ Building environment","timeElapsed":307,"timestamp":"2024-10-15T00:19:55.494Z"}
{"level":"info","message":"⌛ Validating testGranja.wtest","timeElapsed":219,"timestamp":"2024-10-15T00:19:55.714Z"}
{"level":"info","message":"⌛ Validating testGranja.wtest","timeElapsed":206,"timestamp":"2024-10-15T00:19:55.920Z"}
{"level":"info","message":"⌛ Validating testGranja.wtest","timeElapsed":204,"timestamp":"2024-10-15T00:19:56.132Z"}
{"level":"info","message":"⌛ Building environment","timeElapsed":201,"timestamp":"2024-10-15T00:19:56.334Z"}
{"level":"info","message":"⌛ Building environment","timeElapsed":246,"timestamp":"2024-10-15T00:19:56.580Z"}
{"level":"info","message":"⌛ Validating testGranja.wtest","timeElapsed":195,"timestamp":"2024-10-15T00:19:56.776Z"}
{"level":"info","message":"⌛ Building environment","timeElapsed":199,"timestamp":"2024-10-15T00:19:56.982Z"}
{"level":"info","message":"⌛ Validating testGranja.wtest","timeElapsed":208,"timestamp":"2024-10-15T00:19:57.198Z"}
{"level":"info","message":"onRequest - completionItem/resolve","timestamp":"2024-10-15T00:19:57.198Z"}
{"level":"info","message":"⌛ Building environment","timeElapsed":242,"timestamp":"2024-10-15T00:19:57.440Z"}
{"level":"info","message":"onRequest - completionItem/resolve","timestamp":"2024-10-15T00:19:57.440Z"}
{"level":"info","message":"⌛ Building environment","timeElapsed":204,"timestamp":"2024-10-15T00:19:57.645Z"}
{"level":"info","message":"onRequest - completionItem/resolve","timestamp":"2024-10-15T00:19:57.646Z"}
{"level":"info","message":"⌛ Validating testGranja.wtest","timeElapsed":243,"timestamp":"2024-10-15T00:19:57.889Z"}
{"level":"info","message":"⌛ Building environment","timeElapsed":216,"timestamp":"2024-10-15T00:19:58.105Z"}
{"level":"info","message":"onRequest - completionItem/resolve","timestamp":"2024-10-15T00:19:58.106Z"}
{"level":"info","message":"⌛ Validating testGranja.wtest","timeElapsed":255,"timestamp":"2024-10-15T00:19:58.368Z"}
{"level":"info","message":"⌛ Validating testGranja.wtest","timeElapsed":240,"timestamp":"2024-10-15T00:19:58.611Z"}
{"level":"info","message":"⌛ Validating testGranja.wtest","timeElapsed":216,"timestamp":"2024-10-15T00:19:58.828Z"}
{"level":"info","message":"⌛ Building environment","timeElapsed":223,"timestamp":"2024-10-15T00:19:59.052Z"}
{"level":"info","message":"⌛ Building environment","timeElapsed":199,"timestamp":"2024-10-15T00:19:59.289Z"}
{"level":"info","message":"⌛ Validating testGranja.wtest","timeElapsed":205,"timestamp":"2024-10-15T00:19:59.500Z"}
{"level":"info","message":"⌛ Building environment","timeElapsed":213,"timestamp":"2024-10-15T00:19:59.713Z"}
{"level":"info","message":"⌛ Validating testGranja.wtest","timeElapsed":212,"timestamp":"2024-10-15T00:19:59.931Z"}
{"level":"info","message":"⌛ Building environment","timeElapsed":223,"timestamp":"2024-10-15T00:20:00.154Z"}
{"level":"info","message":"⌛ Building environment","timeElapsed":201,"timestamp":"2024-10-15T00:20:00.361Z"}
{"level":"info","message":"⌛ Validating testGranja.wtest","timeElapsed":203,"timestamp":"2024-10-15T00:20:00.570Z"}
{"level":"info","message":"⌛ Building environment","timeElapsed":419,"timestamp":"2024-10-15T00:20:00.991Z"}
{"level":"info","message":"⌛ Building environment","timeElapsed":211,"timestamp":"2024-10-15T00:20:01.219Z"}
{"level":"info","message":"⌛ Building environment","timeElapsed":221,"timestamp":"2024-10-15T00:20:01.441Z"}
{"level":"info","message":"⌛ Building environment","timeElapsed":217,"timestamp":"2024-10-15T00:20:01.663Z"}
{"level":"info","message":"⌛ Building environment","timeElapsed":200,"timestamp":"2024-10-15T00:20:01.869Z"}
{"level":"info","message":"⌛ Validating testGranja.wtest","timeElapsed":355,"timestamp":"2024-10-15T00:20:02.235Z"}
{"level":"info","message":"⌛ Validating testGranja.wtest","timeElapsed":211,"timestamp":"2024-10-15T00:20:02.446Z"}
{"level":"info","message":"⌛ Validating testGranja.wtest","timeElapsed":215,"timestamp":"2024-10-15T00:20:02.661Z"}
{"level":"info","message":"⌛ Validating testGranja.wtest","timeElapsed":310,"timestamp":"2024-10-15T00:20:03.014Z"}
{"level":"info","message":"⌛ Validating testGranja.wtest","timeElapsed":223,"timestamp":"2024-10-15T00:20:03.237Z"}
{"level":"info","message":"⌛ Validating testGranja.wtest","timeElapsed":214,"timestamp":"2024-10-15T00:20:03.453Z"}
{"level":"info","message":"⌛ Validating testGranja.wtest","timeElapsed":208,"timestamp":"2024-10-15T00:20:03.661Z"}
{"level":"info","message":"⌛ Validating testGranja.wtest","timeElapsed":220,"timestamp":"2024-10-15T00:20:03.882Z"}
{"level":"info","message":"⌛ Validating testGranja.wtest","timeElapsed":202,"timestamp":"2024-10-15T00:20:04.084Z"}
{"level":"info","message":"⌛ Validating testGranja.wtest","timeElapsed":212,"timestamp":"2024-10-15T00:20:04.297Z"}
{"level":"info","message":"⌛ Building environment","timeElapsed":300,"timestamp":"2024-10-15T00:20:23.374Z"}
{"level":"error","message":"✘ Completions for node failed: Error: [Send]{75c711} at objetos.wlk:36 exhausted all cases without a match [Send]{75c711} at objetos.wlk:36 exhausted all cases without a match","stack":"Error: [Send]{75c711} at objetos.wlk:36 exhausted all cases without a match\n    at /home/felipe/.vscode/extensions/uqbar.wollok-lsp-ide-0.3.6/out/server/src/server.js:38:6067\n    at yh (/home/felipe/.vscode/extensions/uqbar.wollok-lsp-ide-0.3.6/out/server/src/server.js:2291:42)\n    at kh (/home/felipe/.vscode/extensions/uqbar.wollok-lsp-ide-0.3.6/out/server/src/server.js:2291:1004)\n    at Y5n (/home/felipe/.vscode/extensions/uqbar.wollok-lsp-ide-0.3.6/out/server/src/server.js:2291:1160)\n    at /home/felipe/.vscode/extensions/uqbar.wollok-lsp-ide-0.3.6/out/server/src/server.js:38:6056\n    at yh (/home/felipe/.vscode/extensions/uqbar.wollok-lsp-ide-0.3.6/out/server/src/server.js:2291:42)\n    at /home/felipe/.vscode/extensions/uqbar.wollok-lsp-ide-0.3.6/out/server/src/server.js:2291:2700\n    at /home/felipe/.vscode/extensions/uqbar.wollok-lsp-ide-0.3.6/out/server/src/server.js:2298:3774\n    at /home/felipe/.vscode/extensions/uqbar.wollok-lsp-ide-0.3.6/out/server/src/server.js:37:74872\n    at Fe (/home/felipe/.vscode/extensions/uqbar.wollok-lsp-ide-0.3.6/out/server/src/server.js:7:8527)","timestamp":"2024-10-15T00:20:23.413Z"}
{"level":"info","message":"⌛ Building environment","timeElapsed":188,"timestamp":"2024-10-15T00:20:23.608Z"}
{"level":"info","message":"⌛ Validating objetos.wlk","timeElapsed":315,"timestamp":"2024-10-15T00:20:23.924Z"}
{"level":"info","message":"onRequest - completionItem/resolve","timestamp":"2024-10-15T00:20:23.925Z"}
{"level":"info","message":"⌛ Building environment","timeElapsed":238,"timestamp":"2024-10-15T00:20:24.163Z"}
{"level":"info","message":"onRequest - completionItem/resolve","timestamp":"2024-10-15T00:20:24.164Z"}
{"level":"info","message":"⌛ Building environment","timeElapsed":191,"timestamp":"2024-10-15T00:20:24.356Z"}
{"level":"info","message":"⌛ Validating objetos.wlk","timeElapsed":214,"timestamp":"2024-10-15T00:20:24.571Z"}
{"level":"info","message":"⌛ Building environment","timeElapsed":207,"timestamp":"2024-10-15T00:20:24.780Z"}
{"level":"info","message":"⌛ Building environment","timeElapsed":191,"timestamp":"2024-10-15T00:20:24.972Z"}
{"level":"info","message":"⌛ Building environment","timeElapsed":187,"timestamp":"2024-10-15T00:20:25.165Z"}
{"level":"info","message":"⌛ Validating objetos.wlk","timeElapsed":234,"timestamp":"2024-10-15T00:20:25.404Z"}
{"level":"info","message":"⌛ Validating objetos.wlk","timeElapsed":305,"timestamp":"2024-10-15T00:20:25.710Z"}
{"level":"info","message":"⌛ Validating objetos.wlk","timeElapsed":213,"timestamp":"2024-10-15T00:20:25.932Z"}
{"level":"info","message":"⌛ Validating objetos.wlk","timeElapsed":199,"timestamp":"2024-10-15T00:20:26.131Z"}
{"level":"info","message":"⌛ Validating objetos.wlk","timeElapsed":193,"timestamp":"2024-10-15T00:20:26.325Z"}
{"level":"info","message":"⌛ Building environment","timeElapsed":323,"timestamp":"2024-10-15T00:21:55.991Z"}
{"level":"info","message":"⌛ Building environment","timeElapsed":312,"timestamp":"2024-10-15T00:21:56.308Z"}
{"level":"info","message":"⌛ Validating testGranja.wtest","timeElapsed":346,"timestamp":"2024-10-15T00:21:56.656Z"}
{"level":"info","message":"⌛ Building environment","timeElapsed":225,"timestamp":"2024-10-15T00:21:56.882Z"}
{"level":"info","message":"⌛ Validating testGranja.wtest","timeElapsed":219,"timestamp":"2024-10-15T00:21:57.101Z"}
{"level":"info","message":"⌛ Validating testGranja.wtest","timeElapsed":253,"timestamp":"2024-10-15T00:21:57.415Z"}
{"level":"info","message":"⌛ Building environment","timeElapsed":299,"timestamp":"2024-10-15T00:22:00.955Z"}
{"level":"info","message":"⌛ Validating testGranja.wtest","timeElapsed":230,"timestamp":"2024-10-15T00:22:01.194Z"}
{"level":"info","message":"⌛ Building environment","timeElapsed":232,"timestamp":"2024-10-15T00:22:01.428Z"}
{"level":"info","message":"⌛ Building environment","timeElapsed":331,"timestamp":"2024-10-15T00:22:01.760Z"}
{"level":"info","message":"⌛ Validating testGranja.wtest","timeElapsed":247,"timestamp":"2024-10-15T00:22:02.022Z"}
{"level":"info","message":"⌛ Building environment","timeElapsed":226,"timestamp":"2024-10-15T00:22:02.249Z"}
{"level":"info","message":"⌛ Validating testGranja.wtest","timeElapsed":211,"timestamp":"2024-10-15T00:22:02.460Z"}
{"level":"info","message":"⌛ Building environment","timeElapsed":220,"timestamp":"2024-10-15T00:22:02.680Z"}
{"level":"info","message":"⌛ Building environment","timeElapsed":219,"timestamp":"2024-10-15T00:22:02.899Z"}
{"level":"info","message":"⌛ Validating testGranja.wtest","timeElapsed":216,"timestamp":"2024-10-15T00:22:03.126Z"}
{"level":"info","message":"⌛ Validating testGranja.wtest","timeElapsed":204,"timestamp":"2024-10-15T00:22:03.332Z"}
{"level":"info","message":"⌛ Validating testGranja.wtest","timeElapsed":203,"timestamp":"2024-10-15T00:22:03.536Z"}
{"level":"info","message":"⌛ Building environment","timeElapsed":358,"timestamp":"2024-10-15T00:22:05.829Z"}
{"level":"info","message":"⌛ Building environment","timeElapsed":228,"timestamp":"2024-10-15T00:22:06.058Z"}
{"level":"info","message":"⌛ Validating testGranja.wtest","timeElapsed":213,"timestamp":"2024-10-15T00:22:06.280Z"}
{"level":"info","message":"⌛ Building environment","timeElapsed":207,"timestamp":"2024-10-15T00:22:06.488Z"}
{"level":"info","message":"⌛ Validating testGranja.wtest","timeElapsed":220,"timestamp":"2024-10-15T00:22:06.709Z"}
{"level":"info","message":"⌛ Building environment","timeElapsed":208,"timestamp":"2024-10-15T00:22:06.957Z"}
{"level":"info","message":"⌛ Validating testGranja.wtest","timeElapsed":232,"timestamp":"2024-10-15T00:22:07.189Z"}
{"level":"info","message":"⌛ Building environment","timeElapsed":230,"timestamp":"2024-10-15T00:22:07.433Z"}
{"level":"info","message":"⌛ Validating testGranja.wtest","timeElapsed":207,"timestamp":"2024-10-15T00:22:07.677Z"}
{"level":"info","message":"⌛ Building environment","timeElapsed":226,"timestamp":"2024-10-15T00:22:07.903Z"}
{"level":"info","message":"⌛ Building environment","timeElapsed":205,"timestamp":"2024-10-15T00:22:08.108Z"}
{"level":"error","message":"✘ Failed to rebuild document Failed to parse testGranja.wtest: \n-- PARSING FAILED --------------------------------------------------\n\n  139 | \n  140 |   test\n> 141 | }\n      | ^\n\nExpected one of the following: \n\nstring literal, whitespace\n","stack":"Error: Failed to parse testGranja.wtest: \n-- PARSING FAILED --------------------------------------------------\n\n  139 | \n  140 |   test\n> 141 | }\n      | ^\n\nExpected one of the following: \n\nstring literal, whitespace\n\n    at /home/felipe/.vscode/extensions/uqbar.wollok-lsp-ide-0.3.6/out/server/src/server.js:2254:32415\n    at Array.map (<anonymous>)\n    at Jfn (/home/felipe/.vscode/extensions/uqbar.wollok-lsp-ide-0.3.6/out/server/src/server.js:2254:32339)\n    at k2.buildEnvironmentFrom (/home/felipe/.vscode/extensions/uqbar.wollok-lsp-ide-0.3.6/out/server/src/server.js:2285:6721)\n    at k2.updateEnvironmentWith (/home/felipe/.vscode/extensions/uqbar.wollok-lsp-ide-0.3.6/out/server/src/server.js:2285:6456)\n    at jL (/home/felipe/.vscode/extensions/uqbar.wollok-lsp-ide-0.3.6/out/server/src/server.js:2298:2292)\n    at v3.invoke (/home/felipe/.vscode/extensions/uqbar.wollok-lsp-ide-0.3.6/out/server/src/server.js:3:157200)\n    at o.fire (/home/felipe/.vscode/extensions/uqbar.wollok-lsp-ide-0.3.6/out/server/src/server.js:3:157970)\n    at /home/felipe/.vscode/extensions/uqbar.wollok-lsp-ide-0.3.6/out/server/src/server.js:37:57871\n    at Vr (/home/felipe/.vscode/extensions/uqbar.wollok-lsp-ide-0.3.6/out/server/src/server.js:8:1561)","timestamp":"2024-10-15T00:22:08.216Z"}
{"level":"info","message":"⌛ Validating testGranja.wtest","timeElapsed":239,"timestamp":"2024-10-15T00:22:08.455Z"}
{"level":"info","message":"onRequest - completionItem/resolve","timestamp":"2024-10-15T00:22:08.455Z"}
{"level":"info","message":"⌛ Validating testGranja.wtest","timeElapsed":236,"timestamp":"2024-10-15T00:22:08.706Z"}
{"level":"info","message":"⌛ Validating testGranja.wtest","timeElapsed":221,"timestamp":"2024-10-15T00:22:08.927Z"}
{"level":"error","message":"✘ Failed to rebuild document Failed to parse testGranja.wtest: \n-- PARSING FAILED --------------------------------------------------\n\n  139 | \n  140 |   test \n> 141 | }\n      | ^\n\nExpected one of the following: \n\nstring literal, whitespace\n","stack":"Error: Failed to parse testGranja.wtest: \n-- PARSING FAILED --------------------------------------------------\n\n  139 | \n  140 |   test \n> 141 | }\n      | ^\n\nExpected one of the following: \n\nstring literal, whitespace\n\n    at /home/felipe/.vscode/extensions/uqbar.wollok-lsp-ide-0.3.6/out/server/src/server.js:2254:32415\n    at Array.map (<anonymous>)\n    at Jfn (/home/felipe/.vscode/extensions/uqbar.wollok-lsp-ide-0.3.6/out/server/src/server.js:2254:32339)\n    at k2.buildEnvironmentFrom (/home/felipe/.vscode/extensions/uqbar.wollok-lsp-ide-0.3.6/out/server/src/server.js:2285:6721)\n    at k2.updateEnvironmentWith (/home/felipe/.vscode/extensions/uqbar.wollok-lsp-ide-0.3.6/out/server/src/server.js:2285:6456)\n    at jL (/home/felipe/.vscode/extensions/uqbar.wollok-lsp-ide-0.3.6/out/server/src/server.js:2298:2292)\n    at v3.invoke (/home/felipe/.vscode/extensions/uqbar.wollok-lsp-ide-0.3.6/out/server/src/server.js:3:157200)\n    at o.fire (/home/felipe/.vscode/extensions/uqbar.wollok-lsp-ide-0.3.6/out/server/src/server.js:3:157970)\n    at /home/felipe/.vscode/extensions/uqbar.wollok-lsp-ide-0.3.6/out/server/src/server.js:37:57871\n    at Vr (/home/felipe/.vscode/extensions/uqbar.wollok-lsp-ide-0.3.6/out/server/src/server.js:8:1561)","timestamp":"2024-10-15T00:22:09.016Z"}
{"level":"error","message":"✘ Failed to rebuild document Failed to parse testGranja.wtest: \n-- PARSING FAILED --------------------------------------------------\n\n  139 | \n  140 |   test \"\"\n> 141 | }\n      | ^\n\nExpected one of the following: \n\n'@', '{', comment, whitespace\n","stack":"Error: Failed to parse testGranja.wtest: \n-- PARSING FAILED --------------------------------------------------\n\n  139 | \n  140 |   test \"\"\n> 141 | }\n      | ^\n\nExpected one of the following: \n\n'@', '{', comment, whitespace\n\n    at /home/felipe/.vscode/extensions/uqbar.wollok-lsp-ide-0.3.6/out/server/src/server.js:2254:32415\n    at Array.map (<anonymous>)\n    at Jfn (/home/felipe/.vscode/extensions/uqbar.wollok-lsp-ide-0.3.6/out/server/src/server.js:2254:32339)\n    at k2.buildEnvironmentFrom (/home/felipe/.vscode/extensions/uqbar.wollok-lsp-ide-0.3.6/out/server/src/server.js:2285:6721)\n    at k2.updateEnvironmentWith (/home/felipe/.vscode/extensions/uqbar.wollok-lsp-ide-0.3.6/out/server/src/server.js:2285:6456)\n    at jL (/home/felipe/.vscode/extensions/uqbar.wollok-lsp-ide-0.3.6/out/server/src/server.js:2298:2292)\n    at v3.invoke (/home/felipe/.vscode/extensions/uqbar.wollok-lsp-ide-0.3.6/out/server/src/server.js:3:157200)\n    at o.fire (/home/felipe/.vscode/extensions/uqbar.wollok-lsp-ide-0.3.6/out/server/src/server.js:3:157970)\n    at /home/felipe/.vscode/extensions/uqbar.wollok-lsp-ide-0.3.6/out/server/src/server.js:37:57871\n    at Vr (/home/felipe/.vscode/extensions/uqbar.wollok-lsp-ide-0.3.6/out/server/src/server.js:8:1561)","timestamp":"2024-10-15T00:22:09.414Z"}
{"level":"error","message":"✘ Failed to rebuild document Failed to parse testGranja.wtest: \n-- PARSING FAILED --------------------------------------------------\n\n  139 | \n  140 |   test \"R\"\n> 141 | }\n      | ^\n\nExpected one of the following: \n\n'@', '{', comment, whitespace\n","stack":"Error: Failed to parse testGranja.wtest: \n-- PARSING FAILED --------------------------------------------------\n\n  139 | \n  140 |   test \"R\"\n> 141 | }\n      | ^\n\nExpected one of the following: \n\n'@', '{', comment, whitespace\n\n    at /home/felipe/.vscode/extensions/uqbar.wollok-lsp-ide-0.3.6/out/server/src/server.js:2254:32415\n    at Array.map (<anonymous>)\n    at Jfn (/home/felipe/.vscode/extensions/uqbar.wollok-lsp-ide-0.3.6/out/server/src/server.js:2254:32339)\n    at k2.buildEnvironmentFrom (/home/felipe/.vscode/extensions/uqbar.wollok-lsp-ide-0.3.6/out/server/src/server.js:2285:6721)\n    at k2.updateEnvironmentWith (/home/felipe/.vscode/extensions/uqbar.wollok-lsp-ide-0.3.6/out/server/src/server.js:2285:6456)\n    at jL (/home/felipe/.vscode/extensions/uqbar.wollok-lsp-ide-0.3.6/out/server/src/server.js:2298:2292)\n    at v3.invoke (/home/felipe/.vscode/extensions/uqbar.wollok-lsp-ide-0.3.6/out/server/src/server.js:3:157200)\n    at o.fire (/home/felipe/.vscode/extensions/uqbar.wollok-lsp-ide-0.3.6/out/server/src/server.js:3:157970)\n    at /home/felipe/.vscode/extensions/uqbar.wollok-lsp-ide-0.3.6/out/server/src/server.js:37:57871\n    at Vr (/home/felipe/.vscode/extensions/uqbar.wollok-lsp-ide-0.3.6/out/server/src/server.js:8:1561)","timestamp":"2024-10-15T00:22:11.546Z"}
{"level":"error","message":"✘ Failed to rebuild document Failed to parse testGranja.wtest: \n-- PARSING FAILED --------------------------------------------------\n\n  139 | \n  140 |   test \"\"\n> 141 | }\n      | ^\n\nExpected one of the following: \n\n'@', '{', comment, whitespace\n","stack":"Error: Failed to parse testGranja.wtest: \n-- PARSING FAILED --------------------------------------------------\n\n  139 | \n  140 |   test \"\"\n> 141 | }\n      | ^\n\nExpected one of the following: \n\n'@', '{', comment, whitespace\n\n    at /home/felipe/.vscode/extensions/uqbar.wollok-lsp-ide-0.3.6/out/server/src/server.js:2254:32415\n    at Array.map (<anonymous>)\n    at Jfn (/home/felipe/.vscode/extensions/uqbar.wollok-lsp-ide-0.3.6/out/server/src/server.js:2254:32339)\n    at k2.buildEnvironmentFrom (/home/felipe/.vscode/extensions/uqbar.wollok-lsp-ide-0.3.6/out/server/src/server.js:2285:6721)\n    at k2.updateEnvironmentWith (/home/felipe/.vscode/extensions/uqbar.wollok-lsp-ide-0.3.6/out/server/src/server.js:2285:6456)\n    at jL (/home/felipe/.vscode/extensions/uqbar.wollok-lsp-ide-0.3.6/out/server/src/server.js:2298:2292)\n    at v3.invoke (/home/felipe/.vscode/extensions/uqbar.wollok-lsp-ide-0.3.6/out/server/src/server.js:3:157200)\n    at o.fire (/home/felipe/.vscode/extensions/uqbar.wollok-lsp-ide-0.3.6/out/server/src/server.js:3:157970)\n    at /home/felipe/.vscode/extensions/uqbar.wollok-lsp-ide-0.3.6/out/server/src/server.js:37:57871\n    at Vr (/home/felipe/.vscode/extensions/uqbar.wollok-lsp-ide-0.3.6/out/server/src/server.js:8:1561)","timestamp":"2024-10-15T00:22:12.337Z"}
{"level":"error","message":"✘ Failed to rebuild document Failed to parse testGranja.wtest: \n-- PARSING FAILED --------------------------------------------------\n\n  139 | \n  140 |   test \"A\"\n> 141 | }\n      | ^\n\nExpected one of the following: \n\n'@', '{', comment, whitespace\n","stack":"Error: Failed to parse testGranja.wtest: \n-- PARSING FAILED --------------------------------------------------\n\n  139 | \n  140 |   test \"A\"\n> 141 | }\n      | ^\n\nExpected one of the following: \n\n'@', '{', comment, whitespace\n\n    at /home/felipe/.vscode/extensions/uqbar.wollok-lsp-ide-0.3.6/out/server/src/server.js:2254:32415\n    at Array.map (<anonymous>)\n    at Jfn (/home/felipe/.vscode/extensions/uqbar.wollok-lsp-ide-0.3.6/out/server/src/server.js:2254:32339)\n    at k2.buildEnvironmentFrom (/home/felipe/.vscode/extensions/uqbar.wollok-lsp-ide-0.3.6/out/server/src/server.js:2285:6721)\n    at k2.updateEnvironmentWith (/home/felipe/.vscode/extensions/uqbar.wollok-lsp-ide-0.3.6/out/server/src/server.js:2285:6456)\n    at jL (/home/felipe/.vscode/extensions/uqbar.wollok-lsp-ide-0.3.6/out/server/src/server.js:2298:2292)\n    at v3.invoke (/home/felipe/.vscode/extensions/uqbar.wollok-lsp-ide-0.3.6/out/server/src/server.js:3:157200)\n    at o.fire (/home/felipe/.vscode/extensions/uqbar.wollok-lsp-ide-0.3.6/out/server/src/server.js:3:157970)\n    at /home/felipe/.vscode/extensions/uqbar.wollok-lsp-ide-0.3.6/out/server/src/server.js:37:57871\n    at Vr (/home/felipe/.vscode/extensions/uqbar.wollok-lsp-ide-0.3.6/out/server/src/server.js:8:1561)","timestamp":"2024-10-15T00:22:14.701Z"}
{"level":"error","message":"✘ Failed to rebuild document Failed to parse testGranja.wtest: \n-- PARSING FAILED --------------------------------------------------\n\n  139 | \n  140 |   test \"As\"\n> 141 | }\n      | ^\n\nExpected one of the following: \n\n'@', '{', comment, whitespace\n","stack":"Error: Failed to parse testGranja.wtest: \n-- PARSING FAILED --------------------------------------------------\n\n  139 | \n  140 |   test \"As\"\n> 141 | }\n      | ^\n\nExpected one of the following: \n\n'@', '{', comment, whitespace\n\n    at /home/felipe/.vscode/extensions/uqbar.wollok-lsp-ide-0.3.6/out/server/src/server.js:2254:32415\n    at Array.map (<anonymous>)\n    at Jfn (/home/felipe/.vscode/extensions/uqbar.wollok-lsp-ide-0.3.6/out/server/src/server.js:2254:32339)\n    at k2.buildEnvironmentFrom (/home/felipe/.vscode/extensions/uqbar.wollok-lsp-ide-0.3.6/out/server/src/server.js:2285:6721)\n    at k2.updateEnvironmentWith (/home/felipe/.vscode/extensions/uqbar.wollok-lsp-ide-0.3.6/out/server/src/server.js:2285:6456)\n    at jL (/home/felipe/.vscode/extensions/uqbar.wollok-lsp-ide-0.3.6/out/server/src/server.js:2298:2292)\n    at v3.invoke (/home/felipe/.vscode/extensions/uqbar.wollok-lsp-ide-0.3.6/out/server/src/server.js:3:157200)\n    at o.fire (/home/felipe/.vscode/extensions/uqbar.wollok-lsp-ide-0.3.6/out/server/src/server.js:3:157970)\n    at /home/felipe/.vscode/extensions/uqbar.wollok-lsp-ide-0.3.6/out/server/src/server.js:37:57871\n    at Vr (/home/felipe/.vscode/extensions/uqbar.wollok-lsp-ide-0.3.6/out/server/src/server.js:8:1561)","timestamp":"2024-10-15T00:22:15.269Z"}
{"level":"error","message":"✘ Failed to rebuild document Failed to parse testGranja.wtest: \n-- PARSING FAILED --------------------------------------------------\n\n  139 | \n  140 |   test \"Asp\"\n> 141 | }\n      | ^\n\nExpected one of the following: \n\n'@', '{', comment, whitespace\n","stack":"Error: Failed to parse testGranja.wtest: \n-- PARSING FAILED --------------------------------------------------\n\n  139 | \n  140 |   test \"Asp\"\n> 141 | }\n      | ^\n\nExpected one of the following: \n\n'@', '{', comment, whitespace\n\n    at /home/felipe/.vscode/extensions/uqbar.wollok-lsp-ide-0.3.6/out/server/src/server.js:2254:32415\n    at Array.map (<anonymous>)\n    at Jfn (/home/felipe/.vscode/extensions/uqbar.wollok-lsp-ide-0.3.6/out/server/src/server.js:2254:32339)\n    at k2.buildEnvironmentFrom (/home/felipe/.vscode/extensions/uqbar.wollok-lsp-ide-0.3.6/out/server/src/server.js:2285:6721)\n    at k2.updateEnvironmentWith (/home/felipe/.vscode/extensions/uqbar.wollok-lsp-ide-0.3.6/out/server/src/server.js:2285:6456)\n    at jL (/home/felipe/.vscode/extensions/uqbar.wollok-lsp-ide-0.3.6/out/server/src/server.js:2298:2292)\n    at v3.invoke (/home/felipe/.vscode/extensions/uqbar.wollok-lsp-ide-0.3.6/out/server/src/server.js:3:157200)\n    at o.fire (/home/felipe/.vscode/extensions/uqbar.wollok-lsp-ide-0.3.6/out/server/src/server.js:3:157970)\n    at /home/felipe/.vscode/extensions/uqbar.wollok-lsp-ide-0.3.6/out/server/src/server.js:37:57871\n    at Vr (/home/felipe/.vscode/extensions/uqbar.wollok-lsp-ide-0.3.6/out/server/src/server.js:8:1561)","timestamp":"2024-10-15T00:22:15.617Z"}
{"level":"error","message":"✘ Failed to rebuild document Failed to parse testGranja.wtest: \n-- PARSING FAILED --------------------------------------------------\n\n  139 | \n  140 |   test \"Aspe\"\n> 141 | }\n      | ^\n\nExpected one of the following: \n\n'@', '{', comment, whitespace\n","stack":"Error: Failed to parse testGranja.wtest: \n-- PARSING FAILED --------------------------------------------------\n\n  139 | \n  140 |   test \"Aspe\"\n> 141 | }\n      | ^\n\nExpected one of the following: \n\n'@', '{', comment, whitespace\n\n    at /home/felipe/.vscode/extensions/uqbar.wollok-lsp-ide-0.3.6/out/server/src/server.js:2254:32415\n    at Array.map (<anonymous>)\n    at Jfn (/home/felipe/.vscode/extensions/uqbar.wollok-lsp-ide-0.3.6/out/server/src/server.js:2254:32339)\n    at k2.buildEnvironmentFrom (/home/felipe/.vscode/extensions/uqbar.wollok-lsp-ide-0.3.6/out/server/src/server.js:2285:6721)\n    at k2.updateEnvironmentWith (/home/felipe/.vscode/extensions/uqbar.wollok-lsp-ide-0.3.6/out/server/src/server.js:2285:6456)\n    at jL (/home/felipe/.vscode/extensions/uqbar.wollok-lsp-ide-0.3.6/out/server/src/server.js:2298:2292)\n    at v3.invoke (/home/felipe/.vscode/extensions/uqbar.wollok-lsp-ide-0.3.6/out/server/src/server.js:3:157200)\n    at o.fire (/home/felipe/.vscode/extensions/uqbar.wollok-lsp-ide-0.3.6/out/server/src/server.js:3:157970)\n    at /home/felipe/.vscode/extensions/uqbar.wollok-lsp-ide-0.3.6/out/server/src/server.js:37:57871\n    at Vr (/home/felipe/.vscode/extensions/uqbar.wollok-lsp-ide-0.3.6/out/server/src/server.js:8:1561)","timestamp":"2024-10-15T00:22:15.906Z"}
{"level":"error","message":"✘ Failed to rebuild document Failed to parse testGranja.wtest: \n-- PARSING FAILED --------------------------------------------------\n\n  139 | \n  140 |   test \"Asper\"\n> 141 | }\n      | ^\n\nExpected one of the following: \n\n'@', '{', comment, whitespace\n","stack":"Error: Failed to parse testGranja.wtest: \n-- PARSING FAILED --------------------------------------------------\n\n  139 | \n  140 |   test \"Asper\"\n> 141 | }\n      | ^\n\nExpected one of the following: \n\n'@', '{', comment, whitespace\n\n    at /home/felipe/.vscode/extensions/uqbar.wollok-lsp-ide-0.3.6/out/server/src/server.js:2254:32415\n    at Array.map (<anonymous>)\n    at Jfn (/home/felipe/.vscode/extensions/uqbar.wollok-lsp-ide-0.3.6/out/server/src/server.js:2254:32339)\n    at k2.buildEnvironmentFrom (/home/felipe/.vscode/extensions/uqbar.wollok-lsp-ide-0.3.6/out/server/src/server.js:2285:6721)\n    at k2.updateEnvironmentWith (/home/felipe/.vscode/extensions/uqbar.wollok-lsp-ide-0.3.6/out/server/src/server.js:2285:6456)\n    at jL (/home/felipe/.vscode/extensions/uqbar.wollok-lsp-ide-0.3.6/out/server/src/server.js:2298:2292)\n    at v3.invoke (/home/felipe/.vscode/extensions/uqbar.wollok-lsp-ide-0.3.6/out/server/src/server.js:3:157200)\n    at o.fire (/home/felipe/.vscode/extensions/uqbar.wollok-lsp-ide-0.3.6/out/server/src/server.js:3:157970)\n    at /home/felipe/.vscode/extensions/uqbar.wollok-lsp-ide-0.3.6/out/server/src/server.js:37:57871\n    at Vr (/home/felipe/.vscode/extensions/uqbar.wollok-lsp-ide-0.3.6/out/server/src/server.js:8:1561)","timestamp":"2024-10-15T00:22:16.978Z"}
{"level":"error","message":"✘ Failed to rebuild document Failed to parse testGranja.wtest: \n-- PARSING FAILED --------------------------------------------------\n\n  139 | \n  140 |   test \"Aspers\"\n> 141 | }\n      | ^\n\nExpected one of the following: \n\n'@', '{', comment, whitespace\n","stack":"Error: Failed to parse testGranja.wtest: \n-- PARSING FAILED --------------------------------------------------\n\n  139 | \n  140 |   test \"Aspers\"\n> 141 | }\n      | ^\n\nExpected one of the following: \n\n'@', '{', comment, whitespace\n\n    at /home/felipe/.vscode/extensions/uqbar.wollok-lsp-ide-0.3.6/out/server/src/server.js:2254:32415\n    at Array.map (<anonymous>)\n    at Jfn (/home/felipe/.vscode/extensions/uqbar.wollok-lsp-ide-0.3.6/out/server/src/server.js:2254:32339)\n    at k2.buildEnvironmentFrom (/home/felipe/.vscode/extensions/uqbar.wollok-lsp-ide-0.3.6/out/server/src/server.js:2285:6721)\n    at k2.updateEnvironmentWith (/home/felipe/.vscode/extensions/uqbar.wollok-lsp-ide-0.3.6/out/server/src/server.js:2285:6456)\n    at jL (/home/felipe/.vscode/extensions/uqbar.wollok-lsp-ide-0.3.6/out/server/src/server.js:2298:2292)\n    at v3.invoke (/home/felipe/.vscode/extensions/uqbar.wollok-lsp-ide-0.3.6/out/server/src/server.js:3:157200)\n    at o.fire (/home/felipe/.vscode/extensions/uqbar.wollok-lsp-ide-0.3.6/out/server/src/server.js:3:157970)\n    at /home/felipe/.vscode/extensions/uqbar.wollok-lsp-ide-0.3.6/out/server/src/server.js:37:57871\n    at Vr (/home/felipe/.vscode/extensions/uqbar.wollok-lsp-ide-0.3.6/out/server/src/server.js:8:1561)","timestamp":"2024-10-15T00:22:17.548Z"}
{"level":"error","message":"✘ Failed to rebuild document Failed to parse testGranja.wtest: \n-- PARSING FAILED --------------------------------------------------\n\n  139 | \n  140 |   test \"Asperso\"\n> 141 | }\n      | ^\n\nExpected one of the following: \n\n'@', '{', comment, whitespace\n","stack":"Error: Failed to parse testGranja.wtest: \n-- PARSING FAILED --------------------------------------------------\n\n  139 | \n  140 |   test \"Asperso\"\n> 141 | }\n      | ^\n\nExpected one of the following: \n\n'@', '{', comment, whitespace\n\n    at /home/felipe/.vscode/extensions/uqbar.wollok-lsp-ide-0.3.6/out/server/src/server.js:2254:32415\n    at Array.map (<anonymous>)\n    at Jfn (/home/felipe/.vscode/extensions/uqbar.wollok-lsp-ide-0.3.6/out/server/src/server.js:2254:32339)\n    at k2.buildEnvironmentFrom (/home/felipe/.vscode/extensions/uqbar.wollok-lsp-ide-0.3.6/out/server/src/server.js:2285:6721)\n    at k2.updateEnvironmentWith (/home/felipe/.vscode/extensions/uqbar.wollok-lsp-ide-0.3.6/out/server/src/server.js:2285:6456)\n    at jL (/home/felipe/.vscode/extensions/uqbar.wollok-lsp-ide-0.3.6/out/server/src/server.js:2298:2292)\n    at v3.invoke (/home/felipe/.vscode/extensions/uqbar.wollok-lsp-ide-0.3.6/out/server/src/server.js:3:157200)\n    at o.fire (/home/felipe/.vscode/extensions/uqbar.wollok-lsp-ide-0.3.6/out/server/src/server.js:3:157970)\n    at /home/felipe/.vscode/extensions/uqbar.wollok-lsp-ide-0.3.6/out/server/src/server.js:37:57871\n    at Vr (/home/felipe/.vscode/extensions/uqbar.wollok-lsp-ide-0.3.6/out/server/src/server.js:8:1561)","timestamp":"2024-10-15T00:22:17.630Z"}
{"level":"error","message":"✘ Failed to rebuild document Failed to parse testGranja.wtest: \n-- PARSING FAILED --------------------------------------------------\n\n  139 | \n  140 |   test \"Aspersor\"\n> 141 | }\n      | ^\n\nExpected one of the following: \n\n'@', '{', comment, whitespace\n","stack":"Error: Failed to parse testGranja.wtest: \n-- PARSING FAILED --------------------------------------------------\n\n  139 | \n  140 |   test \"Aspersor\"\n> 141 | }\n      | ^\n\nExpected one of the following: \n\n'@', '{', comment, whitespace\n\n    at /home/felipe/.vscode/extensions/uqbar.wollok-lsp-ide-0.3.6/out/server/src/server.js:2254:32415\n    at Array.map (<anonymous>)\n    at Jfn (/home/felipe/.vscode/extensions/uqbar.wollok-lsp-ide-0.3.6/out/server/src/server.js:2254:32339)\n    at k2.buildEnvironmentFrom (/home/felipe/.vscode/extensions/uqbar.wollok-lsp-ide-0.3.6/out/server/src/server.js:2285:6721)\n    at k2.updateEnvironmentWith (/home/felipe/.vscode/extensions/uqbar.wollok-lsp-ide-0.3.6/out/server/src/server.js:2285:6456)\n    at jL (/home/felipe/.vscode/extensions/uqbar.wollok-lsp-ide-0.3.6/out/server/src/server.js:2298:2292)\n    at v3.invoke (/home/felipe/.vscode/extensions/uqbar.wollok-lsp-ide-0.3.6/out/server/src/server.js:3:157200)\n    at o.fire (/home/felipe/.vscode/extensions/uqbar.wollok-lsp-ide-0.3.6/out/server/src/server.js:3:157970)\n    at /home/felipe/.vscode/extensions/uqbar.wollok-lsp-ide-0.3.6/out/server/src/server.js:37:57871\n    at Vr (/home/felipe/.vscode/extensions/uqbar.wollok-lsp-ide-0.3.6/out/server/src/server.js:8:1561)","timestamp":"2024-10-15T00:22:19.437Z"}
{"level":"error","message":"✘ Failed to rebuild document Failed to parse testGranja.wtest: \n-- PARSING FAILED --------------------------------------------------\n\n  139 | \n  140 |   test \"Aspersore\"\n> 141 | }\n      | ^\n\nExpected one of the following: \n\n'@', '{', comment, whitespace\n","stack":"Error: Failed to parse testGranja.wtest: \n-- PARSING FAILED --------------------------------------------------\n\n  139 | \n  140 |   test \"Aspersore\"\n> 141 | }\n      | ^\n\nExpected one of the following: \n\n'@', '{', comment, whitespace\n\n    at /home/felipe/.vscode/extensions/uqbar.wollok-lsp-ide-0.3.6/out/server/src/server.js:2254:32415\n    at Array.map (<anonymous>)\n    at Jfn (/home/felipe/.vscode/extensions/uqbar.wollok-lsp-ide-0.3.6/out/server/src/server.js:2254:32339)\n    at k2.buildEnvironmentFrom (/home/felipe/.vscode/extensions/uqbar.wollok-lsp-ide-0.3.6/out/server/src/server.js:2285:6721)\n    at k2.updateEnvironmentWith (/home/felipe/.vscode/extensions/uqbar.wollok-lsp-ide-0.3.6/out/server/src/server.js:2285:6456)\n    at jL (/home/felipe/.vscode/extensions/uqbar.wollok-lsp-ide-0.3.6/out/server/src/server.js:2298:2292)\n    at v3.invoke (/home/felipe/.vscode/extensions/uqbar.wollok-lsp-ide-0.3.6/out/server/src/server.js:3:157200)\n    at o.fire (/home/felipe/.vscode/extensions/uqbar.wollok-lsp-ide-0.3.6/out/server/src/server.js:3:157970)\n    at /home/felipe/.vscode/extensions/uqbar.wollok-lsp-ide-0.3.6/out/server/src/server.js:37:57871\n    at Vr (/home/felipe/.vscode/extensions/uqbar.wollok-lsp-ide-0.3.6/out/server/src/server.js:8:1561)","timestamp":"2024-10-15T00:22:19.595Z"}
{"level":"error","message":"✘ Failed to rebuild document Failed to parse testGranja.wtest: \n-- PARSING FAILED --------------------------------------------------\n\n  139 | \n  140 |   test \"Aspersores\"\n> 141 | }\n      | ^\n\nExpected one of the following: \n\n'@', '{', comment, whitespace\n","stack":"Error: Failed to parse testGranja.wtest: \n-- PARSING FAILED --------------------------------------------------\n\n  139 | \n  140 |   test \"Aspersores\"\n> 141 | }\n      | ^\n\nExpected one of the following: \n\n'@', '{', comment, whitespace\n\n    at /home/felipe/.vscode/extensions/uqbar.wollok-lsp-ide-0.3.6/out/server/src/server.js:2254:32415\n    at Array.map (<anonymous>)\n    at Jfn (/home/felipe/.vscode/extensions/uqbar.wollok-lsp-ide-0.3.6/out/server/src/server.js:2254:32339)\n    at k2.buildEnvironmentFrom (/home/felipe/.vscode/extensions/uqbar.wollok-lsp-ide-0.3.6/out/server/src/server.js:2285:6721)\n    at k2.updateEnvironmentWith (/home/felipe/.vscode/extensions/uqbar.wollok-lsp-ide-0.3.6/out/server/src/server.js:2285:6456)\n    at jL (/home/felipe/.vscode/extensions/uqbar.wollok-lsp-ide-0.3.6/out/server/src/server.js:2298:2292)\n    at v3.invoke (/home/felipe/.vscode/extensions/uqbar.wollok-lsp-ide-0.3.6/out/server/src/server.js:3:157200)\n    at o.fire (/home/felipe/.vscode/extensions/uqbar.wollok-lsp-ide-0.3.6/out/server/src/server.js:3:157970)\n    at /home/felipe/.vscode/extensions/uqbar.wollok-lsp-ide-0.3.6/out/server/src/server.js:37:57871\n    at Vr (/home/felipe/.vscode/extensions/uqbar.wollok-lsp-ide-0.3.6/out/server/src/server.js:8:1561)","timestamp":"2024-10-15T00:22:19.800Z"}
{"level":"error","message":"✘ Failed to rebuild document Failed to parse testGranja.wtest: \n-- PARSING FAILED --------------------------------------------------\n\n  139 | \n  140 |   test \"Aspersores \"\n> 141 | }\n      | ^\n\nExpected one of the following: \n\n'@', '{', comment, whitespace\n","stack":"Error: Failed to parse testGranja.wtest: \n-- PARSING FAILED --------------------------------------------------\n\n  139 | \n  140 |   test \"Aspersores \"\n> 141 | }\n      | ^\n\nExpected one of the following: \n\n'@', '{', comment, whitespace\n\n    at /home/felipe/.vscode/extensions/uqbar.wollok-lsp-ide-0.3.6/out/server/src/server.js:2254:32415\n    at Array.map (<anonymous>)\n    at Jfn (/home/felipe/.vscode/extensions/uqbar.wollok-lsp-ide-0.3.6/out/server/src/server.js:2254:32339)\n    at k2.buildEnvironmentFrom (/home/felipe/.vscode/extensions/uqbar.wollok-lsp-ide-0.3.6/out/server/src/server.js:2285:6721)\n    at k2.updateEnvironmentWith (/home/felipe/.vscode/extensions/uqbar.wollok-lsp-ide-0.3.6/out/server/src/server.js:2285:6456)\n    at jL (/home/felipe/.vscode/extensions/uqbar.wollok-lsp-ide-0.3.6/out/server/src/server.js:2298:2292)\n    at v3.invoke (/home/felipe/.vscode/extensions/uqbar.wollok-lsp-ide-0.3.6/out/server/src/server.js:3:157200)\n    at o.fire (/home/felipe/.vscode/extensions/uqbar.wollok-lsp-ide-0.3.6/out/server/src/server.js:3:157970)\n    at /home/felipe/.vscode/extensions/uqbar.wollok-lsp-ide-0.3.6/out/server/src/server.js:37:57871\n    at Vr (/home/felipe/.vscode/extensions/uqbar.wollok-lsp-ide-0.3.6/out/server/src/server.js:8:1561)","timestamp":"2024-10-15T00:22:19.987Z"}
{"level":"error","message":"✘ Failed to rebuild document Failed to parse testGranja.wtest: \n-- PARSING FAILED --------------------------------------------------\n\n  139 | \n  140 |   test \"Aspersores r\"\n> 141 | }\n      | ^\n\nExpected one of the following: \n\n'@', '{', comment, whitespace\n","stack":"Error: Failed to parse testGranja.wtest: \n-- PARSING FAILED --------------------------------------------------\n\n  139 | \n  140 |   test \"Aspersores r\"\n> 141 | }\n      | ^\n\nExpected one of the following: \n\n'@', '{', comment, whitespace\n\n    at /home/felipe/.vscode/extensions/uqbar.wollok-lsp-ide-0.3.6/out/server/src/server.js:2254:32415\n    at Array.map (<anonymous>)\n    at Jfn (/home/felipe/.vscode/extensions/uqbar.wollok-lsp-ide-0.3.6/out/server/src/server.js:2254:32339)\n    at k2.buildEnvironmentFrom (/home/felipe/.vscode/extensions/uqbar.wollok-lsp-ide-0.3.6/out/server/src/server.js:2285:6721)\n    at k2.updateEnvironmentWith (/home/felipe/.vscode/extensions/uqbar.wollok-lsp-ide-0.3.6/out/server/src/server.js:2285:6456)\n    at jL (/home/felipe/.vscode/extensions/uqbar.wollok-lsp-ide-0.3.6/out/server/src/server.js:2298:2292)\n    at v3.invoke (/home/felipe/.vscode/extensions/uqbar.wollok-lsp-ide-0.3.6/out/server/src/server.js:3:157200)\n    at o.fire (/home/felipe/.vscode/extensions/uqbar.wollok-lsp-ide-0.3.6/out/server/src/server.js:3:157970)\n    at /home/felipe/.vscode/extensions/uqbar.wollok-lsp-ide-0.3.6/out/server/src/server.js:37:57871\n    at Vr (/home/felipe/.vscode/extensions/uqbar.wollok-lsp-ide-0.3.6/out/server/src/server.js:8:1561)","timestamp":"2024-10-15T00:22:20.557Z"}
{"level":"error","message":"✘ Failed to rebuild document Failed to parse testGranja.wtest: \n-- PARSING FAILED --------------------------------------------------\n\n  139 | \n  140 |   test \"Aspersores ri\"\n> 141 | }\n      | ^\n\nExpected one of the following: \n\n'@', '{', comment, whitespace\n","stack":"Error: Failed to parse testGranja.wtest: \n-- PARSING FAILED --------------------------------------------------\n\n  139 | \n  140 |   test \"Aspersores ri\"\n> 141 | }\n      | ^\n\nExpected one of the following: \n\n'@', '{', comment, whitespace\n\n    at /home/felipe/.vscode/extensions/uqbar.wollok-lsp-ide-0.3.6/out/server/src/server.js:2254:32415\n    at Array.map (<anonymous>)\n    at Jfn (/home/felipe/.vscode/extensions/uqbar.wollok-lsp-ide-0.3.6/out/server/src/server.js:2254:32339)\n    at k2.buildEnvironmentFrom (/home/felipe/.vscode/extensions/uqbar.wollok-lsp-ide-0.3.6/out/server/src/server.js:2285:6721)\n    at k2.updateEnvironmentWith (/home/felipe/.vscode/extensions/uqbar.wollok-lsp-ide-0.3.6/out/server/src/server.js:2285:6456)\n    at jL (/home/felipe/.vscode/extensions/uqbar.wollok-lsp-ide-0.3.6/out/server/src/server.js:2298:2292)\n    at v3.invoke (/home/felipe/.vscode/extensions/uqbar.wollok-lsp-ide-0.3.6/out/server/src/server.js:3:157200)\n    at o.fire (/home/felipe/.vscode/extensions/uqbar.wollok-lsp-ide-0.3.6/out/server/src/server.js:3:157970)\n    at /home/felipe/.vscode/extensions/uqbar.wollok-lsp-ide-0.3.6/out/server/src/server.js:37:57871\n    at Vr (/home/felipe/.vscode/extensions/uqbar.wollok-lsp-ide-0.3.6/out/server/src/server.js:8:1561)","timestamp":"2024-10-15T00:22:20.669Z"}
{"level":"error","message":"✘ Failed to rebuild document Failed to parse testGranja.wtest: \n-- PARSING FAILED --------------------------------------------------\n\n  139 | \n  140 |   test \"Aspersores rie\"\n> 141 | }\n      | ^\n\nExpected one of the following: \n\n'@', '{', comment, whitespace\n","stack":"Error: Failed to parse testGranja.wtest: \n-- PARSING FAILED --------------------------------------------------\n\n  139 | \n  140 |   test \"Aspersores rie\"\n> 141 | }\n      | ^\n\nExpected one of the following: \n\n'@', '{', comment, whitespace\n\n    at /home/felipe/.vscode/extensions/uqbar.wollok-lsp-ide-0.3.6/out/server/src/server.js:2254:32415\n    at Array.map (<anonymous>)\n    at Jfn (/home/felipe/.vscode/extensions/uqbar.wollok-lsp-ide-0.3.6/out/server/src/server.js:2254:32339)\n    at k2.buildEnvironmentFrom (/home/felipe/.vscode/extensions/uqbar.wollok-lsp-ide-0.3.6/out/server/src/server.js:2285:6721)\n    at k2.updateEnvironmentWith (/home/felipe/.vscode/extensions/uqbar.wollok-lsp-ide-0.3.6/out/server/src/server.js:2285:6456)\n    at jL (/home/felipe/.vscode/extensions/uqbar.wollok-lsp-ide-0.3.6/out/server/src/server.js:2298:2292)\n    at v3.invoke (/home/felipe/.vscode/extensions/uqbar.wollok-lsp-ide-0.3.6/out/server/src/server.js:3:157200)\n    at o.fire (/home/felipe/.vscode/extensions/uqbar.wollok-lsp-ide-0.3.6/out/server/src/server.js:3:157970)\n    at /home/felipe/.vscode/extensions/uqbar.wollok-lsp-ide-0.3.6/out/server/src/server.js:37:57871\n    at Vr (/home/felipe/.vscode/extensions/uqbar.wollok-lsp-ide-0.3.6/out/server/src/server.js:8:1561)","timestamp":"2024-10-15T00:22:20.759Z"}
{"level":"error","message":"✘ Failed to rebuild document Failed to parse testGranja.wtest: \n-- PARSING FAILED --------------------------------------------------\n\n  139 | \n  140 |   test \"Aspersores rieg\"\n> 141 | }\n      | ^\n\nExpected one of the following: \n\n'@', '{', comment, whitespace\n","stack":"Error: Failed to parse testGranja.wtest: \n-- PARSING FAILED --------------------------------------------------\n\n  139 | \n  140 |   test \"Aspersores rieg\"\n> 141 | }\n      | ^\n\nExpected one of the following: \n\n'@', '{', comment, whitespace\n\n    at /home/felipe/.vscode/extensions/uqbar.wollok-lsp-ide-0.3.6/out/server/src/server.js:2254:32415\n    at Array.map (<anonymous>)\n    at Jfn (/home/felipe/.vscode/extensions/uqbar.wollok-lsp-ide-0.3.6/out/server/src/server.js:2254:32339)\n    at k2.buildEnvironmentFrom (/home/felipe/.vscode/extensions/uqbar.wollok-lsp-ide-0.3.6/out/server/src/server.js:2285:6721)\n    at k2.updateEnvironmentWith (/home/felipe/.vscode/extensions/uqbar.wollok-lsp-ide-0.3.6/out/server/src/server.js:2285:6456)\n    at jL (/home/felipe/.vscode/extensions/uqbar.wollok-lsp-ide-0.3.6/out/server/src/server.js:2298:2292)\n    at v3.invoke (/home/felipe/.vscode/extensions/uqbar.wollok-lsp-ide-0.3.6/out/server/src/server.js:3:157200)\n    at o.fire (/home/felipe/.vscode/extensions/uqbar.wollok-lsp-ide-0.3.6/out/server/src/server.js:3:157970)\n    at /home/felipe/.vscode/extensions/uqbar.wollok-lsp-ide-0.3.6/out/server/src/server.js:37:57871\n    at Vr (/home/felipe/.vscode/extensions/uqbar.wollok-lsp-ide-0.3.6/out/server/src/server.js:8:1561)","timestamp":"2024-10-15T00:22:20.954Z"}
{"level":"error","message":"✘ Failed to rebuild document Failed to parse testGranja.wtest: \n-- PARSING FAILED --------------------------------------------------\n\n  139 | \n  140 |   test \"Aspersores riega\"\n> 141 | }\n      | ^\n\nExpected one of the following: \n\n'@', '{', comment, whitespace\n","stack":"Error: Failed to parse testGranja.wtest: \n-- PARSING FAILED --------------------------------------------------\n\n  139 | \n  140 |   test \"Aspersores riega\"\n> 141 | }\n      | ^\n\nExpected one of the following: \n\n'@', '{', comment, whitespace\n\n    at /home/felipe/.vscode/extensions/uqbar.wollok-lsp-ide-0.3.6/out/server/src/server.js:2254:32415\n    at Array.map (<anonymous>)\n    at Jfn (/home/felipe/.vscode/extensions/uqbar.wollok-lsp-ide-0.3.6/out/server/src/server.js:2254:32339)\n    at k2.buildEnvironmentFrom (/home/felipe/.vscode/extensions/uqbar.wollok-lsp-ide-0.3.6/out/server/src/server.js:2285:6721)\n    at k2.updateEnvironmentWith (/home/felipe/.vscode/extensions/uqbar.wollok-lsp-ide-0.3.6/out/server/src/server.js:2285:6456)\n    at jL (/home/felipe/.vscode/extensions/uqbar.wollok-lsp-ide-0.3.6/out/server/src/server.js:2298:2292)\n    at v3.invoke (/home/felipe/.vscode/extensions/uqbar.wollok-lsp-ide-0.3.6/out/server/src/server.js:3:157200)\n    at o.fire (/home/felipe/.vscode/extensions/uqbar.wollok-lsp-ide-0.3.6/out/server/src/server.js:3:157970)\n    at /home/felipe/.vscode/extensions/uqbar.wollok-lsp-ide-0.3.6/out/server/src/server.js:37:57871\n    at Vr (/home/felipe/.vscode/extensions/uqbar.wollok-lsp-ide-0.3.6/out/server/src/server.js:8:1561)","timestamp":"2024-10-15T00:22:21.045Z"}
{"level":"error","message":"✘ Failed to rebuild document Failed to parse testGranja.wtest: \n-- PARSING FAILED --------------------------------------------------\n\n  139 | \n  140 |   test \"Aspersores riegan\"\n> 141 | }\n      | ^\n\nExpected one of the following: \n\n'@', '{', comment, whitespace\n","stack":"Error: Failed to parse testGranja.wtest: \n-- PARSING FAILED --------------------------------------------------\n\n  139 | \n  140 |   test \"Aspersores riegan\"\n> 141 | }\n      | ^\n\nExpected one of the following: \n\n'@', '{', comment, whitespace\n\n    at /home/felipe/.vscode/extensions/uqbar.wollok-lsp-ide-0.3.6/out/server/src/server.js:2254:32415\n    at Array.map (<anonymous>)\n    at Jfn (/home/felipe/.vscode/extensions/uqbar.wollok-lsp-ide-0.3.6/out/server/src/server.js:2254:32339)\n    at k2.buildEnvironmentFrom (/home/felipe/.vscode/extensions/uqbar.wollok-lsp-ide-0.3.6/out/server/src/server.js:2285:6721)\n    at k2.updateEnvironmentWith (/home/felipe/.vscode/extensions/uqbar.wollok-lsp-ide-0.3.6/out/server/src/server.js:2285:6456)\n    at jL (/home/felipe/.vscode/extensions/uqbar.wollok-lsp-ide-0.3.6/out/server/src/server.js:2298:2292)\n    at v3.invoke (/home/felipe/.vscode/extensions/uqbar.wollok-lsp-ide-0.3.6/out/server/src/server.js:3:157200)\n    at o.fire (/home/felipe/.vscode/extensions/uqbar.wollok-lsp-ide-0.3.6/out/server/src/server.js:3:157970)\n    at /home/felipe/.vscode/extensions/uqbar.wollok-lsp-ide-0.3.6/out/server/src/server.js:37:57871\n    at Vr (/home/felipe/.vscode/extensions/uqbar.wollok-lsp-ide-0.3.6/out/server/src/server.js:8:1561)","timestamp":"2024-10-15T00:22:21.175Z"}
{"level":"error","message":"✘ Failed to rebuild document Failed to parse testGranja.wtest: \n-- PARSING FAILED --------------------------------------------------\n\n  139 | \n  140 |   test \"Aspersores riegan \"\n> 141 | }\n      | ^\n\nExpected one of the following: \n\n'@', '{', comment, whitespace\n","stack":"Error: Failed to parse testGranja.wtest: \n-- PARSING FAILED --------------------------------------------------\n\n  139 | \n  140 |   test \"Aspersores riegan \"\n> 141 | }\n      | ^\n\nExpected one of the following: \n\n'@', '{', comment, whitespace\n\n    at /home/felipe/.vscode/extensions/uqbar.wollok-lsp-ide-0.3.6/out/server/src/server.js:2254:32415\n    at Array.map (<anonymous>)\n    at Jfn (/home/felipe/.vscode/extensions/uqbar.wollok-lsp-ide-0.3.6/out/server/src/server.js:2254:32339)\n    at k2.buildEnvironmentFrom (/home/felipe/.vscode/extensions/uqbar.wollok-lsp-ide-0.3.6/out/server/src/server.js:2285:6721)\n    at k2.updateEnvironmentWith (/home/felipe/.vscode/extensions/uqbar.wollok-lsp-ide-0.3.6/out/server/src/server.js:2285:6456)\n    at jL (/home/felipe/.vscode/extensions/uqbar.wollok-lsp-ide-0.3.6/out/server/src/server.js:2298:2292)\n    at v3.invoke (/home/felipe/.vscode/extensions/uqbar.wollok-lsp-ide-0.3.6/out/server/src/server.js:3:157200)\n    at o.fire (/home/felipe/.vscode/extensions/uqbar.wollok-lsp-ide-0.3.6/out/server/src/server.js:3:157970)\n    at /home/felipe/.vscode/extensions/uqbar.wollok-lsp-ide-0.3.6/out/server/src/server.js:37:57871\n    at Vr (/home/felipe/.vscode/extensions/uqbar.wollok-lsp-ide-0.3.6/out/server/src/server.js:8:1561)","timestamp":"2024-10-15T00:22:21.346Z"}
{"level":"error","message":"✘ Failed to rebuild document Failed to parse testGranja.wtest: \n-- PARSING FAILED --------------------------------------------------\n\n  139 | \n  140 |   test \"Aspersores riegan a\"\n> 141 | }\n      | ^\n\nExpected one of the following: \n\n'@', '{', comment, whitespace\n","stack":"Error: Failed to parse testGranja.wtest: \n-- PARSING FAILED --------------------------------------------------\n\n  139 | \n  140 |   test \"Aspersores riegan a\"\n> 141 | }\n      | ^\n\nExpected one of the following: \n\n'@', '{', comment, whitespace\n\n    at /home/felipe/.vscode/extensions/uqbar.wollok-lsp-ide-0.3.6/out/server/src/server.js:2254:32415\n    at Array.map (<anonymous>)\n    at Jfn (/home/felipe/.vscode/extensions/uqbar.wollok-lsp-ide-0.3.6/out/server/src/server.js:2254:32339)\n    at k2.buildEnvironmentFrom (/home/felipe/.vscode/extensions/uqbar.wollok-lsp-ide-0.3.6/out/server/src/server.js:2285:6721)\n    at k2.updateEnvironmentWith (/home/felipe/.vscode/extensions/uqbar.wollok-lsp-ide-0.3.6/out/server/src/server.js:2285:6456)\n    at jL (/home/felipe/.vscode/extensions/uqbar.wollok-lsp-ide-0.3.6/out/server/src/server.js:2298:2292)\n    at v3.invoke (/home/felipe/.vscode/extensions/uqbar.wollok-lsp-ide-0.3.6/out/server/src/server.js:3:157200)\n    at o.fire (/home/felipe/.vscode/extensions/uqbar.wollok-lsp-ide-0.3.6/out/server/src/server.js:3:157970)\n    at /home/felipe/.vscode/extensions/uqbar.wollok-lsp-ide-0.3.6/out/server/src/server.js:37:57871\n    at Vr (/home/felipe/.vscode/extensions/uqbar.wollok-lsp-ide-0.3.6/out/server/src/server.js:8:1561)","timestamp":"2024-10-15T00:22:21.443Z"}
{"level":"error","message":"✘ Failed to rebuild document Failed to parse testGranja.wtest: \n-- PARSING FAILED --------------------------------------------------\n\n  139 | \n  140 |   test \"Aspersores riegan al\"\n> 141 | }\n      | ^\n\nExpected one of the following: \n\n'@', '{', comment, whitespace\n","stack":"Error: Failed to parse testGranja.wtest: \n-- PARSING FAILED --------------------------------------------------\n\n  139 | \n  140 |   test \"Aspersores riegan al\"\n> 141 | }\n      | ^\n\nExpected one of the following: \n\n'@', '{', comment, whitespace\n\n    at /home/felipe/.vscode/extensions/uqbar.wollok-lsp-ide-0.3.6/out/server/src/server.js:2254:32415\n    at Array.map (<anonymous>)\n    at Jfn (/home/felipe/.vscode/extensions/uqbar.wollok-lsp-ide-0.3.6/out/server/src/server.js:2254:32339)\n    at k2.buildEnvironmentFrom (/home/felipe/.vscode/extensions/uqbar.wollok-lsp-ide-0.3.6/out/server/src/server.js:2285:6721)\n    at k2.updateEnvironmentWith (/home/felipe/.vscode/extensions/uqbar.wollok-lsp-ide-0.3.6/out/server/src/server.js:2285:6456)\n    at jL (/home/felipe/.vscode/extensions/uqbar.wollok-lsp-ide-0.3.6/out/server/src/server.js:2298:2292)\n    at v3.invoke (/home/felipe/.vscode/extensions/uqbar.wollok-lsp-ide-0.3.6/out/server/src/server.js:3:157200)\n    at o.fire (/home/felipe/.vscode/extensions/uqbar.wollok-lsp-ide-0.3.6/out/server/src/server.js:3:157970)\n    at /home/felipe/.vscode/extensions/uqbar.wollok-lsp-ide-0.3.6/out/server/src/server.js:37:57871\n    at Vr (/home/felipe/.vscode/extensions/uqbar.wollok-lsp-ide-0.3.6/out/server/src/server.js:8:1561)","timestamp":"2024-10-15T00:22:21.538Z"}
{"level":"error","message":"✘ Failed to rebuild document Failed to parse testGranja.wtest: \n-- PARSING FAILED --------------------------------------------------\n\n  139 | \n  140 |   test \"Aspersores riegan al \"\n> 141 | }\n      | ^\n\nExpected one of the following: \n\n'@', '{', comment, whitespace\n","stack":"Error: Failed to parse testGranja.wtest: \n-- PARSING FAILED --------------------------------------------------\n\n  139 | \n  140 |   test \"Aspersores riegan al \"\n> 141 | }\n      | ^\n\nExpected one of the following: \n\n'@', '{', comment, whitespace\n\n    at /home/felipe/.vscode/extensions/uqbar.wollok-lsp-ide-0.3.6/out/server/src/server.js:2254:32415\n    at Array.map (<anonymous>)\n    at Jfn (/home/felipe/.vscode/extensions/uqbar.wollok-lsp-ide-0.3.6/out/server/src/server.js:2254:32339)\n    at k2.buildEnvironmentFrom (/home/felipe/.vscode/extensions/uqbar.wollok-lsp-ide-0.3.6/out/server/src/server.js:2285:6721)\n    at k2.updateEnvironmentWith (/home/felipe/.vscode/extensions/uqbar.wollok-lsp-ide-0.3.6/out/server/src/server.js:2285:6456)\n    at jL (/home/felipe/.vscode/extensions/uqbar.wollok-lsp-ide-0.3.6/out/server/src/server.js:2298:2292)\n    at v3.invoke (/home/felipe/.vscode/extensions/uqbar.wollok-lsp-ide-0.3.6/out/server/src/server.js:3:157200)\n    at o.fire (/home/felipe/.vscode/extensions/uqbar.wollok-lsp-ide-0.3.6/out/server/src/server.js:3:157970)\n    at /home/felipe/.vscode/extensions/uqbar.wollok-lsp-ide-0.3.6/out/server/src/server.js:37:57871\n    at Vr (/home/felipe/.vscode/extensions/uqbar.wollok-lsp-ide-0.3.6/out/server/src/server.js:8:1561)","timestamp":"2024-10-15T00:22:21.705Z"}
{"level":"error","message":"✘ Failed to rebuild document Failed to parse testGranja.wtest: \n-- PARSING FAILED --------------------------------------------------\n\n  139 | \n  140 |   test \"Aspersores riegan al m\"\n> 141 | }\n      | ^\n\nExpected one of the following: \n\n'@', '{', comment, whitespace\n","stack":"Error: Failed to parse testGranja.wtest: \n-- PARSING FAILED --------------------------------------------------\n\n  139 | \n  140 |   test \"Aspersores riegan al m\"\n> 141 | }\n      | ^\n\nExpected one of the following: \n\n'@', '{', comment, whitespace\n\n    at /home/felipe/.vscode/extensions/uqbar.wollok-lsp-ide-0.3.6/out/server/src/server.js:2254:32415\n    at Array.map (<anonymous>)\n    at Jfn (/home/felipe/.vscode/extensions/uqbar.wollok-lsp-ide-0.3.6/out/server/src/server.js:2254:32339)\n    at k2.buildEnvironmentFrom (/home/felipe/.vscode/extensions/uqbar.wollok-lsp-ide-0.3.6/out/server/src/server.js:2285:6721)\n    at k2.updateEnvironmentWith (/home/felipe/.vscode/extensions/uqbar.wollok-lsp-ide-0.3.6/out/server/src/server.js:2285:6456)\n    at jL (/home/felipe/.vscode/extensions/uqbar.wollok-lsp-ide-0.3.6/out/server/src/server.js:2298:2292)\n    at v3.invoke (/home/felipe/.vscode/extensions/uqbar.wollok-lsp-ide-0.3.6/out/server/src/server.js:3:157200)\n    at o.fire (/home/felipe/.vscode/extensions/uqbar.wollok-lsp-ide-0.3.6/out/server/src/server.js:3:157970)\n    at /home/felipe/.vscode/extensions/uqbar.wollok-lsp-ide-0.3.6/out/server/src/server.js:37:57871\n    at Vr (/home/felipe/.vscode/extensions/uqbar.wollok-lsp-ide-0.3.6/out/server/src/server.js:8:1561)","timestamp":"2024-10-15T00:22:22.172Z"}
{"level":"error","message":"✘ Failed to rebuild document Failed to parse testGranja.wtest: \n-- PARSING FAILED --------------------------------------------------\n\n  139 | \n  140 |   test \"Aspersores riegan al ms\"\n> 141 | }\n      | ^\n\nExpected one of the following: \n\n'@', '{', comment, whitespace\n","stack":"Error: Failed to parse testGranja.wtest: \n-- PARSING FAILED --------------------------------------------------\n\n  139 | \n  140 |   test \"Aspersores riegan al ms\"\n> 141 | }\n      | ^\n\nExpected one of the following: \n\n'@', '{', comment, whitespace\n\n    at /home/felipe/.vscode/extensions/uqbar.wollok-lsp-ide-0.3.6/out/server/src/server.js:2254:32415\n    at Array.map (<anonymous>)\n    at Jfn (/home/felipe/.vscode/extensions/uqbar.wollok-lsp-ide-0.3.6/out/server/src/server.js:2254:32339)\n    at k2.buildEnvironmentFrom (/home/felipe/.vscode/extensions/uqbar.wollok-lsp-ide-0.3.6/out/server/src/server.js:2285:6721)\n    at k2.updateEnvironmentWith (/home/felipe/.vscode/extensions/uqbar.wollok-lsp-ide-0.3.6/out/server/src/server.js:2285:6456)\n    at jL (/home/felipe/.vscode/extensions/uqbar.wollok-lsp-ide-0.3.6/out/server/src/server.js:2298:2292)\n    at v3.invoke (/home/felipe/.vscode/extensions/uqbar.wollok-lsp-ide-0.3.6/out/server/src/server.js:3:157200)\n    at o.fire (/home/felipe/.vscode/extensions/uqbar.wollok-lsp-ide-0.3.6/out/server/src/server.js:3:157970)\n    at /home/felipe/.vscode/extensions/uqbar.wollok-lsp-ide-0.3.6/out/server/src/server.js:37:57871\n    at Vr (/home/felipe/.vscode/extensions/uqbar.wollok-lsp-ide-0.3.6/out/server/src/server.js:8:1561)","timestamp":"2024-10-15T00:22:22.286Z"}
{"level":"error","message":"✘ Failed to rebuild document Failed to parse testGranja.wtest: \n-- PARSING FAILED --------------------------------------------------\n\n  139 | \n  140 |   test \"Aspersores riegan al msi\"\n> 141 | }\n      | ^\n\nExpected one of the following: \n\n'@', '{', comment, whitespace\n","stack":"Error: Failed to parse testGranja.wtest: \n-- PARSING FAILED --------------------------------------------------\n\n  139 | \n  140 |   test \"Aspersores riegan al msi\"\n> 141 | }\n      | ^\n\nExpected one of the following: \n\n'@', '{', comment, whitespace\n\n    at /home/felipe/.vscode/extensions/uqbar.wollok-lsp-ide-0.3.6/out/server/src/server.js:2254:32415\n    at Array.map (<anonymous>)\n    at Jfn (/home/felipe/.vscode/extensions/uqbar.wollok-lsp-ide-0.3.6/out/server/src/server.js:2254:32339)\n    at k2.buildEnvironmentFrom (/home/felipe/.vscode/extensions/uqbar.wollok-lsp-ide-0.3.6/out/server/src/server.js:2285:6721)\n    at k2.updateEnvironmentWith (/home/felipe/.vscode/extensions/uqbar.wollok-lsp-ide-0.3.6/out/server/src/server.js:2285:6456)\n    at jL (/home/felipe/.vscode/extensions/uqbar.wollok-lsp-ide-0.3.6/out/server/src/server.js:2298:2292)\n    at v3.invoke (/home/felipe/.vscode/extensions/uqbar.wollok-lsp-ide-0.3.6/out/server/src/server.js:3:157200)\n    at o.fire (/home/felipe/.vscode/extensions/uqbar.wollok-lsp-ide-0.3.6/out/server/src/server.js:3:157970)\n    at /home/felipe/.vscode/extensions/uqbar.wollok-lsp-ide-0.3.6/out/server/src/server.js:37:57871\n    at Vr (/home/felipe/.vscode/extensions/uqbar.wollok-lsp-ide-0.3.6/out/server/src/server.js:8:1561)","timestamp":"2024-10-15T00:22:22.384Z"}
{"level":"error","message":"✘ Failed to rebuild document Failed to parse testGranja.wtest: \n-- PARSING FAILED --------------------------------------------------\n\n  139 | \n  140 |   test \"Aspersores riegan al ms\"\n> 141 | }\n      | ^\n\nExpected one of the following: \n\n'@', '{', comment, whitespace\n","stack":"Error: Failed to parse testGranja.wtest: \n-- PARSING FAILED --------------------------------------------------\n\n  139 | \n  140 |   test \"Aspersores riegan al ms\"\n> 141 | }\n      | ^\n\nExpected one of the following: \n\n'@', '{', comment, whitespace\n\n    at /home/felipe/.vscode/extensions/uqbar.wollok-lsp-ide-0.3.6/out/server/src/server.js:2254:32415\n    at Array.map (<anonymous>)\n    at Jfn (/home/felipe/.vscode/extensions/uqbar.wollok-lsp-ide-0.3.6/out/server/src/server.js:2254:32339)\n    at k2.buildEnvironmentFrom (/home/felipe/.vscode/extensions/uqbar.wollok-lsp-ide-0.3.6/out/server/src/server.js:2285:6721)\n    at k2.updateEnvironmentWith (/home/felipe/.vscode/extensions/uqbar.wollok-lsp-ide-0.3.6/out/server/src/server.js:2285:6456)\n    at jL (/home/felipe/.vscode/extensions/uqbar.wollok-lsp-ide-0.3.6/out/server/src/server.js:2298:2292)\n    at v3.invoke (/home/felipe/.vscode/extensions/uqbar.wollok-lsp-ide-0.3.6/out/server/src/server.js:3:157200)\n    at o.fire (/home/felipe/.vscode/extensions/uqbar.wollok-lsp-ide-0.3.6/out/server/src/server.js:3:157970)\n    at /home/felipe/.vscode/extensions/uqbar.wollok-lsp-ide-0.3.6/out/server/src/server.js:37:57871\n    at Vr (/home/felipe/.vscode/extensions/uqbar.wollok-lsp-ide-0.3.6/out/server/src/server.js:8:1561)","timestamp":"2024-10-15T00:22:22.817Z"}
{"level":"error","message":"✘ Failed to rebuild document Failed to parse testGranja.wtest: \n-- PARSING FAILED --------------------------------------------------\n\n  139 | \n  140 |   test \"Aspersores riegan al m\"\n> 141 | }\n      | ^\n\nExpected one of the following: \n\n'@', '{', comment, whitespace\n","stack":"Error: Failed to parse testGranja.wtest: \n-- PARSING FAILED --------------------------------------------------\n\n  139 | \n  140 |   test \"Aspersores riegan al m\"\n> 141 | }\n      | ^\n\nExpected one of the following: \n\n'@', '{', comment, whitespace\n\n    at /home/felipe/.vscode/extensions/uqbar.wollok-lsp-ide-0.3.6/out/server/src/server.js:2254:32415\n    at Array.map (<anonymous>)\n    at Jfn (/home/felipe/.vscode/extensions/uqbar.wollok-lsp-ide-0.3.6/out/server/src/server.js:2254:32339)\n    at k2.buildEnvironmentFrom (/home/felipe/.vscode/extensions/uqbar.wollok-lsp-ide-0.3.6/out/server/src/server.js:2285:6721)\n    at k2.updateEnvironmentWith (/home/felipe/.vscode/extensions/uqbar.wollok-lsp-ide-0.3.6/out/server/src/server.js:2285:6456)\n    at jL (/home/felipe/.vscode/extensions/uqbar.wollok-lsp-ide-0.3.6/out/server/src/server.js:2298:2292)\n    at v3.invoke (/home/felipe/.vscode/extensions/uqbar.wollok-lsp-ide-0.3.6/out/server/src/server.js:3:157200)\n    at o.fire (/home/felipe/.vscode/extensions/uqbar.wollok-lsp-ide-0.3.6/out/server/src/server.js:3:157970)\n    at /home/felipe/.vscode/extensions/uqbar.wollok-lsp-ide-0.3.6/out/server/src/server.js:37:57871\n    at Vr (/home/felipe/.vscode/extensions/uqbar.wollok-lsp-ide-0.3.6/out/server/src/server.js:8:1561)","timestamp":"2024-10-15T00:22:22.954Z"}
{"level":"error","message":"✘ Failed to rebuild document Failed to parse testGranja.wtest: \n-- PARSING FAILED --------------------------------------------------\n\n  139 | \n  140 |   test \"Aspersores riegan al mi\"\n> 141 | }\n      | ^\n\nExpected one of the following: \n\n'@', '{', comment, whitespace\n","stack":"Error: Failed to parse testGranja.wtest: \n-- PARSING FAILED --------------------------------------------------\n\n  139 | \n  140 |   test \"Aspersores riegan al mi\"\n> 141 | }\n      | ^\n\nExpected one of the following: \n\n'@', '{', comment, whitespace\n\n    at /home/felipe/.vscode/extensions/uqbar.wollok-lsp-ide-0.3.6/out/server/src/server.js:2254:32415\n    at Array.map (<anonymous>)\n    at Jfn (/home/felipe/.vscode/extensions/uqbar.wollok-lsp-ide-0.3.6/out/server/src/server.js:2254:32339)\n    at k2.buildEnvironmentFrom (/home/felipe/.vscode/extensions/uqbar.wollok-lsp-ide-0.3.6/out/server/src/server.js:2285:6721)\n    at k2.updateEnvironmentWith (/home/felipe/.vscode/extensions/uqbar.wollok-lsp-ide-0.3.6/out/server/src/server.js:2285:6456)\n    at jL (/home/felipe/.vscode/extensions/uqbar.wollok-lsp-ide-0.3.6/out/server/src/server.js:2298:2292)\n    at v3.invoke (/home/felipe/.vscode/extensions/uqbar.wollok-lsp-ide-0.3.6/out/server/src/server.js:3:157200)\n    at o.fire (/home/felipe/.vscode/extensions/uqbar.wollok-lsp-ide-0.3.6/out/server/src/server.js:3:157970)\n    at /home/felipe/.vscode/extensions/uqbar.wollok-lsp-ide-0.3.6/out/server/src/server.js:37:57871\n    at Vr (/home/felipe/.vscode/extensions/uqbar.wollok-lsp-ide-0.3.6/out/server/src/server.js:8:1561)","timestamp":"2024-10-15T00:22:23.557Z"}
{"level":"error","message":"✘ Failed to rebuild document Failed to parse testGranja.wtest: \n-- PARSING FAILED --------------------------------------------------\n\n  139 | \n  140 |   test \"Aspersores riegan al mim\"\n> 141 | }\n      | ^\n\nExpected one of the following: \n\n'@', '{', comment, whitespace\n","stack":"Error: Failed to parse testGranja.wtest: \n-- PARSING FAILED --------------------------------------------------\n\n  139 | \n  140 |   test \"Aspersores riegan al mim\"\n> 141 | }\n      | ^\n\nExpected one of the following: \n\n'@', '{', comment, whitespace\n\n    at /home/felipe/.vscode/extensions/uqbar.wollok-lsp-ide-0.3.6/out/server/src/server.js:2254:32415\n    at Array.map (<anonymous>)\n    at Jfn (/home/felipe/.vscode/extensions/uqbar.wollok-lsp-ide-0.3.6/out/server/src/server.js:2254:32339)\n    at k2.buildEnvironmentFrom (/home/felipe/.vscode/extensions/uqbar.wollok-lsp-ide-0.3.6/out/server/src/server.js:2285:6721)\n    at k2.updateEnvironmentWith (/home/felipe/.vscode/extensions/uqbar.wollok-lsp-ide-0.3.6/out/server/src/server.js:2285:6456)\n    at jL (/home/felipe/.vscode/extensions/uqbar.wollok-lsp-ide-0.3.6/out/server/src/server.js:2298:2292)\n    at v3.invoke (/home/felipe/.vscode/extensions/uqbar.wollok-lsp-ide-0.3.6/out/server/src/server.js:3:157200)\n    at o.fire (/home/felipe/.vscode/extensions/uqbar.wollok-lsp-ide-0.3.6/out/server/src/server.js:3:157970)\n    at /home/felipe/.vscode/extensions/uqbar.wollok-lsp-ide-0.3.6/out/server/src/server.js:37:57871\n    at Vr (/home/felipe/.vscode/extensions/uqbar.wollok-lsp-ide-0.3.6/out/server/src/server.js:8:1561)","timestamp":"2024-10-15T00:22:23.713Z"}
{"level":"error","message":"✘ Failed to rebuild document Failed to parse testGranja.wtest: \n-- PARSING FAILED --------------------------------------------------\n\n  139 | \n  140 |   test \"Aspersores riegan al mimo\"\n> 141 | }\n      | ^\n\nExpected one of the following: \n\n'@', '{', comment, whitespace\n","stack":"Error: Failed to parse testGranja.wtest: \n-- PARSING FAILED --------------------------------------------------\n\n  139 | \n  140 |   test \"Aspersores riegan al mimo\"\n> 141 | }\n      | ^\n\nExpected one of the following: \n\n'@', '{', comment, whitespace\n\n    at /home/felipe/.vscode/extensions/uqbar.wollok-lsp-ide-0.3.6/out/server/src/server.js:2254:32415\n    at Array.map (<anonymous>)\n    at Jfn (/home/felipe/.vscode/extensions/uqbar.wollok-lsp-ide-0.3.6/out/server/src/server.js:2254:32339)\n    at k2.buildEnvironmentFrom (/home/felipe/.vscode/extensions/uqbar.wollok-lsp-ide-0.3.6/out/server/src/server.js:2285:6721)\n    at k2.updateEnvironmentWith (/home/felipe/.vscode/extensions/uqbar.wollok-lsp-ide-0.3.6/out/server/src/server.js:2285:6456)\n    at jL (/home/felipe/.vscode/extensions/uqbar.wollok-lsp-ide-0.3.6/out/server/src/server.js:2298:2292)\n    at v3.invoke (/home/felipe/.vscode/extensions/uqbar.wollok-lsp-ide-0.3.6/out/server/src/server.js:3:157200)\n    at o.fire (/home/felipe/.vscode/extensions/uqbar.wollok-lsp-ide-0.3.6/out/server/src/server.js:3:157970)\n    at /home/felipe/.vscode/extensions/uqbar.wollok-lsp-ide-0.3.6/out/server/src/server.js:37:57871\n    at Vr (/home/felipe/.vscode/extensions/uqbar.wollok-lsp-ide-0.3.6/out/server/src/server.js:8:1561)","timestamp":"2024-10-15T00:22:24.039Z"}
{"level":"error","message":"✘ Failed to rebuild document Failed to parse testGranja.wtest: \n-- PARSING FAILED --------------------------------------------------\n\n  139 | \n  140 |   test \"Aspersores riegan al mim\"\n> 141 | }\n      | ^\n\nExpected one of the following: \n\n'@', '{', comment, whitespace\n","stack":"Error: Failed to parse testGranja.wtest: \n-- PARSING FAILED --------------------------------------------------\n\n  139 | \n  140 |   test \"Aspersores riegan al mim\"\n> 141 | }\n      | ^\n\nExpected one of the following: \n\n'@', '{', comment, whitespace\n\n    at /home/felipe/.vscode/extensions/uqbar.wollok-lsp-ide-0.3.6/out/server/src/server.js:2254:32415\n    at Array.map (<anonymous>)\n    at Jfn (/home/felipe/.vscode/extensions/uqbar.wollok-lsp-ide-0.3.6/out/server/src/server.js:2254:32339)\n    at k2.buildEnvironmentFrom (/home/felipe/.vscode/extensions/uqbar.wollok-lsp-ide-0.3.6/out/server/src/server.js:2285:6721)\n    at k2.updateEnvironmentWith (/home/felipe/.vscode/extensions/uqbar.wollok-lsp-ide-0.3.6/out/server/src/server.js:2285:6456)\n    at jL (/home/felipe/.vscode/extensions/uqbar.wollok-lsp-ide-0.3.6/out/server/src/server.js:2298:2292)\n    at v3.invoke (/home/felipe/.vscode/extensions/uqbar.wollok-lsp-ide-0.3.6/out/server/src/server.js:3:157200)\n    at o.fire (/home/felipe/.vscode/extensions/uqbar.wollok-lsp-ide-0.3.6/out/server/src/server.js:3:157970)\n    at /home/felipe/.vscode/extensions/uqbar.wollok-lsp-ide-0.3.6/out/server/src/server.js:37:57871\n    at Vr (/home/felipe/.vscode/extensions/uqbar.wollok-lsp-ide-0.3.6/out/server/src/server.js:8:1561)","timestamp":"2024-10-15T00:22:24.379Z"}
{"level":"error","message":"✘ Failed to rebuild document Failed to parse testGranja.wtest: \n-- PARSING FAILED --------------------------------------------------\n\n  139 | \n  140 |   test \"Aspersores riegan al mi\"\n> 141 | }\n      | ^\n\nExpected one of the following: \n\n'@', '{', comment, whitespace\n","stack":"Error: Failed to parse testGranja.wtest: \n-- PARSING FAILED --------------------------------------------------\n\n  139 | \n  140 |   test \"Aspersores riegan al mi\"\n> 141 | }\n      | ^\n\nExpected one of the following: \n\n'@', '{', comment, whitespace\n\n    at /home/felipe/.vscode/extensions/uqbar.wollok-lsp-ide-0.3.6/out/server/src/server.js:2254:32415\n    at Array.map (<anonymous>)\n    at Jfn (/home/felipe/.vscode/extensions/uqbar.wollok-lsp-ide-0.3.6/out/server/src/server.js:2254:32339)\n    at k2.buildEnvironmentFrom (/home/felipe/.vscode/extensions/uqbar.wollok-lsp-ide-0.3.6/out/server/src/server.js:2285:6721)\n    at k2.updateEnvironmentWith (/home/felipe/.vscode/extensions/uqbar.wollok-lsp-ide-0.3.6/out/server/src/server.js:2285:6456)\n    at jL (/home/felipe/.vscode/extensions/uqbar.wollok-lsp-ide-0.3.6/out/server/src/server.js:2298:2292)\n    at v3.invoke (/home/felipe/.vscode/extensions/uqbar.wollok-lsp-ide-0.3.6/out/server/src/server.js:3:157200)\n    at o.fire (/home/felipe/.vscode/extensions/uqbar.wollok-lsp-ide-0.3.6/out/server/src/server.js:3:157970)\n    at /home/felipe/.vscode/extensions/uqbar.wollok-lsp-ide-0.3.6/out/server/src/server.js:37:57871\n    at Vr (/home/felipe/.vscode/extensions/uqbar.wollok-lsp-ide-0.3.6/out/server/src/server.js:8:1561)","timestamp":"2024-10-15T00:22:24.531Z"}
{"level":"error","message":"✘ Failed to rebuild document Failed to parse testGranja.wtest: \n-- PARSING FAILED --------------------------------------------------\n\n  139 | \n  140 |   test \"Aspersores riegan al mis\"\n> 141 | }\n      | ^\n\nExpected one of the following: \n\n'@', '{', comment, whitespace\n","stack":"Error: Failed to parse testGranja.wtest: \n-- PARSING FAILED --------------------------------------------------\n\n  139 | \n  140 |   test \"Aspersores riegan al mis\"\n> 141 | }\n      | ^\n\nExpected one of the following: \n\n'@', '{', comment, whitespace\n\n    at /home/felipe/.vscode/extensions/uqbar.wollok-lsp-ide-0.3.6/out/server/src/server.js:2254:32415\n    at Array.map (<anonymous>)\n    at Jfn (/home/felipe/.vscode/extensions/uqbar.wollok-lsp-ide-0.3.6/out/server/src/server.js:2254:32339)\n    at k2.buildEnvironmentFrom (/home/felipe/.vscode/extensions/uqbar.wollok-lsp-ide-0.3.6/out/server/src/server.js:2285:6721)\n    at k2.updateEnvironmentWith (/home/felipe/.vscode/extensions/uqbar.wollok-lsp-ide-0.3.6/out/server/src/server.js:2285:6456)\n    at jL (/home/felipe/.vscode/extensions/uqbar.wollok-lsp-ide-0.3.6/out/server/src/server.js:2298:2292)\n    at v3.invoke (/home/felipe/.vscode/extensions/uqbar.wollok-lsp-ide-0.3.6/out/server/src/server.js:3:157200)\n    at o.fire (/home/felipe/.vscode/extensions/uqbar.wollok-lsp-ide-0.3.6/out/server/src/server.js:3:157970)\n    at /home/felipe/.vscode/extensions/uqbar.wollok-lsp-ide-0.3.6/out/server/src/server.js:37:57871\n    at Vr (/home/felipe/.vscode/extensions/uqbar.wollok-lsp-ide-0.3.6/out/server/src/server.js:8:1561)","timestamp":"2024-10-15T00:22:24.636Z"}
{"level":"error","message":"✘ Failed to rebuild document Failed to parse testGranja.wtest: \n-- PARSING FAILED --------------------------------------------------\n\n  139 | \n  140 |   test \"Aspersores riegan al mism\"\n> 141 | }\n      | ^\n\nExpected one of the following: \n\n'@', '{', comment, whitespace\n","stack":"Error: Failed to parse testGranja.wtest: \n-- PARSING FAILED --------------------------------------------------\n\n  139 | \n  140 |   test \"Aspersores riegan al mism\"\n> 141 | }\n      | ^\n\nExpected one of the following: \n\n'@', '{', comment, whitespace\n\n    at /home/felipe/.vscode/extensions/uqbar.wollok-lsp-ide-0.3.6/out/server/src/server.js:2254:32415\n    at Array.map (<anonymous>)\n    at Jfn (/home/felipe/.vscode/extensions/uqbar.wollok-lsp-ide-0.3.6/out/server/src/server.js:2254:32339)\n    at k2.buildEnvironmentFrom (/home/felipe/.vscode/extensions/uqbar.wollok-lsp-ide-0.3.6/out/server/src/server.js:2285:6721)\n    at k2.updateEnvironmentWith (/home/felipe/.vscode/extensions/uqbar.wollok-lsp-ide-0.3.6/out/server/src/server.js:2285:6456)\n    at jL (/home/felipe/.vscode/extensions/uqbar.wollok-lsp-ide-0.3.6/out/server/src/server.js:2298:2292)\n    at v3.invoke (/home/felipe/.vscode/extensions/uqbar.wollok-lsp-ide-0.3.6/out/server/src/server.js:3:157200)\n    at o.fire (/home/felipe/.vscode/extensions/uqbar.wollok-lsp-ide-0.3.6/out/server/src/server.js:3:157970)\n    at /home/felipe/.vscode/extensions/uqbar.wollok-lsp-ide-0.3.6/out/server/src/server.js:37:57871\n    at Vr (/home/felipe/.vscode/extensions/uqbar.wollok-lsp-ide-0.3.6/out/server/src/server.js:8:1561)","timestamp":"2024-10-15T00:22:24.722Z"}
{"level":"error","message":"✘ Failed to rebuild document Failed to parse testGranja.wtest: \n-- PARSING FAILED --------------------------------------------------\n\n  139 | \n  140 |   test \"Aspersores riegan al mismo\"\n> 141 | }\n      | ^\n\nExpected one of the following: \n\n'@', '{', comment, whitespace\n","stack":"Error: Failed to parse testGranja.wtest: \n-- PARSING FAILED --------------------------------------------------\n\n  139 | \n  140 |   test \"Aspersores riegan al mismo\"\n> 141 | }\n      | ^\n\nExpected one of the following: \n\n'@', '{', comment, whitespace\n\n    at /home/felipe/.vscode/extensions/uqbar.wollok-lsp-ide-0.3.6/out/server/src/server.js:2254:32415\n    at Array.map (<anonymous>)\n    at Jfn (/home/felipe/.vscode/extensions/uqbar.wollok-lsp-ide-0.3.6/out/server/src/server.js:2254:32339)\n    at k2.buildEnvironmentFrom (/home/felipe/.vscode/extensions/uqbar.wollok-lsp-ide-0.3.6/out/server/src/server.js:2285:6721)\n    at k2.updateEnvironmentWith (/home/felipe/.vscode/extensions/uqbar.wollok-lsp-ide-0.3.6/out/server/src/server.js:2285:6456)\n    at jL (/home/felipe/.vscode/extensions/uqbar.wollok-lsp-ide-0.3.6/out/server/src/server.js:2298:2292)\n    at v3.invoke (/home/felipe/.vscode/extensions/uqbar.wollok-lsp-ide-0.3.6/out/server/src/server.js:3:157200)\n    at o.fire (/home/felipe/.vscode/extensions/uqbar.wollok-lsp-ide-0.3.6/out/server/src/server.js:3:157970)\n    at /home/felipe/.vscode/extensions/uqbar.wollok-lsp-ide-0.3.6/out/server/src/server.js:37:57871\n    at Vr (/home/felipe/.vscode/extensions/uqbar.wollok-lsp-ide-0.3.6/out/server/src/server.js:8:1561)","timestamp":"2024-10-15T00:22:24.887Z"}
{"level":"error","message":"✘ Failed to rebuild document Failed to parse testGranja.wtest: \n-- PARSING FAILED --------------------------------------------------\n\n  139 | \n  140 |   test \"Aspersores riegan al mism\"\n> 141 | }\n      | ^\n\nExpected one of the following: \n\n'@', '{', comment, whitespace\n","stack":"Error: Failed to parse testGranja.wtest: \n-- PARSING FAILED --------------------------------------------------\n\n  139 | \n  140 |   test \"Aspersores riegan al mism\"\n> 141 | }\n      | ^\n\nExpected one of the following: \n\n'@', '{', comment, whitespace\n\n    at /home/felipe/.vscode/extensions/uqbar.wollok-lsp-ide-0.3.6/out/server/src/server.js:2254:32415\n    at Array.map (<anonymous>)\n    at Jfn (/home/felipe/.vscode/extensions/uqbar.wollok-lsp-ide-0.3.6/out/server/src/server.js:2254:32339)\n    at k2.buildEnvironmentFrom (/home/felipe/.vscode/extensions/uqbar.wollok-lsp-ide-0.3.6/out/server/src/server.js:2285:6721)\n    at k2.updateEnvironmentWith (/home/felipe/.vscode/extensions/uqbar.wollok-lsp-ide-0.3.6/out/server/src/server.js:2285:6456)\n    at jL (/home/felipe/.vscode/extensions/uqbar.wollok-lsp-ide-0.3.6/out/server/src/server.js:2298:2292)\n    at v3.invoke (/home/felipe/.vscode/extensions/uqbar.wollok-lsp-ide-0.3.6/out/server/src/server.js:3:157200)\n    at o.fire (/home/felipe/.vscode/extensions/uqbar.wollok-lsp-ide-0.3.6/out/server/src/server.js:3:157970)\n    at /home/felipe/.vscode/extensions/uqbar.wollok-lsp-ide-0.3.6/out/server/src/server.js:37:57871\n    at Vr (/home/felipe/.vscode/extensions/uqbar.wollok-lsp-ide-0.3.6/out/server/src/server.js:8:1561)","timestamp":"2024-10-15T00:22:25.317Z"}
{"level":"error","message":"✘ Failed to rebuild document Failed to parse testGranja.wtest: \n-- PARSING FAILED --------------------------------------------------\n\n  139 | \n  140 |   test \"Aspersores riegan al mis\"\n> 141 | }\n      | ^\n\nExpected one of the following: \n\n'@', '{', comment, whitespace\n","stack":"Error: Failed to parse testGranja.wtest: \n-- PARSING FAILED --------------------------------------------------\n\n  139 | \n  140 |   test \"Aspersores riegan al mis\"\n> 141 | }\n      | ^\n\nExpected one of the following: \n\n'@', '{', comment, whitespace\n\n    at /home/felipe/.vscode/extensions/uqbar.wollok-lsp-ide-0.3.6/out/server/src/server.js:2254:32415\n    at Array.map (<anonymous>)\n    at Jfn (/home/felipe/.vscode/extensions/uqbar.wollok-lsp-ide-0.3.6/out/server/src/server.js:2254:32339)\n    at k2.buildEnvironmentFrom (/home/felipe/.vscode/extensions/uqbar.wollok-lsp-ide-0.3.6/out/server/src/server.js:2285:6721)\n    at k2.updateEnvironmentWith (/home/felipe/.vscode/extensions/uqbar.wollok-lsp-ide-0.3.6/out/server/src/server.js:2285:6456)\n    at jL (/home/felipe/.vscode/extensions/uqbar.wollok-lsp-ide-0.3.6/out/server/src/server.js:2298:2292)\n    at v3.invoke (/home/felipe/.vscode/extensions/uqbar.wollok-lsp-ide-0.3.6/out/server/src/server.js:3:157200)\n    at o.fire (/home/felipe/.vscode/extensions/uqbar.wollok-lsp-ide-0.3.6/out/server/src/server.js:3:157970)\n    at /home/felipe/.vscode/extensions/uqbar.wollok-lsp-ide-0.3.6/out/server/src/server.js:37:57871\n    at Vr (/home/felipe/.vscode/extensions/uqbar.wollok-lsp-ide-0.3.6/out/server/src/server.js:8:1561)","timestamp":"2024-10-15T00:22:25.847Z"}
{"level":"error","message":"✘ Failed to rebuild document Failed to parse testGranja.wtest: \n-- PARSING FAILED --------------------------------------------------\n\n  139 | \n  140 |   test \"Aspersores riegan al mi\"\n> 141 | }\n      | ^\n\nExpected one of the following: \n\n'@', '{', comment, whitespace\n","stack":"Error: Failed to parse testGranja.wtest: \n-- PARSING FAILED --------------------------------------------------\n\n  139 | \n  140 |   test \"Aspersores riegan al mi\"\n> 141 | }\n      | ^\n\nExpected one of the following: \n\n'@', '{', comment, whitespace\n\n    at /home/felipe/.vscode/extensions/uqbar.wollok-lsp-ide-0.3.6/out/server/src/server.js:2254:32415\n    at Array.map (<anonymous>)\n    at Jfn (/home/felipe/.vscode/extensions/uqbar.wollok-lsp-ide-0.3.6/out/server/src/server.js:2254:32339)\n    at k2.buildEnvironmentFrom (/home/felipe/.vscode/extensions/uqbar.wollok-lsp-ide-0.3.6/out/server/src/server.js:2285:6721)\n    at k2.updateEnvironmentWith (/home/felipe/.vscode/extensions/uqbar.wollok-lsp-ide-0.3.6/out/server/src/server.js:2285:6456)\n    at jL (/home/felipe/.vscode/extensions/uqbar.wollok-lsp-ide-0.3.6/out/server/src/server.js:2298:2292)\n    at v3.invoke (/home/felipe/.vscode/extensions/uqbar.wollok-lsp-ide-0.3.6/out/server/src/server.js:3:157200)\n    at o.fire (/home/felipe/.vscode/extensions/uqbar.wollok-lsp-ide-0.3.6/out/server/src/server.js:3:157970)\n    at /home/felipe/.vscode/extensions/uqbar.wollok-lsp-ide-0.3.6/out/server/src/server.js:37:57871\n    at Vr (/home/felipe/.vscode/extensions/uqbar.wollok-lsp-ide-0.3.6/out/server/src/server.js:8:1561)","timestamp":"2024-10-15T00:22:25.976Z"}
{"level":"error","message":"✘ Failed to rebuild document Failed to parse testGranja.wtest: \n-- PARSING FAILED --------------------------------------------------\n\n  139 | \n  140 |   test \"Aspersores riegan al m\"\n> 141 | }\n      | ^\n\nExpected one of the following: \n\n'@', '{', comment, whitespace\n","stack":"Error: Failed to parse testGranja.wtest: \n-- PARSING FAILED --------------------------------------------------\n\n  139 | \n  140 |   test \"Aspersores riegan al m\"\n> 141 | }\n      | ^\n\nExpected one of the following: \n\n'@', '{', comment, whitespace\n\n    at /home/felipe/.vscode/extensions/uqbar.wollok-lsp-ide-0.3.6/out/server/src/server.js:2254:32415\n    at Array.map (<anonymous>)\n    at Jfn (/home/felipe/.vscode/extensions/uqbar.wollok-lsp-ide-0.3.6/out/server/src/server.js:2254:32339)\n    at k2.buildEnvironmentFrom (/home/felipe/.vscode/extensions/uqbar.wollok-lsp-ide-0.3.6/out/server/src/server.js:2285:6721)\n    at k2.updateEnvironmentWith (/home/felipe/.vscode/extensions/uqbar.wollok-lsp-ide-0.3.6/out/server/src/server.js:2285:6456)\n    at jL (/home/felipe/.vscode/extensions/uqbar.wollok-lsp-ide-0.3.6/out/server/src/server.js:2298:2292)\n    at v3.invoke (/home/felipe/.vscode/extensions/uqbar.wollok-lsp-ide-0.3.6/out/server/src/server.js:3:157200)\n    at o.fire (/home/felipe/.vscode/extensions/uqbar.wollok-lsp-ide-0.3.6/out/server/src/server.js:3:157970)\n    at /home/felipe/.vscode/extensions/uqbar.wollok-lsp-ide-0.3.6/out/server/src/server.js:37:57871\n    at Vr (/home/felipe/.vscode/extensions/uqbar.wollok-lsp-ide-0.3.6/out/server/src/server.js:8:1561)","timestamp":"2024-10-15T00:22:26.105Z"}
{"level":"error","message":"✘ Failed to rebuild document Failed to parse testGranja.wtest: \n-- PARSING FAILED --------------------------------------------------\n\n  139 | \n  140 |   test \"Aspersores riegan al \"\n> 141 | }\n      | ^\n\nExpected one of the following: \n\n'@', '{', comment, whitespace\n","stack":"Error: Failed to parse testGranja.wtest: \n-- PARSING FAILED --------------------------------------------------\n\n  139 | \n  140 |   test \"Aspersores riegan al \"\n> 141 | }\n      | ^\n\nExpected one of the following: \n\n'@', '{', comment, whitespace\n\n    at /home/felipe/.vscode/extensions/uqbar.wollok-lsp-ide-0.3.6/out/server/src/server.js:2254:32415\n    at Array.map (<anonymous>)\n    at Jfn (/home/felipe/.vscode/extensions/uqbar.wollok-lsp-ide-0.3.6/out/server/src/server.js:2254:32339)\n    at k2.buildEnvironmentFrom (/home/felipe/.vscode/extensions/uqbar.wollok-lsp-ide-0.3.6/out/server/src/server.js:2285:6721)\n    at k2.updateEnvironmentWith (/home/felipe/.vscode/extensions/uqbar.wollok-lsp-ide-0.3.6/out/server/src/server.js:2285:6456)\n    at jL (/home/felipe/.vscode/extensions/uqbar.wollok-lsp-ide-0.3.6/out/server/src/server.js:2298:2292)\n    at v3.invoke (/home/felipe/.vscode/extensions/uqbar.wollok-lsp-ide-0.3.6/out/server/src/server.js:3:157200)\n    at o.fire (/home/felipe/.vscode/extensions/uqbar.wollok-lsp-ide-0.3.6/out/server/src/server.js:3:157970)\n    at /home/felipe/.vscode/extensions/uqbar.wollok-lsp-ide-0.3.6/out/server/src/server.js:37:57871\n    at Vr (/home/felipe/.vscode/extensions/uqbar.wollok-lsp-ide-0.3.6/out/server/src/server.js:8:1561)","timestamp":"2024-10-15T00:22:26.221Z"}
{"level":"error","message":"✘ Failed to rebuild document Failed to parse testGranja.wtest: \n-- PARSING FAILED --------------------------------------------------\n\n  139 | \n  140 |   test \"Aspersores riegan al\"\n> 141 | }\n      | ^\n\nExpected one of the following: \n\n'@', '{', comment, whitespace\n","stack":"Error: Failed to parse testGranja.wtest: \n-- PARSING FAILED --------------------------------------------------\n\n  139 | \n  140 |   test \"Aspersores riegan al\"\n> 141 | }\n      | ^\n\nExpected one of the following: \n\n'@', '{', comment, whitespace\n\n    at /home/felipe/.vscode/extensions/uqbar.wollok-lsp-ide-0.3.6/out/server/src/server.js:2254:32415\n    at Array.map (<anonymous>)\n    at Jfn (/home/felipe/.vscode/extensions/uqbar.wollok-lsp-ide-0.3.6/out/server/src/server.js:2254:32339)\n    at k2.buildEnvironmentFrom (/home/felipe/.vscode/extensions/uqbar.wollok-lsp-ide-0.3.6/out/server/src/server.js:2285:6721)\n    at k2.updateEnvironmentWith (/home/felipe/.vscode/extensions/uqbar.wollok-lsp-ide-0.3.6/out/server/src/server.js:2285:6456)\n    at jL (/home/felipe/.vscode/extensions/uqbar.wollok-lsp-ide-0.3.6/out/server/src/server.js:2298:2292)\n    at v3.invoke (/home/felipe/.vscode/extensions/uqbar.wollok-lsp-ide-0.3.6/out/server/src/server.js:3:157200)\n    at o.fire (/home/felipe/.vscode/extensions/uqbar.wollok-lsp-ide-0.3.6/out/server/src/server.js:3:157970)\n    at /home/felipe/.vscode/extensions/uqbar.wollok-lsp-ide-0.3.6/out/server/src/server.js:37:57871\n    at Vr (/home/felipe/.vscode/extensions/uqbar.wollok-lsp-ide-0.3.6/out/server/src/server.js:8:1561)","timestamp":"2024-10-15T00:22:26.319Z"}
{"level":"error","message":"✘ Failed to rebuild document Failed to parse testGranja.wtest: \n-- PARSING FAILED --------------------------------------------------\n\n  139 | \n  140 |   test \"Aspersores riegan a\"\n> 141 | }\n      | ^\n\nExpected one of the following: \n\n'@', '{', comment, whitespace\n","stack":"Error: Failed to parse testGranja.wtest: \n-- PARSING FAILED --------------------------------------------------\n\n  139 | \n  140 |   test \"Aspersores riegan a\"\n> 141 | }\n      | ^\n\nExpected one of the following: \n\n'@', '{', comment, whitespace\n\n    at /home/felipe/.vscode/extensions/uqbar.wollok-lsp-ide-0.3.6/out/server/src/server.js:2254:32415\n    at Array.map (<anonymous>)\n    at Jfn (/home/felipe/.vscode/extensions/uqbar.wollok-lsp-ide-0.3.6/out/server/src/server.js:2254:32339)\n    at k2.buildEnvironmentFrom (/home/felipe/.vscode/extensions/uqbar.wollok-lsp-ide-0.3.6/out/server/src/server.js:2285:6721)\n    at k2.updateEnvironmentWith (/home/felipe/.vscode/extensions/uqbar.wollok-lsp-ide-0.3.6/out/server/src/server.js:2285:6456)\n    at jL (/home/felipe/.vscode/extensions/uqbar.wollok-lsp-ide-0.3.6/out/server/src/server.js:2298:2292)\n    at v3.invoke (/home/felipe/.vscode/extensions/uqbar.wollok-lsp-ide-0.3.6/out/server/src/server.js:3:157200)\n    at o.fire (/home/felipe/.vscode/extensions/uqbar.wollok-lsp-ide-0.3.6/out/server/src/server.js:3:157970)\n    at /home/felipe/.vscode/extensions/uqbar.wollok-lsp-ide-0.3.6/out/server/src/server.js:37:57871\n    at Vr (/home/felipe/.vscode/extensions/uqbar.wollok-lsp-ide-0.3.6/out/server/src/server.js:8:1561)","timestamp":"2024-10-15T00:22:26.406Z"}
{"level":"error","message":"✘ Failed to rebuild document Failed to parse testGranja.wtest: \n-- PARSING FAILED --------------------------------------------------\n\n  139 | \n  140 |   test \"Aspersores riegan \"\n> 141 | }\n      | ^\n\nExpected one of the following: \n\n'@', '{', comment, whitespace\n","stack":"Error: Failed to parse testGranja.wtest: \n-- PARSING FAILED --------------------------------------------------\n\n  139 | \n  140 |   test \"Aspersores riegan \"\n> 141 | }\n      | ^\n\nExpected one of the following: \n\n'@', '{', comment, whitespace\n\n    at /home/felipe/.vscode/extensions/uqbar.wollok-lsp-ide-0.3.6/out/server/src/server.js:2254:32415\n    at Array.map (<anonymous>)\n    at Jfn (/home/felipe/.vscode/extensions/uqbar.wollok-lsp-ide-0.3.6/out/server/src/server.js:2254:32339)\n    at k2.buildEnvironmentFrom (/home/felipe/.vscode/extensions/uqbar.wollok-lsp-ide-0.3.6/out/server/src/server.js:2285:6721)\n    at k2.updateEnvironmentWith (/home/felipe/.vscode/extensions/uqbar.wollok-lsp-ide-0.3.6/out/server/src/server.js:2285:6456)\n    at jL (/home/felipe/.vscode/extensions/uqbar.wollok-lsp-ide-0.3.6/out/server/src/server.js:2298:2292)\n    at v3.invoke (/home/felipe/.vscode/extensions/uqbar.wollok-lsp-ide-0.3.6/out/server/src/server.js:3:157200)\n    at o.fire (/home/felipe/.vscode/extensions/uqbar.wollok-lsp-ide-0.3.6/out/server/src/server.js:3:157970)\n    at /home/felipe/.vscode/extensions/uqbar.wollok-lsp-ide-0.3.6/out/server/src/server.js:37:57871\n    at Vr (/home/felipe/.vscode/extensions/uqbar.wollok-lsp-ide-0.3.6/out/server/src/server.js:8:1561)","timestamp":"2024-10-15T00:22:26.494Z"}
{"level":"error","message":"✘ Failed to rebuild document Failed to parse testGranja.wtest: \n-- PARSING FAILED --------------------------------------------------\n\n  139 | \n  140 |   test \"Aspersores riegan\"\n> 141 | }\n      | ^\n\nExpected one of the following: \n\n'@', '{', comment, whitespace\n","stack":"Error: Failed to parse testGranja.wtest: \n-- PARSING FAILED --------------------------------------------------\n\n  139 | \n  140 |   test \"Aspersores riegan\"\n> 141 | }\n      | ^\n\nExpected one of the following: \n\n'@', '{', comment, whitespace\n\n    at /home/felipe/.vscode/extensions/uqbar.wollok-lsp-ide-0.3.6/out/server/src/server.js:2254:32415\n    at Array.map (<anonymous>)\n    at Jfn (/home/felipe/.vscode/extensions/uqbar.wollok-lsp-ide-0.3.6/out/server/src/server.js:2254:32339)\n    at k2.buildEnvironmentFrom (/home/felipe/.vscode/extensions/uqbar.wollok-lsp-ide-0.3.6/out/server/src/server.js:2285:6721)\n    at k2.updateEnvironmentWith (/home/felipe/.vscode/extensions/uqbar.wollok-lsp-ide-0.3.6/out/server/src/server.js:2285:6456)\n    at jL (/home/felipe/.vscode/extensions/uqbar.wollok-lsp-ide-0.3.6/out/server/src/server.js:2298:2292)\n    at v3.invoke (/home/felipe/.vscode/extensions/uqbar.wollok-lsp-ide-0.3.6/out/server/src/server.js:3:157200)\n    at o.fire (/home/felipe/.vscode/extensions/uqbar.wollok-lsp-ide-0.3.6/out/server/src/server.js:3:157970)\n    at /home/felipe/.vscode/extensions/uqbar.wollok-lsp-ide-0.3.6/out/server/src/server.js:37:57871\n    at Vr (/home/felipe/.vscode/extensions/uqbar.wollok-lsp-ide-0.3.6/out/server/src/server.js:8:1561)","timestamp":"2024-10-15T00:22:26.583Z"}
{"level":"error","message":"✘ Failed to rebuild document Failed to parse testGranja.wtest: \n-- PARSING FAILED --------------------------------------------------\n\n  139 | \n  140 |   test \"Aspersores riega\"\n> 141 | }\n      | ^\n\nExpected one of the following: \n\n'@', '{', comment, whitespace\n","stack":"Error: Failed to parse testGranja.wtest: \n-- PARSING FAILED --------------------------------------------------\n\n  139 | \n  140 |   test \"Aspersores riega\"\n> 141 | }\n      | ^\n\nExpected one of the following: \n\n'@', '{', comment, whitespace\n\n    at /home/felipe/.vscode/extensions/uqbar.wollok-lsp-ide-0.3.6/out/server/src/server.js:2254:32415\n    at Array.map (<anonymous>)\n    at Jfn (/home/felipe/.vscode/extensions/uqbar.wollok-lsp-ide-0.3.6/out/server/src/server.js:2254:32339)\n    at k2.buildEnvironmentFrom (/home/felipe/.vscode/extensions/uqbar.wollok-lsp-ide-0.3.6/out/server/src/server.js:2285:6721)\n    at k2.updateEnvironmentWith (/home/felipe/.vscode/extensions/uqbar.wollok-lsp-ide-0.3.6/out/server/src/server.js:2285:6456)\n    at jL (/home/felipe/.vscode/extensions/uqbar.wollok-lsp-ide-0.3.6/out/server/src/server.js:2298:2292)\n    at v3.invoke (/home/felipe/.vscode/extensions/uqbar.wollok-lsp-ide-0.3.6/out/server/src/server.js:3:157200)\n    at o.fire (/home/felipe/.vscode/extensions/uqbar.wollok-lsp-ide-0.3.6/out/server/src/server.js:3:157970)\n    at /home/felipe/.vscode/extensions/uqbar.wollok-lsp-ide-0.3.6/out/server/src/server.js:37:57871\n    at Vr (/home/felipe/.vscode/extensions/uqbar.wollok-lsp-ide-0.3.6/out/server/src/server.js:8:1561)","timestamp":"2024-10-15T00:22:26.672Z"}
{"level":"error","message":"✘ Failed to rebuild document Failed to parse testGranja.wtest: \n-- PARSING FAILED --------------------------------------------------\n\n  139 | \n  140 |   test \"Aspersores rieg\"\n> 141 | }\n      | ^\n\nExpected one of the following: \n\n'@', '{', comment, whitespace\n","stack":"Error: Failed to parse testGranja.wtest: \n-- PARSING FAILED --------------------------------------------------\n\n  139 | \n  140 |   test \"Aspersores rieg\"\n> 141 | }\n      | ^\n\nExpected one of the following: \n\n'@', '{', comment, whitespace\n\n    at /home/felipe/.vscode/extensions/uqbar.wollok-lsp-ide-0.3.6/out/server/src/server.js:2254:32415\n    at Array.map (<anonymous>)\n    at Jfn (/home/felipe/.vscode/extensions/uqbar.wollok-lsp-ide-0.3.6/out/server/src/server.js:2254:32339)\n    at k2.buildEnvironmentFrom (/home/felipe/.vscode/extensions/uqbar.wollok-lsp-ide-0.3.6/out/server/src/server.js:2285:6721)\n    at k2.updateEnvironmentWith (/home/felipe/.vscode/extensions/uqbar.wollok-lsp-ide-0.3.6/out/server/src/server.js:2285:6456)\n    at jL (/home/felipe/.vscode/extensions/uqbar.wollok-lsp-ide-0.3.6/out/server/src/server.js:2298:2292)\n    at v3.invoke (/home/felipe/.vscode/extensions/uqbar.wollok-lsp-ide-0.3.6/out/server/src/server.js:3:157200)\n    at o.fire (/home/felipe/.vscode/extensions/uqbar.wollok-lsp-ide-0.3.6/out/server/src/server.js:3:157970)\n    at /home/felipe/.vscode/extensions/uqbar.wollok-lsp-ide-0.3.6/out/server/src/server.js:37:57871\n    at Vr (/home/felipe/.vscode/extensions/uqbar.wollok-lsp-ide-0.3.6/out/server/src/server.js:8:1561)","timestamp":"2024-10-15T00:22:26.762Z"}
{"level":"error","message":"✘ Failed to rebuild document Failed to parse testGranja.wtest: \n-- PARSING FAILED --------------------------------------------------\n\n  139 | \n  140 |   test \"Aspersores rie\"\n> 141 | }\n      | ^\n\nExpected one of the following: \n\n'@', '{', comment, whitespace\n","stack":"Error: Failed to parse testGranja.wtest: \n-- PARSING FAILED --------------------------------------------------\n\n  139 | \n  140 |   test \"Aspersores rie\"\n> 141 | }\n      | ^\n\nExpected one of the following: \n\n'@', '{', comment, whitespace\n\n    at /home/felipe/.vscode/extensions/uqbar.wollok-lsp-ide-0.3.6/out/server/src/server.js:2254:32415\n    at Array.map (<anonymous>)\n    at Jfn (/home/felipe/.vscode/extensions/uqbar.wollok-lsp-ide-0.3.6/out/server/src/server.js:2254:32339)\n    at k2.buildEnvironmentFrom (/home/felipe/.vscode/extensions/uqbar.wollok-lsp-ide-0.3.6/out/server/src/server.js:2285:6721)\n    at k2.updateEnvironmentWith (/home/felipe/.vscode/extensions/uqbar.wollok-lsp-ide-0.3.6/out/server/src/server.js:2285:6456)\n    at jL (/home/felipe/.vscode/extensions/uqbar.wollok-lsp-ide-0.3.6/out/server/src/server.js:2298:2292)\n    at v3.invoke (/home/felipe/.vscode/extensions/uqbar.wollok-lsp-ide-0.3.6/out/server/src/server.js:3:157200)\n    at o.fire (/home/felipe/.vscode/extensions/uqbar.wollok-lsp-ide-0.3.6/out/server/src/server.js:3:157970)\n    at /home/felipe/.vscode/extensions/uqbar.wollok-lsp-ide-0.3.6/out/server/src/server.js:37:57871\n    at Vr (/home/felipe/.vscode/extensions/uqbar.wollok-lsp-ide-0.3.6/out/server/src/server.js:8:1561)","timestamp":"2024-10-15T00:22:26.845Z"}
{"level":"error","message":"✘ Failed to rebuild document Failed to parse testGranja.wtest: \n-- PARSING FAILED --------------------------------------------------\n\n  139 | \n  140 |   test \"Aspersores ri\"\n> 141 | }\n      | ^\n\nExpected one of the following: \n\n'@', '{', comment, whitespace\n","stack":"Error: Failed to parse testGranja.wtest: \n-- PARSING FAILED --------------------------------------------------\n\n  139 | \n  140 |   test \"Aspersores ri\"\n> 141 | }\n      | ^\n\nExpected one of the following: \n\n'@', '{', comment, whitespace\n\n    at /home/felipe/.vscode/extensions/uqbar.wollok-lsp-ide-0.3.6/out/server/src/server.js:2254:32415\n    at Array.map (<anonymous>)\n    at Jfn (/home/felipe/.vscode/extensions/uqbar.wollok-lsp-ide-0.3.6/out/server/src/server.js:2254:32339)\n    at k2.buildEnvironmentFrom (/home/felipe/.vscode/extensions/uqbar.wollok-lsp-ide-0.3.6/out/server/src/server.js:2285:6721)\n    at k2.updateEnvironmentWith (/home/felipe/.vscode/extensions/uqbar.wollok-lsp-ide-0.3.6/out/server/src/server.js:2285:6456)\n    at jL (/home/felipe/.vscode/extensions/uqbar.wollok-lsp-ide-0.3.6/out/server/src/server.js:2298:2292)\n    at v3.invoke (/home/felipe/.vscode/extensions/uqbar.wollok-lsp-ide-0.3.6/out/server/src/server.js:3:157200)\n    at o.fire (/home/felipe/.vscode/extensions/uqbar.wollok-lsp-ide-0.3.6/out/server/src/server.js:3:157970)\n    at /home/felipe/.vscode/extensions/uqbar.wollok-lsp-ide-0.3.6/out/server/src/server.js:37:57871\n    at Vr (/home/felipe/.vscode/extensions/uqbar.wollok-lsp-ide-0.3.6/out/server/src/server.js:8:1561)","timestamp":"2024-10-15T00:22:26.931Z"}
{"level":"error","message":"✘ Failed to rebuild document Failed to parse testGranja.wtest: \n-- PARSING FAILED --------------------------------------------------\n\n  139 | \n  140 |   test \"Aspersores r\"\n> 141 | }\n      | ^\n\nExpected one of the following: \n\n'@', '{', comment, whitespace\n","stack":"Error: Failed to parse testGranja.wtest: \n-- PARSING FAILED --------------------------------------------------\n\n  139 | \n  140 |   test \"Aspersores r\"\n> 141 | }\n      | ^\n\nExpected one of the following: \n\n'@', '{', comment, whitespace\n\n    at /home/felipe/.vscode/extensions/uqbar.wollok-lsp-ide-0.3.6/out/server/src/server.js:2254:32415\n    at Array.map (<anonymous>)\n    at Jfn (/home/felipe/.vscode/extensions/uqbar.wollok-lsp-ide-0.3.6/out/server/src/server.js:2254:32339)\n    at k2.buildEnvironmentFrom (/home/felipe/.vscode/extensions/uqbar.wollok-lsp-ide-0.3.6/out/server/src/server.js:2285:6721)\n    at k2.updateEnvironmentWith (/home/felipe/.vscode/extensions/uqbar.wollok-lsp-ide-0.3.6/out/server/src/server.js:2285:6456)\n    at jL (/home/felipe/.vscode/extensions/uqbar.wollok-lsp-ide-0.3.6/out/server/src/server.js:2298:2292)\n    at v3.invoke (/home/felipe/.vscode/extensions/uqbar.wollok-lsp-ide-0.3.6/out/server/src/server.js:3:157200)\n    at o.fire (/home/felipe/.vscode/extensions/uqbar.wollok-lsp-ide-0.3.6/out/server/src/server.js:3:157970)\n    at /home/felipe/.vscode/extensions/uqbar.wollok-lsp-ide-0.3.6/out/server/src/server.js:37:57871\n    at Vr (/home/felipe/.vscode/extensions/uqbar.wollok-lsp-ide-0.3.6/out/server/src/server.js:8:1561)","timestamp":"2024-10-15T00:22:27.011Z"}
{"level":"error","message":"✘ Failed to rebuild document Failed to parse testGranja.wtest: \n-- PARSING FAILED --------------------------------------------------\n\n  139 | \n  140 |   test \"Aspersores \"\n> 141 | }\n      | ^\n\nExpected one of the following: \n\n'@', '{', comment, whitespace\n","stack":"Error: Failed to parse testGranja.wtest: \n-- PARSING FAILED --------------------------------------------------\n\n  139 | \n  140 |   test \"Aspersores \"\n> 141 | }\n      | ^\n\nExpected one of the following: \n\n'@', '{', comment, whitespace\n\n    at /home/felipe/.vscode/extensions/uqbar.wollok-lsp-ide-0.3.6/out/server/src/server.js:2254:32415\n    at Array.map (<anonymous>)\n    at Jfn (/home/felipe/.vscode/extensions/uqbar.wollok-lsp-ide-0.3.6/out/server/src/server.js:2254:32339)\n    at k2.buildEnvironmentFrom (/home/felipe/.vscode/extensions/uqbar.wollok-lsp-ide-0.3.6/out/server/src/server.js:2285:6721)\n    at k2.updateEnvironmentWith (/home/felipe/.vscode/extensions/uqbar.wollok-lsp-ide-0.3.6/out/server/src/server.js:2285:6456)\n    at jL (/home/felipe/.vscode/extensions/uqbar.wollok-lsp-ide-0.3.6/out/server/src/server.js:2298:2292)\n    at v3.invoke (/home/felipe/.vscode/extensions/uqbar.wollok-lsp-ide-0.3.6/out/server/src/server.js:3:157200)\n    at o.fire (/home/felipe/.vscode/extensions/uqbar.wollok-lsp-ide-0.3.6/out/server/src/server.js:3:157970)\n    at /home/felipe/.vscode/extensions/uqbar.wollok-lsp-ide-0.3.6/out/server/src/server.js:37:57871\n    at Vr (/home/felipe/.vscode/extensions/uqbar.wollok-lsp-ide-0.3.6/out/server/src/server.js:8:1561)","timestamp":"2024-10-15T00:22:27.096Z"}
{"level":"error","message":"✘ Failed to rebuild document Failed to parse testGranja.wtest: \n-- PARSING FAILED --------------------------------------------------\n\n  139 | \n  140 |   test \"Aspersores\"\n> 141 | }\n      | ^\n\nExpected one of the following: \n\n'@', '{', comment, whitespace\n","stack":"Error: Failed to parse testGranja.wtest: \n-- PARSING FAILED --------------------------------------------------\n\n  139 | \n  140 |   test \"Aspersores\"\n> 141 | }\n      | ^\n\nExpected one of the following: \n\n'@', '{', comment, whitespace\n\n    at /home/felipe/.vscode/extensions/uqbar.wollok-lsp-ide-0.3.6/out/server/src/server.js:2254:32415\n    at Array.map (<anonymous>)\n    at Jfn (/home/felipe/.vscode/extensions/uqbar.wollok-lsp-ide-0.3.6/out/server/src/server.js:2254:32339)\n    at k2.buildEnvironmentFrom (/home/felipe/.vscode/extensions/uqbar.wollok-lsp-ide-0.3.6/out/server/src/server.js:2285:6721)\n    at k2.updateEnvironmentWith (/home/felipe/.vscode/extensions/uqbar.wollok-lsp-ide-0.3.6/out/server/src/server.js:2285:6456)\n    at jL (/home/felipe/.vscode/extensions/uqbar.wollok-lsp-ide-0.3.6/out/server/src/server.js:2298:2292)\n    at v3.invoke (/home/felipe/.vscode/extensions/uqbar.wollok-lsp-ide-0.3.6/out/server/src/server.js:3:157200)\n    at o.fire (/home/felipe/.vscode/extensions/uqbar.wollok-lsp-ide-0.3.6/out/server/src/server.js:3:157970)\n    at /home/felipe/.vscode/extensions/uqbar.wollok-lsp-ide-0.3.6/out/server/src/server.js:37:57871\n    at Vr (/home/felipe/.vscode/extensions/uqbar.wollok-lsp-ide-0.3.6/out/server/src/server.js:8:1561)","timestamp":"2024-10-15T00:22:27.233Z"}
{"level":"error","message":"✘ Failed to rebuild document Failed to parse testGranja.wtest: \n-- PARSING FAILED --------------------------------------------------\n\n  139 | \n  140 |   test \"Aspersore\"\n> 141 | }\n      | ^\n\nExpected one of the following: \n\n'@', '{', comment, whitespace\n","stack":"Error: Failed to parse testGranja.wtest: \n-- PARSING FAILED --------------------------------------------------\n\n  139 | \n  140 |   test \"Aspersore\"\n> 141 | }\n      | ^\n\nExpected one of the following: \n\n'@', '{', comment, whitespace\n\n    at /home/felipe/.vscode/extensions/uqbar.wollok-lsp-ide-0.3.6/out/server/src/server.js:2254:32415\n    at Array.map (<anonymous>)\n    at Jfn (/home/felipe/.vscode/extensions/uqbar.wollok-lsp-ide-0.3.6/out/server/src/server.js:2254:32339)\n    at k2.buildEnvironmentFrom (/home/felipe/.vscode/extensions/uqbar.wollok-lsp-ide-0.3.6/out/server/src/server.js:2285:6721)\n    at k2.updateEnvironmentWith (/home/felipe/.vscode/extensions/uqbar.wollok-lsp-ide-0.3.6/out/server/src/server.js:2285:6456)\n    at jL (/home/felipe/.vscode/extensions/uqbar.wollok-lsp-ide-0.3.6/out/server/src/server.js:2298:2292)\n    at v3.invoke (/home/felipe/.vscode/extensions/uqbar.wollok-lsp-ide-0.3.6/out/server/src/server.js:3:157200)\n    at o.fire (/home/felipe/.vscode/extensions/uqbar.wollok-lsp-ide-0.3.6/out/server/src/server.js:3:157970)\n    at /home/felipe/.vscode/extensions/uqbar.wollok-lsp-ide-0.3.6/out/server/src/server.js:37:57871\n    at Vr (/home/felipe/.vscode/extensions/uqbar.wollok-lsp-ide-0.3.6/out/server/src/server.js:8:1561)","timestamp":"2024-10-15T00:22:27.371Z"}
{"level":"error","message":"✘ Failed to rebuild document Failed to parse testGranja.wtest: \n-- PARSING FAILED --------------------------------------------------\n\n  139 | \n  140 |   test \"Aspersor\"\n> 141 | }\n      | ^\n\nExpected one of the following: \n\n'@', '{', comment, whitespace\n","stack":"Error: Failed to parse testGranja.wtest: \n-- PARSING FAILED --------------------------------------------------\n\n  139 | \n  140 |   test \"Aspersor\"\n> 141 | }\n      | ^\n\nExpected one of the following: \n\n'@', '{', comment, whitespace\n\n    at /home/felipe/.vscode/extensions/uqbar.wollok-lsp-ide-0.3.6/out/server/src/server.js:2254:32415\n    at Array.map (<anonymous>)\n    at Jfn (/home/felipe/.vscode/extensions/uqbar.wollok-lsp-ide-0.3.6/out/server/src/server.js:2254:32339)\n    at k2.buildEnvironmentFrom (/home/felipe/.vscode/extensions/uqbar.wollok-lsp-ide-0.3.6/out/server/src/server.js:2285:6721)\n    at k2.updateEnvironmentWith (/home/felipe/.vscode/extensions/uqbar.wollok-lsp-ide-0.3.6/out/server/src/server.js:2285:6456)\n    at jL (/home/felipe/.vscode/extensions/uqbar.wollok-lsp-ide-0.3.6/out/server/src/server.js:2298:2292)\n    at v3.invoke (/home/felipe/.vscode/extensions/uqbar.wollok-lsp-ide-0.3.6/out/server/src/server.js:3:157200)\n    at o.fire (/home/felipe/.vscode/extensions/uqbar.wollok-lsp-ide-0.3.6/out/server/src/server.js:3:157970)\n    at /home/felipe/.vscode/extensions/uqbar.wollok-lsp-ide-0.3.6/out/server/src/server.js:37:57871\n    at Vr (/home/felipe/.vscode/extensions/uqbar.wollok-lsp-ide-0.3.6/out/server/src/server.js:8:1561)","timestamp":"2024-10-15T00:22:27.454Z"}
{"level":"error","message":"✘ Failed to rebuild document Failed to parse testGranja.wtest: \n-- PARSING FAILED --------------------------------------------------\n\n  139 | \n  140 |   test \"Asperso\"\n> 141 | }\n      | ^\n\nExpected one of the following: \n\n'@', '{', comment, whitespace\n","stack":"Error: Failed to parse testGranja.wtest: \n-- PARSING FAILED --------------------------------------------------\n\n  139 | \n  140 |   test \"Asperso\"\n> 141 | }\n      | ^\n\nExpected one of the following: \n\n'@', '{', comment, whitespace\n\n    at /home/felipe/.vscode/extensions/uqbar.wollok-lsp-ide-0.3.6/out/server/src/server.js:2254:32415\n    at Array.map (<anonymous>)\n    at Jfn (/home/felipe/.vscode/extensions/uqbar.wollok-lsp-ide-0.3.6/out/server/src/server.js:2254:32339)\n    at k2.buildEnvironmentFrom (/home/felipe/.vscode/extensions/uqbar.wollok-lsp-ide-0.3.6/out/server/src/server.js:2285:6721)\n    at k2.updateEnvironmentWith (/home/felipe/.vscode/extensions/uqbar.wollok-lsp-ide-0.3.6/out/server/src/server.js:2285:6456)\n    at jL (/home/felipe/.vscode/extensions/uqbar.wollok-lsp-ide-0.3.6/out/server/src/server.js:2298:2292)\n    at v3.invoke (/home/felipe/.vscode/extensions/uqbar.wollok-lsp-ide-0.3.6/out/server/src/server.js:3:157200)\n    at o.fire (/home/felipe/.vscode/extensions/uqbar.wollok-lsp-ide-0.3.6/out/server/src/server.js:3:157970)\n    at /home/felipe/.vscode/extensions/uqbar.wollok-lsp-ide-0.3.6/out/server/src/server.js:37:57871\n    at Vr (/home/felipe/.vscode/extensions/uqbar.wollok-lsp-ide-0.3.6/out/server/src/server.js:8:1561)","timestamp":"2024-10-15T00:22:27.539Z"}
{"level":"error","message":"✘ Failed to rebuild document Failed to parse testGranja.wtest: \n-- PARSING FAILED --------------------------------------------------\n\n  139 | \n  140 |   test \"Aspers\"\n> 141 | }\n      | ^\n\nExpected one of the following: \n\n'@', '{', comment, whitespace\n","stack":"Error: Failed to parse testGranja.wtest: \n-- PARSING FAILED --------------------------------------------------\n\n  139 | \n  140 |   test \"Aspers\"\n> 141 | }\n      | ^\n\nExpected one of the following: \n\n'@', '{', comment, whitespace\n\n    at /home/felipe/.vscode/extensions/uqbar.wollok-lsp-ide-0.3.6/out/server/src/server.js:2254:32415\n    at Array.map (<anonymous>)\n    at Jfn (/home/felipe/.vscode/extensions/uqbar.wollok-lsp-ide-0.3.6/out/server/src/server.js:2254:32339)\n    at k2.buildEnvironmentFrom (/home/felipe/.vscode/extensions/uqbar.wollok-lsp-ide-0.3.6/out/server/src/server.js:2285:6721)\n    at k2.updateEnvironmentWith (/home/felipe/.vscode/extensions/uqbar.wollok-lsp-ide-0.3.6/out/server/src/server.js:2285:6456)\n    at jL (/home/felipe/.vscode/extensions/uqbar.wollok-lsp-ide-0.3.6/out/server/src/server.js:2298:2292)\n    at v3.invoke (/home/felipe/.vscode/extensions/uqbar.wollok-lsp-ide-0.3.6/out/server/src/server.js:3:157200)\n    at o.fire (/home/felipe/.vscode/extensions/uqbar.wollok-lsp-ide-0.3.6/out/server/src/server.js:3:157970)\n    at /home/felipe/.vscode/extensions/uqbar.wollok-lsp-ide-0.3.6/out/server/src/server.js:37:57871\n    at Vr (/home/felipe/.vscode/extensions/uqbar.wollok-lsp-ide-0.3.6/out/server/src/server.js:8:1561)","timestamp":"2024-10-15T00:22:27.623Z"}
{"level":"error","message":"✘ Failed to rebuild document Failed to parse testGranja.wtest: \n-- PARSING FAILED --------------------------------------------------\n\n  139 | \n  140 |   test \"Asper\"\n> 141 | }\n      | ^\n\nExpected one of the following: \n\n'@', '{', comment, whitespace\n","stack":"Error: Failed to parse testGranja.wtest: \n-- PARSING FAILED --------------------------------------------------\n\n  139 | \n  140 |   test \"Asper\"\n> 141 | }\n      | ^\n\nExpected one of the following: \n\n'@', '{', comment, whitespace\n\n    at /home/felipe/.vscode/extensions/uqbar.wollok-lsp-ide-0.3.6/out/server/src/server.js:2254:32415\n    at Array.map (<anonymous>)\n    at Jfn (/home/felipe/.vscode/extensions/uqbar.wollok-lsp-ide-0.3.6/out/server/src/server.js:2254:32339)\n    at k2.buildEnvironmentFrom (/home/felipe/.vscode/extensions/uqbar.wollok-lsp-ide-0.3.6/out/server/src/server.js:2285:6721)\n    at k2.updateEnvironmentWith (/home/felipe/.vscode/extensions/uqbar.wollok-lsp-ide-0.3.6/out/server/src/server.js:2285:6456)\n    at jL (/home/felipe/.vscode/extensions/uqbar.wollok-lsp-ide-0.3.6/out/server/src/server.js:2298:2292)\n    at v3.invoke (/home/felipe/.vscode/extensions/uqbar.wollok-lsp-ide-0.3.6/out/server/src/server.js:3:157200)\n    at o.fire (/home/felipe/.vscode/extensions/uqbar.wollok-lsp-ide-0.3.6/out/server/src/server.js:3:157970)\n    at /home/felipe/.vscode/extensions/uqbar.wollok-lsp-ide-0.3.6/out/server/src/server.js:37:57871\n    at Vr (/home/felipe/.vscode/extensions/uqbar.wollok-lsp-ide-0.3.6/out/server/src/server.js:8:1561)","timestamp":"2024-10-15T00:22:27.703Z"}
{"level":"error","message":"✘ Failed to rebuild document Failed to parse testGranja.wtest: \n-- PARSING FAILED --------------------------------------------------\n\n  139 | \n  140 |   test \"Aspe\"\n> 141 | }\n      | ^\n\nExpected one of the following: \n\n'@', '{', comment, whitespace\n","stack":"Error: Failed to parse testGranja.wtest: \n-- PARSING FAILED --------------------------------------------------\n\n  139 | \n  140 |   test \"Aspe\"\n> 141 | }\n      | ^\n\nExpected one of the following: \n\n'@', '{', comment, whitespace\n\n    at /home/felipe/.vscode/extensions/uqbar.wollok-lsp-ide-0.3.6/out/server/src/server.js:2254:32415\n    at Array.map (<anonymous>)\n    at Jfn (/home/felipe/.vscode/extensions/uqbar.wollok-lsp-ide-0.3.6/out/server/src/server.js:2254:32339)\n    at k2.buildEnvironmentFrom (/home/felipe/.vscode/extensions/uqbar.wollok-lsp-ide-0.3.6/out/server/src/server.js:2285:6721)\n    at k2.updateEnvironmentWith (/home/felipe/.vscode/extensions/uqbar.wollok-lsp-ide-0.3.6/out/server/src/server.js:2285:6456)\n    at jL (/home/felipe/.vscode/extensions/uqbar.wollok-lsp-ide-0.3.6/out/server/src/server.js:2298:2292)\n    at v3.invoke (/home/felipe/.vscode/extensions/uqbar.wollok-lsp-ide-0.3.6/out/server/src/server.js:3:157200)\n    at o.fire (/home/felipe/.vscode/extensions/uqbar.wollok-lsp-ide-0.3.6/out/server/src/server.js:3:157970)\n    at /home/felipe/.vscode/extensions/uqbar.wollok-lsp-ide-0.3.6/out/server/src/server.js:37:57871\n    at Vr (/home/felipe/.vscode/extensions/uqbar.wollok-lsp-ide-0.3.6/out/server/src/server.js:8:1561)","timestamp":"2024-10-15T00:22:27.790Z"}
{"level":"error","message":"✘ Failed to rebuild document Failed to parse testGranja.wtest: \n-- PARSING FAILED --------------------------------------------------\n\n  139 | \n  140 |   test \"Asp\"\n> 141 | }\n      | ^\n\nExpected one of the following: \n\n'@', '{', comment, whitespace\n","stack":"Error: Failed to parse testGranja.wtest: \n-- PARSING FAILED --------------------------------------------------\n\n  139 | \n  140 |   test \"Asp\"\n> 141 | }\n      | ^\n\nExpected one of the following: \n\n'@', '{', comment, whitespace\n\n    at /home/felipe/.vscode/extensions/uqbar.wollok-lsp-ide-0.3.6/out/server/src/server.js:2254:32415\n    at Array.map (<anonymous>)\n    at Jfn (/home/felipe/.vscode/extensions/uqbar.wollok-lsp-ide-0.3.6/out/server/src/server.js:2254:32339)\n    at k2.buildEnvironmentFrom (/home/felipe/.vscode/extensions/uqbar.wollok-lsp-ide-0.3.6/out/server/src/server.js:2285:6721)\n    at k2.updateEnvironmentWith (/home/felipe/.vscode/extensions/uqbar.wollok-lsp-ide-0.3.6/out/server/src/server.js:2285:6456)\n    at jL (/home/felipe/.vscode/extensions/uqbar.wollok-lsp-ide-0.3.6/out/server/src/server.js:2298:2292)\n    at v3.invoke (/home/felipe/.vscode/extensions/uqbar.wollok-lsp-ide-0.3.6/out/server/src/server.js:3:157200)\n    at o.fire (/home/felipe/.vscode/extensions/uqbar.wollok-lsp-ide-0.3.6/out/server/src/server.js:3:157970)\n    at /home/felipe/.vscode/extensions/uqbar.wollok-lsp-ide-0.3.6/out/server/src/server.js:37:57871\n    at Vr (/home/felipe/.vscode/extensions/uqbar.wollok-lsp-ide-0.3.6/out/server/src/server.js:8:1561)","timestamp":"2024-10-15T00:22:27.877Z"}
{"level":"error","message":"✘ Failed to rebuild document Failed to parse testGranja.wtest: \n-- PARSING FAILED --------------------------------------------------\n\n  139 | \n  140 |   test \"As\"\n> 141 | }\n      | ^\n\nExpected one of the following: \n\n'@', '{', comment, whitespace\n","stack":"Error: Failed to parse testGranja.wtest: \n-- PARSING FAILED --------------------------------------------------\n\n  139 | \n  140 |   test \"As\"\n> 141 | }\n      | ^\n\nExpected one of the following: \n\n'@', '{', comment, whitespace\n\n    at /home/felipe/.vscode/extensions/uqbar.wollok-lsp-ide-0.3.6/out/server/src/server.js:2254:32415\n    at Array.map (<anonymous>)\n    at Jfn (/home/felipe/.vscode/extensions/uqbar.wollok-lsp-ide-0.3.6/out/server/src/server.js:2254:32339)\n    at k2.buildEnvironmentFrom (/home/felipe/.vscode/extensions/uqbar.wollok-lsp-ide-0.3.6/out/server/src/server.js:2285:6721)\n    at k2.updateEnvironmentWith (/home/felipe/.vscode/extensions/uqbar.wollok-lsp-ide-0.3.6/out/server/src/server.js:2285:6456)\n    at jL (/home/felipe/.vscode/extensions/uqbar.wollok-lsp-ide-0.3.6/out/server/src/server.js:2298:2292)\n    at v3.invoke (/home/felipe/.vscode/extensions/uqbar.wollok-lsp-ide-0.3.6/out/server/src/server.js:3:157200)\n    at o.fire (/home/felipe/.vscode/extensions/uqbar.wollok-lsp-ide-0.3.6/out/server/src/server.js:3:157970)\n    at /home/felipe/.vscode/extensions/uqbar.wollok-lsp-ide-0.3.6/out/server/src/server.js:37:57871\n    at Vr (/home/felipe/.vscode/extensions/uqbar.wollok-lsp-ide-0.3.6/out/server/src/server.js:8:1561)","timestamp":"2024-10-15T00:22:27.978Z"}
{"level":"error","message":"✘ Failed to rebuild document Failed to parse testGranja.wtest: \n-- PARSING FAILED --------------------------------------------------\n\n  139 | \n  140 |   test \"A\"\n> 141 | }\n      | ^\n\nExpected one of the following: \n\n'@', '{', comment, whitespace\n","stack":"Error: Failed to parse testGranja.wtest: \n-- PARSING FAILED --------------------------------------------------\n\n  139 | \n  140 |   test \"A\"\n> 141 | }\n      | ^\n\nExpected one of the following: \n\n'@', '{', comment, whitespace\n\n    at /home/felipe/.vscode/extensions/uqbar.wollok-lsp-ide-0.3.6/out/server/src/server.js:2254:32415\n    at Array.map (<anonymous>)\n    at Jfn (/home/felipe/.vscode/extensions/uqbar.wollok-lsp-ide-0.3.6/out/server/src/server.js:2254:32339)\n    at k2.buildEnvironmentFrom (/home/felipe/.vscode/extensions/uqbar.wollok-lsp-ide-0.3.6/out/server/src/server.js:2285:6721)\n    at k2.updateEnvironmentWith (/home/felipe/.vscode/extensions/uqbar.wollok-lsp-ide-0.3.6/out/server/src/server.js:2285:6456)\n    at jL (/home/felipe/.vscode/extensions/uqbar.wollok-lsp-ide-0.3.6/out/server/src/server.js:2298:2292)\n    at v3.invoke (/home/felipe/.vscode/extensions/uqbar.wollok-lsp-ide-0.3.6/out/server/src/server.js:3:157200)\n    at o.fire (/home/felipe/.vscode/extensions/uqbar.wollok-lsp-ide-0.3.6/out/server/src/server.js:3:157970)\n    at /home/felipe/.vscode/extensions/uqbar.wollok-lsp-ide-0.3.6/out/server/src/server.js:37:57871\n    at Vr (/home/felipe/.vscode/extensions/uqbar.wollok-lsp-ide-0.3.6/out/server/src/server.js:8:1561)","timestamp":"2024-10-15T00:22:28.059Z"}
{"level":"error","message":"✘ Failed to rebuild document Failed to parse testGranja.wtest: \n-- PARSING FAILED --------------------------------------------------\n\n  139 | \n  140 |   test \"\"\n> 141 | }\n      | ^\n\nExpected one of the following: \n\n'@', '{', comment, whitespace\n","stack":"Error: Failed to parse testGranja.wtest: \n-- PARSING FAILED --------------------------------------------------\n\n  139 | \n  140 |   test \"\"\n> 141 | }\n      | ^\n\nExpected one of the following: \n\n'@', '{', comment, whitespace\n\n    at /home/felipe/.vscode/extensions/uqbar.wollok-lsp-ide-0.3.6/out/server/src/server.js:2254:32415\n    at Array.map (<anonymous>)\n    at Jfn (/home/felipe/.vscode/extensions/uqbar.wollok-lsp-ide-0.3.6/out/server/src/server.js:2254:32339)\n    at k2.buildEnvironmentFrom (/home/felipe/.vscode/extensions/uqbar.wollok-lsp-ide-0.3.6/out/server/src/server.js:2285:6721)\n    at k2.updateEnvironmentWith (/home/felipe/.vscode/extensions/uqbar.wollok-lsp-ide-0.3.6/out/server/src/server.js:2285:6456)\n    at jL (/home/felipe/.vscode/extensions/uqbar.wollok-lsp-ide-0.3.6/out/server/src/server.js:2298:2292)\n    at v3.invoke (/home/felipe/.vscode/extensions/uqbar.wollok-lsp-ide-0.3.6/out/server/src/server.js:3:157200)\n    at o.fire (/home/felipe/.vscode/extensions/uqbar.wollok-lsp-ide-0.3.6/out/server/src/server.js:3:157970)\n    at /home/felipe/.vscode/extensions/uqbar.wollok-lsp-ide-0.3.6/out/server/src/server.js:37:57871\n    at Vr (/home/felipe/.vscode/extensions/uqbar.wollok-lsp-ide-0.3.6/out/server/src/server.js:8:1561)","timestamp":"2024-10-15T00:22:28.155Z"}
{"level":"error","message":"✘ Failed to rebuild document Failed to parse testGranja.wtest: \n-- PARSING FAILED --------------------------------------------------\n\n  139 | \n  140 |   test \"R\"\n> 141 | }\n      | ^\n\nExpected one of the following: \n\n'@', '{', comment, whitespace\n","stack":"Error: Failed to parse testGranja.wtest: \n-- PARSING FAILED --------------------------------------------------\n\n  139 | \n  140 |   test \"R\"\n> 141 | }\n      | ^\n\nExpected one of the following: \n\n'@', '{', comment, whitespace\n\n    at /home/felipe/.vscode/extensions/uqbar.wollok-lsp-ide-0.3.6/out/server/src/server.js:2254:32415\n    at Array.map (<anonymous>)\n    at Jfn (/home/felipe/.vscode/extensions/uqbar.wollok-lsp-ide-0.3.6/out/server/src/server.js:2254:32339)\n    at k2.buildEnvironmentFrom (/home/felipe/.vscode/extensions/uqbar.wollok-lsp-ide-0.3.6/out/server/src/server.js:2285:6721)\n    at k2.updateEnvironmentWith (/home/felipe/.vscode/extensions/uqbar.wollok-lsp-ide-0.3.6/out/server/src/server.js:2285:6456)\n    at jL (/home/felipe/.vscode/extensions/uqbar.wollok-lsp-ide-0.3.6/out/server/src/server.js:2298:2292)\n    at v3.invoke (/home/felipe/.vscode/extensions/uqbar.wollok-lsp-ide-0.3.6/out/server/src/server.js:3:157200)\n    at o.fire (/home/felipe/.vscode/extensions/uqbar.wollok-lsp-ide-0.3.6/out/server/src/server.js:3:157970)\n    at /home/felipe/.vscode/extensions/uqbar.wollok-lsp-ide-0.3.6/out/server/src/server.js:37:57871\n    at Vr (/home/felipe/.vscode/extensions/uqbar.wollok-lsp-ide-0.3.6/out/server/src/server.js:8:1561)","timestamp":"2024-10-15T00:22:28.238Z"}
{"level":"error","message":"✘ Failed to rebuild document Failed to parse testGranja.wtest: \n-- PARSING FAILED --------------------------------------------------\n\n  139 | \n  140 |   test \"Ri\"\n> 141 | }\n      | ^\n\nExpected one of the following: \n\n'@', '{', comment, whitespace\n","stack":"Error: Failed to parse testGranja.wtest: \n-- PARSING FAILED --------------------------------------------------\n\n  139 | \n  140 |   test \"Ri\"\n> 141 | }\n      | ^\n\nExpected one of the following: \n\n'@', '{', comment, whitespace\n\n    at /home/felipe/.vscode/extensions/uqbar.wollok-lsp-ide-0.3.6/out/server/src/server.js:2254:32415\n    at Array.map (<anonymous>)\n    at Jfn (/home/felipe/.vscode/extensions/uqbar.wollok-lsp-ide-0.3.6/out/server/src/server.js:2254:32339)\n    at k2.buildEnvironmentFrom (/home/felipe/.vscode/extensions/uqbar.wollok-lsp-ide-0.3.6/out/server/src/server.js:2285:6721)\n    at k2.updateEnvironmentWith (/home/felipe/.vscode/extensions/uqbar.wollok-lsp-ide-0.3.6/out/server/src/server.js:2285:6456)\n    at jL (/home/felipe/.vscode/extensions/uqbar.wollok-lsp-ide-0.3.6/out/server/src/server.js:2298:2292)\n    at v3.invoke (/home/felipe/.vscode/extensions/uqbar.wollok-lsp-ide-0.3.6/out/server/src/server.js:3:157200)\n    at o.fire (/home/felipe/.vscode/extensions/uqbar.wollok-lsp-ide-0.3.6/out/server/src/server.js:3:157970)\n    at /home/felipe/.vscode/extensions/uqbar.wollok-lsp-ide-0.3.6/out/server/src/server.js:37:57871\n    at Vr (/home/felipe/.vscode/extensions/uqbar.wollok-lsp-ide-0.3.6/out/server/src/server.js:8:1561)","timestamp":"2024-10-15T00:22:28.369Z"}
{"level":"error","message":"✘ Failed to rebuild document Failed to parse testGranja.wtest: \n-- PARSING FAILED --------------------------------------------------\n\n  139 | \n  140 |   test \"Rie\"\n> 141 | }\n      | ^\n\nExpected one of the following: \n\n'@', '{', comment, whitespace\n","stack":"Error: Failed to parse testGranja.wtest: \n-- PARSING FAILED --------------------------------------------------\n\n  139 | \n  140 |   test \"Rie\"\n> 141 | }\n      | ^\n\nExpected one of the following: \n\n'@', '{', comment, whitespace\n\n    at /home/felipe/.vscode/extensions/uqbar.wollok-lsp-ide-0.3.6/out/server/src/server.js:2254:32415\n    at Array.map (<anonymous>)\n    at Jfn (/home/felipe/.vscode/extensions/uqbar.wollok-lsp-ide-0.3.6/out/server/src/server.js:2254:32339)\n    at k2.buildEnvironmentFrom (/home/felipe/.vscode/extensions/uqbar.wollok-lsp-ide-0.3.6/out/server/src/server.js:2285:6721)\n    at k2.updateEnvironmentWith (/home/felipe/.vscode/extensions/uqbar.wollok-lsp-ide-0.3.6/out/server/src/server.js:2285:6456)\n    at jL (/home/felipe/.vscode/extensions/uqbar.wollok-lsp-ide-0.3.6/out/server/src/server.js:2298:2292)\n    at v3.invoke (/home/felipe/.vscode/extensions/uqbar.wollok-lsp-ide-0.3.6/out/server/src/server.js:3:157200)\n    at o.fire (/home/felipe/.vscode/extensions/uqbar.wollok-lsp-ide-0.3.6/out/server/src/server.js:3:157970)\n    at /home/felipe/.vscode/extensions/uqbar.wollok-lsp-ide-0.3.6/out/server/src/server.js:37:57871\n    at Vr (/home/felipe/.vscode/extensions/uqbar.wollok-lsp-ide-0.3.6/out/server/src/server.js:8:1561)","timestamp":"2024-10-15T00:22:28.484Z"}
{"level":"error","message":"✘ Failed to rebuild document Failed to parse testGranja.wtest: \n-- PARSING FAILED --------------------------------------------------\n\n  139 | \n  140 |   test \"Rieg\"\n> 141 | }\n      | ^\n\nExpected one of the following: \n\n'@', '{', comment, whitespace\n","stack":"Error: Failed to parse testGranja.wtest: \n-- PARSING FAILED --------------------------------------------------\n\n  139 | \n  140 |   test \"Rieg\"\n> 141 | }\n      | ^\n\nExpected one of the following: \n\n'@', '{', comment, whitespace\n\n    at /home/felipe/.vscode/extensions/uqbar.wollok-lsp-ide-0.3.6/out/server/src/server.js:2254:32415\n    at Array.map (<anonymous>)\n    at Jfn (/home/felipe/.vscode/extensions/uqbar.wollok-lsp-ide-0.3.6/out/server/src/server.js:2254:32339)\n    at k2.buildEnvironmentFrom (/home/felipe/.vscode/extensions/uqbar.wollok-lsp-ide-0.3.6/out/server/src/server.js:2285:6721)\n    at k2.updateEnvironmentWith (/home/felipe/.vscode/extensions/uqbar.wollok-lsp-ide-0.3.6/out/server/src/server.js:2285:6456)\n    at jL (/home/felipe/.vscode/extensions/uqbar.wollok-lsp-ide-0.3.6/out/server/src/server.js:2298:2292)\n    at v3.invoke (/home/felipe/.vscode/extensions/uqbar.wollok-lsp-ide-0.3.6/out/server/src/server.js:3:157200)\n    at o.fire (/home/felipe/.vscode/extensions/uqbar.wollok-lsp-ide-0.3.6/out/server/src/server.js:3:157970)\n    at /home/felipe/.vscode/extensions/uqbar.wollok-lsp-ide-0.3.6/out/server/src/server.js:37:57871\n    at Vr (/home/felipe/.vscode/extensions/uqbar.wollok-lsp-ide-0.3.6/out/server/src/server.js:8:1561)","timestamp":"2024-10-15T00:22:28.613Z"}
{"level":"error","message":"✘ Failed to rebuild document Failed to parse testGranja.wtest: \n-- PARSING FAILED --------------------------------------------------\n\n  139 | \n  140 |   test \"Riega\"\n> 141 | }\n      | ^\n\nExpected one of the following: \n\n'@', '{', comment, whitespace\n","stack":"Error: Failed to parse testGranja.wtest: \n-- PARSING FAILED --------------------------------------------------\n\n  139 | \n  140 |   test \"Riega\"\n> 141 | }\n      | ^\n\nExpected one of the following: \n\n'@', '{', comment, whitespace\n\n    at /home/felipe/.vscode/extensions/uqbar.wollok-lsp-ide-0.3.6/out/server/src/server.js:2254:32415\n    at Array.map (<anonymous>)\n    at Jfn (/home/felipe/.vscode/extensions/uqbar.wollok-lsp-ide-0.3.6/out/server/src/server.js:2254:32339)\n    at k2.buildEnvironmentFrom (/home/felipe/.vscode/extensions/uqbar.wollok-lsp-ide-0.3.6/out/server/src/server.js:2285:6721)\n    at k2.updateEnvironmentWith (/home/felipe/.vscode/extensions/uqbar.wollok-lsp-ide-0.3.6/out/server/src/server.js:2285:6456)\n    at jL (/home/felipe/.vscode/extensions/uqbar.wollok-lsp-ide-0.3.6/out/server/src/server.js:2298:2292)\n    at v3.invoke (/home/felipe/.vscode/extensions/uqbar.wollok-lsp-ide-0.3.6/out/server/src/server.js:3:157200)\n    at o.fire (/home/felipe/.vscode/extensions/uqbar.wollok-lsp-ide-0.3.6/out/server/src/server.js:3:157970)\n    at /home/felipe/.vscode/extensions/uqbar.wollok-lsp-ide-0.3.6/out/server/src/server.js:37:57871\n    at Vr (/home/felipe/.vscode/extensions/uqbar.wollok-lsp-ide-0.3.6/out/server/src/server.js:8:1561)","timestamp":"2024-10-15T00:22:28.758Z"}
{"level":"error","message":"✘ Failed to rebuild document Failed to parse testGranja.wtest: \n-- PARSING FAILED --------------------------------------------------\n\n  139 | \n  140 |   test \"Riegan\"\n> 141 | }\n      | ^\n\nExpected one of the following: \n\n'@', '{', comment, whitespace\n","stack":"Error: Failed to parse testGranja.wtest: \n-- PARSING FAILED --------------------------------------------------\n\n  139 | \n  140 |   test \"Riegan\"\n> 141 | }\n      | ^\n\nExpected one of the following: \n\n'@', '{', comment, whitespace\n\n    at /home/felipe/.vscode/extensions/uqbar.wollok-lsp-ide-0.3.6/out/server/src/server.js:2254:32415\n    at Array.map (<anonymous>)\n    at Jfn (/home/felipe/.vscode/extensions/uqbar.wollok-lsp-ide-0.3.6/out/server/src/server.js:2254:32339)\n    at k2.buildEnvironmentFrom (/home/felipe/.vscode/extensions/uqbar.wollok-lsp-ide-0.3.6/out/server/src/server.js:2285:6721)\n    at k2.updateEnvironmentWith (/home/felipe/.vscode/extensions/uqbar.wollok-lsp-ide-0.3.6/out/server/src/server.js:2285:6456)\n    at jL (/home/felipe/.vscode/extensions/uqbar.wollok-lsp-ide-0.3.6/out/server/src/server.js:2298:2292)\n    at v3.invoke (/home/felipe/.vscode/extensions/uqbar.wollok-lsp-ide-0.3.6/out/server/src/server.js:3:157200)\n    at o.fire (/home/felipe/.vscode/extensions/uqbar.wollok-lsp-ide-0.3.6/out/server/src/server.js:3:157970)\n    at /home/felipe/.vscode/extensions/uqbar.wollok-lsp-ide-0.3.6/out/server/src/server.js:37:57871\n    at Vr (/home/felipe/.vscode/extensions/uqbar.wollok-lsp-ide-0.3.6/out/server/src/server.js:8:1561)","timestamp":"2024-10-15T00:22:28.974Z"}
{"level":"error","message":"✘ Failed to rebuild document Failed to parse testGranja.wtest: \n-- PARSING FAILED --------------------------------------------------\n\n  139 | \n  140 |   test \"Riegan \"\n> 141 | }\n      | ^\n\nExpected one of the following: \n\n'@', '{', comment, whitespace\n","stack":"Error: Failed to parse testGranja.wtest: \n-- PARSING FAILED --------------------------------------------------\n\n  139 | \n  140 |   test \"Riegan \"\n> 141 | }\n      | ^\n\nExpected one of the following: \n\n'@', '{', comment, whitespace\n\n    at /home/felipe/.vscode/extensions/uqbar.wollok-lsp-ide-0.3.6/out/server/src/server.js:2254:32415\n    at Array.map (<anonymous>)\n    at Jfn (/home/felipe/.vscode/extensions/uqbar.wollok-lsp-ide-0.3.6/out/server/src/server.js:2254:32339)\n    at k2.buildEnvironmentFrom (/home/felipe/.vscode/extensions/uqbar.wollok-lsp-ide-0.3.6/out/server/src/server.js:2285:6721)\n    at k2.updateEnvironmentWith (/home/felipe/.vscode/extensions/uqbar.wollok-lsp-ide-0.3.6/out/server/src/server.js:2285:6456)\n    at jL (/home/felipe/.vscode/extensions/uqbar.wollok-lsp-ide-0.3.6/out/server/src/server.js:2298:2292)\n    at v3.invoke (/home/felipe/.vscode/extensions/uqbar.wollok-lsp-ide-0.3.6/out/server/src/server.js:3:157200)\n    at o.fire (/home/felipe/.vscode/extensions/uqbar.wollok-lsp-ide-0.3.6/out/server/src/server.js:3:157970)\n    at /home/felipe/.vscode/extensions/uqbar.wollok-lsp-ide-0.3.6/out/server/src/server.js:37:57871\n    at Vr (/home/felipe/.vscode/extensions/uqbar.wollok-lsp-ide-0.3.6/out/server/src/server.js:8:1561)","timestamp":"2024-10-15T00:22:29.078Z"}
{"level":"error","message":"✘ Failed to rebuild document Failed to parse testGranja.wtest: \n-- PARSING FAILED --------------------------------------------------\n\n  139 | \n  140 |   test \"Riegan t\"\n> 141 | }\n      | ^\n\nExpected one of the following: \n\n'@', '{', comment, whitespace\n","stack":"Error: Failed to parse testGranja.wtest: \n-- PARSING FAILED --------------------------------------------------\n\n  139 | \n  140 |   test \"Riegan t\"\n> 141 | }\n      | ^\n\nExpected one of the following: \n\n'@', '{', comment, whitespace\n\n    at /home/felipe/.vscode/extensions/uqbar.wollok-lsp-ide-0.3.6/out/server/src/server.js:2254:32415\n    at Array.map (<anonymous>)\n    at Jfn (/home/felipe/.vscode/extensions/uqbar.wollok-lsp-ide-0.3.6/out/server/src/server.js:2254:32339)\n    at k2.buildEnvironmentFrom (/home/felipe/.vscode/extensions/uqbar.wollok-lsp-ide-0.3.6/out/server/src/server.js:2285:6721)\n    at k2.updateEnvironmentWith (/home/felipe/.vscode/extensions/uqbar.wollok-lsp-ide-0.3.6/out/server/src/server.js:2285:6456)\n    at jL (/home/felipe/.vscode/extensions/uqbar.wollok-lsp-ide-0.3.6/out/server/src/server.js:2298:2292)\n    at v3.invoke (/home/felipe/.vscode/extensions/uqbar.wollok-lsp-ide-0.3.6/out/server/src/server.js:3:157200)\n    at o.fire (/home/felipe/.vscode/extensions/uqbar.wollok-lsp-ide-0.3.6/out/server/src/server.js:3:157970)\n    at /home/felipe/.vscode/extensions/uqbar.wollok-lsp-ide-0.3.6/out/server/src/server.js:37:57871\n    at Vr (/home/felipe/.vscode/extensions/uqbar.wollok-lsp-ide-0.3.6/out/server/src/server.js:8:1561)","timestamp":"2024-10-15T00:22:29.374Z"}
{"level":"error","message":"✘ Failed to rebuild document Failed to parse testGranja.wtest: \n-- PARSING FAILED --------------------------------------------------\n\n  139 | \n  140 |   test \"Riegan to\"\n> 141 | }\n      | ^\n\nExpected one of the following: \n\n'@', '{', comment, whitespace\n","stack":"Error: Failed to parse testGranja.wtest: \n-- PARSING FAILED --------------------------------------------------\n\n  139 | \n  140 |   test \"Riegan to\"\n> 141 | }\n      | ^\n\nExpected one of the following: \n\n'@', '{', comment, whitespace\n\n    at /home/felipe/.vscode/extensions/uqbar.wollok-lsp-ide-0.3.6/out/server/src/server.js:2254:32415\n    at Array.map (<anonymous>)\n    at Jfn (/home/felipe/.vscode/extensions/uqbar.wollok-lsp-ide-0.3.6/out/server/src/server.js:2254:32339)\n    at k2.buildEnvironmentFrom (/home/felipe/.vscode/extensions/uqbar.wollok-lsp-ide-0.3.6/out/server/src/server.js:2285:6721)\n    at k2.updateEnvironmentWith (/home/felipe/.vscode/extensions/uqbar.wollok-lsp-ide-0.3.6/out/server/src/server.js:2285:6456)\n    at jL (/home/felipe/.vscode/extensions/uqbar.wollok-lsp-ide-0.3.6/out/server/src/server.js:2298:2292)\n    at v3.invoke (/home/felipe/.vscode/extensions/uqbar.wollok-lsp-ide-0.3.6/out/server/src/server.js:3:157200)\n    at o.fire (/home/felipe/.vscode/extensions/uqbar.wollok-lsp-ide-0.3.6/out/server/src/server.js:3:157970)\n    at /home/felipe/.vscode/extensions/uqbar.wollok-lsp-ide-0.3.6/out/server/src/server.js:37:57871\n    at Vr (/home/felipe/.vscode/extensions/uqbar.wollok-lsp-ide-0.3.6/out/server/src/server.js:8:1561)","timestamp":"2024-10-15T00:22:29.493Z"}
{"level":"error","message":"✘ Failed to rebuild document Failed to parse testGranja.wtest: \n-- PARSING FAILED --------------------------------------------------\n\n  139 | \n  140 |   test \"Riegan tod\"\n> 141 | }\n      | ^\n\nExpected one of the following: \n\n'@', '{', comment, whitespace\n","stack":"Error: Failed to parse testGranja.wtest: \n-- PARSING FAILED --------------------------------------------------\n\n  139 | \n  140 |   test \"Riegan tod\"\n> 141 | }\n      | ^\n\nExpected one of the following: \n\n'@', '{', comment, whitespace\n\n    at /home/felipe/.vscode/extensions/uqbar.wollok-lsp-ide-0.3.6/out/server/src/server.js:2254:32415\n    at Array.map (<anonymous>)\n    at Jfn (/home/felipe/.vscode/extensions/uqbar.wollok-lsp-ide-0.3.6/out/server/src/server.js:2254:32339)\n    at k2.buildEnvironmentFrom (/home/felipe/.vscode/extensions/uqbar.wollok-lsp-ide-0.3.6/out/server/src/server.js:2285:6721)\n    at k2.updateEnvironmentWith (/home/felipe/.vscode/extensions/uqbar.wollok-lsp-ide-0.3.6/out/server/src/server.js:2285:6456)\n    at jL (/home/felipe/.vscode/extensions/uqbar.wollok-lsp-ide-0.3.6/out/server/src/server.js:2298:2292)\n    at v3.invoke (/home/felipe/.vscode/extensions/uqbar.wollok-lsp-ide-0.3.6/out/server/src/server.js:3:157200)\n    at o.fire (/home/felipe/.vscode/extensions/uqbar.wollok-lsp-ide-0.3.6/out/server/src/server.js:3:157970)\n    at /home/felipe/.vscode/extensions/uqbar.wollok-lsp-ide-0.3.6/out/server/src/server.js:37:57871\n    at Vr (/home/felipe/.vscode/extensions/uqbar.wollok-lsp-ide-0.3.6/out/server/src/server.js:8:1561)","timestamp":"2024-10-15T00:22:29.622Z"}
{"level":"error","message":"✘ Failed to rebuild document Failed to parse testGranja.wtest: \n-- PARSING FAILED --------------------------------------------------\n\n  139 | \n  140 |   test \"Riegan todo\"\n> 141 | }\n      | ^\n\nExpected one of the following: \n\n'@', '{', comment, whitespace\n","stack":"Error: Failed to parse testGranja.wtest: \n-- PARSING FAILED --------------------------------------------------\n\n  139 | \n  140 |   test \"Riegan todo\"\n> 141 | }\n      | ^\n\nExpected one of the following: \n\n'@', '{', comment, whitespace\n\n    at /home/felipe/.vscode/extensions/uqbar.wollok-lsp-ide-0.3.6/out/server/src/server.js:2254:32415\n    at Array.map (<anonymous>)\n    at Jfn (/home/felipe/.vscode/extensions/uqbar.wollok-lsp-ide-0.3.6/out/server/src/server.js:2254:32339)\n    at k2.buildEnvironmentFrom (/home/felipe/.vscode/extensions/uqbar.wollok-lsp-ide-0.3.6/out/server/src/server.js:2285:6721)\n    at k2.updateEnvironmentWith (/home/felipe/.vscode/extensions/uqbar.wollok-lsp-ide-0.3.6/out/server/src/server.js:2285:6456)\n    at jL (/home/felipe/.vscode/extensions/uqbar.wollok-lsp-ide-0.3.6/out/server/src/server.js:2298:2292)\n    at v3.invoke (/home/felipe/.vscode/extensions/uqbar.wollok-lsp-ide-0.3.6/out/server/src/server.js:3:157200)\n    at o.fire (/home/felipe/.vscode/extensions/uqbar.wollok-lsp-ide-0.3.6/out/server/src/server.js:3:157970)\n    at /home/felipe/.vscode/extensions/uqbar.wollok-lsp-ide-0.3.6/out/server/src/server.js:37:57871\n    at Vr (/home/felipe/.vscode/extensions/uqbar.wollok-lsp-ide-0.3.6/out/server/src/server.js:8:1561)","timestamp":"2024-10-15T00:22:29.717Z"}
{"level":"error","message":"✘ Failed to rebuild document Failed to parse testGranja.wtest: \n-- PARSING FAILED --------------------------------------------------\n\n  139 | \n  140 |   test \"Riegan todos\"\n> 141 | }\n      | ^\n\nExpected one of the following: \n\n'@', '{', comment, whitespace\n","stack":"Error: Failed to parse testGranja.wtest: \n-- PARSING FAILED --------------------------------------------------\n\n  139 | \n  140 |   test \"Riegan todos\"\n> 141 | }\n      | ^\n\nExpected one of the following: \n\n'@', '{', comment, whitespace\n\n    at /home/felipe/.vscode/extensions/uqbar.wollok-lsp-ide-0.3.6/out/server/src/server.js:2254:32415\n    at Array.map (<anonymous>)\n    at Jfn (/home/felipe/.vscode/extensions/uqbar.wollok-lsp-ide-0.3.6/out/server/src/server.js:2254:32339)\n    at k2.buildEnvironmentFrom (/home/felipe/.vscode/extensions/uqbar.wollok-lsp-ide-0.3.6/out/server/src/server.js:2285:6721)\n    at k2.updateEnvironmentWith (/home/felipe/.vscode/extensions/uqbar.wollok-lsp-ide-0.3.6/out/server/src/server.js:2285:6456)\n    at jL (/home/felipe/.vscode/extensions/uqbar.wollok-lsp-ide-0.3.6/out/server/src/server.js:2298:2292)\n    at v3.invoke (/home/felipe/.vscode/extensions/uqbar.wollok-lsp-ide-0.3.6/out/server/src/server.js:3:157200)\n    at o.fire (/home/felipe/.vscode/extensions/uqbar.wollok-lsp-ide-0.3.6/out/server/src/server.js:3:157970)\n    at /home/felipe/.vscode/extensions/uqbar.wollok-lsp-ide-0.3.6/out/server/src/server.js:37:57871\n    at Vr (/home/felipe/.vscode/extensions/uqbar.wollok-lsp-ide-0.3.6/out/server/src/server.js:8:1561)","timestamp":"2024-10-15T00:22:29.940Z"}
{"level":"error","message":"✘ Failed to rebuild document Failed to parse testGranja.wtest: \n-- PARSING FAILED --------------------------------------------------\n\n  139 | \n  140 |   test \"Riegan todos \"\n> 141 | }\n      | ^\n\nExpected one of the following: \n\n'@', '{', comment, whitespace\n","stack":"Error: Failed to parse testGranja.wtest: \n-- PARSING FAILED --------------------------------------------------\n\n  139 | \n  140 |   test \"Riegan todos \"\n> 141 | }\n      | ^\n\nExpected one of the following: \n\n'@', '{', comment, whitespace\n\n    at /home/felipe/.vscode/extensions/uqbar.wollok-lsp-ide-0.3.6/out/server/src/server.js:2254:32415\n    at Array.map (<anonymous>)\n    at Jfn (/home/felipe/.vscode/extensions/uqbar.wollok-lsp-ide-0.3.6/out/server/src/server.js:2254:32339)\n    at k2.buildEnvironmentFrom (/home/felipe/.vscode/extensions/uqbar.wollok-lsp-ide-0.3.6/out/server/src/server.js:2285:6721)\n    at k2.updateEnvironmentWith (/home/felipe/.vscode/extensions/uqbar.wollok-lsp-ide-0.3.6/out/server/src/server.js:2285:6456)\n    at jL (/home/felipe/.vscode/extensions/uqbar.wollok-lsp-ide-0.3.6/out/server/src/server.js:2298:2292)\n    at v3.invoke (/home/felipe/.vscode/extensions/uqbar.wollok-lsp-ide-0.3.6/out/server/src/server.js:3:157200)\n    at o.fire (/home/felipe/.vscode/extensions/uqbar.wollok-lsp-ide-0.3.6/out/server/src/server.js:3:157970)\n    at /home/felipe/.vscode/extensions/uqbar.wollok-lsp-ide-0.3.6/out/server/src/server.js:37:57871\n    at Vr (/home/felipe/.vscode/extensions/uqbar.wollok-lsp-ide-0.3.6/out/server/src/server.js:8:1561)","timestamp":"2024-10-15T00:22:30.053Z"}
{"level":"error","message":"✘ Failed to rebuild document Failed to parse testGranja.wtest: \n-- PARSING FAILED --------------------------------------------------\n\n  139 | \n  140 |   test \"Riegan todos l\"\n> 141 | }\n      | ^\n\nExpected one of the following: \n\n'@', '{', comment, whitespace\n","stack":"Error: Failed to parse testGranja.wtest: \n-- PARSING FAILED --------------------------------------------------\n\n  139 | \n  140 |   test \"Riegan todos l\"\n> 141 | }\n      | ^\n\nExpected one of the following: \n\n'@', '{', comment, whitespace\n\n    at /home/felipe/.vscode/extensions/uqbar.wollok-lsp-ide-0.3.6/out/server/src/server.js:2254:32415\n    at Array.map (<anonymous>)\n    at Jfn (/home/felipe/.vscode/extensions/uqbar.wollok-lsp-ide-0.3.6/out/server/src/server.js:2254:32339)\n    at k2.buildEnvironmentFrom (/home/felipe/.vscode/extensions/uqbar.wollok-lsp-ide-0.3.6/out/server/src/server.js:2285:6721)\n    at k2.updateEnvironmentWith (/home/felipe/.vscode/extensions/uqbar.wollok-lsp-ide-0.3.6/out/server/src/server.js:2285:6456)\n    at jL (/home/felipe/.vscode/extensions/uqbar.wollok-lsp-ide-0.3.6/out/server/src/server.js:2298:2292)\n    at v3.invoke (/home/felipe/.vscode/extensions/uqbar.wollok-lsp-ide-0.3.6/out/server/src/server.js:3:157200)\n    at o.fire (/home/felipe/.vscode/extensions/uqbar.wollok-lsp-ide-0.3.6/out/server/src/server.js:3:157970)\n    at /home/felipe/.vscode/extensions/uqbar.wollok-lsp-ide-0.3.6/out/server/src/server.js:37:57871\n    at Vr (/home/felipe/.vscode/extensions/uqbar.wollok-lsp-ide-0.3.6/out/server/src/server.js:8:1561)","timestamp":"2024-10-15T00:22:30.434Z"}
{"level":"error","message":"✘ Failed to rebuild document Failed to parse testGranja.wtest: \n-- PARSING FAILED --------------------------------------------------\n\n  139 | \n  140 |   test \"Riegan todos lo\"\n> 141 | }\n      | ^\n\nExpected one of the following: \n\n'@', '{', comment, whitespace\n","stack":"Error: Failed to parse testGranja.wtest: \n-- PARSING FAILED --------------------------------------------------\n\n  139 | \n  140 |   test \"Riegan todos lo\"\n> 141 | }\n      | ^\n\nExpected one of the following: \n\n'@', '{', comment, whitespace\n\n    at /home/felipe/.vscode/extensions/uqbar.wollok-lsp-ide-0.3.6/out/server/src/server.js:2254:32415\n    at Array.map (<anonymous>)\n    at Jfn (/home/felipe/.vscode/extensions/uqbar.wollok-lsp-ide-0.3.6/out/server/src/server.js:2254:32339)\n    at k2.buildEnvironmentFrom (/home/felipe/.vscode/extensions/uqbar.wollok-lsp-ide-0.3.6/out/server/src/server.js:2285:6721)\n    at k2.updateEnvironmentWith (/home/felipe/.vscode/extensions/uqbar.wollok-lsp-ide-0.3.6/out/server/src/server.js:2285:6456)\n    at jL (/home/felipe/.vscode/extensions/uqbar.wollok-lsp-ide-0.3.6/out/server/src/server.js:2298:2292)\n    at v3.invoke (/home/felipe/.vscode/extensions/uqbar.wollok-lsp-ide-0.3.6/out/server/src/server.js:3:157200)\n    at o.fire (/home/felipe/.vscode/extensions/uqbar.wollok-lsp-ide-0.3.6/out/server/src/server.js:3:157970)\n    at /home/felipe/.vscode/extensions/uqbar.wollok-lsp-ide-0.3.6/out/server/src/server.js:37:57871\n    at Vr (/home/felipe/.vscode/extensions/uqbar.wollok-lsp-ide-0.3.6/out/server/src/server.js:8:1561)","timestamp":"2024-10-15T00:22:30.556Z"}
{"level":"error","message":"✘ Failed to rebuild document Failed to parse testGranja.wtest: \n-- PARSING FAILED --------------------------------------------------\n\n  139 | \n  140 |   test \"Riegan todos los\"\n> 141 | }\n      | ^\n\nExpected one of the following: \n\n'@', '{', comment, whitespace\n","stack":"Error: Failed to parse testGranja.wtest: \n-- PARSING FAILED --------------------------------------------------\n\n  139 | \n  140 |   test \"Riegan todos los\"\n> 141 | }\n      | ^\n\nExpected one of the following: \n\n'@', '{', comment, whitespace\n\n    at /home/felipe/.vscode/extensions/uqbar.wollok-lsp-ide-0.3.6/out/server/src/server.js:2254:32415\n    at Array.map (<anonymous>)\n    at Jfn (/home/felipe/.vscode/extensions/uqbar.wollok-lsp-ide-0.3.6/out/server/src/server.js:2254:32339)\n    at k2.buildEnvironmentFrom (/home/felipe/.vscode/extensions/uqbar.wollok-lsp-ide-0.3.6/out/server/src/server.js:2285:6721)\n    at k2.updateEnvironmentWith (/home/felipe/.vscode/extensions/uqbar.wollok-lsp-ide-0.3.6/out/server/src/server.js:2285:6456)\n    at jL (/home/felipe/.vscode/extensions/uqbar.wollok-lsp-ide-0.3.6/out/server/src/server.js:2298:2292)\n    at v3.invoke (/home/felipe/.vscode/extensions/uqbar.wollok-lsp-ide-0.3.6/out/server/src/server.js:3:157200)\n    at o.fire (/home/felipe/.vscode/extensions/uqbar.wollok-lsp-ide-0.3.6/out/server/src/server.js:3:157970)\n    at /home/felipe/.vscode/extensions/uqbar.wollok-lsp-ide-0.3.6/out/server/src/server.js:37:57871\n    at Vr (/home/felipe/.vscode/extensions/uqbar.wollok-lsp-ide-0.3.6/out/server/src/server.js:8:1561)","timestamp":"2024-10-15T00:22:30.649Z"}
{"level":"error","message":"✘ Failed to rebuild document Failed to parse testGranja.wtest: \n-- PARSING FAILED --------------------------------------------------\n\n  139 | \n  140 |   test \"Riegan todos los \"\n> 141 | }\n      | ^\n\nExpected one of the following: \n\n'@', '{', comment, whitespace\n","stack":"Error: Failed to parse testGranja.wtest: \n-- PARSING FAILED --------------------------------------------------\n\n  139 | \n  140 |   test \"Riegan todos los \"\n> 141 | }\n      | ^\n\nExpected one of the following: \n\n'@', '{', comment, whitespace\n\n    at /home/felipe/.vscode/extensions/uqbar.wollok-lsp-ide-0.3.6/out/server/src/server.js:2254:32415\n    at Array.map (<anonymous>)\n    at Jfn (/home/felipe/.vscode/extensions/uqbar.wollok-lsp-ide-0.3.6/out/server/src/server.js:2254:32339)\n    at k2.buildEnvironmentFrom (/home/felipe/.vscode/extensions/uqbar.wollok-lsp-ide-0.3.6/out/server/src/server.js:2285:6721)\n    at k2.updateEnvironmentWith (/home/felipe/.vscode/extensions/uqbar.wollok-lsp-ide-0.3.6/out/server/src/server.js:2285:6456)\n    at jL (/home/felipe/.vscode/extensions/uqbar.wollok-lsp-ide-0.3.6/out/server/src/server.js:2298:2292)\n    at v3.invoke (/home/felipe/.vscode/extensions/uqbar.wollok-lsp-ide-0.3.6/out/server/src/server.js:3:157200)\n    at o.fire (/home/felipe/.vscode/extensions/uqbar.wollok-lsp-ide-0.3.6/out/server/src/server.js:3:157970)\n    at /home/felipe/.vscode/extensions/uqbar.wollok-lsp-ide-0.3.6/out/server/src/server.js:37:57871\n    at Vr (/home/felipe/.vscode/extensions/uqbar.wollok-lsp-ide-0.3.6/out/server/src/server.js:8:1561)","timestamp":"2024-10-15T00:22:30.797Z"}
{"level":"error","message":"✘ Failed to rebuild document Failed to parse testGranja.wtest: \n-- PARSING FAILED --------------------------------------------------\n\n  139 | \n  140 |   test \"Riegan todos los a\"\n> 141 | }\n      | ^\n\nExpected one of the following: \n\n'@', '{', comment, whitespace\n","stack":"Error: Failed to parse testGranja.wtest: \n-- PARSING FAILED --------------------------------------------------\n\n  139 | \n  140 |   test \"Riegan todos los a\"\n> 141 | }\n      | ^\n\nExpected one of the following: \n\n'@', '{', comment, whitespace\n\n    at /home/felipe/.vscode/extensions/uqbar.wollok-lsp-ide-0.3.6/out/server/src/server.js:2254:32415\n    at Array.map (<anonymous>)\n    at Jfn (/home/felipe/.vscode/extensions/uqbar.wollok-lsp-ide-0.3.6/out/server/src/server.js:2254:32339)\n    at k2.buildEnvironmentFrom (/home/felipe/.vscode/extensions/uqbar.wollok-lsp-ide-0.3.6/out/server/src/server.js:2285:6721)\n    at k2.updateEnvironmentWith (/home/felipe/.vscode/extensions/uqbar.wollok-lsp-ide-0.3.6/out/server/src/server.js:2285:6456)\n    at jL (/home/felipe/.vscode/extensions/uqbar.wollok-lsp-ide-0.3.6/out/server/src/server.js:2298:2292)\n    at v3.invoke (/home/felipe/.vscode/extensions/uqbar.wollok-lsp-ide-0.3.6/out/server/src/server.js:3:157200)\n    at o.fire (/home/felipe/.vscode/extensions/uqbar.wollok-lsp-ide-0.3.6/out/server/src/server.js:3:157970)\n    at /home/felipe/.vscode/extensions/uqbar.wollok-lsp-ide-0.3.6/out/server/src/server.js:37:57871\n    at Vr (/home/felipe/.vscode/extensions/uqbar.wollok-lsp-ide-0.3.6/out/server/src/server.js:8:1561)","timestamp":"2024-10-15T00:22:30.903Z"}
{"level":"error","message":"✘ Failed to rebuild document Failed to parse testGranja.wtest: \n-- PARSING FAILED --------------------------------------------------\n\n  139 | \n  140 |   test \"Riegan todos los as\"\n> 141 | }\n      | ^\n\nExpected one of the following: \n\n'@', '{', comment, whitespace\n","stack":"Error: Failed to parse testGranja.wtest: \n-- PARSING FAILED --------------------------------------------------\n\n  139 | \n  140 |   test \"Riegan todos los as\"\n> 141 | }\n      | ^\n\nExpected one of the following: \n\n'@', '{', comment, whitespace\n\n    at /home/felipe/.vscode/extensions/uqbar.wollok-lsp-ide-0.3.6/out/server/src/server.js:2254:32415\n    at Array.map (<anonymous>)\n    at Jfn (/home/felipe/.vscode/extensions/uqbar.wollok-lsp-ide-0.3.6/out/server/src/server.js:2254:32339)\n    at k2.buildEnvironmentFrom (/home/felipe/.vscode/extensions/uqbar.wollok-lsp-ide-0.3.6/out/server/src/server.js:2285:6721)\n    at k2.updateEnvironmentWith (/home/felipe/.vscode/extensions/uqbar.wollok-lsp-ide-0.3.6/out/server/src/server.js:2285:6456)\n    at jL (/home/felipe/.vscode/extensions/uqbar.wollok-lsp-ide-0.3.6/out/server/src/server.js:2298:2292)\n    at v3.invoke (/home/felipe/.vscode/extensions/uqbar.wollok-lsp-ide-0.3.6/out/server/src/server.js:3:157200)\n    at o.fire (/home/felipe/.vscode/extensions/uqbar.wollok-lsp-ide-0.3.6/out/server/src/server.js:3:157970)\n    at /home/felipe/.vscode/extensions/uqbar.wollok-lsp-ide-0.3.6/out/server/src/server.js:37:57871\n    at Vr (/home/felipe/.vscode/extensions/uqbar.wollok-lsp-ide-0.3.6/out/server/src/server.js:8:1561)","timestamp":"2024-10-15T00:22:31.035Z"}
{"level":"error","message":"✘ Failed to rebuild document Failed to parse testGranja.wtest: \n-- PARSING FAILED --------------------------------------------------\n\n  139 | \n  140 |   test \"Riegan todos los asp\"\n> 141 | }\n      | ^\n\nExpected one of the following: \n\n'@', '{', comment, whitespace\n","stack":"Error: Failed to parse testGranja.wtest: \n-- PARSING FAILED --------------------------------------------------\n\n  139 | \n  140 |   test \"Riegan todos los asp\"\n> 141 | }\n      | ^\n\nExpected one of the following: \n\n'@', '{', comment, whitespace\n\n    at /home/felipe/.vscode/extensions/uqbar.wollok-lsp-ide-0.3.6/out/server/src/server.js:2254:32415\n    at Array.map (<anonymous>)\n    at Jfn (/home/felipe/.vscode/extensions/uqbar.wollok-lsp-ide-0.3.6/out/server/src/server.js:2254:32339)\n    at k2.buildEnvironmentFrom (/home/felipe/.vscode/extensions/uqbar.wollok-lsp-ide-0.3.6/out/server/src/server.js:2285:6721)\n    at k2.updateEnvironmentWith (/home/felipe/.vscode/extensions/uqbar.wollok-lsp-ide-0.3.6/out/server/src/server.js:2285:6456)\n    at jL (/home/felipe/.vscode/extensions/uqbar.wollok-lsp-ide-0.3.6/out/server/src/server.js:2298:2292)\n    at v3.invoke (/home/felipe/.vscode/extensions/uqbar.wollok-lsp-ide-0.3.6/out/server/src/server.js:3:157200)\n    at o.fire (/home/felipe/.vscode/extensions/uqbar.wollok-lsp-ide-0.3.6/out/server/src/server.js:3:157970)\n    at /home/felipe/.vscode/extensions/uqbar.wollok-lsp-ide-0.3.6/out/server/src/server.js:37:57871\n    at Vr (/home/felipe/.vscode/extensions/uqbar.wollok-lsp-ide-0.3.6/out/server/src/server.js:8:1561)","timestamp":"2024-10-15T00:22:31.234Z"}
{"level":"error","message":"✘ Failed to rebuild document Failed to parse testGranja.wtest: \n-- PARSING FAILED --------------------------------------------------\n\n  139 | \n  140 |   test \"Riegan todos los aspe\"\n> 141 | }\n      | ^\n\nExpected one of the following: \n\n'@', '{', comment, whitespace\n","stack":"Error: Failed to parse testGranja.wtest: \n-- PARSING FAILED --------------------------------------------------\n\n  139 | \n  140 |   test \"Riegan todos los aspe\"\n> 141 | }\n      | ^\n\nExpected one of the following: \n\n'@', '{', comment, whitespace\n\n    at /home/felipe/.vscode/extensions/uqbar.wollok-lsp-ide-0.3.6/out/server/src/server.js:2254:32415\n    at Array.map (<anonymous>)\n    at Jfn (/home/felipe/.vscode/extensions/uqbar.wollok-lsp-ide-0.3.6/out/server/src/server.js:2254:32339)\n    at k2.buildEnvironmentFrom (/home/felipe/.vscode/extensions/uqbar.wollok-lsp-ide-0.3.6/out/server/src/server.js:2285:6721)\n    at k2.updateEnvironmentWith (/home/felipe/.vscode/extensions/uqbar.wollok-lsp-ide-0.3.6/out/server/src/server.js:2285:6456)\n    at jL (/home/felipe/.vscode/extensions/uqbar.wollok-lsp-ide-0.3.6/out/server/src/server.js:2298:2292)\n    at v3.invoke (/home/felipe/.vscode/extensions/uqbar.wollok-lsp-ide-0.3.6/out/server/src/server.js:3:157200)\n    at o.fire (/home/felipe/.vscode/extensions/uqbar.wollok-lsp-ide-0.3.6/out/server/src/server.js:3:157970)\n    at /home/felipe/.vscode/extensions/uqbar.wollok-lsp-ide-0.3.6/out/server/src/server.js:37:57871\n    at Vr (/home/felipe/.vscode/extensions/uqbar.wollok-lsp-ide-0.3.6/out/server/src/server.js:8:1561)","timestamp":"2024-10-15T00:22:31.324Z"}
{"level":"error","message":"✘ Failed to rebuild document Failed to parse testGranja.wtest: \n-- PARSING FAILED --------------------------------------------------\n\n  139 | \n  140 |   test \"Riegan todos los asper\"\n> 141 | }\n      | ^\n\nExpected one of the following: \n\n'@', '{', comment, whitespace\n","stack":"Error: Failed to parse testGranja.wtest: \n-- PARSING FAILED --------------------------------------------------\n\n  139 | \n  140 |   test \"Riegan todos los asper\"\n> 141 | }\n      | ^\n\nExpected one of the following: \n\n'@', '{', comment, whitespace\n\n    at /home/felipe/.vscode/extensions/uqbar.wollok-lsp-ide-0.3.6/out/server/src/server.js:2254:32415\n    at Array.map (<anonymous>)\n    at Jfn (/home/felipe/.vscode/extensions/uqbar.wollok-lsp-ide-0.3.6/out/server/src/server.js:2254:32339)\n    at k2.buildEnvironmentFrom (/home/felipe/.vscode/extensions/uqbar.wollok-lsp-ide-0.3.6/out/server/src/server.js:2285:6721)\n    at k2.updateEnvironmentWith (/home/felipe/.vscode/extensions/uqbar.wollok-lsp-ide-0.3.6/out/server/src/server.js:2285:6456)\n    at jL (/home/felipe/.vscode/extensions/uqbar.wollok-lsp-ide-0.3.6/out/server/src/server.js:2298:2292)\n    at v3.invoke (/home/felipe/.vscode/extensions/uqbar.wollok-lsp-ide-0.3.6/out/server/src/server.js:3:157200)\n    at o.fire (/home/felipe/.vscode/extensions/uqbar.wollok-lsp-ide-0.3.6/out/server/src/server.js:3:157970)\n    at /home/felipe/.vscode/extensions/uqbar.wollok-lsp-ide-0.3.6/out/server/src/server.js:37:57871\n    at Vr (/home/felipe/.vscode/extensions/uqbar.wollok-lsp-ide-0.3.6/out/server/src/server.js:8:1561)","timestamp":"2024-10-15T00:22:31.468Z"}
{"level":"error","message":"✘ Failed to rebuild document Failed to parse testGranja.wtest: \n-- PARSING FAILED --------------------------------------------------\n\n  139 | \n  140 |   test \"Riegan todos los aspers\"\n> 141 | }\n      | ^\n\nExpected one of the following: \n\n'@', '{', comment, whitespace\n","stack":"Error: Failed to parse testGranja.wtest: \n-- PARSING FAILED --------------------------------------------------\n\n  139 | \n  140 |   test \"Riegan todos los aspers\"\n> 141 | }\n      | ^\n\nExpected one of the following: \n\n'@', '{', comment, whitespace\n\n    at /home/felipe/.vscode/extensions/uqbar.wollok-lsp-ide-0.3.6/out/server/src/server.js:2254:32415\n    at Array.map (<anonymous>)\n    at Jfn (/home/felipe/.vscode/extensions/uqbar.wollok-lsp-ide-0.3.6/out/server/src/server.js:2254:32339)\n    at k2.buildEnvironmentFrom (/home/felipe/.vscode/extensions/uqbar.wollok-lsp-ide-0.3.6/out/server/src/server.js:2285:6721)\n    at k2.updateEnvironmentWith (/home/felipe/.vscode/extensions/uqbar.wollok-lsp-ide-0.3.6/out/server/src/server.js:2285:6456)\n    at jL (/home/felipe/.vscode/extensions/uqbar.wollok-lsp-ide-0.3.6/out/server/src/server.js:2298:2292)\n    at v3.invoke (/home/felipe/.vscode/extensions/uqbar.wollok-lsp-ide-0.3.6/out/server/src/server.js:3:157200)\n    at o.fire (/home/felipe/.vscode/extensions/uqbar.wollok-lsp-ide-0.3.6/out/server/src/server.js:3:157970)\n    at /home/felipe/.vscode/extensions/uqbar.wollok-lsp-ide-0.3.6/out/server/src/server.js:37:57871\n    at Vr (/home/felipe/.vscode/extensions/uqbar.wollok-lsp-ide-0.3.6/out/server/src/server.js:8:1561)","timestamp":"2024-10-15T00:22:31.670Z"}
{"level":"error","message":"✘ Failed to rebuild document Failed to parse testGranja.wtest: \n-- PARSING FAILED --------------------------------------------------\n\n  139 | \n  140 |   test \"Riegan todos los asperso\"\n> 141 | }\n      | ^\n\nExpected one of the following: \n\n'@', '{', comment, whitespace\n","stack":"Error: Failed to parse testGranja.wtest: \n-- PARSING FAILED --------------------------------------------------\n\n  139 | \n  140 |   test \"Riegan todos los asperso\"\n> 141 | }\n      | ^\n\nExpected one of the following: \n\n'@', '{', comment, whitespace\n\n    at /home/felipe/.vscode/extensions/uqbar.wollok-lsp-ide-0.3.6/out/server/src/server.js:2254:32415\n    at Array.map (<anonymous>)\n    at Jfn (/home/felipe/.vscode/extensions/uqbar.wollok-lsp-ide-0.3.6/out/server/src/server.js:2254:32339)\n    at k2.buildEnvironmentFrom (/home/felipe/.vscode/extensions/uqbar.wollok-lsp-ide-0.3.6/out/server/src/server.js:2285:6721)\n    at k2.updateEnvironmentWith (/home/felipe/.vscode/extensions/uqbar.wollok-lsp-ide-0.3.6/out/server/src/server.js:2285:6456)\n    at jL (/home/felipe/.vscode/extensions/uqbar.wollok-lsp-ide-0.3.6/out/server/src/server.js:2298:2292)\n    at v3.invoke (/home/felipe/.vscode/extensions/uqbar.wollok-lsp-ide-0.3.6/out/server/src/server.js:3:157200)\n    at o.fire (/home/felipe/.vscode/extensions/uqbar.wollok-lsp-ide-0.3.6/out/server/src/server.js:3:157970)\n    at /home/felipe/.vscode/extensions/uqbar.wollok-lsp-ide-0.3.6/out/server/src/server.js:37:57871\n    at Vr (/home/felipe/.vscode/extensions/uqbar.wollok-lsp-ide-0.3.6/out/server/src/server.js:8:1561)","timestamp":"2024-10-15T00:22:31.756Z"}
{"level":"error","message":"✘ Failed to rebuild document Failed to parse testGranja.wtest: \n-- PARSING FAILED --------------------------------------------------\n\n  139 | \n  140 |   test \"Riegan todos los aspersor\"\n> 141 | }\n      | ^\n\nExpected one of the following: \n\n'@', '{', comment, whitespace\n","stack":"Error: Failed to parse testGranja.wtest: \n-- PARSING FAILED --------------------------------------------------\n\n  139 | \n  140 |   test \"Riegan todos los aspersor\"\n> 141 | }\n      | ^\n\nExpected one of the following: \n\n'@', '{', comment, whitespace\n\n    at /home/felipe/.vscode/extensions/uqbar.wollok-lsp-ide-0.3.6/out/server/src/server.js:2254:32415\n    at Array.map (<anonymous>)\n    at Jfn (/home/felipe/.vscode/extensions/uqbar.wollok-lsp-ide-0.3.6/out/server/src/server.js:2254:32339)\n    at k2.buildEnvironmentFrom (/home/felipe/.vscode/extensions/uqbar.wollok-lsp-ide-0.3.6/out/server/src/server.js:2285:6721)\n    at k2.updateEnvironmentWith (/home/felipe/.vscode/extensions/uqbar.wollok-lsp-ide-0.3.6/out/server/src/server.js:2285:6456)\n    at jL (/home/felipe/.vscode/extensions/uqbar.wollok-lsp-ide-0.3.6/out/server/src/server.js:2298:2292)\n    at v3.invoke (/home/felipe/.vscode/extensions/uqbar.wollok-lsp-ide-0.3.6/out/server/src/server.js:3:157200)\n    at o.fire (/home/felipe/.vscode/extensions/uqbar.wollok-lsp-ide-0.3.6/out/server/src/server.js:3:157970)\n    at /home/felipe/.vscode/extensions/uqbar.wollok-lsp-ide-0.3.6/out/server/src/server.js:37:57871\n    at Vr (/home/felipe/.vscode/extensions/uqbar.wollok-lsp-ide-0.3.6/out/server/src/server.js:8:1561)","timestamp":"2024-10-15T00:22:31.981Z"}
{"level":"error","message":"✘ Failed to rebuild document Failed to parse testGranja.wtest: \n-- PARSING FAILED --------------------------------------------------\n\n  139 | \n  140 |   test \"Riegan todos los aspersore\"\n> 141 | }\n      | ^\n\nExpected one of the following: \n\n'@', '{', comment, whitespace\n","stack":"Error: Failed to parse testGranja.wtest: \n-- PARSING FAILED --------------------------------------------------\n\n  139 | \n  140 |   test \"Riegan todos los aspersore\"\n> 141 | }\n      | ^\n\nExpected one of the following: \n\n'@', '{', comment, whitespace\n\n    at /home/felipe/.vscode/extensions/uqbar.wollok-lsp-ide-0.3.6/out/server/src/server.js:2254:32415\n    at Array.map (<anonymous>)\n    at Jfn (/home/felipe/.vscode/extensions/uqbar.wollok-lsp-ide-0.3.6/out/server/src/server.js:2254:32339)\n    at k2.buildEnvironmentFrom (/home/felipe/.vscode/extensions/uqbar.wollok-lsp-ide-0.3.6/out/server/src/server.js:2285:6721)\n    at k2.updateEnvironmentWith (/home/felipe/.vscode/extensions/uqbar.wollok-lsp-ide-0.3.6/out/server/src/server.js:2285:6456)\n    at jL (/home/felipe/.vscode/extensions/uqbar.wollok-lsp-ide-0.3.6/out/server/src/server.js:2298:2292)\n    at v3.invoke (/home/felipe/.vscode/extensions/uqbar.wollok-lsp-ide-0.3.6/out/server/src/server.js:3:157200)\n    at o.fire (/home/felipe/.vscode/extensions/uqbar.wollok-lsp-ide-0.3.6/out/server/src/server.js:3:157970)\n    at /home/felipe/.vscode/extensions/uqbar.wollok-lsp-ide-0.3.6/out/server/src/server.js:37:57871\n    at Vr (/home/felipe/.vscode/extensions/uqbar.wollok-lsp-ide-0.3.6/out/server/src/server.js:8:1561)","timestamp":"2024-10-15T00:22:32.071Z"}
{"level":"error","message":"✘ Failed to rebuild document Failed to parse testGranja.wtest: \n-- PARSING FAILED --------------------------------------------------\n\n  139 | \n  140 |   test \"Riegan todos los aspersores\"\n> 141 | }\n      | ^\n\nExpected one of the following: \n\n'@', '{', comment, whitespace\n","stack":"Error: Failed to parse testGranja.wtest: \n-- PARSING FAILED --------------------------------------------------\n\n  139 | \n  140 |   test \"Riegan todos los aspersores\"\n> 141 | }\n      | ^\n\nExpected one of the following: \n\n'@', '{', comment, whitespace\n\n    at /home/felipe/.vscode/extensions/uqbar.wollok-lsp-ide-0.3.6/out/server/src/server.js:2254:32415\n    at Array.map (<anonymous>)\n    at Jfn (/home/felipe/.vscode/extensions/uqbar.wollok-lsp-ide-0.3.6/out/server/src/server.js:2254:32339)\n    at k2.buildEnvironmentFrom (/home/felipe/.vscode/extensions/uqbar.wollok-lsp-ide-0.3.6/out/server/src/server.js:2285:6721)\n    at k2.updateEnvironmentWith (/home/felipe/.vscode/extensions/uqbar.wollok-lsp-ide-0.3.6/out/server/src/server.js:2285:6456)\n    at jL (/home/felipe/.vscode/extensions/uqbar.wollok-lsp-ide-0.3.6/out/server/src/server.js:2298:2292)\n    at v3.invoke (/home/felipe/.vscode/extensions/uqbar.wollok-lsp-ide-0.3.6/out/server/src/server.js:3:157200)\n    at o.fire (/home/felipe/.vscode/extensions/uqbar.wollok-lsp-ide-0.3.6/out/server/src/server.js:3:157970)\n    at /home/felipe/.vscode/extensions/uqbar.wollok-lsp-ide-0.3.6/out/server/src/server.js:37:57871\n    at Vr (/home/felipe/.vscode/extensions/uqbar.wollok-lsp-ide-0.3.6/out/server/src/server.js:8:1561)","timestamp":"2024-10-15T00:22:32.222Z"}
{"level":"error","message":"✘ Failed to rebuild document Failed to parse testGranja.wtest: \n-- PARSING FAILED --------------------------------------------------\n\n  139 | \n  140 |   test \"Riegan todos los aspersores\" \n> 141 | }\n      | ^\n\nExpected one of the following: \n\n'@', '{', comment, whitespace\n","stack":"Error: Failed to parse testGranja.wtest: \n-- PARSING FAILED --------------------------------------------------\n\n  139 | \n  140 |   test \"Riegan todos los aspersores\" \n> 141 | }\n      | ^\n\nExpected one of the following: \n\n'@', '{', comment, whitespace\n\n    at /home/felipe/.vscode/extensions/uqbar.wollok-lsp-ide-0.3.6/out/server/src/server.js:2254:32415\n    at Array.map (<anonymous>)\n    at Jfn (/home/felipe/.vscode/extensions/uqbar.wollok-lsp-ide-0.3.6/out/server/src/server.js:2254:32339)\n    at k2.buildEnvironmentFrom (/home/felipe/.vscode/extensions/uqbar.wollok-lsp-ide-0.3.6/out/server/src/server.js:2285:6721)\n    at k2.updateEnvironmentWith (/home/felipe/.vscode/extensions/uqbar.wollok-lsp-ide-0.3.6/out/server/src/server.js:2285:6456)\n    at jL (/home/felipe/.vscode/extensions/uqbar.wollok-lsp-ide-0.3.6/out/server/src/server.js:2298:2292)\n    at v3.invoke (/home/felipe/.vscode/extensions/uqbar.wollok-lsp-ide-0.3.6/out/server/src/server.js:3:157200)\n    at o.fire (/home/felipe/.vscode/extensions/uqbar.wollok-lsp-ide-0.3.6/out/server/src/server.js:3:157970)\n    at /home/felipe/.vscode/extensions/uqbar.wollok-lsp-ide-0.3.6/out/server/src/server.js:37:57871\n    at Vr (/home/felipe/.vscode/extensions/uqbar.wollok-lsp-ide-0.3.6/out/server/src/server.js:8:1561)","timestamp":"2024-10-15T00:22:34.559Z"}
{"level":"info","message":"⌛ Building environment","timeElapsed":251,"timestamp":"2024-10-15T00:22:34.811Z"}
{"level":"info","message":"⌛ Building environment","timeElapsed":204,"timestamp":"2024-10-15T00:22:35.015Z"}
{"level":"info","message":"⌛ Validating testGranja.wtest","timeElapsed":205,"timestamp":"2024-10-15T00:22:35.222Z"}
{"level":"info","message":"⌛ Validating testGranja.wtest","timeElapsed":224,"timestamp":"2024-10-15T00:22:35.458Z"}
{"level":"info","message":"⌛ Building environment","timeElapsed":273,"timestamp":"2024-10-15T00:22:44.737Z"}
{"level":"info","message":"⌛ Validating testGranja.wtest","timeElapsed":276,"timestamp":"2024-10-15T00:22:45.025Z"}
{"level":"info","message":"⌛ Building environment","timeElapsed":288,"timestamp":"2024-10-15T00:22:51.496Z"}
{"level":"info","message":"⌛ Validating testGranja.wtest","timeElapsed":232,"timestamp":"2024-10-15T00:22:51.738Z"}
{"level":"info","message":"⌛ Building environment","timeElapsed":207,"timestamp":"2024-10-15T00:22:51.946Z"}
{"level":"info","message":"⌛ Validating testGranja.wtest","timeElapsed":213,"timestamp":"2024-10-15T00:22:52.173Z"}
{"level":"info","message":"⌛ Building environment","timeElapsed":266,"timestamp":"2024-10-15T00:22:56.543Z"}
{"level":"info","message":"⌛ Validating testGranja.wtest","timeElapsed":212,"timestamp":"2024-10-15T00:22:56.765Z"}
{"level":"info","message":"⌛ Building environment","timeElapsed":380,"timestamp":"2024-10-15T00:22:57.147Z"}
{"level":"info","message":"⌛ Validating testGranja.wtest","timeElapsed":249,"timestamp":"2024-10-15T00:22:57.411Z"}
{"level":"info","message":"⌛ Building environment","timeElapsed":236,"timestamp":"2024-10-15T00:22:58.242Z"}
{"level":"info","message":"⌛ Validating testGranja.wtest","timeElapsed":216,"timestamp":"2024-10-15T00:22:58.459Z"}
{"level":"info","message":"⌛ Building environment","timeElapsed":209,"timestamp":"2024-10-15T00:22:58.929Z"}
{"level":"info","message":"⌛ Validating testGranja.wtest","timeElapsed":226,"timestamp":"2024-10-15T00:22:59.209Z"}
{"level":"info","message":"⌛ Building environment","timeElapsed":265,"timestamp":"2024-10-15T00:22:59.475Z"}
{"level":"info","message":"onRequest - completionItem/resolve","timestamp":"2024-10-15T00:22:59.476Z"}
{"level":"info","message":"⌛ Building environment","timeElapsed":282,"timestamp":"2024-10-15T00:22:59.760Z"}
{"level":"info","message":"onRequest - completionItem/resolve","timestamp":"2024-10-15T00:22:59.760Z"}
{"level":"info","message":"⌛ Building environment","timeElapsed":264,"timestamp":"2024-10-15T00:23:00.040Z"}
{"level":"info","message":"onRequest - completionItem/resolve","timestamp":"2024-10-15T00:23:00.041Z"}
{"level":"info","message":"⌛ Validating testGranja.wtest","timeElapsed":229,"timestamp":"2024-10-15T00:23:00.271Z"}
{"level":"info","message":"⌛ Building environment","timeElapsed":251,"timestamp":"2024-10-15T00:23:00.522Z"}
{"level":"info","message":"onRequest - completionItem/resolve","timestamp":"2024-10-15T00:23:00.523Z"}
{"level":"info","message":"⌛ Building environment","timeElapsed":243,"timestamp":"2024-10-15T00:23:00.766Z"}
{"level":"info","message":"onRequest - completionItem/resolve","timestamp":"2024-10-15T00:23:00.767Z"}
{"level":"info","message":"⌛ Validating testGranja.wtest","timeElapsed":212,"timestamp":"2024-10-15T00:23:00.979Z"}
{"level":"info","message":"⌛ Validating testGranja.wtest","timeElapsed":219,"timestamp":"2024-10-15T00:23:01.209Z"}
{"level":"info","message":"⌛ Building environment","timeElapsed":351,"timestamp":"2024-10-15T00:23:01.560Z"}
{"level":"info","message":"⌛ Validating testGranja.wtest","timeElapsed":217,"timestamp":"2024-10-15T00:23:01.817Z"}
{"level":"info","message":"⌛ Building environment","timeElapsed":248,"timestamp":"2024-10-15T00:23:02.068Z"}
{"level":"info","message":"⌛ Building environment","timeElapsed":226,"timestamp":"2024-10-15T00:23:02.302Z"}
{"level":"info","message":"⌛ Validating testGranja.wtest","timeElapsed":238,"timestamp":"2024-10-15T00:23:02.541Z"}
{"level":"info","message":"⌛ Building environment","timeElapsed":234,"timestamp":"2024-10-15T00:23:02.788Z"}
{"level":"info","message":"⌛ Building environment","timeElapsed":203,"timestamp":"2024-10-15T00:23:03.001Z"}
{"level":"info","message":"⌛ Validating testGranja.wtest","timeElapsed":239,"timestamp":"2024-10-15T00:23:03.246Z"}
{"level":"info","message":"onRequest - completionItem/resolve","timestamp":"2024-10-15T00:23:03.246Z"}
{"level":"info","message":"⌛ Validating testGranja.wtest","timeElapsed":225,"timestamp":"2024-10-15T00:23:03.483Z"}
{"level":"info","message":"⌛ Building environment","timeElapsed":206,"timestamp":"2024-10-15T00:23:03.690Z"}
{"level":"info","message":"onRequest - completionItem/resolve","timestamp":"2024-10-15T00:23:03.690Z"}
{"level":"info","message":"⌛ Building environment","timeElapsed":215,"timestamp":"2024-10-15T00:23:03.907Z"}
{"level":"info","message":"onRequest - completionItem/resolve","timestamp":"2024-10-15T00:23:03.907Z"}
{"level":"info","message":"⌛ Validating testGranja.wtest","timeElapsed":233,"timestamp":"2024-10-15T00:23:04.141Z"}
{"level":"info","message":"⌛ Building environment","timeElapsed":269,"timestamp":"2024-10-15T00:23:04.411Z"}
{"level":"info","message":"onRequest - completionItem/resolve","timestamp":"2024-10-15T00:23:04.412Z"}
{"level":"info","message":"⌛ Validating testGranja.wtest","timeElapsed":205,"timestamp":"2024-10-15T00:23:04.630Z"}
{"level":"info","message":"⌛ Validating testGranja.wtest","timeElapsed":205,"timestamp":"2024-10-15T00:23:04.835Z"}
{"level":"info","message":"⌛ Building environment","timeElapsed":206,"timestamp":"2024-10-15T00:23:05.042Z"}
{"level":"info","message":"⌛ Validating testGranja.wtest","timeElapsed":206,"timestamp":"2024-10-15T00:23:05.255Z"}
{"level":"info","message":"⌛ Validating testGranja.wtest","timeElapsed":208,"timestamp":"2024-10-15T00:23:05.463Z"}
{"level":"info","message":"⌛ Validating testGranja.wtest","timeElapsed":203,"timestamp":"2024-10-15T00:23:05.666Z"}
{"level":"info","message":"⌛ Validating testGranja.wtest","timeElapsed":206,"timestamp":"2024-10-15T00:23:05.872Z"}
{"level":"info","message":"⌛ Building environment","timeElapsed":226,"timestamp":"2024-10-15T00:23:10.133Z"}
{"level":"info","message":"⌛ Validating testGranja.wtest","timeElapsed":203,"timestamp":"2024-10-15T00:23:10.337Z"}
{"level":"info","message":"⌛ Building environment","timeElapsed":217,"timestamp":"2024-10-15T00:23:10.632Z"}
{"level":"info","message":"⌛ Building environment","timeElapsed":231,"timestamp":"2024-10-15T00:23:10.915Z"}
{"level":"info","message":"⌛ Validating testGranja.wtest","timeElapsed":217,"timestamp":"2024-10-15T00:23:11.133Z"}
{"level":"info","message":"onRequest - completionItem/resolve","timestamp":"2024-10-15T00:23:11.135Z"}
{"level":"info","message":"⌛ Validating testGranja.wtest","timeElapsed":285,"timestamp":"2024-10-15T00:23:11.594Z"}
{"level":"info","message":"⌛ Building environment","timeElapsed":256,"timestamp":"2024-10-15T00:23:11.850Z"}
{"level":"info","message":"⌛ Building environment","timeElapsed":251,"timestamp":"2024-10-15T00:23:12.116Z"}
{"level":"info","message":"⌛ Validating testGranja.wtest","timeElapsed":221,"timestamp":"2024-10-15T00:23:12.339Z"}
{"level":"info","message":"⌛ Building environment","timeElapsed":213,"timestamp":"2024-10-15T00:23:12.564Z"}
{"level":"info","message":"⌛ Validating testGranja.wtest","timeElapsed":240,"timestamp":"2024-10-15T00:23:12.805Z"}
{"level":"info","message":"⌛ Validating testGranja.wtest","timeElapsed":204,"timestamp":"2024-10-15T00:23:13.018Z"}
{"level":"info","message":"⌛ Building environment","timeElapsed":227,"timestamp":"2024-10-15T00:23:13.246Z"}
{"level":"info","message":"⌛ Building environment","timeElapsed":210,"timestamp":"2024-10-15T00:23:13.457Z"}
{"level":"info","message":"⌛ Validating testGranja.wtest","timeElapsed":208,"timestamp":"2024-10-15T00:23:13.673Z"}
{"level":"info","message":"⌛ Building environment","timeElapsed":240,"timestamp":"2024-10-15T00:23:13.913Z"}
{"level":"info","message":"⌛ Validating testGranja.wtest","timeElapsed":232,"timestamp":"2024-10-15T00:23:14.195Z"}
{"level":"info","message":"⌛ Validating testGranja.wtest","timeElapsed":252,"timestamp":"2024-10-15T00:23:14.449Z"}
{"level":"info","message":"onRequest - completionItem/resolve","timestamp":"2024-10-15T00:23:14.450Z"}
{"level":"info","message":"⌛ Building environment","timeElapsed":270,"timestamp":"2024-10-15T00:23:14.722Z"}
{"level":"info","message":"onRequest - completionItem/resolve","timestamp":"2024-10-15T00:23:14.722Z"}
{"level":"info","message":"⌛ Building environment","timeElapsed":236,"timestamp":"2024-10-15T00:23:14.959Z"}
{"level":"info","message":"onRequest - completionItem/resolve","timestamp":"2024-10-15T00:23:14.960Z"}
{"level":"info","message":"⌛ Building environment","timeElapsed":207,"timestamp":"2024-10-15T00:23:15.180Z"}
{"level":"info","message":"onRequest - completionItem/resolve","timestamp":"2024-10-15T00:23:15.180Z"}
{"level":"info","message":"⌛ Validating testGranja.wtest","timeElapsed":216,"timestamp":"2024-10-15T00:23:15.396Z"}
{"level":"info","message":"⌛ Building environment","timeElapsed":212,"timestamp":"2024-10-15T00:23:15.608Z"}
{"level":"info","message":"onRequest - completionItem/resolve","timestamp":"2024-10-15T00:23:15.609Z"}
{"level":"info","message":"⌛ Building environment","timeElapsed":221,"timestamp":"2024-10-15T00:23:15.830Z"}
{"level":"info","message":"onRequest - completionItem/resolve","timestamp":"2024-10-15T00:23:15.831Z"}
{"level":"info","message":"⌛ Validating testGranja.wtest","timeElapsed":227,"timestamp":"2024-10-15T00:23:16.058Z"}
{"level":"info","message":"⌛ Validating testGranja.wtest","timeElapsed":213,"timestamp":"2024-10-15T00:23:16.280Z"}
{"level":"info","message":"⌛ Validating testGranja.wtest","timeElapsed":226,"timestamp":"2024-10-15T00:23:16.507Z"}
{"level":"info","message":"⌛ Building environment","timeElapsed":273,"timestamp":"2024-10-15T00:23:16.782Z"}
{"level":"info","message":"⌛ Validating testGranja.wtest","timeElapsed":204,"timestamp":"2024-10-15T00:23:16.988Z"}
{"level":"info","message":"⌛ Building environment","timeElapsed":217,"timestamp":"2024-10-15T00:23:17.205Z"}
{"level":"error","message":"✘ Completions for node failed: Error: [Send]{cad21b} at testGranja.wtest:144 exhausted all cases without a match [Send]{cad21b} at testGranja.wtest:144 exhausted all cases without a match","stack":"Error: [Send]{cad21b} at testGranja.wtest:144 exhausted all cases without a match\n    at /home/felipe/.vscode/extensions/uqbar.wollok-lsp-ide-0.3.6/out/server/src/server.js:38:6067\n    at yh (/home/felipe/.vscode/extensions/uqbar.wollok-lsp-ide-0.3.6/out/server/src/server.js:2291:42)\n    at kh (/home/felipe/.vscode/extensions/uqbar.wollok-lsp-ide-0.3.6/out/server/src/server.js:2291:1004)\n    at Y5n (/home/felipe/.vscode/extensions/uqbar.wollok-lsp-ide-0.3.6/out/server/src/server.js:2291:1160)\n    at /home/felipe/.vscode/extensions/uqbar.wollok-lsp-ide-0.3.6/out/server/src/server.js:38:6056\n    at yh (/home/felipe/.vscode/extensions/uqbar.wollok-lsp-ide-0.3.6/out/server/src/server.js:2291:42)\n    at /home/felipe/.vscode/extensions/uqbar.wollok-lsp-ide-0.3.6/out/server/src/server.js:2291:2700\n    at /home/felipe/.vscode/extensions/uqbar.wollok-lsp-ide-0.3.6/out/server/src/server.js:2298:3774\n    at /home/felipe/.vscode/extensions/uqbar.wollok-lsp-ide-0.3.6/out/server/src/server.js:37:74872\n    at Fe (/home/felipe/.vscode/extensions/uqbar.wollok-lsp-ide-0.3.6/out/server/src/server.js:7:8527)","timestamp":"2024-10-15T00:23:17.248Z"}
{"level":"info","message":"⌛ Building environment","timeElapsed":228,"timestamp":"2024-10-15T00:23:17.487Z"}
{"level":"info","message":"⌛ Building environment","timeElapsed":485,"timestamp":"2024-10-15T00:23:17.973Z"}
{"level":"info","message":"⌛ Building environment","timeElapsed":252,"timestamp":"2024-10-15T00:23:18.226Z"}
{"level":"info","message":"⌛ Building environment","timeElapsed":227,"timestamp":"2024-10-15T00:23:18.454Z"}
{"level":"info","message":"⌛ Building environment","timeElapsed":216,"timestamp":"2024-10-15T00:23:18.670Z"}
{"level":"info","message":"⌛ Validating testGranja.wtest","timeElapsed":221,"timestamp":"2024-10-15T00:23:18.892Z"}
{"level":"info","message":"⌛ Validating testGranja.wtest","timeElapsed":206,"timestamp":"2024-10-15T00:23:19.109Z"}
{"level":"info","message":"onRequest - completionItem/resolve","timestamp":"2024-10-15T00:23:19.109Z"}
{"level":"info","message":"⌛ Validating testGranja.wtest","timeElapsed":236,"timestamp":"2024-10-15T00:23:19.345Z"}
{"level":"info","message":"⌛ Validating testGranja.wtest","timeElapsed":217,"timestamp":"2024-10-15T00:23:19.562Z"}
{"level":"info","message":"⌛ Validating testGranja.wtest","timeElapsed":224,"timestamp":"2024-10-15T00:23:19.786Z"}
{"level":"info","message":"⌛ Validating testGranja.wtest","timeElapsed":215,"timestamp":"2024-10-15T00:23:20.001Z"}
{"level":"info","message":"⌛ Validating testGranja.wtest","timeElapsed":279,"timestamp":"2024-10-15T00:23:20.282Z"}
{"level":"info","message":"⌛ Building environment","timeElapsed":274,"timestamp":"2024-10-15T00:23:21.437Z"}
{"level":"error","message":"✘ Completions for node failed: Error: [Send]{371525} at testGranja.wtest:146 exhausted all cases without a match [Send]{371525} at testGranja.wtest:146 exhausted all cases without a match","stack":"Error: [Send]{371525} at testGranja.wtest:146 exhausted all cases without a match\n    at /home/felipe/.vscode/extensions/uqbar.wollok-lsp-ide-0.3.6/out/server/src/server.js:38:6067\n    at yh (/home/felipe/.vscode/extensions/uqbar.wollok-lsp-ide-0.3.6/out/server/src/server.js:2291:42)\n    at kh (/home/felipe/.vscode/extensions/uqbar.wollok-lsp-ide-0.3.6/out/server/src/server.js:2291:1004)\n    at Y5n (/home/felipe/.vscode/extensions/uqbar.wollok-lsp-ide-0.3.6/out/server/src/server.js:2291:1160)\n    at /home/felipe/.vscode/extensions/uqbar.wollok-lsp-ide-0.3.6/out/server/src/server.js:38:6056\n    at yh (/home/felipe/.vscode/extensions/uqbar.wollok-lsp-ide-0.3.6/out/server/src/server.js:2291:42)\n    at /home/felipe/.vscode/extensions/uqbar.wollok-lsp-ide-0.3.6/out/server/src/server.js:2291:2700\n    at /home/felipe/.vscode/extensions/uqbar.wollok-lsp-ide-0.3.6/out/server/src/server.js:2298:3774\n    at /home/felipe/.vscode/extensions/uqbar.wollok-lsp-ide-0.3.6/out/server/src/server.js:37:74872\n    at Fe (/home/felipe/.vscode/extensions/uqbar.wollok-lsp-ide-0.3.6/out/server/src/server.js:7:8527)","timestamp":"2024-10-15T00:23:21.495Z"}
{"level":"info","message":"⌛ Building environment","timeElapsed":337,"timestamp":"2024-10-15T00:23:21.838Z"}
{"level":"info","message":"⌛ Building environment","timeElapsed":211,"timestamp":"2024-10-15T00:23:22.049Z"}
{"level":"info","message":"⌛ Validating testGranja.wtest","timeElapsed":199,"timestamp":"2024-10-15T00:23:22.249Z"}
{"level":"info","message":"⌛ Building environment","timeElapsed":223,"timestamp":"2024-10-15T00:23:22.473Z"}
{"level":"info","message":"onRequest - completionItem/resolve","timestamp":"2024-10-15T00:23:22.474Z"}
{"level":"info","message":"⌛ Building environment","timeElapsed":199,"timestamp":"2024-10-15T00:23:22.673Z"}
{"level":"info","message":"onRequest - completionItem/resolve","timestamp":"2024-10-15T00:23:22.678Z"}
{"level":"info","message":"⌛ Building environment","timeElapsed":244,"timestamp":"2024-10-15T00:23:22.923Z"}
{"level":"error","message":"✘ Completions for node failed: Error: [Send]{3818b6} at testGranja.wtest:146 exhausted all cases without a match [Send]{3818b6} at testGranja.wtest:146 exhausted all cases without a match","stack":"Error: [Send]{3818b6} at testGranja.wtest:146 exhausted all cases without a match\n    at /home/felipe/.vscode/extensions/uqbar.wollok-lsp-ide-0.3.6/out/server/src/server.js:38:6067\n    at yh (/home/felipe/.vscode/extensions/uqbar.wollok-lsp-ide-0.3.6/out/server/src/server.js:2291:42)\n    at kh (/home/felipe/.vscode/extensions/uqbar.wollok-lsp-ide-0.3.6/out/server/src/server.js:2291:1004)\n    at Y5n (/home/felipe/.vscode/extensions/uqbar.wollok-lsp-ide-0.3.6/out/server/src/server.js:2291:1160)\n    at /home/felipe/.vscode/extensions/uqbar.wollok-lsp-ide-0.3.6/out/server/src/server.js:38:6056\n    at yh (/home/felipe/.vscode/extensions/uqbar.wollok-lsp-ide-0.3.6/out/server/src/server.js:2291:42)\n    at /home/felipe/.vscode/extensions/uqbar.wollok-lsp-ide-0.3.6/out/server/src/server.js:2291:2700\n    at /home/felipe/.vscode/extensions/uqbar.wollok-lsp-ide-0.3.6/out/server/src/server.js:2298:3774\n    at /home/felipe/.vscode/extensions/uqbar.wollok-lsp-ide-0.3.6/out/server/src/server.js:37:74872\n    at Fe (/home/felipe/.vscode/extensions/uqbar.wollok-lsp-ide-0.3.6/out/server/src/server.js:7:8527)","timestamp":"2024-10-15T00:23:22.966Z"}
{"level":"info","message":"⌛ Validating testGranja.wtest","timeElapsed":218,"timestamp":"2024-10-15T00:23:23.190Z"}
{"level":"info","message":"⌛ Validating testGranja.wtest","timeElapsed":215,"timestamp":"2024-10-15T00:23:23.407Z"}
{"level":"info","message":"⌛ Validating testGranja.wtest","timeElapsed":215,"timestamp":"2024-10-15T00:23:23.625Z"}
{"level":"info","message":"⌛ Validating testGranja.wtest","timeElapsed":208,"timestamp":"2024-10-15T00:23:23.833Z"}
{"level":"info","message":"⌛ Building environment","timeElapsed":232,"timestamp":"2024-10-15T00:23:24.066Z"}
{"level":"error","message":"✘ Completions for node failed: Error: [Send]{74c295} at testGranja.wtest:146 exhausted all cases without a match [Send]{74c295} at testGranja.wtest:146 exhausted all cases without a match","stack":"Error: [Send]{74c295} at testGranja.wtest:146 exhausted all cases without a match\n    at /home/felipe/.vscode/extensions/uqbar.wollok-lsp-ide-0.3.6/out/server/src/server.js:38:6067\n    at yh (/home/felipe/.vscode/extensions/uqbar.wollok-lsp-ide-0.3.6/out/server/src/server.js:2291:42)\n    at kh (/home/felipe/.vscode/extensions/uqbar.wollok-lsp-ide-0.3.6/out/server/src/server.js:2291:1004)\n    at Y5n (/home/felipe/.vscode/extensions/uqbar.wollok-lsp-ide-0.3.6/out/server/src/server.js:2291:1160)\n    at /home/felipe/.vscode/extensions/uqbar.wollok-lsp-ide-0.3.6/out/server/src/server.js:38:6056\n    at yh (/home/felipe/.vscode/extensions/uqbar.wollok-lsp-ide-0.3.6/out/server/src/server.js:2291:42)\n    at /home/felipe/.vscode/extensions/uqbar.wollok-lsp-ide-0.3.6/out/server/src/server.js:2291:2700\n    at /home/felipe/.vscode/extensions/uqbar.wollok-lsp-ide-0.3.6/out/server/src/server.js:2298:3774\n    at /home/felipe/.vscode/extensions/uqbar.wollok-lsp-ide-0.3.6/out/server/src/server.js:37:74872\n    at Fe (/home/felipe/.vscode/extensions/uqbar.wollok-lsp-ide-0.3.6/out/server/src/server.js:7:8527)","timestamp":"2024-10-15T00:23:24.109Z"}
{"level":"info","message":"⌛ Validating testGranja.wtest","timeElapsed":213,"timestamp":"2024-10-15T00:23:24.329Z"}
{"level":"info","message":"⌛ Validating testGranja.wtest","timeElapsed":215,"timestamp":"2024-10-15T00:23:24.547Z"}
{"level":"info","message":"onRequest - completionItem/resolve","timestamp":"2024-10-15T00:23:24.548Z"}
{"level":"info","message":"⌛ Building environment","timeElapsed":221,"timestamp":"2024-10-15T00:23:24.892Z"}
{"level":"info","message":"⌛ Validating testGranja.wtest","timeElapsed":198,"timestamp":"2024-10-15T00:23:25.091Z"}
{"level":"info","message":"⌛ Building environment","timeElapsed":231,"timestamp":"2024-10-15T00:23:25.631Z"}
{"level":"info","message":"⌛ Building environment","timeElapsed":231,"timestamp":"2024-10-15T00:23:25.910Z"}
{"level":"info","message":"⌛ Validating testGranja.wtest","timeElapsed":225,"timestamp":"2024-10-15T00:23:26.136Z"}
{"level":"info","message":"onRequest - completionItem/resolve","timestamp":"2024-10-15T00:23:26.136Z"}
{"level":"info","message":"⌛ Building environment","timeElapsed":215,"timestamp":"2024-10-15T00:23:26.351Z"}
{"level":"info","message":"onRequest - completionItem/resolve","timestamp":"2024-10-15T00:23:26.351Z"}
{"level":"info","message":"⌛ Validating testGranja.wtest","timeElapsed":200,"timestamp":"2024-10-15T00:23:26.552Z"}
{"level":"info","message":"⌛ Building environment","timeElapsed":204,"timestamp":"2024-10-15T00:23:26.756Z"}
{"level":"info","message":"onRequest - completionItem/resolve","timestamp":"2024-10-15T00:23:26.762Z"}
{"level":"info","message":"⌛ Validating testGranja.wtest","timeElapsed":229,"timestamp":"2024-10-15T00:23:26.998Z"}
{"level":"info","message":"⌛ Validating testGranja.wtest","timeElapsed":220,"timestamp":"2024-10-15T00:23:27.219Z"}
{"level":"info","message":"⌛ Building environment","timeElapsed":310,"timestamp":"2024-10-15T00:23:27.530Z"}
{"level":"info","message":"onRequest - completionItem/resolve","timestamp":"2024-10-15T00:23:27.530Z"}
{"level":"info","message":"⌛ Building environment","timeElapsed":351,"timestamp":"2024-10-15T00:23:27.891Z"}
{"level":"info","message":"onRequest - completionItem/resolve","timestamp":"2024-10-15T00:23:27.892Z"}
{"level":"info","message":"⌛ Building environment","timeElapsed":205,"timestamp":"2024-10-15T00:23:28.097Z"}
{"level":"info","message":"onRequest - completionItem/resolve","timestamp":"2024-10-15T00:23:28.102Z"}
{"level":"info","message":"⌛ Validating testGranja.wtest","timeElapsed":194,"timestamp":"2024-10-15T00:23:28.298Z"}
{"level":"info","message":"⌛ Building environment","timeElapsed":203,"timestamp":"2024-10-15T00:23:28.502Z"}
{"level":"info","message":"onRequest - completionItem/resolve","timestamp":"2024-10-15T00:23:28.502Z"}
{"level":"info","message":"⌛ Validating testGranja.wtest","timeElapsed":221,"timestamp":"2024-10-15T00:23:28.723Z"}
{"level":"info","message":"⌛ Validating testGranja.wtest","timeElapsed":203,"timestamp":"2024-10-15T00:23:28.934Z"}
{"level":"info","message":"⌛ Validating testGranja.wtest","timeElapsed":212,"timestamp":"2024-10-15T00:23:29.148Z"}
{"level":"info","message":"⌛ Building environment","timeElapsed":245,"timestamp":"2024-10-15T00:23:29.395Z"}
{"level":"info","message":"⌛ Building environment","timeElapsed":223,"timestamp":"2024-10-15T00:23:29.660Z"}
{"level":"info","message":"⌛ Building environment","timeElapsed":251,"timestamp":"2024-10-15T00:23:29.911Z"}
{"level":"info","message":"⌛ Validating testGranja.wtest","timeElapsed":224,"timestamp":"2024-10-15T00:23:30.141Z"}
{"level":"info","message":"onRequest - completionItem/resolve","timestamp":"2024-10-15T00:23:30.143Z"}
{"level":"info","message":"⌛ Building environment","timeElapsed":335,"timestamp":"2024-10-15T00:23:30.533Z"}
{"level":"info","message":"onRequest - completionItem/resolve","timestamp":"2024-10-15T00:23:30.534Z"}
{"level":"info","message":"⌛ Validating testGranja.wtest","timeElapsed":232,"timestamp":"2024-10-15T00:23:30.766Z"}
{"level":"info","message":"⌛ Building environment","timeElapsed":225,"timestamp":"2024-10-15T00:23:30.993Z"}
{"level":"info","message":"onRequest - completionItem/resolve","timestamp":"2024-10-15T00:23:30.997Z"}
{"level":"info","message":"⌛ Building environment","timeElapsed":253,"timestamp":"2024-10-15T00:23:31.250Z"}
{"level":"info","message":"onRequest - completionItem/resolve","timestamp":"2024-10-15T00:23:31.251Z"}
{"level":"info","message":"⌛ Validating testGranja.wtest","timeElapsed":231,"timestamp":"2024-10-15T00:23:31.483Z"}
{"level":"info","message":"⌛ Validating testGranja.wtest","timeElapsed":212,"timestamp":"2024-10-15T00:23:31.703Z"}
{"level":"info","message":"⌛ Validating testGranja.wtest","timeElapsed":210,"timestamp":"2024-10-15T00:23:31.915Z"}
{"level":"info","message":"⌛ Validating testGranja.wtest","timeElapsed":203,"timestamp":"2024-10-15T00:23:32.118Z"}
{"level":"info","message":"⌛ Building environment","timeElapsed":214,"timestamp":"2024-10-15T00:23:33.063Z"}
{"level":"info","message":"⌛ Validating testGranja.wtest","timeElapsed":204,"timestamp":"2024-10-15T00:23:33.271Z"}
{"level":"info","message":"⌛ Building environment","timeElapsed":226,"timestamp":"2024-10-15T00:23:33.648Z"}
{"level":"error","message":"✘ Completions for node failed: Error: [Send]{c221fe} at testGranja.wtest:147 exhausted all cases without a match [Send]{c221fe} at testGranja.wtest:147 exhausted all cases without a match","stack":"Error: [Send]{c221fe} at testGranja.wtest:147 exhausted all cases without a match\n    at /home/felipe/.vscode/extensions/uqbar.wollok-lsp-ide-0.3.6/out/server/src/server.js:38:6067\n    at yh (/home/felipe/.vscode/extensions/uqbar.wollok-lsp-ide-0.3.6/out/server/src/server.js:2291:42)\n    at kh (/home/felipe/.vscode/extensions/uqbar.wollok-lsp-ide-0.3.6/out/server/src/server.js:2291:1004)\n    at Y5n (/home/felipe/.vscode/extensions/uqbar.wollok-lsp-ide-0.3.6/out/server/src/server.js:2291:1160)\n    at /home/felipe/.vscode/extensions/uqbar.wollok-lsp-ide-0.3.6/out/server/src/server.js:38:6056\n    at yh (/home/felipe/.vscode/extensions/uqbar.wollok-lsp-ide-0.3.6/out/server/src/server.js:2291:42)\n    at /home/felipe/.vscode/extensions/uqbar.wollok-lsp-ide-0.3.6/out/server/src/server.js:2291:2700\n    at /home/felipe/.vscode/extensions/uqbar.wollok-lsp-ide-0.3.6/out/server/src/server.js:2298:3774\n    at /home/felipe/.vscode/extensions/uqbar.wollok-lsp-ide-0.3.6/out/server/src/server.js:37:74872\n    at Fe (/home/felipe/.vscode/extensions/uqbar.wollok-lsp-ide-0.3.6/out/server/src/server.js:7:8527)","timestamp":"2024-10-15T00:23:33.690Z"}
{"level":"info","message":"⌛ Building environment","timeElapsed":223,"timestamp":"2024-10-15T00:23:33.921Z"}
{"level":"info","message":"⌛ Building environment","timeElapsed":353,"timestamp":"2024-10-15T00:23:34.274Z"}
{"level":"info","message":"⌛ Validating testGranja.wtest","timeElapsed":197,"timestamp":"2024-10-15T00:23:34.472Z"}
{"level":"info","message":"onRequest - completionItem/resolve","timestamp":"2024-10-15T00:23:34.473Z"}
{"level":"info","message":"⌛ Building environment","timeElapsed":213,"timestamp":"2024-10-15T00:23:34.686Z"}
{"level":"info","message":"onRequest - completionItem/resolve","timestamp":"2024-10-15T00:23:34.687Z"}
{"level":"info","message":"⌛ Validating testGranja.wtest","timeElapsed":220,"timestamp":"2024-10-15T00:23:34.907Z"}
{"level":"info","message":"⌛ Building environment","timeElapsed":265,"timestamp":"2024-10-15T00:23:35.174Z"}
{"level":"info","message":"onRequest - completionItem/resolve","timestamp":"2024-10-15T00:23:35.179Z"}
{"level":"info","message":"⌛ Validating testGranja.wtest","timeElapsed":217,"timestamp":"2024-10-15T00:23:35.396Z"}
{"level":"info","message":"⌛ Validating testGranja.wtest","timeElapsed":199,"timestamp":"2024-10-15T00:23:35.604Z"}
{"level":"info","message":"⌛ Validating testGranja.wtest","timeElapsed":206,"timestamp":"2024-10-15T00:23:35.811Z"}
{"level":"info","message":"⌛ Building environment","timeElapsed":263,"timestamp":"2024-10-15T00:23:36.926Z"}
{"level":"info","message":"⌛ Validating testGranja.wtest","timeElapsed":270,"timestamp":"2024-10-15T00:23:37.198Z"}
{"level":"info","message":"⌛ Building environment","timeElapsed":235,"timestamp":"2024-10-15T00:23:38.365Z"}
{"level":"info","message":"⌛ Validating testGranja.wtest","timeElapsed":214,"timestamp":"2024-10-15T00:23:38.580Z"}
{"level":"info","message":"⌛ Building environment","timeElapsed":233,"timestamp":"2024-10-15T00:23:39.815Z"}
{"level":"info","message":"⌛ Validating testGranja.wtest","timeElapsed":212,"timestamp":"2024-10-15T00:23:40.028Z"}
{"level":"info","message":"⌛ Building environment","timeElapsed":244,"timestamp":"2024-10-15T00:23:57.841Z"}
{"level":"info","message":"⌛ Validating testGranja.wtest","timeElapsed":204,"timestamp":"2024-10-15T00:23:58.047Z"}
{"level":"info","message":"⌛ Building environment","timeElapsed":263,"timestamp":"2024-10-15T00:24:02.097Z"}
{"level":"info","message":"⌛ Validating testGranja.wtest","timeElapsed":192,"timestamp":"2024-10-15T00:24:02.297Z"}
{"level":"info","message":"⌛ Building environment","timeElapsed":224,"timestamp":"2024-10-15T00:24:03.826Z"}
{"level":"info","message":"⌛ Validating testGranja.wtest","timeElapsed":220,"timestamp":"2024-10-15T00:24:04.048Z"}
{"level":"info","message":"⌛ Building environment","timeElapsed":211,"timestamp":"2024-10-15T00:24:04.271Z"}
{"level":"info","message":"⌛ Validating testGranja.wtest","timeElapsed":315,"timestamp":"2024-10-15T00:24:04.606Z"}
{"level":"info","message":"⌛ Building environment","timeElapsed":213,"timestamp":"2024-10-15T00:24:06.409Z"}
{"level":"info","message":"⌛ Validating testGranja.wtest","timeElapsed":295,"timestamp":"2024-10-15T00:24:06.710Z"}
{"level":"info","message":"⌛ Building environment","timeElapsed":275,"timestamp":"2024-10-15T00:24:11.749Z"}
{"level":"info","message":"⌛ Building environment","timeElapsed":213,"timestamp":"2024-10-15T00:24:11.962Z"}
{"level":"info","message":"⌛ Validating testGranja.wtest","timeElapsed":206,"timestamp":"2024-10-15T00:24:12.173Z"}
{"level":"info","message":"⌛ Validating testGranja.wtest","timeElapsed":214,"timestamp":"2024-10-15T00:24:12.397Z"}
{"level":"info","message":"⌛ Building environment","timeElapsed":301,"timestamp":"2024-10-15T00:24:18.533Z"}
{"level":"info","message":"⌛ Validating testGranja.wtest","timeElapsed":243,"timestamp":"2024-10-15T00:24:18.787Z"}
{"level":"info","message":"⌛ Building environment","timeElapsed":239,"timestamp":"2024-10-15T00:24:19.028Z"}
{"level":"info","message":"⌛ Validating testGranja.wtest","timeElapsed":223,"timestamp":"2024-10-15T00:24:19.260Z"}
{"level":"info","message":"⌛ Building environment","timeElapsed":235,"timestamp":"2024-10-15T00:24:19.736Z"}
{"level":"info","message":"⌛ Building environment","timeElapsed":224,"timestamp":"2024-10-15T00:24:20.009Z"}
{"level":"info","message":"⌛ Validating testGranja.wtest","timeElapsed":294,"timestamp":"2024-10-15T00:24:20.308Z"}
{"level":"info","message":"onRequest - completionItem/resolve","timestamp":"2024-10-15T00:24:20.309Z"}
{"level":"info","message":"⌛ Building environment","timeElapsed":251,"timestamp":"2024-10-15T00:24:20.560Z"}
{"level":"info","message":"onRequest - completionItem/resolve","timestamp":"2024-10-15T00:24:20.561Z"}
{"level":"info","message":"⌛ Validating testGranja.wtest","timeElapsed":225,"timestamp":"2024-10-15T00:24:20.786Z"}
{"level":"info","message":"⌛ Building environment","timeElapsed":267,"timestamp":"2024-10-15T00:24:21.054Z"}
{"level":"info","message":"onRequest - completionItem/resolve","timestamp":"2024-10-15T00:24:21.061Z"}
{"level":"info","message":"⌛ Building environment","timeElapsed":233,"timestamp":"2024-10-15T00:24:21.295Z"}
{"level":"info","message":"onRequest - completionItem/resolve","timestamp":"2024-10-15T00:24:21.295Z"}
{"level":"info","message":"⌛ Building environment","timeElapsed":221,"timestamp":"2024-10-15T00:24:21.517Z"}
{"level":"info","message":"onRequest - completionItem/resolve","timestamp":"2024-10-15T00:24:21.518Z"}
{"level":"info","message":"⌛ Validating testGranja.wtest","timeElapsed":251,"timestamp":"2024-10-15T00:24:21.782Z"}
{"level":"info","message":"⌛ Building environment","timeElapsed":218,"timestamp":"2024-10-15T00:24:22.001Z"}
{"level":"info","message":"⌛ Validating testGranja.wtest","timeElapsed":224,"timestamp":"2024-10-15T00:24:22.271Z"}
{"level":"info","message":"⌛ Validating testGranja.wtest","timeElapsed":209,"timestamp":"2024-10-15T00:24:22.483Z"}
{"level":"info","message":"⌛ Validating testGranja.wtest","timeElapsed":264,"timestamp":"2024-10-15T00:24:22.748Z"}
{"level":"info","message":"⌛ Building environment","timeElapsed":275,"timestamp":"2024-10-15T00:24:23.025Z"}
{"level":"info","message":"⌛ Building environment","timeElapsed":218,"timestamp":"2024-10-15T00:24:23.244Z"}
{"level":"info","message":"⌛ Building environment","timeElapsed":306,"timestamp":"2024-10-15T00:24:23.564Z"}
{"level":"info","message":"⌛ Validating testGranja.wtest","timeElapsed":229,"timestamp":"2024-10-15T00:24:23.794Z"}
{"level":"info","message":"onRequest - completionItem/resolve","timestamp":"2024-10-15T00:24:23.795Z"}
{"level":"info","message":"⌛ Building environment","timeElapsed":291,"timestamp":"2024-10-15T00:24:24.086Z"}
{"level":"info","message":"onRequest - completionItem/resolve","timestamp":"2024-10-15T00:24:24.087Z"}
{"level":"info","message":"⌛ Validating testGranja.wtest","timeElapsed":205,"timestamp":"2024-10-15T00:24:24.301Z"}
{"level":"info","message":"⌛ Validating testGranja.wtest","timeElapsed":221,"timestamp":"2024-10-15T00:24:24.522Z"}
{"level":"info","message":"⌛ Building environment","timeElapsed":246,"timestamp":"2024-10-15T00:24:24.769Z"}
{"level":"info","message":"onRequest - completionItem/resolve","timestamp":"2024-10-15T00:24:24.769Z"}
{"level":"info","message":"⌛ Building environment","timeElapsed":296,"timestamp":"2024-10-15T00:24:25.066Z"}
{"level":"info","message":"⌛ Validating testGranja.wtest","timeElapsed":246,"timestamp":"2024-10-15T00:24:25.410Z"}
{"level":"info","message":"⌛ Validating testGranja.wtest","timeElapsed":225,"timestamp":"2024-10-15T00:24:25.640Z"}
{"level":"info","message":"⌛ Building environment","timeElapsed":211,"timestamp":"2024-10-15T00:24:25.852Z"}
{"level":"info","message":"⌛ Building environment","timeElapsed":203,"timestamp":"2024-10-15T00:24:26.099Z"}
{"level":"info","message":"⌛ Validating testGranja.wtest","timeElapsed":205,"timestamp":"2024-10-15T00:24:26.355Z"}
{"level":"info","message":"⌛ Building environment","timeElapsed":219,"timestamp":"2024-10-15T00:24:26.576Z"}
{"level":"info","message":"⌛ Validating testGranja.wtest","timeElapsed":217,"timestamp":"2024-10-15T00:24:26.841Z"}
{"level":"info","message":"⌛ Building environment","timeElapsed":225,"timestamp":"2024-10-15T00:24:27.070Z"}
{"level":"info","message":"⌛ Building environment","timeElapsed":216,"timestamp":"2024-10-15T00:24:27.286Z"}
{"level":"info","message":"⌛ Validating testGranja.wtest","timeElapsed":218,"timestamp":"2024-10-15T00:24:27.516Z"}
{"level":"info","message":"⌛ Validating testGranja.wtest","timeElapsed":226,"timestamp":"2024-10-15T00:24:27.743Z"}
{"level":"info","message":"⌛ Building environment","timeElapsed":385,"timestamp":"2024-10-15T00:24:28.131Z"}
{"level":"info","message":"⌛ Building environment","timeElapsed":215,"timestamp":"2024-10-15T00:24:28.363Z"}
{"level":"info","message":"⌛ Validating testGranja.wtest","timeElapsed":227,"timestamp":"2024-10-15T00:24:28.591Z"}
{"level":"info","message":"⌛ Building environment","timeElapsed":221,"timestamp":"2024-10-15T00:24:28.812Z"}
{"level":"error","message":"✘ Completions for node failed: Error: [Send]{df2e2b} at testGranja.wtest:150 exhausted all cases without a match [Send]{df2e2b} at testGranja.wtest:150 exhausted all cases without a match","stack":"Error: [Send]{df2e2b} at testGranja.wtest:150 exhausted all cases without a match\n    at /home/felipe/.vscode/extensions/uqbar.wollok-lsp-ide-0.3.6/out/server/src/server.js:38:6067\n    at yh (/home/felipe/.vscode/extensions/uqbar.wollok-lsp-ide-0.3.6/out/server/src/server.js:2291:42)\n    at kh (/home/felipe/.vscode/extensions/uqbar.wollok-lsp-ide-0.3.6/out/server/src/server.js:2291:1004)\n    at Y5n (/home/felipe/.vscode/extensions/uqbar.wollok-lsp-ide-0.3.6/out/server/src/server.js:2291:1160)\n    at /home/felipe/.vscode/extensions/uqbar.wollok-lsp-ide-0.3.6/out/server/src/server.js:38:6056\n    at yh (/home/felipe/.vscode/extensions/uqbar.wollok-lsp-ide-0.3.6/out/server/src/server.js:2291:42)\n    at /home/felipe/.vscode/extensions/uqbar.wollok-lsp-ide-0.3.6/out/server/src/server.js:2291:2700\n    at /home/felipe/.vscode/extensions/uqbar.wollok-lsp-ide-0.3.6/out/server/src/server.js:2298:3774\n    at /home/felipe/.vscode/extensions/uqbar.wollok-lsp-ide-0.3.6/out/server/src/server.js:37:74872\n    at Fe (/home/felipe/.vscode/extensions/uqbar.wollok-lsp-ide-0.3.6/out/server/src/server.js:7:8527)","timestamp":"2024-10-15T00:24:28.862Z"}
{"level":"info","message":"⌛ Building environment","timeElapsed":258,"timestamp":"2024-10-15T00:24:29.127Z"}
{"level":"info","message":"⌛ Validating testGranja.wtest","timeElapsed":227,"timestamp":"2024-10-15T00:24:29.356Z"}
{"level":"info","message":"⌛ Validating testGranja.wtest","timeElapsed":221,"timestamp":"2024-10-15T00:24:29.587Z"}
{"level":"info","message":"⌛ Building environment","timeElapsed":229,"timestamp":"2024-10-15T00:24:29.818Z"}
{"level":"info","message":"⌛ Building environment","timeElapsed":210,"timestamp":"2024-10-15T00:24:30.028Z"}
{"level":"info","message":"⌛ Building environment","timeElapsed":225,"timestamp":"2024-10-15T00:24:30.254Z"}
{"level":"info","message":"⌛ Validating testGranja.wtest","timeElapsed":207,"timestamp":"2024-10-15T00:24:30.471Z"}
{"level":"info","message":"⌛ Validating testGranja.wtest","timeElapsed":216,"timestamp":"2024-10-15T00:24:30.687Z"}
{"level":"info","message":"⌛ Validating testGranja.wtest","timeElapsed":208,"timestamp":"2024-10-15T00:24:30.896Z"}
{"level":"info","message":"onRequest - completionItem/resolve","timestamp":"2024-10-15T00:24:30.896Z"}
{"level":"info","message":"⌛ Validating testGranja.wtest","timeElapsed":202,"timestamp":"2024-10-15T00:24:31.099Z"}
{"level":"info","message":"⌛ Validating testGranja.wtest","timeElapsed":308,"timestamp":"2024-10-15T00:24:31.408Z"}
{"level":"info","message":"⌛ Validating testGranja.wtest","timeElapsed":207,"timestamp":"2024-10-15T00:24:31.615Z"}
{"level":"info","message":"⌛ Building environment","timeElapsed":214,"timestamp":"2024-10-15T00:24:31.832Z"}
{"level":"info","message":"⌛ Validating testGranja.wtest","timeElapsed":196,"timestamp":"2024-10-15T00:24:32.029Z"}
{"level":"info","message":"⌛ Validating testGranja.wtest","timeElapsed":228,"timestamp":"2024-10-15T00:24:32.266Z"}
{"level":"info","message":"⌛ Building environment","timeElapsed":241,"timestamp":"2024-10-15T00:24:34.354Z"}
{"level":"info","message":"⌛ Building environment","timeElapsed":219,"timestamp":"2024-10-15T00:24:34.618Z"}
{"level":"info","message":"⌛ Validating testGranja.wtest","timeElapsed":234,"timestamp":"2024-10-15T00:24:34.852Z"}
{"level":"info","message":"onRequest - completionItem/resolve","timestamp":"2024-10-15T00:24:34.852Z"}
{"level":"info","message":"⌛ Building environment","timeElapsed":248,"timestamp":"2024-10-15T00:24:35.101Z"}
{"level":"info","message":"onRequest - completionItem/resolve","timestamp":"2024-10-15T00:24:35.102Z"}
{"level":"info","message":"⌛ Validating testGranja.wtest","timeElapsed":210,"timestamp":"2024-10-15T00:24:35.312Z"}
{"level":"info","message":"⌛ Building environment","timeElapsed":273,"timestamp":"2024-10-15T00:24:35.586Z"}
{"level":"info","message":"onRequest - completionItem/resolve","timestamp":"2024-10-15T00:24:35.587Z"}
{"level":"info","message":"⌛ Building environment","timeElapsed":246,"timestamp":"2024-10-15T00:24:35.834Z"}
{"level":"info","message":"onRequest - completionItem/resolve","timestamp":"2024-10-15T00:24:35.834Z"}
{"level":"info","message":"⌛ Building environment","timeElapsed":275,"timestamp":"2024-10-15T00:24:36.110Z"}
{"level":"info","message":"onRequest - completionItem/resolve","timestamp":"2024-10-15T00:24:36.116Z"}
{"level":"info","message":"⌛ Validating testGranja.wtest","timeElapsed":214,"timestamp":"2024-10-15T00:24:36.330Z"}
{"level":"info","message":"⌛ Validating testGranja.wtest","timeElapsed":200,"timestamp":"2024-10-15T00:24:36.539Z"}
{"level":"info","message":"⌛ Validating testGranja.wtest","timeElapsed":203,"timestamp":"2024-10-15T00:24:36.743Z"}
{"level":"info","message":"⌛ Validating testGranja.wtest","timeElapsed":206,"timestamp":"2024-10-15T00:24:36.950Z"}
{"level":"info","message":"⌛ Building environment","timeElapsed":253,"timestamp":"2024-10-15T00:24:44.348Z"}
{"level":"info","message":"⌛ Building environment","timeElapsed":221,"timestamp":"2024-10-15T00:24:44.569Z"}
{"level":"info","message":"⌛ Validating testGranja.wtest","timeElapsed":211,"timestamp":"2024-10-15T00:24:44.782Z"}
{"level":"info","message":"⌛ Building environment","timeElapsed":238,"timestamp":"2024-10-15T00:24:45.021Z"}
{"level":"info","message":"⌛ Building environment","timeElapsed":214,"timestamp":"2024-10-15T00:24:45.237Z"}
{"level":"info","message":"⌛ Validating testGranja.wtest","timeElapsed":212,"timestamp":"2024-10-15T00:24:45.449Z"}
{"level":"info","message":"⌛ Building environment","timeElapsed":220,"timestamp":"2024-10-15T00:24:45.670Z"}
{"level":"info","message":"⌛ Building environment","timeElapsed":236,"timestamp":"2024-10-15T00:24:45.906Z"}
{"level":"info","message":"⌛ Validating testGranja.wtest","timeElapsed":228,"timestamp":"2024-10-15T00:24:46.134Z"}
{"level":"info","message":"⌛ Validating testGranja.wtest","timeElapsed":207,"timestamp":"2024-10-15T00:24:46.351Z"}
{"level":"info","message":"⌛ Validating testGranja.wtest","timeElapsed":202,"timestamp":"2024-10-15T00:24:46.556Z"}
{"level":"info","message":"⌛ Validating testGranja.wtest","timeElapsed":199,"timestamp":"2024-10-15T00:24:46.756Z"}
{"level":"info","message":"⌛ Building environment","timeElapsed":418,"timestamp":"2024-10-15T00:51:57.359Z"}
{"level":"info","message":"⌛ Validating testGranja.wtest","timeElapsed":294,"timestamp":"2024-10-15T00:51:57.783Z"}
{"level":"info","message":"⌛ Building environment","timeElapsed":272,"timestamp":"2024-10-15T00:51:58.056Z"}
{"level":"info","message":"⌛ Validating testGranja.wtest","timeElapsed":386,"timestamp":"2024-10-15T00:51:58.461Z"}
{"level":"info","message":"⌛ Building environment","timeElapsed":315,"timestamp":"2024-10-15T00:52:41.551Z"}
{"level":"info","message":"⌛ Autocomplete - Reference","timeElapsed":105,"timestamp":"2024-10-15T00:52:41.665Z"}
{"level":"info","message":"⌛ Building environment","timeElapsed":261,"timestamp":"2024-10-15T00:52:41.927Z"}
{"level":"info","message":"⌛ Validating testGranja.wtest","timeElapsed":292,"timestamp":"2024-10-15T00:52:42.220Z"}
{"level":"info","message":"onRequest - completionItem/resolve","timestamp":"2024-10-15T00:52:42.230Z"}
{"level":"info","message":"⌛ Building environment","timeElapsed":236,"timestamp":"2024-10-15T00:52:42.467Z"}
{"level":"info","message":"onRequest - completionItem/resolve","timestamp":"2024-10-15T00:52:42.472Z"}
{"level":"info","message":"⌛ Validating testGranja.wtest","timeElapsed":226,"timestamp":"2024-10-15T00:52:42.699Z"}
{"level":"info","message":"⌛ Building environment","timeElapsed":377,"timestamp":"2024-10-15T00:52:43.077Z"}
{"level":"info","message":"onRequest - completionItem/resolve","timestamp":"2024-10-15T00:52:43.078Z"}
{"level":"info","message":"⌛ Building environment","timeElapsed":266,"timestamp":"2024-10-15T00:52:43.344Z"}
{"level":"info","message":"onRequest - completionItem/resolve","timestamp":"2024-10-15T00:52:43.345Z"}
{"level":"info","message":"⌛ Building environment","timeElapsed":251,"timestamp":"2024-10-15T00:52:43.597Z"}
{"level":"info","message":"onRequest - completionItem/resolve","timestamp":"2024-10-15T00:52:43.599Z"}
{"level":"info","message":"⌛ Building environment","timeElapsed":239,"timestamp":"2024-10-15T00:52:43.838Z"}
{"level":"info","message":"⌛ Autocomplete - Reference","timeElapsed":103,"timestamp":"2024-10-15T00:52:43.956Z"}
{"level":"info","message":"⌛ Validating testGranja.wtest","timeElapsed":274,"timestamp":"2024-10-15T00:52:44.231Z"}
{"level":"info","message":"⌛ Building environment","timeElapsed":253,"timestamp":"2024-10-15T00:52:44.487Z"}
{"level":"info","message":"⌛ Building environment","timeElapsed":221,"timestamp":"2024-10-15T00:52:44.760Z"}
{"level":"info","message":"⌛ Validating testGranja.wtest","timeElapsed":216,"timestamp":"2024-10-15T00:52:45.033Z"}
{"level":"info","message":"⌛ Building environment","timeElapsed":219,"timestamp":"2024-10-15T00:52:45.251Z"}
{"level":"info","message":"⌛ Validating testGranja.wtest","timeElapsed":204,"timestamp":"2024-10-15T00:52:45.502Z"}
{"level":"info","message":"⌛ Validating testGranja.wtest","timeElapsed":210,"timestamp":"2024-10-15T00:52:45.714Z"}
{"level":"info","message":"⌛ Building environment","timeElapsed":204,"timestamp":"2024-10-15T00:52:45.919Z"}
{"level":"info","message":"⌛ Building environment","timeElapsed":198,"timestamp":"2024-10-15T00:52:46.118Z"}
{"level":"info","message":"⌛ Validating testGranja.wtest","timeElapsed":228,"timestamp":"2024-10-15T00:52:46.346Z"}
{"level":"info","message":"⌛ Building environment","timeElapsed":244,"timestamp":"2024-10-15T00:52:46.600Z"}
{"level":"info","message":"⌛ Validating testGranja.wtest","timeElapsed":243,"timestamp":"2024-10-15T00:52:46.885Z"}
{"level":"info","message":"⌛ Validating testGranja.wtest","timeElapsed":209,"timestamp":"2024-10-15T00:52:47.095Z"}
{"level":"info","message":"⌛ Validating testGranja.wtest","timeElapsed":259,"timestamp":"2024-10-15T00:52:47.354Z"}
{"level":"info","message":"⌛ Validating testGranja.wtest","timeElapsed":260,"timestamp":"2024-10-15T00:52:47.615Z"}
{"level":"info","message":"⌛ Validating testGranja.wtest","timeElapsed":376,"timestamp":"2024-10-15T00:52:47.992Z"}
{"level":"info","message":"⌛ Validating testGranja.wtest","timeElapsed":230,"timestamp":"2024-10-15T00:52:48.223Z"}
{"level":"info","message":"onRequest - completionItem/resolve","timestamp":"2024-10-15T00:52:48.224Z"}
{"level":"info","message":"⌛ Building environment","timeElapsed":245,"timestamp":"2024-10-15T00:52:48.469Z"}
{"level":"info","message":"onRequest - completionItem/resolve","timestamp":"2024-10-15T00:52:48.475Z"}
{"level":"info","message":"⌛ Building environment","timeElapsed":221,"timestamp":"2024-10-15T00:52:48.696Z"}
{"level":"info","message":"onRequest - completionItem/resolve","timestamp":"2024-10-15T00:52:48.697Z"}
{"level":"info","message":"⌛ Building environment","timeElapsed":217,"timestamp":"2024-10-15T00:52:48.914Z"}
{"level":"info","message":"onRequest - completionItem/resolve","timestamp":"2024-10-15T00:52:48.919Z"}
{"level":"info","message":"⌛ Building environment","timeElapsed":223,"timestamp":"2024-10-15T00:52:49.143Z"}
{"level":"info","message":"onRequest - completionItem/resolve","timestamp":"2024-10-15T00:52:49.144Z"}
{"level":"info","message":"⌛ Building environment","timeElapsed":233,"timestamp":"2024-10-15T00:52:49.377Z"}
{"level":"info","message":"onRequest - completionItem/resolve","timestamp":"2024-10-15T00:52:49.383Z"}
{"level":"info","message":"⌛ Validating testGranja.wtest","timeElapsed":253,"timestamp":"2024-10-15T00:52:49.648Z"}
{"level":"info","message":"onRequest - completionItem/resolve","timestamp":"2024-10-15T00:52:49.649Z"}
{"level":"info","message":"⌛ Building environment","timeElapsed":220,"timestamp":"2024-10-15T00:52:49.868Z"}
{"level":"info","message":"⌛ Validating testGranja.wtest","timeElapsed":214,"timestamp":"2024-10-15T00:52:50.083Z"}
{"level":"info","message":"⌛ Validating testGranja.wtest","timeElapsed":212,"timestamp":"2024-10-15T00:52:50.297Z"}
{"level":"info","message":"⌛ Validating testGranja.wtest","timeElapsed":211,"timestamp":"2024-10-15T00:52:50.516Z"}
{"level":"info","message":"⌛ Validating testGranja.wtest","timeElapsed":203,"timestamp":"2024-10-15T00:52:50.722Z"}
{"level":"info","message":"⌛ Building environment","timeElapsed":214,"timestamp":"2024-10-15T00:52:50.937Z"}
{"level":"info","message":"⌛ Building environment","timeElapsed":212,"timestamp":"2024-10-15T00:52:51.200Z"}
{"level":"info","message":"⌛ Building environment","timeElapsed":222,"timestamp":"2024-10-15T00:52:51.423Z"}
{"level":"info","message":"⌛ Validating testGranja.wtest","timeElapsed":232,"timestamp":"2024-10-15T00:52:51.656Z"}
{"level":"info","message":"⌛ Building environment","timeElapsed":228,"timestamp":"2024-10-15T00:52:51.894Z"}
{"level":"info","message":"⌛ Validating testGranja.wtest","timeElapsed":220,"timestamp":"2024-10-15T00:52:52.115Z"}
{"level":"info","message":"onRequest - completionItem/resolve","timestamp":"2024-10-15T00:52:52.116Z"}
{"level":"info","message":"⌛ Validating testGranja.wtest","timeElapsed":222,"timestamp":"2024-10-15T00:52:52.346Z"}
{"level":"info","message":"⌛ Building environment","timeElapsed":244,"timestamp":"2024-10-15T00:52:52.591Z"}
{"level":"info","message":"onRequest - completionItem/resolve","timestamp":"2024-10-15T00:52:52.599Z"}
{"level":"info","message":"⌛ Validating testGranja.wtest","timeElapsed":217,"timestamp":"2024-10-15T00:52:52.816Z"}
{"level":"info","message":"⌛ Building environment","timeElapsed":428,"timestamp":"2024-10-15T00:52:53.244Z"}
{"level":"info","message":"onRequest - completionItem/resolve","timestamp":"2024-10-15T00:52:53.245Z"}
{"level":"info","message":"⌛ Validating testGranja.wtest","timeElapsed":288,"timestamp":"2024-10-15T00:52:53.543Z"}
{"level":"info","message":"⌛ Building environment","timeElapsed":228,"timestamp":"2024-10-15T00:52:53.775Z"}
{"level":"info","message":"onRequest - completionItem/resolve","timestamp":"2024-10-15T00:52:53.775Z"}
{"level":"info","message":"⌛ Validating testGranja.wtest","timeElapsed":410,"timestamp":"2024-10-15T00:52:54.186Z"}
{"level":"info","message":"⌛ Validating testGranja.wtest","timeElapsed":212,"timestamp":"2024-10-15T00:52:54.408Z"}
{"level":"info","message":"⌛ Building environment","timeElapsed":216,"timestamp":"2024-10-15T00:52:54.624Z"}
{"level":"info","message":"onRequest - completionItem/resolve","timestamp":"2024-10-15T00:52:54.624Z"}
{"level":"info","message":"⌛ Building environment","timeElapsed":267,"timestamp":"2024-10-15T00:52:54.892Z"}
{"level":"info","message":"onRequest - completionItem/resolve","timestamp":"2024-10-15T00:52:54.893Z"}
{"level":"info","message":"⌛ Validating testGranja.wtest","timeElapsed":232,"timestamp":"2024-10-15T00:52:55.125Z"}
{"level":"info","message":"⌛ Building environment","timeElapsed":231,"timestamp":"2024-10-15T00:52:55.357Z"}
{"level":"info","message":"onRequest - completionItem/resolve","timestamp":"2024-10-15T00:52:55.357Z"}
{"level":"info","message":"⌛ Building environment","timeElapsed":214,"timestamp":"2024-10-15T00:52:55.581Z"}
{"level":"info","message":"onRequest - completionItem/resolve","timestamp":"2024-10-15T00:52:55.581Z"}
{"level":"info","message":"⌛ Validating testGranja.wtest","timeElapsed":215,"timestamp":"2024-10-15T00:52:55.797Z"}
{"level":"info","message":"⌛ Validating testGranja.wtest","timeElapsed":218,"timestamp":"2024-10-15T00:52:56.025Z"}
{"level":"info","message":"⌛ Building environment","timeElapsed":209,"timestamp":"2024-10-15T00:52:56.235Z"}
{"level":"info","message":"onRequest - completionItem/resolve","timestamp":"2024-10-15T00:52:56.236Z"}
{"level":"info","message":"⌛ Building environment","timeElapsed":222,"timestamp":"2024-10-15T00:52:56.458Z"}
{"level":"info","message":"onRequest - completionItem/resolve","timestamp":"2024-10-15T00:52:56.460Z"}
{"level":"info","message":"⌛ Validating testGranja.wtest","timeElapsed":284,"timestamp":"2024-10-15T00:52:56.747Z"}
{"level":"info","message":"⌛ Validating testGranja.wtest","timeElapsed":207,"timestamp":"2024-10-15T00:52:56.954Z"}
{"level":"info","message":"⌛ Building environment","timeElapsed":272,"timestamp":"2024-10-15T00:52:57.239Z"}
{"level":"info","message":"⌛ Validating testGranja.wtest","timeElapsed":202,"timestamp":"2024-10-15T00:52:57.452Z"}
{"level":"info","message":"⌛ Validating testGranja.wtest","timeElapsed":202,"timestamp":"2024-10-15T00:52:57.655Z"}
{"level":"info","message":"⌛ Validating testGranja.wtest","timeElapsed":219,"timestamp":"2024-10-15T00:52:57.876Z"}
{"level":"info","message":"⌛ Building environment","timeElapsed":238,"timestamp":"2024-10-15T00:52:58.199Z"}
{"level":"info","message":"⌛ Validating testGranja.wtest","timeElapsed":234,"timestamp":"2024-10-15T00:52:58.482Z"}
{"level":"info","message":"onRequest - completionItem/resolve","timestamp":"2024-10-15T00:52:58.482Z"}
{"level":"info","message":"⌛ Building environment","timeElapsed":211,"timestamp":"2024-10-15T00:52:58.962Z"}
{"level":"info","message":"onRequest - completionItem/resolve","timestamp":"2024-10-15T00:52:58.963Z"}
{"level":"info","message":"⌛ Validating testGranja.wtest","timeElapsed":240,"timestamp":"2024-10-15T00:52:59.204Z"}
{"level":"info","message":"⌛ Building environment","timeElapsed":229,"timestamp":"2024-10-15T00:52:59.434Z"}
{"level":"info","message":"onRequest - completionItem/resolve","timestamp":"2024-10-15T00:52:59.435Z"}
{"level":"info","message":"⌛ Validating testGranja.wtest","timeElapsed":235,"timestamp":"2024-10-15T00:52:59.679Z"}
{"level":"info","message":"⌛ Building environment","timeElapsed":216,"timestamp":"2024-10-15T00:52:59.896Z"}
{"level":"info","message":"⌛ Validating testGranja.wtest","timeElapsed":233,"timestamp":"2024-10-15T00:53:00.142Z"}
{"level":"info","message":"⌛ Building environment","timeElapsed":281,"timestamp":"2024-10-15T00:53:00.424Z"}
{"level":"info","message":"onRequest - completionItem/resolve","timestamp":"2024-10-15T00:53:00.425Z"}
{"level":"info","message":"⌛ Building environment","timeElapsed":212,"timestamp":"2024-10-15T00:53:00.637Z"}
{"level":"info","message":"onRequest - completionItem/resolve","timestamp":"2024-10-15T00:53:00.638Z"}
{"level":"info","message":"⌛ Validating testGranja.wtest","timeElapsed":230,"timestamp":"2024-10-15T00:53:00.878Z"}
{"level":"info","message":"⌛ Validating testGranja.wtest","timeElapsed":255,"timestamp":"2024-10-15T00:53:01.134Z"}
{"level":"info","message":"⌛ Building environment","timeElapsed":268,"timestamp":"2024-10-15T00:53:01.403Z"}
{"level":"info","message":"⌛ Validating testGranja.wtest","timeElapsed":202,"timestamp":"2024-10-15T00:53:01.617Z"}
{"level":"info","message":"⌛ Building environment","timeElapsed":225,"timestamp":"2024-10-15T00:53:01.862Z"}
{"level":"info","message":"⌛ Validating testGranja.wtest","timeElapsed":205,"timestamp":"2024-10-15T00:53:02.067Z"}
{"level":"info","message":"⌛ Building environment","timeElapsed":238,"timestamp":"2024-10-15T00:53:05.177Z"}
{"level":"info","message":"⌛ Validating testGranja.wtest","timeElapsed":212,"timestamp":"2024-10-15T00:53:05.440Z"}
{"level":"info","message":"onRequest - completionItem/resolve","timestamp":"2024-10-15T00:53:05.441Z"}
{"level":"info","message":"⌛ Building environment","timeElapsed":231,"timestamp":"2024-10-15T00:53:05.672Z"}
{"level":"info","message":"onRequest - completionItem/resolve","timestamp":"2024-10-15T00:53:05.672Z"}
{"level":"info","message":"⌛ Building environment","timeElapsed":234,"timestamp":"2024-10-15T00:53:05.907Z"}
{"level":"info","message":"onRequest - completionItem/resolve","timestamp":"2024-10-15T00:53:05.908Z"}
{"level":"info","message":"⌛ Validating testGranja.wtest","timeElapsed":219,"timestamp":"2024-10-15T00:53:06.127Z"}
{"level":"info","message":"⌛ Building environment","timeElapsed":224,"timestamp":"2024-10-15T00:53:06.351Z"}
{"level":"info","message":"onRequest - completionItem/resolve","timestamp":"2024-10-15T00:53:06.351Z"}
{"level":"info","message":"⌛ Building environment","timeElapsed":226,"timestamp":"2024-10-15T00:53:06.578Z"}
{"level":"info","message":"onRequest - completionItem/resolve","timestamp":"2024-10-15T00:53:06.579Z"}
{"level":"info","message":"⌛ Validating testGranja.wtest","timeElapsed":220,"timestamp":"2024-10-15T00:53:06.799Z"}
{"level":"info","message":"⌛ Building environment","timeElapsed":214,"timestamp":"2024-10-15T00:53:07.013Z"}
{"level":"info","message":"onRequest - completionItem/resolve","timestamp":"2024-10-15T00:53:07.018Z"}
{"level":"info","message":"⌛ Validating testGranja.wtest","timeElapsed":229,"timestamp":"2024-10-15T00:53:07.248Z"}
{"level":"info","message":"⌛ Validating testGranja.wtest","timeElapsed":201,"timestamp":"2024-10-15T00:53:07.458Z"}
{"level":"info","message":"⌛ Validating testGranja.wtest","timeElapsed":213,"timestamp":"2024-10-15T00:53:07.674Z"}
{"level":"info","message":"onRequest - completionItem/resolve","timestamp":"2024-10-15T00:53:07.675Z"}
{"level":"info","message":"⌛ Building environment","timeElapsed":420,"timestamp":"2024-10-15T00:53:08.096Z"}
{"level":"info","message":"⌛ Validating testGranja.wtest","timeElapsed":253,"timestamp":"2024-10-15T00:53:08.378Z"}
{"level":"info","message":"⌛ Building environment","timeElapsed":253,"timestamp":"2024-10-15T00:53:42.376Z"}
{"level":"info","message":"⌛ Validating testGranja.wtest","timeElapsed":218,"timestamp":"2024-10-15T00:53:42.607Z"}
{"level":"info","message":"⌛ Building environment","timeElapsed":268,"timestamp":"2024-10-15T00:53:42.876Z"}
{"level":"info","message":"⌛ Validating testGranja.wtest","timeElapsed":206,"timestamp":"2024-10-15T00:53:43.094Z"}
{"level":"info","message":"⌛ Building environment","timeElapsed":255,"timestamp":"2024-10-15T00:53:51.128Z"}
{"level":"info","message":"⌛ Validating testGranja.wtest","timeElapsed":191,"timestamp":"2024-10-15T00:53:51.328Z"}
{"level":"info","message":"⌛ Building environment","timeElapsed":266,"timestamp":"2024-10-15T00:53:51.815Z"}
{"level":"info","message":"⌛ Validating testGranja.wtest","timeElapsed":240,"timestamp":"2024-10-15T00:53:52.065Z"}
{"level":"info","message":"⌛ Building environment","timeElapsed":378,"timestamp":"2024-10-15T00:53:54.270Z"}
{"level":"info","message":"⌛ Building environment","timeElapsed":220,"timestamp":"2024-10-15T00:53:54.491Z"}
{"level":"info","message":"⌛ Validating testGranja.wtest","timeElapsed":217,"timestamp":"2024-10-15T00:53:54.718Z"}
{"level":"info","message":"⌛ Validating testGranja.wtest","timeElapsed":214,"timestamp":"2024-10-15T00:53:54.933Z"}
{"level":"info","message":"⌛ Building environment","timeElapsed":271,"timestamp":"2024-10-15T00:54:01.299Z"}
{"level":"info","message":"⌛ Validating testGranja.wtest","timeElapsed":223,"timestamp":"2024-10-15T00:54:01.530Z"}
{"level":"info","message":"⌛ Building environment","timeElapsed":214,"timestamp":"2024-10-15T00:54:01.745Z"}
{"level":"info","message":"⌛ Validating testGranja.wtest","timeElapsed":309,"timestamp":"2024-10-15T00:54:02.066Z"}
{"level":"info","message":"⌛ Building environment","timeElapsed":224,"timestamp":"2024-10-15T00:54:02.434Z"}
{"level":"info","message":"⌛ Building environment","timeElapsed":249,"timestamp":"2024-10-15T00:54:02.730Z"}
{"level":"info","message":"⌛ Validating testGranja.wtest","timeElapsed":205,"timestamp":"2024-10-15T00:54:02.939Z"}
{"level":"info","message":"onRequest - completionItem/resolve","timestamp":"2024-10-15T00:54:02.939Z"}
{"level":"info","message":"⌛ Building environment","timeElapsed":229,"timestamp":"2024-10-15T00:54:03.169Z"}
{"level":"info","message":"onRequest - completionItem/resolve","timestamp":"2024-10-15T00:54:03.170Z"}
{"level":"info","message":"⌛ Validating testGranja.wtest","timeElapsed":206,"timestamp":"2024-10-15T00:54:03.375Z"}
{"level":"info","message":"⌛ Validating testGranja.wtest","timeElapsed":227,"timestamp":"2024-10-15T00:54:03.612Z"}
{"level":"info","message":"onRequest - completionItem/resolve","timestamp":"2024-10-15T00:54:05.627Z"}
{"level":"info","message":"⌛ Building environment","timeElapsed":226,"timestamp":"2024-10-15T00:54:05.857Z"}
{"level":"info","message":"⌛ Validating testGranja.wtest","timeElapsed":205,"timestamp":"2024-10-15T00:54:06.064Z"}
{"level":"info","message":"⌛ Building environment","timeElapsed":252,"timestamp":"2024-10-15T00:54:13.428Z"}
{"level":"error","message":"✘ Completions for node failed: Error: [Send]{3a3601} at testGranja.wtest:155 exhausted all cases without a match [Send]{3a3601} at testGranja.wtest:155 exhausted all cases without a match","stack":"Error: [Send]{3a3601} at testGranja.wtest:155 exhausted all cases without a match\n    at /home/felipe/.vscode/extensions/uqbar.wollok-lsp-ide-0.3.6/out/server/src/server.js:38:6067\n    at yh (/home/felipe/.vscode/extensions/uqbar.wollok-lsp-ide-0.3.6/out/server/src/server.js:2291:42)\n    at /home/felipe/.vscode/extensions/uqbar.wollok-lsp-ide-0.3.6/out/server/src/server.js:2291:2700\n    at /home/felipe/.vscode/extensions/uqbar.wollok-lsp-ide-0.3.6/out/server/src/server.js:2298:3774\n    at /home/felipe/.vscode/extensions/uqbar.wollok-lsp-ide-0.3.6/out/server/src/server.js:37:74872\n    at Fe (/home/felipe/.vscode/extensions/uqbar.wollok-lsp-ide-0.3.6/out/server/src/server.js:7:8527)\n    at Pt (/home/felipe/.vscode/extensions/uqbar.wollok-lsp-ide-0.3.6/out/server/src/server.js:7:6189)\n    at Gi (/home/felipe/.vscode/extensions/uqbar.wollok-lsp-ide-0.3.6/out/server/src/server.js:7:6378)\n    at Immediate._onImmediate (/home/felipe/.vscode/extensions/uqbar.wollok-lsp-ide-0.3.6/out/server/src/server.js:7:6142)\n    at process.processImmediate (node:internal/timers:483:21)","timestamp":"2024-10-15T00:54:13.476Z"}
{"level":"info","message":"⌛ Building environment","timeElapsed":253,"timestamp":"2024-10-15T00:54:13.734Z"}
{"level":"info","message":"⌛ Validating testGranja.wtest","timeElapsed":222,"timestamp":"2024-10-15T00:54:13.957Z"}
{"level":"info","message":"⌛ Building environment","timeElapsed":218,"timestamp":"2024-10-15T00:54:14.176Z"}
{"level":"info","message":"onRequest - completionItem/resolve","timestamp":"2024-10-15T00:54:14.176Z"}
{"level":"info","message":"⌛ Building environment","timeElapsed":227,"timestamp":"2024-10-15T00:54:14.404Z"}
{"level":"error","message":"✘ Completions for node failed: Error: [Send]{ad9690} at testGranja.wtest:155 exhausted all cases without a match [Send]{ad9690} at testGranja.wtest:155 exhausted all cases without a match","stack":"Error: [Send]{ad9690} at testGranja.wtest:155 exhausted all cases without a match\n    at /home/felipe/.vscode/extensions/uqbar.wollok-lsp-ide-0.3.6/out/server/src/server.js:38:6067\n    at yh (/home/felipe/.vscode/extensions/uqbar.wollok-lsp-ide-0.3.6/out/server/src/server.js:2291:42)\n    at /home/felipe/.vscode/extensions/uqbar.wollok-lsp-ide-0.3.6/out/server/src/server.js:2291:2700\n    at /home/felipe/.vscode/extensions/uqbar.wollok-lsp-ide-0.3.6/out/server/src/server.js:2298:3774\n    at /home/felipe/.vscode/extensions/uqbar.wollok-lsp-ide-0.3.6/out/server/src/server.js:37:74872\n    at Fe (/home/felipe/.vscode/extensions/uqbar.wollok-lsp-ide-0.3.6/out/server/src/server.js:7:8527)\n    at Pt (/home/felipe/.vscode/extensions/uqbar.wollok-lsp-ide-0.3.6/out/server/src/server.js:7:6189)\n    at Gi (/home/felipe/.vscode/extensions/uqbar.wollok-lsp-ide-0.3.6/out/server/src/server.js:7:6378)\n    at Immediate._onImmediate (/home/felipe/.vscode/extensions/uqbar.wollok-lsp-ide-0.3.6/out/server/src/server.js:7:6142)\n    at process.processImmediate (node:internal/timers:483:21)","timestamp":"2024-10-15T00:54:14.439Z"}
{"level":"info","message":"⌛ Validating testGranja.wtest","timeElapsed":200,"timestamp":"2024-10-15T00:54:14.643Z"}
{"level":"info","message":"⌛ Validating testGranja.wtest","timeElapsed":217,"timestamp":"2024-10-15T00:54:14.863Z"}
{"level":"info","message":"⌛ Validating testGranja.wtest","timeElapsed":217,"timestamp":"2024-10-15T00:54:15.081Z"}
{"level":"info","message":"⌛ Building environment","timeElapsed":372,"timestamp":"2024-10-15T00:54:49.293Z"}
{"level":"info","message":"⌛ Validating testGranja.wtest","timeElapsed":396,"timestamp":"2024-10-15T00:54:49.751Z"}
{"level":"info","message":"⌛ Building environment","timeElapsed":356,"timestamp":"2024-10-15T00:54:50.108Z"}
{"level":"info","message":"⌛ Building environment","timeElapsed":244,"timestamp":"2024-10-15T00:54:50.353Z"}
{"level":"info","message":"⌛ Building environment","timeElapsed":231,"timestamp":"2024-10-15T00:54:50.585Z"}
{"level":"info","message":"⌛ Building environment","timeElapsed":384,"timestamp":"2024-10-15T00:54:50.972Z"}
{"level":"info","message":"⌛ Building environment","timeElapsed":233,"timestamp":"2024-10-15T00:54:51.206Z"}
{"level":"info","message":"⌛ Building environment","timeElapsed":230,"timestamp":"2024-10-15T00:54:51.437Z"}
{"level":"info","message":"⌛ Building environment","timeElapsed":263,"timestamp":"2024-10-15T00:54:51.701Z"}
{"level":"info","message":"⌛ Building environment","timeElapsed":417,"timestamp":"2024-10-15T00:54:52.120Z"}
{"level":"info","message":"⌛ Building environment","timeElapsed":219,"timestamp":"2024-10-15T00:54:52.340Z"}
{"level":"info","message":"⌛ Building environment","timeElapsed":208,"timestamp":"2024-10-15T00:54:52.549Z"}
{"level":"info","message":"⌛ Building environment","timeElapsed":214,"timestamp":"2024-10-15T00:54:52.764Z"}
{"level":"info","message":"⌛ Building environment","timeElapsed":214,"timestamp":"2024-10-15T00:54:52.983Z"}
{"level":"info","message":"⌛ Building environment","timeElapsed":250,"timestamp":"2024-10-15T00:54:53.233Z"}
{"level":"info","message":"⌛ Building environment","timeElapsed":230,"timestamp":"2024-10-15T00:54:53.464Z"}
{"level":"info","message":"⌛ Validating testGranja.wtest","timeElapsed":229,"timestamp":"2024-10-15T00:54:53.694Z"}
{"level":"info","message":"⌛ Building environment","timeElapsed":277,"timestamp":"2024-10-15T00:54:53.972Z"}
{"level":"info","message":"⌛ Validating testGranja.wtest","timeElapsed":227,"timestamp":"2024-10-15T00:54:54.204Z"}
{"level":"info","message":"⌛ Building environment","timeElapsed":224,"timestamp":"2024-10-15T00:54:54.429Z"}
{"level":"info","message":"⌛ Validating testGranja.wtest","timeElapsed":219,"timestamp":"2024-10-15T00:54:54.649Z"}
{"level":"info","message":"⌛ Building environment","timeElapsed":214,"timestamp":"2024-10-15T00:54:54.865Z"}
{"level":"info","message":"⌛ Building environment","timeElapsed":212,"timestamp":"2024-10-15T00:54:55.078Z"}
{"level":"info","message":"⌛ Validating testGranja.wtest","timeElapsed":206,"timestamp":"2024-10-15T00:54:55.285Z"}
{"level":"info","message":"⌛ Building environment","timeElapsed":220,"timestamp":"2024-10-15T00:54:55.505Z"}
{"level":"info","message":"⌛ Validating testGranja.wtest","timeElapsed":213,"timestamp":"2024-10-15T00:54:55.719Z"}
{"level":"info","message":"⌛ Building environment","timeElapsed":217,"timestamp":"2024-10-15T00:54:55.949Z"}
{"level":"info","message":"⌛ Validating testGranja.wtest","timeElapsed":219,"timestamp":"2024-10-15T00:54:56.168Z"}
{"level":"info","message":"⌛ Building environment","timeElapsed":213,"timestamp":"2024-10-15T00:54:56.382Z"}
{"level":"info","message":"⌛ Validating testGranja.wtest","timeElapsed":222,"timestamp":"2024-10-15T00:54:56.605Z"}
{"level":"info","message":"⌛ Building environment","timeElapsed":221,"timestamp":"2024-10-15T00:54:56.827Z"}
{"level":"info","message":"⌛ Validating testGranja.wtest","timeElapsed":223,"timestamp":"2024-10-15T00:54:57.065Z"}
{"level":"info","message":"⌛ Validating testGranja.wtest","timeElapsed":228,"timestamp":"2024-10-15T00:54:57.294Z"}
{"level":"info","message":"⌛ Validating testGranja.wtest","timeElapsed":206,"timestamp":"2024-10-15T00:54:57.501Z"}
{"level":"info","message":"⌛ Validating testGranja.wtest","timeElapsed":204,"timestamp":"2024-10-15T00:54:57.705Z"}
{"level":"info","message":"⌛ Validating testGranja.wtest","timeElapsed":208,"timestamp":"2024-10-15T00:54:57.914Z"}
{"level":"info","message":"⌛ Validating testGranja.wtest","timeElapsed":216,"timestamp":"2024-10-15T00:54:58.129Z"}
{"level":"info","message":"⌛ Validating testGranja.wtest","timeElapsed":247,"timestamp":"2024-10-15T00:54:58.377Z"}
{"level":"info","message":"⌛ Validating testGranja.wtest","timeElapsed":292,"timestamp":"2024-10-15T00:54:58.716Z"}
{"level":"info","message":"⌛ Validating testGranja.wtest","timeElapsed":299,"timestamp":"2024-10-15T00:54:59.015Z"}
{"level":"info","message":"⌛ Validating testGranja.wtest","timeElapsed":213,"timestamp":"2024-10-15T00:54:59.268Z"}
{"level":"info","message":"⌛ Validating testGranja.wtest","timeElapsed":213,"timestamp":"2024-10-15T00:54:59.481Z"}
{"level":"info","message":"⌛ Validating testGranja.wtest","timeElapsed":205,"timestamp":"2024-10-15T00:54:59.687Z"}
{"level":"info","message":"⌛ Validating testGranja.wtest","timeElapsed":212,"timestamp":"2024-10-15T00:54:59.900Z"}
{"level":"info","message":"⌛ Validating testGranja.wtest","timeElapsed":205,"timestamp":"2024-10-15T00:55:00.106Z"}
{"level":"info","message":"⌛ Validating testGranja.wtest","timeElapsed":209,"timestamp":"2024-10-15T00:55:00.315Z"}
{"level":"info","message":"⌛ Building environment","timeElapsed":348,"timestamp":"2024-10-15T00:55:38.734Z"}
{"level":"info","message":"⌛ Building environment","timeElapsed":338,"timestamp":"2024-10-15T00:55:39.073Z"}
{"level":"info","message":"⌛ Validating testGranja.wtest","timeElapsed":256,"timestamp":"2024-10-15T00:55:39.330Z"}
{"level":"info","message":"⌛ Building environment","timeElapsed":230,"timestamp":"2024-10-15T00:55:39.560Z"}
{"level":"info","message":"⌛ Building environment","timeElapsed":233,"timestamp":"2024-10-15T00:55:39.794Z"}
{"level":"info","message":"⌛ Validating testGranja.wtest","timeElapsed":301,"timestamp":"2024-10-15T00:55:40.096Z"}
{"level":"info","message":"⌛ Building environment","timeElapsed":263,"timestamp":"2024-10-15T00:55:40.360Z"}
{"level":"info","message":"⌛ Building environment","timeElapsed":237,"timestamp":"2024-10-15T00:55:40.598Z"}
{"level":"info","message":"⌛ Building environment","timeElapsed":232,"timestamp":"2024-10-15T00:55:40.831Z"}
{"level":"info","message":"⌛ Validating testGranja.wtest","timeElapsed":221,"timestamp":"2024-10-15T00:55:41.053Z"}
{"level":"info","message":"⌛ Building environment","timeElapsed":389,"timestamp":"2024-10-15T00:55:41.444Z"}
{"level":"info","message":"⌛ Building environment","timeElapsed":221,"timestamp":"2024-10-15T00:55:41.666Z"}
{"level":"info","message":"⌛ Validating testGranja.wtest","timeElapsed":231,"timestamp":"2024-10-15T00:55:41.903Z"}
{"level":"info","message":"⌛ Building environment","timeElapsed":209,"timestamp":"2024-10-15T00:55:42.112Z"}
{"level":"info","message":"⌛ Building environment","timeElapsed":213,"timestamp":"2024-10-15T00:55:42.326Z"}
{"level":"info","message":"⌛ Building environment","timeElapsed":247,"timestamp":"2024-10-15T00:55:42.573Z"}
{"level":"info","message":"⌛ Validating testGranja.wtest","timeElapsed":211,"timestamp":"2024-10-15T00:55:42.785Z"}
{"level":"info","message":"⌛ Building environment","timeElapsed":225,"timestamp":"2024-10-15T00:55:43.010Z"}
{"level":"info","message":"⌛ Building environment","timeElapsed":204,"timestamp":"2024-10-15T00:55:43.221Z"}
{"level":"info","message":"⌛ Validating testGranja.wtest","timeElapsed":207,"timestamp":"2024-10-15T00:55:43.429Z"}
{"level":"info","message":"⌛ Building environment","timeElapsed":210,"timestamp":"2024-10-15T00:55:43.639Z"}
{"level":"info","message":"⌛ Validating testGranja.wtest","timeElapsed":203,"timestamp":"2024-10-15T00:55:43.843Z"}
{"level":"info","message":"⌛ Building environment","timeElapsed":207,"timestamp":"2024-10-15T00:55:44.050Z"}
{"level":"info","message":"⌛ Building environment","timeElapsed":206,"timestamp":"2024-10-15T00:55:44.261Z"}
{"level":"info","message":"⌛ Validating testGranja.wtest","timeElapsed":204,"timestamp":"2024-10-15T00:55:44.466Z"}
{"level":"info","message":"⌛ Validating testGranja.wtest","timeElapsed":218,"timestamp":"2024-10-15T00:55:44.694Z"}
{"level":"info","message":"⌛ Validating testGranja.wtest","timeElapsed":223,"timestamp":"2024-10-15T00:55:44.919Z"}
{"level":"info","message":"⌛ Validating testGranja.wtest","timeElapsed":235,"timestamp":"2024-10-15T00:55:45.157Z"}
{"level":"info","message":"⌛ Validating testGranja.wtest","timeElapsed":219,"timestamp":"2024-10-15T00:55:45.375Z"}
{"level":"info","message":"⌛ Validating testGranja.wtest","timeElapsed":247,"timestamp":"2024-10-15T00:55:45.622Z"}
{"level":"info","message":"⌛ Validating testGranja.wtest","timeElapsed":324,"timestamp":"2024-10-15T00:55:45.947Z"}
{"level":"info","message":"⌛ Validating testGranja.wtest","timeElapsed":243,"timestamp":"2024-10-15T00:55:46.191Z"}
{"level":"info","message":"⌛ Validating testGranja.wtest","timeElapsed":236,"timestamp":"2024-10-15T00:55:46.428Z"}
{"level":"info","message":"⌛ Validating testGranja.wtest","timeElapsed":214,"timestamp":"2024-10-15T00:55:46.642Z"}
{"level":"info","message":"⌛ Building environment","timeElapsed":221,"timestamp":"2024-10-15T00:55:46.865Z"}
{"level":"error","message":"✘ Completions for node failed: Error: [Send]{deaad3} at testGranja.wtest:154 exhausted all cases without a match [Send]{deaad3} at testGranja.wtest:154 exhausted all cases without a match","stack":"Error: [Send]{deaad3} at testGranja.wtest:154 exhausted all cases without a match\n    at /home/felipe/.vscode/extensions/uqbar.wollok-lsp-ide-0.3.6/out/server/src/server.js:38:6067\n    at yh (/home/felipe/.vscode/extensions/uqbar.wollok-lsp-ide-0.3.6/out/server/src/server.js:2291:42)\n    at kh (/home/felipe/.vscode/extensions/uqbar.wollok-lsp-ide-0.3.6/out/server/src/server.js:2291:1004)\n    at Y5n (/home/felipe/.vscode/extensions/uqbar.wollok-lsp-ide-0.3.6/out/server/src/server.js:2291:1160)\n    at /home/felipe/.vscode/extensions/uqbar.wollok-lsp-ide-0.3.6/out/server/src/server.js:38:6056\n    at yh (/home/felipe/.vscode/extensions/uqbar.wollok-lsp-ide-0.3.6/out/server/src/server.js:2291:42)\n    at /home/felipe/.vscode/extensions/uqbar.wollok-lsp-ide-0.3.6/out/server/src/server.js:2291:2700\n    at /home/felipe/.vscode/extensions/uqbar.wollok-lsp-ide-0.3.6/out/server/src/server.js:2298:3774\n    at /home/felipe/.vscode/extensions/uqbar.wollok-lsp-ide-0.3.6/out/server/src/server.js:37:74872\n    at Fe (/home/felipe/.vscode/extensions/uqbar.wollok-lsp-ide-0.3.6/out/server/src/server.js:7:8527)","timestamp":"2024-10-15T00:55:46.909Z"}
{"level":"info","message":"⌛ Building environment","timeElapsed":202,"timestamp":"2024-10-15T00:55:47.116Z"}
{"level":"info","message":"⌛ Building environment","timeElapsed":217,"timestamp":"2024-10-15T00:55:47.334Z"}
{"level":"info","message":"⌛ Building environment","timeElapsed":206,"timestamp":"2024-10-15T00:55:47.541Z"}
{"level":"info","message":"⌛ Building environment","timeElapsed":300,"timestamp":"2024-10-15T00:55:47.842Z"}
{"level":"info","message":"⌛ Building environment","timeElapsed":212,"timestamp":"2024-10-15T00:55:48.055Z"}
{"level":"info","message":"⌛ Building environment","timeElapsed":206,"timestamp":"2024-10-15T00:55:48.273Z"}
{"level":"info","message":"⌛ Validating testGranja.wtest","timeElapsed":232,"timestamp":"2024-10-15T00:55:48.544Z"}
{"level":"info","message":"⌛ Validating testGranja.wtest","timeElapsed":215,"timestamp":"2024-10-15T00:55:48.760Z"}
{"level":"info","message":"⌛ Validating testGranja.wtest","timeElapsed":328,"timestamp":"2024-10-15T00:55:49.088Z"}
{"level":"info","message":"⌛ Validating testGranja.wtest","timeElapsed":214,"timestamp":"2024-10-15T00:55:49.304Z"}
{"level":"info","message":"⌛ Validating testGranja.wtest","timeElapsed":217,"timestamp":"2024-10-15T00:55:49.522Z"}
{"level":"info","message":"⌛ Validating testGranja.wtest","timeElapsed":218,"timestamp":"2024-10-15T00:55:49.741Z"}
{"level":"info","message":"⌛ Validating testGranja.wtest","timeElapsed":243,"timestamp":"2024-10-15T00:55:49.985Z"}
{"level":"info","message":"onRequest - completionItem/resolve","timestamp":"2024-10-15T00:55:49.986Z"}
{"level":"info","message":"⌛ Building environment","timeElapsed":302,"timestamp":"2024-10-15T00:55:57.942Z"}
{"level":"info","message":"⌛ Validating testGranja.wtest","timeElapsed":224,"timestamp":"2024-10-15T00:55:58.172Z"}
{"level":"info","message":"⌛ Building environment","timeElapsed":266,"timestamp":"2024-10-15T00:56:05.473Z"}
{"level":"info","message":"⌛ Validating testGranja.wtest","timeElapsed":363,"timestamp":"2024-10-15T00:56:05.872Z"}
{"level":"info","message":"onRequest - completionItem/resolve","timestamp":"2024-10-15T00:56:05.873Z"}
{"level":"info","message":"⌛ Building environment","timeElapsed":266,"timestamp":"2024-10-15T00:56:07.391Z"}
{"level":"info","message":"onRequest - completionItem/resolve","timestamp":"2024-10-15T00:56:07.392Z"}
{"level":"info","message":"⌛ Building environment","timeElapsed":223,"timestamp":"2024-10-15T00:56:07.616Z"}
{"level":"info","message":"onRequest - completionItem/resolve","timestamp":"2024-10-15T00:56:07.622Z"}
{"level":"info","message":"⌛ Validating testGranja.wtest","timeElapsed":210,"timestamp":"2024-10-15T00:56:07.833Z"}
{"level":"info","message":"⌛ Validating testGranja.wtest","timeElapsed":210,"timestamp":"2024-10-15T00:56:08.043Z"}
{"level":"info","message":"⌛ Building environment","timeElapsed":222,"timestamp":"2024-10-15T00:56:08.794Z"}
{"level":"info","message":"onRequest - completionItem/resolve","timestamp":"2024-10-15T00:56:08.801Z"}
{"level":"info","message":"⌛ Validating testGranja.wtest","timeElapsed":207,"timestamp":"2024-10-15T00:56:09.008Z"}
{"level":"info","message":"⌛ Building environment","timeElapsed":280,"timestamp":"2024-10-15T00:56:09.401Z"}
{"level":"info","message":"⌛ Building environment","timeElapsed":326,"timestamp":"2024-10-15T00:56:09.781Z"}
{"level":"info","message":"⌛ Validating testGranja.wtest","timeElapsed":256,"timestamp":"2024-10-15T00:56:10.038Z"}
{"level":"info","message":"⌛ Building environment","timeElapsed":225,"timestamp":"2024-10-15T00:56:10.276Z"}
{"level":"info","message":"⌛ Validating testGranja.wtest","timeElapsed":218,"timestamp":"2024-10-15T00:56:10.541Z"}
{"level":"info","message":"⌛ Building environment","timeElapsed":268,"timestamp":"2024-10-15T00:56:10.810Z"}
{"level":"info","message":"⌛ Validating testGranja.wtest","timeElapsed":216,"timestamp":"2024-10-15T00:56:11.037Z"}
{"level":"info","message":"⌛ Building environment","timeElapsed":211,"timestamp":"2024-10-15T00:56:11.249Z"}
{"level":"info","message":"⌛ Building environment","timeElapsed":202,"timestamp":"2024-10-15T00:56:11.460Z"}
{"level":"info","message":"⌛ Validating testGranja.wtest","timeElapsed":210,"timestamp":"2024-10-15T00:56:11.682Z"}
{"level":"info","message":"⌛ Validating testGranja.wtest","timeElapsed":213,"timestamp":"2024-10-15T00:56:11.897Z"}
{"level":"info","message":"⌛ Validating testGranja.wtest","timeElapsed":215,"timestamp":"2024-10-15T00:56:12.112Z"}
{"level":"info","message":"⌛ Building environment","timeElapsed":305,"timestamp":"2024-10-15T00:56:20.581Z"}
{"level":"info","message":"⌛ Building environment","timeElapsed":213,"timestamp":"2024-10-15T00:56:20.793Z"}
{"level":"error","message":"✘ Completions for node failed: Error: [Send]{d0a14d} at testGranja.wtest:154 exhausted all cases without a match [Send]{d0a14d} at testGranja.wtest:154 exhausted all cases without a match","stack":"Error: [Send]{d0a14d} at testGranja.wtest:154 exhausted all cases without a match\n    at /home/felipe/.vscode/extensions/uqbar.wollok-lsp-ide-0.3.6/out/server/src/server.js:38:6067\n    at yh (/home/felipe/.vscode/extensions/uqbar.wollok-lsp-ide-0.3.6/out/server/src/server.js:2291:42)\n    at /home/felipe/.vscode/extensions/uqbar.wollok-lsp-ide-0.3.6/out/server/src/server.js:2291:2700\n    at /home/felipe/.vscode/extensions/uqbar.wollok-lsp-ide-0.3.6/out/server/src/server.js:2298:3774\n    at /home/felipe/.vscode/extensions/uqbar.wollok-lsp-ide-0.3.6/out/server/src/server.js:37:74872\n    at Fe (/home/felipe/.vscode/extensions/uqbar.wollok-lsp-ide-0.3.6/out/server/src/server.js:7:8527)\n    at Pt (/home/felipe/.vscode/extensions/uqbar.wollok-lsp-ide-0.3.6/out/server/src/server.js:7:6189)\n    at Gi (/home/felipe/.vscode/extensions/uqbar.wollok-lsp-ide-0.3.6/out/server/src/server.js:7:6378)\n    at Immediate._onImmediate (/home/felipe/.vscode/extensions/uqbar.wollok-lsp-ide-0.3.6/out/server/src/server.js:7:6142)\n    at process.processImmediate (node:internal/timers:483:21)","timestamp":"2024-10-15T00:56:20.828Z"}
{"level":"error","message":"✘ Completions for node failed: Error: [Send]{bbcec3} at testGranja.wtest:154 exhausted all cases without a match [Send]{bbcec3} at testGranja.wtest:154 exhausted all cases without a match","stack":"Error: [Send]{bbcec3} at testGranja.wtest:154 exhausted all cases without a match\n    at /home/felipe/.vscode/extensions/uqbar.wollok-lsp-ide-0.3.6/out/server/src/server.js:38:6067\n    at yh (/home/felipe/.vscode/extensions/uqbar.wollok-lsp-ide-0.3.6/out/server/src/server.js:2291:42)\n    at kh (/home/felipe/.vscode/extensions/uqbar.wollok-lsp-ide-0.3.6/out/server/src/server.js:2291:1004)\n    at yh (/home/felipe/.vscode/extensions/uqbar.wollok-lsp-ide-0.3.6/out/server/src/server.js:2291:456)\n    at /home/felipe/.vscode/extensions/uqbar.wollok-lsp-ide-0.3.6/out/server/src/server.js:2291:2700\n    at /home/felipe/.vscode/extensions/uqbar.wollok-lsp-ide-0.3.6/out/server/src/server.js:2298:3774\n    at /home/felipe/.vscode/extensions/uqbar.wollok-lsp-ide-0.3.6/out/server/src/server.js:37:74872\n    at Fe (/home/felipe/.vscode/extensions/uqbar.wollok-lsp-ide-0.3.6/out/server/src/server.js:7:8527)\n    at Pt (/home/felipe/.vscode/extensions/uqbar.wollok-lsp-ide-0.3.6/out/server/src/server.js:7:6189)\n    at Gi (/home/felipe/.vscode/extensions/uqbar.wollok-lsp-ide-0.3.6/out/server/src/server.js:7:6378)","timestamp":"2024-10-15T00:56:20.829Z"}
{"level":"info","message":"⌛ Validating testGranja.wtest","timeElapsed":199,"timestamp":"2024-10-15T00:56:21.032Z"}
{"level":"info","message":"⌛ Validating testGranja.wtest","timeElapsed":218,"timestamp":"2024-10-15T00:56:21.252Z"}
{"level":"info","message":"⌛ Building environment","timeElapsed":285,"timestamp":"2024-10-15T00:56:26.562Z"}
{"level":"info","message":"⌛ Validating testGranja.wtest","timeElapsed":204,"timestamp":"2024-10-15T00:56:26.775Z"}
{"level":"info","message":"⌛ Building environment","timeElapsed":261,"timestamp":"2024-10-15T00:56:27.522Z"}
{"level":"info","message":"⌛ Building environment","timeElapsed":243,"timestamp":"2024-10-15T00:56:27.811Z"}
{"level":"info","message":"⌛ Validating testGranja.wtest","timeElapsed":218,"timestamp":"2024-10-15T00:56:28.029Z"}
{"level":"info","message":"onRequest - completionItem/resolve","timestamp":"2024-10-15T00:56:28.029Z"}
{"level":"info","message":"⌛ Building environment","timeElapsed":234,"timestamp":"2024-10-15T00:56:28.264Z"}
{"level":"info","message":"onRequest - completionItem/resolve","timestamp":"2024-10-15T00:56:28.270Z"}
{"level":"info","message":"⌛ Validating testGranja.wtest","timeElapsed":206,"timestamp":"2024-10-15T00:56:28.476Z"}
{"level":"info","message":"⌛ Building environment","timeElapsed":209,"timestamp":"2024-10-15T00:56:28.694Z"}
{"level":"info","message":"onRequest - completionItem/resolve","timestamp":"2024-10-15T00:56:28.700Z"}
{"level":"info","message":"⌛ Building environment","timeElapsed":253,"timestamp":"2024-10-15T00:56:28.953Z"}
{"level":"info","message":"onRequest - completionItem/resolve","timestamp":"2024-10-15T00:56:28.954Z"}
{"level":"info","message":"⌛ Building environment","timeElapsed":228,"timestamp":"2024-10-15T00:56:29.182Z"}
{"level":"info","message":"onRequest - completionItem/resolve","timestamp":"2024-10-15T00:56:29.183Z"}
{"level":"info","message":"⌛ Validating testGranja.wtest","timeElapsed":217,"timestamp":"2024-10-15T00:56:29.400Z"}
{"level":"info","message":"⌛ Validating testGranja.wtest","timeElapsed":206,"timestamp":"2024-10-15T00:56:29.614Z"}
{"level":"info","message":"⌛ Building environment","timeElapsed":267,"timestamp":"2024-10-15T00:56:29.881Z"}
{"level":"info","message":"⌛ Validating testGranja.wtest","timeElapsed":215,"timestamp":"2024-10-15T00:56:30.139Z"}
{"level":"info","message":"⌛ Validating testGranja.wtest","timeElapsed":245,"timestamp":"2024-10-15T00:56:30.388Z"}
{"level":"info","message":"⌛ Building environment","timeElapsed":249,"timestamp":"2024-10-15T00:56:30.638Z"}
{"level":"info","message":"⌛ Building environment","timeElapsed":219,"timestamp":"2024-10-15T00:56:30.858Z"}
{"level":"info","message":"⌛ Validating testGranja.wtest","timeElapsed":214,"timestamp":"2024-10-15T00:56:31.073Z"}
{"level":"info","message":"onRequest - completionItem/resolve","timestamp":"2024-10-15T00:56:31.074Z"}
{"level":"info","message":"⌛ Building environment","timeElapsed":365,"timestamp":"2024-10-15T00:56:31.448Z"}
{"level":"info","message":"onRequest - completionItem/resolve","timestamp":"2024-10-15T00:56:31.454Z"}
{"level":"info","message":"⌛ Building environment","timeElapsed":233,"timestamp":"2024-10-15T00:56:31.693Z"}
{"level":"info","message":"onRequest - completionItem/resolve","timestamp":"2024-10-15T00:56:31.693Z"}
{"level":"info","message":"⌛ Building environment","timeElapsed":335,"timestamp":"2024-10-15T00:56:32.029Z"}
{"level":"info","message":"onRequest - completionItem/resolve","timestamp":"2024-10-15T00:56:32.032Z"}
{"level":"info","message":"⌛ Validating testGranja.wtest","timeElapsed":370,"timestamp":"2024-10-15T00:56:32.403Z"}
{"level":"info","message":"⌛ Validating testGranja.wtest","timeElapsed":226,"timestamp":"2024-10-15T00:56:32.638Z"}
{"level":"info","message":"⌛ Building environment","timeElapsed":272,"timestamp":"2024-10-15T00:56:32.911Z"}
{"level":"info","message":"⌛ Validating testGranja.wtest","timeElapsed":203,"timestamp":"2024-10-15T00:56:33.121Z"}
{"level":"info","message":"⌛ Building environment","timeElapsed":238,"timestamp":"2024-10-15T00:56:33.360Z"}
{"level":"error","message":"✘ Completions for node failed: Error: [Send]{741659} at testGranja.wtest:155 exhausted all cases without a match [Send]{741659} at testGranja.wtest:155 exhausted all cases without a match","stack":"Error: [Send]{741659} at testGranja.wtest:155 exhausted all cases without a match\n    at /home/felipe/.vscode/extensions/uqbar.wollok-lsp-ide-0.3.6/out/server/src/server.js:38:6067\n    at yh (/home/felipe/.vscode/extensions/uqbar.wollok-lsp-ide-0.3.6/out/server/src/server.js:2291:42)\n    at kh (/home/felipe/.vscode/extensions/uqbar.wollok-lsp-ide-0.3.6/out/server/src/server.js:2291:1004)\n    at Y5n (/home/felipe/.vscode/extensions/uqbar.wollok-lsp-ide-0.3.6/out/server/src/server.js:2291:1160)\n    at /home/felipe/.vscode/extensions/uqbar.wollok-lsp-ide-0.3.6/out/server/src/server.js:38:6056\n    at yh (/home/felipe/.vscode/extensions/uqbar.wollok-lsp-ide-0.3.6/out/server/src/server.js:2291:42)\n    at /home/felipe/.vscode/extensions/uqbar.wollok-lsp-ide-0.3.6/out/server/src/server.js:2291:2700\n    at /home/felipe/.vscode/extensions/uqbar.wollok-lsp-ide-0.3.6/out/server/src/server.js:2298:3774\n    at /home/felipe/.vscode/extensions/uqbar.wollok-lsp-ide-0.3.6/out/server/src/server.js:37:74872\n    at Fe (/home/felipe/.vscode/extensions/uqbar.wollok-lsp-ide-0.3.6/out/server/src/server.js:7:8527)","timestamp":"2024-10-15T00:56:33.408Z"}
{"level":"info","message":"⌛ Validating testGranja.wtest","timeElapsed":215,"timestamp":"2024-10-15T00:56:33.628Z"}
{"level":"info","message":"⌛ Validating testGranja.wtest","timeElapsed":223,"timestamp":"2024-10-15T00:56:33.854Z"}
{"level":"info","message":"⌛ Building environment","timeElapsed":224,"timestamp":"2024-10-15T00:56:34.078Z"}
{"level":"info","message":"⌛ Building environment","timeElapsed":219,"timestamp":"2024-10-15T00:56:34.297Z"}
{"level":"info","message":"⌛ Building environment","timeElapsed":223,"timestamp":"2024-10-15T00:56:34.521Z"}
{"level":"info","message":"⌛ Building environment","timeElapsed":275,"timestamp":"2024-10-15T00:56:34.797Z"}
{"level":"info","message":"⌛ Building environment","timeElapsed":218,"timestamp":"2024-10-15T00:56:35.016Z"}
{"level":"info","message":"⌛ Validating testGranja.wtest","timeElapsed":254,"timestamp":"2024-10-15T00:56:35.271Z"}
{"level":"info","message":"⌛ Validating testGranja.wtest","timeElapsed":214,"timestamp":"2024-10-15T00:56:35.497Z"}
{"level":"info","message":"onRequest - completionItem/resolve","timestamp":"2024-10-15T00:56:35.498Z"}
{"level":"info","message":"⌛ Validating testGranja.wtest","timeElapsed":285,"timestamp":"2024-10-15T00:56:35.783Z"}
{"level":"info","message":"⌛ Validating testGranja.wtest","timeElapsed":286,"timestamp":"2024-10-15T00:56:36.069Z"}
{"level":"info","message":"⌛ Validating testGranja.wtest","timeElapsed":245,"timestamp":"2024-10-15T00:56:36.315Z"}
{"level":"info","message":"⌛ Validating testGranja.wtest","timeElapsed":197,"timestamp":"2024-10-15T00:56:36.512Z"}
{"level":"info","message":"⌛ Validating testGranja.wtest","timeElapsed":330,"timestamp":"2024-10-15T00:56:36.843Z"}
{"level":"info","message":"⌛ Building environment","timeElapsed":243,"timestamp":"2024-10-15T00:56:39.051Z"}
{"level":"info","message":"⌛ Validating testGranja.wtest","timeElapsed":341,"timestamp":"2024-10-15T00:56:39.399Z"}
{"level":"info","message":"⌛ Building environment","timeElapsed":211,"timestamp":"2024-10-15T00:56:39.611Z"}
{"level":"info","message":"⌛ Validating testGranja.wtest","timeElapsed":214,"timestamp":"2024-10-15T00:56:39.837Z"}
{"failures":[],"level":"info","message":"🧪 Test runner executed on /home/felipe/Documents/Universidad/Proramacion_Con_Objetos_1/2024s2-granja-villa-FeliQI-main/2024s2-granja-villa-FeliQI-5","result":{"failed":0,"ok":1},"timeElapsed":1090,"timestamp":"2024-10-15T00:56:43.750Z"}
{"level":"info","message":"⌛ Building environment","timeElapsed":351,"timestamp":"2024-10-15T00:59:23.892Z"}
{"level":"info","message":"⌛ Validating testGranja.wtest","timeElapsed":268,"timestamp":"2024-10-15T00:59:24.228Z"}
{"level":"info","message":"⌛ Building environment","timeElapsed":264,"timestamp":"2024-10-15T00:59:24.690Z"}
{"level":"info","message":"⌛ Validating testGranja.wtest","timeElapsed":219,"timestamp":"2024-10-15T00:59:24.916Z"}
{"level":"info","message":"⌛ Building environment","timeElapsed":286,"timestamp":"2024-10-15T00:59:25.996Z"}
{"level":"info","message":"⌛ Validating testGranja.wtest","timeElapsed":245,"timestamp":"2024-10-15T00:59:26.310Z"}
{"level":"info","message":"⌛ Building environment","timeElapsed":256,"timestamp":"2024-10-15T00:59:27.846Z"}
{"level":"info","message":"⌛ Validating testGranja.wtest","timeElapsed":197,"timestamp":"2024-10-15T00:59:28.055Z"}
{"level":"info","message":"⌛ Building environment","timeElapsed":256,"timestamp":"2024-10-15T00:59:28.464Z"}
{"level":"info","message":"⌛ Building environment","timeElapsed":373,"timestamp":"2024-10-15T00:59:28.845Z"}
{"level":"info","message":"⌛ Validating testGranja.wtest","timeElapsed":253,"timestamp":"2024-10-15T00:59:29.099Z"}
{"level":"info","message":"⌛ Validating testGranja.wtest","timeElapsed":221,"timestamp":"2024-10-15T00:59:29.331Z"}
{"level":"info","message":"⌛ Building environment","timeElapsed":238,"timestamp":"2024-10-15T00:59:29.570Z"}
{"level":"info","message":"⌛ Building environment","timeElapsed":249,"timestamp":"2024-10-15T00:59:29.820Z"}
{"level":"info","message":"⌛ Validating testGranja.wtest","timeElapsed":276,"timestamp":"2024-10-15T00:59:30.099Z"}
{"level":"info","message":"⌛ Building environment","timeElapsed":269,"timestamp":"2024-10-15T00:59:30.370Z"}
{"level":"info","message":"⌛ Validating testGranja.wtest","timeElapsed":224,"timestamp":"2024-10-15T00:59:30.595Z"}
{"level":"info","message":"⌛ Building environment","timeElapsed":210,"timestamp":"2024-10-15T00:59:30.817Z"}
{"level":"info","message":"⌛ Building environment","timeElapsed":250,"timestamp":"2024-10-15T00:59:31.068Z"}
{"level":"info","message":"⌛ Validating testGranja.wtest","timeElapsed":344,"timestamp":"2024-10-15T00:59:31.413Z"}
{"level":"info","message":"⌛ Building environment","timeElapsed":265,"timestamp":"2024-10-15T00:59:31.688Z"}
{"level":"info","message":"⌛ Validating testGranja.wtest","timeElapsed":218,"timestamp":"2024-10-15T00:59:31.907Z"}
{"level":"info","message":"⌛ Building environment","timeElapsed":215,"timestamp":"2024-10-15T00:59:32.132Z"}
{"level":"info","message":"⌛ Building environment","timeElapsed":236,"timestamp":"2024-10-15T00:59:32.369Z"}
{"level":"info","message":"⌛ Validating testGranja.wtest","timeElapsed":225,"timestamp":"2024-10-15T00:59:32.594Z"}
{"level":"info","message":"⌛ Building environment","timeElapsed":243,"timestamp":"2024-10-15T00:59:32.838Z"}
{"level":"info","message":"⌛ Building environment","timeElapsed":252,"timestamp":"2024-10-15T00:59:33.097Z"}
{"level":"info","message":"⌛ Building environment","timeElapsed":286,"timestamp":"2024-10-15T00:59:33.384Z"}
{"level":"info","message":"⌛ Building environment","timeElapsed":251,"timestamp":"2024-10-15T00:59:33.636Z"}
{"level":"info","message":"⌛ Validating testGranja.wtest","timeElapsed":216,"timestamp":"2024-10-15T00:59:33.853Z"}
{"level":"info","message":"⌛ Validating testGranja.wtest","timeElapsed":219,"timestamp":"2024-10-15T00:59:34.080Z"}
{"level":"info","message":"⌛ Building environment","timeElapsed":220,"timestamp":"2024-10-15T00:59:34.301Z"}
{"level":"info","message":"⌛ Building environment","timeElapsed":227,"timestamp":"2024-10-15T00:59:34.529Z"}
{"level":"info","message":"⌛ Validating testGranja.wtest","timeElapsed":228,"timestamp":"2024-10-15T00:59:34.764Z"}
{"level":"info","message":"⌛ Building environment","timeElapsed":222,"timestamp":"2024-10-15T00:59:34.987Z"}
{"level":"info","message":"⌛ Building environment","timeElapsed":223,"timestamp":"2024-10-15T00:59:35.215Z"}
{"level":"info","message":"⌛ Building environment","timeElapsed":234,"timestamp":"2024-10-15T00:59:35.450Z"}
{"level":"info","message":"⌛ Validating testGranja.wtest","timeElapsed":216,"timestamp":"2024-10-15T00:59:35.665Z"}
{"level":"info","message":"⌛ Building environment","timeElapsed":224,"timestamp":"2024-10-15T00:59:35.890Z"}
{"level":"info","message":"⌛ Validating testGranja.wtest","timeElapsed":227,"timestamp":"2024-10-15T00:59:36.118Z"}
{"level":"info","message":"⌛ Building environment","timeElapsed":234,"timestamp":"2024-10-15T00:59:36.360Z"}
{"level":"info","message":"⌛ Validating testGranja.wtest","timeElapsed":212,"timestamp":"2024-10-15T00:59:36.571Z"}
{"level":"info","message":"⌛ Building environment","timeElapsed":218,"timestamp":"2024-10-15T00:59:36.790Z"}
{"level":"info","message":"⌛ Building environment","timeElapsed":222,"timestamp":"2024-10-15T00:59:37.018Z"}
{"level":"info","message":"⌛ Validating testGranja.wtest","timeElapsed":232,"timestamp":"2024-10-15T00:59:37.251Z"}
{"level":"info","message":"⌛ Building environment","timeElapsed":264,"timestamp":"2024-10-15T00:59:37.517Z"}
{"level":"info","message":"⌛ Building environment","timeElapsed":399,"timestamp":"2024-10-15T00:59:37.918Z"}
{"level":"info","message":"⌛ Building environment","timeElapsed":244,"timestamp":"2024-10-15T00:59:38.164Z"}
{"level":"info","message":"⌛ Validating testGranja.wtest","timeElapsed":241,"timestamp":"2024-10-15T00:59:38.405Z"}
{"level":"info","message":"⌛ Building environment","timeElapsed":239,"timestamp":"2024-10-15T00:59:38.653Z"}
{"level":"info","message":"⌛ Validating testGranja.wtest","timeElapsed":224,"timestamp":"2024-10-15T00:59:38.887Z"}
{"level":"info","message":"⌛ Building environment","timeElapsed":239,"timestamp":"2024-10-15T00:59:39.126Z"}
{"level":"info","message":"⌛ Building environment","timeElapsed":238,"timestamp":"2024-10-15T00:59:39.365Z"}
{"level":"info","message":"⌛ Validating testGranja.wtest","timeElapsed":429,"timestamp":"2024-10-15T00:59:39.797Z"}
{"level":"info","message":"⌛ Building environment","timeElapsed":345,"timestamp":"2024-10-15T00:59:40.143Z"}
{"level":"info","message":"⌛ Building environment","timeElapsed":231,"timestamp":"2024-10-15T00:59:40.375Z"}
{"level":"info","message":"⌛ Validating testGranja.wtest","timeElapsed":220,"timestamp":"2024-10-15T00:59:40.599Z"}
{"level":"info","message":"⌛ Building environment","timeElapsed":223,"timestamp":"2024-10-15T00:59:40.823Z"}
{"level":"info","message":"⌛ Validating testGranja.wtest","timeElapsed":221,"timestamp":"2024-10-15T00:59:41.048Z"}
{"level":"info","message":"⌛ Building environment","timeElapsed":229,"timestamp":"2024-10-15T00:59:41.286Z"}
{"level":"info","message":"⌛ Validating testGranja.wtest","timeElapsed":213,"timestamp":"2024-10-15T00:59:41.506Z"}
{"level":"info","message":"⌛ Building environment","timeElapsed":210,"timestamp":"2024-10-15T00:59:41.723Z"}
{"level":"info","message":"⌛ Building environment","timeElapsed":227,"timestamp":"2024-10-15T00:59:41.955Z"}
{"level":"info","message":"⌛ Validating testGranja.wtest","timeElapsed":224,"timestamp":"2024-10-15T00:59:42.179Z"}
{"level":"info","message":"⌛ Building environment","timeElapsed":213,"timestamp":"2024-10-15T00:59:42.402Z"}
{"level":"info","message":"⌛ Validating testGranja.wtest","timeElapsed":207,"timestamp":"2024-10-15T00:59:42.610Z"}
{"level":"info","message":"⌛ Building environment","timeElapsed":214,"timestamp":"2024-10-15T00:59:42.826Z"}
{"level":"info","message":"⌛ Building environment","timeElapsed":250,"timestamp":"2024-10-15T00:59:43.077Z"}
{"level":"info","message":"⌛ Validating testGranja.wtest","timeElapsed":203,"timestamp":"2024-10-15T00:59:43.281Z"}
{"level":"info","message":"⌛ Building environment","timeElapsed":216,"timestamp":"2024-10-15T00:59:43.497Z"}
{"level":"info","message":"⌛ Building environment","timeElapsed":213,"timestamp":"2024-10-15T00:59:43.710Z"}
{"level":"info","message":"⌛ Building environment","timeElapsed":220,"timestamp":"2024-10-15T00:59:43.934Z"}
{"level":"info","message":"⌛ Validating testGranja.wtest","timeElapsed":222,"timestamp":"2024-10-15T00:59:44.156Z"}
{"level":"info","message":"⌛ Building environment","timeElapsed":382,"timestamp":"2024-10-15T00:59:44.539Z"}
{"level":"info","message":"⌛ Building environment","timeElapsed":363,"timestamp":"2024-10-15T00:59:44.903Z"}
{"level":"info","message":"⌛ Building environment","timeElapsed":297,"timestamp":"2024-10-15T00:59:45.200Z"}
{"level":"info","message":"⌛ Validating testGranja.wtest","timeElapsed":356,"timestamp":"2024-10-15T00:59:45.557Z"}
{"level":"info","message":"⌛ Building environment","timeElapsed":213,"timestamp":"2024-10-15T00:59:45.771Z"}
{"level":"info","message":"⌛ Building environment","timeElapsed":282,"timestamp":"2024-10-15T00:59:46.058Z"}
{"level":"info","message":"⌛ Validating testGranja.wtest","timeElapsed":199,"timestamp":"2024-10-15T00:59:46.258Z"}
{"level":"info","message":"⌛ Building environment","timeElapsed":232,"timestamp":"2024-10-15T00:59:46.491Z"}
{"level":"info","message":"⌛ Building environment","timeElapsed":221,"timestamp":"2024-10-15T00:59:46.713Z"}
{"level":"info","message":"⌛ Building environment","timeElapsed":227,"timestamp":"2024-10-15T00:59:46.941Z"}
{"level":"info","message":"⌛ Building environment","timeElapsed":219,"timestamp":"2024-10-15T00:59:47.161Z"}
{"level":"info","message":"⌛ Building environment","timeElapsed":233,"timestamp":"2024-10-15T00:59:47.395Z"}
{"level":"info","message":"⌛ Validating testGranja.wtest","timeElapsed":216,"timestamp":"2024-10-15T00:59:47.612Z"}
{"level":"info","message":"⌛ Building environment","timeElapsed":215,"timestamp":"2024-10-15T00:59:47.827Z"}
{"level":"info","message":"⌛ Building environment","timeElapsed":216,"timestamp":"2024-10-15T00:59:48.043Z"}
{"level":"info","message":"⌛ Building environment","timeElapsed":214,"timestamp":"2024-10-15T00:59:48.263Z"}
{"level":"info","message":"⌛ Validating testGranja.wtest","timeElapsed":203,"timestamp":"2024-10-15T00:59:48.465Z"}
{"level":"info","message":"⌛ Building environment","timeElapsed":211,"timestamp":"2024-10-15T00:59:48.678Z"}
{"level":"info","message":"⌛ Building environment","timeElapsed":210,"timestamp":"2024-10-15T00:59:48.889Z"}
{"level":"info","message":"⌛ Validating testGranja.wtest","timeElapsed":204,"timestamp":"2024-10-15T00:59:49.094Z"}
{"level":"info","message":"⌛ Building environment","timeElapsed":211,"timestamp":"2024-10-15T00:59:49.306Z"}
{"level":"info","message":"⌛ Building environment","timeElapsed":210,"timestamp":"2024-10-15T00:59:49.517Z"}
{"level":"info","message":"⌛ Building environment","timeElapsed":209,"timestamp":"2024-10-15T00:59:49.732Z"}
{"level":"info","message":"⌛ Building environment","timeElapsed":213,"timestamp":"2024-10-15T00:59:49.946Z"}
{"level":"info","message":"⌛ Validating testGranja.wtest","timeElapsed":210,"timestamp":"2024-10-15T00:59:50.156Z"}
{"level":"info","message":"⌛ Building environment","timeElapsed":210,"timestamp":"2024-10-15T00:59:50.375Z"}
{"level":"info","message":"⌛ Validating testGranja.wtest","timeElapsed":207,"timestamp":"2024-10-15T00:59:50.582Z"}
{"level":"info","message":"⌛ Building environment","timeElapsed":211,"timestamp":"2024-10-15T00:59:50.793Z"}
{"level":"info","message":"⌛ Building environment","timeElapsed":202,"timestamp":"2024-10-15T00:59:50.996Z"}
{"level":"info","message":"⌛ Validating testGranja.wtest","timeElapsed":216,"timestamp":"2024-10-15T00:59:51.217Z"}
{"level":"info","message":"⌛ Building environment","timeElapsed":218,"timestamp":"2024-10-15T00:59:51.446Z"}
{"level":"info","message":"⌛ Building environment","timeElapsed":211,"timestamp":"2024-10-15T00:59:51.663Z"}
{"level":"info","message":"⌛ Validating testGranja.wtest","timeElapsed":210,"timestamp":"2024-10-15T00:59:51.874Z"}
{"level":"info","message":"⌛ Building environment","timeElapsed":205,"timestamp":"2024-10-15T00:59:52.081Z"}
{"level":"info","message":"⌛ Validating testGranja.wtest","timeElapsed":208,"timestamp":"2024-10-15T00:59:52.300Z"}
{"level":"info","message":"⌛ Building environment","timeElapsed":208,"timestamp":"2024-10-15T00:59:52.510Z"}
{"level":"info","message":"⌛ Building environment","timeElapsed":217,"timestamp":"2024-10-15T00:59:52.728Z"}
{"level":"info","message":"⌛ Validating testGranja.wtest","timeElapsed":208,"timestamp":"2024-10-15T00:59:52.937Z"}
{"level":"info","message":"⌛ Building environment","timeElapsed":214,"timestamp":"2024-10-15T00:59:53.152Z"}
{"level":"info","message":"⌛ Validating testGranja.wtest","timeElapsed":259,"timestamp":"2024-10-15T00:59:53.419Z"}
{"level":"info","message":"⌛ Validating testGranja.wtest","timeElapsed":212,"timestamp":"2024-10-15T00:59:53.632Z"}
{"level":"info","message":"⌛ Validating testGranja.wtest","timeElapsed":214,"timestamp":"2024-10-15T00:59:53.846Z"}
{"level":"info","message":"⌛ Validating testGranja.wtest","timeElapsed":235,"timestamp":"2024-10-15T00:59:54.081Z"}
{"level":"info","message":"⌛ Validating testGranja.wtest","timeElapsed":208,"timestamp":"2024-10-15T00:59:54.289Z"}
{"level":"info","message":"⌛ Validating testGranja.wtest","timeElapsed":205,"timestamp":"2024-10-15T00:59:54.496Z"}
{"level":"info","message":"⌛ Validating testGranja.wtest","timeElapsed":212,"timestamp":"2024-10-15T00:59:54.709Z"}
{"level":"info","message":"⌛ Validating testGranja.wtest","timeElapsed":217,"timestamp":"2024-10-15T00:59:54.926Z"}
{"level":"info","message":"⌛ Validating testGranja.wtest","timeElapsed":214,"timestamp":"2024-10-15T00:59:55.141Z"}
{"level":"info","message":"⌛ Validating testGranja.wtest","timeElapsed":296,"timestamp":"2024-10-15T00:59:55.438Z"}
{"level":"info","message":"⌛ Validating testGranja.wtest","timeElapsed":232,"timestamp":"2024-10-15T00:59:55.670Z"}
{"level":"error","message":"✘ Failed to rebuild document Failed to parse testGranja.wtest: \n-- PARSING FAILED --------------------------------------------------\n\nGot the end of the input\n\nExpected one of the following: \n\n'@', 'const', 'method', 'only', 'override', 'test', 'var', '{', '}', any character/byte, comment, whitespace\n","stack":"Error: Failed to parse testGranja.wtest: \n-- PARSING FAILED --------------------------------------------------\n\nGot the end of the input\n\nExpected one of the following: \n\n'@', 'const', 'method', 'only', 'override', 'test', 'var', '{', '}', any character/byte, comment, whitespace\n\n    at /home/felipe/.vscode/extensions/uqbar.wollok-lsp-ide-0.3.6/out/server/src/server.js:2254:32415\n    at Array.map (<anonymous>)\n    at Jfn (/home/felipe/.vscode/extensions/uqbar.wollok-lsp-ide-0.3.6/out/server/src/server.js:2254:32339)\n    at k2.buildEnvironmentFrom (/home/felipe/.vscode/extensions/uqbar.wollok-lsp-ide-0.3.6/out/server/src/server.js:2285:6721)\n    at k2.updateEnvironmentWith (/home/felipe/.vscode/extensions/uqbar.wollok-lsp-ide-0.3.6/out/server/src/server.js:2285:6456)\n    at jL (/home/felipe/.vscode/extensions/uqbar.wollok-lsp-ide-0.3.6/out/server/src/server.js:2298:2292)\n    at v3.invoke (/home/felipe/.vscode/extensions/uqbar.wollok-lsp-ide-0.3.6/out/server/src/server.js:3:157200)\n    at o.fire (/home/felipe/.vscode/extensions/uqbar.wollok-lsp-ide-0.3.6/out/server/src/server.js:3:157970)\n    at /home/felipe/.vscode/extensions/uqbar.wollok-lsp-ide-0.3.6/out/server/src/server.js:37:57871\n    at Vr (/home/felipe/.vscode/extensions/uqbar.wollok-lsp-ide-0.3.6/out/server/src/server.js:8:1561)","timestamp":"2024-10-15T00:59:55.758Z"}
{"level":"info","message":"⌛ Validating testGranja.wtest","timeElapsed":221,"timestamp":"2024-10-15T00:59:55.980Z"}
{"level":"info","message":"⌛ Validating testGranja.wtest","timeElapsed":229,"timestamp":"2024-10-15T00:59:56.212Z"}
{"level":"info","message":"⌛ Validating testGranja.wtest","timeElapsed":217,"timestamp":"2024-10-15T00:59:56.430Z"}
{"level":"info","message":"⌛ Validating testGranja.wtest","timeElapsed":221,"timestamp":"2024-10-15T00:59:56.651Z"}
{"level":"info","message":"⌛ Validating testGranja.wtest","timeElapsed":223,"timestamp":"2024-10-15T00:59:56.874Z"}
{"level":"info","message":"⌛ Validating testGranja.wtest","timeElapsed":215,"timestamp":"2024-10-15T00:59:57.089Z"}
{"level":"info","message":"⌛ Validating testGranja.wtest","timeElapsed":215,"timestamp":"2024-10-15T00:59:57.305Z"}
{"level":"info","message":"⌛ Validating testGranja.wtest","timeElapsed":224,"timestamp":"2024-10-15T00:59:57.530Z"}
{"level":"info","message":"⌛ Validating testGranja.wtest","timeElapsed":227,"timestamp":"2024-10-15T00:59:57.757Z"}
{"level":"info","message":"⌛ Validating testGranja.wtest","timeElapsed":483,"timestamp":"2024-10-15T00:59:58.244Z"}
{"level":"info","message":"⌛ Validating testGranja.wtest","timeElapsed":205,"timestamp":"2024-10-15T00:59:58.451Z"}
{"level":"info","message":"⌛ Validating testGranja.wtest","timeElapsed":205,"timestamp":"2024-10-15T00:59:58.656Z"}
{"level":"info","message":"⌛ Validating testGranja.wtest","timeElapsed":205,"timestamp":"2024-10-15T00:59:58.861Z"}
{"level":"info","message":"⌛ Validating testGranja.wtest","timeElapsed":198,"timestamp":"2024-10-15T00:59:59.060Z"}
{"level":"info","message":"⌛ Validating testGranja.wtest","timeElapsed":214,"timestamp":"2024-10-15T00:59:59.275Z"}
{"level":"info","message":"⌛ Validating testGranja.wtest","timeElapsed":200,"timestamp":"2024-10-15T00:59:59.476Z"}
{"level":"info","message":"⌛ Validating testGranja.wtest","timeElapsed":210,"timestamp":"2024-10-15T00:59:59.686Z"}
{"level":"error","message":"✘ Failed to rebuild document Failed to parse testGranja.wtest: \n-- PARSING FAILED --------------------------------------------------\n\nGot the end of the input\n\nExpected one of the following: \n\n'@', 'const', 'method', 'only', 'override', 'test', 'var', '{', '}', any character/byte, comment, whitespace\n","stack":"Error: Failed to parse testGranja.wtest: \n-- PARSING FAILED --------------------------------------------------\n\nGot the end of the input\n\nExpected one of the following: \n\n'@', 'const', 'method', 'only', 'override', 'test', 'var', '{', '}', any character/byte, comment, whitespace\n\n    at /home/felipe/.vscode/extensions/uqbar.wollok-lsp-ide-0.3.6/out/server/src/server.js:2254:32415\n    at Array.map (<anonymous>)\n    at Jfn (/home/felipe/.vscode/extensions/uqbar.wollok-lsp-ide-0.3.6/out/server/src/server.js:2254:32339)\n    at k2.buildEnvironmentFrom (/home/felipe/.vscode/extensions/uqbar.wollok-lsp-ide-0.3.6/out/server/src/server.js:2285:6721)\n    at k2.updateEnvironmentWith (/home/felipe/.vscode/extensions/uqbar.wollok-lsp-ide-0.3.6/out/server/src/server.js:2285:6456)\n    at jL (/home/felipe/.vscode/extensions/uqbar.wollok-lsp-ide-0.3.6/out/server/src/server.js:2298:2292)\n    at v3.invoke (/home/felipe/.vscode/extensions/uqbar.wollok-lsp-ide-0.3.6/out/server/src/server.js:3:157200)\n    at o.fire (/home/felipe/.vscode/extensions/uqbar.wollok-lsp-ide-0.3.6/out/server/src/server.js:3:157970)\n    at /home/felipe/.vscode/extensions/uqbar.wollok-lsp-ide-0.3.6/out/server/src/server.js:37:57871\n    at Vr (/home/felipe/.vscode/extensions/uqbar.wollok-lsp-ide-0.3.6/out/server/src/server.js:8:1561)","timestamp":"2024-10-15T00:59:59.863Z"}
{"level":"info","message":"⌛ Validating testGranja.wtest","timeElapsed":231,"timestamp":"2024-10-15T01:00:00.095Z"}
{"level":"info","message":"⌛ Validating testGranja.wtest","timeElapsed":212,"timestamp":"2024-10-15T01:00:00.308Z"}
{"level":"info","message":"⌛ Validating testGranja.wtest","timeElapsed":213,"timestamp":"2024-10-15T01:00:00.521Z"}
{"level":"info","message":"⌛ Validating testGranja.wtest","timeElapsed":223,"timestamp":"2024-10-15T01:00:00.745Z"}
{"level":"info","message":"⌛ Validating testGranja.wtest","timeElapsed":221,"timestamp":"2024-10-15T01:00:00.966Z"}
{"level":"info","message":"⌛ Validating testGranja.wtest","timeElapsed":265,"timestamp":"2024-10-15T01:00:01.231Z"}
{"level":"error","message":"✘ Failed to rebuild document Failed to parse testGranja.wtest: \n-- PARSING FAILED --------------------------------------------------\n\nGot the end of the input\n\nExpected one of the following: \n\n'@', 'const', 'method', 'only', 'override', 'test', 'var', '{', '}', any character/byte, comment, whitespace\n","stack":"Error: Failed to parse testGranja.wtest: \n-- PARSING FAILED --------------------------------------------------\n\nGot the end of the input\n\nExpected one of the following: \n\n'@', 'const', 'method', 'only', 'override', 'test', 'var', '{', '}', any character/byte, comment, whitespace\n\n    at /home/felipe/.vscode/extensions/uqbar.wollok-lsp-ide-0.3.6/out/server/src/server.js:2254:32415\n    at Array.map (<anonymous>)\n    at Jfn (/home/felipe/.vscode/extensions/uqbar.wollok-lsp-ide-0.3.6/out/server/src/server.js:2254:32339)\n    at k2.buildEnvironmentFrom (/home/felipe/.vscode/extensions/uqbar.wollok-lsp-ide-0.3.6/out/server/src/server.js:2285:6721)\n    at k2.updateEnvironmentWith (/home/felipe/.vscode/extensions/uqbar.wollok-lsp-ide-0.3.6/out/server/src/server.js:2285:6456)\n    at jL (/home/felipe/.vscode/extensions/uqbar.wollok-lsp-ide-0.3.6/out/server/src/server.js:2298:2292)\n    at v3.invoke (/home/felipe/.vscode/extensions/uqbar.wollok-lsp-ide-0.3.6/out/server/src/server.js:3:157200)\n    at o.fire (/home/felipe/.vscode/extensions/uqbar.wollok-lsp-ide-0.3.6/out/server/src/server.js:3:157970)\n    at /home/felipe/.vscode/extensions/uqbar.wollok-lsp-ide-0.3.6/out/server/src/server.js:37:57871\n    at Vr (/home/felipe/.vscode/extensions/uqbar.wollok-lsp-ide-0.3.6/out/server/src/server.js:8:1561)","timestamp":"2024-10-15T01:00:01.416Z"}
{"level":"error","message":"✘ Completions for node failed: Error: [Send]{4129fb} at testGranja.wtest:142 exhausted all cases without a match [Send]{4129fb} at testGranja.wtest:142 exhausted all cases without a match","stack":"Error: [Send]{4129fb} at testGranja.wtest:142 exhausted all cases without a match\n    at /home/felipe/.vscode/extensions/uqbar.wollok-lsp-ide-0.3.6/out/server/src/server.js:38:6067\n    at yh (/home/felipe/.vscode/extensions/uqbar.wollok-lsp-ide-0.3.6/out/server/src/server.js:2291:42)\n    at kh (/home/felipe/.vscode/extensions/uqbar.wollok-lsp-ide-0.3.6/out/server/src/server.js:2291:1004)\n    at Y5n (/home/felipe/.vscode/extensions/uqbar.wollok-lsp-ide-0.3.6/out/server/src/server.js:2291:1160)\n    at /home/felipe/.vscode/extensions/uqbar.wollok-lsp-ide-0.3.6/out/server/src/server.js:38:6056\n    at yh (/home/felipe/.vscode/extensions/uqbar.wollok-lsp-ide-0.3.6/out/server/src/server.js:2291:42)\n    at /home/felipe/.vscode/extensions/uqbar.wollok-lsp-ide-0.3.6/out/server/src/server.js:2291:2700\n    at /home/felipe/.vscode/extensions/uqbar.wollok-lsp-ide-0.3.6/out/server/src/server.js:2298:3774\n    at /home/felipe/.vscode/extensions/uqbar.wollok-lsp-ide-0.3.6/out/server/src/server.js:37:74872\n    at Fe (/home/felipe/.vscode/extensions/uqbar.wollok-lsp-ide-0.3.6/out/server/src/server.js:7:8527)","timestamp":"2024-10-15T01:00:01.459Z"}
{"level":"error","message":"✘ Failed to rebuild document Failed to parse testGranja.wtest: \n-- PARSING FAILED --------------------------------------------------\n\nGot the end of the input\n\nExpected one of the following: \n\n'@', 'const', 'method', 'only', 'override', 'test', 'var', '{', '}', any character/byte, comment, whitespace\n","stack":"Error: Failed to parse testGranja.wtest: \n-- PARSING FAILED --------------------------------------------------\n\nGot the end of the input\n\nExpected one of the following: \n\n'@', 'const', 'method', 'only', 'override', 'test', 'var', '{', '}', any character/byte, comment, whitespace\n\n    at /home/felipe/.vscode/extensions/uqbar.wollok-lsp-ide-0.3.6/out/server/src/server.js:2254:32415\n    at Array.map (<anonymous>)\n    at Jfn (/home/felipe/.vscode/extensions/uqbar.wollok-lsp-ide-0.3.6/out/server/src/server.js:2254:32339)\n    at k2.buildEnvironmentFrom (/home/felipe/.vscode/extensions/uqbar.wollok-lsp-ide-0.3.6/out/server/src/server.js:2285:6721)\n    at k2.updateEnvironmentWith (/home/felipe/.vscode/extensions/uqbar.wollok-lsp-ide-0.3.6/out/server/src/server.js:2285:6456)\n    at jL (/home/felipe/.vscode/extensions/uqbar.wollok-lsp-ide-0.3.6/out/server/src/server.js:2298:2292)\n    at v3.invoke (/home/felipe/.vscode/extensions/uqbar.wollok-lsp-ide-0.3.6/out/server/src/server.js:3:157200)\n    at o.fire (/home/felipe/.vscode/extensions/uqbar.wollok-lsp-ide-0.3.6/out/server/src/server.js:3:157970)\n    at /home/felipe/.vscode/extensions/uqbar.wollok-lsp-ide-0.3.6/out/server/src/server.js:37:57871\n    at Vr (/home/felipe/.vscode/extensions/uqbar.wollok-lsp-ide-0.3.6/out/server/src/server.js:8:1561)","timestamp":"2024-10-15T01:00:01.556Z"}
{"level":"error","message":"✘ Failed to rebuild document Failed to parse testGranja.wtest: \n-- PARSING FAILED --------------------------------------------------\n\nGot the end of the input\n\nExpected one of the following: \n\n'@', 'const', 'method', 'only', 'override', 'test', 'var', '{', '}', any character/byte, comment, whitespace\n","stack":"Error: Failed to parse testGranja.wtest: \n-- PARSING FAILED --------------------------------------------------\n\nGot the end of the input\n\nExpected one of the following: \n\n'@', 'const', 'method', 'only', 'override', 'test', 'var', '{', '}', any character/byte, comment, whitespace\n\n    at /home/felipe/.vscode/extensions/uqbar.wollok-lsp-ide-0.3.6/out/server/src/server.js:2254:32415\n    at Array.map (<anonymous>)\n    at Jfn (/home/felipe/.vscode/extensions/uqbar.wollok-lsp-ide-0.3.6/out/server/src/server.js:2254:32339)\n    at k2.buildEnvironmentFrom (/home/felipe/.vscode/extensions/uqbar.wollok-lsp-ide-0.3.6/out/server/src/server.js:2285:6721)\n    at k2.updateEnvironmentWith (/home/felipe/.vscode/extensions/uqbar.wollok-lsp-ide-0.3.6/out/server/src/server.js:2285:6456)\n    at jL (/home/felipe/.vscode/extensions/uqbar.wollok-lsp-ide-0.3.6/out/server/src/server.js:2298:2292)\n    at v3.invoke (/home/felipe/.vscode/extensions/uqbar.wollok-lsp-ide-0.3.6/out/server/src/server.js:3:157200)\n    at o.fire (/home/felipe/.vscode/extensions/uqbar.wollok-lsp-ide-0.3.6/out/server/src/server.js:3:157970)\n    at /home/felipe/.vscode/extensions/uqbar.wollok-lsp-ide-0.3.6/out/server/src/server.js:37:57871\n    at Vr (/home/felipe/.vscode/extensions/uqbar.wollok-lsp-ide-0.3.6/out/server/src/server.js:8:1561)","timestamp":"2024-10-15T01:00:01.668Z"}
{"level":"error","message":"✘ Failed to rebuild document Failed to parse testGranja.wtest: \n-- PARSING FAILED --------------------------------------------------\n\nGot the end of the input\n\nExpected one of the following: \n\n'@', 'const', 'method', 'only', 'override', 'test', 'var', '{', '}', any character/byte, comment, whitespace\n","stack":"Error: Failed to parse testGranja.wtest: \n-- PARSING FAILED --------------------------------------------------\n\nGot the end of the input\n\nExpected one of the following: \n\n'@', 'const', 'method', 'only', 'override', 'test', 'var', '{', '}', any character/byte, comment, whitespace\n\n    at /home/felipe/.vscode/extensions/uqbar.wollok-lsp-ide-0.3.6/out/server/src/server.js:2254:32415\n    at Array.map (<anonymous>)\n    at Jfn (/home/felipe/.vscode/extensions/uqbar.wollok-lsp-ide-0.3.6/out/server/src/server.js:2254:32339)\n    at k2.buildEnvironmentFrom (/home/felipe/.vscode/extensions/uqbar.wollok-lsp-ide-0.3.6/out/server/src/server.js:2285:6721)\n    at k2.updateEnvironmentWith (/home/felipe/.vscode/extensions/uqbar.wollok-lsp-ide-0.3.6/out/server/src/server.js:2285:6456)\n    at jL (/home/felipe/.vscode/extensions/uqbar.wollok-lsp-ide-0.3.6/out/server/src/server.js:2298:2292)\n    at v3.invoke (/home/felipe/.vscode/extensions/uqbar.wollok-lsp-ide-0.3.6/out/server/src/server.js:3:157200)\n    at o.fire (/home/felipe/.vscode/extensions/uqbar.wollok-lsp-ide-0.3.6/out/server/src/server.js:3:157970)\n    at /home/felipe/.vscode/extensions/uqbar.wollok-lsp-ide-0.3.6/out/server/src/server.js:37:57871\n    at Vr (/home/felipe/.vscode/extensions/uqbar.wollok-lsp-ide-0.3.6/out/server/src/server.js:8:1561)","timestamp":"2024-10-15T01:00:01.749Z"}
{"level":"error","message":"✘ Failed to rebuild document Failed to parse testGranja.wtest: \n-- PARSING FAILED --------------------------------------------------\n\nGot the end of the input\n\nExpected one of the following: \n\n'@', 'const', 'method', 'only', 'override', 'test', 'var', '{', '}', any character/byte, comment, whitespace\n","stack":"Error: Failed to parse testGranja.wtest: \n-- PARSING FAILED --------------------------------------------------\n\nGot the end of the input\n\nExpected one of the following: \n\n'@', 'const', 'method', 'only', 'override', 'test', 'var', '{', '}', any character/byte, comment, whitespace\n\n    at /home/felipe/.vscode/extensions/uqbar.wollok-lsp-ide-0.3.6/out/server/src/server.js:2254:32415\n    at Array.map (<anonymous>)\n    at Jfn (/home/felipe/.vscode/extensions/uqbar.wollok-lsp-ide-0.3.6/out/server/src/server.js:2254:32339)\n    at k2.buildEnvironmentFrom (/home/felipe/.vscode/extensions/uqbar.wollok-lsp-ide-0.3.6/out/server/src/server.js:2285:6721)\n    at k2.updateEnvironmentWith (/home/felipe/.vscode/extensions/uqbar.wollok-lsp-ide-0.3.6/out/server/src/server.js:2285:6456)\n    at jL (/home/felipe/.vscode/extensions/uqbar.wollok-lsp-ide-0.3.6/out/server/src/server.js:2298:2292)\n    at v3.invoke (/home/felipe/.vscode/extensions/uqbar.wollok-lsp-ide-0.3.6/out/server/src/server.js:3:157200)\n    at o.fire (/home/felipe/.vscode/extensions/uqbar.wollok-lsp-ide-0.3.6/out/server/src/server.js:3:157970)\n    at /home/felipe/.vscode/extensions/uqbar.wollok-lsp-ide-0.3.6/out/server/src/server.js:37:57871\n    at Vr (/home/felipe/.vscode/extensions/uqbar.wollok-lsp-ide-0.3.6/out/server/src/server.js:8:1561)","timestamp":"2024-10-15T01:00:01.833Z"}
{"level":"error","message":"✘ Failed to rebuild document Failed to parse testGranja.wtest: \n-- PARSING FAILED --------------------------------------------------\n\nGot the end of the input\n\nExpected one of the following: \n\n'@', 'const', 'method', 'only', 'override', 'test', 'var', '{', '}', any character/byte, comment, whitespace\n","stack":"Error: Failed to parse testGranja.wtest: \n-- PARSING FAILED --------------------------------------------------\n\nGot the end of the input\n\nExpected one of the following: \n\n'@', 'const', 'method', 'only', 'override', 'test', 'var', '{', '}', any character/byte, comment, whitespace\n\n    at /home/felipe/.vscode/extensions/uqbar.wollok-lsp-ide-0.3.6/out/server/src/server.js:2254:32415\n    at Array.map (<anonymous>)\n    at Jfn (/home/felipe/.vscode/extensions/uqbar.wollok-lsp-ide-0.3.6/out/server/src/server.js:2254:32339)\n    at k2.buildEnvironmentFrom (/home/felipe/.vscode/extensions/uqbar.wollok-lsp-ide-0.3.6/out/server/src/server.js:2285:6721)\n    at k2.updateEnvironmentWith (/home/felipe/.vscode/extensions/uqbar.wollok-lsp-ide-0.3.6/out/server/src/server.js:2285:6456)\n    at jL (/home/felipe/.vscode/extensions/uqbar.wollok-lsp-ide-0.3.6/out/server/src/server.js:2298:2292)\n    at v3.invoke (/home/felipe/.vscode/extensions/uqbar.wollok-lsp-ide-0.3.6/out/server/src/server.js:3:157200)\n    at o.fire (/home/felipe/.vscode/extensions/uqbar.wollok-lsp-ide-0.3.6/out/server/src/server.js:3:157970)\n    at /home/felipe/.vscode/extensions/uqbar.wollok-lsp-ide-0.3.6/out/server/src/server.js:37:57871\n    at Vr (/home/felipe/.vscode/extensions/uqbar.wollok-lsp-ide-0.3.6/out/server/src/server.js:8:1561)","timestamp":"2024-10-15T01:00:01.915Z"}
{"level":"error","message":"✘ Failed to rebuild document Failed to parse testGranja.wtest: \n-- PARSING FAILED --------------------------------------------------\n\nGot the end of the input\n\nExpected one of the following: \n\n'@', 'const', 'method', 'only', 'override', 'test', 'var', '{', '}', any character/byte, comment, whitespace\n","stack":"Error: Failed to parse testGranja.wtest: \n-- PARSING FAILED --------------------------------------------------\n\nGot the end of the input\n\nExpected one of the following: \n\n'@', 'const', 'method', 'only', 'override', 'test', 'var', '{', '}', any character/byte, comment, whitespace\n\n    at /home/felipe/.vscode/extensions/uqbar.wollok-lsp-ide-0.3.6/out/server/src/server.js:2254:32415\n    at Array.map (<anonymous>)\n    at Jfn (/home/felipe/.vscode/extensions/uqbar.wollok-lsp-ide-0.3.6/out/server/src/server.js:2254:32339)\n    at k2.buildEnvironmentFrom (/home/felipe/.vscode/extensions/uqbar.wollok-lsp-ide-0.3.6/out/server/src/server.js:2285:6721)\n    at k2.updateEnvironmentWith (/home/felipe/.vscode/extensions/uqbar.wollok-lsp-ide-0.3.6/out/server/src/server.js:2285:6456)\n    at jL (/home/felipe/.vscode/extensions/uqbar.wollok-lsp-ide-0.3.6/out/server/src/server.js:2298:2292)\n    at v3.invoke (/home/felipe/.vscode/extensions/uqbar.wollok-lsp-ide-0.3.6/out/server/src/server.js:3:157200)\n    at o.fire (/home/felipe/.vscode/extensions/uqbar.wollok-lsp-ide-0.3.6/out/server/src/server.js:3:157970)\n    at /home/felipe/.vscode/extensions/uqbar.wollok-lsp-ide-0.3.6/out/server/src/server.js:37:57871\n    at Vr (/home/felipe/.vscode/extensions/uqbar.wollok-lsp-ide-0.3.6/out/server/src/server.js:8:1561)","timestamp":"2024-10-15T01:00:01.998Z"}
{"level":"error","message":"✘ Failed to rebuild document Failed to parse testGranja.wtest: \n-- PARSING FAILED --------------------------------------------------\n\nGot the end of the input\n\nExpected one of the following: \n\n'@', 'const', 'method', 'only', 'override', 'test', 'var', '{', '}', any character/byte, comment, whitespace\n","stack":"Error: Failed to parse testGranja.wtest: \n-- PARSING FAILED --------------------------------------------------\n\nGot the end of the input\n\nExpected one of the following: \n\n'@', 'const', 'method', 'only', 'override', 'test', 'var', '{', '}', any character/byte, comment, whitespace\n\n    at /home/felipe/.vscode/extensions/uqbar.wollok-lsp-ide-0.3.6/out/server/src/server.js:2254:32415\n    at Array.map (<anonymous>)\n    at Jfn (/home/felipe/.vscode/extensions/uqbar.wollok-lsp-ide-0.3.6/out/server/src/server.js:2254:32339)\n    at k2.buildEnvironmentFrom (/home/felipe/.vscode/extensions/uqbar.wollok-lsp-ide-0.3.6/out/server/src/server.js:2285:6721)\n    at k2.updateEnvironmentWith (/home/felipe/.vscode/extensions/uqbar.wollok-lsp-ide-0.3.6/out/server/src/server.js:2285:6456)\n    at jL (/home/felipe/.vscode/extensions/uqbar.wollok-lsp-ide-0.3.6/out/server/src/server.js:2298:2292)\n    at v3.invoke (/home/felipe/.vscode/extensions/uqbar.wollok-lsp-ide-0.3.6/out/server/src/server.js:3:157200)\n    at o.fire (/home/felipe/.vscode/extensions/uqbar.wollok-lsp-ide-0.3.6/out/server/src/server.js:3:157970)\n    at /home/felipe/.vscode/extensions/uqbar.wollok-lsp-ide-0.3.6/out/server/src/server.js:37:57871\n    at Vr (/home/felipe/.vscode/extensions/uqbar.wollok-lsp-ide-0.3.6/out/server/src/server.js:8:1561)","timestamp":"2024-10-15T01:00:02.132Z"}
{"level":"error","message":"✘ Failed to rebuild document Failed to parse testGranja.wtest: \n-- PARSING FAILED --------------------------------------------------\n\nGot the end of the input\n\nExpected one of the following: \n\n'@', 'const', 'method', 'only', 'override', 'test', 'var', '{', '}', any character/byte, comment, whitespace\n","stack":"Error: Failed to parse testGranja.wtest: \n-- PARSING FAILED --------------------------------------------------\n\nGot the end of the input\n\nExpected one of the following: \n\n'@', 'const', 'method', 'only', 'override', 'test', 'var', '{', '}', any character/byte, comment, whitespace\n\n    at /home/felipe/.vscode/extensions/uqbar.wollok-lsp-ide-0.3.6/out/server/src/server.js:2254:32415\n    at Array.map (<anonymous>)\n    at Jfn (/home/felipe/.vscode/extensions/uqbar.wollok-lsp-ide-0.3.6/out/server/src/server.js:2254:32339)\n    at k2.buildEnvironmentFrom (/home/felipe/.vscode/extensions/uqbar.wollok-lsp-ide-0.3.6/out/server/src/server.js:2285:6721)\n    at k2.updateEnvironmentWith (/home/felipe/.vscode/extensions/uqbar.wollok-lsp-ide-0.3.6/out/server/src/server.js:2285:6456)\n    at jL (/home/felipe/.vscode/extensions/uqbar.wollok-lsp-ide-0.3.6/out/server/src/server.js:2298:2292)\n    at v3.invoke (/home/felipe/.vscode/extensions/uqbar.wollok-lsp-ide-0.3.6/out/server/src/server.js:3:157200)\n    at o.fire (/home/felipe/.vscode/extensions/uqbar.wollok-lsp-ide-0.3.6/out/server/src/server.js:3:157970)\n    at /home/felipe/.vscode/extensions/uqbar.wollok-lsp-ide-0.3.6/out/server/src/server.js:37:57871\n    at Vr (/home/felipe/.vscode/extensions/uqbar.wollok-lsp-ide-0.3.6/out/server/src/server.js:8:1561)","timestamp":"2024-10-15T01:00:02.219Z"}
{"level":"error","message":"✘ Failed to rebuild document Failed to parse testGranja.wtest: \n-- PARSING FAILED --------------------------------------------------\n\nGot the end of the input\n\nExpected one of the following: \n\n'@', 'const', 'method', 'only', 'override', 'test', 'var', '{', '}', any character/byte, comment, whitespace\n","stack":"Error: Failed to parse testGranja.wtest: \n-- PARSING FAILED --------------------------------------------------\n\nGot the end of the input\n\nExpected one of the following: \n\n'@', 'const', 'method', 'only', 'override', 'test', 'var', '{', '}', any character/byte, comment, whitespace\n\n    at /home/felipe/.vscode/extensions/uqbar.wollok-lsp-ide-0.3.6/out/server/src/server.js:2254:32415\n    at Array.map (<anonymous>)\n    at Jfn (/home/felipe/.vscode/extensions/uqbar.wollok-lsp-ide-0.3.6/out/server/src/server.js:2254:32339)\n    at k2.buildEnvironmentFrom (/home/felipe/.vscode/extensions/uqbar.wollok-lsp-ide-0.3.6/out/server/src/server.js:2285:6721)\n    at k2.updateEnvironmentWith (/home/felipe/.vscode/extensions/uqbar.wollok-lsp-ide-0.3.6/out/server/src/server.js:2285:6456)\n    at jL (/home/felipe/.vscode/extensions/uqbar.wollok-lsp-ide-0.3.6/out/server/src/server.js:2298:2292)\n    at v3.invoke (/home/felipe/.vscode/extensions/uqbar.wollok-lsp-ide-0.3.6/out/server/src/server.js:3:157200)\n    at o.fire (/home/felipe/.vscode/extensions/uqbar.wollok-lsp-ide-0.3.6/out/server/src/server.js:3:157970)\n    at /home/felipe/.vscode/extensions/uqbar.wollok-lsp-ide-0.3.6/out/server/src/server.js:37:57871\n    at Vr (/home/felipe/.vscode/extensions/uqbar.wollok-lsp-ide-0.3.6/out/server/src/server.js:8:1561)","timestamp":"2024-10-15T01:00:02.308Z"}
{"level":"error","message":"✘ Failed to rebuild document Failed to parse testGranja.wtest: \n-- PARSING FAILED --------------------------------------------------\n\nGot the end of the input\n\nExpected one of the following: \n\n'@', 'const', 'method', 'only', 'override', 'test', 'var', '{', '}', any character/byte, comment, whitespace\n","stack":"Error: Failed to parse testGranja.wtest: \n-- PARSING FAILED --------------------------------------------------\n\nGot the end of the input\n\nExpected one of the following: \n\n'@', 'const', 'method', 'only', 'override', 'test', 'var', '{', '}', any character/byte, comment, whitespace\n\n    at /home/felipe/.vscode/extensions/uqbar.wollok-lsp-ide-0.3.6/out/server/src/server.js:2254:32415\n    at Array.map (<anonymous>)\n    at Jfn (/home/felipe/.vscode/extensions/uqbar.wollok-lsp-ide-0.3.6/out/server/src/server.js:2254:32339)\n    at k2.buildEnvironmentFrom (/home/felipe/.vscode/extensions/uqbar.wollok-lsp-ide-0.3.6/out/server/src/server.js:2285:6721)\n    at k2.updateEnvironmentWith (/home/felipe/.vscode/extensions/uqbar.wollok-lsp-ide-0.3.6/out/server/src/server.js:2285:6456)\n    at jL (/home/felipe/.vscode/extensions/uqbar.wollok-lsp-ide-0.3.6/out/server/src/server.js:2298:2292)\n    at v3.invoke (/home/felipe/.vscode/extensions/uqbar.wollok-lsp-ide-0.3.6/out/server/src/server.js:3:157200)\n    at o.fire (/home/felipe/.vscode/extensions/uqbar.wollok-lsp-ide-0.3.6/out/server/src/server.js:3:157970)\n    at /home/felipe/.vscode/extensions/uqbar.wollok-lsp-ide-0.3.6/out/server/src/server.js:37:57871\n    at Vr (/home/felipe/.vscode/extensions/uqbar.wollok-lsp-ide-0.3.6/out/server/src/server.js:8:1561)","timestamp":"2024-10-15T01:00:02.470Z"}
{"level":"error","message":"✘ Failed to rebuild document Failed to parse testGranja.wtest: \n-- PARSING FAILED --------------------------------------------------\n\nGot the end of the input\n\nExpected one of the following: \n\n'@', 'const', 'method', 'only', 'override', 'test', 'var', '{', '}', any character/byte, comment, whitespace\n","stack":"Error: Failed to parse testGranja.wtest: \n-- PARSING FAILED --------------------------------------------------\n\nGot the end of the input\n\nExpected one of the following: \n\n'@', 'const', 'method', 'only', 'override', 'test', 'var', '{', '}', any character/byte, comment, whitespace\n\n    at /home/felipe/.vscode/extensions/uqbar.wollok-lsp-ide-0.3.6/out/server/src/server.js:2254:32415\n    at Array.map (<anonymous>)\n    at Jfn (/home/felipe/.vscode/extensions/uqbar.wollok-lsp-ide-0.3.6/out/server/src/server.js:2254:32339)\n    at k2.buildEnvironmentFrom (/home/felipe/.vscode/extensions/uqbar.wollok-lsp-ide-0.3.6/out/server/src/server.js:2285:6721)\n    at k2.updateEnvironmentWith (/home/felipe/.vscode/extensions/uqbar.wollok-lsp-ide-0.3.6/out/server/src/server.js:2285:6456)\n    at jL (/home/felipe/.vscode/extensions/uqbar.wollok-lsp-ide-0.3.6/out/server/src/server.js:2298:2292)\n    at v3.invoke (/home/felipe/.vscode/extensions/uqbar.wollok-lsp-ide-0.3.6/out/server/src/server.js:3:157200)\n    at o.fire (/home/felipe/.vscode/extensions/uqbar.wollok-lsp-ide-0.3.6/out/server/src/server.js:3:157970)\n    at /home/felipe/.vscode/extensions/uqbar.wollok-lsp-ide-0.3.6/out/server/src/server.js:37:57871\n    at Vr (/home/felipe/.vscode/extensions/uqbar.wollok-lsp-ide-0.3.6/out/server/src/server.js:8:1561)","timestamp":"2024-10-15T01:00:02.600Z"}
{"level":"error","message":"✘ Failed to rebuild document Failed to parse testGranja.wtest: \n-- PARSING FAILED --------------------------------------------------\n\nGot the end of the input\n\nExpected one of the following: \n\n'@', 'const', 'method', 'only', 'override', 'test', 'var', '{', '}', any character/byte, comment, whitespace\n","stack":"Error: Failed to parse testGranja.wtest: \n-- PARSING FAILED --------------------------------------------------\n\nGot the end of the input\n\nExpected one of the following: \n\n'@', 'const', 'method', 'only', 'override', 'test', 'var', '{', '}', any character/byte, comment, whitespace\n\n    at /home/felipe/.vscode/extensions/uqbar.wollok-lsp-ide-0.3.6/out/server/src/server.js:2254:32415\n    at Array.map (<anonymous>)\n    at Jfn (/home/felipe/.vscode/extensions/uqbar.wollok-lsp-ide-0.3.6/out/server/src/server.js:2254:32339)\n    at k2.buildEnvironmentFrom (/home/felipe/.vscode/extensions/uqbar.wollok-lsp-ide-0.3.6/out/server/src/server.js:2285:6721)\n    at k2.updateEnvironmentWith (/home/felipe/.vscode/extensions/uqbar.wollok-lsp-ide-0.3.6/out/server/src/server.js:2285:6456)\n    at jL (/home/felipe/.vscode/extensions/uqbar.wollok-lsp-ide-0.3.6/out/server/src/server.js:2298:2292)\n    at v3.invoke (/home/felipe/.vscode/extensions/uqbar.wollok-lsp-ide-0.3.6/out/server/src/server.js:3:157200)\n    at o.fire (/home/felipe/.vscode/extensions/uqbar.wollok-lsp-ide-0.3.6/out/server/src/server.js:3:157970)\n    at /home/felipe/.vscode/extensions/uqbar.wollok-lsp-ide-0.3.6/out/server/src/server.js:37:57871\n    at Vr (/home/felipe/.vscode/extensions/uqbar.wollok-lsp-ide-0.3.6/out/server/src/server.js:8:1561)","timestamp":"2024-10-15T01:00:02.688Z"}
{"level":"error","message":"✘ Failed to rebuild document Failed to parse testGranja.wtest: \n-- PARSING FAILED --------------------------------------------------\n\nGot the end of the input\n\nExpected one of the following: \n\n'@', 'const', 'method', 'only', 'override', 'test', 'var', '{', '}', any character/byte, comment, whitespace\n","stack":"Error: Failed to parse testGranja.wtest: \n-- PARSING FAILED --------------------------------------------------\n\nGot the end of the input\n\nExpected one of the following: \n\n'@', 'const', 'method', 'only', 'override', 'test', 'var', '{', '}', any character/byte, comment, whitespace\n\n    at /home/felipe/.vscode/extensions/uqbar.wollok-lsp-ide-0.3.6/out/server/src/server.js:2254:32415\n    at Array.map (<anonymous>)\n    at Jfn (/home/felipe/.vscode/extensions/uqbar.wollok-lsp-ide-0.3.6/out/server/src/server.js:2254:32339)\n    at k2.buildEnvironmentFrom (/home/felipe/.vscode/extensions/uqbar.wollok-lsp-ide-0.3.6/out/server/src/server.js:2285:6721)\n    at k2.updateEnvironmentWith (/home/felipe/.vscode/extensions/uqbar.wollok-lsp-ide-0.3.6/out/server/src/server.js:2285:6456)\n    at jL (/home/felipe/.vscode/extensions/uqbar.wollok-lsp-ide-0.3.6/out/server/src/server.js:2298:2292)\n    at v3.invoke (/home/felipe/.vscode/extensions/uqbar.wollok-lsp-ide-0.3.6/out/server/src/server.js:3:157200)\n    at o.fire (/home/felipe/.vscode/extensions/uqbar.wollok-lsp-ide-0.3.6/out/server/src/server.js:3:157970)\n    at /home/felipe/.vscode/extensions/uqbar.wollok-lsp-ide-0.3.6/out/server/src/server.js:37:57871\n    at Vr (/home/felipe/.vscode/extensions/uqbar.wollok-lsp-ide-0.3.6/out/server/src/server.js:8:1561)","timestamp":"2024-10-15T01:00:02.778Z"}
{"level":"error","message":"✘ Failed to rebuild document Failed to parse testGranja.wtest: \n-- PARSING FAILED --------------------------------------------------\n\nGot the end of the input\n\nExpected one of the following: \n\n'@', 'const', 'method', 'only', 'override', 'test', 'var', '{', '}', any character/byte, comment, whitespace\n","stack":"Error: Failed to parse testGranja.wtest: \n-- PARSING FAILED --------------------------------------------------\n\nGot the end of the input\n\nExpected one of the following: \n\n'@', 'const', 'method', 'only', 'override', 'test', 'var', '{', '}', any character/byte, comment, whitespace\n\n    at /home/felipe/.vscode/extensions/uqbar.wollok-lsp-ide-0.3.6/out/server/src/server.js:2254:32415\n    at Array.map (<anonymous>)\n    at Jfn (/home/felipe/.vscode/extensions/uqbar.wollok-lsp-ide-0.3.6/out/server/src/server.js:2254:32339)\n    at k2.buildEnvironmentFrom (/home/felipe/.vscode/extensions/uqbar.wollok-lsp-ide-0.3.6/out/server/src/server.js:2285:6721)\n    at k2.updateEnvironmentWith (/home/felipe/.vscode/extensions/uqbar.wollok-lsp-ide-0.3.6/out/server/src/server.js:2285:6456)\n    at jL (/home/felipe/.vscode/extensions/uqbar.wollok-lsp-ide-0.3.6/out/server/src/server.js:2298:2292)\n    at v3.invoke (/home/felipe/.vscode/extensions/uqbar.wollok-lsp-ide-0.3.6/out/server/src/server.js:3:157200)\n    at o.fire (/home/felipe/.vscode/extensions/uqbar.wollok-lsp-ide-0.3.6/out/server/src/server.js:3:157970)\n    at /home/felipe/.vscode/extensions/uqbar.wollok-lsp-ide-0.3.6/out/server/src/server.js:37:57871\n    at Vr (/home/felipe/.vscode/extensions/uqbar.wollok-lsp-ide-0.3.6/out/server/src/server.js:8:1561)","timestamp":"2024-10-15T01:00:02.867Z"}
{"level":"error","message":"✘ Failed to rebuild document Failed to parse testGranja.wtest: \n-- PARSING FAILED --------------------------------------------------\n\nGot the end of the input\n\nExpected one of the following: \n\n'@', 'const', 'method', 'only', 'override', 'test', 'var', '{', '}', any character/byte, comment, whitespace\n","stack":"Error: Failed to parse testGranja.wtest: \n-- PARSING FAILED --------------------------------------------------\n\nGot the end of the input\n\nExpected one of the following: \n\n'@', 'const', 'method', 'only', 'override', 'test', 'var', '{', '}', any character/byte, comment, whitespace\n\n    at /home/felipe/.vscode/extensions/uqbar.wollok-lsp-ide-0.3.6/out/server/src/server.js:2254:32415\n    at Array.map (<anonymous>)\n    at Jfn (/home/felipe/.vscode/extensions/uqbar.wollok-lsp-ide-0.3.6/out/server/src/server.js:2254:32339)\n    at k2.buildEnvironmentFrom (/home/felipe/.vscode/extensions/uqbar.wollok-lsp-ide-0.3.6/out/server/src/server.js:2285:6721)\n    at k2.updateEnvironmentWith (/home/felipe/.vscode/extensions/uqbar.wollok-lsp-ide-0.3.6/out/server/src/server.js:2285:6456)\n    at jL (/home/felipe/.vscode/extensions/uqbar.wollok-lsp-ide-0.3.6/out/server/src/server.js:2298:2292)\n    at v3.invoke (/home/felipe/.vscode/extensions/uqbar.wollok-lsp-ide-0.3.6/out/server/src/server.js:3:157200)\n    at o.fire (/home/felipe/.vscode/extensions/uqbar.wollok-lsp-ide-0.3.6/out/server/src/server.js:3:157970)\n    at /home/felipe/.vscode/extensions/uqbar.wollok-lsp-ide-0.3.6/out/server/src/server.js:37:57871\n    at Vr (/home/felipe/.vscode/extensions/uqbar.wollok-lsp-ide-0.3.6/out/server/src/server.js:8:1561)","timestamp":"2024-10-15T01:00:02.955Z"}
{"level":"error","message":"✘ Failed to rebuild document Failed to parse testGranja.wtest: \n-- PARSING FAILED --------------------------------------------------\n\nGot the end of the input\n\nExpected one of the following: \n\n'@', 'const', 'method', 'only', 'override', 'test', 'var', '{', '}', any character/byte, comment, whitespace\n","stack":"Error: Failed to parse testGranja.wtest: \n-- PARSING FAILED --------------------------------------------------\n\nGot the end of the input\n\nExpected one of the following: \n\n'@', 'const', 'method', 'only', 'override', 'test', 'var', '{', '}', any character/byte, comment, whitespace\n\n    at /home/felipe/.vscode/extensions/uqbar.wollok-lsp-ide-0.3.6/out/server/src/server.js:2254:32415\n    at Array.map (<anonymous>)\n    at Jfn (/home/felipe/.vscode/extensions/uqbar.wollok-lsp-ide-0.3.6/out/server/src/server.js:2254:32339)\n    at k2.buildEnvironmentFrom (/home/felipe/.vscode/extensions/uqbar.wollok-lsp-ide-0.3.6/out/server/src/server.js:2285:6721)\n    at k2.updateEnvironmentWith (/home/felipe/.vscode/extensions/uqbar.wollok-lsp-ide-0.3.6/out/server/src/server.js:2285:6456)\n    at jL (/home/felipe/.vscode/extensions/uqbar.wollok-lsp-ide-0.3.6/out/server/src/server.js:2298:2292)\n    at v3.invoke (/home/felipe/.vscode/extensions/uqbar.wollok-lsp-ide-0.3.6/out/server/src/server.js:3:157200)\n    at o.fire (/home/felipe/.vscode/extensions/uqbar.wollok-lsp-ide-0.3.6/out/server/src/server.js:3:157970)\n    at /home/felipe/.vscode/extensions/uqbar.wollok-lsp-ide-0.3.6/out/server/src/server.js:37:57871\n    at Vr (/home/felipe/.vscode/extensions/uqbar.wollok-lsp-ide-0.3.6/out/server/src/server.js:8:1561)","timestamp":"2024-10-15T01:00:03.038Z"}
{"level":"error","message":"✘ Failed to rebuild document Failed to parse testGranja.wtest: \n-- PARSING FAILED --------------------------------------------------\n\nGot the end of the input\n\nExpected one of the following: \n\n'@', 'const', 'method', 'only', 'override', 'test', 'var', '{', '}', any character/byte, comment, whitespace\n","stack":"Error: Failed to parse testGranja.wtest: \n-- PARSING FAILED --------------------------------------------------\n\nGot the end of the input\n\nExpected one of the following: \n\n'@', 'const', 'method', 'only', 'override', 'test', 'var', '{', '}', any character/byte, comment, whitespace\n\n    at /home/felipe/.vscode/extensions/uqbar.wollok-lsp-ide-0.3.6/out/server/src/server.js:2254:32415\n    at Array.map (<anonymous>)\n    at Jfn (/home/felipe/.vscode/extensions/uqbar.wollok-lsp-ide-0.3.6/out/server/src/server.js:2254:32339)\n    at k2.buildEnvironmentFrom (/home/felipe/.vscode/extensions/uqbar.wollok-lsp-ide-0.3.6/out/server/src/server.js:2285:6721)\n    at k2.updateEnvironmentWith (/home/felipe/.vscode/extensions/uqbar.wollok-lsp-ide-0.3.6/out/server/src/server.js:2285:6456)\n    at jL (/home/felipe/.vscode/extensions/uqbar.wollok-lsp-ide-0.3.6/out/server/src/server.js:2298:2292)\n    at v3.invoke (/home/felipe/.vscode/extensions/uqbar.wollok-lsp-ide-0.3.6/out/server/src/server.js:3:157200)\n    at o.fire (/home/felipe/.vscode/extensions/uqbar.wollok-lsp-ide-0.3.6/out/server/src/server.js:3:157970)\n    at /home/felipe/.vscode/extensions/uqbar.wollok-lsp-ide-0.3.6/out/server/src/server.js:37:57871\n    at Vr (/home/felipe/.vscode/extensions/uqbar.wollok-lsp-ide-0.3.6/out/server/src/server.js:8:1561)","timestamp":"2024-10-15T01:00:03.120Z"}
{"level":"error","message":"✘ Failed to rebuild document Failed to parse testGranja.wtest: \n-- PARSING FAILED --------------------------------------------------\n\nGot the end of the input\n\nExpected one of the following: \n\n'@', 'const', 'method', 'only', 'override', 'test', 'var', '{', '}', any character/byte, comment, whitespace\n","stack":"Error: Failed to parse testGranja.wtest: \n-- PARSING FAILED --------------------------------------------------\n\nGot the end of the input\n\nExpected one of the following: \n\n'@', 'const', 'method', 'only', 'override', 'test', 'var', '{', '}', any character/byte, comment, whitespace\n\n    at /home/felipe/.vscode/extensions/uqbar.wollok-lsp-ide-0.3.6/out/server/src/server.js:2254:32415\n    at Array.map (<anonymous>)\n    at Jfn (/home/felipe/.vscode/extensions/uqbar.wollok-lsp-ide-0.3.6/out/server/src/server.js:2254:32339)\n    at k2.buildEnvironmentFrom (/home/felipe/.vscode/extensions/uqbar.wollok-lsp-ide-0.3.6/out/server/src/server.js:2285:6721)\n    at k2.updateEnvironmentWith (/home/felipe/.vscode/extensions/uqbar.wollok-lsp-ide-0.3.6/out/server/src/server.js:2285:6456)\n    at jL (/home/felipe/.vscode/extensions/uqbar.wollok-lsp-ide-0.3.6/out/server/src/server.js:2298:2292)\n    at v3.invoke (/home/felipe/.vscode/extensions/uqbar.wollok-lsp-ide-0.3.6/out/server/src/server.js:3:157200)\n    at o.fire (/home/felipe/.vscode/extensions/uqbar.wollok-lsp-ide-0.3.6/out/server/src/server.js:3:157970)\n    at /home/felipe/.vscode/extensions/uqbar.wollok-lsp-ide-0.3.6/out/server/src/server.js:37:57871\n    at Vr (/home/felipe/.vscode/extensions/uqbar.wollok-lsp-ide-0.3.6/out/server/src/server.js:8:1561)","timestamp":"2024-10-15T01:00:03.202Z"}
{"level":"error","message":"✘ Failed to rebuild document Failed to parse testGranja.wtest: \n-- PARSING FAILED --------------------------------------------------\n\nGot the end of the input\n\nExpected one of the following: \n\n'@', 'const', 'method', 'only', 'override', 'test', 'var', '{', '}', any character/byte, comment, whitespace\n","stack":"Error: Failed to parse testGranja.wtest: \n-- PARSING FAILED --------------------------------------------------\n\nGot the end of the input\n\nExpected one of the following: \n\n'@', 'const', 'method', 'only', 'override', 'test', 'var', '{', '}', any character/byte, comment, whitespace\n\n    at /home/felipe/.vscode/extensions/uqbar.wollok-lsp-ide-0.3.6/out/server/src/server.js:2254:32415\n    at Array.map (<anonymous>)\n    at Jfn (/home/felipe/.vscode/extensions/uqbar.wollok-lsp-ide-0.3.6/out/server/src/server.js:2254:32339)\n    at k2.buildEnvironmentFrom (/home/felipe/.vscode/extensions/uqbar.wollok-lsp-ide-0.3.6/out/server/src/server.js:2285:6721)\n    at k2.updateEnvironmentWith (/home/felipe/.vscode/extensions/uqbar.wollok-lsp-ide-0.3.6/out/server/src/server.js:2285:6456)\n    at jL (/home/felipe/.vscode/extensions/uqbar.wollok-lsp-ide-0.3.6/out/server/src/server.js:2298:2292)\n    at v3.invoke (/home/felipe/.vscode/extensions/uqbar.wollok-lsp-ide-0.3.6/out/server/src/server.js:3:157200)\n    at o.fire (/home/felipe/.vscode/extensions/uqbar.wollok-lsp-ide-0.3.6/out/server/src/server.js:3:157970)\n    at /home/felipe/.vscode/extensions/uqbar.wollok-lsp-ide-0.3.6/out/server/src/server.js:37:57871\n    at Vr (/home/felipe/.vscode/extensions/uqbar.wollok-lsp-ide-0.3.6/out/server/src/server.js:8:1561)","timestamp":"2024-10-15T01:00:03.283Z"}
{"level":"error","message":"✘ Failed to rebuild document Failed to parse testGranja.wtest: \n-- PARSING FAILED --------------------------------------------------\n\nGot the end of the input\n\nExpected one of the following: \n\n'@', 'const', 'method', 'only', 'override', 'test', 'var', '{', '}', any character/byte, comment, whitespace\n","stack":"Error: Failed to parse testGranja.wtest: \n-- PARSING FAILED --------------------------------------------------\n\nGot the end of the input\n\nExpected one of the following: \n\n'@', 'const', 'method', 'only', 'override', 'test', 'var', '{', '}', any character/byte, comment, whitespace\n\n    at /home/felipe/.vscode/extensions/uqbar.wollok-lsp-ide-0.3.6/out/server/src/server.js:2254:32415\n    at Array.map (<anonymous>)\n    at Jfn (/home/felipe/.vscode/extensions/uqbar.wollok-lsp-ide-0.3.6/out/server/src/server.js:2254:32339)\n    at k2.buildEnvironmentFrom (/home/felipe/.vscode/extensions/uqbar.wollok-lsp-ide-0.3.6/out/server/src/server.js:2285:6721)\n    at k2.updateEnvironmentWith (/home/felipe/.vscode/extensions/uqbar.wollok-lsp-ide-0.3.6/out/server/src/server.js:2285:6456)\n    at jL (/home/felipe/.vscode/extensions/uqbar.wollok-lsp-ide-0.3.6/out/server/src/server.js:2298:2292)\n    at v3.invoke (/home/felipe/.vscode/extensions/uqbar.wollok-lsp-ide-0.3.6/out/server/src/server.js:3:157200)\n    at o.fire (/home/felipe/.vscode/extensions/uqbar.wollok-lsp-ide-0.3.6/out/server/src/server.js:3:157970)\n    at /home/felipe/.vscode/extensions/uqbar.wollok-lsp-ide-0.3.6/out/server/src/server.js:37:57871\n    at Vr (/home/felipe/.vscode/extensions/uqbar.wollok-lsp-ide-0.3.6/out/server/src/server.js:8:1561)","timestamp":"2024-10-15T01:00:03.367Z"}
{"level":"error","message":"✘ Failed to rebuild document Failed to parse testGranja.wtest: \n-- PARSING FAILED --------------------------------------------------\n\nGot the end of the input\n\nExpected one of the following: \n\n'@', 'const', 'method', 'only', 'override', 'test', 'var', '{', '}', any character/byte, comment, whitespace\n","stack":"Error: Failed to parse testGranja.wtest: \n-- PARSING FAILED --------------------------------------------------\n\nGot the end of the input\n\nExpected one of the following: \n\n'@', 'const', 'method', 'only', 'override', 'test', 'var', '{', '}', any character/byte, comment, whitespace\n\n    at /home/felipe/.vscode/extensions/uqbar.wollok-lsp-ide-0.3.6/out/server/src/server.js:2254:32415\n    at Array.map (<anonymous>)\n    at Jfn (/home/felipe/.vscode/extensions/uqbar.wollok-lsp-ide-0.3.6/out/server/src/server.js:2254:32339)\n    at k2.buildEnvironmentFrom (/home/felipe/.vscode/extensions/uqbar.wollok-lsp-ide-0.3.6/out/server/src/server.js:2285:6721)\n    at k2.updateEnvironmentWith (/home/felipe/.vscode/extensions/uqbar.wollok-lsp-ide-0.3.6/out/server/src/server.js:2285:6456)\n    at jL (/home/felipe/.vscode/extensions/uqbar.wollok-lsp-ide-0.3.6/out/server/src/server.js:2298:2292)\n    at v3.invoke (/home/felipe/.vscode/extensions/uqbar.wollok-lsp-ide-0.3.6/out/server/src/server.js:3:157200)\n    at o.fire (/home/felipe/.vscode/extensions/uqbar.wollok-lsp-ide-0.3.6/out/server/src/server.js:3:157970)\n    at /home/felipe/.vscode/extensions/uqbar.wollok-lsp-ide-0.3.6/out/server/src/server.js:37:57871\n    at Vr (/home/felipe/.vscode/extensions/uqbar.wollok-lsp-ide-0.3.6/out/server/src/server.js:8:1561)","timestamp":"2024-10-15T01:00:03.454Z"}
{"level":"error","message":"✘ Failed to rebuild document Failed to parse testGranja.wtest: \n-- PARSING FAILED --------------------------------------------------\n\nGot the end of the input\n\nExpected one of the following: \n\n'@', 'const', 'method', 'only', 'override', 'test', 'var', '{', '}', any character/byte, comment, whitespace\n","stack":"Error: Failed to parse testGranja.wtest: \n-- PARSING FAILED --------------------------------------------------\n\nGot the end of the input\n\nExpected one of the following: \n\n'@', 'const', 'method', 'only', 'override', 'test', 'var', '{', '}', any character/byte, comment, whitespace\n\n    at /home/felipe/.vscode/extensions/uqbar.wollok-lsp-ide-0.3.6/out/server/src/server.js:2254:32415\n    at Array.map (<anonymous>)\n    at Jfn (/home/felipe/.vscode/extensions/uqbar.wollok-lsp-ide-0.3.6/out/server/src/server.js:2254:32339)\n    at k2.buildEnvironmentFrom (/home/felipe/.vscode/extensions/uqbar.wollok-lsp-ide-0.3.6/out/server/src/server.js:2285:6721)\n    at k2.updateEnvironmentWith (/home/felipe/.vscode/extensions/uqbar.wollok-lsp-ide-0.3.6/out/server/src/server.js:2285:6456)\n    at jL (/home/felipe/.vscode/extensions/uqbar.wollok-lsp-ide-0.3.6/out/server/src/server.js:2298:2292)\n    at v3.invoke (/home/felipe/.vscode/extensions/uqbar.wollok-lsp-ide-0.3.6/out/server/src/server.js:3:157200)\n    at o.fire (/home/felipe/.vscode/extensions/uqbar.wollok-lsp-ide-0.3.6/out/server/src/server.js:3:157970)\n    at /home/felipe/.vscode/extensions/uqbar.wollok-lsp-ide-0.3.6/out/server/src/server.js:37:57871\n    at Vr (/home/felipe/.vscode/extensions/uqbar.wollok-lsp-ide-0.3.6/out/server/src/server.js:8:1561)","timestamp":"2024-10-15T01:00:03.540Z"}
{"level":"error","message":"✘ Failed to rebuild document Failed to parse testGranja.wtest: \n-- PARSING FAILED --------------------------------------------------\n\nGot the end of the input\n\nExpected one of the following: \n\n'@', 'const', 'method', 'only', 'override', 'test', 'var', '{', '}', any character/byte, comment, whitespace\n","stack":"Error: Failed to parse testGranja.wtest: \n-- PARSING FAILED --------------------------------------------------\n\nGot the end of the input\n\nExpected one of the following: \n\n'@', 'const', 'method', 'only', 'override', 'test', 'var', '{', '}', any character/byte, comment, whitespace\n\n    at /home/felipe/.vscode/extensions/uqbar.wollok-lsp-ide-0.3.6/out/server/src/server.js:2254:32415\n    at Array.map (<anonymous>)\n    at Jfn (/home/felipe/.vscode/extensions/uqbar.wollok-lsp-ide-0.3.6/out/server/src/server.js:2254:32339)\n    at k2.buildEnvironmentFrom (/home/felipe/.vscode/extensions/uqbar.wollok-lsp-ide-0.3.6/out/server/src/server.js:2285:6721)\n    at k2.updateEnvironmentWith (/home/felipe/.vscode/extensions/uqbar.wollok-lsp-ide-0.3.6/out/server/src/server.js:2285:6456)\n    at jL (/home/felipe/.vscode/extensions/uqbar.wollok-lsp-ide-0.3.6/out/server/src/server.js:2298:2292)\n    at v3.invoke (/home/felipe/.vscode/extensions/uqbar.wollok-lsp-ide-0.3.6/out/server/src/server.js:3:157200)\n    at o.fire (/home/felipe/.vscode/extensions/uqbar.wollok-lsp-ide-0.3.6/out/server/src/server.js:3:157970)\n    at /home/felipe/.vscode/extensions/uqbar.wollok-lsp-ide-0.3.6/out/server/src/server.js:37:57871\n    at Vr (/home/felipe/.vscode/extensions/uqbar.wollok-lsp-ide-0.3.6/out/server/src/server.js:8:1561)","timestamp":"2024-10-15T01:00:03.631Z"}
{"level":"error","message":"✘ Failed to rebuild document Failed to parse testGranja.wtest: \n-- PARSING FAILED --------------------------------------------------\n\nGot the end of the input\n\nExpected one of the following: \n\n'@', 'const', 'method', 'only', 'override', 'test', 'var', '{', '}', any character/byte, comment, whitespace\n","stack":"Error: Failed to parse testGranja.wtest: \n-- PARSING FAILED --------------------------------------------------\n\nGot the end of the input\n\nExpected one of the following: \n\n'@', 'const', 'method', 'only', 'override', 'test', 'var', '{', '}', any character/byte, comment, whitespace\n\n    at /home/felipe/.vscode/extensions/uqbar.wollok-lsp-ide-0.3.6/out/server/src/server.js:2254:32415\n    at Array.map (<anonymous>)\n    at Jfn (/home/felipe/.vscode/extensions/uqbar.wollok-lsp-ide-0.3.6/out/server/src/server.js:2254:32339)\n    at k2.buildEnvironmentFrom (/home/felipe/.vscode/extensions/uqbar.wollok-lsp-ide-0.3.6/out/server/src/server.js:2285:6721)\n    at k2.updateEnvironmentWith (/home/felipe/.vscode/extensions/uqbar.wollok-lsp-ide-0.3.6/out/server/src/server.js:2285:6456)\n    at jL (/home/felipe/.vscode/extensions/uqbar.wollok-lsp-ide-0.3.6/out/server/src/server.js:2298:2292)\n    at v3.invoke (/home/felipe/.vscode/extensions/uqbar.wollok-lsp-ide-0.3.6/out/server/src/server.js:3:157200)\n    at o.fire (/home/felipe/.vscode/extensions/uqbar.wollok-lsp-ide-0.3.6/out/server/src/server.js:3:157970)\n    at /home/felipe/.vscode/extensions/uqbar.wollok-lsp-ide-0.3.6/out/server/src/server.js:37:57871\n    at Vr (/home/felipe/.vscode/extensions/uqbar.wollok-lsp-ide-0.3.6/out/server/src/server.js:8:1561)","timestamp":"2024-10-15T01:00:07.973Z"}
{"level":"error","message":"✘ Failed to rebuild document Failed to parse testGranja.wtest: \n-- PARSING FAILED --------------------------------------------------\n\nGot the end of the input\n\nExpected one of the following: \n\n'@', 'const', 'method', 'only', 'override', 'test', 'var', '{', '}', any character/byte, comment, whitespace\n","stack":"Error: Failed to parse testGranja.wtest: \n-- PARSING FAILED --------------------------------------------------\n\nGot the end of the input\n\nExpected one of the following: \n\n'@', 'const', 'method', 'only', 'override', 'test', 'var', '{', '}', any character/byte, comment, whitespace\n\n    at /home/felipe/.vscode/extensions/uqbar.wollok-lsp-ide-0.3.6/out/server/src/server.js:2254:32415\n    at Array.map (<anonymous>)\n    at Jfn (/home/felipe/.vscode/extensions/uqbar.wollok-lsp-ide-0.3.6/out/server/src/server.js:2254:32339)\n    at k2.buildEnvironmentFrom (/home/felipe/.vscode/extensions/uqbar.wollok-lsp-ide-0.3.6/out/server/src/server.js:2285:6721)\n    at k2.updateEnvironmentWith (/home/felipe/.vscode/extensions/uqbar.wollok-lsp-ide-0.3.6/out/server/src/server.js:2285:6456)\n    at jL (/home/felipe/.vscode/extensions/uqbar.wollok-lsp-ide-0.3.6/out/server/src/server.js:2298:2292)\n    at v3.invoke (/home/felipe/.vscode/extensions/uqbar.wollok-lsp-ide-0.3.6/out/server/src/server.js:3:157200)\n    at o.fire (/home/felipe/.vscode/extensions/uqbar.wollok-lsp-ide-0.3.6/out/server/src/server.js:3:157970)\n    at /home/felipe/.vscode/extensions/uqbar.wollok-lsp-ide-0.3.6/out/server/src/server.js:37:57871\n    at Vr (/home/felipe/.vscode/extensions/uqbar.wollok-lsp-ide-0.3.6/out/server/src/server.js:8:1561)","timestamp":"2024-10-15T01:00:08.380Z"}
{"level":"error","message":"✘ Failed to rebuild document Failed to parse testGranja.wtest: \n-- PARSING FAILED --------------------------------------------------\n\nGot the end of the input\n\nExpected one of the following: \n\n'@', 'const', 'method', 'only', 'override', 'test', 'var', '{', '}', any character/byte, comment, whitespace\n","stack":"Error: Failed to parse testGranja.wtest: \n-- PARSING FAILED --------------------------------------------------\n\nGot the end of the input\n\nExpected one of the following: \n\n'@', 'const', 'method', 'only', 'override', 'test', 'var', '{', '}', any character/byte, comment, whitespace\n\n    at /home/felipe/.vscode/extensions/uqbar.wollok-lsp-ide-0.3.6/out/server/src/server.js:2254:32415\n    at Array.map (<anonymous>)\n    at Jfn (/home/felipe/.vscode/extensions/uqbar.wollok-lsp-ide-0.3.6/out/server/src/server.js:2254:32339)\n    at k2.buildEnvironmentFrom (/home/felipe/.vscode/extensions/uqbar.wollok-lsp-ide-0.3.6/out/server/src/server.js:2285:6721)\n    at k2.updateEnvironmentWith (/home/felipe/.vscode/extensions/uqbar.wollok-lsp-ide-0.3.6/out/server/src/server.js:2285:6456)\n    at jL (/home/felipe/.vscode/extensions/uqbar.wollok-lsp-ide-0.3.6/out/server/src/server.js:2298:2292)\n    at v3.invoke (/home/felipe/.vscode/extensions/uqbar.wollok-lsp-ide-0.3.6/out/server/src/server.js:3:157200)\n    at o.fire (/home/felipe/.vscode/extensions/uqbar.wollok-lsp-ide-0.3.6/out/server/src/server.js:3:157970)\n    at /home/felipe/.vscode/extensions/uqbar.wollok-lsp-ide-0.3.6/out/server/src/server.js:37:57871\n    at Vr (/home/felipe/.vscode/extensions/uqbar.wollok-lsp-ide-0.3.6/out/server/src/server.js:8:1561)","timestamp":"2024-10-15T01:00:10.345Z"}
{"level":"error","message":"✘ Failed to rebuild document Failed to parse testGranja.wtest: \n-- PARSING FAILED --------------------------------------------------\n\nGot the end of the input\n\nExpected one of the following: \n\n'@', 'const', 'method', 'only', 'override', 'test', 'var', '{', '}', any character/byte, comment, whitespace\n","stack":"Error: Failed to parse testGranja.wtest: \n-- PARSING FAILED --------------------------------------------------\n\nGot the end of the input\n\nExpected one of the following: \n\n'@', 'const', 'method', 'only', 'override', 'test', 'var', '{', '}', any character/byte, comment, whitespace\n\n    at /home/felipe/.vscode/extensions/uqbar.wollok-lsp-ide-0.3.6/out/server/src/server.js:2254:32415\n    at Array.map (<anonymous>)\n    at Jfn (/home/felipe/.vscode/extensions/uqbar.wollok-lsp-ide-0.3.6/out/server/src/server.js:2254:32339)\n    at k2.buildEnvironmentFrom (/home/felipe/.vscode/extensions/uqbar.wollok-lsp-ide-0.3.6/out/server/src/server.js:2285:6721)\n    at k2.updateEnvironmentWith (/home/felipe/.vscode/extensions/uqbar.wollok-lsp-ide-0.3.6/out/server/src/server.js:2285:6456)\n    at jL (/home/felipe/.vscode/extensions/uqbar.wollok-lsp-ide-0.3.6/out/server/src/server.js:2298:2292)\n    at v3.invoke (/home/felipe/.vscode/extensions/uqbar.wollok-lsp-ide-0.3.6/out/server/src/server.js:3:157200)\n    at o.fire (/home/felipe/.vscode/extensions/uqbar.wollok-lsp-ide-0.3.6/out/server/src/server.js:3:157970)\n    at /home/felipe/.vscode/extensions/uqbar.wollok-lsp-ide-0.3.6/out/server/src/server.js:37:57871\n    at Vr (/home/felipe/.vscode/extensions/uqbar.wollok-lsp-ide-0.3.6/out/server/src/server.js:8:1561)","timestamp":"2024-10-15T01:00:10.693Z"}
{"level":"error","message":"✘ Failed to rebuild document Failed to parse testGranja.wtest: \n-- PARSING FAILED --------------------------------------------------\n\nGot the end of the input\n\nExpected one of the following: \n\n'@', 'const', 'method', 'only', 'override', 'test', 'var', '{', '}', any character/byte, comment, whitespace\n","stack":"Error: Failed to parse testGranja.wtest: \n-- PARSING FAILED --------------------------------------------------\n\nGot the end of the input\n\nExpected one of the following: \n\n'@', 'const', 'method', 'only', 'override', 'test', 'var', '{', '}', any character/byte, comment, whitespace\n\n    at /home/felipe/.vscode/extensions/uqbar.wollok-lsp-ide-0.3.6/out/server/src/server.js:2254:32415\n    at Array.map (<anonymous>)\n    at Jfn (/home/felipe/.vscode/extensions/uqbar.wollok-lsp-ide-0.3.6/out/server/src/server.js:2254:32339)\n    at k2.buildEnvironmentFrom (/home/felipe/.vscode/extensions/uqbar.wollok-lsp-ide-0.3.6/out/server/src/server.js:2285:6721)\n    at k2.updateEnvironmentWith (/home/felipe/.vscode/extensions/uqbar.wollok-lsp-ide-0.3.6/out/server/src/server.js:2285:6456)\n    at jL (/home/felipe/.vscode/extensions/uqbar.wollok-lsp-ide-0.3.6/out/server/src/server.js:2298:2292)\n    at v3.invoke (/home/felipe/.vscode/extensions/uqbar.wollok-lsp-ide-0.3.6/out/server/src/server.js:3:157200)\n    at o.fire (/home/felipe/.vscode/extensions/uqbar.wollok-lsp-ide-0.3.6/out/server/src/server.js:3:157970)\n    at /home/felipe/.vscode/extensions/uqbar.wollok-lsp-ide-0.3.6/out/server/src/server.js:37:57871\n    at Vr (/home/felipe/.vscode/extensions/uqbar.wollok-lsp-ide-0.3.6/out/server/src/server.js:8:1561)","timestamp":"2024-10-15T01:00:12.054Z"}
{"level":"error","message":"✘ Failed to rebuild document Failed to parse testGranja.wtest: \n-- PARSING FAILED --------------------------------------------------\n\nGot the end of the input\n\nExpected one of the following: \n\n'@', 'const', 'method', 'only', 'override', 'test', 'var', '{', '}', any character/byte, comment, whitespace\n","stack":"Error: Failed to parse testGranja.wtest: \n-- PARSING FAILED --------------------------------------------------\n\nGot the end of the input\n\nExpected one of the following: \n\n'@', 'const', 'method', 'only', 'override', 'test', 'var', '{', '}', any character/byte, comment, whitespace\n\n    at /home/felipe/.vscode/extensions/uqbar.wollok-lsp-ide-0.3.6/out/server/src/server.js:2254:32415\n    at Array.map (<anonymous>)\n    at Jfn (/home/felipe/.vscode/extensions/uqbar.wollok-lsp-ide-0.3.6/out/server/src/server.js:2254:32339)\n    at k2.buildEnvironmentFrom (/home/felipe/.vscode/extensions/uqbar.wollok-lsp-ide-0.3.6/out/server/src/server.js:2285:6721)\n    at k2.updateEnvironmentWith (/home/felipe/.vscode/extensions/uqbar.wollok-lsp-ide-0.3.6/out/server/src/server.js:2285:6456)\n    at jL (/home/felipe/.vscode/extensions/uqbar.wollok-lsp-ide-0.3.6/out/server/src/server.js:2298:2292)\n    at v3.invoke (/home/felipe/.vscode/extensions/uqbar.wollok-lsp-ide-0.3.6/out/server/src/server.js:3:157200)\n    at o.fire (/home/felipe/.vscode/extensions/uqbar.wollok-lsp-ide-0.3.6/out/server/src/server.js:3:157970)\n    at /home/felipe/.vscode/extensions/uqbar.wollok-lsp-ide-0.3.6/out/server/src/server.js:37:57871\n    at Vr (/home/felipe/.vscode/extensions/uqbar.wollok-lsp-ide-0.3.6/out/server/src/server.js:8:1561)","timestamp":"2024-10-15T01:00:14.012Z"}
{"level":"info","message":"⌛ Building environment","timeElapsed":280,"timestamp":"2024-10-15T01:00:16.719Z"}
{"level":"info","message":"⌛ Validating testGranja.wtest","timeElapsed":201,"timestamp":"2024-10-15T01:00:16.933Z"}
{"level":"error","message":"✘ Failed to rebuild document Failed to parse testGranja.wtest: \n-- PARSING FAILED --------------------------------------------------\n\nGot the end of the input\n\nExpected one of the following: \n\n'@', 'const', 'method', 'only', 'override', 'test', 'var', '{', '}', any character/byte, comment, whitespace\n","stack":"Error: Failed to parse testGranja.wtest: \n-- PARSING FAILED --------------------------------------------------\n\nGot the end of the input\n\nExpected one of the following: \n\n'@', 'const', 'method', 'only', 'override', 'test', 'var', '{', '}', any character/byte, comment, whitespace\n\n    at /home/felipe/.vscode/extensions/uqbar.wollok-lsp-ide-0.3.6/out/server/src/server.js:2254:32415\n    at Array.map (<anonymous>)\n    at Jfn (/home/felipe/.vscode/extensions/uqbar.wollok-lsp-ide-0.3.6/out/server/src/server.js:2254:32339)\n    at k2.buildEnvironmentFrom (/home/felipe/.vscode/extensions/uqbar.wollok-lsp-ide-0.3.6/out/server/src/server.js:2285:6721)\n    at k2.updateEnvironmentWith (/home/felipe/.vscode/extensions/uqbar.wollok-lsp-ide-0.3.6/out/server/src/server.js:2285:6456)\n    at jL (/home/felipe/.vscode/extensions/uqbar.wollok-lsp-ide-0.3.6/out/server/src/server.js:2298:2292)\n    at v3.invoke (/home/felipe/.vscode/extensions/uqbar.wollok-lsp-ide-0.3.6/out/server/src/server.js:3:157200)\n    at o.fire (/home/felipe/.vscode/extensions/uqbar.wollok-lsp-ide-0.3.6/out/server/src/server.js:3:157970)\n    at /home/felipe/.vscode/extensions/uqbar.wollok-lsp-ide-0.3.6/out/server/src/server.js:37:57871\n    at Vr (/home/felipe/.vscode/extensions/uqbar.wollok-lsp-ide-0.3.6/out/server/src/server.js:8:1561)","timestamp":"2024-10-15T01:00:18.126Z"}
{"level":"info","message":"⌛ Building environment","timeElapsed":256,"timestamp":"2024-10-15T01:00:19.362Z"}
{"level":"info","message":"⌛ Validating testGranja.wtest","timeElapsed":218,"timestamp":"2024-10-15T01:00:19.596Z"}
{"level":"info","message":"⌛ Building environment","timeElapsed":223,"timestamp":"2024-10-15T01:00:25.006Z"}
{"level":"info","message":"⌛ Validating testGranja.wtest","timeElapsed":202,"timestamp":"2024-10-15T01:00:25.210Z"}
{"level":"info","message":"⌛ Building environment","timeElapsed":271,"timestamp":"2024-10-15T01:00:33.995Z"}
{"level":"info","message":"⌛ Validating testGranja.wtest","timeElapsed":193,"timestamp":"2024-10-15T01:00:34.196Z"}
{"level":"info","message":"⌛ Building environment","timeElapsed":213,"timestamp":"2024-10-15T01:00:34.731Z"}
{"level":"info","message":"⌛ Validating testGranja.wtest","timeElapsed":209,"timestamp":"2024-10-15T01:00:34.941Z"}
{"level":"info","message":"⌛ Building environment","timeElapsed":212,"timestamp":"2024-10-15T01:00:36.368Z"}
{"level":"info","message":"⌛ Validating testGranja.wtest","timeElapsed":206,"timestamp":"2024-10-15T01:00:36.575Z"}
{"level":"info","message":"⌛ Building environment","timeElapsed":204,"timestamp":"2024-10-15T01:00:36.828Z"}
{"level":"info","message":"⌛ Validating testGranja.wtest","timeElapsed":209,"timestamp":"2024-10-15T01:00:37.038Z"}
{"level":"info","message":"⌛ Building environment","timeElapsed":248,"timestamp":"2024-10-15T01:00:37.980Z"}
{"level":"info","message":"⌛ Building environment","timeElapsed":233,"timestamp":"2024-10-15T01:00:38.264Z"}
{"level":"info","message":"⌛ Validating testGranja.wtest","timeElapsed":207,"timestamp":"2024-10-15T01:00:38.472Z"}
{"level":"info","message":"onRequest - completionItem/resolve","timestamp":"2024-10-15T01:00:38.473Z"}
{"level":"info","message":"⌛ Building environment","timeElapsed":243,"timestamp":"2024-10-15T01:00:38.725Z"}
{"level":"info","message":"onRequest - completionItem/resolve","timestamp":"2024-10-15T01:00:38.731Z"}
{"level":"info","message":"⌛ Validating testGranja.wtest","timeElapsed":217,"timestamp":"2024-10-15T01:00:38.948Z"}
{"level":"info","message":"⌛ Building environment","timeElapsed":206,"timestamp":"2024-10-15T01:00:39.164Z"}
{"level":"info","message":"onRequest - completionItem/resolve","timestamp":"2024-10-15T01:00:39.164Z"}
{"level":"info","message":"⌛ Building environment","timeElapsed":208,"timestamp":"2024-10-15T01:00:39.373Z"}
{"level":"info","message":"onRequest - completionItem/resolve","timestamp":"2024-10-15T01:00:39.373Z"}
{"level":"info","message":"⌛ Validating testGranja.wtest","timeElapsed":242,"timestamp":"2024-10-15T01:00:39.616Z"}
{"level":"info","message":"⌛ Building environment","timeElapsed":236,"timestamp":"2024-10-15T01:00:39.854Z"}
{"level":"info","message":"⌛ Validating testGranja.wtest","timeElapsed":220,"timestamp":"2024-10-15T01:00:40.083Z"}
{"level":"info","message":"⌛ Validating testGranja.wtest","timeElapsed":227,"timestamp":"2024-10-15T01:00:40.311Z"}
{"level":"info","message":"⌛ Building environment","timeElapsed":314,"timestamp":"2024-10-15T01:00:40.626Z"}
{"level":"info","message":"⌛ Building environment","timeElapsed":376,"timestamp":"2024-10-15T01:00:41.046Z"}
{"level":"info","message":"⌛ Building environment","timeElapsed":210,"timestamp":"2024-10-15T01:00:41.257Z"}
{"level":"info","message":"⌛ Validating testGranja.wtest","timeElapsed":207,"timestamp":"2024-10-15T01:00:41.465Z"}
{"level":"info","message":"⌛ Building environment","timeElapsed":264,"timestamp":"2024-10-15T01:00:41.729Z"}
{"level":"info","message":"⌛ Building environment","timeElapsed":213,"timestamp":"2024-10-15T01:00:41.943Z"}
{"level":"info","message":"⌛ Building environment","timeElapsed":210,"timestamp":"2024-10-15T01:00:42.154Z"}
{"level":"info","message":"⌛ Validating testGranja.wtest","timeElapsed":232,"timestamp":"2024-10-15T01:00:42.397Z"}
{"level":"info","message":"onRequest - completionItem/resolve","timestamp":"2024-10-15T01:00:42.398Z"}
{"level":"info","message":"⌛ Building environment","timeElapsed":248,"timestamp":"2024-10-15T01:00:42.646Z"}
{"level":"info","message":"⌛ Building environment","timeElapsed":219,"timestamp":"2024-10-15T01:00:42.904Z"}
{"level":"info","message":"⌛ Validating testGranja.wtest","timeElapsed":228,"timestamp":"2024-10-15T01:00:43.132Z"}
{"level":"info","message":"⌛ Building environment","timeElapsed":324,"timestamp":"2024-10-15T01:00:43.459Z"}
{"level":"info","message":"⌛ Validating testGranja.wtest","timeElapsed":245,"timestamp":"2024-10-15T01:00:43.704Z"}
{"level":"info","message":"⌛ Validating testGranja.wtest","timeElapsed":214,"timestamp":"2024-10-15T01:00:43.927Z"}
{"level":"info","message":"⌛ Validating testGranja.wtest","timeElapsed":203,"timestamp":"2024-10-15T01:00:44.131Z"}
{"level":"info","message":"⌛ Validating testGranja.wtest","timeElapsed":213,"timestamp":"2024-10-15T01:00:44.345Z"}
{"level":"info","message":"⌛ Building environment","timeElapsed":229,"timestamp":"2024-10-15T01:00:44.575Z"}
{"level":"info","message":"⌛ Building environment","timeElapsed":216,"timestamp":"2024-10-15T01:00:44.792Z"}
{"level":"info","message":"⌛ Building environment","timeElapsed":205,"timestamp":"2024-10-15T01:00:44.998Z"}
{"level":"info","message":"⌛ Validating testGranja.wtest","timeElapsed":232,"timestamp":"2024-10-15T01:00:45.230Z"}
{"level":"info","message":"onRequest - completionItem/resolve","timestamp":"2024-10-15T01:00:45.231Z"}
{"level":"info","message":"⌛ Validating testGranja.wtest","timeElapsed":243,"timestamp":"2024-10-15T01:00:45.485Z"}
{"level":"info","message":"⌛ Building environment","timeElapsed":210,"timestamp":"2024-10-15T01:00:45.696Z"}
{"level":"info","message":"onRequest - completionItem/resolve","timestamp":"2024-10-15T01:00:45.696Z"}
{"level":"info","message":"⌛ Building environment","timeElapsed":206,"timestamp":"2024-10-15T01:00:45.903Z"}
{"level":"info","message":"onRequest - completionItem/resolve","timestamp":"2024-10-15T01:00:45.904Z"}
{"level":"info","message":"⌛ Building environment","timeElapsed":226,"timestamp":"2024-10-15T01:00:46.131Z"}
{"level":"info","message":"onRequest - completionItem/resolve","timestamp":"2024-10-15T01:00:46.132Z"}
{"level":"info","message":"⌛ Validating testGranja.wtest","timeElapsed":280,"timestamp":"2024-10-15T01:00:46.412Z"}
{"level":"info","message":"onRequest - completionItem/resolve","timestamp":"2024-10-15T01:00:46.424Z"}
{"level":"info","message":"⌛ Building environment","timeElapsed":277,"timestamp":"2024-10-15T01:00:46.701Z"}
{"level":"info","message":"⌛ Building environment","timeElapsed":215,"timestamp":"2024-10-15T01:00:46.927Z"}
{"level":"info","message":"⌛ Building environment","timeElapsed":215,"timestamp":"2024-10-15T01:00:47.195Z"}
{"level":"info","message":"⌛ Building environment","timeElapsed":218,"timestamp":"2024-10-15T01:00:47.414Z"}
{"level":"info","message":"⌛ Validating testGranja.wtest","timeElapsed":220,"timestamp":"2024-10-15T01:00:47.633Z"}
{"level":"info","message":"⌛ Validating testGranja.wtest","timeElapsed":210,"timestamp":"2024-10-15T01:00:47.843Z"}
{"level":"info","message":"⌛ Validating testGranja.wtest","timeElapsed":312,"timestamp":"2024-10-15T01:00:48.164Z"}
{"level":"info","message":"⌛ Building environment","timeElapsed":224,"timestamp":"2024-10-15T01:00:48.389Z"}
{"level":"info","message":"⌛ Building environment","timeElapsed":214,"timestamp":"2024-10-15T01:00:48.611Z"}
{"level":"info","message":"⌛ Validating testGranja.wtest","timeElapsed":219,"timestamp":"2024-10-15T01:00:48.842Z"}
{"level":"info","message":"⌛ Validating testGranja.wtest","timeElapsed":210,"timestamp":"2024-10-15T01:00:49.055Z"}
{"level":"info","message":"⌛ Validating testGranja.wtest","timeElapsed":207,"timestamp":"2024-10-15T01:00:49.262Z"}
{"level":"info","message":"⌛ Validating testGranja.wtest","timeElapsed":209,"timestamp":"2024-10-15T01:00:49.471Z"}
{"level":"info","message":"⌛ Validating testGranja.wtest","timeElapsed":230,"timestamp":"2024-10-15T01:00:49.701Z"}
{"level":"info","message":"onRequest - completionItem/resolve","timestamp":"2024-10-15T01:00:49.702Z"}
{"level":"info","message":"⌛ Validating testGranja.wtest","timeElapsed":219,"timestamp":"2024-10-15T01:00:49.921Z"}
{"level":"info","message":"⌛ Validating testGranja.wtest","timeElapsed":218,"timestamp":"2024-10-15T01:00:50.140Z"}
{"level":"info","message":"⌛ Building environment","timeElapsed":205,"timestamp":"2024-10-15T01:00:50.346Z"}
{"level":"error","message":"✘ Completions for node failed: Error: [Send]{17fb2e} at testGranja.wtest:144 exhausted all cases without a match [Send]{17fb2e} at testGranja.wtest:144 exhausted all cases without a match","stack":"Error: [Send]{17fb2e} at testGranja.wtest:144 exhausted all cases without a match\n    at /home/felipe/.vscode/extensions/uqbar.wollok-lsp-ide-0.3.6/out/server/src/server.js:38:6067\n    at yh (/home/felipe/.vscode/extensions/uqbar.wollok-lsp-ide-0.3.6/out/server/src/server.js:2291:42)\n    at kh (/home/felipe/.vscode/extensions/uqbar.wollok-lsp-ide-0.3.6/out/server/src/server.js:2291:1004)\n    at Y5n (/home/felipe/.vscode/extensions/uqbar.wollok-lsp-ide-0.3.6/out/server/src/server.js:2291:1160)\n    at /home/felipe/.vscode/extensions/uqbar.wollok-lsp-ide-0.3.6/out/server/src/server.js:38:6056\n    at yh (/home/felipe/.vscode/extensions/uqbar.wollok-lsp-ide-0.3.6/out/server/src/server.js:2291:42)\n    at /home/felipe/.vscode/extensions/uqbar.wollok-lsp-ide-0.3.6/out/server/src/server.js:2291:2700\n    at /home/felipe/.vscode/extensions/uqbar.wollok-lsp-ide-0.3.6/out/server/src/server.js:2298:3774\n    at /home/felipe/.vscode/extensions/uqbar.wollok-lsp-ide-0.3.6/out/server/src/server.js:37:74872\n    at Fe (/home/felipe/.vscode/extensions/uqbar.wollok-lsp-ide-0.3.6/out/server/src/server.js:7:8527)","timestamp":"2024-10-15T01:00:50.390Z"}
{"level":"info","message":"⌛ Building environment","timeElapsed":221,"timestamp":"2024-10-15T01:00:50.615Z"}
{"level":"info","message":"⌛ Building environment","timeElapsed":233,"timestamp":"2024-10-15T01:00:50.848Z"}
{"level":"info","message":"⌛ Validating testGranja.wtest","timeElapsed":369,"timestamp":"2024-10-15T01:00:51.219Z"}
{"level":"info","message":"⌛ Building environment","timeElapsed":279,"timestamp":"2024-10-15T01:00:51.500Z"}
{"level":"info","message":"⌛ Validating testGranja.wtest","timeElapsed":216,"timestamp":"2024-10-15T01:00:51.717Z"}
{"level":"info","message":"⌛ Building environment","timeElapsed":222,"timestamp":"2024-10-15T01:00:51.939Z"}
{"level":"info","message":"⌛ Building environment","timeElapsed":326,"timestamp":"2024-10-15T01:00:52.265Z"}
{"level":"info","message":"⌛ Building environment","timeElapsed":277,"timestamp":"2024-10-15T01:00:52.550Z"}
{"level":"info","message":"⌛ Building environment","timeElapsed":207,"timestamp":"2024-10-15T01:00:52.806Z"}
{"level":"info","message":"⌛ Validating testGranja.wtest","timeElapsed":206,"timestamp":"2024-10-15T01:00:53.020Z"}
{"level":"info","message":"⌛ Building environment","timeElapsed":258,"timestamp":"2024-10-15T01:00:53.278Z"}
{"level":"info","message":"⌛ Validating testGranja.wtest","timeElapsed":209,"timestamp":"2024-10-15T01:00:53.487Z"}
{"level":"info","message":"⌛ Building environment","timeElapsed":225,"timestamp":"2024-10-15T01:00:53.713Z"}
{"level":"info","message":"⌛ Validating testGranja.wtest","timeElapsed":205,"timestamp":"2024-10-15T01:00:53.919Z"}
{"level":"info","message":"⌛ Building environment","timeElapsed":207,"timestamp":"2024-10-15T01:00:54.126Z"}
{"level":"info","message":"⌛ Validating testGranja.wtest","timeElapsed":218,"timestamp":"2024-10-15T01:00:54.350Z"}
{"level":"info","message":"⌛ Building environment","timeElapsed":203,"timestamp":"2024-10-15T01:00:54.556Z"}
{"level":"info","message":"⌛ Validating testGranja.wtest","timeElapsed":205,"timestamp":"2024-10-15T01:00:54.767Z"}
{"level":"info","message":"⌛ Validating testGranja.wtest","timeElapsed":220,"timestamp":"2024-10-15T01:00:54.995Z"}
{"level":"info","message":"⌛ Building environment","timeElapsed":236,"timestamp":"2024-10-15T01:00:55.230Z"}
{"level":"info","message":"⌛ Building environment","timeElapsed":196,"timestamp":"2024-10-15T01:00:55.427Z"}
{"level":"info","message":"⌛ Validating testGranja.wtest","timeElapsed":211,"timestamp":"2024-10-15T01:00:55.639Z"}
{"level":"info","message":"onRequest - completionItem/resolve","timestamp":"2024-10-15T01:00:55.640Z"}
{"level":"info","message":"⌛ Building environment","timeElapsed":305,"timestamp":"2024-10-15T01:00:55.945Z"}
{"level":"info","message":"onRequest - completionItem/resolve","timestamp":"2024-10-15T01:00:55.945Z"}
{"level":"info","message":"⌛ Validating testGranja.wtest","timeElapsed":212,"timestamp":"2024-10-15T01:00:56.158Z"}
{"level":"info","message":"⌛ Validating testGranja.wtest","timeElapsed":212,"timestamp":"2024-10-15T01:00:56.379Z"}
{"level":"info","message":"⌛ Validating testGranja.wtest","timeElapsed":206,"timestamp":"2024-10-15T01:00:56.587Z"}
{"level":"info","message":"⌛ Validating testGranja.wtest","timeElapsed":225,"timestamp":"2024-10-15T01:00:56.813Z"}
{"level":"info","message":"⌛ Building environment","timeElapsed":203,"timestamp":"2024-10-15T01:00:57.017Z"}
{"level":"info","message":"⌛ Validating testGranja.wtest","timeElapsed":194,"timestamp":"2024-10-15T01:00:57.221Z"}
{"level":"info","message":"⌛ Validating testGranja.wtest","timeElapsed":220,"timestamp":"2024-10-15T01:00:57.442Z"}
{"level":"info","message":"⌛ Validating testGranja.wtest","timeElapsed":213,"timestamp":"2024-10-15T01:00:57.655Z"}
{"level":"info","message":"⌛ Validating testGranja.wtest","timeElapsed":224,"timestamp":"2024-10-15T01:00:57.879Z"}
{"level":"info","message":"⌛ Validating testGranja.wtest","timeElapsed":218,"timestamp":"2024-10-15T01:00:58.098Z"}
{"level":"info","message":"⌛ Building environment","timeElapsed":215,"timestamp":"2024-10-15T01:00:58.313Z"}
{"level":"info","message":"⌛ Validating testGranja.wtest","timeElapsed":325,"timestamp":"2024-10-15T01:00:58.650Z"}
{"level":"info","message":"⌛ Building environment","timeElapsed":223,"timestamp":"2024-10-15T01:01:02.896Z"}
{"level":"info","message":"⌛ Validating testGranja.wtest","timeElapsed":226,"timestamp":"2024-10-15T01:01:03.123Z"}
{"level":"info","message":"⌛ Building environment","timeElapsed":236,"timestamp":"2024-10-15T01:01:04.198Z"}
{"level":"info","message":"⌛ Validating testGranja.wtest","timeElapsed":229,"timestamp":"2024-10-15T01:01:04.428Z"}
{"level":"info","message":"⌛ Building environment","timeElapsed":436,"timestamp":"2024-10-15T01:01:31.508Z"}
{"level":"info","message":"⌛ Validating testGranja.wtest","timeElapsed":290,"timestamp":"2024-10-15T01:01:31.873Z"}
{"failures":[],"level":"info","message":"🧪 Test runner executed on /home/felipe/Documents/Universidad/Proramacion_Con_Objetos_1/2024s2-granja-villa-FeliQI-main/2024s2-granja-villa-FeliQI-5","result":{"failed":0,"ok":1},"timeElapsed":953,"timestamp":"2024-10-15T01:01:37.148Z"}
{"level":"info","message":"⌛ Building environment","timeElapsed":342,"timestamp":"2024-10-15T01:02:09.269Z"}
{"level":"info","message":"⌛ Building environment","timeElapsed":337,"timestamp":"2024-10-15T01:02:09.608Z"}
{"level":"info","message":"⌛ Validating testGranja.wtest","timeElapsed":278,"timestamp":"2024-10-15T01:02:09.894Z"}
{"level":"info","message":"⌛ Validating testGranja.wtest","timeElapsed":236,"timestamp":"2024-10-15T01:02:10.131Z"}
{"level":"info","message":"⌛ Building environment","timeElapsed":244,"timestamp":"2024-10-15T01:02:10.377Z"}
{"level":"info","message":"⌛ Autocomplete - Describe","timeElapsed":108,"timestamp":"2024-10-15T01:02:10.487Z"}
{"level":"info","message":"⌛ Building environment","timeElapsed":249,"timestamp":"2024-10-15T01:02:10.737Z"}
{"level":"info","message":"⌛ Building environment","timeElapsed":217,"timestamp":"2024-10-15T01:02:10.955Z"}
{"level":"error","message":"✘ Failed to rebuild document Failed to parse testGranja.wtest: \n-- PARSING FAILED --------------------------------------------------\n\n  146 | \n  147 |   test\n> 148 | }\n      | ^\n\nExpected one of the following: \n\nstring literal, whitespace\n","stack":"Error: Failed to parse testGranja.wtest: \n-- PARSING FAILED --------------------------------------------------\n\n  146 | \n  147 |   test\n> 148 | }\n      | ^\n\nExpected one of the following: \n\nstring literal, whitespace\n\n    at /home/felipe/.vscode/extensions/uqbar.wollok-lsp-ide-0.3.6/out/server/src/server.js:2254:32415\n    at Array.map (<anonymous>)\n    at Jfn (/home/felipe/.vscode/extensions/uqbar.wollok-lsp-ide-0.3.6/out/server/src/server.js:2254:32339)\n    at k2.buildEnvironmentFrom (/home/felipe/.vscode/extensions/uqbar.wollok-lsp-ide-0.3.6/out/server/src/server.js:2285:6721)\n    at k2.updateEnvironmentWith (/home/felipe/.vscode/extensions/uqbar.wollok-lsp-ide-0.3.6/out/server/src/server.js:2285:6456)\n    at jL (/home/felipe/.vscode/extensions/uqbar.wollok-lsp-ide-0.3.6/out/server/src/server.js:2298:2292)\n    at v3.invoke (/home/felipe/.vscode/extensions/uqbar.wollok-lsp-ide-0.3.6/out/server/src/server.js:3:157200)\n    at o.fire (/home/felipe/.vscode/extensions/uqbar.wollok-lsp-ide-0.3.6/out/server/src/server.js:3:157970)\n    at /home/felipe/.vscode/extensions/uqbar.wollok-lsp-ide-0.3.6/out/server/src/server.js:37:57871\n    at Vr (/home/felipe/.vscode/extensions/uqbar.wollok-lsp-ide-0.3.6/out/server/src/server.js:8:1561)","timestamp":"2024-10-15T01:02:11.046Z"}
{"level":"info","message":"⌛ Validating testGranja.wtest","timeElapsed":279,"timestamp":"2024-10-15T01:02:11.332Z"}
{"level":"info","message":"onRequest - completionItem/resolve","timestamp":"2024-10-15T01:02:11.333Z"}
{"level":"info","message":"⌛ Validating testGranja.wtest","timeElapsed":217,"timestamp":"2024-10-15T01:02:11.550Z"}
{"level":"info","message":"⌛ Validating testGranja.wtest","timeElapsed":276,"timestamp":"2024-10-15T01:02:11.827Z"}
{"level":"error","message":"✘ Failed to rebuild document Failed to parse testGranja.wtest: \n-- PARSING FAILED --------------------------------------------------\n\n  145 |   }\n  146 | \n> 147 |   test\"\n      |       ^\n  148 | }\n\nExpected one of the following: \n\nstring literal, whitespace\n","stack":"Error: Failed to parse testGranja.wtest: \n-- PARSING FAILED --------------------------------------------------\n\n  145 |   }\n  146 | \n> 147 |   test\"\n      |       ^\n  148 | }\n\nExpected one of the following: \n\nstring literal, whitespace\n\n    at /home/felipe/.vscode/extensions/uqbar.wollok-lsp-ide-0.3.6/out/server/src/server.js:2254:32415\n    at Array.map (<anonymous>)\n    at Jfn (/home/felipe/.vscode/extensions/uqbar.wollok-lsp-ide-0.3.6/out/server/src/server.js:2254:32339)\n    at k2.buildEnvironmentFrom (/home/felipe/.vscode/extensions/uqbar.wollok-lsp-ide-0.3.6/out/server/src/server.js:2285:6721)\n    at k2.updateEnvironmentWith (/home/felipe/.vscode/extensions/uqbar.wollok-lsp-ide-0.3.6/out/server/src/server.js:2285:6456)\n    at jL (/home/felipe/.vscode/extensions/uqbar.wollok-lsp-ide-0.3.6/out/server/src/server.js:2298:2292)\n    at v3.invoke (/home/felipe/.vscode/extensions/uqbar.wollok-lsp-ide-0.3.6/out/server/src/server.js:3:157200)\n    at o.fire (/home/felipe/.vscode/extensions/uqbar.wollok-lsp-ide-0.3.6/out/server/src/server.js:3:157970)\n    at /home/felipe/.vscode/extensions/uqbar.wollok-lsp-ide-0.3.6/out/server/src/server.js:37:57871\n    at Vr (/home/felipe/.vscode/extensions/uqbar.wollok-lsp-ide-0.3.6/out/server/src/server.js:8:1561)","timestamp":"2024-10-15T01:02:11.929Z"}
{"level":"error","message":"✘ Failed to rebuild document Failed to parse testGranja.wtest: \n-- PARSING FAILED --------------------------------------------------\n\n  146 | \n  147 |   test\n> 148 | }\n      | ^\n\nExpected one of the following: \n\nstring literal, whitespace\n","stack":"Error: Failed to parse testGranja.wtest: \n-- PARSING FAILED --------------------------------------------------\n\n  146 | \n  147 |   test\n> 148 | }\n      | ^\n\nExpected one of the following: \n\nstring literal, whitespace\n\n    at /home/felipe/.vscode/extensions/uqbar.wollok-lsp-ide-0.3.6/out/server/src/server.js:2254:32415\n    at Array.map (<anonymous>)\n    at Jfn (/home/felipe/.vscode/extensions/uqbar.wollok-lsp-ide-0.3.6/out/server/src/server.js:2254:32339)\n    at k2.buildEnvironmentFrom (/home/felipe/.vscode/extensions/uqbar.wollok-lsp-ide-0.3.6/out/server/src/server.js:2285:6721)\n    at k2.updateEnvironmentWith (/home/felipe/.vscode/extensions/uqbar.wollok-lsp-ide-0.3.6/out/server/src/server.js:2285:6456)\n    at jL (/home/felipe/.vscode/extensions/uqbar.wollok-lsp-ide-0.3.6/out/server/src/server.js:2298:2292)\n    at v3.invoke (/home/felipe/.vscode/extensions/uqbar.wollok-lsp-ide-0.3.6/out/server/src/server.js:3:157200)\n    at o.fire (/home/felipe/.vscode/extensions/uqbar.wollok-lsp-ide-0.3.6/out/server/src/server.js:3:157970)\n    at /home/felipe/.vscode/extensions/uqbar.wollok-lsp-ide-0.3.6/out/server/src/server.js:37:57871\n    at Vr (/home/felipe/.vscode/extensions/uqbar.wollok-lsp-ide-0.3.6/out/server/src/server.js:8:1561)","timestamp":"2024-10-15T01:02:12.178Z"}
{"level":"error","message":"✘ Failed to rebuild document Failed to parse testGranja.wtest: \n-- PARSING FAILED --------------------------------------------------\n\n  146 | \n  147 |   test \n> 148 | }\n      | ^\n\nExpected one of the following: \n\nstring literal, whitespace\n","stack":"Error: Failed to parse testGranja.wtest: \n-- PARSING FAILED --------------------------------------------------\n\n  146 | \n  147 |   test \n> 148 | }\n      | ^\n\nExpected one of the following: \n\nstring literal, whitespace\n\n    at /home/felipe/.vscode/extensions/uqbar.wollok-lsp-ide-0.3.6/out/server/src/server.js:2254:32415\n    at Array.map (<anonymous>)\n    at Jfn (/home/felipe/.vscode/extensions/uqbar.wollok-lsp-ide-0.3.6/out/server/src/server.js:2254:32339)\n    at k2.buildEnvironmentFrom (/home/felipe/.vscode/extensions/uqbar.wollok-lsp-ide-0.3.6/out/server/src/server.js:2285:6721)\n    at k2.updateEnvironmentWith (/home/felipe/.vscode/extensions/uqbar.wollok-lsp-ide-0.3.6/out/server/src/server.js:2285:6456)\n    at jL (/home/felipe/.vscode/extensions/uqbar.wollok-lsp-ide-0.3.6/out/server/src/server.js:2298:2292)\n    at v3.invoke (/home/felipe/.vscode/extensions/uqbar.wollok-lsp-ide-0.3.6/out/server/src/server.js:3:157200)\n    at o.fire (/home/felipe/.vscode/extensions/uqbar.wollok-lsp-ide-0.3.6/out/server/src/server.js:3:157970)\n    at /home/felipe/.vscode/extensions/uqbar.wollok-lsp-ide-0.3.6/out/server/src/server.js:37:57871\n    at Vr (/home/felipe/.vscode/extensions/uqbar.wollok-lsp-ide-0.3.6/out/server/src/server.js:8:1561)","timestamp":"2024-10-15T01:02:12.516Z"}
{"level":"error","message":"✘ Failed to rebuild document Failed to parse testGranja.wtest: \n-- PARSING FAILED --------------------------------------------------\n\n  146 | \n  147 |   test \"\"\n> 148 | }\n      | ^\n\nExpected one of the following: \n\n'@', '{', comment, whitespace\n","stack":"Error: Failed to parse testGranja.wtest: \n-- PARSING FAILED --------------------------------------------------\n\n  146 | \n  147 |   test \"\"\n> 148 | }\n      | ^\n\nExpected one of the following: \n\n'@', '{', comment, whitespace\n\n    at /home/felipe/.vscode/extensions/uqbar.wollok-lsp-ide-0.3.6/out/server/src/server.js:2254:32415\n    at Array.map (<anonymous>)\n    at Jfn (/home/felipe/.vscode/extensions/uqbar.wollok-lsp-ide-0.3.6/out/server/src/server.js:2254:32339)\n    at k2.buildEnvironmentFrom (/home/felipe/.vscode/extensions/uqbar.wollok-lsp-ide-0.3.6/out/server/src/server.js:2285:6721)\n    at k2.updateEnvironmentWith (/home/felipe/.vscode/extensions/uqbar.wollok-lsp-ide-0.3.6/out/server/src/server.js:2285:6456)\n    at jL (/home/felipe/.vscode/extensions/uqbar.wollok-lsp-ide-0.3.6/out/server/src/server.js:2298:2292)\n    at v3.invoke (/home/felipe/.vscode/extensions/uqbar.wollok-lsp-ide-0.3.6/out/server/src/server.js:3:157200)\n    at o.fire (/home/felipe/.vscode/extensions/uqbar.wollok-lsp-ide-0.3.6/out/server/src/server.js:3:157970)\n    at /home/felipe/.vscode/extensions/uqbar.wollok-lsp-ide-0.3.6/out/server/src/server.js:37:57871\n    at Vr (/home/felipe/.vscode/extensions/uqbar.wollok-lsp-ide-0.3.6/out/server/src/server.js:8:1561)","timestamp":"2024-10-15T01:02:13.058Z"}
{"level":"error","message":"✘ Failed to rebuild document Failed to parse testGranja.wtest: \n-- PARSING FAILED --------------------------------------------------\n\n  146 | \n  147 |   test \"M\"\n> 148 | }\n      | ^\n\nExpected one of the following: \n\n'@', '{', comment, whitespace\n","stack":"Error: Failed to parse testGranja.wtest: \n-- PARSING FAILED --------------------------------------------------\n\n  146 | \n  147 |   test \"M\"\n> 148 | }\n      | ^\n\nExpected one of the following: \n\n'@', '{', comment, whitespace\n\n    at /home/felipe/.vscode/extensions/uqbar.wollok-lsp-ide-0.3.6/out/server/src/server.js:2254:32415\n    at Array.map (<anonymous>)\n    at Jfn (/home/felipe/.vscode/extensions/uqbar.wollok-lsp-ide-0.3.6/out/server/src/server.js:2254:32339)\n    at k2.buildEnvironmentFrom (/home/felipe/.vscode/extensions/uqbar.wollok-lsp-ide-0.3.6/out/server/src/server.js:2285:6721)\n    at k2.updateEnvironmentWith (/home/felipe/.vscode/extensions/uqbar.wollok-lsp-ide-0.3.6/out/server/src/server.js:2285:6456)\n    at jL (/home/felipe/.vscode/extensions/uqbar.wollok-lsp-ide-0.3.6/out/server/src/server.js:2298:2292)\n    at v3.invoke (/home/felipe/.vscode/extensions/uqbar.wollok-lsp-ide-0.3.6/out/server/src/server.js:3:157200)\n    at o.fire (/home/felipe/.vscode/extensions/uqbar.wollok-lsp-ide-0.3.6/out/server/src/server.js:3:157970)\n    at /home/felipe/.vscode/extensions/uqbar.wollok-lsp-ide-0.3.6/out/server/src/server.js:37:57871\n    at Vr (/home/felipe/.vscode/extensions/uqbar.wollok-lsp-ide-0.3.6/out/server/src/server.js:8:1561)","timestamp":"2024-10-15T01:02:13.656Z"}
{"level":"error","message":"✘ Failed to rebuild document Failed to parse testGranja.wtest: \n-- PARSING FAILED --------------------------------------------------\n\n  146 | \n  147 |   test \"Me\"\n> 148 | }\n      | ^\n\nExpected one of the following: \n\n'@', '{', comment, whitespace\n","stack":"Error: Failed to parse testGranja.wtest: \n-- PARSING FAILED --------------------------------------------------\n\n  146 | \n  147 |   test \"Me\"\n> 148 | }\n      | ^\n\nExpected one of the following: \n\n'@', '{', comment, whitespace\n\n    at /home/felipe/.vscode/extensions/uqbar.wollok-lsp-ide-0.3.6/out/server/src/server.js:2254:32415\n    at Array.map (<anonymous>)\n    at Jfn (/home/felipe/.vscode/extensions/uqbar.wollok-lsp-ide-0.3.6/out/server/src/server.js:2254:32339)\n    at k2.buildEnvironmentFrom (/home/felipe/.vscode/extensions/uqbar.wollok-lsp-ide-0.3.6/out/server/src/server.js:2285:6721)\n    at k2.updateEnvironmentWith (/home/felipe/.vscode/extensions/uqbar.wollok-lsp-ide-0.3.6/out/server/src/server.js:2285:6456)\n    at jL (/home/felipe/.vscode/extensions/uqbar.wollok-lsp-ide-0.3.6/out/server/src/server.js:2298:2292)\n    at v3.invoke (/home/felipe/.vscode/extensions/uqbar.wollok-lsp-ide-0.3.6/out/server/src/server.js:3:157200)\n    at o.fire (/home/felipe/.vscode/extensions/uqbar.wollok-lsp-ide-0.3.6/out/server/src/server.js:3:157970)\n    at /home/felipe/.vscode/extensions/uqbar.wollok-lsp-ide-0.3.6/out/server/src/server.js:37:57871\n    at Vr (/home/felipe/.vscode/extensions/uqbar.wollok-lsp-ide-0.3.6/out/server/src/server.js:8:1561)","timestamp":"2024-10-15T01:02:13.892Z"}
{"level":"error","message":"✘ Failed to rebuild document Failed to parse testGranja.wtest: \n-- PARSING FAILED --------------------------------------------------\n\n  146 | \n  147 |   test \"Mer\"\n> 148 | }\n      | ^\n\nExpected one of the following: \n\n'@', '{', comment, whitespace\n","stack":"Error: Failed to parse testGranja.wtest: \n-- PARSING FAILED --------------------------------------------------\n\n  146 | \n  147 |   test \"Mer\"\n> 148 | }\n      | ^\n\nExpected one of the following: \n\n'@', '{', comment, whitespace\n\n    at /home/felipe/.vscode/extensions/uqbar.wollok-lsp-ide-0.3.6/out/server/src/server.js:2254:32415\n    at Array.map (<anonymous>)\n    at Jfn (/home/felipe/.vscode/extensions/uqbar.wollok-lsp-ide-0.3.6/out/server/src/server.js:2254:32339)\n    at k2.buildEnvironmentFrom (/home/felipe/.vscode/extensions/uqbar.wollok-lsp-ide-0.3.6/out/server/src/server.js:2285:6721)\n    at k2.updateEnvironmentWith (/home/felipe/.vscode/extensions/uqbar.wollok-lsp-ide-0.3.6/out/server/src/server.js:2285:6456)\n    at jL (/home/felipe/.vscode/extensions/uqbar.wollok-lsp-ide-0.3.6/out/server/src/server.js:2298:2292)\n    at v3.invoke (/home/felipe/.vscode/extensions/uqbar.wollok-lsp-ide-0.3.6/out/server/src/server.js:3:157200)\n    at o.fire (/home/felipe/.vscode/extensions/uqbar.wollok-lsp-ide-0.3.6/out/server/src/server.js:3:157970)\n    at /home/felipe/.vscode/extensions/uqbar.wollok-lsp-ide-0.3.6/out/server/src/server.js:37:57871\n    at Vr (/home/felipe/.vscode/extensions/uqbar.wollok-lsp-ide-0.3.6/out/server/src/server.js:8:1561)","timestamp":"2024-10-15T01:02:14.078Z"}
{"level":"error","message":"✘ Failed to rebuild document Failed to parse testGranja.wtest: \n-- PARSING FAILED --------------------------------------------------\n\n  146 | \n  147 |   test \"Merc\"\n> 148 | }\n      | ^\n\nExpected one of the following: \n\n'@', '{', comment, whitespace\n","stack":"Error: Failed to parse testGranja.wtest: \n-- PARSING FAILED --------------------------------------------------\n\n  146 | \n  147 |   test \"Merc\"\n> 148 | }\n      | ^\n\nExpected one of the following: \n\n'@', '{', comment, whitespace\n\n    at /home/felipe/.vscode/extensions/uqbar.wollok-lsp-ide-0.3.6/out/server/src/server.js:2254:32415\n    at Array.map (<anonymous>)\n    at Jfn (/home/felipe/.vscode/extensions/uqbar.wollok-lsp-ide-0.3.6/out/server/src/server.js:2254:32339)\n    at k2.buildEnvironmentFrom (/home/felipe/.vscode/extensions/uqbar.wollok-lsp-ide-0.3.6/out/server/src/server.js:2285:6721)\n    at k2.updateEnvironmentWith (/home/felipe/.vscode/extensions/uqbar.wollok-lsp-ide-0.3.6/out/server/src/server.js:2285:6456)\n    at jL (/home/felipe/.vscode/extensions/uqbar.wollok-lsp-ide-0.3.6/out/server/src/server.js:2298:2292)\n    at v3.invoke (/home/felipe/.vscode/extensions/uqbar.wollok-lsp-ide-0.3.6/out/server/src/server.js:3:157200)\n    at o.fire (/home/felipe/.vscode/extensions/uqbar.wollok-lsp-ide-0.3.6/out/server/src/server.js:3:157970)\n    at /home/felipe/.vscode/extensions/uqbar.wollok-lsp-ide-0.3.6/out/server/src/server.js:37:57871\n    at Vr (/home/felipe/.vscode/extensions/uqbar.wollok-lsp-ide-0.3.6/out/server/src/server.js:8:1561)","timestamp":"2024-10-15T01:02:14.172Z"}
{"level":"error","message":"✘ Failed to rebuild document Failed to parse testGranja.wtest: \n-- PARSING FAILED --------------------------------------------------\n\n  146 | \n  147 |   test \"Merca\"\n> 148 | }\n      | ^\n\nExpected one of the following: \n\n'@', '{', comment, whitespace\n","stack":"Error: Failed to parse testGranja.wtest: \n-- PARSING FAILED --------------------------------------------------\n\n  146 | \n  147 |   test \"Merca\"\n> 148 | }\n      | ^\n\nExpected one of the following: \n\n'@', '{', comment, whitespace\n\n    at /home/felipe/.vscode/extensions/uqbar.wollok-lsp-ide-0.3.6/out/server/src/server.js:2254:32415\n    at Array.map (<anonymous>)\n    at Jfn (/home/felipe/.vscode/extensions/uqbar.wollok-lsp-ide-0.3.6/out/server/src/server.js:2254:32339)\n    at k2.buildEnvironmentFrom (/home/felipe/.vscode/extensions/uqbar.wollok-lsp-ide-0.3.6/out/server/src/server.js:2285:6721)\n    at k2.updateEnvironmentWith (/home/felipe/.vscode/extensions/uqbar.wollok-lsp-ide-0.3.6/out/server/src/server.js:2285:6456)\n    at jL (/home/felipe/.vscode/extensions/uqbar.wollok-lsp-ide-0.3.6/out/server/src/server.js:2298:2292)\n    at v3.invoke (/home/felipe/.vscode/extensions/uqbar.wollok-lsp-ide-0.3.6/out/server/src/server.js:3:157200)\n    at o.fire (/home/felipe/.vscode/extensions/uqbar.wollok-lsp-ide-0.3.6/out/server/src/server.js:3:157970)\n    at /home/felipe/.vscode/extensions/uqbar.wollok-lsp-ide-0.3.6/out/server/src/server.js:37:57871\n    at Vr (/home/felipe/.vscode/extensions/uqbar.wollok-lsp-ide-0.3.6/out/server/src/server.js:8:1561)","timestamp":"2024-10-15T01:02:14.371Z"}
{"level":"error","message":"✘ Failed to rebuild document Failed to parse testGranja.wtest: \n-- PARSING FAILED --------------------------------------------------\n\n  146 | \n  147 |   test \"Mercad\"\n> 148 | }\n      | ^\n\nExpected one of the following: \n\n'@', '{', comment, whitespace\n","stack":"Error: Failed to parse testGranja.wtest: \n-- PARSING FAILED --------------------------------------------------\n\n  146 | \n  147 |   test \"Mercad\"\n> 148 | }\n      | ^\n\nExpected one of the following: \n\n'@', '{', comment, whitespace\n\n    at /home/felipe/.vscode/extensions/uqbar.wollok-lsp-ide-0.3.6/out/server/src/server.js:2254:32415\n    at Array.map (<anonymous>)\n    at Jfn (/home/felipe/.vscode/extensions/uqbar.wollok-lsp-ide-0.3.6/out/server/src/server.js:2254:32339)\n    at k2.buildEnvironmentFrom (/home/felipe/.vscode/extensions/uqbar.wollok-lsp-ide-0.3.6/out/server/src/server.js:2285:6721)\n    at k2.updateEnvironmentWith (/home/felipe/.vscode/extensions/uqbar.wollok-lsp-ide-0.3.6/out/server/src/server.js:2285:6456)\n    at jL (/home/felipe/.vscode/extensions/uqbar.wollok-lsp-ide-0.3.6/out/server/src/server.js:2298:2292)\n    at v3.invoke (/home/felipe/.vscode/extensions/uqbar.wollok-lsp-ide-0.3.6/out/server/src/server.js:3:157200)\n    at o.fire (/home/felipe/.vscode/extensions/uqbar.wollok-lsp-ide-0.3.6/out/server/src/server.js:3:157970)\n    at /home/felipe/.vscode/extensions/uqbar.wollok-lsp-ide-0.3.6/out/server/src/server.js:37:57871\n    at Vr (/home/felipe/.vscode/extensions/uqbar.wollok-lsp-ide-0.3.6/out/server/src/server.js:8:1561)","timestamp":"2024-10-15T01:02:14.493Z"}
{"level":"error","message":"✘ Failed to rebuild document Failed to parse testGranja.wtest: \n-- PARSING FAILED --------------------------------------------------\n\n  146 | \n  147 |   test \"Mercado\"\n> 148 | }\n      | ^\n\nExpected one of the following: \n\n'@', '{', comment, whitespace\n","stack":"Error: Failed to parse testGranja.wtest: \n-- PARSING FAILED --------------------------------------------------\n\n  146 | \n  147 |   test \"Mercado\"\n> 148 | }\n      | ^\n\nExpected one of the following: \n\n'@', '{', comment, whitespace\n\n    at /home/felipe/.vscode/extensions/uqbar.wollok-lsp-ide-0.3.6/out/server/src/server.js:2254:32415\n    at Array.map (<anonymous>)\n    at Jfn (/home/felipe/.vscode/extensions/uqbar.wollok-lsp-ide-0.3.6/out/server/src/server.js:2254:32339)\n    at k2.buildEnvironmentFrom (/home/felipe/.vscode/extensions/uqbar.wollok-lsp-ide-0.3.6/out/server/src/server.js:2285:6721)\n    at k2.updateEnvironmentWith (/home/felipe/.vscode/extensions/uqbar.wollok-lsp-ide-0.3.6/out/server/src/server.js:2285:6456)\n    at jL (/home/felipe/.vscode/extensions/uqbar.wollok-lsp-ide-0.3.6/out/server/src/server.js:2298:2292)\n    at v3.invoke (/home/felipe/.vscode/extensions/uqbar.wollok-lsp-ide-0.3.6/out/server/src/server.js:3:157200)\n    at o.fire (/home/felipe/.vscode/extensions/uqbar.wollok-lsp-ide-0.3.6/out/server/src/server.js:3:157970)\n    at /home/felipe/.vscode/extensions/uqbar.wollok-lsp-ide-0.3.6/out/server/src/server.js:37:57871\n    at Vr (/home/felipe/.vscode/extensions/uqbar.wollok-lsp-ide-0.3.6/out/server/src/server.js:8:1561)","timestamp":"2024-10-15T01:02:15.312Z"}
{"level":"error","message":"✘ Failed to rebuild document Failed to parse testGranja.wtest: \n-- PARSING FAILED --------------------------------------------------\n\n  146 | \n  147 |   test \"Mercados\"\n> 148 | }\n      | ^\n\nExpected one of the following: \n\n'@', '{', comment, whitespace\n","stack":"Error: Failed to parse testGranja.wtest: \n-- PARSING FAILED --------------------------------------------------\n\n  146 | \n  147 |   test \"Mercados\"\n> 148 | }\n      | ^\n\nExpected one of the following: \n\n'@', '{', comment, whitespace\n\n    at /home/felipe/.vscode/extensions/uqbar.wollok-lsp-ide-0.3.6/out/server/src/server.js:2254:32415\n    at Array.map (<anonymous>)\n    at Jfn (/home/felipe/.vscode/extensions/uqbar.wollok-lsp-ide-0.3.6/out/server/src/server.js:2254:32339)\n    at k2.buildEnvironmentFrom (/home/felipe/.vscode/extensions/uqbar.wollok-lsp-ide-0.3.6/out/server/src/server.js:2285:6721)\n    at k2.updateEnvironmentWith (/home/felipe/.vscode/extensions/uqbar.wollok-lsp-ide-0.3.6/out/server/src/server.js:2285:6456)\n    at jL (/home/felipe/.vscode/extensions/uqbar.wollok-lsp-ide-0.3.6/out/server/src/server.js:2298:2292)\n    at v3.invoke (/home/felipe/.vscode/extensions/uqbar.wollok-lsp-ide-0.3.6/out/server/src/server.js:3:157200)\n    at o.fire (/home/felipe/.vscode/extensions/uqbar.wollok-lsp-ide-0.3.6/out/server/src/server.js:3:157970)\n    at /home/felipe/.vscode/extensions/uqbar.wollok-lsp-ide-0.3.6/out/server/src/server.js:37:57871\n    at Vr (/home/felipe/.vscode/extensions/uqbar.wollok-lsp-ide-0.3.6/out/server/src/server.js:8:1561)","timestamp":"2024-10-15T01:02:15.397Z"}
{"level":"error","message":"✘ Failed to rebuild document Failed to parse testGranja.wtest: \n-- PARSING FAILED --------------------------------------------------\n\n  146 | \n  147 |   test \"Mercados\" \n> 148 | }\n      | ^\n\nExpected one of the following: \n\n'@', '{', comment, whitespace\n","stack":"Error: Failed to parse testGranja.wtest: \n-- PARSING FAILED --------------------------------------------------\n\n  146 | \n  147 |   test \"Mercados\" \n> 148 | }\n      | ^\n\nExpected one of the following: \n\n'@', '{', comment, whitespace\n\n    at /home/felipe/.vscode/extensions/uqbar.wollok-lsp-ide-0.3.6/out/server/src/server.js:2254:32415\n    at Array.map (<anonymous>)\n    at Jfn (/home/felipe/.vscode/extensions/uqbar.wollok-lsp-ide-0.3.6/out/server/src/server.js:2254:32339)\n    at k2.buildEnvironmentFrom (/home/felipe/.vscode/extensions/uqbar.wollok-lsp-ide-0.3.6/out/server/src/server.js:2285:6721)\n    at k2.updateEnvironmentWith (/home/felipe/.vscode/extensions/uqbar.wollok-lsp-ide-0.3.6/out/server/src/server.js:2285:6456)\n    at jL (/home/felipe/.vscode/extensions/uqbar.wollok-lsp-ide-0.3.6/out/server/src/server.js:2298:2292)\n    at v3.invoke (/home/felipe/.vscode/extensions/uqbar.wollok-lsp-ide-0.3.6/out/server/src/server.js:3:157200)\n    at o.fire (/home/felipe/.vscode/extensions/uqbar.wollok-lsp-ide-0.3.6/out/server/src/server.js:3:157970)\n    at /home/felipe/.vscode/extensions/uqbar.wollok-lsp-ide-0.3.6/out/server/src/server.js:37:57871\n    at Vr (/home/felipe/.vscode/extensions/uqbar.wollok-lsp-ide-0.3.6/out/server/src/server.js:8:1561)","timestamp":"2024-10-15T01:02:16.349Z"}
{"level":"info","message":"⌛ Building environment","timeElapsed":229,"timestamp":"2024-10-15T01:02:16.645Z"}
{"level":"info","message":"⌛ Validating testGranja.wtest","timeElapsed":236,"timestamp":"2024-10-15T01:02:16.883Z"}
{"level":"info","message":"⌛ Building environment","timeElapsed":227,"timestamp":"2024-10-15T01:02:17.111Z"}
{"level":"info","message":"⌛ Validating testGranja.wtest","timeElapsed":261,"timestamp":"2024-10-15T01:02:17.429Z"}
{"level":"info","message":"⌛ Building environment","timeElapsed":338,"timestamp":"2024-10-15T01:07:42.624Z"}
{"level":"info","message":"⌛ Autocomplete - Reference","timeElapsed":106,"timestamp":"2024-10-15T01:07:42.741Z"}
{"level":"info","message":"⌛ Building environment","timeElapsed":274,"timestamp":"2024-10-15T01:07:43.020Z"}
{"level":"info","message":"⌛ Validating testGranja.wtest","timeElapsed":239,"timestamp":"2024-10-15T01:07:43.259Z"}
{"level":"info","message":"onRequest - completionItem/resolve","timestamp":"2024-10-15T01:07:43.261Z"}
{"level":"info","message":"⌛ Building environment","timeElapsed":389,"timestamp":"2024-10-15T01:07:43.650Z"}
{"level":"info","message":"onRequest - completionItem/resolve","timestamp":"2024-10-15T01:07:43.651Z"}
{"level":"info","message":"⌛ Validating testGranja.wtest","timeElapsed":214,"timestamp":"2024-10-15T01:07:43.865Z"}
{"level":"info","message":"⌛ Building environment","timeElapsed":311,"timestamp":"2024-10-15T01:07:44.239Z"}
{"level":"info","message":"onRequest - completionItem/resolve","timestamp":"2024-10-15T01:07:44.240Z"}
{"level":"info","message":"⌛ Validating testGranja.wtest","timeElapsed":251,"timestamp":"2024-10-15T01:07:44.492Z"}
{"level":"info","message":"onRequest - completionItem/resolve","timestamp":"2024-10-15T01:07:44.501Z"}
{"level":"info","message":"⌛ Building environment","timeElapsed":246,"timestamp":"2024-10-15T01:07:44.748Z"}
{"level":"info","message":"⌛ Validating testGranja.wtest","timeElapsed":235,"timestamp":"2024-10-15T01:07:44.983Z"}
{"level":"info","message":"⌛ Validating testGranja.wtest","timeElapsed":237,"timestamp":"2024-10-15T01:07:45.276Z"}
{"level":"info","message":"⌛ Building environment","timeElapsed":248,"timestamp":"2024-10-15T01:07:45.525Z"}
{"level":"info","message":"⌛ Validating testGranja.wtest","timeElapsed":238,"timestamp":"2024-10-15T01:07:45.818Z"}
{"level":"info","message":"onRequest - completionItem/resolve","timestamp":"2024-10-15T01:07:45.818Z"}
{"level":"info","message":"⌛ Building environment","timeElapsed":224,"timestamp":"2024-10-15T01:07:47.614Z"}
{"level":"info","message":"onRequest - completionItem/resolve","timestamp":"2024-10-15T01:07:47.620Z"}
{"level":"info","message":"⌛ Building environment","timeElapsed":382,"timestamp":"2024-10-15T01:07:48.003Z"}
{"level":"info","message":"onRequest - completionItem/resolve","timestamp":"2024-10-15T01:07:48.004Z"}
{"level":"info","message":"⌛ Validating testGranja.wtest","timeElapsed":250,"timestamp":"2024-10-15T01:07:48.254Z"}
{"level":"info","message":"⌛ Building environment","timeElapsed":216,"timestamp":"2024-10-15T01:07:48.471Z"}
{"level":"info","message":"onRequest - completionItem/resolve","timestamp":"2024-10-15T01:07:48.472Z"}
{"level":"info","message":"⌛ Building environment","timeElapsed":250,"timestamp":"2024-10-15T01:07:48.722Z"}
{"level":"info","message":"onRequest - completionItem/resolve","timestamp":"2024-10-15T01:07:48.724Z"}
{"level":"info","message":"⌛ Validating testGranja.wtest","timeElapsed":349,"timestamp":"2024-10-15T01:07:49.074Z"}
{"level":"info","message":"⌛ Validating testGranja.wtest","timeElapsed":216,"timestamp":"2024-10-15T01:07:49.301Z"}
{"level":"info","message":"onRequest - completionItem/resolve","timestamp":"2024-10-15T01:07:49.301Z"}
{"level":"info","message":"⌛ Building environment","timeElapsed":240,"timestamp":"2024-10-15T01:07:49.541Z"}
{"level":"info","message":"⌛ Validating testGranja.wtest","timeElapsed":215,"timestamp":"2024-10-15T01:07:49.757Z"}
{"level":"info","message":"⌛ Validating testGranja.wtest","timeElapsed":221,"timestamp":"2024-10-15T01:07:49.991Z"}
{"level":"info","message":"⌛ Building environment","timeElapsed":330,"timestamp":"2024-10-15T01:09:06.260Z"}
