{"level":"info","message":"⌛ Building environment","timeElapsed":239,"timestamp":"2024-10-11T12:11:21.112Z"}
{"level":"info","message":"⌛ Building environment","timeElapsed":133,"timestamp":"2024-10-11T12:11:21.246Z"}
{"level":"info","message":"⌛ Validating objetos.wlk","timeElapsed":189,"timestamp":"2024-10-11T12:11:21.442Z"}
{"level":"info","message":"⌛ Validating objetos.wlk","timeElapsed":252,"timestamp":"2024-10-11T12:11:21.695Z"}
{"level":"info","message":"⌛ Building environment","timeElapsed":248,"timestamp":"2024-10-11T12:13:22.436Z"}
{"level":"info","message":"⌛ Validating objetos.wlk","timeElapsed":179,"timestamp":"2024-10-11T12:13:22.618Z"}
{"level":"info","message":"⌛ Building environment","timeElapsed":229,"timestamp":"2024-10-11T12:13:23.262Z"}
{"level":"info","message":"⌛ Validating objetos.wlk","timeElapsed":221,"timestamp":"2024-10-11T12:13:23.485Z"}
{"level":"info","message":"⌛ Building environment","timeElapsed":170,"timestamp":"2024-10-11T12:13:23.938Z"}
{"level":"info","message":"⌛ Validating objetos.wlk","timeElapsed":200,"timestamp":"2024-10-11T12:13:24.139Z"}
{"level":"info","message":"⌛ Building environment","timeElapsed":150,"timestamp":"2024-10-11T12:13:24.395Z"}
{"level":"info","message":"⌛ Validating objetos.wlk","timeElapsed":249,"timestamp":"2024-10-11T12:13:24.645Z"}
{"level":"info","message":"⌛ Building environment","timeElapsed":165,"timestamp":"2024-10-11T12:13:26.484Z"}
{"level":"info","message":"⌛ Validating objetos.wlk","timeElapsed":222,"timestamp":"2024-10-11T12:13:26.707Z"}
{"level":"info","message":"⌛ Building environment","timeElapsed":163,"timestamp":"2024-10-11T12:13:26.885Z"}
{"level":"info","message":"⌛ Validating objetos.wlk","timeElapsed":182,"timestamp":"2024-10-11T12:13:27.073Z"}
{"level":"info","message":"⌛ Building environment","timeElapsed":178,"timestamp":"2024-10-11T12:13:27.828Z"}
{"level":"info","message":"⌛ Validating objetos.wlk","timeElapsed":215,"timestamp":"2024-10-11T12:13:28.094Z"}
{"level":"info","message":"onRequest - completionItem/resolve","timestamp":"2024-10-11T12:13:28.095Z"}
{"level":"info","message":"⌛ Building environment","timeElapsed":160,"timestamp":"2024-10-11T12:13:30.832Z"}
{"level":"info","message":"⌛ Validating objetos.wlk","timeElapsed":187,"timestamp":"2024-10-11T12:13:31.020Z"}
{"level":"info","message":"⌛ Building environment","timeElapsed":188,"timestamp":"2024-10-11T12:13:34.306Z"}
{"level":"info","message":"⌛ Validating objetos.wlk","timeElapsed":201,"timestamp":"2024-10-11T12:13:34.514Z"}
{"level":"info","message":"⌛ Building environment","timeElapsed":157,"timestamp":"2024-10-11T12:13:35.252Z"}
{"level":"info","message":"⌛ Validating objetos.wlk","timeElapsed":368,"timestamp":"2024-10-11T12:13:35.654Z"}
{"level":"info","message":"onRequest - completionItem/resolve","timestamp":"2024-10-11T12:13:35.656Z"}
{"level":"info","message":"⌛ Building environment","timeElapsed":157,"timestamp":"2024-10-11T12:13:35.813Z"}
{"level":"info","message":"onRequest - completionItem/resolve","timestamp":"2024-10-11T12:13:35.813Z"}
{"level":"info","message":"⌛ Validating objetos.wlk","timeElapsed":192,"timestamp":"2024-10-11T12:13:36.129Z"}
{"level":"info","message":"onRequest - completionItem/resolve","timestamp":"2024-10-11T12:13:37.644Z"}
{"level":"info","message":"⌛ Building environment","timeElapsed":192,"timestamp":"2024-10-11T12:13:39.309Z"}
{"level":"info","message":"⌛ Validating objetos.wlk","timeElapsed":204,"timestamp":"2024-10-11T12:13:39.514Z"}
{"level":"info","message":"⌛ Building environment","timeElapsed":172,"timestamp":"2024-10-11T12:13:41.683Z"}
{"level":"info","message":"⌛ Validating objetos.wlk","timeElapsed":219,"timestamp":"2024-10-11T12:13:41.909Z"}
{"level":"info","message":"⌛ Building environment","timeElapsed":143,"timestamp":"2024-10-11T12:13:43.420Z"}
{"level":"info","message":"⌛ Validating objetos.wlk","timeElapsed":196,"timestamp":"2024-10-11T12:13:43.650Z"}
{"level":"info","message":"onRequest - completionItem/resolve","timestamp":"2024-10-11T12:13:43.650Z"}
{"level":"info","message":"onRequest - completionItem/resolve","timestamp":"2024-10-11T12:13:45.226Z"}
{"level":"info","message":"⌛ Building environment","timeElapsed":139,"timestamp":"2024-10-11T12:13:45.591Z"}
{"level":"info","message":"⌛ Validating objetos.wlk","timeElapsed":195,"timestamp":"2024-10-11T12:13:45.788Z"}
{"level":"info","message":"⌛ Building environment","timeElapsed":142,"timestamp":"2024-10-11T12:13:47.870Z"}
{"level":"info","message":"⌛ Validating objetos.wlk","timeElapsed":187,"timestamp":"2024-10-11T12:13:48.110Z"}
{"level":"info","message":"⌛ Building environment","timeElapsed":131,"timestamp":"2024-10-11T12:13:48.241Z"}
{"level":"info","message":"onRequest - completionItem/resolve","timestamp":"2024-10-11T12:13:48.242Z"}
{"level":"info","message":"⌛ Validating objetos.wlk","timeElapsed":191,"timestamp":"2024-10-11T12:13:48.441Z"}
{"level":"info","message":"⌛ Building environment","timeElapsed":137,"timestamp":"2024-10-11T12:13:49.000Z"}
{"level":"info","message":"⌛ Validating objetos.wlk","timeElapsed":194,"timestamp":"2024-10-11T12:13:49.196Z"}
{"level":"info","message":"⌛ Building environment","timeElapsed":208,"timestamp":"2024-10-11T12:13:55.436Z"}
{"level":"info","message":"⌛ Validating objetos.wlk","timeElapsed":211,"timestamp":"2024-10-11T12:13:55.656Z"}
{"level":"info","message":"⌛ Building environment","timeElapsed":157,"timestamp":"2024-10-11T12:13:55.820Z"}
{"level":"info","message":"⌛ Validating objetos.wlk","timeElapsed":207,"timestamp":"2024-10-11T12:13:56.035Z"}
{"level":"info","message":"⌛ Building environment","timeElapsed":193,"timestamp":"2024-10-11T12:13:56.230Z"}
{"level":"info","message":"⌛ Validating objetos.wlk","timeElapsed":305,"timestamp":"2024-10-11T12:13:56.546Z"}
{"level":"info","message":"⌛ Building environment","timeElapsed":139,"timestamp":"2024-10-11T12:13:56.685Z"}
{"level":"info","message":"⌛ Building environment","timeElapsed":151,"timestamp":"2024-10-11T12:13:56.847Z"}
{"level":"info","message":"⌛ Validating objetos.wlk","timeElapsed":202,"timestamp":"2024-10-11T12:13:57.050Z"}
{"level":"info","message":"⌛ Validating objetos.wlk","timeElapsed":204,"timestamp":"2024-10-11T12:13:57.255Z"}
{"level":"info","message":"⌛ Building environment","timeElapsed":136,"timestamp":"2024-10-11T12:13:58.318Z"}
{"level":"info","message":"⌛ Validating objetos.wlk","timeElapsed":215,"timestamp":"2024-10-11T12:13:58.541Z"}
{"level":"info","message":"⌛ Building environment","timeElapsed":172,"timestamp":"2024-10-11T12:13:58.778Z"}
{"level":"info","message":"⌛ Validating objetos.wlk","timeElapsed":185,"timestamp":"2024-10-11T12:13:58.964Z"}
{"level":"info","message":"⌛ Building environment","timeElapsed":149,"timestamp":"2024-10-11T12:14:00.501Z"}
{"level":"info","message":"⌛ Validating objetos.wlk","timeElapsed":189,"timestamp":"2024-10-11T12:14:00.692Z"}
{"level":"info","message":"⌛ Building environment","timeElapsed":160,"timestamp":"2024-10-11T12:14:02.198Z"}
{"level":"info","message":"⌛ Validating objetos.wlk","timeElapsed":187,"timestamp":"2024-10-11T12:14:02.386Z"}
{"level":"info","message":"⌛ Building environment","timeElapsed":179,"timestamp":"2024-10-11T12:14:17.997Z"}
{"level":"info","message":"⌛ Validating objetos.wlk","timeElapsed":195,"timestamp":"2024-10-11T12:14:18.193Z"}
{"level":"info","message":"⌛ Building environment","timeElapsed":182,"timestamp":"2024-10-11T12:14:18.575Z"}
{"level":"info","message":"⌛ Validating objetos.wlk","timeElapsed":233,"timestamp":"2024-10-11T12:14:18.810Z"}
{"level":"info","message":"⌛ Building environment","timeElapsed":243,"timestamp":"2024-10-11T12:14:19.066Z"}
{"level":"info","message":"⌛ Building environment","timeElapsed":132,"timestamp":"2024-10-11T12:14:19.249Z"}
{"level":"info","message":"⌛ Validating objetos.wlk","timeElapsed":192,"timestamp":"2024-10-11T12:14:19.441Z"}
{"level":"info","message":"⌛ Building environment","timeElapsed":148,"timestamp":"2024-10-11T12:14:19.589Z"}
{"level":"info","message":"onRequest - completionItem/resolve","timestamp":"2024-10-11T12:14:19.590Z"}
{"level":"info","message":"⌛ Validating objetos.wlk","timeElapsed":212,"timestamp":"2024-10-11T12:14:19.802Z"}
{"level":"info","message":"⌛ Building environment","timeElapsed":173,"timestamp":"2024-10-11T12:14:19.987Z"}
{"level":"info","message":"onRequest - completionItem/resolve","timestamp":"2024-10-11T12:14:19.993Z"}
{"level":"info","message":"⌛ Validating objetos.wlk","timeElapsed":199,"timestamp":"2024-10-11T12:14:20.192Z"}
{"level":"info","message":"⌛ Building environment","timeElapsed":152,"timestamp":"2024-10-11T12:14:20.345Z"}
{"level":"info","message":"onRequest - completionItem/resolve","timestamp":"2024-10-11T12:14:20.346Z"}
{"level":"error","message":"✘ Failed to rebuild document Failed to parse objetos.wlk: \n-- PARSING FAILED --------------------------------------------------\n\n  25 | \n  26 | \tmethod\n> 27 | }\n     | ^\n  28 | \n  29 | \n\nExpected one of the following: \n\n'!=', '!==', '%', '&&', '*', '**', '+', '-', '->', '..', '..<', '/', '<', '<<', '<<<', '<=', '<=>', '<>', '==', '===', '>', '>..', '>=', '>>', '>>>', '?:', '@', 'and', 'class', 'const', 'describe', 'invert', 'mixin', 'negate', 'object', 'only', 'or', 'package', 'plus', 'program', 'test', 'var', '{', '||', EOF, comment, identifier, not \"}\n\n\n\", whitespace\n","stack":"Error: Failed to parse objetos.wlk: \n-- PARSING FAILED --------------------------------------------------\n\n  25 | \n  26 | \tmethod\n> 27 | }\n     | ^\n  28 | \n  29 | \n\nExpected one of the following: \n\n'!=', '!==', '%', '&&', '*', '**', '+', '-', '->', '..', '..<', '/', '<', '<<', '<<<', '<=', '<=>', '<>', '==', '===', '>', '>..', '>=', '>>', '>>>', '?:', '@', 'and', 'class', 'const', 'describe', 'invert', 'mixin', 'negate', 'object', 'only', 'or', 'package', 'plus', 'program', 'test', 'var', '{', '||', EOF, comment, identifier, not \"}\n\n\n\", whitespace\n\n    at /home/felipe/.vscode/extensions/uqbar.wollok-lsp-ide-0.3.6/out/server/src/server.js:2254:32415\n    at Array.map (<anonymous>)\n    at Jfn (/home/felipe/.vscode/extensions/uqbar.wollok-lsp-ide-0.3.6/out/server/src/server.js:2254:32339)\n    at k2.buildEnvironmentFrom (/home/felipe/.vscode/extensions/uqbar.wollok-lsp-ide-0.3.6/out/server/src/server.js:2285:6721)\n    at k2.updateEnvironmentWith (/home/felipe/.vscode/extensions/uqbar.wollok-lsp-ide-0.3.6/out/server/src/server.js:2285:6456)\n    at jL (/home/felipe/.vscode/extensions/uqbar.wollok-lsp-ide-0.3.6/out/server/src/server.js:2298:2292)\n    at v3.invoke (/home/felipe/.vscode/extensions/uqbar.wollok-lsp-ide-0.3.6/out/server/src/server.js:3:157200)\n    at o.fire (/home/felipe/.vscode/extensions/uqbar.wollok-lsp-ide-0.3.6/out/server/src/server.js:3:157970)\n    at /home/felipe/.vscode/extensions/uqbar.wollok-lsp-ide-0.3.6/out/server/src/server.js:37:57871\n    at Vr (/home/felipe/.vscode/extensions/uqbar.wollok-lsp-ide-0.3.6/out/server/src/server.js:8:1561)","timestamp":"2024-10-11T12:14:20.375Z"}
{"level":"info","message":"onRequest - completionItem/resolve","timestamp":"2024-10-11T12:14:20.376Z"}
{"level":"info","message":"⌛ Validating objetos.wlk","timeElapsed":213,"timestamp":"2024-10-11T12:14:20.589Z"}
{"level":"info","message":"⌛ Building environment","timeElapsed":150,"timestamp":"2024-10-11T12:14:20.747Z"}
{"level":"info","message":"onRequest - completionItem/resolve","timestamp":"2024-10-11T12:14:20.748Z"}
{"level":"info","message":"⌛ Validating objetos.wlk","timeElapsed":207,"timestamp":"2024-10-11T12:14:20.955Z"}
{"level":"info","message":"⌛ Building environment","timeElapsed":135,"timestamp":"2024-10-11T12:14:21.091Z"}
{"level":"info","message":"⌛ Building environment","timeElapsed":130,"timestamp":"2024-10-11T12:14:21.258Z"}
{"level":"info","message":"⌛ Validating objetos.wlk","timeElapsed":193,"timestamp":"2024-10-11T12:14:21.451Z"}
{"level":"info","message":"⌛ Building environment","timeElapsed":204,"timestamp":"2024-10-11T12:14:21.655Z"}
{"level":"info","message":"⌛ Validating objetos.wlk","timeElapsed":197,"timestamp":"2024-10-11T12:14:21.853Z"}
{"level":"info","message":"⌛ Validating objetos.wlk","timeElapsed":204,"timestamp":"2024-10-11T12:14:22.067Z"}
{"level":"info","message":"⌛ Building environment","timeElapsed":150,"timestamp":"2024-10-11T12:14:22.219Z"}
{"level":"info","message":"⌛ Validating objetos.wlk","timeElapsed":189,"timestamp":"2024-10-11T12:14:22.408Z"}
{"level":"info","message":"⌛ Building environment","timeElapsed":131,"timestamp":"2024-10-11T12:14:22.539Z"}
{"level":"info","message":"⌛ Building environment","timeElapsed":135,"timestamp":"2024-10-11T12:14:22.675Z"}
{"level":"error","message":"✘ Failed to rebuild document Failed to parse objetos.wlk: \n-- PARSING FAILED --------------------------------------------------\n\n  25 | \n  26 | \tmethod\n> 27 | }\n     | ^\n  28 | \n  29 | \n\nExpected one of the following: \n\n'!=', '!==', '%', '&&', '*', '**', '+', '-', '->', '..', '..<', '/', '<', '<<', '<<<', '<=', '<=>', '<>', '==', '===', '>', '>..', '>=', '>>', '>>>', '?:', '@', 'and', 'class', 'const', 'describe', 'invert', 'mixin', 'negate', 'object', 'only', 'or', 'package', 'plus', 'program', 'test', 'var', '{', '||', EOF, comment, identifier, not \"}\n\n\n\", whitespace\n","stack":"Error: Failed to parse objetos.wlk: \n-- PARSING FAILED --------------------------------------------------\n\n  25 | \n  26 | \tmethod\n> 27 | }\n     | ^\n  28 | \n  29 | \n\nExpected one of the following: \n\n'!=', '!==', '%', '&&', '*', '**', '+', '-', '->', '..', '..<', '/', '<', '<<', '<<<', '<=', '<=>', '<>', '==', '===', '>', '>..', '>=', '>>', '>>>', '?:', '@', 'and', 'class', 'const', 'describe', 'invert', 'mixin', 'negate', 'object', 'only', 'or', 'package', 'plus', 'program', 'test', 'var', '{', '||', EOF, comment, identifier, not \"}\n\n\n\", whitespace\n\n    at /home/felipe/.vscode/extensions/uqbar.wollok-lsp-ide-0.3.6/out/server/src/server.js:2254:32415\n    at Array.map (<anonymous>)\n    at Jfn (/home/felipe/.vscode/extensions/uqbar.wollok-lsp-ide-0.3.6/out/server/src/server.js:2254:32339)\n    at k2.buildEnvironmentFrom (/home/felipe/.vscode/extensions/uqbar.wollok-lsp-ide-0.3.6/out/server/src/server.js:2285:6721)\n    at k2.updateEnvironmentWith (/home/felipe/.vscode/extensions/uqbar.wollok-lsp-ide-0.3.6/out/server/src/server.js:2285:6456)\n    at jL (/home/felipe/.vscode/extensions/uqbar.wollok-lsp-ide-0.3.6/out/server/src/server.js:2298:2292)\n    at v3.invoke (/home/felipe/.vscode/extensions/uqbar.wollok-lsp-ide-0.3.6/out/server/src/server.js:3:157200)\n    at o.fire (/home/felipe/.vscode/extensions/uqbar.wollok-lsp-ide-0.3.6/out/server/src/server.js:3:157970)\n    at /home/felipe/.vscode/extensions/uqbar.wollok-lsp-ide-0.3.6/out/server/src/server.js:37:57871\n    at Vr (/home/felipe/.vscode/extensions/uqbar.wollok-lsp-ide-0.3.6/out/server/src/server.js:8:1561)","timestamp":"2024-10-11T12:14:22.696Z"}
{"level":"info","message":"⌛ Validating objetos.wlk","timeElapsed":186,"timestamp":"2024-10-11T12:14:22.882Z"}
{"level":"info","message":"⌛ Validating objetos.wlk","timeElapsed":197,"timestamp":"2024-10-11T12:14:23.086Z"}
{"level":"info","message":"⌛ Validating objetos.wlk","timeElapsed":191,"timestamp":"2024-10-11T12:14:23.281Z"}
{"level":"error","message":"✘ Failed to rebuild document Failed to parse objetos.wlk: \n-- PARSING FAILED --------------------------------------------------\n\n  25 | \n  26 | \tmethod \n> 27 | }\n     | ^\n  28 | \n  29 | \n\nExpected one of the following: \n\n'!=', '!==', '%', '&&', '*', '**', '+', '-', '->', '..', '..<', '/', '<', '<<', '<<<', '<=', '<=>', '<>', '==', '===', '>', '>..', '>=', '>>', '>>>', '?:', '@', 'and', 'class', 'const', 'describe', 'invert', 'mixin', 'negate', 'object', 'only', 'or', 'package', 'plus', 'program', 'test', 'var', '{', '||', EOF, comment, identifier, not \"}\n\n\n\", whitespace\n","stack":"Error: Failed to parse objetos.wlk: \n-- PARSING FAILED --------------------------------------------------\n\n  25 | \n  26 | \tmethod \n> 27 | }\n     | ^\n  28 | \n  29 | \n\nExpected one of the following: \n\n'!=', '!==', '%', '&&', '*', '**', '+', '-', '->', '..', '..<', '/', '<', '<<', '<<<', '<=', '<=>', '<>', '==', '===', '>', '>..', '>=', '>>', '>>>', '?:', '@', 'and', 'class', 'const', 'describe', 'invert', 'mixin', 'negate', 'object', 'only', 'or', 'package', 'plus', 'program', 'test', 'var', '{', '||', EOF, comment, identifier, not \"}\n\n\n\", whitespace\n\n    at /home/felipe/.vscode/extensions/uqbar.wollok-lsp-ide-0.3.6/out/server/src/server.js:2254:32415\n    at Array.map (<anonymous>)\n    at Jfn (/home/felipe/.vscode/extensions/uqbar.wollok-lsp-ide-0.3.6/out/server/src/server.js:2254:32339)\n    at k2.buildEnvironmentFrom (/home/felipe/.vscode/extensions/uqbar.wollok-lsp-ide-0.3.6/out/server/src/server.js:2285:6721)\n    at k2.updateEnvironmentWith (/home/felipe/.vscode/extensions/uqbar.wollok-lsp-ide-0.3.6/out/server/src/server.js:2285:6456)\n    at jL (/home/felipe/.vscode/extensions/uqbar.wollok-lsp-ide-0.3.6/out/server/src/server.js:2298:2292)\n    at v3.invoke (/home/felipe/.vscode/extensions/uqbar.wollok-lsp-ide-0.3.6/out/server/src/server.js:3:157200)\n    at o.fire (/home/felipe/.vscode/extensions/uqbar.wollok-lsp-ide-0.3.6/out/server/src/server.js:3:157970)\n    at /home/felipe/.vscode/extensions/uqbar.wollok-lsp-ide-0.3.6/out/server/src/server.js:37:57871\n    at Vr (/home/felipe/.vscode/extensions/uqbar.wollok-lsp-ide-0.3.6/out/server/src/server.js:8:1561)","timestamp":"2024-10-11T12:14:23.309Z"}
{"level":"info","message":"⌛ Building environment","timeElapsed":160,"timestamp":"2024-10-11T12:14:23.469Z"}
{"level":"info","message":"⌛ Building environment","timeElapsed":133,"timestamp":"2024-10-11T12:14:23.637Z"}
{"level":"info","message":"⌛ Validating objetos.wlk","timeElapsed":213,"timestamp":"2024-10-11T12:14:23.850Z"}
{"level":"info","message":"⌛ Validating objetos.wlk","timeElapsed":185,"timestamp":"2024-10-11T12:14:24.037Z"}
{"level":"info","message":"⌛ Building environment","timeElapsed":143,"timestamp":"2024-10-11T12:14:24.190Z"}
{"level":"info","message":"⌛ Building environment","timeElapsed":138,"timestamp":"2024-10-11T12:14:24.368Z"}
{"level":"info","message":"⌛ Building environment","timeElapsed":226,"timestamp":"2024-10-11T12:14:24.596Z"}
{"level":"info","message":"⌛ Validating objetos.wlk","timeElapsed":187,"timestamp":"2024-10-11T12:14:24.799Z"}
{"level":"info","message":"⌛ Building environment","timeElapsed":135,"timestamp":"2024-10-11T12:14:24.935Z"}
{"level":"info","message":"⌛ Validating objetos.wlk","timeElapsed":194,"timestamp":"2024-10-11T12:14:25.165Z"}
{"level":"info","message":"⌛ Building environment","timeElapsed":133,"timestamp":"2024-10-11T12:14:25.300Z"}
{"level":"info","message":"⌛ Validating objetos.wlk","timeElapsed":183,"timestamp":"2024-10-11T12:14:25.484Z"}
{"level":"info","message":"⌛ Validating objetos.wlk","timeElapsed":188,"timestamp":"2024-10-11T12:14:25.680Z"}
{"level":"info","message":"⌛ Building environment","timeElapsed":135,"timestamp":"2024-10-11T12:14:25.816Z"}
{"level":"info","message":"⌛ Validating objetos.wlk","timeElapsed":175,"timestamp":"2024-10-11T12:14:26.033Z"}
{"level":"info","message":"⌛ Building environment","timeElapsed":138,"timestamp":"2024-10-11T12:14:26.173Z"}
{"level":"info","message":"⌛ Validating objetos.wlk","timeElapsed":184,"timestamp":"2024-10-11T12:14:26.358Z"}
{"level":"info","message":"⌛ Validating objetos.wlk","timeElapsed":215,"timestamp":"2024-10-11T12:14:26.631Z"}
{"level":"info","message":"⌛ Building environment","timeElapsed":173,"timestamp":"2024-10-11T12:14:26.806Z"}
{"level":"info","message":"⌛ Validating objetos.wlk","timeElapsed":209,"timestamp":"2024-10-11T12:14:27.056Z"}
{"level":"info","message":"⌛ Building environment","timeElapsed":166,"timestamp":"2024-10-11T12:14:27.223Z"}
{"level":"info","message":"⌛ Building environment","timeElapsed":125,"timestamp":"2024-10-11T12:14:27.397Z"}
{"level":"info","message":"⌛ Building environment","timeElapsed":130,"timestamp":"2024-10-11T12:14:27.533Z"}
{"level":"info","message":"⌛ Validating objetos.wlk","timeElapsed":203,"timestamp":"2024-10-11T12:14:27.738Z"}
{"level":"info","message":"⌛ Validating objetos.wlk","timeElapsed":204,"timestamp":"2024-10-11T12:14:27.943Z"}
{"level":"info","message":"⌛ Validating objetos.wlk","timeElapsed":197,"timestamp":"2024-10-11T12:14:28.140Z"}
{"level":"info","message":"⌛ Building environment","timeElapsed":132,"timestamp":"2024-10-11T12:14:28.281Z"}
{"level":"info","message":"⌛ Validating objetos.wlk","timeElapsed":179,"timestamp":"2024-10-11T12:14:28.468Z"}
{"level":"info","message":"⌛ Building environment","timeElapsed":154,"timestamp":"2024-10-11T12:14:31.074Z"}
{"level":"info","message":"⌛ Validating objetos.wlk","timeElapsed":207,"timestamp":"2024-10-11T12:14:31.282Z"}
{"level":"info","message":"⌛ Building environment","timeElapsed":167,"timestamp":"2024-10-11T12:14:31.451Z"}
{"level":"info","message":"⌛ Validating objetos.wlk","timeElapsed":180,"timestamp":"2024-10-11T12:14:31.632Z"}
{"level":"info","message":"⌛ Building environment","timeElapsed":141,"timestamp":"2024-10-11T12:14:32.173Z"}
{"level":"info","message":"⌛ Validating objetos.wlk","timeElapsed":192,"timestamp":"2024-10-11T12:14:32.371Z"}
{"level":"error","message":"✘ Failed to rebuild document Failed to parse objetos.wlk: \n-- PARSING FAILED --------------------------------------------------\n\n  64 | \t}\n  65 | \n> 66 | }\n     | ^\n\nExpected one of the following: \n\n'@', 'class', 'const', 'describe', 'mixin', 'object', 'only', 'package', 'program', 'test', 'var', '{', EOF, comment, not \"}\", whitespace\n","stack":"Error: Failed to parse objetos.wlk: \n-- PARSING FAILED --------------------------------------------------\n\n  64 | \t}\n  65 | \n> 66 | }\n     | ^\n\nExpected one of the following: \n\n'@', 'class', 'const', 'describe', 'mixin', 'object', 'only', 'package', 'program', 'test', 'var', '{', EOF, comment, not \"}\", whitespace\n\n    at /home/felipe/.vscode/extensions/uqbar.wollok-lsp-ide-0.3.6/out/server/src/server.js:2254:32415\n    at Array.map (<anonymous>)\n    at Jfn (/home/felipe/.vscode/extensions/uqbar.wollok-lsp-ide-0.3.6/out/server/src/server.js:2254:32339)\n    at k2.buildEnvironmentFrom (/home/felipe/.vscode/extensions/uqbar.wollok-lsp-ide-0.3.6/out/server/src/server.js:2285:6721)\n    at k2.updateEnvironmentWith (/home/felipe/.vscode/extensions/uqbar.wollok-lsp-ide-0.3.6/out/server/src/server.js:2285:6456)\n    at jL (/home/felipe/.vscode/extensions/uqbar.wollok-lsp-ide-0.3.6/out/server/src/server.js:2298:2292)\n    at v3.invoke (/home/felipe/.vscode/extensions/uqbar.wollok-lsp-ide-0.3.6/out/server/src/server.js:3:157200)\n    at o.fire (/home/felipe/.vscode/extensions/uqbar.wollok-lsp-ide-0.3.6/out/server/src/server.js:3:157970)\n    at /home/felipe/.vscode/extensions/uqbar.wollok-lsp-ide-0.3.6/out/server/src/server.js:37:57871\n    at Vr (/home/felipe/.vscode/extensions/uqbar.wollok-lsp-ide-0.3.6/out/server/src/server.js:8:1561)","timestamp":"2024-10-11T12:14:41.960Z"}
{"level":"info","message":"⌛ Building environment","timeElapsed":314,"timestamp":"2024-10-11T12:14:43.245Z"}
{"level":"info","message":"⌛ Validating objetos.wlk","timeElapsed":264,"timestamp":"2024-10-11T12:14:43.556Z"}
{"level":"info","message":"⌛ Building environment","timeElapsed":163,"timestamp":"2024-10-11T12:14:54.816Z"}
{"level":"info","message":"⌛ Validating objetos.wlk","timeElapsed":184,"timestamp":"2024-10-11T12:14:55.009Z"}
{"level":"info","message":"⌛ Building environment","timeElapsed":166,"timestamp":"2024-10-11T12:15:00.130Z"}
{"level":"error","message":"✘ Completions for node failed: Error: [Send]{5d5c8a} at objetos.wlk:27 exhausted all cases without a match [Send]{5d5c8a} at objetos.wlk:27 exhausted all cases without a match","stack":"Error: [Send]{5d5c8a} at objetos.wlk:27 exhausted all cases without a match\n    at /home/felipe/.vscode/extensions/uqbar.wollok-lsp-ide-0.3.6/out/server/src/server.js:38:6067\n    at yh (/home/felipe/.vscode/extensions/uqbar.wollok-lsp-ide-0.3.6/out/server/src/server.js:2291:42)\n    at kh (/home/felipe/.vscode/extensions/uqbar.wollok-lsp-ide-0.3.6/out/server/src/server.js:2291:1004)\n    at Y5n (/home/felipe/.vscode/extensions/uqbar.wollok-lsp-ide-0.3.6/out/server/src/server.js:2291:1160)\n    at /home/felipe/.vscode/extensions/uqbar.wollok-lsp-ide-0.3.6/out/server/src/server.js:38:6056\n    at yh (/home/felipe/.vscode/extensions/uqbar.wollok-lsp-ide-0.3.6/out/server/src/server.js:2291:42)\n    at /home/felipe/.vscode/extensions/uqbar.wollok-lsp-ide-0.3.6/out/server/src/server.js:2291:2700\n    at /home/felipe/.vscode/extensions/uqbar.wollok-lsp-ide-0.3.6/out/server/src/server.js:2298:3774\n    at /home/felipe/.vscode/extensions/uqbar.wollok-lsp-ide-0.3.6/out/server/src/server.js:37:74872\n    at Fe (/home/felipe/.vscode/extensions/uqbar.wollok-lsp-ide-0.3.6/out/server/src/server.js:7:8527)","timestamp":"2024-10-11T12:15:00.170Z"}
{"level":"error","message":"✘ Completions for node failed: Error: [Return]{6b7de8} at objetos.wlk:-- exhausted all cases without a match [Return]{6b7de8} at objetos.wlk:-- exhausted all cases without a match","stack":"Error: [Return]{6b7de8} at objetos.wlk:-- exhausted all cases without a match\n    at /home/felipe/.vscode/extensions/uqbar.wollok-lsp-ide-0.3.6/out/server/src/server.js:38:6067\n    at yh (/home/felipe/.vscode/extensions/uqbar.wollok-lsp-ide-0.3.6/out/server/src/server.js:2291:42)\n    at kh (/home/felipe/.vscode/extensions/uqbar.wollok-lsp-ide-0.3.6/out/server/src/server.js:2291:1004)\n    at yh (/home/felipe/.vscode/extensions/uqbar.wollok-lsp-ide-0.3.6/out/server/src/server.js:2291:456)\n    at kh (/home/felipe/.vscode/extensions/uqbar.wollok-lsp-ide-0.3.6/out/server/src/server.js:2291:1004)\n    at Y5n (/home/felipe/.vscode/extensions/uqbar.wollok-lsp-ide-0.3.6/out/server/src/server.js:2291:1160)\n    at /home/felipe/.vscode/extensions/uqbar.wollok-lsp-ide-0.3.6/out/server/src/server.js:38:6056\n    at yh (/home/felipe/.vscode/extensions/uqbar.wollok-lsp-ide-0.3.6/out/server/src/server.js:2291:42)\n    at /home/felipe/.vscode/extensions/uqbar.wollok-lsp-ide-0.3.6/out/server/src/server.js:2291:2700\n    at /home/felipe/.vscode/extensions/uqbar.wollok-lsp-ide-0.3.6/out/server/src/server.js:2298:3774","timestamp":"2024-10-11T12:15:00.171Z"}
{"level":"info","message":"⌛ Building environment","timeElapsed":172,"timestamp":"2024-10-11T12:15:00.349Z"}
{"level":"info","message":"⌛ Validating objetos.wlk","timeElapsed":206,"timestamp":"2024-10-11T12:15:00.556Z"}
{"level":"info","message":"onRequest - completionItem/resolve","timestamp":"2024-10-11T12:15:00.556Z"}
{"level":"info","message":"⌛ Building environment","timeElapsed":154,"timestamp":"2024-10-11T12:15:00.720Z"}
{"level":"info","message":"onRequest - completionItem/resolve","timestamp":"2024-10-11T12:15:00.721Z"}
{"level":"info","message":"⌛ Validating objetos.wlk","timeElapsed":189,"timestamp":"2024-10-11T12:15:00.911Z"}
{"level":"info","message":"⌛ Building environment","timeElapsed":147,"timestamp":"2024-10-11T12:15:01.058Z"}
{"level":"info","message":"onRequest - completionItem/resolve","timestamp":"2024-10-11T12:15:01.059Z"}
{"level":"info","message":"⌛ Building environment","timeElapsed":222,"timestamp":"2024-10-11T12:15:01.281Z"}
{"level":"info","message":"onRequest - completionItem/resolve","timestamp":"2024-10-11T12:15:01.282Z"}
{"level":"info","message":"⌛ Validating objetos.wlk","timeElapsed":184,"timestamp":"2024-10-11T12:15:01.466Z"}
{"level":"info","message":"⌛ Validating objetos.wlk","timeElapsed":189,"timestamp":"2024-10-11T12:15:01.667Z"}
{"level":"info","message":"onRequest - completionItem/resolve","timestamp":"2024-10-11T12:15:01.667Z"}
{"level":"info","message":"⌛ Building environment","timeElapsed":141,"timestamp":"2024-10-11T12:15:01.808Z"}
{"level":"info","message":"⌛ Validating objetos.wlk","timeElapsed":198,"timestamp":"2024-10-11T12:15:02.008Z"}
{"level":"info","message":"⌛ Building environment","timeElapsed":156,"timestamp":"2024-10-11T12:15:02.174Z"}
{"level":"info","message":"⌛ Validating objetos.wlk","timeElapsed":291,"timestamp":"2024-10-11T12:15:02.466Z"}
{"level":"info","message":"⌛ Building environment","timeElapsed":149,"timestamp":"2024-10-11T12:15:02.616Z"}
{"level":"info","message":"⌛ Building environment","timeElapsed":157,"timestamp":"2024-10-11T12:15:02.774Z"}
{"level":"info","message":"⌛ Building environment","timeElapsed":139,"timestamp":"2024-10-11T12:15:02.913Z"}
{"level":"info","message":"⌛ Validating objetos.wlk","timeElapsed":254,"timestamp":"2024-10-11T12:15:03.168Z"}
{"level":"info","message":"⌛ Building environment","timeElapsed":270,"timestamp":"2024-10-11T12:15:03.438Z"}
{"level":"info","message":"⌛ Building environment","timeElapsed":145,"timestamp":"2024-10-11T12:15:03.585Z"}
{"level":"info","message":"⌛ Validating objetos.wlk","timeElapsed":194,"timestamp":"2024-10-11T12:15:03.779Z"}
{"level":"info","message":"⌛ Building environment","timeElapsed":151,"timestamp":"2024-10-11T12:15:03.933Z"}
{"level":"info","message":"⌛ Validating objetos.wlk","timeElapsed":260,"timestamp":"2024-10-11T12:15:04.304Z"}
{"level":"info","message":"⌛ Building environment","timeElapsed":223,"timestamp":"2024-10-11T12:15:04.529Z"}
{"level":"info","message":"⌛ Validating objetos.wlk","timeElapsed":222,"timestamp":"2024-10-11T12:15:04.751Z"}
{"level":"info","message":"⌛ Building environment","timeElapsed":149,"timestamp":"2024-10-11T12:15:04.902Z"}
{"level":"error","message":"✘ Completions for node failed: Error: [Send]{a0b5ef} at objetos.wlk:27 exhausted all cases without a match [Send]{a0b5ef} at objetos.wlk:27 exhausted all cases without a match","stack":"Error: [Send]{a0b5ef} at objetos.wlk:27 exhausted all cases without a match\n    at /home/felipe/.vscode/extensions/uqbar.wollok-lsp-ide-0.3.6/out/server/src/server.js:38:6067\n    at yh (/home/felipe/.vscode/extensions/uqbar.wollok-lsp-ide-0.3.6/out/server/src/server.js:2291:42)\n    at kh (/home/felipe/.vscode/extensions/uqbar.wollok-lsp-ide-0.3.6/out/server/src/server.js:2291:1004)\n    at Y5n (/home/felipe/.vscode/extensions/uqbar.wollok-lsp-ide-0.3.6/out/server/src/server.js:2291:1160)\n    at /home/felipe/.vscode/extensions/uqbar.wollok-lsp-ide-0.3.6/out/server/src/server.js:38:6056\n    at yh (/home/felipe/.vscode/extensions/uqbar.wollok-lsp-ide-0.3.6/out/server/src/server.js:2291:42)\n    at /home/felipe/.vscode/extensions/uqbar.wollok-lsp-ide-0.3.6/out/server/src/server.js:2291:2700\n    at /home/felipe/.vscode/extensions/uqbar.wollok-lsp-ide-0.3.6/out/server/src/server.js:2298:3774\n    at /home/felipe/.vscode/extensions/uqbar.wollok-lsp-ide-0.3.6/out/server/src/server.js:37:74872\n    at Fe (/home/felipe/.vscode/extensions/uqbar.wollok-lsp-ide-0.3.6/out/server/src/server.js:7:8527)","timestamp":"2024-10-11T12:15:04.943Z"}
{"level":"error","message":"✘ Completions for node failed: Error: [Return]{67b2b8} at objetos.wlk:-- exhausted all cases without a match [Return]{67b2b8} at objetos.wlk:-- exhausted all cases without a match","stack":"Error: [Return]{67b2b8} at objetos.wlk:-- exhausted all cases without a match\n    at /home/felipe/.vscode/extensions/uqbar.wollok-lsp-ide-0.3.6/out/server/src/server.js:38:6067\n    at yh (/home/felipe/.vscode/extensions/uqbar.wollok-lsp-ide-0.3.6/out/server/src/server.js:2291:42)\n    at kh (/home/felipe/.vscode/extensions/uqbar.wollok-lsp-ide-0.3.6/out/server/src/server.js:2291:1004)\n    at yh (/home/felipe/.vscode/extensions/uqbar.wollok-lsp-ide-0.3.6/out/server/src/server.js:2291:456)\n    at kh (/home/felipe/.vscode/extensions/uqbar.wollok-lsp-ide-0.3.6/out/server/src/server.js:2291:1004)\n    at Y5n (/home/felipe/.vscode/extensions/uqbar.wollok-lsp-ide-0.3.6/out/server/src/server.js:2291:1160)\n    at /home/felipe/.vscode/extensions/uqbar.wollok-lsp-ide-0.3.6/out/server/src/server.js:38:6056\n    at yh (/home/felipe/.vscode/extensions/uqbar.wollok-lsp-ide-0.3.6/out/server/src/server.js:2291:42)\n    at /home/felipe/.vscode/extensions/uqbar.wollok-lsp-ide-0.3.6/out/server/src/server.js:2291:2700\n    at /home/felipe/.vscode/extensions/uqbar.wollok-lsp-ide-0.3.6/out/server/src/server.js:2298:3774","timestamp":"2024-10-11T12:15:04.943Z"}
{"level":"info","message":"⌛ Building environment","timeElapsed":145,"timestamp":"2024-10-11T12:15:05.094Z"}
{"level":"info","message":"⌛ Validating objetos.wlk","timeElapsed":180,"timestamp":"2024-10-11T12:15:05.274Z"}
{"level":"info","message":"⌛ Building environment","timeElapsed":138,"timestamp":"2024-10-11T12:15:05.412Z"}
{"level":"info","message":"⌛ Validating objetos.wlk","timeElapsed":182,"timestamp":"2024-10-11T12:15:05.595Z"}
{"level":"info","message":"⌛ Building environment","timeElapsed":135,"timestamp":"2024-10-11T12:15:05.731Z"}
{"level":"info","message":"⌛ Building environment","timeElapsed":188,"timestamp":"2024-10-11T12:15:05.925Z"}
{"level":"info","message":"⌛ Validating objetos.wlk","timeElapsed":203,"timestamp":"2024-10-11T12:15:06.134Z"}
{"level":"info","message":"⌛ Building environment","timeElapsed":143,"timestamp":"2024-10-11T12:15:06.284Z"}
{"level":"info","message":"⌛ Building environment","timeElapsed":150,"timestamp":"2024-10-11T12:15:06.434Z"}
{"level":"info","message":"⌛ Building environment","timeElapsed":131,"timestamp":"2024-10-11T12:15:06.565Z"}
{"level":"info","message":"⌛ Validating objetos.wlk","timeElapsed":186,"timestamp":"2024-10-11T12:15:06.751Z"}
{"level":"info","message":"⌛ Building environment","timeElapsed":140,"timestamp":"2024-10-11T12:15:06.892Z"}
{"level":"info","message":"⌛ Building environment","timeElapsed":131,"timestamp":"2024-10-11T12:15:07.023Z"}
{"level":"info","message":"⌛ Validating objetos.wlk","timeElapsed":179,"timestamp":"2024-10-11T12:15:07.202Z"}
{"level":"info","message":"⌛ Validating objetos.wlk","timeElapsed":200,"timestamp":"2024-10-11T12:15:07.413Z"}
{"level":"info","message":"⌛ Validating objetos.wlk","timeElapsed":207,"timestamp":"2024-10-11T12:15:07.622Z"}
{"level":"info","message":"⌛ Building environment","timeElapsed":147,"timestamp":"2024-10-11T12:15:07.770Z"}
{"level":"info","message":"⌛ Validating objetos.wlk","timeElapsed":192,"timestamp":"2024-10-11T12:15:07.994Z"}
{"level":"info","message":"⌛ Validating objetos.wlk","timeElapsed":205,"timestamp":"2024-10-11T12:15:08.200Z"}
{"level":"info","message":"⌛ Building environment","timeElapsed":145,"timestamp":"2024-10-11T12:15:08.346Z"}
{"level":"info","message":"⌛ Building environment","timeElapsed":143,"timestamp":"2024-10-11T12:15:08.490Z"}
{"level":"info","message":"⌛ Validating objetos.wlk","timeElapsed":186,"timestamp":"2024-10-11T12:15:08.678Z"}
{"level":"info","message":"⌛ Building environment","timeElapsed":243,"timestamp":"2024-10-11T12:15:08.921Z"}
{"level":"info","message":"⌛ Validating objetos.wlk","timeElapsed":198,"timestamp":"2024-10-11T12:15:09.119Z"}
{"level":"info","message":"⌛ Validating objetos.wlk","timeElapsed":182,"timestamp":"2024-10-11T12:15:09.302Z"}
{"level":"info","message":"⌛ Validating objetos.wlk","timeElapsed":177,"timestamp":"2024-10-11T12:15:09.488Z"}
{"level":"info","message":"⌛ Validating objetos.wlk","timeElapsed":192,"timestamp":"2024-10-11T12:15:09.681Z"}
{"level":"info","message":"⌛ Building environment","timeElapsed":145,"timestamp":"2024-10-11T12:15:09.826Z"}
{"level":"info","message":"⌛ Validating objetos.wlk","timeElapsed":190,"timestamp":"2024-10-11T12:15:10.023Z"}
{"level":"info","message":"⌛ Building environment","timeElapsed":145,"timestamp":"2024-10-11T12:15:10.169Z"}
{"level":"error","message":"✘ Completions for node failed: Error: [Send]{f1dbb0} at objetos.wlk:27 exhausted all cases without a match [Send]{f1dbb0} at objetos.wlk:27 exhausted all cases without a match","stack":"Error: [Send]{f1dbb0} at objetos.wlk:27 exhausted all cases without a match\n    at /home/felipe/.vscode/extensions/uqbar.wollok-lsp-ide-0.3.6/out/server/src/server.js:38:6067\n    at yh (/home/felipe/.vscode/extensions/uqbar.wollok-lsp-ide-0.3.6/out/server/src/server.js:2291:42)\n    at kh (/home/felipe/.vscode/extensions/uqbar.wollok-lsp-ide-0.3.6/out/server/src/server.js:2291:1004)\n    at Y5n (/home/felipe/.vscode/extensions/uqbar.wollok-lsp-ide-0.3.6/out/server/src/server.js:2291:1160)\n    at /home/felipe/.vscode/extensions/uqbar.wollok-lsp-ide-0.3.6/out/server/src/server.js:38:6056\n    at yh (/home/felipe/.vscode/extensions/uqbar.wollok-lsp-ide-0.3.6/out/server/src/server.js:2291:42)\n    at /home/felipe/.vscode/extensions/uqbar.wollok-lsp-ide-0.3.6/out/server/src/server.js:2291:2700\n    at /home/felipe/.vscode/extensions/uqbar.wollok-lsp-ide-0.3.6/out/server/src/server.js:2298:3774\n    at /home/felipe/.vscode/extensions/uqbar.wollok-lsp-ide-0.3.6/out/server/src/server.js:37:74872\n    at Fe (/home/felipe/.vscode/extensions/uqbar.wollok-lsp-ide-0.3.6/out/server/src/server.js:7:8527)","timestamp":"2024-10-11T12:15:10.210Z"}
{"level":"error","message":"✘ Completions for node failed: Error: [Return]{d52a74} at objetos.wlk:-- exhausted all cases without a match [Return]{d52a74} at objetos.wlk:-- exhausted all cases without a match","stack":"Error: [Return]{d52a74} at objetos.wlk:-- exhausted all cases without a match\n    at /home/felipe/.vscode/extensions/uqbar.wollok-lsp-ide-0.3.6/out/server/src/server.js:38:6067\n    at yh (/home/felipe/.vscode/extensions/uqbar.wollok-lsp-ide-0.3.6/out/server/src/server.js:2291:42)\n    at kh (/home/felipe/.vscode/extensions/uqbar.wollok-lsp-ide-0.3.6/out/server/src/server.js:2291:1004)\n    at yh (/home/felipe/.vscode/extensions/uqbar.wollok-lsp-ide-0.3.6/out/server/src/server.js:2291:456)\n    at kh (/home/felipe/.vscode/extensions/uqbar.wollok-lsp-ide-0.3.6/out/server/src/server.js:2291:1004)\n    at Y5n (/home/felipe/.vscode/extensions/uqbar.wollok-lsp-ide-0.3.6/out/server/src/server.js:2291:1160)\n    at /home/felipe/.vscode/extensions/uqbar.wollok-lsp-ide-0.3.6/out/server/src/server.js:38:6056\n    at yh (/home/felipe/.vscode/extensions/uqbar.wollok-lsp-ide-0.3.6/out/server/src/server.js:2291:42)\n    at /home/felipe/.vscode/extensions/uqbar.wollok-lsp-ide-0.3.6/out/server/src/server.js:2291:2700\n    at /home/felipe/.vscode/extensions/uqbar.wollok-lsp-ide-0.3.6/out/server/src/server.js:2298:3774","timestamp":"2024-10-11T12:15:10.210Z"}
{"level":"info","message":"⌛ Building environment","timeElapsed":175,"timestamp":"2024-10-11T12:15:10.389Z"}
{"level":"info","message":"⌛ Building environment","timeElapsed":211,"timestamp":"2024-10-11T12:15:10.607Z"}
{"level":"info","message":"⌛ Validating objetos.wlk","timeElapsed":202,"timestamp":"2024-10-11T12:15:10.810Z"}
{"level":"info","message":"⌛ Validating objetos.wlk","timeElapsed":200,"timestamp":"2024-10-11T12:15:11.012Z"}
{"level":"info","message":"⌛ Validating objetos.wlk","timeElapsed":192,"timestamp":"2024-10-11T12:15:11.211Z"}
{"level":"info","message":"⌛ Building environment","timeElapsed":141,"timestamp":"2024-10-11T12:15:11.352Z"}
{"level":"info","message":"⌛ Validating objetos.wlk","timeElapsed":196,"timestamp":"2024-10-11T12:15:11.559Z"}
{"level":"info","message":"⌛ Validating objetos.wlk","timeElapsed":199,"timestamp":"2024-10-11T12:15:11.758Z"}
{"level":"info","message":"⌛ Validating objetos.wlk","timeElapsed":219,"timestamp":"2024-10-11T12:15:11.979Z"}
{"level":"info","message":"⌛ Building environment","timeElapsed":152,"timestamp":"2024-10-11T12:15:12.131Z"}
{"level":"info","message":"⌛ Validating objetos.wlk","timeElapsed":193,"timestamp":"2024-10-11T12:15:12.325Z"}
{"level":"info","message":"⌛ Validating objetos.wlk","timeElapsed":189,"timestamp":"2024-10-11T12:15:12.526Z"}
{"level":"info","message":"⌛ Building environment","timeElapsed":145,"timestamp":"2024-10-11T12:15:12.672Z"}
{"level":"info","message":"⌛ Building environment","timeElapsed":147,"timestamp":"2024-10-11T12:15:12.826Z"}
{"level":"info","message":"⌛ Validating objetos.wlk","timeElapsed":201,"timestamp":"2024-10-11T12:15:13.042Z"}
{"level":"info","message":"⌛ Validating objetos.wlk","timeElapsed":199,"timestamp":"2024-10-11T12:15:13.241Z"}
{"level":"info","message":"⌛ Validating objetos.wlk","timeElapsed":214,"timestamp":"2024-10-11T12:15:13.456Z"}
{"level":"info","message":"⌛ Building environment","timeElapsed":138,"timestamp":"2024-10-11T12:15:15.922Z"}
{"level":"error","message":"✘ Completions for node failed: Error: [Return]{f9d819} at objetos.wlk:-- exhausted all cases without a match [Return]{f9d819} at objetos.wlk:-- exhausted all cases without a match","stack":"Error: [Return]{f9d819} at objetos.wlk:-- exhausted all cases without a match\n    at /home/felipe/.vscode/extensions/uqbar.wollok-lsp-ide-0.3.6/out/server/src/server.js:38:6067\n    at yh (/home/felipe/.vscode/extensions/uqbar.wollok-lsp-ide-0.3.6/out/server/src/server.js:2291:42)\n    at kh (/home/felipe/.vscode/extensions/uqbar.wollok-lsp-ide-0.3.6/out/server/src/server.js:2291:1004)\n    at Y5n (/home/felipe/.vscode/extensions/uqbar.wollok-lsp-ide-0.3.6/out/server/src/server.js:2291:1160)\n    at /home/felipe/.vscode/extensions/uqbar.wollok-lsp-ide-0.3.6/out/server/src/server.js:38:6056\n    at yh (/home/felipe/.vscode/extensions/uqbar.wollok-lsp-ide-0.3.6/out/server/src/server.js:2291:42)\n    at /home/felipe/.vscode/extensions/uqbar.wollok-lsp-ide-0.3.6/out/server/src/server.js:2291:2700\n    at /home/felipe/.vscode/extensions/uqbar.wollok-lsp-ide-0.3.6/out/server/src/server.js:2298:3774\n    at /home/felipe/.vscode/extensions/uqbar.wollok-lsp-ide-0.3.6/out/server/src/server.js:37:74872\n    at Fe (/home/felipe/.vscode/extensions/uqbar.wollok-lsp-ide-0.3.6/out/server/src/server.js:7:8527)","timestamp":"2024-10-11T12:15:15.973Z"}
{"level":"info","message":"⌛ Validating objetos.wlk","timeElapsed":190,"timestamp":"2024-10-11T12:15:16.166Z"}
{"level":"info","message":"⌛ Building environment","timeElapsed":150,"timestamp":"2024-10-11T12:15:16.318Z"}
{"level":"info","message":"onRequest - completionItem/resolve","timestamp":"2024-10-11T12:15:16.318Z"}
{"level":"info","message":"⌛ Validating objetos.wlk","timeElapsed":194,"timestamp":"2024-10-11T12:15:16.526Z"}
{"level":"info","message":"⌛ Building environment","timeElapsed":167,"timestamp":"2024-10-11T12:15:16.699Z"}
{"level":"info","message":"onRequest - completionItem/resolve","timestamp":"2024-10-11T12:15:16.700Z"}
{"level":"info","message":"⌛ Building environment","timeElapsed":294,"timestamp":"2024-10-11T12:15:16.997Z"}
{"level":"error","message":"✘ Completions for node failed: Error: [Return]{7b25ac} at objetos.wlk:-- exhausted all cases without a match [Return]{7b25ac} at objetos.wlk:-- exhausted all cases without a match","stack":"Error: [Return]{7b25ac} at objetos.wlk:-- exhausted all cases without a match\n    at /home/felipe/.vscode/extensions/uqbar.wollok-lsp-ide-0.3.6/out/server/src/server.js:38:6067\n    at yh (/home/felipe/.vscode/extensions/uqbar.wollok-lsp-ide-0.3.6/out/server/src/server.js:2291:42)\n    at kh (/home/felipe/.vscode/extensions/uqbar.wollok-lsp-ide-0.3.6/out/server/src/server.js:2291:1004)\n    at Y5n (/home/felipe/.vscode/extensions/uqbar.wollok-lsp-ide-0.3.6/out/server/src/server.js:2291:1160)\n    at /home/felipe/.vscode/extensions/uqbar.wollok-lsp-ide-0.3.6/out/server/src/server.js:38:6056\n    at yh (/home/felipe/.vscode/extensions/uqbar.wollok-lsp-ide-0.3.6/out/server/src/server.js:2291:42)\n    at /home/felipe/.vscode/extensions/uqbar.wollok-lsp-ide-0.3.6/out/server/src/server.js:2291:2700\n    at /home/felipe/.vscode/extensions/uqbar.wollok-lsp-ide-0.3.6/out/server/src/server.js:2298:3774\n    at /home/felipe/.vscode/extensions/uqbar.wollok-lsp-ide-0.3.6/out/server/src/server.js:37:74872\n    at Fe (/home/felipe/.vscode/extensions/uqbar.wollok-lsp-ide-0.3.6/out/server/src/server.js:7:8527)","timestamp":"2024-10-11T12:15:17.039Z"}
{"level":"info","message":"⌛ Validating objetos.wlk","timeElapsed":223,"timestamp":"2024-10-11T12:15:17.269Z"}
{"level":"info","message":"⌛ Building environment","timeElapsed":158,"timestamp":"2024-10-11T12:15:17.428Z"}
{"level":"info","message":"⌛ Validating objetos.wlk","timeElapsed":220,"timestamp":"2024-10-11T12:15:17.648Z"}
{"level":"info","message":"⌛ Validating objetos.wlk","timeElapsed":180,"timestamp":"2024-10-11T12:15:17.839Z"}
{"level":"info","message":"⌛ Building environment","timeElapsed":164,"timestamp":"2024-10-11T12:15:18.356Z"}
{"level":"info","message":"⌛ Validating objetos.wlk","timeElapsed":182,"timestamp":"2024-10-11T12:15:18.541Z"}
{"level":"info","message":"⌛ Building environment","timeElapsed":178,"timestamp":"2024-10-11T12:15:19.411Z"}
{"level":"info","message":"⌛ Building environment","timeElapsed":137,"timestamp":"2024-10-11T12:15:19.549Z"}
{"level":"info","message":"⌛ Validating objetos.wlk","timeElapsed":200,"timestamp":"2024-10-11T12:15:19.750Z"}
{"level":"info","message":"⌛ Building environment","timeElapsed":244,"timestamp":"2024-10-11T12:15:19.996Z"}
{"level":"info","message":"⌛ Validating objetos.wlk","timeElapsed":272,"timestamp":"2024-10-11T12:15:20.287Z"}
{"level":"info","message":"⌛ Building environment","timeElapsed":138,"timestamp":"2024-10-11T12:15:20.426Z"}
{"level":"info","message":"⌛ Building environment","timeElapsed":135,"timestamp":"2024-10-11T12:15:20.561Z"}
{"level":"info","message":"⌛ Building environment","timeElapsed":149,"timestamp":"2024-10-11T12:15:20.711Z"}
{"level":"info","message":"⌛ Validating objetos.wlk","timeElapsed":195,"timestamp":"2024-10-11T12:15:20.906Z"}
{"level":"info","message":"⌛ Validating objetos.wlk","timeElapsed":216,"timestamp":"2024-10-11T12:15:21.131Z"}
{"level":"info","message":"⌛ Validating objetos.wlk","timeElapsed":187,"timestamp":"2024-10-11T12:15:21.319Z"}
{"level":"info","message":"⌛ Building environment","timeElapsed":138,"timestamp":"2024-10-11T12:15:21.458Z"}
{"level":"error","message":"✘ Completions for node failed: Error: [Return]{debf6d} at objetos.wlk:-- exhausted all cases without a match [Return]{debf6d} at objetos.wlk:-- exhausted all cases without a match","stack":"Error: [Return]{debf6d} at objetos.wlk:-- exhausted all cases without a match\n    at /home/felipe/.vscode/extensions/uqbar.wollok-lsp-ide-0.3.6/out/server/src/server.js:38:6067\n    at yh (/home/felipe/.vscode/extensions/uqbar.wollok-lsp-ide-0.3.6/out/server/src/server.js:2291:42)\n    at kh (/home/felipe/.vscode/extensions/uqbar.wollok-lsp-ide-0.3.6/out/server/src/server.js:2291:1004)\n    at Y5n (/home/felipe/.vscode/extensions/uqbar.wollok-lsp-ide-0.3.6/out/server/src/server.js:2291:1160)\n    at /home/felipe/.vscode/extensions/uqbar.wollok-lsp-ide-0.3.6/out/server/src/server.js:38:6056\n    at yh (/home/felipe/.vscode/extensions/uqbar.wollok-lsp-ide-0.3.6/out/server/src/server.js:2291:42)\n    at /home/felipe/.vscode/extensions/uqbar.wollok-lsp-ide-0.3.6/out/server/src/server.js:2291:2700\n    at /home/felipe/.vscode/extensions/uqbar.wollok-lsp-ide-0.3.6/out/server/src/server.js:2298:3774\n    at /home/felipe/.vscode/extensions/uqbar.wollok-lsp-ide-0.3.6/out/server/src/server.js:37:74872\n    at Fe (/home/felipe/.vscode/extensions/uqbar.wollok-lsp-ide-0.3.6/out/server/src/server.js:7:8527)","timestamp":"2024-10-11T12:15:21.495Z"}
{"level":"info","message":"⌛ Validating objetos.wlk","timeElapsed":194,"timestamp":"2024-10-11T12:15:21.693Z"}
{"level":"info","message":"⌛ Building environment","timeElapsed":148,"timestamp":"2024-10-11T12:15:21.843Z"}
{"level":"info","message":"⌛ Building environment","timeElapsed":140,"timestamp":"2024-10-11T12:15:21.989Z"}
{"level":"info","message":"⌛ Building environment","timeElapsed":136,"timestamp":"2024-10-11T12:15:22.132Z"}
{"level":"info","message":"⌛ Validating objetos.wlk","timeElapsed":190,"timestamp":"2024-10-11T12:15:22.335Z"}
{"level":"info","message":"⌛ Building environment","timeElapsed":232,"timestamp":"2024-10-11T12:15:22.567Z"}
{"level":"info","message":"⌛ Validating objetos.wlk","timeElapsed":179,"timestamp":"2024-10-11T12:15:22.753Z"}
{"level":"info","message":"⌛ Validating objetos.wlk","timeElapsed":182,"timestamp":"2024-10-11T12:15:22.935Z"}
{"level":"info","message":"⌛ Building environment","timeElapsed":154,"timestamp":"2024-10-11T12:15:23.091Z"}
{"level":"info","message":"⌛ Validating objetos.wlk","timeElapsed":200,"timestamp":"2024-10-11T12:15:23.292Z"}
{"level":"info","message":"⌛ Building environment","timeElapsed":151,"timestamp":"2024-10-11T12:15:23.444Z"}
{"level":"info","message":"⌛ Validating objetos.wlk","timeElapsed":210,"timestamp":"2024-10-11T12:15:23.660Z"}
{"level":"info","message":"⌛ Validating objetos.wlk","timeElapsed":233,"timestamp":"2024-10-11T12:15:23.894Z"}
{"level":"info","message":"⌛ Building environment","timeElapsed":132,"timestamp":"2024-10-11T12:15:24.029Z"}
{"level":"info","message":"⌛ Building environment","timeElapsed":132,"timestamp":"2024-10-11T12:15:24.175Z"}
{"level":"error","message":"✘ Completions for node failed: Error: [Return]{f20260} at objetos.wlk:-- exhausted all cases without a match [Return]{f20260} at objetos.wlk:-- exhausted all cases without a match","stack":"Error: [Return]{f20260} at objetos.wlk:-- exhausted all cases without a match\n    at /home/felipe/.vscode/extensions/uqbar.wollok-lsp-ide-0.3.6/out/server/src/server.js:38:6067\n    at yh (/home/felipe/.vscode/extensions/uqbar.wollok-lsp-ide-0.3.6/out/server/src/server.js:2291:42)\n    at kh (/home/felipe/.vscode/extensions/uqbar.wollok-lsp-ide-0.3.6/out/server/src/server.js:2291:1004)\n    at Y5n (/home/felipe/.vscode/extensions/uqbar.wollok-lsp-ide-0.3.6/out/server/src/server.js:2291:1160)\n    at /home/felipe/.vscode/extensions/uqbar.wollok-lsp-ide-0.3.6/out/server/src/server.js:38:6056\n    at yh (/home/felipe/.vscode/extensions/uqbar.wollok-lsp-ide-0.3.6/out/server/src/server.js:2291:42)\n    at /home/felipe/.vscode/extensions/uqbar.wollok-lsp-ide-0.3.6/out/server/src/server.js:2291:2700\n    at /home/felipe/.vscode/extensions/uqbar.wollok-lsp-ide-0.3.6/out/server/src/server.js:2298:3774\n    at /home/felipe/.vscode/extensions/uqbar.wollok-lsp-ide-0.3.6/out/server/src/server.js:37:74872\n    at Fe (/home/felipe/.vscode/extensions/uqbar.wollok-lsp-ide-0.3.6/out/server/src/server.js:7:8527)","timestamp":"2024-10-11T12:15:24.209Z"}
{"level":"info","message":"⌛ Validating objetos.wlk","timeElapsed":205,"timestamp":"2024-10-11T12:15:24.418Z"}
{"level":"info","message":"⌛ Building environment","timeElapsed":132,"timestamp":"2024-10-11T12:15:24.552Z"}
{"level":"info","message":"⌛ Building environment","timeElapsed":140,"timestamp":"2024-10-11T12:15:24.701Z"}
{"level":"info","message":"⌛ Building environment","timeElapsed":130,"timestamp":"2024-10-11T12:15:24.840Z"}
{"level":"info","message":"⌛ Validating objetos.wlk","timeElapsed":179,"timestamp":"2024-10-11T12:15:25.025Z"}
{"level":"info","message":"⌛ Validating objetos.wlk","timeElapsed":338,"timestamp":"2024-10-11T12:15:25.370Z"}
{"level":"info","message":"onRequest - completionItem/resolve","timestamp":"2024-10-11T12:15:25.370Z"}
{"level":"info","message":"⌛ Validating objetos.wlk","timeElapsed":212,"timestamp":"2024-10-11T12:15:25.583Z"}
{"level":"info","message":"⌛ Validating objetos.wlk","timeElapsed":202,"timestamp":"2024-10-11T12:15:25.787Z"}
{"level":"info","message":"⌛ Validating objetos.wlk","timeElapsed":290,"timestamp":"2024-10-11T12:15:26.078Z"}
{"level":"info","message":"⌛ Building environment","timeElapsed":194,"timestamp":"2024-10-11T12:15:26.272Z"}
{"level":"info","message":"⌛ Building environment","timeElapsed":146,"timestamp":"2024-10-11T12:15:26.453Z"}
{"level":"info","message":"⌛ Building environment","timeElapsed":159,"timestamp":"2024-10-11T12:15:26.612Z"}
{"level":"info","message":"⌛ Building environment","timeElapsed":137,"timestamp":"2024-10-11T12:15:26.750Z"}
{"level":"info","message":"⌛ Building environment","timeElapsed":147,"timestamp":"2024-10-11T12:15:26.899Z"}
{"level":"info","message":"⌛ Building environment","timeElapsed":160,"timestamp":"2024-10-11T12:15:27.060Z"}
{"level":"info","message":"⌛ Validating objetos.wlk","timeElapsed":200,"timestamp":"2024-10-11T12:15:27.260Z"}
{"level":"info","message":"⌛ Validating objetos.wlk","timeElapsed":209,"timestamp":"2024-10-11T12:15:27.480Z"}
{"level":"info","message":"⌛ Validating objetos.wlk","timeElapsed":198,"timestamp":"2024-10-11T12:15:27.679Z"}
{"level":"info","message":"⌛ Validating objetos.wlk","timeElapsed":185,"timestamp":"2024-10-11T12:15:27.865Z"}
{"level":"info","message":"⌛ Validating objetos.wlk","timeElapsed":224,"timestamp":"2024-10-11T12:15:28.090Z"}
{"level":"info","message":"⌛ Building environment","timeElapsed":201,"timestamp":"2024-10-11T12:15:28.292Z"}
{"level":"info","message":"⌛ Validating objetos.wlk","timeElapsed":193,"timestamp":"2024-10-11T12:15:28.485Z"}
{"level":"info","message":"⌛ Validating objetos.wlk","timeElapsed":207,"timestamp":"2024-10-11T12:15:28.701Z"}
{"level":"info","message":"⌛ Building environment","timeElapsed":184,"timestamp":"2024-10-11T12:15:33.756Z"}
{"level":"info","message":"⌛ Building environment","timeElapsed":136,"timestamp":"2024-10-11T12:15:33.892Z"}
{"level":"info","message":"⌛ Validating objetos.wlk","timeElapsed":193,"timestamp":"2024-10-11T12:15:34.085Z"}
{"level":"info","message":"⌛ Building environment","timeElapsed":140,"timestamp":"2024-10-11T12:15:34.226Z"}
{"level":"info","message":"⌛ Validating objetos.wlk","timeElapsed":212,"timestamp":"2024-10-11T12:15:34.439Z"}
{"level":"info","message":"⌛ Building environment","timeElapsed":128,"timestamp":"2024-10-11T12:15:34.569Z"}
{"level":"info","message":"⌛ Validating objetos.wlk","timeElapsed":206,"timestamp":"2024-10-11T12:15:34.782Z"}
{"level":"info","message":"⌛ Building environment","timeElapsed":150,"timestamp":"2024-10-11T12:15:34.932Z"}
{"level":"info","message":"⌛ Building environment","timeElapsed":158,"timestamp":"2024-10-11T12:15:35.090Z"}
{"level":"info","message":"⌛ Validating objetos.wlk","timeElapsed":190,"timestamp":"2024-10-11T12:15:35.281Z"}
{"level":"info","message":"⌛ Building environment","timeElapsed":145,"timestamp":"2024-10-11T12:15:35.427Z"}
{"level":"info","message":"⌛ Validating objetos.wlk","timeElapsed":189,"timestamp":"2024-10-11T12:15:35.617Z"}
{"level":"info","message":"⌛ Building environment","timeElapsed":211,"timestamp":"2024-10-11T12:15:35.839Z"}
{"level":"info","message":"⌛ Validating objetos.wlk","timeElapsed":186,"timestamp":"2024-10-11T12:15:36.032Z"}
{"level":"info","message":"⌛ Validating objetos.wlk","timeElapsed":172,"timestamp":"2024-10-11T12:15:36.214Z"}
{"level":"info","message":"⌛ Validating objetos.wlk","timeElapsed":283,"timestamp":"2024-10-11T12:15:36.497Z"}
{"level":"info","message":"⌛ Building environment","timeElapsed":252,"timestamp":"2024-10-11T12:18:03.566Z"}
{"level":"info","message":"⌛ Validating objetos.wlk","timeElapsed":229,"timestamp":"2024-10-11T12:18:03.797Z"}
{"level":"info","message":"⌛ Building environment","timeElapsed":262,"timestamp":"2024-10-11T12:18:34.198Z"}
{"level":"info","message":"⌛ Validating objetos.wlk","timeElapsed":209,"timestamp":"2024-10-11T12:18:34.419Z"}
{"level":"info","message":"⌛ Building environment","timeElapsed":243,"timestamp":"2024-10-11T12:18:53.201Z"}
{"level":"info","message":"⌛ Building environment","timeElapsed":172,"timestamp":"2024-10-11T12:18:53.373Z"}
{"level":"info","message":"⌛ Validating objetos.wlk","timeElapsed":211,"timestamp":"2024-10-11T12:18:53.585Z"}
{"level":"info","message":"⌛ Validating objetos.wlk","timeElapsed":325,"timestamp":"2024-10-11T12:18:53.912Z"}
{"level":"info","message":"⌛ Building environment","timeElapsed":132,"timestamp":"2024-10-11T12:18:54.053Z"}
{"level":"info","message":"⌛ Building environment","timeElapsed":214,"timestamp":"2024-10-11T12:18:54.312Z"}
{"level":"info","message":"⌛ Validating objetos.wlk","timeElapsed":221,"timestamp":"2024-10-11T12:18:54.540Z"}
{"level":"info","message":"⌛ Validating objetos.wlk","timeElapsed":180,"timestamp":"2024-10-11T12:18:54.727Z"}
{"level":"info","message":"⌛ Building environment","timeElapsed":185,"timestamp":"2024-10-11T12:19:11.651Z"}
{"level":"info","message":"⌛ Validating cultivos.wlk","timeElapsed":186,"timestamp":"2024-10-11T12:19:11.841Z"}
{"level":"info","message":"⌛ Building environment","timeElapsed":216,"timestamp":"2024-10-11T12:19:19.282Z"}
{"level":"info","message":"⌛ Validating cultivos.wlk","timeElapsed":230,"timestamp":"2024-10-11T12:19:19.516Z"}
{"level":"info","message":"⌛ Building environment","timeElapsed":147,"timestamp":"2024-10-11T12:19:19.669Z"}
{"level":"info","message":"⌛ Validating cultivos.wlk","timeElapsed":175,"timestamp":"2024-10-11T12:19:19.850Z"}
{"level":"info","message":"⌛ Building environment","timeElapsed":136,"timestamp":"2024-10-11T12:19:20.260Z"}
{"level":"info","message":"⌛ Validating cultivos.wlk","timeElapsed":238,"timestamp":"2024-10-11T12:19:20.501Z"}
{"level":"info","message":"⌛ Building environment","timeElapsed":218,"timestamp":"2024-10-11T12:19:30.767Z"}
{"level":"info","message":"⌛ Validating hector.wlk","timeElapsed":191,"timestamp":"2024-10-11T12:19:30.960Z"}
{"level":"info","message":"⌛ Building environment","timeElapsed":245,"timestamp":"2024-10-11T12:19:48.320Z"}
{"level":"info","message":"⌛ Building environment","timeElapsed":143,"timestamp":"2024-10-11T12:19:48.507Z"}
{"level":"info","message":"⌛ Validating hector.wlk","timeElapsed":261,"timestamp":"2024-10-11T12:19:48.775Z"}
{"level":"info","message":"⌛ Building environment","timeElapsed":178,"timestamp":"2024-10-11T12:19:48.953Z"}
{"level":"info","message":"onRequest - completionItem/resolve","timestamp":"2024-10-11T12:19:48.954Z"}
{"level":"info","message":"⌛ Validating hector.wlk","timeElapsed":197,"timestamp":"2024-10-11T12:19:49.152Z"}
{"level":"info","message":"⌛ Building environment","timeElapsed":141,"timestamp":"2024-10-11T12:19:49.293Z"}
{"level":"info","message":"onRequest - completionItem/resolve","timestamp":"2024-10-11T12:19:49.294Z"}
{"level":"info","message":"⌛ Validating hector.wlk","timeElapsed":193,"timestamp":"2024-10-11T12:19:49.494Z"}
{"level":"info","message":"⌛ Validating hector.wlk","timeElapsed":287,"timestamp":"2024-10-11T12:19:49.782Z"}
{"level":"info","message":"⌛ Building environment","timeElapsed":200,"timestamp":"2024-10-11T12:19:49.982Z"}
{"level":"info","message":"onRequest - completionItem/resolve","timestamp":"2024-10-11T12:19:49.983Z"}
{"level":"info","message":"⌛ Building environment","timeElapsed":183,"timestamp":"2024-10-11T12:19:50.166Z"}
{"level":"info","message":"onRequest - completionItem/resolve","timestamp":"2024-10-11T12:19:50.167Z"}
{"level":"info","message":"⌛ Building environment","timeElapsed":151,"timestamp":"2024-10-11T12:19:50.318Z"}
{"level":"info","message":"onRequest - completionItem/resolve","timestamp":"2024-10-11T12:19:50.319Z"}
{"level":"info","message":"⌛ Validating hector.wlk","timeElapsed":200,"timestamp":"2024-10-11T12:19:50.519Z"}
{"level":"info","message":"⌛ Building environment","timeElapsed":162,"timestamp":"2024-10-11T12:19:50.682Z"}
{"level":"info","message":"⌛ Validating hector.wlk","timeElapsed":202,"timestamp":"2024-10-11T12:19:50.890Z"}
{"level":"info","message":"⌛ Validating hector.wlk","timeElapsed":201,"timestamp":"2024-10-11T12:19:51.101Z"}
{"level":"info","message":"⌛ Building environment","timeElapsed":199,"timestamp":"2024-10-11T12:19:51.301Z"}
{"level":"info","message":"⌛ Building environment","timeElapsed":173,"timestamp":"2024-10-11T12:19:51.559Z"}
{"level":"info","message":"⌛ Validating hector.wlk","timeElapsed":202,"timestamp":"2024-10-11T12:19:51.762Z"}
{"level":"info","message":"⌛ Building environment","timeElapsed":158,"timestamp":"2024-10-11T12:19:51.922Z"}
{"level":"info","message":"⌛ Building environment","timeElapsed":145,"timestamp":"2024-10-11T12:19:52.068Z"}
{"level":"info","message":"⌛ Building environment","timeElapsed":141,"timestamp":"2024-10-11T12:19:52.219Z"}
{"level":"info","message":"⌛ Validating hector.wlk","timeElapsed":189,"timestamp":"2024-10-11T12:19:52.449Z"}
{"level":"info","message":"⌛ Validating hector.wlk","timeElapsed":201,"timestamp":"2024-10-11T12:19:52.652Z"}
{"level":"info","message":"⌛ Validating hector.wlk","timeElapsed":193,"timestamp":"2024-10-11T12:19:52.846Z"}
{"level":"info","message":"⌛ Validating hector.wlk","timeElapsed":191,"timestamp":"2024-10-11T12:19:53.037Z"}
{"level":"info","message":"⌛ Validating hector.wlk","timeElapsed":215,"timestamp":"2024-10-11T12:19:53.252Z"}
{"level":"info","message":"onRequest - completionItem/resolve","timestamp":"2024-10-11T12:19:53.252Z"}
{"level":"info","message":"⌛ Building environment","timeElapsed":181,"timestamp":"2024-10-11T12:19:54.009Z"}
{"level":"info","message":"onRequest - completionItem/resolve","timestamp":"2024-10-11T12:19:54.010Z"}
{"level":"info","message":"⌛ Validating hector.wlk","timeElapsed":199,"timestamp":"2024-10-11T12:19:54.209Z"}
{"level":"info","message":"⌛ Building environment","timeElapsed":178,"timestamp":"2024-10-11T12:19:54.846Z"}
{"level":"info","message":"onRequest - completionItem/resolve","timestamp":"2024-10-11T12:19:54.847Z"}
{"level":"info","message":"⌛ Building environment","timeElapsed":138,"timestamp":"2024-10-11T12:19:54.985Z"}
{"level":"info","message":"onRequest - completionItem/resolve","timestamp":"2024-10-11T12:19:54.986Z"}
{"level":"info","message":"⌛ Validating hector.wlk","timeElapsed":223,"timestamp":"2024-10-11T12:19:55.209Z"}
{"level":"info","message":"⌛ Validating hector.wlk","timeElapsed":202,"timestamp":"2024-10-11T12:19:55.413Z"}
{"level":"info","message":"⌛ Building environment","timeElapsed":163,"timestamp":"2024-10-11T12:19:55.576Z"}
{"level":"info","message":"⌛ Building environment","timeElapsed":147,"timestamp":"2024-10-11T12:19:55.724Z"}
{"level":"info","message":"⌛ Building environment","timeElapsed":172,"timestamp":"2024-10-11T12:19:55.936Z"}
{"level":"info","message":"⌛ Building environment","timeElapsed":150,"timestamp":"2024-10-11T12:19:56.087Z"}
{"level":"info","message":"⌛ Validating hector.wlk","timeElapsed":207,"timestamp":"2024-10-11T12:19:56.296Z"}
{"level":"info","message":"⌛ Building environment","timeElapsed":146,"timestamp":"2024-10-11T12:19:56.443Z"}
{"level":"info","message":"⌛ Validating hector.wlk","timeElapsed":192,"timestamp":"2024-10-11T12:19:56.674Z"}
{"level":"info","message":"⌛ Building environment","timeElapsed":150,"timestamp":"2024-10-11T12:19:56.826Z"}
{"level":"info","message":"⌛ Validating hector.wlk","timeElapsed":186,"timestamp":"2024-10-11T12:19:57.054Z"}
{"level":"info","message":"⌛ Building environment","timeElapsed":159,"timestamp":"2024-10-11T12:19:57.213Z"}
{"level":"info","message":"⌛ Validating hector.wlk","timeElapsed":197,"timestamp":"2024-10-11T12:19:57.446Z"}
{"level":"info","message":"⌛ Building environment","timeElapsed":256,"timestamp":"2024-10-11T12:19:57.703Z"}
{"level":"info","message":"⌛ Building environment","timeElapsed":187,"timestamp":"2024-10-11T12:19:57.924Z"}
{"level":"info","message":"⌛ Validating hector.wlk","timeElapsed":198,"timestamp":"2024-10-11T12:19:58.123Z"}
{"level":"info","message":"⌛ Building environment","timeElapsed":159,"timestamp":"2024-10-11T12:19:58.283Z"}
{"level":"info","message":"⌛ Building environment","timeElapsed":135,"timestamp":"2024-10-11T12:19:58.457Z"}
{"level":"info","message":"⌛ Validating hector.wlk","timeElapsed":193,"timestamp":"2024-10-11T12:19:58.650Z"}
{"level":"info","message":"⌛ Building environment","timeElapsed":333,"timestamp":"2024-10-11T12:19:58.986Z"}
{"level":"info","message":"⌛ Building environment","timeElapsed":149,"timestamp":"2024-10-11T12:19:59.137Z"}
{"level":"info","message":"⌛ Building environment","timeElapsed":132,"timestamp":"2024-10-11T12:19:59.270Z"}
{"level":"info","message":"⌛ Validating hector.wlk","timeElapsed":201,"timestamp":"2024-10-11T12:19:59.471Z"}
{"level":"info","message":"⌛ Building environment","timeElapsed":154,"timestamp":"2024-10-11T12:19:59.627Z"}
{"level":"info","message":"⌛ Validating hector.wlk","timeElapsed":207,"timestamp":"2024-10-11T12:19:59.842Z"}
{"level":"info","message":"⌛ Building environment","timeElapsed":152,"timestamp":"2024-10-11T12:19:59.996Z"}
{"level":"info","message":"⌛ Validating hector.wlk","timeElapsed":187,"timestamp":"2024-10-11T12:20:00.184Z"}
{"level":"info","message":"⌛ Building environment","timeElapsed":155,"timestamp":"2024-10-11T12:20:00.341Z"}
{"level":"info","message":"⌛ Validating hector.wlk","timeElapsed":207,"timestamp":"2024-10-11T12:20:00.550Z"}
{"level":"info","message":"⌛ Validating hector.wlk","timeElapsed":181,"timestamp":"2024-10-11T12:20:00.738Z"}
{"level":"info","message":"⌛ Validating hector.wlk","timeElapsed":217,"timestamp":"2024-10-11T12:20:00.955Z"}
{"level":"info","message":"⌛ Validating hector.wlk","timeElapsed":199,"timestamp":"2024-10-11T12:20:01.155Z"}
{"level":"info","message":"⌛ Validating hector.wlk","timeElapsed":219,"timestamp":"2024-10-11T12:20:01.374Z"}
{"level":"info","message":"⌛ Building environment","timeElapsed":143,"timestamp":"2024-10-11T12:20:01.518Z"}
{"level":"info","message":"⌛ Validating hector.wlk","timeElapsed":176,"timestamp":"2024-10-11T12:20:01.735Z"}
{"level":"info","message":"⌛ Building environment","timeElapsed":201,"timestamp":"2024-10-11T12:20:01.936Z"}
{"level":"info","message":"⌛ Building environment","timeElapsed":134,"timestamp":"2024-10-11T12:20:02.071Z"}
{"level":"info","message":"⌛ Validating hector.wlk","timeElapsed":182,"timestamp":"2024-10-11T12:20:02.253Z"}
{"level":"info","message":"⌛ Building environment","timeElapsed":147,"timestamp":"2024-10-11T12:20:02.401Z"}
{"level":"info","message":"⌛ Building environment","timeElapsed":135,"timestamp":"2024-10-11T12:20:02.536Z"}
{"level":"info","message":"⌛ Validating hector.wlk","timeElapsed":193,"timestamp":"2024-10-11T12:20:02.730Z"}
{"level":"info","message":"⌛ Building environment","timeElapsed":150,"timestamp":"2024-10-11T12:20:02.880Z"}
{"level":"info","message":"⌛ Building environment","timeElapsed":133,"timestamp":"2024-10-11T12:20:03.015Z"}
{"level":"info","message":"⌛ Building environment","timeElapsed":272,"timestamp":"2024-10-11T12:20:03.294Z"}
{"level":"info","message":"⌛ Building environment","timeElapsed":139,"timestamp":"2024-10-11T12:20:03.440Z"}
{"level":"info","message":"⌛ Building environment","timeElapsed":134,"timestamp":"2024-10-11T12:20:03.574Z"}
{"level":"info","message":"⌛ Building environment","timeElapsed":136,"timestamp":"2024-10-11T12:20:03.711Z"}
{"level":"info","message":"⌛ Validating hector.wlk","timeElapsed":201,"timestamp":"2024-10-11T12:20:03.912Z"}
{"level":"info","message":"⌛ Validating hector.wlk","timeElapsed":184,"timestamp":"2024-10-11T12:20:04.106Z"}
{"level":"info","message":"⌛ Validating hector.wlk","timeElapsed":183,"timestamp":"2024-10-11T12:20:04.291Z"}
{"level":"info","message":"⌛ Building environment","timeElapsed":148,"timestamp":"2024-10-11T12:20:04.441Z"}
{"level":"info","message":"⌛ Validating hector.wlk","timeElapsed":254,"timestamp":"2024-10-11T12:20:04.767Z"}
{"level":"info","message":"⌛ Validating hector.wlk","timeElapsed":187,"timestamp":"2024-10-11T12:20:04.954Z"}
{"level":"info","message":"⌛ Building environment","timeElapsed":143,"timestamp":"2024-10-11T12:20:05.098Z"}
{"level":"info","message":"⌛ Building environment","timeElapsed":138,"timestamp":"2024-10-11T12:20:05.237Z"}
{"level":"info","message":"⌛ Validating hector.wlk","timeElapsed":182,"timestamp":"2024-10-11T12:20:05.419Z"}
{"level":"info","message":"⌛ Validating hector.wlk","timeElapsed":179,"timestamp":"2024-10-11T12:20:05.599Z"}
{"level":"info","message":"⌛ Building environment","timeElapsed":295,"timestamp":"2024-10-11T12:20:05.895Z"}
{"level":"info","message":"⌛ Building environment","timeElapsed":146,"timestamp":"2024-10-11T12:20:06.042Z"}
{"level":"info","message":"⌛ Validating hector.wlk","timeElapsed":200,"timestamp":"2024-10-11T12:20:06.242Z"}
{"level":"info","message":"⌛ Validating hector.wlk","timeElapsed":197,"timestamp":"2024-10-11T12:20:06.440Z"}
{"level":"info","message":"⌛ Validating hector.wlk","timeElapsed":194,"timestamp":"2024-10-11T12:20:06.645Z"}
{"level":"info","message":"⌛ Validating hector.wlk","timeElapsed":203,"timestamp":"2024-10-11T12:20:06.849Z"}
{"level":"info","message":"⌛ Building environment","timeElapsed":137,"timestamp":"2024-10-11T12:20:06.987Z"}
{"level":"info","message":"⌛ Validating hector.wlk","timeElapsed":189,"timestamp":"2024-10-11T12:20:07.182Z"}
{"level":"info","message":"⌛ Validating hector.wlk","timeElapsed":191,"timestamp":"2024-10-11T12:20:07.373Z"}
{"level":"info","message":"⌛ Validating hector.wlk","timeElapsed":203,"timestamp":"2024-10-11T12:20:07.576Z"}
{"level":"info","message":"⌛ Validating hector.wlk","timeElapsed":191,"timestamp":"2024-10-11T12:20:07.767Z"}
{"level":"info","message":"⌛ Validating hector.wlk","timeElapsed":221,"timestamp":"2024-10-11T12:20:07.991Z"}
{"level":"info","message":"⌛ Validating hector.wlk","timeElapsed":189,"timestamp":"2024-10-11T12:20:08.180Z"}
{"level":"info","message":"⌛ Building environment","timeElapsed":146,"timestamp":"2024-10-11T12:20:08.361Z"}
{"level":"info","message":"⌛ Building environment","timeElapsed":137,"timestamp":"2024-10-11T12:20:08.507Z"}
{"level":"info","message":"⌛ Building environment","timeElapsed":161,"timestamp":"2024-10-11T12:20:08.678Z"}
{"level":"info","message":"⌛ Building environment","timeElapsed":162,"timestamp":"2024-10-11T12:20:08.873Z"}
{"level":"info","message":"⌛ Validating hector.wlk","timeElapsed":200,"timestamp":"2024-10-11T12:20:09.074Z"}
{"level":"info","message":"⌛ Building environment","timeElapsed":147,"timestamp":"2024-10-11T12:20:09.221Z"}
{"level":"info","message":"⌛ Validating hector.wlk","timeElapsed":300,"timestamp":"2024-10-11T12:20:09.522Z"}
{"level":"info","message":"⌛ Building environment","timeElapsed":183,"timestamp":"2024-10-11T12:20:09.707Z"}
{"level":"info","message":"⌛ Validating hector.wlk","timeElapsed":185,"timestamp":"2024-10-11T12:20:09.892Z"}
{"level":"info","message":"onRequest - completionItem/resolve","timestamp":"2024-10-11T12:20:09.893Z"}
{"level":"info","message":"⌛ Building environment","timeElapsed":168,"timestamp":"2024-10-11T12:20:10.062Z"}
{"level":"info","message":"onRequest - completionItem/resolve","timestamp":"2024-10-11T12:20:10.063Z"}
{"level":"info","message":"⌛ Validating hector.wlk","timeElapsed":227,"timestamp":"2024-10-11T12:20:10.290Z"}
{"level":"info","message":"⌛ Building environment","timeElapsed":157,"timestamp":"2024-10-11T12:20:10.447Z"}
{"level":"info","message":"onRequest - completionItem/resolve","timestamp":"2024-10-11T12:20:10.448Z"}
{"level":"info","message":"⌛ Validating hector.wlk","timeElapsed":207,"timestamp":"2024-10-11T12:20:10.655Z"}
{"level":"info","message":"⌛ Building environment","timeElapsed":244,"timestamp":"2024-10-11T12:20:10.910Z"}
{"level":"info","message":"onRequest - completionItem/resolve","timestamp":"2024-10-11T12:20:10.911Z"}
{"level":"info","message":"⌛ Validating hector.wlk","timeElapsed":217,"timestamp":"2024-10-11T12:20:11.128Z"}
{"level":"info","message":"⌛ Building environment","timeElapsed":201,"timestamp":"2024-10-11T12:20:11.338Z"}
{"level":"info","message":"⌛ Validating hector.wlk","timeElapsed":183,"timestamp":"2024-10-11T12:20:11.522Z"}
{"level":"info","message":"⌛ Building environment","timeElapsed":139,"timestamp":"2024-10-11T12:20:11.661Z"}
{"level":"info","message":"⌛ Building environment","timeElapsed":146,"timestamp":"2024-10-11T12:20:11.845Z"}
{"level":"info","message":"⌛ Building environment","timeElapsed":138,"timestamp":"2024-10-11T12:20:11.984Z"}
{"level":"info","message":"⌛ Validating hector.wlk","timeElapsed":201,"timestamp":"2024-10-11T12:20:12.185Z"}
{"level":"info","message":"⌛ Building environment","timeElapsed":156,"timestamp":"2024-10-11T12:20:12.343Z"}
{"level":"info","message":"⌛ Building environment","timeElapsed":151,"timestamp":"2024-10-11T12:20:12.494Z"}
{"level":"info","message":"⌛ Validating hector.wlk","timeElapsed":175,"timestamp":"2024-10-11T12:20:12.671Z"}
{"level":"info","message":"⌛ Building environment","timeElapsed":154,"timestamp":"2024-10-11T12:20:12.826Z"}
{"level":"info","message":"⌛ Building environment","timeElapsed":156,"timestamp":"2024-10-11T12:20:12.992Z"}
{"level":"info","message":"⌛ Validating hector.wlk","timeElapsed":209,"timestamp":"2024-10-11T12:20:13.201Z"}
{"level":"info","message":"⌛ Validating hector.wlk","timeElapsed":197,"timestamp":"2024-10-11T12:20:13.406Z"}
{"level":"info","message":"⌛ Building environment","timeElapsed":148,"timestamp":"2024-10-11T12:20:13.555Z"}
{"level":"info","message":"⌛ Validating hector.wlk","timeElapsed":180,"timestamp":"2024-10-11T12:20:13.769Z"}
{"level":"info","message":"⌛ Validating hector.wlk","timeElapsed":197,"timestamp":"2024-10-11T12:20:13.966Z"}
{"level":"info","message":"⌛ Building environment","timeElapsed":248,"timestamp":"2024-10-11T12:20:14.216Z"}
{"level":"info","message":"⌛ Building environment","timeElapsed":149,"timestamp":"2024-10-11T12:20:14.365Z"}
{"level":"info","message":"⌛ Validating hector.wlk","timeElapsed":235,"timestamp":"2024-10-11T12:20:14.601Z"}
{"level":"info","message":"⌛ Validating hector.wlk","timeElapsed":198,"timestamp":"2024-10-11T12:20:14.801Z"}
{"level":"info","message":"⌛ Building environment","timeElapsed":138,"timestamp":"2024-10-11T12:20:14.948Z"}
{"level":"info","message":"⌛ Validating hector.wlk","timeElapsed":179,"timestamp":"2024-10-11T12:20:15.128Z"}
{"level":"info","message":"⌛ Building environment","timeElapsed":141,"timestamp":"2024-10-11T12:20:15.269Z"}
{"level":"info","message":"⌛ Validating hector.wlk","timeElapsed":179,"timestamp":"2024-10-11T12:20:15.448Z"}
{"level":"info","message":"⌛ Building environment","timeElapsed":139,"timestamp":"2024-10-11T12:20:15.587Z"}
{"level":"info","message":"⌛ Building environment","timeElapsed":134,"timestamp":"2024-10-11T12:20:15.736Z"}
{"level":"info","message":"⌛ Validating hector.wlk","timeElapsed":179,"timestamp":"2024-10-11T12:20:15.916Z"}
{"level":"info","message":"⌛ Validating hector.wlk","timeElapsed":178,"timestamp":"2024-10-11T12:20:16.103Z"}
{"level":"info","message":"⌛ Building environment","timeElapsed":139,"timestamp":"2024-10-11T12:20:16.243Z"}
{"level":"info","message":"⌛ Validating hector.wlk","timeElapsed":196,"timestamp":"2024-10-11T12:20:16.439Z"}
{"level":"info","message":"⌛ Building environment","timeElapsed":142,"timestamp":"2024-10-11T12:20:16.581Z"}
{"level":"info","message":"⌛ Building environment","timeElapsed":131,"timestamp":"2024-10-11T12:20:16.712Z"}
{"level":"info","message":"⌛ Validating hector.wlk","timeElapsed":181,"timestamp":"2024-10-11T12:20:16.894Z"}
{"level":"info","message":"⌛ Validating hector.wlk","timeElapsed":177,"timestamp":"2024-10-11T12:20:17.078Z"}
{"level":"info","message":"⌛ Validating hector.wlk","timeElapsed":192,"timestamp":"2024-10-11T12:20:17.272Z"}
{"level":"info","message":"⌛ Validating hector.wlk","timeElapsed":197,"timestamp":"2024-10-11T12:20:17.469Z"}
{"level":"info","message":"⌛ Validating hector.wlk","timeElapsed":195,"timestamp":"2024-10-11T12:20:17.665Z"}
{"level":"info","message":"⌛ Validating hector.wlk","timeElapsed":190,"timestamp":"2024-10-11T12:20:17.855Z"}
{"level":"info","message":"⌛ Validating hector.wlk","timeElapsed":200,"timestamp":"2024-10-11T12:20:18.055Z"}
{"level":"info","message":"⌛ Building environment","timeElapsed":360,"timestamp":"2024-10-11T12:20:21.469Z"}
{"level":"info","message":"⌛ Building environment","timeElapsed":156,"timestamp":"2024-10-11T12:20:21.702Z"}
{"level":"info","message":"⌛ Building environment","timeElapsed":140,"timestamp":"2024-10-11T12:20:21.842Z"}
{"level":"info","message":"⌛ Validating hector.wlk","timeElapsed":191,"timestamp":"2024-10-11T12:20:22.035Z"}
{"level":"info","message":"onRequest - completionItem/resolve","timestamp":"2024-10-11T12:20:22.035Z"}
{"level":"info","message":"⌛ Validating hector.wlk","timeElapsed":221,"timestamp":"2024-10-11T12:20:22.256Z"}
{"level":"info","message":"⌛ Building environment","timeElapsed":235,"timestamp":"2024-10-11T12:20:22.550Z"}
{"level":"info","message":"onRequest - completionItem/resolve","timestamp":"2024-10-11T12:20:22.551Z"}
{"level":"info","message":"⌛ Validating hector.wlk","timeElapsed":232,"timestamp":"2024-10-11T12:20:22.783Z"}
{"level":"info","message":"⌛ Building environment","timeElapsed":171,"timestamp":"2024-10-11T12:20:22.954Z"}
{"level":"info","message":"onRequest - completionItem/resolve","timestamp":"2024-10-11T12:20:22.955Z"}
{"level":"info","message":"⌛ Building environment","timeElapsed":153,"timestamp":"2024-10-11T12:20:23.108Z"}
{"level":"info","message":"⌛ Validating hector.wlk","timeElapsed":208,"timestamp":"2024-10-11T12:20:23.325Z"}
{"level":"info","message":"⌛ Validating hector.wlk","timeElapsed":192,"timestamp":"2024-10-11T12:20:23.518Z"}
{"level":"info","message":"⌛ Validating hector.wlk","timeElapsed":207,"timestamp":"2024-10-11T12:20:23.725Z"}
{"level":"info","message":"⌛ Building environment","timeElapsed":152,"timestamp":"2024-10-11T12:20:23.877Z"}
{"level":"info","message":"⌛ Building environment","timeElapsed":196,"timestamp":"2024-10-11T12:20:24.123Z"}
{"level":"info","message":"⌛ Building environment","timeElapsed":144,"timestamp":"2024-10-11T12:20:24.268Z"}
{"level":"info","message":"⌛ Validating hector.wlk","timeElapsed":200,"timestamp":"2024-10-11T12:20:24.469Z"}
{"level":"info","message":"onRequest - completionItem/resolve","timestamp":"2024-10-11T12:20:24.470Z"}
{"level":"info","message":"⌛ Building environment","timeElapsed":236,"timestamp":"2024-10-11T12:20:24.707Z"}
{"level":"info","message":"onRequest - completionItem/resolve","timestamp":"2024-10-11T12:20:24.716Z"}
{"level":"info","message":"⌛ Building environment","timeElapsed":134,"timestamp":"2024-10-11T12:20:24.852Z"}
{"level":"info","message":"onRequest - completionItem/resolve","timestamp":"2024-10-11T12:20:24.852Z"}
{"level":"info","message":"⌛ Validating hector.wlk","timeElapsed":182,"timestamp":"2024-10-11T12:20:25.034Z"}
{"level":"info","message":"⌛ Validating hector.wlk","timeElapsed":196,"timestamp":"2024-10-11T12:20:25.230Z"}
{"level":"info","message":"⌛ Building environment","timeElapsed":158,"timestamp":"2024-10-11T12:20:25.397Z"}
{"level":"info","message":"onRequest - completionItem/resolve","timestamp":"2024-10-11T12:20:25.397Z"}
{"level":"info","message":"⌛ Building environment","timeElapsed":177,"timestamp":"2024-10-11T12:20:25.576Z"}
{"level":"info","message":"onRequest - completionItem/resolve","timestamp":"2024-10-11T12:20:25.576Z"}
{"level":"info","message":"⌛ Validating hector.wlk","timeElapsed":212,"timestamp":"2024-10-11T12:20:25.788Z"}
{"level":"info","message":"⌛ Validating hector.wlk","timeElapsed":193,"timestamp":"2024-10-11T12:20:25.981Z"}
{"level":"info","message":"⌛ Building environment","timeElapsed":152,"timestamp":"2024-10-11T12:20:26.142Z"}
{"level":"info","message":"⌛ Validating hector.wlk","timeElapsed":204,"timestamp":"2024-10-11T12:20:26.387Z"}
{"level":"info","message":"⌛ Validating hector.wlk","timeElapsed":177,"timestamp":"2024-10-11T12:20:26.566Z"}
{"level":"info","message":"⌛ Validating hector.wlk","timeElapsed":201,"timestamp":"2024-10-11T12:20:26.768Z"}
{"level":"info","message":"onRequest - completionItem/resolve","timestamp":"2024-10-11T12:20:26.768Z"}
{"level":"info","message":"⌛ Building environment","timeElapsed":201,"timestamp":"2024-10-11T12:20:28.037Z"}
{"level":"info","message":"onRequest - completionItem/resolve","timestamp":"2024-10-11T12:20:28.038Z"}
{"level":"info","message":"⌛ Building environment","timeElapsed":200,"timestamp":"2024-10-11T12:20:28.240Z"}
{"level":"info","message":"onRequest - completionItem/resolve","timestamp":"2024-10-11T12:20:28.241Z"}
{"level":"info","message":"⌛ Validating hector.wlk","timeElapsed":290,"timestamp":"2024-10-11T12:20:28.532Z"}
{"level":"info","message":"⌛ Validating hector.wlk","timeElapsed":200,"timestamp":"2024-10-11T12:20:28.733Z"}
{"level":"info","message":"onRequest - completionItem/resolve","timestamp":"2024-10-11T12:20:29.720Z"}
{"level":"info","message":"onRequest - completionItem/resolve","timestamp":"2024-10-11T12:20:29.854Z"}
{"level":"info","message":"onRequest - completionItem/resolve","timestamp":"2024-10-11T12:20:30.784Z"}
{"level":"info","message":"⌛ Building environment","timeElapsed":173,"timestamp":"2024-10-11T12:20:31.181Z"}
{"level":"info","message":"⌛ Validating hector.wlk","timeElapsed":178,"timestamp":"2024-10-11T12:20:31.361Z"}
{"level":"info","message":"⌛ Building environment","timeElapsed":197,"timestamp":"2024-10-11T12:20:45.699Z"}
{"level":"info","message":"⌛ Building environment","timeElapsed":128,"timestamp":"2024-10-11T12:20:45.828Z"}
{"level":"info","message":"⌛ Validating objetos.wlk","timeElapsed":186,"timestamp":"2024-10-11T12:20:46.015Z"}
{"level":"info","message":"⌛ Validating objetos.wlk","timeElapsed":203,"timestamp":"2024-10-11T12:20:46.218Z"}
{"level":"info","message":"⌛ Building environment","timeElapsed":151,"timestamp":"2024-10-11T12:20:46.381Z"}
{"level":"info","message":"⌛ Validating objetos.wlk","timeElapsed":195,"timestamp":"2024-10-11T12:20:46.578Z"}
{"level":"info","message":"⌛ Building environment","timeElapsed":137,"timestamp":"2024-10-11T12:20:48.180Z"}
{"level":"info","message":"⌛ Validating objetos.wlk","timeElapsed":191,"timestamp":"2024-10-11T12:20:48.376Z"}
{"level":"info","message":"⌛ Building environment","timeElapsed":141,"timestamp":"2024-10-11T12:20:49.144Z"}
{"level":"info","message":"⌛ Validating objetos.wlk","timeElapsed":203,"timestamp":"2024-10-11T12:20:49.348Z"}
{"level":"info","message":"⌛ Building environment","timeElapsed":137,"timestamp":"2024-10-11T12:20:49.486Z"}
{"level":"info","message":"⌛ Validating objetos.wlk","timeElapsed":187,"timestamp":"2024-10-11T12:20:49.675Z"}
{"level":"info","message":"⌛ Building environment","timeElapsed":158,"timestamp":"2024-10-11T12:21:02.713Z"}
{"level":"info","message":"⌛ Validating objetos.wlk","timeElapsed":254,"timestamp":"2024-10-11T12:21:02.971Z"}
{"level":"info","message":"⌛ Building environment","timeElapsed":179,"timestamp":"2024-10-11T12:21:03.654Z"}
{"level":"info","message":"⌛ Validating objetos.wlk","timeElapsed":200,"timestamp":"2024-10-11T12:21:03.856Z"}
{"level":"info","message":"⌛ Building environment","timeElapsed":186,"timestamp":"2024-10-11T12:21:04.437Z"}
{"level":"info","message":"⌛ Validating objetos.wlk","timeElapsed":232,"timestamp":"2024-10-11T12:21:04.671Z"}
{"level":"info","message":"⌛ Building environment","timeElapsed":160,"timestamp":"2024-10-11T12:21:04.842Z"}
{"level":"info","message":"⌛ Validating objetos.wlk","timeElapsed":206,"timestamp":"2024-10-11T12:21:05.060Z"}
{"level":"info","message":"⌛ Building environment","timeElapsed":144,"timestamp":"2024-10-11T12:21:05.204Z"}
{"level":"info","message":"⌛ Validating objetos.wlk","timeElapsed":184,"timestamp":"2024-10-11T12:21:05.394Z"}
{"level":"info","message":"⌛ Building environment","timeElapsed":253,"timestamp":"2024-10-11T12:23:42.366Z"}
{"level":"info","message":"⌛ Validating hector.wlk","timeElapsed":490,"timestamp":"2024-10-11T12:23:42.910Z"}
{"level":"info","message":"onRequest - completionItem/resolve","timestamp":"2024-10-11T12:23:42.912Z"}
{"level":"info","message":"⌛ Building environment","timeElapsed":317,"timestamp":"2024-10-11T12:23:43.230Z"}
{"level":"info","message":"onRequest - completionItem/resolve","timestamp":"2024-10-11T12:23:43.244Z"}
{"level":"info","message":"⌛ Building environment","timeElapsed":161,"timestamp":"2024-10-11T12:23:43.417Z"}
{"level":"info","message":"onRequest - completionItem/resolve","timestamp":"2024-10-11T12:23:43.418Z"}
{"level":"info","message":"⌛ Building environment","timeElapsed":148,"timestamp":"2024-10-11T12:23:43.566Z"}
{"level":"info","message":"onRequest - completionItem/resolve","timestamp":"2024-10-11T12:23:43.567Z"}
{"level":"info","message":"⌛ Building environment","timeElapsed":146,"timestamp":"2024-10-11T12:23:43.713Z"}
{"level":"info","message":"onRequest - completionItem/resolve","timestamp":"2024-10-11T12:23:43.714Z"}
{"level":"info","message":"⌛ Building environment","timeElapsed":172,"timestamp":"2024-10-11T12:23:43.886Z"}
{"level":"info","message":"onRequest - completionItem/resolve","timestamp":"2024-10-11T12:23:43.888Z"}
{"level":"info","message":"⌛ Building environment","timeElapsed":284,"timestamp":"2024-10-11T12:23:44.173Z"}
{"level":"info","message":"onRequest - completionItem/resolve","timestamp":"2024-10-11T12:23:44.174Z"}
{"level":"info","message":"⌛ Validating hector.wlk","timeElapsed":239,"timestamp":"2024-10-11T12:23:44.414Z"}
{"level":"info","message":"⌛ Validating hector.wlk","timeElapsed":195,"timestamp":"2024-10-11T12:23:44.619Z"}
{"level":"info","message":"⌛ Validating hector.wlk","timeElapsed":186,"timestamp":"2024-10-11T12:23:44.806Z"}
{"level":"info","message":"⌛ Validating hector.wlk","timeElapsed":189,"timestamp":"2024-10-11T12:23:44.995Z"}
{"level":"info","message":"⌛ Validating hector.wlk","timeElapsed":183,"timestamp":"2024-10-11T12:23:45.180Z"}
{"level":"info","message":"⌛ Validating hector.wlk","timeElapsed":199,"timestamp":"2024-10-11T12:23:45.380Z"}
{"level":"info","message":"onRequest - completionItem/resolve","timestamp":"2024-10-11T12:23:45.383Z"}
{"level":"info","message":"⌛ Building environment","timeElapsed":258,"timestamp":"2024-10-11T12:23:45.642Z"}
{"level":"info","message":"⌛ Validating hector.wlk","timeElapsed":209,"timestamp":"2024-10-11T12:23:45.860Z"}
{"level":"info","message":"⌛ Building environment","timeElapsed":274,"timestamp":"2024-10-11T12:23:48.390Z"}
{"level":"error","message":"✘ Completions for node failed: Error: [Send]{6915ec} at hector.wlk:58 exhausted all cases without a match [Send]{6915ec} at hector.wlk:58 exhausted all cases without a match","stack":"Error: [Send]{6915ec} at hector.wlk:58 exhausted all cases without a match\n    at /home/felipe/.vscode/extensions/uqbar.wollok-lsp-ide-0.3.6/out/server/src/server.js:38:6067\n    at yh (/home/felipe/.vscode/extensions/uqbar.wollok-lsp-ide-0.3.6/out/server/src/server.js:2291:42)\n    at kh (/home/felipe/.vscode/extensions/uqbar.wollok-lsp-ide-0.3.6/out/server/src/server.js:2291:1004)\n    at Y5n (/home/felipe/.vscode/extensions/uqbar.wollok-lsp-ide-0.3.6/out/server/src/server.js:2291:1160)\n    at /home/felipe/.vscode/extensions/uqbar.wollok-lsp-ide-0.3.6/out/server/src/server.js:38:6056\n    at yh (/home/felipe/.vscode/extensions/uqbar.wollok-lsp-ide-0.3.6/out/server/src/server.js:2291:42)\n    at /home/felipe/.vscode/extensions/uqbar.wollok-lsp-ide-0.3.6/out/server/src/server.js:2291:2700\n    at /home/felipe/.vscode/extensions/uqbar.wollok-lsp-ide-0.3.6/out/server/src/server.js:2298:3774\n    at /home/felipe/.vscode/extensions/uqbar.wollok-lsp-ide-0.3.6/out/server/src/server.js:37:74872\n    at Fe (/home/felipe/.vscode/extensions/uqbar.wollok-lsp-ide-0.3.6/out/server/src/server.js:7:8527)","timestamp":"2024-10-11T12:23:48.458Z"}
{"level":"info","message":"⌛ Building environment","timeElapsed":144,"timestamp":"2024-10-11T12:23:48.607Z"}
{"level":"info","message":"⌛ Validating hector.wlk","timeElapsed":194,"timestamp":"2024-10-11T12:23:48.801Z"}
{"level":"info","message":"onRequest - completionItem/resolve","timestamp":"2024-10-11T12:23:48.801Z"}
{"level":"info","message":"⌛ Validating hector.wlk","timeElapsed":184,"timestamp":"2024-10-11T12:23:48.986Z"}
{"level":"info","message":"⌛ Building environment","timeElapsed":153,"timestamp":"2024-10-11T12:23:49.314Z"}
{"level":"info","message":"⌛ Validating hector.wlk","timeElapsed":186,"timestamp":"2024-10-11T12:23:49.502Z"}
{"level":"info","message":"⌛ Building environment","timeElapsed":170,"timestamp":"2024-10-11T12:23:50.088Z"}
{"level":"info","message":"⌛ Validating hector.wlk","timeElapsed":222,"timestamp":"2024-10-11T12:23:50.354Z"}
{"level":"info","message":"onRequest - completionItem/resolve","timestamp":"2024-10-11T12:23:50.355Z"}
{"level":"info","message":"⌛ Building environment","timeElapsed":173,"timestamp":"2024-10-11T12:23:50.528Z"}
{"level":"info","message":"onRequest - completionItem/resolve","timestamp":"2024-10-11T12:23:50.528Z"}
{"level":"info","message":"⌛ Building environment","timeElapsed":171,"timestamp":"2024-10-11T12:23:50.700Z"}
{"level":"info","message":"onRequest - completionItem/resolve","timestamp":"2024-10-11T12:23:50.701Z"}
{"level":"info","message":"⌛ Validating hector.wlk","timeElapsed":197,"timestamp":"2024-10-11T12:23:50.898Z"}
{"level":"info","message":"⌛ Building environment","timeElapsed":144,"timestamp":"2024-10-11T12:23:51.044Z"}
{"level":"info","message":"onRequest - completionItem/resolve","timestamp":"2024-10-11T12:23:51.044Z"}
{"level":"info","message":"⌛ Validating hector.wlk","timeElapsed":206,"timestamp":"2024-10-11T12:23:51.251Z"}
{"level":"info","message":"⌛ Validating hector.wlk","timeElapsed":196,"timestamp":"2024-10-11T12:23:51.454Z"}
{"level":"info","message":"onRequest - completionItem/resolve","timestamp":"2024-10-11T12:23:52.217Z"}
{"level":"info","message":"⌛ Building environment","timeElapsed":155,"timestamp":"2024-10-11T12:23:52.376Z"}
{"level":"info","message":"⌛ Validating hector.wlk","timeElapsed":189,"timestamp":"2024-10-11T12:23:52.566Z"}
{"exitCode":"SIGHUP","level":"info","message":"👾 Game executed game.farmville on /home/felipe/Documents/Universidad/Proramacion_Con_Objetos_1/2024s2-granja-villa-FeliQI-main/2024s2-granja-villa-FeliQI-5","timeElapsed":41565,"timestamp":"2024-10-11T12:25:38.112Z"}
{"level":"info","message":"⌛ Building environment","timeElapsed":379,"timestamp":"2024-10-11T12:26:48.058Z"}
{"level":"info","message":"⌛ Building environment","timeElapsed":227,"timestamp":"2024-10-11T12:26:48.289Z"}
{"level":"info","message":"⌛ Validating hector.wlk","timeElapsed":380,"timestamp":"2024-10-11T12:26:48.744Z"}
{"level":"info","message":"⌛ Building environment","timeElapsed":249,"timestamp":"2024-10-11T12:26:48.993Z"}
{"level":"info","message":"⌛ Validating hector.wlk","timeElapsed":295,"timestamp":"2024-10-11T12:26:49.289Z"}
{"level":"info","message":"⌛ Validating hector.wlk","timeElapsed":281,"timestamp":"2024-10-11T12:26:49.579Z"}
{"exitCode":"SIGHUP","level":"info","message":"👾 Game executed game.farmville on /home/felipe/Documents/Universidad/Proramacion_Con_Objetos_1/2024s2-granja-villa-FeliQI-main/2024s2-granja-villa-FeliQI-5","timeElapsed":51525,"timestamp":"2024-10-11T12:27:05.644Z"}
{"level":"info","message":"⌛ Building environment","timeElapsed":265,"timestamp":"2024-10-11T12:30:58.917Z"}
{"level":"info","message":"⌛ Building environment","timeElapsed":281,"timestamp":"2024-10-11T12:30:59.200Z"}
{"level":"info","message":"⌛ Validating hector.wlk","timeElapsed":381,"timestamp":"2024-10-11T12:30:59.583Z"}
{"level":"info","message":"⌛ Building environment","timeElapsed":252,"timestamp":"2024-10-11T12:30:59.836Z"}
{"level":"info","message":"⌛ Validating hector.wlk","timeElapsed":294,"timestamp":"2024-10-11T12:31:00.130Z"}
{"level":"info","message":"⌛ Validating hector.wlk","timeElapsed":273,"timestamp":"2024-10-11T12:31:00.416Z"}
{"exitCode":"SIGHUP","level":"info","message":"👾 Game executed game.farmville on /home/felipe/Documents/Universidad/Proramacion_Con_Objetos_1/2024s2-granja-villa-FeliQI-main/2024s2-granja-villa-FeliQI-5","timeElapsed":240772,"timestamp":"2024-10-11T12:31:13.306Z"}
{"exitCode":"SIGHUP","level":"info","message":"👾 Game executed game.farmville on /home/felipe/Documents/Universidad/Proramacion_Con_Objetos_1/2024s2-granja-villa-FeliQI-main/2024s2-granja-villa-FeliQI-5","timeElapsed":40644,"timestamp":"2024-10-11T12:32:02.837Z"}
{"level":"info","message":"⌛ Building environment","timeElapsed":555,"timestamp":"2024-10-11T12:32:26.135Z"}
{"level":"error","message":"✘ Completions for node failed: Error: [Send]{1424c4} at hector.wlk:78 exhausted all cases without a match [Send]{1424c4} at hector.wlk:78 exhausted all cases without a match","stack":"Error: [Send]{1424c4} at hector.wlk:78 exhausted all cases without a match\n    at /home/felipe/.vscode/extensions/uqbar.wollok-lsp-ide-0.3.6/out/server/src/server.js:38:6067\n    at yh (/home/felipe/.vscode/extensions/uqbar.wollok-lsp-ide-0.3.6/out/server/src/server.js:2291:42)\n    at kh (/home/felipe/.vscode/extensions/uqbar.wollok-lsp-ide-0.3.6/out/server/src/server.js:2291:1004)\n    at Y5n (/home/felipe/.vscode/extensions/uqbar.wollok-lsp-ide-0.3.6/out/server/src/server.js:2291:1160)\n    at /home/felipe/.vscode/extensions/uqbar.wollok-lsp-ide-0.3.6/out/server/src/server.js:38:6056\n    at yh (/home/felipe/.vscode/extensions/uqbar.wollok-lsp-ide-0.3.6/out/server/src/server.js:2291:42)\n    at /home/felipe/.vscode/extensions/uqbar.wollok-lsp-ide-0.3.6/out/server/src/server.js:2291:2700\n    at /home/felipe/.vscode/extensions/uqbar.wollok-lsp-ide-0.3.6/out/server/src/server.js:2298:3774\n    at /home/felipe/.vscode/extensions/uqbar.wollok-lsp-ide-0.3.6/out/server/src/server.js:37:74872\n    at Fe (/home/felipe/.vscode/extensions/uqbar.wollok-lsp-ide-0.3.6/out/server/src/server.js:7:8527)","timestamp":"2024-10-11T12:32:26.226Z"}
{"level":"info","message":"⌛ Building environment","timeElapsed":223,"timestamp":"2024-10-11T12:32:26.455Z"}
{"level":"info","message":"⌛ Building environment","timeElapsed":301,"timestamp":"2024-10-11T12:32:26.817Z"}
{"level":"info","message":"⌛ Validating hector.wlk","timeElapsed":351,"timestamp":"2024-10-11T12:32:27.169Z"}
{"level":"info","message":"⌛ Building environment","timeElapsed":203,"timestamp":"2024-10-11T12:32:27.373Z"}
{"level":"info","message":"onRequest - completionItem/resolve","timestamp":"2024-10-11T12:32:27.374Z"}
{"level":"info","message":"⌛ Validating hector.wlk","timeElapsed":288,"timestamp":"2024-10-11T12:32:27.662Z"}
{"level":"info","message":"⌛ Building environment","timeElapsed":209,"timestamp":"2024-10-11T12:32:27.883Z"}
{"level":"info","message":"onRequest - completionItem/resolve","timestamp":"2024-10-11T12:32:27.893Z"}
{"level":"info","message":"⌛ Validating hector.wlk","timeElapsed":347,"timestamp":"2024-10-11T12:32:28.242Z"}
{"level":"info","message":"⌛ Building environment","timeElapsed":235,"timestamp":"2024-10-11T12:32:28.479Z"}
{"level":"info","message":"onRequest - completionItem/resolve","timestamp":"2024-10-11T12:32:28.482Z"}
{"level":"info","message":"⌛ Building environment","timeElapsed":196,"timestamp":"2024-10-11T12:32:28.679Z"}
{"level":"info","message":"onRequest - completionItem/resolve","timestamp":"2024-10-11T12:32:28.679Z"}
{"level":"info","message":"⌛ Validating hector.wlk","timeElapsed":240,"timestamp":"2024-10-11T12:32:28.919Z"}
{"level":"info","message":"⌛ Validating hector.wlk","timeElapsed":228,"timestamp":"2024-10-11T12:32:29.159Z"}
{"level":"info","message":"⌛ Validating hector.wlk","timeElapsed":232,"timestamp":"2024-10-11T12:32:29.392Z"}
{"level":"info","message":"⌛ Validating hector.wlk","timeElapsed":410,"timestamp":"2024-10-11T12:32:29.803Z"}
{"level":"info","message":"⌛ Building environment","timeElapsed":246,"timestamp":"2024-10-11T12:33:10.269Z"}
{"level":"info","message":"⌛ Validating hector.wlk","timeElapsed":223,"timestamp":"2024-10-11T12:33:10.494Z"}
{"level":"info","message":"⌛ Building environment","timeElapsed":203,"timestamp":"2024-10-11T12:33:10.926Z"}
{"level":"info","message":"⌛ Autocomplete - Reference","timeElapsed":121,"timestamp":"2024-10-11T12:33:11.062Z"}
{"level":"info","message":"⌛ Building environment","timeElapsed":258,"timestamp":"2024-10-11T12:33:11.321Z"}
{"level":"info","message":"⌛ Validating hector.wlk","timeElapsed":299,"timestamp":"2024-10-11T12:33:11.621Z"}
{"level":"info","message":"⌛ Building environment","timeElapsed":217,"timestamp":"2024-10-11T12:33:11.839Z"}
{"level":"info","message":"onRequest - completionItem/resolve","timestamp":"2024-10-11T12:33:11.840Z"}
{"level":"info","message":"⌛ Building environment","timeElapsed":207,"timestamp":"2024-10-11T12:33:12.048Z"}
{"level":"info","message":"onRequest - completionItem/resolve","timestamp":"2024-10-11T12:33:12.050Z"}
{"level":"info","message":"⌛ Validating hector.wlk","timeElapsed":407,"timestamp":"2024-10-11T12:33:12.457Z"}
{"level":"info","message":"⌛ Building environment","timeElapsed":193,"timestamp":"2024-10-11T12:33:12.651Z"}
{"level":"info","message":"onRequest - completionItem/resolve","timestamp":"2024-10-11T12:33:12.659Z"}
{"level":"info","message":"⌛ Building environment","timeElapsed":239,"timestamp":"2024-10-11T12:33:12.899Z"}
{"level":"info","message":"onRequest - completionItem/resolve","timestamp":"2024-10-11T12:33:12.901Z"}
{"level":"info","message":"⌛ Validating hector.wlk","timeElapsed":236,"timestamp":"2024-10-11T12:33:13.137Z"}
{"level":"info","message":"⌛ Validating hector.wlk","timeElapsed":230,"timestamp":"2024-10-11T12:33:13.376Z"}
{"level":"info","message":"⌛ Validating hector.wlk","timeElapsed":224,"timestamp":"2024-10-11T12:33:13.604Z"}
{"level":"info","message":"⌛ Building environment","timeElapsed":180,"timestamp":"2024-10-11T12:33:13.785Z"}
{"level":"info","message":"onRequest - completionItem/resolve","timestamp":"2024-10-11T12:33:13.786Z"}
{"level":"info","message":"⌛ Validating hector.wlk","timeElapsed":222,"timestamp":"2024-10-11T12:33:14.009Z"}
{"level":"info","message":"⌛ Validating hector.wlk","timeElapsed":232,"timestamp":"2024-10-11T12:33:14.253Z"}
{"level":"info","message":"⌛ Building environment","timeElapsed":196,"timestamp":"2024-10-11T12:33:15.352Z"}
{"level":"info","message":"⌛ Validating hector.wlk","timeElapsed":382,"timestamp":"2024-10-11T12:33:15.795Z"}
{"level":"info","message":"onRequest - completionItem/resolve","timestamp":"2024-10-11T12:33:15.796Z"}
{"level":"info","message":"⌛ Building environment","timeElapsed":228,"timestamp":"2024-10-11T12:33:16.024Z"}
{"level":"info","message":"onRequest - completionItem/resolve","timestamp":"2024-10-11T12:33:16.025Z"}
{"level":"info","message":"⌛ Building environment","timeElapsed":339,"timestamp":"2024-10-11T12:33:16.365Z"}
{"level":"info","message":"onRequest - completionItem/resolve","timestamp":"2024-10-11T12:33:16.367Z"}
{"level":"info","message":"⌛ Validating hector.wlk","timeElapsed":368,"timestamp":"2024-10-11T12:33:16.736Z"}
{"level":"info","message":"⌛ Building environment","timeElapsed":265,"timestamp":"2024-10-11T12:33:17.002Z"}
{"level":"info","message":"onRequest - completionItem/resolve","timestamp":"2024-10-11T12:33:17.004Z"}
{"level":"info","message":"⌛ Building environment","timeElapsed":248,"timestamp":"2024-10-11T12:33:17.252Z"}
{"level":"info","message":"onRequest - completionItem/resolve","timestamp":"2024-10-11T12:33:17.253Z"}
{"level":"info","message":"⌛ Building environment","timeElapsed":170,"timestamp":"2024-10-11T12:33:17.424Z"}
{"level":"info","message":"onRequest - completionItem/resolve","timestamp":"2024-10-11T12:33:17.424Z"}
{"level":"info","message":"⌛ Validating hector.wlk","timeElapsed":230,"timestamp":"2024-10-11T12:33:17.655Z"}
{"level":"info","message":"onRequest - completionItem/resolve","timestamp":"2024-10-11T12:33:17.668Z"}
{"level":"info","message":"⌛ Building environment","timeElapsed":183,"timestamp":"2024-10-11T12:33:17.851Z"}
{"level":"info","message":"⌛ Validating hector.wlk","timeElapsed":235,"timestamp":"2024-10-11T12:33:18.088Z"}
{"level":"info","message":"⌛ Validating hector.wlk","timeElapsed":223,"timestamp":"2024-10-11T12:33:18.311Z"}
{"level":"info","message":"⌛ Validating hector.wlk","timeElapsed":234,"timestamp":"2024-10-11T12:33:18.557Z"}
{"level":"info","message":"⌛ Validating hector.wlk","timeElapsed":228,"timestamp":"2024-10-11T12:33:18.785Z"}
{"level":"info","message":"⌛ Building environment","timeElapsed":202,"timestamp":"2024-10-11T12:33:19.186Z"}
{"level":"info","message":"⌛ Building environment","timeElapsed":240,"timestamp":"2024-10-11T12:33:19.481Z"}
{"level":"info","message":"⌛ Validating hector.wlk","timeElapsed":453,"timestamp":"2024-10-11T12:33:19.935Z"}
{"level":"info","message":"onRequest - completionItem/resolve","timestamp":"2024-10-11T12:33:19.936Z"}
{"level":"info","message":"⌛ Building environment","timeElapsed":212,"timestamp":"2024-10-11T12:33:20.148Z"}
{"level":"info","message":"onRequest - completionItem/resolve","timestamp":"2024-10-11T12:33:20.149Z"}
{"level":"info","message":"⌛ Building environment","timeElapsed":186,"timestamp":"2024-10-11T12:33:20.336Z"}
{"level":"info","message":"onRequest - completionItem/resolve","timestamp":"2024-10-11T12:33:20.337Z"}
{"level":"info","message":"⌛ Validating hector.wlk","timeElapsed":242,"timestamp":"2024-10-11T12:33:20.579Z"}
{"level":"info","message":"⌛ Validating hector.wlk","timeElapsed":249,"timestamp":"2024-10-11T12:33:20.841Z"}
{"level":"info","message":"⌛ Validating hector.wlk","timeElapsed":251,"timestamp":"2024-10-11T12:33:21.093Z"}
{"level":"info","message":"onRequest - completionItem/resolve","timestamp":"2024-10-11T12:33:21.313Z"}
{"level":"info","message":"⌛ Building environment","timeElapsed":236,"timestamp":"2024-10-11T12:33:22.852Z"}
{"level":"info","message":"⌛ Validating hector.wlk","timeElapsed":230,"timestamp":"2024-10-11T12:33:23.091Z"}
{"level":"info","message":"⌛ Building environment","timeElapsed":225,"timestamp":"2024-10-11T12:33:38.018Z"}
{"level":"error","message":"✘ Completions for node failed: Error: [Send]{8ceec7} at hector.wlk:78 exhausted all cases without a match [Send]{8ceec7} at hector.wlk:78 exhausted all cases without a match","stack":"Error: [Send]{8ceec7} at hector.wlk:78 exhausted all cases without a match\n    at /home/felipe/.vscode/extensions/uqbar.wollok-lsp-ide-0.3.6/out/server/src/server.js:38:6067\n    at yh (/home/felipe/.vscode/extensions/uqbar.wollok-lsp-ide-0.3.6/out/server/src/server.js:2291:42)\n    at kh (/home/felipe/.vscode/extensions/uqbar.wollok-lsp-ide-0.3.6/out/server/src/server.js:2291:1004)\n    at Y5n (/home/felipe/.vscode/extensions/uqbar.wollok-lsp-ide-0.3.6/out/server/src/server.js:2291:1160)\n    at /home/felipe/.vscode/extensions/uqbar.wollok-lsp-ide-0.3.6/out/server/src/server.js:38:6056\n    at yh (/home/felipe/.vscode/extensions/uqbar.wollok-lsp-ide-0.3.6/out/server/src/server.js:2291:42)\n    at /home/felipe/.vscode/extensions/uqbar.wollok-lsp-ide-0.3.6/out/server/src/server.js:2291:2700\n    at /home/felipe/.vscode/extensions/uqbar.wollok-lsp-ide-0.3.6/out/server/src/server.js:2298:3774\n    at /home/felipe/.vscode/extensions/uqbar.wollok-lsp-ide-0.3.6/out/server/src/server.js:37:74872\n    at Fe (/home/felipe/.vscode/extensions/uqbar.wollok-lsp-ide-0.3.6/out/server/src/server.js:7:8527)","timestamp":"2024-10-11T12:33:38.060Z"}
{"level":"info","message":"⌛ Building environment","timeElapsed":228,"timestamp":"2024-10-11T12:33:38.292Z"}
{"level":"info","message":"⌛ Validating hector.wlk","timeElapsed":238,"timestamp":"2024-10-11T12:33:38.531Z"}
{"level":"info","message":"onRequest - completionItem/resolve","timestamp":"2024-10-11T12:33:38.532Z"}
{"level":"info","message":"⌛ Validating hector.wlk","timeElapsed":233,"timestamp":"2024-10-11T12:33:38.766Z"}
{"level":"info","message":"⌛ Building environment","timeElapsed":186,"timestamp":"2024-10-11T12:33:38.995Z"}
{"level":"info","message":"onRequest - completionItem/resolve","timestamp":"2024-10-11T12:33:38.997Z"}
{"level":"info","message":"⌛ Building environment","timeElapsed":717,"timestamp":"2024-10-11T12:33:39.716Z"}
{"level":"info","message":"⌛ Validating hector.wlk","timeElapsed":308,"timestamp":"2024-10-11T12:33:40.025Z"}
{"level":"info","message":"⌛ Building environment","timeElapsed":212,"timestamp":"2024-10-11T12:33:40.238Z"}
{"level":"error","message":"✘ Completions for node failed: Error: [Send]{2c09b5} at hector.wlk:78 exhausted all cases without a match [Send]{2c09b5} at hector.wlk:78 exhausted all cases without a match","stack":"Error: [Send]{2c09b5} at hector.wlk:78 exhausted all cases without a match\n    at /home/felipe/.vscode/extensions/uqbar.wollok-lsp-ide-0.3.6/out/server/src/server.js:38:6067\n    at yh (/home/felipe/.vscode/extensions/uqbar.wollok-lsp-ide-0.3.6/out/server/src/server.js:2291:42)\n    at kh (/home/felipe/.vscode/extensions/uqbar.wollok-lsp-ide-0.3.6/out/server/src/server.js:2291:1004)\n    at Y5n (/home/felipe/.vscode/extensions/uqbar.wollok-lsp-ide-0.3.6/out/server/src/server.js:2291:1160)\n    at /home/felipe/.vscode/extensions/uqbar.wollok-lsp-ide-0.3.6/out/server/src/server.js:38:6056\n    at yh (/home/felipe/.vscode/extensions/uqbar.wollok-lsp-ide-0.3.6/out/server/src/server.js:2291:42)\n    at /home/felipe/.vscode/extensions/uqbar.wollok-lsp-ide-0.3.6/out/server/src/server.js:2291:2700\n    at /home/felipe/.vscode/extensions/uqbar.wollok-lsp-ide-0.3.6/out/server/src/server.js:2298:3774\n    at /home/felipe/.vscode/extensions/uqbar.wollok-lsp-ide-0.3.6/out/server/src/server.js:37:74872\n    at Fe (/home/felipe/.vscode/extensions/uqbar.wollok-lsp-ide-0.3.6/out/server/src/server.js:7:8527)","timestamp":"2024-10-11T12:33:40.308Z"}
{"level":"info","message":"⌛ Building environment","timeElapsed":216,"timestamp":"2024-10-11T12:33:40.531Z"}
{"level":"info","message":"⌛ Validating hector.wlk","timeElapsed":240,"timestamp":"2024-10-11T12:33:40.781Z"}
{"level":"info","message":"⌛ Building environment","timeElapsed":196,"timestamp":"2024-10-11T12:33:40.980Z"}
{"level":"info","message":"⌛ Building environment","timeElapsed":182,"timestamp":"2024-10-11T12:33:41.162Z"}
{"level":"info","message":"⌛ Building environment","timeElapsed":178,"timestamp":"2024-10-11T12:33:41.340Z"}
{"level":"info","message":"⌛ Building environment","timeElapsed":203,"timestamp":"2024-10-11T12:33:41.544Z"}
{"level":"info","message":"⌛ Validating hector.wlk","timeElapsed":262,"timestamp":"2024-10-11T12:33:41.816Z"}
{"level":"info","message":"⌛ Building environment","timeElapsed":224,"timestamp":"2024-10-11T12:33:42.041Z"}
{"level":"info","message":"onRequest - completionItem/resolve","timestamp":"2024-10-11T12:33:42.042Z"}
{"level":"info","message":"⌛ Building environment","timeElapsed":272,"timestamp":"2024-10-11T12:33:42.314Z"}
{"level":"info","message":"onRequest - completionItem/resolve","timestamp":"2024-10-11T12:33:42.315Z"}
{"level":"info","message":"⌛ Validating hector.wlk","timeElapsed":248,"timestamp":"2024-10-11T12:33:42.563Z"}
{"level":"info","message":"⌛ Validating hector.wlk","timeElapsed":260,"timestamp":"2024-10-11T12:33:42.832Z"}
{"level":"info","message":"⌛ Validating hector.wlk","timeElapsed":260,"timestamp":"2024-10-11T12:33:43.094Z"}
{"level":"info","message":"⌛ Validating hector.wlk","timeElapsed":240,"timestamp":"2024-10-11T12:33:43.334Z"}
{"level":"info","message":"⌛ Validating hector.wlk","timeElapsed":241,"timestamp":"2024-10-11T12:33:43.575Z"}
{"level":"info","message":"⌛ Validating hector.wlk","timeElapsed":246,"timestamp":"2024-10-11T12:33:43.822Z"}
{"level":"info","message":"⌛ Validating hector.wlk","timeElapsed":252,"timestamp":"2024-10-11T12:33:44.075Z"}
{"level":"info","message":"⌛ Building environment","timeElapsed":447,"timestamp":"2024-10-11T12:34:28.459Z"}
{"level":"info","message":"⌛ Building environment","timeElapsed":213,"timestamp":"2024-10-11T12:34:28.675Z"}
{"level":"info","message":"⌛ Building environment","timeElapsed":452,"timestamp":"2024-10-11T12:34:29.128Z"}
{"level":"info","message":"⌛ Validating hector.wlk","timeElapsed":263,"timestamp":"2024-10-11T12:34:29.392Z"}
{"level":"info","message":"⌛ Validating hector.wlk","timeElapsed":282,"timestamp":"2024-10-11T12:34:29.675Z"}
{"level":"info","message":"⌛ Building environment","timeElapsed":171,"timestamp":"2024-10-11T12:34:29.855Z"}
{"level":"info","message":"⌛ Building environment","timeElapsed":246,"timestamp":"2024-10-11T12:34:30.103Z"}
{"level":"info","message":"⌛ Building environment","timeElapsed":409,"timestamp":"2024-10-11T12:34:30.532Z"}
{"level":"info","message":"⌛ Building environment","timeElapsed":215,"timestamp":"2024-10-11T12:34:30.750Z"}
{"level":"info","message":"⌛ Building environment","timeElapsed":202,"timestamp":"2024-10-11T12:34:30.953Z"}
{"level":"info","message":"⌛ Building environment","timeElapsed":213,"timestamp":"2024-10-11T12:34:31.175Z"}
{"level":"info","message":"⌛ Building environment","timeElapsed":195,"timestamp":"2024-10-11T12:34:31.371Z"}
{"level":"info","message":"⌛ Building environment","timeElapsed":369,"timestamp":"2024-10-11T12:34:31.746Z"}
{"level":"info","message":"⌛ Building environment","timeElapsed":218,"timestamp":"2024-10-11T12:34:31.965Z"}
{"level":"info","message":"⌛ Building environment","timeElapsed":169,"timestamp":"2024-10-11T12:34:32.134Z"}
{"level":"info","message":"⌛ Validating hector.wlk","timeElapsed":255,"timestamp":"2024-10-11T12:34:32.390Z"}
{"level":"info","message":"⌛ Building environment","timeElapsed":174,"timestamp":"2024-10-11T12:34:32.564Z"}
{"level":"info","message":"⌛ Building environment","timeElapsed":193,"timestamp":"2024-10-11T12:34:32.759Z"}
{"level":"info","message":"⌛ Validating hector.wlk","timeElapsed":229,"timestamp":"2024-10-11T12:34:33.003Z"}
{"level":"info","message":"⌛ Building environment","timeElapsed":204,"timestamp":"2024-10-11T12:34:33.208Z"}
{"level":"info","message":"⌛ Building environment","timeElapsed":190,"timestamp":"2024-10-11T12:34:33.398Z"}
{"level":"info","message":"⌛ Building environment","timeElapsed":167,"timestamp":"2024-10-11T12:34:33.572Z"}
{"level":"info","message":"⌛ Building environment","timeElapsed":168,"timestamp":"2024-10-11T12:34:33.741Z"}
{"level":"info","message":"⌛ Building environment","timeElapsed":180,"timestamp":"2024-10-11T12:34:33.923Z"}
{"level":"info","message":"⌛ Validating hector.wlk","timeElapsed":238,"timestamp":"2024-10-11T12:34:34.161Z"}
{"level":"info","message":"⌛ Building environment","timeElapsed":184,"timestamp":"2024-10-11T12:34:34.347Z"}
{"level":"info","message":"⌛ Building environment","timeElapsed":174,"timestamp":"2024-10-11T12:34:34.521Z"}
{"level":"info","message":"⌛ Building environment","timeElapsed":171,"timestamp":"2024-10-11T12:34:34.693Z"}
{"level":"info","message":"⌛ Validating hector.wlk","timeElapsed":238,"timestamp":"2024-10-11T12:34:34.932Z"}
{"level":"info","message":"⌛ Building environment","timeElapsed":182,"timestamp":"2024-10-11T12:34:35.123Z"}
{"level":"info","message":"⌛ Validating hector.wlk","timeElapsed":234,"timestamp":"2024-10-11T12:34:35.358Z"}
{"level":"info","message":"⌛ Building environment","timeElapsed":194,"timestamp":"2024-10-11T12:34:35.553Z"}
{"level":"info","message":"⌛ Validating hector.wlk","timeElapsed":268,"timestamp":"2024-10-11T12:34:35.821Z"}
{"level":"info","message":"⌛ Validating hector.wlk","timeElapsed":243,"timestamp":"2024-10-11T12:34:36.065Z"}
{"level":"info","message":"⌛ Building environment","timeElapsed":175,"timestamp":"2024-10-11T12:34:36.251Z"}
{"level":"info","message":"⌛ Validating hector.wlk","timeElapsed":233,"timestamp":"2024-10-11T12:34:36.485Z"}
{"level":"info","message":"⌛ Validating hector.wlk","timeElapsed":382,"timestamp":"2024-10-11T12:34:36.877Z"}
{"level":"info","message":"⌛ Validating hector.wlk","timeElapsed":222,"timestamp":"2024-10-11T12:34:37.100Z"}
{"level":"info","message":"⌛ Validating hector.wlk","timeElapsed":227,"timestamp":"2024-10-11T12:34:37.327Z"}
{"level":"info","message":"⌛ Validating hector.wlk","timeElapsed":228,"timestamp":"2024-10-11T12:34:37.557Z"}
{"level":"info","message":"⌛ Validating hector.wlk","timeElapsed":273,"timestamp":"2024-10-11T12:34:37.830Z"}
{"level":"info","message":"⌛ Validating hector.wlk","timeElapsed":225,"timestamp":"2024-10-11T12:34:38.055Z"}
{"level":"info","message":"⌛ Validating hector.wlk","timeElapsed":276,"timestamp":"2024-10-11T12:34:38.334Z"}
{"level":"info","message":"⌛ Validating hector.wlk","timeElapsed":239,"timestamp":"2024-10-11T12:34:38.573Z"}
{"level":"info","message":"⌛ Validating hector.wlk","timeElapsed":253,"timestamp":"2024-10-11T12:34:38.826Z"}
{"level":"info","message":"⌛ Validating hector.wlk","timeElapsed":231,"timestamp":"2024-10-11T12:34:39.059Z"}
{"level":"info","message":"⌛ Validating hector.wlk","timeElapsed":250,"timestamp":"2024-10-11T12:34:39.309Z"}
{"level":"info","message":"⌛ Validating hector.wlk","timeElapsed":252,"timestamp":"2024-10-11T12:34:39.562Z"}
{"level":"info","message":"⌛ Validating hector.wlk","timeElapsed":247,"timestamp":"2024-10-11T12:34:39.810Z"}
{"level":"info","message":"⌛ Validating hector.wlk","timeElapsed":308,"timestamp":"2024-10-11T12:34:40.118Z"}
{"level":"info","message":"⌛ Validating hector.wlk","timeElapsed":310,"timestamp":"2024-10-11T12:34:40.475Z"}
{"level":"info","message":"⌛ Validating hector.wlk","timeElapsed":342,"timestamp":"2024-10-11T12:34:40.905Z"}
{"level":"info","message":"⌛ Building environment","timeElapsed":185,"timestamp":"2024-10-11T12:34:41.094Z"}
{"level":"info","message":"⌛ Building environment","timeElapsed":202,"timestamp":"2024-10-11T12:34:41.303Z"}
{"level":"info","message":"⌛ Validating hector.wlk","timeElapsed":225,"timestamp":"2024-10-11T12:34:41.542Z"}
{"level":"info","message":"⌛ Building environment","timeElapsed":235,"timestamp":"2024-10-11T12:34:41.779Z"}
{"level":"info","message":"⌛ Validating hector.wlk","timeElapsed":241,"timestamp":"2024-10-11T12:34:42.021Z"}
{"level":"info","message":"⌛ Building environment","timeElapsed":187,"timestamp":"2024-10-11T12:34:42.220Z"}
{"level":"info","message":"⌛ Validating hector.wlk","timeElapsed":236,"timestamp":"2024-10-11T12:34:42.457Z"}
{"level":"info","message":"⌛ Building environment","timeElapsed":245,"timestamp":"2024-10-11T12:34:42.704Z"}
{"level":"info","message":"⌛ Building environment","timeElapsed":232,"timestamp":"2024-10-11T12:34:42.936Z"}
{"level":"info","message":"⌛ Validating hector.wlk","timeElapsed":228,"timestamp":"2024-10-11T12:34:43.174Z"}
{"level":"info","message":"⌛ Validating hector.wlk","timeElapsed":229,"timestamp":"2024-10-11T12:34:43.404Z"}
{"level":"info","message":"⌛ Validating hector.wlk","timeElapsed":218,"timestamp":"2024-10-11T12:34:43.622Z"}
{"level":"info","message":"⌛ Building environment","timeElapsed":272,"timestamp":"2024-10-11T12:35:28.301Z"}
{"level":"info","message":"⌛ Building environment","timeElapsed":233,"timestamp":"2024-10-11T12:35:28.539Z"}
{"level":"info","message":"⌛ Validating game.wpgm","timeElapsed":349,"timestamp":"2024-10-11T12:35:28.889Z"}
{"level":"info","message":"⌛ Validating game.wpgm","timeElapsed":240,"timestamp":"2024-10-11T12:35:29.139Z"}
{"level":"info","message":"⌛ Building environment","timeElapsed":228,"timestamp":"2024-10-11T12:35:36.372Z"}
{"level":"info","message":"⌛ Validating game.wpgm","timeElapsed":235,"timestamp":"2024-10-11T12:35:36.610Z"}
{"level":"info","message":"⌛ Building environment","timeElapsed":199,"timestamp":"2024-10-11T12:35:37.687Z"}
{"level":"info","message":"⌛ Autocomplete - Reference","timeElapsed":149,"timestamp":"2024-10-11T12:35:37.845Z"}
{"level":"info","message":"⌛ Building environment","timeElapsed":334,"timestamp":"2024-10-11T12:35:38.181Z"}
{"level":"info","message":"⌛ Validating game.wpgm","timeElapsed":267,"timestamp":"2024-10-11T12:35:38.449Z"}
{"level":"info","message":"⌛ Building environment","timeElapsed":215,"timestamp":"2024-10-11T12:35:38.666Z"}
{"level":"info","message":"onRequest - completionItem/resolve","timestamp":"2024-10-11T12:35:38.666Z"}
{"level":"info","message":"⌛ Validating game.wpgm","timeElapsed":262,"timestamp":"2024-10-11T12:35:38.939Z"}
{"level":"info","message":"⌛ Validating game.wpgm","timeElapsed":246,"timestamp":"2024-10-11T12:35:39.186Z"}
{"level":"info","message":"⌛ Building environment","timeElapsed":373,"timestamp":"2024-10-11T12:35:39.562Z"}
{"level":"info","message":"⌛ Building environment","timeElapsed":266,"timestamp":"2024-10-11T12:35:39.884Z"}
{"level":"info","message":"⌛ Building environment","timeElapsed":180,"timestamp":"2024-10-11T12:35:40.065Z"}
{"level":"info","message":"⌛ Building environment","timeElapsed":166,"timestamp":"2024-10-11T12:35:40.232Z"}
{"level":"info","message":"⌛ Building environment","timeElapsed":198,"timestamp":"2024-10-11T12:35:40.432Z"}
{"level":"info","message":"⌛ Validating game.wpgm","timeElapsed":384,"timestamp":"2024-10-11T12:35:40.817Z"}
{"level":"info","message":"⌛ Validating game.wpgm","timeElapsed":394,"timestamp":"2024-10-11T12:35:41.221Z"}
{"level":"info","message":"⌛ Validating game.wpgm","timeElapsed":228,"timestamp":"2024-10-11T12:35:41.449Z"}
{"level":"info","message":"⌛ Validating game.wpgm","timeElapsed":222,"timestamp":"2024-10-11T12:35:41.671Z"}
{"level":"info","message":"⌛ Validating game.wpgm","timeElapsed":263,"timestamp":"2024-10-11T12:35:41.935Z"}
{"level":"info","message":"⌛ Building environment","timeElapsed":186,"timestamp":"2024-10-11T12:35:42.122Z"}
{"level":"info","message":"⌛ Building environment","timeElapsed":203,"timestamp":"2024-10-11T12:35:42.368Z"}
{"level":"info","message":"⌛ Building environment","timeElapsed":272,"timestamp":"2024-10-11T12:35:42.715Z"}
{"level":"info","message":"⌛ Validating game.wpgm","timeElapsed":281,"timestamp":"2024-10-11T12:35:43.005Z"}
{"level":"info","message":"⌛ Validating game.wpgm","timeElapsed":287,"timestamp":"2024-10-11T12:35:43.295Z"}
{"level":"info","message":"⌛ Validating game.wpgm","timeElapsed":236,"timestamp":"2024-10-11T12:35:43.531Z"}
{"level":"info","message":"⌛ Building environment","timeElapsed":204,"timestamp":"2024-10-11T12:35:44.427Z"}
{"level":"info","message":"⌛ Autocomplete - Reference","timeElapsed":119,"timestamp":"2024-10-11T12:35:44.555Z"}
{"level":"info","message":"⌛ Building environment","timeElapsed":327,"timestamp":"2024-10-11T12:35:44.883Z"}
{"level":"info","message":"⌛ Validating game.wpgm","timeElapsed":350,"timestamp":"2024-10-11T12:35:45.234Z"}
{"level":"info","message":"onRequest - completionItem/resolve","timestamp":"2024-10-11T12:35:45.234Z"}
{"level":"info","message":"⌛ Building environment","timeElapsed":271,"timestamp":"2024-10-11T12:35:45.506Z"}
{"level":"info","message":"onRequest - completionItem/resolve","timestamp":"2024-10-11T12:35:45.507Z"}
{"level":"info","message":"⌛ Validating game.wpgm","timeElapsed":256,"timestamp":"2024-10-11T12:35:45.763Z"}
{"level":"info","message":"⌛ Building environment","timeElapsed":250,"timestamp":"2024-10-11T12:35:46.014Z"}
{"level":"info","message":"⌛ Building environment","timeElapsed":191,"timestamp":"2024-10-11T12:35:46.252Z"}
{"level":"info","message":"⌛ Building environment","timeElapsed":260,"timestamp":"2024-10-11T12:35:46.514Z"}
{"level":"info","message":"⌛ Validating game.wpgm","timeElapsed":250,"timestamp":"2024-10-11T12:35:46.764Z"}
{"level":"info","message":"⌛ Building environment","timeElapsed":180,"timestamp":"2024-10-11T12:35:46.945Z"}
{"level":"info","message":"⌛ Validating game.wpgm","timeElapsed":214,"timestamp":"2024-10-11T12:35:47.166Z"}
{"level":"info","message":"⌛ Building environment","timeElapsed":187,"timestamp":"2024-10-11T12:35:47.353Z"}
{"level":"info","message":"⌛ Validating game.wpgm","timeElapsed":225,"timestamp":"2024-10-11T12:35:47.632Z"}
{"level":"info","message":"⌛ Building environment","timeElapsed":169,"timestamp":"2024-10-11T12:35:47.801Z"}
{"level":"info","message":"⌛ Validating game.wpgm","timeElapsed":245,"timestamp":"2024-10-11T12:35:48.046Z"}
{"level":"info","message":"⌛ Validating game.wpgm","timeElapsed":435,"timestamp":"2024-10-11T12:35:48.493Z"}
{"level":"info","message":"⌛ Building environment","timeElapsed":178,"timestamp":"2024-10-11T12:35:48.673Z"}
{"level":"info","message":"⌛ Validating game.wpgm","timeElapsed":228,"timestamp":"2024-10-11T12:35:48.901Z"}
{"level":"info","message":"⌛ Validating game.wpgm","timeElapsed":217,"timestamp":"2024-10-11T12:35:49.129Z"}
{"level":"info","message":"⌛ Building environment","timeElapsed":323,"timestamp":"2024-10-11T12:35:49.453Z"}
{"level":"info","message":"⌛ Validating game.wpgm","timeElapsed":219,"timestamp":"2024-10-11T12:35:49.682Z"}
{"level":"info","message":"⌛ Validating game.wpgm","timeElapsed":231,"timestamp":"2024-10-11T12:35:49.913Z"}
{"level":"info","message":"⌛ Building environment","timeElapsed":182,"timestamp":"2024-10-11T12:35:50.271Z"}
{"level":"info","message":"⌛ Validating game.wpgm","timeElapsed":210,"timestamp":"2024-10-11T12:35:50.521Z"}
{"level":"info","message":"⌛ Building environment","timeElapsed":173,"timestamp":"2024-10-11T12:35:51.034Z"}
{"level":"info","message":"⌛ Validating game.wpgm","timeElapsed":224,"timestamp":"2024-10-11T12:35:51.264Z"}
{"level":"info","message":"⌛ Building environment","timeElapsed":182,"timestamp":"2024-10-11T12:35:51.703Z"}
{"level":"info","message":"⌛ Building environment","timeElapsed":175,"timestamp":"2024-10-11T12:35:51.924Z"}
{"level":"info","message":"⌛ Validating game.wpgm","timeElapsed":233,"timestamp":"2024-10-11T12:35:52.158Z"}
{"level":"info","message":"⌛ Building environment","timeElapsed":226,"timestamp":"2024-10-11T12:35:52.384Z"}
{"level":"info","message":"⌛ Validating game.wpgm","timeElapsed":221,"timestamp":"2024-10-11T12:35:52.645Z"}
{"level":"info","message":"⌛ Building environment","timeElapsed":294,"timestamp":"2024-10-11T12:35:52.939Z"}
{"level":"info","message":"⌛ Building environment","timeElapsed":180,"timestamp":"2024-10-11T12:35:53.120Z"}
{"level":"info","message":"⌛ Building environment","timeElapsed":168,"timestamp":"2024-10-11T12:35:53.289Z"}
{"level":"info","message":"⌛ Validating game.wpgm","timeElapsed":248,"timestamp":"2024-10-11T12:35:53.538Z"}
{"level":"info","message":"⌛ Building environment","timeElapsed":179,"timestamp":"2024-10-11T12:35:53.730Z"}
{"level":"info","message":"⌛ Validating game.wpgm","timeElapsed":263,"timestamp":"2024-10-11T12:35:54.043Z"}
{"level":"info","message":"⌛ Validating game.wpgm","timeElapsed":231,"timestamp":"2024-10-11T12:35:54.276Z"}
{"level":"info","message":"⌛ Validating game.wpgm","timeElapsed":222,"timestamp":"2024-10-11T12:35:54.499Z"}
{"level":"info","message":"⌛ Building environment","timeElapsed":171,"timestamp":"2024-10-11T12:35:54.670Z"}
{"level":"info","message":"⌛ Building environment","timeElapsed":173,"timestamp":"2024-10-11T12:35:54.845Z"}
{"level":"info","message":"⌛ Validating game.wpgm","timeElapsed":327,"timestamp":"2024-10-11T12:35:55.174Z"}
{"level":"info","message":"⌛ Building environment","timeElapsed":241,"timestamp":"2024-10-11T12:35:55.417Z"}
{"level":"info","message":"onRequest - completionItem/resolve","timestamp":"2024-10-11T12:35:55.422Z"}
{"level":"info","message":"⌛ Building environment","timeElapsed":173,"timestamp":"2024-10-11T12:35:55.597Z"}
{"level":"info","message":"onRequest - completionItem/resolve","timestamp":"2024-10-11T12:35:55.600Z"}
{"level":"info","message":"⌛ Validating game.wpgm","timeElapsed":227,"timestamp":"2024-10-11T12:35:55.833Z"}
{"level":"info","message":"⌛ Validating game.wpgm","timeElapsed":219,"timestamp":"2024-10-11T12:35:56.052Z"}
{"level":"info","message":"onRequest - completionItem/resolve","timestamp":"2024-10-11T12:35:56.053Z"}
{"level":"info","message":"⌛ Building environment","timeElapsed":175,"timestamp":"2024-10-11T12:35:56.228Z"}
{"level":"info","message":"⌛ Validating game.wpgm","timeElapsed":210,"timestamp":"2024-10-11T12:35:56.447Z"}
{"level":"info","message":"⌛ Validating game.wpgm","timeElapsed":213,"timestamp":"2024-10-11T12:35:56.670Z"}
{"level":"info","message":"⌛ Validating game.wpgm","timeElapsed":217,"timestamp":"2024-10-11T12:35:56.887Z"}
{"level":"error","message":"✘ Failed to get type description: Error: Failed to print, found malformed node Failed to print, found malformed node","node":{"id":"c6da4caf-cb1c-4f3f-a7e4-d5292bcdb36c","metadata":[],"problems":[{"code":"malformedSentence","sourceMap":{"end":{"column":0,"line":31,"offset":1162},"start":{"column":14,"line":30,"offset":1127}}}],"scope":{"containerScope":{"containerScope":{"containerScope":{"contributions":{},"includedScopes":[]},"contributions":{},"includedScopes":[{"contributions":{},"includedScopes":[]},{"contributions":{},"includedScopes":[]},{"contributions":{},"includedScopes":[]},{"contributions":{},"includedScopes":[]},{"contributions":{},"includedScopes":[]}]},"contributions":{},"includedScopes":[]},"contributions":{},"includedScopes":[]},"sentences":[{"args":[{"id":"4725fd64-e9d9-4b81-8132-32bd1951c075","metadata":[],"scope":{"containerScope":{"containerScope":{"containerScope":{"containerScope":{"containerScope":{"contributions":{},"includedScopes":[]},"contributions":{},"includedScopes":[{"contributions":{},"includedScopes":[]},{"contributions":{},"includedScopes":[]},{"contributions":{},"includedScopes":[]},{"contributions":{},"includedScopes":[]},{"contributions":{},"includedScopes":[]}]},"contributions":{},"includedScopes":[]},"contributions":{},"includedScopes":[]},"contributions":{},"includedScopes":[]},"contributions":{},"includedScopes":[]},"sourceMap":{"end":{"column":34,"line":13,"offset":361},"start":{"column":13,"line":13,"offset":340}},"value":"La granja de Héctor"}],"id":"a9a7e405-fa34-4ac3-bebd-a95d1d6841cb","message":"title","metadata":[],"receiver":{"id":"c6d1f72c-6b90-47ce-8562-005fda7f7277","metadata":[],"name":"game","scope":{"containerScope":{"containerScope":{"containerScope":{"containerScope":{"containerScope":{"contributions":{},"includedScopes":[]},"contributions":{},"includedScopes":[{"contributions":{},"includedScopes":[]},{"contributions":{},"includedScopes":[]},{"contributions":{},"includedScopes":[]},{"contributions":{},"includedScopes":[]},{"contributions":{},"includedScopes":[]}]},"contributions":{},"includedScopes":[]},"contributions":{},"includedScopes":[]},"contributions":{},"includedScopes":[]},"contributions":{},"includedScopes":[]},"sourceMap":{"end":{"column":6,"line":13,"offset":333},"start":{"column":2,"line":13,"offset":329}}},"scope":{"containerScope":{"containerScope":{"containerScope":{"containerScope":{"contributions":{},"includedScopes":[]},"contributions":{},"includedScopes":[{"contributions":{},"includedScopes":[]},{"contributions":{},"includedScopes":[]},{"contributions":{},"includedScopes":[]},{"contributions":{},"includedScopes":[]},{"contributions":{},"includedScopes":[]}]},"contributions":{},"includedScopes":[]},"contributions":{},"includedScopes":[]},"contributions":{},"includedScopes":[]},"sourceMap":{"end":{"column":35,"line":13,"offset":362},"start":{"column":2,"line":13,"offset":329}}},{"args":[{"id":"fcfb9a51-12ea-4af6-8e45-dbc36d8cabeb","metadata":[],"scope":{"containerScope":{"containerScope":{"containerScope":{"containerScope":{"containerScope":{"contributions":{},"includedScopes":[]},"contributions":{},"includedScopes":[{"contributions":{},"includedScopes":[]},{"contributions":{},"includedScopes":[]},{"contributions":{},"includedScopes":[]},{"contributions":{},"includedScopes":[]},{"contributions":{},"includedScopes":[]}]},"contributions":{},"includedScopes":[]},"contributions":{},"includedScopes":[]},"contributions":{},"includedScopes":[]},"contributions":{},"includedScopes":[]},"sourceMap":{"end":{"column":16,"line":14,"offset":378},"start":{"column":14,"line":14,"offset":376}},"value":10}],"id":"d76d9460-fb32-489f-a0f4-19bc7ace9309","message":"height","metadata":[],"receiver":{"id":"b96bde88-b4bb-4538-ab74-bcf87add715f","metadata":[],"name":"game","scope":{"containerScope":{"containerScope":{"containerScope":{"containerScope":{"containerScope":{"contributions":{},"includedScopes":[]},"contributions":{},"includedScopes":[{"contributions":{},"includedScopes":[]},{"contributions":{},"includedScopes":[]},{"contributions":{},"includedScopes":[]},{"contributions":{},"includedScopes":[]},{"contributions":{},"includedScopes":[]}]},"contributions":{},"includedScopes":[]},"contributions":{},"includedScopes":[]},"contributions":{},"includedScopes":[]},"contributions":{},"includedScopes":[]},"sourceMap":{"end":{"column":6,"line":14,"offset":368},"start":{"column":2,"line":14,"offset":364}}},"scope":{"containerScope":{"containerScope":{"containerScope":{"containerScope":{"contributions":{},"includedScopes":[]},"contributions":{},"includedScopes":[{"contributions":{},"includedScopes":[]},{"contributions":{},"includedScopes":[]},{"contributions":{},"includedScopes":[]},{"contributions":{},"includedScopes":[]},{"contributions":{},"includedScopes":[]}]},"contributions":{},"includedScopes":[]},"contributions":{},"includedScopes":[]},"contributions":{},"includedScopes":[]},"sourceMap":{"end":{"column":17,"line":14,"offset":379},"start":{"column":2,"line":14,"offset":364}}},{"args":[{"id":"5c106b12-ec3a-4da6-8921-00e38fca6347","metadata":[],"scope":{"containerScope":{"containerScope":{"containerScope":{"containerScope":{"containerScope":{"contributions":{},"includedScopes":[]},"contributions":{},"includedScopes":[{"contributions":{},"includedScopes":[]},{"contributions":{},"includedScopes":[]},{"contributions":{},"includedScopes":[]},{"contributions":{},"includedScopes":[]},{"contributions":{},"includedScopes":[]}]},"contributions":{},"includedScopes":[]},"contributions":{},"includedScopes":[]},"contributions":{},"includedScopes":[]},"contributions":{},"includedScopes":[]},"sourceMap":{"end":{"column":15,"line":15,"offset":394},"start":{"column":13,"line":15,"offset":392}},"value":10}],"id":"668a24c3-5638-46b2-a6a4-2c4c3c93b1f3","message":"width","metadata":[],"receiver":{"id":"cce49d53-7f8a-4343-8798-4ea0f08cdc88","metadata":[],"name":"game","scope":{"containerScope":{"containerScope":{"containerScope":{"containerScope":{"containerScope":{"contributions":{},"includedScopes":[]},"contributions":{},"includedScopes":[{"contributions":{},"includedScopes":[]},{"contributions":{},"includedScopes":[]},{"contributions":{},"includedScopes":[]},{"contributions":{},"includedScopes":[]},{"contributions":{},"includedScopes":[]}]},"contributions":{},"includedScopes":[]},"contributions":{},"includedScopes":[]},"contributions":{},"includedScopes":[]},"contributions":{},"includedScopes":[]},"sourceMap":{"end":{"column":6,"line":15,"offset":385},"start":{"column":2,"line":15,"offset":381}}},"scope":{"containerScope":{"containerScope":{"containerScope":{"containerScope":{"contributions":{},"includedScopes":[]},"contributions":{},"includedScopes":[{"contributions":{},"includedScopes":[]},{"contributions":{},"includedScopes":[]},{"contributions":{},"includedScopes":[]},{"contributions":{},"includedScopes":[]},{"contributions":{},"includedScopes":[]}]},"contributions":{},"includedScopes":[]},"contributions":{},"includedScopes":[]},"contributions":{},"includedScopes":[]},"sourceMap":{"end":{"column":16,"line":15,"offset":395},"start":{"column":2,"line":15,"offset":381}}},{"args":[{"id":"a1fb8906-c212-400c-8c50-c8b089ccf2ce","metadata":[],"scope":{"containerScope":{"containerScope":{"containerScope":{"containerScope":{"containerScope":{"contributions":{},"includedScopes":[]},"contributions":{},"includedScopes":[{"contributions":{},"includedScopes":[]},{"contributions":{},"includedScopes":[]},{"contributions":{},"includedScopes":[]},{"contributions":{},"includedScopes":[]},{"contributions":{},"includedScopes":[]}]},"contributions":{},"includedScopes":[]},"contributions":{},"includedScopes":[]},"contributions":{},"includedScopes":[]},"contributions":{},"includedScopes":[]},"sourceMap":{"end":{"column":26,"line":16,"offset":421},"start":{"column":14,"line":16,"offset":409}},"value":"ground.png"}],"id":"13411346-efb9-4cb0-998f-5b87104f8e9d","message":"ground","metadata":[],"receiver":{"id":"5e899c83-a9d2-45d6-afb4-db84bbf93b77","metadata":[],"name":"game","scope":{"containerScope":{"containerScope":{"containerScope":{"containerScope":{"containerScope":{"contributions":{},"includedScopes":[]},"contributions":{},"includedScopes":[{"contributions":{},"includedScopes":[]},{"contributions":{},"includedScopes":[]},{"contributions":{},"includedScopes":[]},{"contributions":{},"includedScopes":[]},{"contributions":{},"includedScopes":[]}]},"contributions":{},"includedScopes":[]},"contributions":{},"includedScopes":[]},"contributions":{},"includedScopes":[]},"contributions":{},"includedScopes":[]},"sourceMap":{"end":{"column":6,"line":16,"offset":401},"start":{"column":2,"line":16,"offset":397}}},"scope":{"containerScope":{"containerScope":{"containerScope":{"containerScope":{"contributions":{},"includedScopes":[]},"contributions":{},"includedScopes":[{"contributions":{},"includedScopes":[]},{"contributions":{},"includedScopes":[]},{"contributions":{},"includedScopes":[]},{"contributions":{},"includedScopes":[]},{"contributions":{},"includedScopes":[]}]},"contributions":{},"includedScopes":[]},"contributions":{},"includedScopes":[]},"contributions":{},"includedScopes":[]},"sourceMap":{"end":{"column":27,"line":16,"offset":422},"start":{"column":2,"line":16,"offset":397}}},{"args":[{"id":"acac04b4-3ddc-40d2-9d8f-f4fef0225aba","members":[{"body":{"id":"e709bc27-785e-4416-9e16-91c46f667dbc","metadata":[],"scope":{"containerScope":{"containerScope":{"containerScope":{"containerScope":{"containerScope":{"containerScope":{"containerScope":{"contributions":{},"includedScopes":[]},"contributions":{},"includedScopes":[{"contributions":{},"includedScopes":[]},{"contributions":{},"includedScopes":[]},{"contributions":{},"includedScopes":[]},{"contributions":{},"includedScopes":[]},{"contributions":{},"includedScopes":[]}]},"contributions":{},"includedScopes":[]},"contributions":{},"includedScopes":[]},"contributions":{},"includedScopes":[]},"contributions":{},"includedScopes":[{"containerScope":{"containerScope":{"containerScope":{"contributions":{},"includedScopes":[]},"contributions":{},"includedScopes":[]},"contributions":{},"includedScopes":[]},"contributions":{},"includedScopes":[{"containerScope":{"containerScope":{"containerScope":{"contributions":{},"includedScopes":[]},"contributions":{},"includedScopes":[]},"contributions":{},"includedScopes":[]},"contributions":{},"includedScopes":[]}]},{"containerScope":{"containerScope":{"containerScope":{"contributions":{},"includedScopes":[]},"contributions":{},"includedScopes":[]},"contributions":{},"includedScopes":[]},"contributions":{},"includedScopes":[]}]},"contributions":{},"includedScopes":[]},"contributions":{},"includedScopes":[]},"sentences":[{"id":"09a41aa4-7462-4436-95ff-5e899b9e68e6","metadata":[],"scope":{"containerScope":{"containerScope":{"containerScope":{"containerScope":{"containerScope":{"containerScope":{"containerScope":{"containerScope":{"contributions":{},"includedScopes":[]},"contributions":{},"includedScopes":[{"contributions":{},"includedScopes":[]},{"contributions":{},"includedScopes":[]},{"contributions":{},"includedScopes":[]},{"contributions":{},"includedScopes":[]},{"contributions":{},"includedScopes":[]}]},"contributions":{},"includedScopes":[]},"contributions":{},"includedScopes":[]},"contributions":{},"includedScopes":[]},"contributions":{},"includedScopes":[{"containerScope":{"containerScope":{"containerScope":{"contributions":{},"includedScopes":[]},"contributions":{},"includedScopes":[]},"contributions":{},"includedScopes":[]},"contributions":{},"includedScopes":[{"containerScope":{"containerScope":{"containerScope":{"contributions":{},"includedScopes":[]},"contributions":{},"includedScopes":[]},"contributions":{},"includedScopes":[]},"contributions":{},"includedScopes":[]}]},{"containerScope":{"containerScope":{"containerScope":{"contributions":{},"includedScopes":[]},"contributions":{},"includedScopes":[]},"contributions":{},"includedScopes":[]},"contributions":{},"includedScopes":[]}]},"contributions":{},"includedScopes":[]},"contributions":{},"includedScopes":[]},"contributions":{},"includedScopes":[]},"value":{"args":[{"id":"caa0da2e-19b7-404b-a43a-1579739a5a7d","metadata":[],"name":"arriba","scope":{"containerScope":{"containerScope":{"containerScope":{"containerScope":{"containerScope":{"containerScope":{"containerScope":{"containerScope":{"containerScope":{"containerScope":{"contributions":{},"includedScopes":[]},"contributions":{},"includedScopes":[{"contributions":{},"includedScopes":[]},{"contributions":{},"includedScopes":[]},{"contributions":{},"includedScopes":[]},{"contributions":{},"includedScopes":[]},{"contributions":{},"includedScopes":[]}]},"contributions":{},"includedScopes":[]},"contributions":{},"includedScopes":[]},"contributions":{},"includedScopes":[]},"contributions":{},"includedScopes":[{"containerScope":{"containerScope":{"containerScope":{"contributions":{},"includedScopes":[]},"contributions":{},"includedScopes":[]},"contributions":{},"includedScopes":[]},"contributions":{},"includedScopes":[{"containerScope":{"containerScope":{"containerScope":{"contributions":{},"includedScopes":[]},"contributions":{},"includedScopes":[]},"contributions":{},"includedScopes":[]},"contributions":{},"includedScopes":[]}]},{"containerScope":{"containerScope":{"containerScope":{"contributions":{},"includedScopes":[]},"contributions":{},"includedScopes":[]},"contributions":{},"includedScopes":[]},"contributions":{},"includedScopes":[]}]},"contributions":{},"includedScopes":[]},"contributions":{},"includedScopes":[]},"contributions":{},"includedScopes":[]},"contributions":{},"includedScopes":[]},"contributions":{},"includedScopes":[]},"sourceMap":{"end":{"column":46,"line":18,"offset":469},"start":{"column":40,"line":18,"offset":463}}}],"id":"1f1fde6d-72ee-4316-8923-7dd55975063e","message":"mover","metadata":[],"receiver":{"id":"0d927d15-6f64-422e-8371-596fdc3b3627","metadata":[],"name":"hector","scope":{"containerScope":{"containerScope":{"containerScope":{"containerScope":{"containerScope":{"containerScope":{"containerScope":{"containerScope":{"containerScope":{"containerScope":{"contributions":{},"includedScopes":[]},"contributions":{},"includedScopes":[{"contributions":{},"includedScopes":[]},{"contributions":{},"includedScopes":[]},{"contributions":{},"includedScopes":[]},{"contributions":{},"includedScopes":[]},{"contributions":{},"includedScopes":[]}]},"contributions":{},"includedScopes":[]},"contributions":{},"includedScopes":[]},"contributions":{},"includedScopes":[]},"contributions":{},"includedScopes":[{"containerScope":{"containerScope":{"containerScope":{"contributions":{},"includedScopes":[]},"contributions":{},"includedScopes":[]},"contributions":{},"includedScopes":[]},"contributions":{},"includedScopes":[{"containerScope":{"containerScope":{"containerScope":{"contributions":{},"includedScopes":[]},"contributions":{},"includedScopes":[]},"contributions":{},"includedScopes":[]},"contributions":{},"includedScopes":[]}]},{"containerScope":{"containerScope":{"containerScope":{"contributions":{},"includedScopes":[]},"contributions":{},"includedScopes":[]},"contributions":{},"includedScopes":[]},"contributions":{},"includedScopes":[]}]},"contributions":{},"includedScopes":[]},"contributions":{},"includedScopes":[]},"contributions":{},"includedScopes":[]},"contributions":{},"includedScopes":[]},"contributions":{},"includedScopes":[]},"sourceMap":{"end":{"column":33,"line":18,"offset":456},"start":{"column":27,"line":18,"offset":450}}},"scope":{"containerScope":{"containerScope":{"containerScope":{"containerScope":{"containerScope":{"containerScope":{"containerScope":{"containerScope":{"containerScope":{"contributions":{},"includedScopes":[]},"contributions":{},"includedScopes":[{"contributions":{},"includedScopes":[]},{"contributions":{},"includedScopes":[]},{"contributions":{},"includedScopes":[]},{"contributions":{},"includedScopes":[]},{"contributions":{},"includedScopes":[]}]},"contributions":{},"includedScopes":[]},"contributions":{},"includedScopes":[]},"contributions":{},"includedScopes":[]},"contributions":{},"includedScopes":[{"containerScope":{"containerScope":{"containerScope":{"contributions":{},"includedScopes":[]},"contributions":{},"includedScopes":[]},"contributions":{},"includedScopes":[]},"contributions":{},"includedScopes":[{"containerScope":{"containerScope":{"containerScope":{"contributions":{},"includedScopes":[]},"contributions":{},"includedScopes":[]},"contributions":{},"includedScopes":[]},"contributions":{},"includedScopes":[]}]},{"containerScope":{"containerScope":{"containerScope":{"contributions":{},"includedScopes":[]},"contributions":{},"includedScopes":[]},"contributions":{},"includedScopes":[]},"contributions":{},"includedScopes":[]}]},"contributions":{},"includedScopes":[]},"contributions":{},"includedScopes":[]},"contributions":{},"includedScopes":[]},"contributions":{},"includedScopes":[]},"sourceMap":{"end":{"column":47,"line":18,"offset":470},"start":{"column":27,"line":18,"offset":450}}}}]},"id":"d3c5ff68-eb35-47ee-9ae7-a1ee0e6289ce","isOverride":false,"metadata":[],"name":"<apply>","parameters":[],"scope":{"containerScope":{"containerScope":{"containerScope":{"containerScope":{"containerScope":{"containerScope":{"contributions":{},"includedScopes":[]},"contributions":{},"includedScopes":[{"contributions":{},"includedScopes":[]},{"contributions":{},"includedScopes":[]},{"contributions":{},"includedScopes":[]},{"contributions":{},"includedScopes":[]},{"contributions":{},"includedScopes":[]}]},"contributions":{},"includedScopes":[]},"contributions":{},"includedScopes":[]},"contributions":{},"includedScopes":[]},"contributions":{},"includedScopes":[{"containerScope":{"containerScope":{"containerScope":{"contributions":{},"includedScopes":[]},"contributions":{},"includedScopes":[]},"contributions":{},"includedScopes":[]},"contributions":{},"includedScopes":[{"containerScope":{"containerScope":{"containerScope":{"contributions":{},"includedScopes":[]},"contributions":{},"includedScopes":[]},"contributions":{},"includedScopes":[]},"contributions":{},"includedScopes":[]}]},{"containerScope":{"containerScope":{"containerScope":{"contributions":{},"includedScopes":[]},"contributions":{},"includedScopes":[]},"contributions":{},"includedScopes":[]},"contributions":{},"includedScopes":[]}]},"contributions":{},"includedScopes":[]}},{"id":"a354c316-1261-4998-b174-06a3d1f5a0b0","isConstant":true,"isProperty":false,"metadata":[],"name":"<toString>","scope":{"containerScope":{"containerScope":{"containerScope":{"containerScope":{"containerScope":{"containerScope":{"contributions":{},"includedScopes":[]},"contributions":{},"includedScopes":[{"contributions":{},"includedScopes":[]},{"contributions":{},"includedScopes":[]},{"contributions":{},"includedScopes":[]},{"contributions":{},"includedScopes":[]},{"contributions":{},"includedScopes":[]}]},"contributions":{},"includedScopes":[]},"contributions":{},"includedScopes":[]},"contributions":{},"includedScopes":[]},"contributions":{},"includedScopes":[{"containerScope":{"containerScope":{"containerScope":{"contributions":{},"includedScopes":[]},"contributions":{},"includedScopes":[]},"contributions":{},"includedScopes":[]},"contributions":{},"includedScopes":[{"containerScope":{"containerScope":{"containerScope":{"contributions":{},"includedScopes":[]},"contributions":{},"includedScopes":[]},"contributions":{},"includedScopes":[]},"contributions":{},"includedScopes":[]}]},{"containerScope":{"containerScope":{"containerScope":{"contributions":{},"includedScopes":[]},"contributions":{},"includedScopes":[]},"contributions":{},"includedScopes":[]},"contributions":{},"includedScopes":[]}]},"contributions":{},"includedScopes":[]},"value":{"id":"a2f6bf2a-2c37-4a65-b4d9-acdc9e25a0b0","metadata":[],"scope":{"containerScope":{"containerScope":{"containerScope":{"containerScope":{"containerScope":{"containerScope":{"containerScope":{"contributions":{},"includedScopes":[]},"contributions":{},"includedScopes":[{"contributions":{},"includedScopes":[]},{"contributions":{},"includedScopes":[]},{"contributions":{},"includedScopes":[]},{"contributions":{},"includedScopes":[]},{"contributions":{},"includedScopes":[]}]},"contributions":{},"includedScopes":[]},"contributions":{},"includedScopes":[]},"contributions":{},"includedScopes":[]},"contributions":{},"includedScopes":[{"containerScope":{"containerScope":{"containerScope":{"contributions":{},"includedScopes":[]},"contributions":{},"includedScopes":[]},"contributions":{},"includedScopes":[]},"contributions":{},"includedScopes":[{"containerScope":{"containerScope":{"containerScope":{"contributions":{},"includedScopes":[]},"contributions":{},"includedScopes":[]},"contributions":{},"includedScopes":[]},"contributions":{},"includedScopes":[]}]},{"containerScope":{"containerScope":{"containerScope":{"contributions":{},"includedScopes":[]},"contributions":{},"includedScopes":[]},"contributions":{},"includedScopes":[]},"contributions":{},"includedScopes":[]}]},"contributions":{},"includedScopes":[]},"contributions":{},"includedScopes":[]},"value":"{hector.mover(arriba)}"}}],"metadata":[],"scope":{"containerScope":{"containerScope":{"containerScope":{"containerScope":{"containerScope":{"contributions":{},"includedScopes":[]},"contributions":{},"includedScopes":[{"contributions":{},"includedScopes":[]},{"contributions":{},"includedScopes":[]},{"contributions":{},"includedScopes":[]},{"contributions":{},"includedScopes":[]},{"contributions":{},"includedScopes":[]}]},"contributions":{},"includedScopes":[]},"contributions":{},"includedScopes":[]},"contributions":{},"includedScopes":[]},"contributions":{},"includedScopes":[{"containerScope":{"containerScope":{"containerScope":{"contributions":{},"includedScopes":[]},"contributions":{},"includedScopes":[]},"contributions":{},"includedScopes":[]},"contributions":{},"includedScopes":[{"containerScope":{"containerScope":{"containerScope":{"contributions":{},"includedScopes":[]},"contributions":{},"includedScopes":[]},"contributions":{},"includedScopes":[]},"contributions":{},"includedScopes":[]}]},{"containerScope":{"containerScope":{"containerScope":{"contributions":{},"includedScopes":[]},"contributions":{},"includedScopes":[]},"contributions":{},"includedScopes":[]},"contributions":{},"includedScopes":[]}]},"sourceMap":{"end":{"column":48,"line":18,"offset":471},"start":{"column":26,"line":18,"offset":449}},"supertypes":[{"args":[],"id":"436561aa-6e74-4037-9db7-ee8f5676fd89","metadata":[],"reference":{"id":"e32101d8-ba01-4dc8-a787-999f817c13ee","metadata":[],"name":"wollok.lang.Closure","scope":{"containerScope":{"containerScope":{"containerScope":{"containerScope":{"containerScope":{"containerScope":{"contributions":{},"includedScopes":[]},"contributions":{},"includedScopes":[{"contributions":{},"includedScopes":[]},{"contributions":{},"includedScopes":[]},{"contributions":{},"includedScopes":[]},{"contributions":{},"includedScopes":[]},{"contributions":{},"includedScopes":[]}]},"contributions":{},"includedScopes":[]},"contributions":{},"includedScopes":[]},"contributions":{},"includedScopes":[]},"contributions":{},"includedScopes":[{"containerScope":{"containerScope":{"containerScope":{"contributions":{},"includedScopes":[]},"contributions":{},"includedScopes":[]},"contributions":{},"includedScopes":[]},"contributions":{},"includedScopes":[{"containerScope":{"containerScope":{"containerScope":{"contributions":{},"includedScopes":[]},"contributions":{},"includedScopes":[]},"contributions":{},"includedScopes":[]},"contributions":{},"includedScopes":[]}]},{"containerScope":{"containerScope":{"containerScope":{"contributions":{},"includedScopes":[]},"contributions":{},"includedScopes":[]},"contributions":{},"includedScopes":[]},"contributions":{},"includedScopes":[]}]},"contributions":{},"includedScopes":[]}},"scope":{"containerScope":{"containerScope":{"containerScope":{"containerScope":{"containerScope":{"containerScope":{"contributions":{},"includedScopes":[]},"contributions":{},"includedScopes":[{"contributions":{},"includedScopes":[]},{"contributions":{},"includedScopes":[]},{"contributions":{},"includedScopes":[]},{"contributions":{},"includedScopes":[]},{"contributions":{},"includedScopes":[]}]},"contributions":{},"includedScopes":[]},"contributions":{},"includedScopes":[]},"contributions":{},"includedScopes":[]},"contributions":{},"includedScopes":[{"containerScope":{"containerScope":{"containerScope":{"contributions":{},"includedScopes":[]},"contributions":{},"includedScopes":[]},"contributions":{},"includedScopes":[]},"contributions":{},"includedScopes":[{"containerScope":{"containerScope":{"containerScope":{"contributions":{},"includedScopes":[]},"contributions":{},"includedScopes":[]},"contributions":{},"includedScopes":[]},"contributions":{},"includedScopes":[]}]},{"containerScope":{"containerScope":{"containerScope":{"contributions":{},"includedScopes":[]},"contributions":{},"includedScopes":[]},"contributions":{},"includedScopes":[]},"contributions":{},"includedScopes":[]}]},"contributions":{},"includedScopes":[]}}]}],"id":"916be613-e370-484d-9cb6-f52c1808f517","message":"onPressDo","metadata":[],"receiver":{"args":[],"id":"7f6aa0db-a549-4161-96d3-92371c46aa8e","message":"up","metadata":[],"receiver":{"id":"addc6c0b-8e45-45dc-9ac9-e30e20b61a22","metadata":[],"name":"keyboard","scope":{"containerScope":{"containerScope":{"containerScope":{"containerScope":{"containerScope":{"containerScope":{"contributions":{},"includedScopes":[]},"contributions":{},"includedScopes":[{"contributions":{},"includedScopes":[]},{"contributions":{},"includedScopes":[]},{"contributions":{},"includedScopes":[]},{"contributions":{},"includedScopes":[]},{"contributions":{},"includedScopes":[]}]},"contributions":{},"includedScopes":[]},"contributions":{},"includedScopes":[]},"contributions":{},"includedScopes":[]},"contributions":{},"includedScopes":[]},"contributions":{},"includedScopes":[]},"sourceMap":{"end":{"column":10,"line":18,"offset":433},"start":{"column":2,"line":18,"offset":425}}},"scope":{"containerScope":{"containerScope":{"containerScope":{"containerScope":{"containerScope":{"contributions":{},"includedScopes":[]},"contributions":{},"includedScopes":[{"contributions":{},"includedScopes":[]},{"contributions":{},"includedScopes":[]},{"contributions":{},"includedScopes":[]},{"contributions":{},"includedScopes":[]},{"contributions":{},"includedScopes":[]}]},"contributions":{},"includedScopes":[]},"contributions":{},"includedScopes":[]},"contributions":{},"includedScopes":[]},"contributions":{},"includedScopes":[]},"sourceMap":{"end":{"column":15,"line":18,"offset":438},"start":{"column":2,"line":18,"offset":425}}},"scope":{"containerScope":{"containerScope":{"containerScope":{"containerScope":{"contributions":{},"includedScopes":[]},"contributions":{},"includedScopes":[{"contributions":{},"includedScopes":[]},{"contributions":{},"includedScopes":[]},{"contributions":{},"includedScopes":[]},{"contributions":{},"includedScopes":[]},{"contributions":{},"includedScopes":[]}]},"contributions":{},"includedScopes":[]},"contributions":{},"includedScopes":[]},"contributions":{},"includedScopes":[]},"sourceMap":{"end":{"column":49,"line":18,"offset":472},"start":{"column":2,"line":18,"offset":425}}},{"args":[{"id":"1fb56180-2525-46a7-ba2d-2498bebd70a0","members":[{"body":{"id":"10bf9086-7ee1-4b8a-a7a8-db90ffe56a7d","metadata":[],"scope":{"containerScope":{"containerScope":{"containerScope":{"containerScope":{"containerScope":{"containerScope":{"containerScope":{"contributions":{},"includedScopes":[]},"contributions":{},"includedScopes":[{"contributions":{},"includedScopes":[]},{"contributions":{},"includedScopes":[]},{"contributions":{},"includedScopes":[]},{"contributions":{},"includedScopes":[]},{"contributions":{},"includedScopes":[]}]},"contributions":{},"includedScopes":[]},"contributions":{},"includedScopes":[]},"contributions":{},"includedScopes":[]},"contributions":{},"includedScopes":[{"containerScope":{"containerScope":{"containerScope":{"contributions":{},"includedScopes":[]},"contributions":{},"includedScopes":[]},"contributions":{},"includedScopes":[]},"contributions":{},"includedScopes":[{"containerScope":{"containerScope":{"containerScope":{"contributions":{},"includedScopes":[]},"contributions":{},"includedScopes":[]},"contributions":{},"includedScopes":[]},"contributions":{},"includedScopes":[]}]},{"containerScope":{"containerScope":{"containerScope":{"contributions":{},"includedScopes":[]},"contributions":{},"includedScopes":[]},"contributions":{},"includedScopes":[]},"contributions":{},"includedScopes":[]}]},"contributions":{},"includedScopes":[]},"contributions":{},"includedScopes":[]},"sentences":[{"id":"d8598062-1178-4acf-8db9-f092a71c1ccb","metadata":[],"scope":{"containerScope":{"containerScope":{"containerScope":{"containerScope":{"containerScope":{"containerScope":{"containerScope":{"containerScope":{"contributions":{},"includedScopes":[]},"contributions":{},"includedScopes":[{"contributions":{},"includedScopes":[]},{"contributions":{},"includedScopes":[]},{"contributions":{},"includedScopes":[]},{"contributions":{},"includedScopes":[]},{"contributions":{},"includedScopes":[]}]},"contributions":{},"includedScopes":[]},"contributions":{},"includedScopes":[]},"contributions":{},"includedScopes":[]},"contributions":{},"includedScopes":[{"containerScope":{"containerScope":{"containerScope":{"contributions":{},"includedScopes":[]},"contributions":{},"includedScopes":[]},"contributions":{},"includedScopes":[]},"contributions":{},"includedScopes":[{"containerScope":{"containerScope":{"containerScope":{"contributions":{},"includedScopes":[]},"contributions":{},"includedScopes":[]},"contributions":{},"includedScopes":[]},"contributions":{},"includedScopes":[]}]},{"containerScope":{"containerScope":{"containerScope":{"contributions":{},"includedScopes":[]},"contributions":{},"includedScopes":[]},"contributions":{},"includedScopes":[]},"contributions":{},"includedScopes":[]}]},"contributions":{},"includedScopes":[]},"contributions":{},"includedScopes":[]},"contributions":{},"includedScopes":[]},"value":{"args":[{"id":"08376acd-7635-4f5a-8073-8ff8e58a25e9","metadata":[],"name":"abajo","scope":{"containerScope":{"containerScope":{"containerScope":{"containerScope":{"containerScope":{"containerScope":{"containerScope":{"containerScope":{"containerScope":{"containerScope":{"contributions":{},"includedScopes":[]},"contributions":{},"includedScopes":[{"contributions":{},"includedScopes":[]},{"contributions":{},"includedScopes":[]},{"contributions":{},"includedScopes":[]},{"contributions":{},"includedScopes":[]},{"contributions":{},"includedScopes":[]}]},"contributions":{},"includedScopes":[]},"contributions":{},"includedScopes":[]},"contributions":{},"includedScopes":[]},"contributions":{},"includedScopes":[{"containerScope":{"containerScope":{"containerScope":{"contributions":{},"includedScopes":[]},"contributions":{},"includedScopes":[]},"contributions":{},"includedScopes":[]},"contributions":{},"includedScopes":[{"containerScope":{"containerScope":{"containerScope":{"contributions":{},"includedScopes":[]},"contributions":{},"includedScopes":[]},"contributions":{},"includedScopes":[]},"contributions":{},"includedScopes":[]}]},{"containerScope":{"containerScope":{"containerScope":{"contributions":{},"includedScopes":[]},"contributions":{},"includedScopes":[]},"contributions":{},"includedScopes":[]},"contributions":{},"includedScopes":[]}]},"contributions":{},"includedScopes":[]},"contributions":{},"includedScopes":[]},"contributions":{},"includedScopes":[]},"contributions":{},"includedScopes":[]},"contributions":{},"includedScopes":[]},"sourceMap":{"end":{"column":47,"line":19,"offset":519},"start":{"column":42,"line":19,"offset":514}}}],"id":"3dbc2194-70e6-4aa5-837e-093a590d3edb","message":"mover","metadata":[],"receiver":{"id":"56315614-c2ee-408b-a902-c72b3f480657","metadata":[],"name":"hector","scope":{"containerScope":{"containerScope":{"containerScope":{"containerScope":{"containerScope":{"containerScope":{"containerScope":{"containerScope":{"containerScope":{"containerScope":{"contributions":{},"includedScopes":[]},"contributions":{},"includedScopes":[{"contributions":{},"includedScopes":[]},{"contributions":{},"includedScopes":[]},{"contributions":{},"includedScopes":[]},{"contributions":{},"includedScopes":[]},{"contributions":{},"includedScopes":[]}]},"contributions":{},"includedScopes":[]},"contributions":{},"includedScopes":[]},"contributions":{},"includedScopes":[]},"contributions":{},"includedScopes":[{"containerScope":{"containerScope":{"containerScope":{"contributions":{},"includedScopes":[]},"contributions":{},"includedScopes":[]},"contributions":{},"includedScopes":[]},"contributions":{},"includedScopes":[{"containerScope":{"containerScope":{"containerScope":{"contributions":{},"includedScopes":[]},"contributions":{},"includedScopes":[]},"contributions":{},"includedScopes":[]},"contributions":{},"includedScopes":[]}]},{"containerScope":{"containerScope":{"containerScope":{"contributions":{},"includedScopes":[]},"contributions":{},"includedScopes":[]},"contributions":{},"includedScopes":[]},"contributions":{},"includedScopes":[]}]},"contributions":{},"includedScopes":[]},"contributions":{},"includedScopes":[]},"contributions":{},"includedScopes":[]},"contributions":{},"includedScopes":[]},"contributions":{},"includedScopes":[]},"sourceMap":{"end":{"column":35,"line":19,"offset":507},"start":{"column":29,"line":19,"offset":501}}},"scope":{"containerScope":{"containerScope":{"containerScope":{"containerScope":{"containerScope":{"containerScope":{"containerScope":{"containerScope":{"containerScope":{"contributions":{},"includedScopes":[]},"contributions":{},"includedScopes":[{"contributions":{},"includedScopes":[]},{"contributions":{},"includedScopes":[]},{"contributions":{},"includedScopes":[]},{"contributions":{},"includedScopes":[]},{"contributions":{},"includedScopes":[]}]},"contributions":{},"includedScopes":[]},"contributions":{},"includedScopes":[]},"contributions":{},"includedScopes":[]},"contributions":{},"includedScopes":[{"containerScope":{"containerScope":{"containerScope":{"contributions":{},"includedScopes":[]},"contributions":{},"includedScopes":[]},"contributions":{},"includedScopes":[]},"contributions":{},"includedScopes":[{"containerScope":{"containerScope":{"containerScope":{"contributions":{},"includedScopes":[]},"contributions":{},"includedScopes":[]},"contributions":{},"includedScopes":[]},"contributions":{},"includedScopes":[]}]},{"containerScope":{"containerScope":{"containerScope":{"contributions":{},"includedScopes":[]},"contributions":{},"includedScopes":[]},"contributions":{},"includedScopes":[]},"contributions":{},"includedScopes":[]}]},"contributions":{},"includedScopes":[]},"contributions":{},"includedScopes":[]},"contributions":{},"includedScopes":[]},"contributions":{},"includedScopes":[]},"sourceMap":{"end":{"column":48,"line":19,"offset":520},"start":{"column":29,"line":19,"offset":501}}}}]},"id":"a5bc12af-663c-4359-8df8-f4aea274041c","isOverride":false,"metadata":[],"name":"<apply>","parameters":[],"scope":{"containerScope":{"containerScope":{"containerScope":{"containerScope":{"containerScope":{"containerScope":{"contributions":{},"includedScopes":[]},"contributions":{},"includedScopes":[{"contributions":{},"includedScopes":[]},{"contributions":{},"includedScopes":[]},{"contributions":{},"includedScopes":[]},{"contributions":{},"includedScopes":[]},{"contributions":{},"includedScopes":[]}]},"contributions":{},"includedScopes":[]},"contributions":{},"includedScopes":[]},"contributions":{},"includedScopes":[]},"contributions":{},"includedScopes":[{"containerScope":{"containerScope":{"containerScope":{"contributions":{},"includedScopes":[]},"contributions":{},"includedScopes":[]},"contributions":{},"includedScopes":[]},"contributions":{},"includedScopes":[{"containerScope":{"containerScope":{"containerScope":{"contributions":{},"includedScopes":[]},"contributions":{},"includedScopes":[]},"contributions":{},"includedScopes":[]},"contributions":{},"includedScopes":[]}]},{"containerScope":{"containerScope":{"containerScope":{"contributions":{},"includedScopes":[]},"contributions":{},"includedScopes":[]},"contributions":{},"includedScopes":[]},"contributions":{},"includedScopes":[]}]},"contributions":{},"includedScopes":[]}},{"id":"3c951a08-6bfa-4b21-b047-6bdaebf8b940","isConstant":true,"isProperty":false,"metadata":[],"name":"<toString>","scope":{"containerScope":{"containerScope":{"containerScope":{"containerScope":{"containerScope":{"containerScope":{"contributions":{},"includedScopes":[]},"contributions":{},"includedScopes":[{"contributions":{},"includedScopes":[]},{"contributions":{},"includedScopes":[]},{"contributions":{},"includedScopes":[]},{"contributions":{},"includedScopes":[]},{"contributions":{},"includedScopes":[]}]},"contributions":{},"includedScopes":[]},"contributions":{},"includedScopes":[]},"contributions":{},"includedScopes":[]},"contributions":{},"includedScopes":[{"containerScope":{"containerScope":{"containerScope":{"contributions":{},"includedScopes":[]},"contributions":{},"includedScopes":[]},"contributions":{},"includedScopes":[]},"contributions":{},"includedScopes":[{"containerScope":{"containerScope":{"containerScope":{"contributions":{},"includedScopes":[]},"contributions":{},"includedScopes":[]},"contributions":{},"includedScopes":[]},"contributions":{},"includedScopes":[]}]},{"containerScope":{"containerScope":{"containerScope":{"contributions":{},"includedScopes":[]},"contributions":{},"includedScopes":[]},"contributions":{},"includedScopes":[]},"contributions":{},"includedScopes":[]}]},"contributions":{},"includedScopes":[]},"value":{"id":"f85c95ea-2be9-4a87-bc11-5065a14f7c98","metadata":[],"scope":{"containerScope":{"containerScope":{"containerScope":{"containerScope":{"containerScope":{"containerScope":{"containerScope":{"contributions":{},"includedScopes":[]},"contributions":{},"includedScopes":[{"contributions":{},"includedScopes":[]},{"contributions":{},"includedScopes":[]},{"contributions":{},"includedScopes":[]},{"contributions":{},"includedScopes":[]},{"contributions":{},"includedScopes":[]}]},"contributions":{},"includedScopes":[]},"contributions":{},"includedScopes":[]},"contributions":{},"includedScopes":[]},"contributions":{},"includedScopes":[{"containerScope":{"containerScope":{"containerScope":{"contributions":{},"includedScopes":[]},"contributions":{},"includedScopes":[]},"contributions":{},"includedScopes":[]},"contributions":{},"includedScopes":[{"containerScope":{"containerScope":{"containerScope":{"contributions":{},"includedScopes":[]},"contributions":{},"includedScopes":[]},"contributions":{},"includedScopes":[]},"contributions":{},"includedScopes":[]}]},{"containerScope":{"containerScope":{"containerScope":{"contributions":{},"includedScopes":[]},"contributions":{},"includedScopes":[]},"contributions":{},"includedScopes":[]},"contributions":{},"includedScopes":[]}]},"contributions":{},"includedScopes":[]},"contributions":{},"includedScopes":[]},"value":"{hector.mover(abajo)}"}}],"metadata":[],"scope":{"containerScope":{"containerScope":{"containerScope":{"containerScope":{"containerScope":{"contributions":{},"includedScopes":[]},"contributions":{},"includedScopes":[{"contributions":{},"includedScopes":[]},{"contributions":{},"includedScopes":[]},{"contributions":{},"includedScopes":[]},{"contributions":{},"includedScopes":[]},{"contributions":{},"includedScopes":[]}]},"contributions":{},"includedScopes":[]},"contributions":{},"includedScopes":[]},"contributions":{},"includedScopes":[]},"contributions":{},"includedScopes":[{"containerScope":{"containerScope":{"containerScope":{"contributions":{},"includedScopes":[]},"contributions":{},"includedScopes":[]},"contributions":{},"includedScopes":[]},"contributions":{},"includedScopes":[{"containerScope":{"containerScope":{"containerScope":{"contributions":{},"includedScopes":[]},"contributions":{},"includedScopes":[]},"contributions":{},"includedScopes":[]},"contributions":{},"includedScopes":[]}]},{"containerScope":{"containerScope":{"containerScope":{"contributions":{},"includedScopes":[]},"contributions":{},"includedScopes":[]},"contributions":{},"includedScopes":[]},"contributions":{},"includedScopes":[]}]},"sourceMap":{"end":{"column":49,"line":19,"offset":521},"start":{"column":28,"line":19,"offset":500}},"supertypes":[{"args":[],"id":"fa390bf8-b041-4fa7-8c78-dfd98633a39a","metadata":[],"reference":{"id":"df55f6d6-6950-4b29-be55-76d3bc52aea2","metadata":[],"name":"wollok.lang.Closure","scope":{"containerScope":{"containerScope":{"containerScope":{"containerScope":{"containerScope":{"containerScope":{"contributions":{},"includedScopes":[]},"contributions":{},"includedScopes":[{"contributions":{},"includedScopes":[]},{"contributions":{},"includedScopes":[]},{"contributions":{},"includedScopes":[]},{"contributions":{},"includedScopes":[]},{"contributions":{},"includedScopes":[]}]},"contributions":{},"includedScopes":[]},"contributions":{},"includedScopes":[]},"contributions":{},"includedScopes":[]},"contributions":{},"includedScopes":[{"containerScope":{"containerScope":{"containerScope":{"contributions":{},"includedScopes":[]},"contributions":{},"includedScopes":[]},"contributions":{},"includedScopes":[]},"contributions":{},"includedScopes":[{"containerScope":{"containerScope":{"containerScope":{"contributions":{},"includedScopes":[]},"contributions":{},"includedScopes":[]},"contributions":{},"includedScopes":[]},"contributions":{},"includedScopes":[]}]},{"containerScope":{"containerScope":{"containerScope":{"contributions":{},"includedScopes":[]},"contributions":{},"includedScopes":[]},"contributions":{},"includedScopes":[]},"contributions":{},"includedScopes":[]}]},"contributions":{},"includedScopes":[]}},"scope":{"containerScope":{"containerScope":{"containerScope":{"containerScope":{"containerScope":{"containerScope":{"contributions":{},"includedScopes":[]},"contributions":{},"includedScopes":[{"contributions":{},"includedScopes":[]},{"contributions":{},"includedScopes":[]},{"contributions":{},"includedScopes":[]},{"contributions":{},"includedScopes":[]},{"contributions":{},"includedScopes":[]}]},"contributions":{},"includedScopes":[]},"contributions":{},"includedScopes":[]},"contributions":{},"includedScopes":[]},"contributions":{},"includedScopes":[{"containerScope":{"containerScope":{"containerScope":{"contributions":{},"includedScopes":[]},"contributions":{},"includedScopes":[]},"contributions":{},"includedScopes":[]},"contributions":{},"includedScopes":[{"containerScope":{"containerScope":{"containerScope":{"contributions":{},"includedScopes":[]},"contributions":{},"includedScopes":[]},"contributions":{},"includedScopes":[]},"contributions":{},"includedScopes":[]}]},{"containerScope":{"containerScope":{"containerScope":{"contributions":{},"includedScopes":[]},"contributions":{},"includedScopes":[]},"contributions":{},"includedScopes":[]},"contributions":{},"includedScopes":[]}]},"contributions":{},"includedScopes":[]}}]}],"id":"03772516-de9f-460e-905a-89c3a9ff76e5","message":"onPressDo","metadata":[],"receiver":{"args":[],"id":"e489726b-0aae-41bd-ac48-da2f3f48f9bd","message":"down","metadata":[],"receiver":{"id":"ea8c1302-6003-4454-9eec-e3db15f13995","metadata":[],"name":"keyboard","scope":{"containerScope":{"containerScope":{"containerScope":{"containerScope":{"containerScope":{"containerScope":{"contributions":{},"includedScopes":[]},"contributions":{},"includedScopes":[{"contributions":{},"includedScopes":[]},{"contributions":{},"includedScopes":[]},{"contributions":{},"includedScopes":[]},{"contributions":{},"includedScopes":[]},{"contributions":{},"includedScopes":[]}]},"contributions":{},"includedScopes":[]},"contributions":{},"includedScopes":[]},"contributions":{},"includedScopes":[]},"contributions":{},"includedScopes":[]},"contributions":{},"includedScopes":[]},"sourceMap":{"end":{"column":10,"line":19,"offset":482},"start":{"column":2,"line":19,"offset":474}}},"scope":{"containerScope":{"containerScope":{"containerScope":{"containerScope":{"containerScope":{"contributions":{},"includedScopes":[]},"contributions":{},"includedScopes":[{"contributions":{},"includedScopes":[]},{"contributions":{},"includedScopes":[]},{"contributions":{},"includedScopes":[]},{"contributions":{},"includedScopes":[]},{"contributions":{},"includedScopes":[]}]},"contributions":{},"includedScopes":[]},"contributions":{},"includedScopes":[]},"contributions":{},"includedScopes":[]},"contributions":{},"includedScopes":[]},"sourceMap":{"end":{"column":17,"line":19,"offset":489},"start":{"column":2,"line":19,"offset":474}}},"scope":{"containerScope":{"containerScope":{"containerScope":{"containerScope":{"contributions":{},"includedScopes":[]},"contributions":{},"includedScopes":[{"contributions":{},"includedScopes":[]},{"contributions":{},"includedScopes":[]},{"contributions":{},"includedScopes":[]},{"contributions":{},"includedScopes":[]},{"contributions":{},"includedScopes":[]}]},"contributions":{},"includedScopes":[]},"contributions":{},"includedScopes":[]},"contributions":{},"includedScopes":[]},"sourceMap":{"end":{"column":50,"line":19,"offset":522},"start":{"column":2,"line":19,"offset":474}}},{"args":[{"id":"3b0c9a24-c94a-4f9a-af13-8ae8bfeefa6f","members":[{"body":{"id":"59485bf4-e587-4e6b-ae97-7824e405fcca","metadata":[],"scope":{"containerScope":{"containerScope":{"containerScope":{"containerScope":{"containerScope":{"containerScope":{"containerScope":{"contributions":{},"includedScopes":[]},"contributions":{},"includedScopes":[{"contributions":{},"includedScopes":[]},{"contributions":{},"includedScopes":[]},{"contributions":{},"includedScopes":[]},{"contributions":{},"includedScopes":[]},{"contributions":{},"includedScopes":[]}]},"contributions":{},"includedScopes":[]},"contributions":{},"includedScopes":[]},"contributions":{},"includedScopes":[]},"contributions":{},"includedScopes":[{"containerScope":{"containerScope":{"containerScope":{"contributions":{},"includedScopes":[]},"contributions":{},"includedScopes":[]},"contributions":{},"includedScopes":[]},"contributions":{},"includedScopes":[{"containerScope":{"containerScope":{"containerScope":{"contributions":{},"includedScopes":[]},"contributions":{},"includedScopes":[]},"contributions":{},"includedScopes":[]},"contributions":{},"includedScopes":[]}]},{"containerScope":{"containerScope":{"containerScope":{"contributions":{},"includedScopes":[]},"contributions":{},"includedScopes":[]},"contributions":{},"includedScopes":[]},"contributions":{},"includedScopes":[]}]},"contributions":{},"includedScopes":[]},"contributions":{},"includedScopes":[]},"sentences":[{"id":"0fa2a49f-a8a5-4f20-8dc2-a6b43aa266ce","metadata":[],"scope":{"containerScope":{"containerScope":{"containerScope":{"containerScope":{"containerScope":{"containerScope":{"containerScope":{"containerScope":{"contributions":{},"includedScopes":[]},"contributions":{},"includedScopes":[{"contributions":{},"includedScopes":[]},{"contributions":{},"includedScopes":[]},{"contributions":{},"includedScopes":[]},{"contributions":{},"includedScopes":[]},{"contributions":{},"includedScopes":[]}]},"contributions":{},"includedScopes":[]},"contributions":{},"includedScopes":[]},"contributions":{},"includedScopes":[]},"contributions":{},"includedScopes":[{"containerScope":{"containerScope":{"containerScope":{"contributions":{},"includedScopes":[]},"contributions":{},"includedScopes":[]},"contributions":{},"includedScopes":[]},"contributions":{},"includedScopes":[{"containerScope":{"containerScope":{"containerScope":{"contributions":{},"includedScopes":[]},"contributions":{},"includedScopes":[]},"contributions":{},"includedScopes":[]},"contributions":{},"includedScopes":[]}]},{"containerScope":{"containerScope":{"containerScope":{"contributions":{},"includedScopes":[]},"contributions":{},"includedScopes":[]},"contributions":{},"includedScopes":[]},"contributions":{},"includedScopes":[]}]},"contributions":{},"includedScopes":[]},"contributions":{},"includedScopes":[]},"contributions":{},"includedScopes":[]},"value":{"args":[{"id":"6104b2f9-d936-4457-8375-4a9dad136c16","metadata":[],"name":"derecha","scope":{"containerScope":{"containerScope":{"containerScope":{"containerScope":{"containerScope":{"containerScope":{"containerScope":{"containerScope":{"containerScope":{"containerScope":{"contributions":{},"includedScopes":[]},"contributions":{},"includedScopes":[{"contributions":{},"includedScopes":[]},{"contributions":{},"includedScopes":[]},{"contributions":{},"includedScopes":[]},{"contributions":{},"includedScopes":[]},{"contributions":{},"includedScopes":[]}]},"contributions":{},"includedScopes":[]},"contributions":{},"includedScopes":[]},"contributions":{},"includedScopes":[]},"contributions":{},"includedScopes":[{"containerScope":{"containerScope":{"containerScope":{"contributions":{},"includedScopes":[]},"contributions":{},"includedScopes":[]},"contributions":{},"includedScopes":[]},"contributions":{},"includedScopes":[{"containerScope":{"containerScope":{"containerScope":{"contributions":{},"includedScopes":[]},"contributions":{},"includedScopes":[]},"contributions":{},"includedScopes":[]},"contributions":{},"includedScopes":[]}]},{"containerScope":{"containerScope":{"containerScope":{"contributions":{},"includedScopes":[]},"contributions":{},"includedScopes":[]},"contributions":{},"includedScopes":[]},"contributions":{},"includedScopes":[]}]},"contributions":{},"includedScopes":[]},"contributions":{},"includedScopes":[]},"contributions":{},"includedScopes":[]},"contributions":{},"includedScopes":[]},"contributions":{},"includedScopes":[]},"sourceMap":{"end":{"column":50,"line":20,"offset":572},"start":{"column":43,"line":20,"offset":565}}}],"id":"30cded7c-fa5b-44bf-b8ca-16b13597df9f","message":"mover","metadata":[],"receiver":{"id":"4b8e113a-6372-479f-b7b6-053e038fd5e9","metadata":[],"name":"hector","scope":{"containerScope":{"containerScope":{"containerScope":{"containerScope":{"containerScope":{"containerScope":{"containerScope":{"containerScope":{"containerScope":{"containerScope":{"contributions":{},"includedScopes":[]},"contributions":{},"includedScopes":[{"contributions":{},"includedScopes":[]},{"contributions":{},"includedScopes":[]},{"contributions":{},"includedScopes":[]},{"contributions":{},"includedScopes":[]},{"contributions":{},"includedScopes":[]}]},"contributions":{},"includedScopes":[]},"contributions":{},"includedScopes":[]},"contributions":{},"includedScopes":[]},"contributions":{},"includedScopes":[{"containerScope":{"containerScope":{"containerScope":{"contributions":{},"includedScopes":[]},"contributions":{},"includedScopes":[]},"contributions":{},"includedScopes":[]},"contributions":{},"includedScopes":[{"containerScope":{"containerScope":{"containerScope":{"contributions":{},"includedScopes":[]},"contributions":{},"includedScopes":[]},"contributions":{},"includedScopes":[]},"contributions":{},"includedScopes":[]}]},{"containerScope":{"containerScope":{"containerScope":{"contributions":{},"includedScopes":[]},"contributions":{},"includedScopes":[]},"contributions":{},"includedScopes":[]},"contributions":{},"includedScopes":[]}]},"contributions":{},"includedScopes":[]},"contributions":{},"includedScopes":[]},"contributions":{},"includedScopes":[]},"contributions":{},"includedScopes":[]},"contributions":{},"includedScopes":[]},"sourceMap":{"end":{"column":36,"line":20,"offset":558},"start":{"column":30,"line":20,"offset":552}}},"scope":{"containerScope":{"containerScope":{"containerScope":{"containerScope":{"containerScope":{"containerScope":{"containerScope":{"containerScope":{"containerScope":{"contributions":{},"includedScopes":[]},"contributions":{},"includedScopes":[{"contributions":{},"includedScopes":[]},{"contributions":{},"includedScopes":[]},{"contributions":{},"includedScopes":[]},{"contributions":{},"includedScopes":[]},{"contributions":{},"includedScopes":[]}]},"contributions":{},"includedScopes":[]},"contributions":{},"includedScopes":[]},"contributions":{},"includedScopes":[]},"contributions":{},"includedScopes":[{"containerScope":{"containerScope":{"containerScope":{"contributions":{},"includedScopes":[]},"contributions":{},"includedScopes":[]},"contributions":{},"includedScopes":[]},"contributions":{},"includedScopes":[{"containerScope":{"containerScope":{"containerScope":{"contributions":{},"includedScopes":[]},"contributions":{},"includedScopes":[]},"contributions":{},"includedScopes":[]},"contributions":{},"includedScopes":[]}]},{"containerScope":{"containerScope":{"containerScope":{"contributions":{},"includedScopes":[]},"contributions":{},"includedScopes":[]},"contributions":{},"includedScopes":[]},"contributions":{},"includedScopes":[]}]},"contributions":{},"includedScopes":[]},"contributions":{},"includedScopes":[]},"contributions":{},"includedScopes":[]},"contributions":{},"includedScopes":[]},"sourceMap":{"end":{"column":51,"line":20,"offset":573},"start":{"column":30,"line":20,"offset":552}}}}]},"id":"0a0319c3-b4c3-4039-8983-521c9e4315e2","isOverride":false,"metadata":[],"name":"<apply>","parameters":[],"scope":{"containerScope":{"containerScope":{"containerScope":{"containerScope":{"containerScope":{"containerScope":{"contributions":{},"includedScopes":[]},"contributions":{},"includedScopes":[{"contributions":{},"includedScopes":[]},{"contributions":{},"includedScopes":[]},{"contributions":{},"includedScopes":[]},{"contributions":{},"includedScopes":[]},{"contributions":{},"includedScopes":[]}]},"contributions":{},"includedScopes":[]},"contributions":{},"includedScopes":[]},"contributions":{},"includedScopes":[]},"contributions":{},"includedScopes":[{"containerScope":{"containerScope":{"containerScope":{"contributions":{},"includedScopes":[]},"contributions":{},"includedScopes":[]},"contributions":{},"includedScopes":[]},"contributions":{},"includedScopes":[{"containerScope":{"containerScope":{"containerScope":{"contributions":{},"includedScopes":[]},"contributions":{},"includedScopes":[]},"contributions":{},"includedScopes":[]},"contributions":{},"includedScopes":[]}]},{"containerScope":{"containerScope":{"containerScope":{"contributions":{},"includedScopes":[]},"contributions":{},"includedScopes":[]},"contributions":{},"includedScopes":[]},"contributions":{},"includedScopes":[]}]},"contributions":{},"includedScopes":[]}},{"id":"6dddd518-42ff-43d0-9822-f01ba8c1098c","isConstant":true,"isProperty":false,"metadata":[],"name":"<toString>","scope":{"containerScope":{"containerScope":{"containerScope":{"containerScope":{"containerScope":{"containerScope":{"contributions":{},"includedScopes":[]},"contributions":{},"includedScopes":[{"contributions":{},"includedScopes":[]},{"contributions":{},"includedScopes":[]},{"contributions":{},"includedScopes":[]},{"contributions":{},"includedScopes":[]},{"contributions":{},"includedScopes":[]}]},"contributions":{},"includedScopes":[]},"contributions":{},"includedScopes":[]},"contributions":{},"includedScopes":[]},"contributions":{},"includedScopes":[{"containerScope":{"containerScope":{"containerScope":{"contributions":{},"includedScopes":[]},"contributions":{},"includedScopes":[]},"contributions":{},"includedScopes":[]},"contributions":{},"includedScopes":[{"containerScope":{"containerScope":{"containerScope":{"contributions":{},"includedScopes":[]},"contributions":{},"includedScopes":[]},"contributions":{},"includedScopes":[]},"contributions":{},"includedScopes":[]}]},{"containerScope":{"containerScope":{"containerScope":{"contributions":{},"includedScopes":[]},"contributions":{},"includedScopes":[]},"contributions":{},"includedScopes":[]},"contributions":{},"includedScopes":[]}]},"contributions":{},"includedScopes":[]},"value":{"id":"a7eecd3f-436d-4026-826c-bf9bc192a8a5","metadata":[],"scope":{"containerScope":{"containerScope":{"containerScope":{"containerScope":{"containerScope":{"containerScope":{"containerScope":{"contributions":{},"includedScopes":[]},"contributions":{},"includedScopes":[{"contributions":{},"includedScopes":[]},{"contributions":{},"includedScopes":[]},{"contributions":{},"includedScopes":[]},{"contributions":{},"includedScopes":[]},{"contributions":{},"includedScopes":[]}]},"contributions":{},"includedScopes":[]},"contributions":{},"includedScopes":[]},"contributions":{},"includedScopes":[]},"contributions":{},"includedScopes":[{"containerScope":{"containerScope":{"containerScope":{"contributions":{},"includedScopes":[]},"contributions":{},"includedScopes":[]},"contributions":{},"includedScopes":[]},"contributions":{},"includedScopes":[{"containerScope":{"containerScope":{"containerScope":{"contributions":{},"includedScopes":[]},"contributions":{},"includedScopes":[]},"contributions":{},"includedScopes":[]},"contributions":{},"includedScopes":[]}]},{"containerScope":{"containerScope":{"containerScope":{"contributions":{},"includedScopes":[]},"contributions":{},"includedScopes":[]},"contributions":{},"includedScopes":[]},"contributions":{},"includedScopes":[]}]},"contributions":{},"includedScopes":[]},"contributions":{},"includedScopes":[]},"value":"{hector.mover(derecha)}"}}],"metadata":[],"scope":{"containerScope":{"containerScope":{"containerScope":{"containerScope":{"containerScope":{"contributions":{},"includedScopes":[]},"contributions":{},"includedScopes":[{"contributions":{},"includedScopes":[]},{"contributions":{},"includedScopes":[]},{"contributions":{},"includedScopes":[]},{"contributions":{},"includedScopes":[]},{"contributions":{},"includedScopes":[]}]},"contributions":{},"includedScopes":[]},"contributions":{},"includedScopes":[]},"contributions":{},"includedScopes":[]},"contributions":{},"includedScopes":[{"containerScope":{"containerScope":{"containerScope":{"contributions":{},"includedScopes":[]},"contributions":{},"includedScopes":[]},"contributions":{},"includedScopes":[]},"contributions":{},"includedScopes":[{"containerScope":{"containerScope":{"containerScope":{"contributions":{},"includedScopes":[]},"contributions":{},"includedScopes":[]},"contributions":{},"includedScopes":[]},"contributions":{},"includedScopes":[]}]},{"containerScope":{"containerScope":{"containerScope":{"contributions":{},"includedScopes":[]},"contributions":{},"includedScopes":[]},"contributions":{},"includedScopes":[]},"contributions":{},"includedScopes":[]}]},"sourceMap":{"end":{"column":52,"line":20,"offset":574},"start":{"column":29,"line":20,"offset":551}},"supertypes":[{"args":[],"id":"6f6ecf11-912c-4138-a5d2-9781ec03c394","metadata":[],"reference":{"id":"165220f0-0598-4eb0-9cb1-ec03f28f2212","metadata":[],"name":"wollok.lang.Closure","scope":{"containerScope":{"containerScope":{"containerScope":{"containerScope":{"containerScope":{"containerScope":{"contributions":{},"includedScopes":[]},"contributions":{},"includedScopes":[{"contributions":{},"includedScopes":[]},{"contributions":{},"includedScopes":[]},{"contributions":{},"includedScopes":[]},{"contributions":{},"includedScopes":[]},{"contributions":{},"includedScopes":[]}]},"contributions":{},"includedScopes":[]},"contributions":{},"includedScopes":[]},"contributions":{},"includedScopes":[]},"contributions":{},"includedScopes":[{"containerScope":{"containerScope":{"containerScope":{"contributions":{},"includedScopes":[]},"contributions":{},"includedScopes":[]},"contributions":{},"includedScopes":[]},"contributions":{},"includedScopes":[{"containerScope":{"containerScope":{"containerScope":{"contributions":{},"includedScopes":[]},"contributions":{},"includedScopes":[]},"contributions":{},"includedScopes":[]},"contributions":{},"includedScopes":[]}]},{"containerScope":{"containerScope":{"containerScope":{"contributions":{},"includedScopes":[]},"contributions":{},"includedScopes":[]},"contributions":{},"includedScopes":[]},"contributions":{},"includedScopes":[]}]},"contributions":{},"includedScopes":[]}},"scope":{"containerScope":{"containerScope":{"containerScope":{"containerScope":{"containerScope":{"containerScope":{"contributions":{},"includedScopes":[]},"contributions":{},"includedScopes":[{"contributions":{},"includedScopes":[]},{"contributions":{},"includedScopes":[]},{"contributions":{},"includedScopes":[]},{"contributions":{},"includedScopes":[]},{"contributions":{},"includedScopes":[]}]},"contributions":{},"includedScopes":[]},"contributions":{},"includedScopes":[]},"contributions":{},"includedScopes":[]},"contributions":{},"includedScopes":[{"containerScope":{"containerScope":{"containerScope":{"contributions":{},"includedScopes":[]},"contributions":{},"includedScopes":[]},"contributions":{},"includedScopes":[]},"contributions":{},"includedScopes":[{"containerScope":{"containerScope":{"containerScope":{"contributions":{},"includedScopes":[]},"contributions":{},"includedScopes":[]},"contributions":{},"includedScopes":[]},"contributions":{},"includedScopes":[]}]},{"containerScope":{"containerScope":{"containerScope":{"contributions":{},"includedScopes":[]},"contributions":{},"includedScopes":[]},"contributions":{},"includedScopes":[]},"contributions":{},"includedScopes":[]}]},"contributions":{},"includedScopes":[]}}]}],"id":"9940035e-53b5-4a11-a8b5-6661969712dc","message":"onPressDo","metadata":[],"receiver":{"args":[],"id":"e9243845-6de1-4976-87c3-e1644e4c34f8","message":"right","metadata":[],"receiver":{"id":"3e7ba081-1c8d-45bf-b619-e93d6b080504","metadata":[],"name":"keyboard","scope":{"containerScope":{"containerScope":{"containerScope":{"containerScope":{"containerScope":{"containerScope":{"contributions":{},"includedScopes":[]},"contributions":{},"includedScopes":[{"contributions":{},"includedScopes":[]},{"contributions":{},"includedScopes":[]},{"contributions":{},"includedScopes":[]},{"contributions":{},"includedScopes":[]},{"contributions":{},"includedScopes":[]}]},"contributions":{},"includedScopes":[]},"contributions":{},"includedScopes":[]},"contributions":{},"includedScopes":[]},"contributions":{},"includedScopes":[]},"contributions":{},"includedScopes":[]},"sourceMap":{"end":{"column":10,"line":20,"offset":532},"start":{"column":2,"line":20,"offset":524}}},"scope":{"containerScope":{"containerScope":{"containerScope":{"containerScope":{"containerScope":{"contributions":{},"includedScopes":[]},"contributions":{},"includedScopes":[{"contributions":{},"includedScopes":[]},{"contributions":{},"includedScopes":[]},{"contributions":{},"includedScopes":[]},{"contributions":{},"includedScopes":[]},{"contributions":{},"includedScopes":[]}]},"contributions":{},"includedScopes":[]},"contributions":{},"includedScopes":[]},"contributions":{},"includedScopes":[]},"contributions":{},"includedScopes":[]},"sourceMap":{"end":{"column":18,"line":20,"offset":540},"start":{"column":2,"line":20,"offset":524}}},"scope":{"containerScope":{"containerScope":{"containerScope":{"containerScope":{"contributions":{},"includedScopes":[]},"contributions":{},"includedScopes":[{"contributions":{},"includedScopes":[]},{"contributions":{},"includedScopes":[]},{"contributions":{},"includedScopes":[]},{"contributions":{},"includedScopes":[]},{"contributions":{},"includedScopes":[]}]},"contributions":{},"includedScopes":[]},"contributions":{},"includedScopes":[]},"contributions":{},"includedScopes":[]},"sourceMap":{"end":{"column":53,"line":20,"offset":575},"start":{"column":2,"line":20,"offset":524}}},{"args":[{"id":"5723f203-4fc6-4123-9c0a-7634c426a2c5","members":[{"body":{"id":"eba38378-52dd-424f-b928-afcea8230e33","metadata":[],"scope":{"containerScope":{"containerScope":{"containerScope":{"containerScope":{"containerScope":{"containerScope":{"containerScope":{"contributions":{},"includedScopes":[]},"contributions":{},"includedScopes":[{"contributions":{},"includedScopes":[]},{"contributions":{},"includedScopes":[]},{"contributions":{},"includedScopes":[]},{"contributions":{},"includedScopes":[]},{"contributions":{},"includedScopes":[]}]},"contributions":{},"includedScopes":[]},"contributions":{},"includedScopes":[]},"contributions":{},"includedScopes":[]},"contributions":{},"includedScopes":[{"containerScope":{"containerScope":{"containerScope":{"contributions":{},"includedScopes":[]},"contributions":{},"includedScopes":[]},"contributions":{},"includedScopes":[]},"contributions":{},"includedScopes":[{"containerScope":{"containerScope":{"containerScope":{"contributions":{},"includedScopes":[]},"contributions":{},"includedScopes":[]},"contributions":{},"includedScopes":[]},"contributions":{},"includedScopes":[]}]},{"containerScope":{"containerScope":{"containerScope":{"contributions":{},"includedScopes":[]},"contributions":{},"includedScopes":[]},"contributions":{},"includedScopes":[]},"contributions":{},"includedScopes":[]}]},"contributions":{},"includedScopes":[]},"contributions":{},"includedScopes":[]},"sentences":[{"id":"5aaa650b-480f-4d08-a0b1-9812ef36cc93","metadata":[],"scope":{"containerScope":{"containerScope":{"containerScope":{"containerScope":{"containerScope":{"containerScope":{"containerScope":{"containerScope":{"contributions":{},"includedScopes":[]},"contributions":{},"includedScopes":[{"contributions":{},"includedScopes":[]},{"contributions":{},"includedScopes":[]},{"contributions":{},"includedScopes":[]},{"contributions":{},"includedScopes":[]},{"contributions":{},"includedScopes":[]}]},"contributions":{},"includedScopes":[]},"contributions":{},"includedScopes":[]},"contributions":{},"includedScopes":[]},"contributions":{},"includedScopes":[{"containerScope":{"containerScope":{"containerScope":{"contributions":{},"includedScopes":[]},"contributions":{},"includedScopes":[]},"contributions":{},"includedScopes":[]},"contributions":{},"includedScopes":[{"containerScope":{"containerScope":{"containerScope":{"contributions":{},"includedScopes":[]},"contributions":{},"includedScopes":[]},"contributions":{},"includedScopes":[]},"contributions":{},"includedScopes":[]}]},{"containerScope":{"containerScope":{"containerScope":{"contributions":{},"includedScopes":[]},"contributions":{},"includedScopes":[]},"contributions":{},"includedScopes":[]},"contributions":{},"includedScopes":[]}]},"contributions":{},"includedScopes":[]},"contributions":{},"includedScopes":[]},"contributions":{},"includedScopes":[]},"value":{"args":[{"id":"497f00c9-6e0b-473e-b97d-85cc814d49aa","metadata":[],"name":"izquierda","scope":{"containerScope":{"containerScope":{"containerScope":{"containerScope":{"containerScope":{"containerScope":{"containerScope":{"containerScope":{"containerScope":{"containerScope":{"contributions":{},"includedScopes":[]},"contributions":{},"includedScopes":[{"contributions":{},"includedScopes":[]},{"contributions":{},"includedScopes":[]},{"contributions":{},"includedScopes":[]},{"contributions":{},"includedScopes":[]},{"contributions":{},"includedScopes":[]}]},"contributions":{},"includedScopes":[]},"contributions":{},"includedScopes":[]},"contributions":{},"includedScopes":[]},"contributions":{},"includedScopes":[{"containerScope":{"containerScope":{"containerScope":{"contributions":{},"includedScopes":[]},"contributions":{},"includedScopes":[]},"contributions":{},"includedScopes":[]},"contributions":{},"includedScopes":[{"containerScope":{"containerScope":{"containerScope":{"contributions":{},"includedScopes":[]},"contributions":{},"includedScopes":[]},"contributions":{},"includedScopes":[]},"contributions":{},"includedScopes":[]}]},{"containerScope":{"containerScope":{"containerScope":{"contributions":{},"includedScopes":[]},"contributions":{},"includedScopes":[]},"contributions":{},"includedScopes":[]},"contributions":{},"includedScopes":[]}]},"contributions":{},"includedScopes":[]},"contributions":{},"includedScopes":[]},"contributions":{},"includedScopes":[]},"contributions":{},"includedScopes":[]},"contributions":{},"includedScopes":[]},"sourceMap":{"end":{"column":51,"line":21,"offset":626},"start":{"column":42,"line":21,"offset":617}}}],"id":"7308e3c0-49c1-4327-a610-ff31a338196a","message":"mover","metadata":[],"receiver":{"id":"1f413faa-0937-46e2-a394-96af51a48b3e","metadata":[],"name":"hector","scope":{"containerScope":{"containerScope":{"containerScope":{"containerScope":{"containerScope":{"containerScope":{"containerScope":{"containerScope":{"containerScope":{"containerScope":{"contributions":{},"includedScopes":[]},"contributions":{},"includedScopes":[{"contributions":{},"includedScopes":[]},{"contributions":{},"includedScopes":[]},{"contributions":{},"includedScopes":[]},{"contributions":{},"includedScopes":[]},{"contributions":{},"includedScopes":[]}]},"contributions":{},"includedScopes":[]},"contributions":{},"includedScopes":[]},"contributions":{},"includedScopes":[]},"contributions":{},"includedScopes":[{"containerScope":{"containerScope":{"containerScope":{"contributions":{},"includedScopes":[]},"contributions":{},"includedScopes":[]},"contributions":{},"includedScopes":[]},"contributions":{},"includedScopes":[{"containerScope":{"containerScope":{"containerScope":{"contributions":{},"includedScopes":[]},"contributions":{},"includedScopes":[]},"contributions":{},"includedScopes":[]},"contributions":{},"includedScopes":[]}]},{"containerScope":{"containerScope":{"containerScope":{"contributions":{},"includedScopes":[]},"contributions":{},"includedScopes":[]},"contributions":{},"includedScopes":[]},"contributions":{},"includedScopes":[]}]},"contributions":{},"includedScopes":[]},"contributions":{},"includedScopes":[]},"contributions":{},"includedScopes":[]},"contributions":{},"includedScopes":[]},"contributions":{},"includedScopes":[]},"sourceMap":{"end":{"column":35,"line":21,"offset":610},"start":{"column":29,"line":21,"offset":604}}},"scope":{"containerScope":{"containerScope":{"containerScope":{"containerScope":{"containerScope":{"containerScope":{"containerScope":{"containerScope":{"containerScope":{"contributions":{},"includedScopes":[]},"contributions":{},"includedScopes":[{"contributions":{},"includedScopes":[]},{"contributions":{},"includedScopes":[]},{"contributions":{},"includedScopes":[]},{"contributions":{},"includedScopes":[]},{"contributions":{},"includedScopes":[]}]},"contributions":{},"includedScopes":[]},"contributions":{},"includedScopes":[]},"contributions":{},"includedScopes":[]},"contributions":{},"includedScopes":[{"containerScope":{"containerScope":{"containerScope":{"contributions":{},"includedScopes":[]},"contributions":{},"includedScopes":[]},"contributions":{},"includedScopes":[]},"contributions":{},"includedScopes":[{"containerScope":{"containerScope":{"containerScope":{"contributions":{},"includedScopes":[]},"contributions":{},"includedScopes":[]},"contributions":{},"includedScopes":[]},"contributions":{},"includedScopes":[]}]},{"containerScope":{"containerScope":{"containerScope":{"contributions":{},"includedScopes":[]},"contributions":{},"includedScopes":[]},"contributions":{},"includedScopes":[]},"contributions":{},"includedScopes":[]}]},"contributions":{},"includedScopes":[]},"contributions":{},"includedScopes":[]},"contributions":{},"includedScopes":[]},"contributions":{},"includedScopes":[]},"sourceMap":{"end":{"column":52,"line":21,"offset":627},"start":{"column":29,"line":21,"offset":604}}}}]},"id":"6f7a89b2-731e-4ea2-8170-1d210be935cc","isOverride":false,"metadata":[],"name":"<apply>","parameters":[],"scope":{"containerScope":{"containerScope":{"containerScope":{"containerScope":{"containerScope":{"containerScope":{"contributions":{},"includedScopes":[]},"contributions":{},"includedScopes":[{"contributions":{},"includedScopes":[]},{"contributions":{},"includedScopes":[]},{"contributions":{},"includedScopes":[]},{"contributions":{},"includedScopes":[]},{"contributions":{},"includedScopes":[]}]},"contributions":{},"includedScopes":[]},"contributions":{},"includedScopes":[]},"contributions":{},"includedScopes":[]},"contributions":{},"includedScopes":[{"containerScope":{"containerScope":{"containerScope":{"contributions":{},"includedScopes":[]},"contributions":{},"includedScopes":[]},"contributions":{},"includedScopes":[]},"contributions":{},"includedScopes":[{"containerScope":{"containerScope":{"containerScope":{"contributions":{},"includedScopes":[]},"contributions":{},"includedScopes":[]},"contributions":{},"includedScopes":[]},"contributions":{},"includedScopes":[]}]},{"containerScope":{"containerScope":{"containerScope":{"contributions":{},"includedScopes":[]},"contributions":{},"includedScopes":[]},"contributions":{},"includedScopes":[]},"contributions":{},"includedScopes":[]}]},"contributions":{},"includedScopes":[]}},{"id":"916e307e-bcf4-40be-9de2-e3898f905538","isConstant":true,"isProperty":false,"metadata":[],"name":"<toString>","scope":{"containerScope":{"containerScope":{"containerScope":{"containerScope":{"containerScope":{"containerScope":{"contributions":{},"includedScopes":[]},"contributions":{},"includedScopes":[{"contributions":{},"includedScopes":[]},{"contributions":{},"includedScopes":[]},{"contributions":{},"includedScopes":[]},{"contributions":{},"includedScopes":[]},{"contributions":{},"includedScopes":[]}]},"contributions":{},"includedScopes":[]},"contributions":{},"includedScopes":[]},"contributions":{},"includedScopes":[]},"contributions":{},"includedScopes":[{"containerScope":{"containerScope":{"containerScope":{"contributions":{},"includedScopes":[]},"contributions":{},"includedScopes":[]},"contributions":{},"includedScopes":[]},"contributions":{},"includedScopes":[{"containerScope":{"containerScope":{"containerScope":{"contributions":{},"includedScopes":[]},"contributions":{},"includedScopes":[]},"contributions":{},"includedScopes":[]},"contributions":{},"includedScopes":[]}]},{"containerScope":{"containerScope":{"containerScope":{"contributions":{},"includedScopes":[]},"contributions":{},"includedScopes":[]},"contributions":{},"includedScopes":[]},"contributions":{},"includedScopes":[]}]},"contributions":{},"includedScopes":[]},"value":{"id":"39c31f13-a44f-4e1b-9e9f-c76f3221e2e0","metadata":[],"scope":{"containerScope":{"containerScope":{"containerScope":{"containerScope":{"containerScope":{"containerScope":{"containerScope":{"contributions":{},"includedScopes":[]},"contributions":{},"includedScopes":[{"contributions":{},"includedScopes":[]},{"contributions":{},"includedScopes":[]},{"contributions":{},"includedScopes":[]},{"contributions":{},"includedScopes":[]},{"contributions":{},"includedScopes":[]}]},"contributions":{},"includedScopes":[]},"contributions":{},"includedScopes":[]},"contributions":{},"includedScopes":[]},"contributions":{},"includedScopes":[{"containerScope":{"containerScope":{"containerScope":{"contributions":{},"includedScopes":[]},"contributions":{},"includedScopes":[]},"contributions":{},"includedScopes":[]},"contributions":{},"includedScopes":[{"containerScope":{"containerScope":{"containerScope":{"contributions":{},"includedScopes":[]},"contributions":{},"includedScopes":[]},"contributions":{},"includedScopes":[]},"contributions":{},"includedScopes":[]}]},{"containerScope":{"containerScope":{"containerScope":{"contributions":{},"includedScopes":[]},"contributions":{},"includedScopes":[]},"contributions":{},"includedScopes":[]},"contributions":{},"includedScopes":[]}]},"contributions":{},"includedScopes":[]},"contributions":{},"includedScopes":[]},"value":"{hector.mover(izquierda)}"}}],"metadata":[],"scope":{"containerScope":{"containerScope":{"containerScope":{"containerScope":{"containerScope":{"contributions":{},"includedScopes":[]},"contributions":{},"includedScopes":[{"contributions":{},"includedScopes":[]},{"contributions":{},"includedScopes":[]},{"contributions":{},"includedScopes":[]},{"contributions":{},"includedScopes":[]},{"contributions":{},"includedScopes":[]}]},"contributions":{},"includedScopes":[]},"contributions":{},"includedScopes":[]},"contributions":{},"includedScopes":[]},"contributions":{},"includedScopes":[{"containerScope":{"containerScope":{"containerScope":{"contributions":{},"includedScopes":[]},"contributions":{},"includedScopes":[]},"contributions":{},"includedScopes":[]},"contributions":{},"includedScopes":[{"containerScope":{"containerScope":{"containerScope":{"contributions":{},"includedScopes":[]},"contributions":{},"includedScopes":[]},"contributions":{},"includedScopes":[]},"contributions":{},"includedScopes":[]}]},{"containerScope":{"containerScope":{"containerScope":{"contributions":{},"includedScopes":[]},"contributions":{},"includedScopes":[]},"contributions":{},"includedScopes":[]},"contributions":{},"includedScopes":[]}]},"sourceMap":{"end":{"column":53,"line":21,"offset":628},"start":{"column":28,"line":21,"offset":603}},"supertypes":[{"args":[],"id":"550ec8cd-2c32-47f1-97de-ccd6bb93f675","metadata":[],"reference":{"id":"2320e441-132b-4a32-ba78-5e8855cf8507","metadata":[],"name":"wollok.lang.Closure","scope":{"containerScope":{"containerScope":{"containerScope":{"containerScope":{"containerScope":{"containerScope":{"contributions":{},"includedScopes":[]},"contributions":{},"includedScopes":[{"contributions":{},"includedScopes":[]},{"contributions":{},"includedScopes":[]},{"contributions":{},"includedScopes":[]},{"contributions":{},"includedScopes":[]},{"contributions":{},"includedScopes":[]}]},"contributions":{},"includedScopes":[]},"contributions":{},"includedScopes":[]},"contributions":{},"includedScopes":[]},"contributions":{},"includedScopes":[{"containerScope":{"containerScope":{"containerScope":{"contributions":{},"includedScopes":[]},"contributions":{},"includedScopes":[]},"contributions":{},"includedScopes":[]},"contributions":{},"includedScopes":[{"containerScope":{"containerScope":{"containerScope":{"contributions":{},"includedScopes":[]},"contributions":{},"includedScopes":[]},"contributions":{},"includedScopes":[]},"contributions":{},"includedScopes":[]}]},{"containerScope":{"containerScope":{"containerScope":{"contributions":{},"includedScopes":[]},"contributions":{},"includedScopes":[]},"contributions":{},"includedScopes":[]},"contributions":{},"includedScopes":[]}]},"contributions":{},"includedScopes":[]}},"scope":{"containerScope":{"containerScope":{"containerScope":{"containerScope":{"containerScope":{"containerScope":{"contributions":{},"includedScopes":[]},"contributions":{},"includedScopes":[{"contributions":{},"includedScopes":[]},{"contributions":{},"includedScopes":[]},{"contributions":{},"includedScopes":[]},{"contributions":{},"includedScopes":[]},{"contributions":{},"includedScopes":[]}]},"contributions":{},"includedScopes":[]},"contributions":{},"includedScopes":[]},"contributions":{},"includedScopes":[]},"contributions":{},"includedScopes":[{"containerScope":{"containerScope":{"containerScope":{"contributions":{},"includedScopes":[]},"contributions":{},"includedScopes":[]},"contributions":{},"includedScopes":[]},"contributions":{},"includedScopes":[{"containerScope":{"containerScope":{"containerScope":{"contributions":{},"includedScopes":[]},"contributions":{},"includedScopes":[]},"contributions":{},"includedScopes":[]},"contributions":{},"includedScopes":[]}]},{"containerScope":{"containerScope":{"containerScope":{"contributions":{},"includedScopes":[]},"contributions":{},"includedScopes":[]},"contributions":{},"includedScopes":[]},"contributions":{},"includedScopes":[]}]},"contributions":{},"includedScopes":[]}}]}],"id":"a7430be4-b6fa-475d-90a3-35b0c03fdeab","message":"onPressDo","metadata":[],"receiver":{"args":[],"id":"926e71b4-ff6f-46be-9877-65f86109d01f","message":"left","metadata":[],"receiver":{"id":"d9b9481f-8165-489e-a129-8eb9ff947db1","metadata":[],"name":"keyboard","scope":{"containerScope":{"containerScope":{"containerScope":{"containerScope":{"containerScope":{"containerScope":{"contributions":{},"includedScopes":[]},"contributions":{},"includedScopes":[{"contributions":{},"includedScopes":[]},{"contributions":{},"includedScopes":[]},{"contributions":{},"includedScopes":[]},{"contributions":{},"includedScopes":[]},{"contributions":{},"includedScopes":[]}]},"contributions":{},"includedScopes":[]},"contributions":{},"includedScopes":[]},"contributions":{},"includedScopes":[]},"contributions":{},"includedScopes":[]},"contributions":{},"includedScopes":[]},"sourceMap":{"end":{"column":10,"line":21,"offset":585},"start":{"column":2,"line":21,"offset":577}}},"scope":{"containerScope":{"containerScope":{"containerScope":{"containerScope":{"containerScope":{"contributions":{},"includedScopes":[]},"contributions":{},"includedScopes":[{"contributions":{},"includedScopes":[]},{"contributions":{},"includedScopes":[]},{"contributions":{},"includedScopes":[]},{"contributions":{},"includedScopes":[]},{"contributions":{},"includedScopes":[]}]},"contributions":{},"includedScopes":[]},"contributions":{},"includedScopes":[]},"contributions":{},"includedScopes":[]},"contributions":{},"includedScopes":[]},"sourceMap":{"end":{"column":17,"line":21,"offset":592},"start":{"column":2,"line":21,"offset":577}}},"scope":{"containerScope":{"containerScope":{"containerScope":{"containerScope":{"contributions":{},"includedScopes":[]},"contributions":{},"includedScopes":[{"contributions":{},"includedScopes":[]},{"contributions":{},"includedScopes":[]},{"contributions":{},"includedScopes":[]},{"contributions":{},"includedScopes":[]},{"contributions":{},"includedScopes":[]}]},"contributions":{},"includedScopes":[]},"contributions":{},"includedScopes":[]},"contributions":{},"includedScopes":[]},"sourceMap":{"end":{"column":54,"line":21,"offset":629},"start":{"column":2,"line":21,"offset":577}}},{"args":[{"id":"0ac8a480-579d-4cca-a552-21d681890968","members":[{"body":{"id":"556e5333-ce74-4c93-a427-bad14482cd8d","metadata":[],"scope":{"containerScope":{"containerScope":{"containerScope":{"containerScope":{"containerScope":{"containerScope":{"containerScope":{"contributions":{},"includedScopes":[]},"contributions":{},"includedScopes":[{"contributions":{},"includedScopes":[]},{"contributions":{},"includedScopes":[]},{"contributions":{},"includedScopes":[]},{"contributions":{},"includedScopes":[]},{"contributions":{},"includedScopes":[]}]},"contributions":{},"includedScopes":[]},"contributions":{},"includedScopes":[]},"contributions":{},"includedScopes":[]},"contributions":{},"includedScopes":[{"containerScope":{"containerScope":{"containerScope":{"contributions":{},"includedScopes":[]},"contributions":{},"includedScopes":[]},"contributions":{},"includedScopes":[]},"contributions":{},"includedScopes":[{"containerScope":{"containerScope":{"containerScope":{"contributions":{},"includedScopes":[]},"contributions":{},"includedScopes":[]},"contributions":{},"includedScopes":[]},"contributions":{},"includedScopes":[]}]},{"containerScope":{"containerScope":{"containerScope":{"contributions":{},"includedScopes":[]},"contributions":{},"includedScopes":[]},"contributions":{},"includedScopes":[]},"contributions":{},"includedScopes":[]}]},"contributions":{},"includedScopes":[]},"contributions":{},"includedScopes":[]},"sentences":[{"id":"535304cb-d1f3-4cee-b486-55fcb5080c25","metadata":[],"scope":{"containerScope":{"containerScope":{"containerScope":{"containerScope":{"containerScope":{"containerScope":{"containerScope":{"containerScope":{"contributions":{},"includedScopes":[]},"contributions":{},"includedScopes":[{"contributions":{},"includedScopes":[]},{"contributions":{},"includedScopes":[]},{"contributions":{},"includedScopes":[]},{"contributions":{},"includedScopes":[]},{"contributions":{},"includedScopes":[]}]},"contributions":{},"includedScopes":[]},"contributions":{},"includedScopes":[]},"contributions":{},"includedScopes":[]},"contributions":{},"includedScopes":[{"containerScope":{"containerScope":{"containerScope":{"contributions":{},"includedScopes":[]},"contributions":{},"includedScopes":[]},"contributions":{},"includedScopes":[]},"contributions":{},"includedScopes":[{"containerScope":{"containerScope":{"containerScope":{"contributions":{},"includedScopes":[]},"contributions":{},"includedScopes":[]},"contributions":{},"includedScopes":[]},"contributions":{},"includedScopes":[]}]},{"containerScope":{"containerScope":{"containerScope":{"contributions":{},"includedScopes":[]},"contributions":{},"includedScopes":[]},"contributions":{},"includedScopes":[]},"contributions":{},"includedScopes":[]}]},"contributions":{},"includedScopes":[]},"contributions":{},"includedScopes":[]},"contributions":{},"includedScopes":[]},"value":{"args":[{"args":[{"id":"c13636f8-f2e0-4e38-99ff-e07f2b14e58b","metadata":[],"name":"position","scope":{"containerScope":{"containerScope":{"containerScope":{"containerScope":{"containerScope":{"containerScope":{"containerScope":{"containerScope":{"containerScope":{"containerScope":{"containerScope":{"contributions":{},"includedScopes":[]},"contributions":{},"includedScopes":[{"contributions":{},"includedScopes":[]},{"contributions":{},"includedScopes":[]},{"contributions":{},"includedScopes":[]},{"contributions":{},"includedScopes":[]},{"contributions":{},"includedScopes":[]}]},"contributions":{},"includedScopes":[]},"contributions":{},"includedScopes":[]},"contributions":{},"includedScopes":[]},"contributions":{},"includedScopes":[{"containerScope":{"containerScope":{"containerScope":{"contributions":{},"includedScopes":[]},"contributions":{},"includedScopes":[]},"contributions":{},"includedScopes":[]},"contributions":{},"includedScopes":[{"containerScope":{"containerScope":{"containerScope":{"contributions":{},"includedScopes":[]},"contributions":{},"includedScopes":[]},"contributions":{},"includedScopes":[]},"contributions":{},"includedScopes":[]}]},{"containerScope":{"containerScope":{"containerScope":{"contributions":{},"includedScopes":[]},"contributions":{},"includedScopes":[]},"contributions":{},"includedScopes":[]},"contributions":{},"includedScopes":[]}]},"contributions":{},"includedScopes":[]},"contributions":{},"includedScopes":[]},"contributions":{},"includedScopes":[]},"contributions":{},"includedScopes":[]},"contributions":{},"includedScopes":[]},"contributions":{},"includedScopes":[]},"sourceMap":{"end":{"column":78,"line":22,"offset":707},"start":{"column":50,"line":22,"offset":679}},"value":{"args":[],"id":"5e755825-3dda-458a-971c-3ab3a56c9e39","message":"position","metadata":[],"receiver":{"id":"1e8aaa9a-3db2-4d5f-9b4e-4557d8ded519","metadata":[],"name":"hector","scope":{"containerScope":{"containerScope":{"containerScope":{"containerScope":{"containerScope":{"containerScope":{"containerScope":{"containerScope":{"containerScope":{"containerScope":{"containerScope":{"containerScope":{"containerScope":{"contributions":{},"includedScopes":[]},"contributions":{},"includedScopes":[{"contributions":{},"includedScopes":[]},{"contributions":{},"includedScopes":[]},{"contributions":{},"includedScopes":[]},{"contributions":{},"includedScopes":[]},{"contributions":{},"includedScopes":[]}]},"contributions":{},"includedScopes":[]},"contributions":{},"includedScopes":[]},"contributions":{},"includedScopes":[]},"contributions":{},"includedScopes":[{"containerScope":{"containerScope":{"containerScope":{"contributions":{},"includedScopes":[]},"contributions":{},"includedScopes":[]},"contributions":{},"includedScopes":[]},"contributions":{},"includedScopes":[{"containerScope":{"containerScope":{"containerScope":{"contributions":{},"includedScopes":[]},"contributions":{},"includedScopes":[]},"contributions":{},"includedScopes":[]},"contributions":{},"includedScopes":[]}]},{"containerScope":{"containerScope":{"containerScope":{"contributions":{},"includedScopes":[]},"contributions":{},"includedScopes":[]},"contributions":{},"includedScopes":[]},"contributions":{},"includedScopes":[]}]},"contributions":{},"includedScopes":[]},"contributions":{},"includedScopes":[]},"contributions":{},"includedScopes":[]},"contributions":{},"includedScopes":[]},"contributions":{},"includedScopes":[]},"contributions":{},"includedScopes":[]},"contributions":{},"includedScopes":[]},"contributions":{},"includedScopes":[]},"sourceMap":{"end":{"column":67,"line":22,"offset":696},"start":{"column":61,"line":22,"offset":690}}},"scope":{"containerScope":{"containerScope":{"containerScope":{"containerScope":{"containerScope":{"containerScope":{"containerScope":{"containerScope":{"containerScope":{"containerScope":{"containerScope":{"containerScope":{"contributions":{},"includedScopes":[]},"contributions":{},"includedScopes":[{"contributions":{},"includedScopes":[]},{"contributions":{},"includedScopes":[]},{"contributions":{},"includedScopes":[]},{"contributions":{},"includedScopes":[]},{"contributions":{},"includedScopes":[]}]},"contributions":{},"includedScopes":[]},"contributions":{},"includedScopes":[]},"contributions":{},"includedScopes":[]},"contributions":{},"includedScopes":[{"containerScope":{"containerScope":{"containerScope":{"contributions":{},"includedScopes":[]},"contributions":{},"includedScopes":[]},"contributions":{},"includedScopes":[]},"contributions":{},"includedScopes":[{"containerScope":{"containerScope":{"containerScope":{"contributions":{},"includedScopes":[]},"contributions":{},"includedScopes":[]},"contributions":{},"includedScopes":[]},"contributions":{},"includedScopes":[]}]},{"containerScope":{"containerScope":{"containerScope":{"contributions":{},"includedScopes":[]},"contributions":{},"includedScopes":[]},"contributions":{},"includedScopes":[]},"contributions":{},"includedScopes":[]}]},"contributions":{},"includedScopes":[]},"contributions":{},"includedScopes":[]},"contributions":{},"includedScopes":[]},"contributions":{},"includedScopes":[]},"contributions":{},"includedScopes":[]},"contributions":{},"includedScopes":[]},"contributions":{},"includedScopes":[]},"sourceMap":{"end":{"column":78,"line":22,"offset":707},"start":{"column":61,"line":22,"offset":690}}}}],"id":"4ba2e85a-f267-4501-8234-2dd7a399a7f7","instantiated":{"id":"37fbc2dd-70de-4117-b554-0c6c23f1e710","metadata":[],"name":"Maiz","scope":{"containerScope":{"containerScope":{"containerScope":{"containerScope":{"containerScope":{"containerScope":{"containerScope":{"containerScope":{"containerScope":{"containerScope":{"containerScope":{"contributions":{},"includedScopes":[]},"contributions":{},"includedScopes":[{"contributions":{},"includedScopes":[]},{"contributions":{},"includedScopes":[]},{"contributions":{},"includedScopes":[]},{"contributions":{},"includedScopes":[]},{"contributions":{},"includedScopes":[]}]},"contributions":{},"includedScopes":[]},"contributions":{},"includedScopes":[]},"contributions":{},"includedScopes":[]},"contributions":{},"includedScopes":[{"containerScope":{"containerScope":{"containerScope":{"contributions":{},"includedScopes":[]},"contributions":{},"includedScopes":[]},"contributions":{},"includedScopes":[]},"contributions":{},"includedScopes":[{"containerScope":{"containerScope":{"containerScope":{"contributions":{},"includedScopes":[]},"contributions":{},"includedScopes":[]},"contributions":{},"includedScopes":[]},"contributions":{},"includedScopes":[]}]},{"containerScope":{"containerScope":{"containerScope":{"contributions":{},"includedScopes":[]},"contributions":{},"includedScopes":[]},"contributions":{},"includedScopes":[]},"contributions":{},"includedScopes":[]}]},"contributions":{},"includedScopes":[]},"contributions":{},"includedScopes":[]},"contributions":{},"includedScopes":[]},"contributions":{},"includedScopes":[]},"contributions":{},"includedScopes":[]},"contributions":{},"includedScopes":[]},"sourceMap":{"end":{"column":49,"line":22,"offset":678},"start":{"column":45,"line":22,"offset":674}}},"metadata":[],"scope":{"containerScope":{"containerScope":{"containerScope":{"containerScope":{"containerScope":{"containerScope":{"containerScope":{"containerScope":{"containerScope":{"containerScope":{"contributions":{},"includedScopes":[]},"contributions":{},"includedScopes":[{"contributions":{},"includedScopes":[]},{"contributions":{},"includedScopes":[]},{"contributions":{},"includedScopes":[]},{"contributions":{},"includedScopes":[]},{"contributions":{},"includedScopes":[]}]},"contributions":{},"includedScopes":[]},"contributions":{},"includedScopes":[]},"contributions":{},"includedScopes":[]},"contributions":{},"includedScopes":[{"containerScope":{"containerScope":{"containerScope":{"contributions":{},"includedScopes":[]},"contributions":{},"includedScopes":[]},"contributions":{},"includedScopes":[]},"contributions":{},"includedScopes":[{"containerScope":{"containerScope":{"containerScope":{"contributions":{},"includedScopes":[]},"contributions":{},"includedScopes":[]},"contributions":{},"includedScopes":[]},"contributions":{},"includedScopes":[]}]},{"containerScope":{"containerScope":{"containerScope":{"contributions":{},"includedScopes":[]},"contributions":{},"includedScopes":[]},"contributions":{},"includedScopes":[]},"contributions":{},"includedScopes":[]}]},"contributions":{},"includedScopes":[]},"contributions":{},"includedScopes":[]},"contributions":{},"includedScopes":[]},"contributions":{},"includedScopes":[]},"contributions":{},"includedScopes":[]},"sourceMap":{"end":{"column":79,"line":22,"offset":708},"start":{"column":41,"line":22,"offset":670}}}],"id":"e5dfeb09-3b88-4921-9834-095cad44d2a5","message":"sembrar","metadata":[],"receiver":{"id":"832b186d-de21-4bf6-be9e-5c1d8577b33b","metadata":[],"name":"hector","scope":{"containerScope":{"containerScope":{"containerScope":{"containerScope":{"containerScope":{"containerScope":{"containerScope":{"containerScope":{"containerScope":{"containerScope":{"contributions":{},"includedScopes":[]},"contributions":{},"includedScopes":[{"contributions":{},"includedScopes":[]},{"contributions":{},"includedScopes":[]},{"contributions":{},"includedScopes":[]},{"contributions":{},"includedScopes":[]},{"contributions":{},"includedScopes":[]}]},"contributions":{},"includedScopes":[]},"contributions":{},"includedScopes":[]},"contributions":{},"includedScopes":[]},"contributions":{},"includedScopes":[{"containerScope":{"containerScope":{"containerScope":{"contributions":{},"includedScopes":[]},"contributions":{},"includedScopes":[]},"contributions":{},"includedScopes":[]},"contributions":{},"includedScopes":[{"containerScope":{"containerScope":{"containerScope":{"contributions":{},"includedScopes":[]},"contributions":{},"includedScopes":[]},"contributions":{},"includedScopes":[]},"contributions":{},"includedScopes":[]}]},{"containerScope":{"containerScope":{"containerScope":{"contributions":{},"includedScopes":[]},"contributions":{},"includedScopes":[]},"contributions":{},"includedScopes":[]},"contributions":{},"includedScopes":[]}]},"contributions":{},"includedScopes":[]},"contributions":{},"includedScopes":[]},"contributions":{},"includedScopes":[]},"contributions":{},"includedScopes":[]},"contributions":{},"includedScopes":[]},"sourceMap":{"end":{"column":32,"line":22,"offset":661},"start":{"column":26,"line":22,"offset":655}}},"scope":{"containerScope":{"containerScope":{"containerScope":{"containerScope":{"containerScope":{"containerScope":{"containerScope":{"containerScope":{"containerScope":{"contributions":{},"includedScopes":[]},"contributions":{},"includedScopes":[{"contributions":{},"includedScopes":[]},{"contributions":{},"includedScopes":[]},{"contributions":{},"includedScopes":[]},{"contributions":{},"includedScopes":[]},{"contributions":{},"includedScopes":[]}]},"contributions":{},"includedScopes":[]},"contributions":{},"includedScopes":[]},"contributions":{},"includedScopes":[]},"contributions":{},"includedScopes":[{"containerScope":{"containerScope":{"containerScope":{"contributions":{},"includedScopes":[]},"contributions":{},"includedScopes":[]},"contributions":{},"includedScopes":[]},"contributions":{},"includedScopes":[{"containerScope":{"containerScope":{"containerScope":{"contributions":{},"includedScopes":[]},"contributions":{},"includedScopes":[]},"contributions":{},"includedScopes":[]},"contributions":{},"includedScopes":[]}]},{"containerScope":{"containerScope":{"containerScope":{"contributions":{},"includedScopes":[]},"contributions":{},"includedScopes":[]},"contributions":{},"includedScopes":[]},"contributions":{},"includedScopes":[]}]},"contributions":{},"includedScopes":[]},"contributions":{},"includedScopes":[]},"contributions":{},"includedScopes":[]},"contributions":{},"includedScopes":[]},"sourceMap":{"end":{"column":80,"line":22,"offset":709},"start":{"column":26,"line":22,"offset":655}}}}]},"id":"94561cf7-1acc-466f-9e23-b26fddda9a5f","isOverride":false,"metadata":[],"name":"<apply>","parameters":[],"scope":{"containerScope":{"containerScope":{"containerScope":{"containerScope":{"containerScope":{"containerScope":{"contributions":{},"includedScopes":[]},"contributions":{},"includedScopes":[{"contributions":{},"includedScopes":[]},{"contributions":{},"includedScopes":[]},{"contributions":{},"includedScopes":[]},{"contributions":{},"includedScopes":[]},{"contributions":{},"includedScopes":[]}]},"contributions":{},"includedScopes":[]},"contributions":{},"includedScopes":[]},"contributions":{},"includedScopes":[]},"contributions":{},"includedScopes":[{"containerScope":{"containerScope":{"containerScope":{"contributions":{},"includedScopes":[]},"contributions":{},"includedScopes":[]},"contributions":{},"includedScopes":[]},"contributions":{},"includedScopes":[{"containerScope":{"containerScope":{"containerScope":{"contributions":{},"includedScopes":[]},"contributions":{},"includedScopes":[]},"contributions":{},"includedScopes":[]},"contributions":{},"includedScopes":[]}]},{"containerScope":{"containerScope":{"containerScope":{"contributions":{},"includedScopes":[]},"contributions":{},"includedScopes":[]},"contributions":{},"includedScopes":[]},"contributions":{},"includedScopes":[]}]},"contributions":{},"includedScopes":[]}},{"id":"d634d310-f129-4111-85bb-b63c91427626","isConstant":true,"isProperty":false,"metadata":[],"name":"<toString>","scope":{"containerScope":{"containerScope":{"containerScope":{"containerScope":{"containerScope":{"containerScope":{"contributions":{},"includedScopes":[]},"contributions":{},"includedScopes":[{"contributions":{},"includedScopes":[]},{"contributions":{},"includedScopes":[]},{"contributions":{},"includedScopes":[]},{"contributions":{},"includedScopes":[]},{"contributions":{},"includedScopes":[]}]},"contributions":{},"includedScopes":[]},"contributions":{},"includedScopes":[]},"contributions":{},"includedScopes":[]},"contributions":{},"includedScopes":[{"containerScope":{"containerScope":{"containerScope":{"contributions":{},"includedScopes":[]},"contributions":{},"includedScopes":[]},"contributions":{},"includedScopes":[]},"contributions":{},"includedScopes":[{"containerScope":{"containerScope":{"containerScope":{"contributions":{},"includedScopes":[]},"contributions":{},"includedScopes":[]},"contributions":{},"includedScopes":[]},"contributions":{},"includedScopes":[]}]},{"containerScope":{"containerScope":{"containerScope":{"contributions":{},"includedScopes":[]},"contributions":{},"includedScopes":[]},"contributions":{},"includedScopes":[]},"contributions":{},"includedScopes":[]}]},"contributions":{},"includedScopes":[]},"value":{"id":"3e97c2c9-5128-43a7-9720-525094f70337","metadata":[],"scope":{"containerScope":{"containerScope":{"containerScope":{"containerScope":{"containerScope":{"containerScope":{"containerScope":{"contributions":{},"includedScopes":[]},"contributions":{},"includedScopes":[{"contributions":{},"includedScopes":[]},{"contributions":{},"includedScopes":[]},{"contributions":{},"includedScopes":[]},{"contributions":{},"includedScopes":[]},{"contributions":{},"includedScopes":[]}]},"contributions":{},"includedScopes":[]},"contributions":{},"includedScopes":[]},"contributions":{},"includedScopes":[]},"contributions":{},"includedScopes":[{"containerScope":{"containerScope":{"containerScope":{"contributions":{},"includedScopes":[]},"contributions":{},"includedScopes":[]},"contributions":{},"includedScopes":[]},"contributions":{},"includedScopes":[{"containerScope":{"containerScope":{"containerScope":{"contributions":{},"includedScopes":[]},"contributions":{},"includedScopes":[]},"contributions":{},"includedScopes":[]},"contributions":{},"includedScopes":[]}]},{"containerScope":{"containerScope":{"containerScope":{"contributions":{},"includedScopes":[]},"contributions":{},"includedScopes":[]},"contributions":{},"includedScopes":[]},"contributions":{},"includedScopes":[]}]},"contributions":{},"includedScopes":[]},"contributions":{},"includedScopes":[]},"value":"{hector.sembrar(new Maiz(position = hector.position()))}"}}],"metadata":[],"scope":{"containerScope":{"containerScope":{"containerScope":{"containerScope":{"containerScope":{"contributions":{},"includedScopes":[]},"contributions":{},"includedScopes":[{"contributions":{},"includedScopes":[]},{"contributions":{},"includedScopes":[]},{"contributions":{},"includedScopes":[]},{"contributions":{},"includedScopes":[]},{"contributions":{},"includedScopes":[]}]},"contributions":{},"includedScopes":[]},"contributions":{},"includedScopes":[]},"contributions":{},"includedScopes":[]},"contributions":{},"includedScopes":[{"containerScope":{"containerScope":{"containerScope":{"contributions":{},"includedScopes":[]},"contributions":{},"includedScopes":[]},"contributions":{},"includedScopes":[]},"contributions":{},"includedScopes":[{"containerScope":{"containerScope":{"containerScope":{"contributions":{},"includedScopes":[]},"contributions":{},"includedScopes":[]},"contributions":{},"includedScopes":[]},"contributions":{},"includedScopes":[]}]},{"containerScope":{"containerScope":{"containerScope":{"contributions":{},"includedScopes":[]},"contributions":{},"includedScopes":[]},"contributions":{},"includedScopes":[]},"contributions":{},"includedScopes":[]}]},"sourceMap":{"end":{"column":81,"line":22,"offset":710},"start":{"column":25,"line":22,"offset":654}},"supertypes":[{"args":[],"id":"775c397c-8d22-45d2-8a66-f9ced13ec6b6","metadata":[],"reference":{"id":"24daa6a4-490a-4fe4-8887-0dabf61e64f4","metadata":[],"name":"wollok.lang.Closure","scope":{"containerScope":{"containerScope":{"containerScope":{"containerScope":{"containerScope":{"containerScope":{"contributions":{},"includedScopes":[]},"contributions":{},"includedScopes":[{"contributions":{},"includedScopes":[]},{"contributions":{},"includedScopes":[]},{"contributions":{},"includedScopes":[]},{"contributions":{},"includedScopes":[]},{"contributions":{},"includedScopes":[]}]},"contributions":{},"includedScopes":[]},"contributions":{},"includedScopes":[]},"contributions":{},"includedScopes":[]},"contributions":{},"includedScopes":[{"containerScope":{"containerScope":{"containerScope":{"contributions":{},"includedScopes":[]},"contributions":{},"includedScopes":[]},"contributions":{},"includedScopes":[]},"contributions":{},"includedScopes":[{"containerScope":{"containerScope":{"containerScope":{"contributions":{},"includedScopes":[]},"contributions":{},"includedScopes":[]},"contributions":{},"includedScopes":[]},"contributions":{},"includedScopes":[]}]},{"containerScope":{"containerScope":{"containerScope":{"contributions":{},"includedScopes":[]},"contributions":{},"includedScopes":[]},"contributions":{},"includedScopes":[]},"contributions":{},"includedScopes":[]}]},"contributions":{},"includedScopes":[]}},"scope":{"containerScope":{"containerScope":{"containerScope":{"containerScope":{"containerScope":{"containerScope":{"contributions":{},"includedScopes":[]},"contributions":{},"includedScopes":[{"contributions":{},"includedScopes":[]},{"contributions":{},"includedScopes":[]},{"contributions":{},"includedScopes":[]},{"contributions":{},"includedScopes":[]},{"contributions":{},"includedScopes":[]}]},"contributions":{},"includedScopes":[]},"contributions":{},"includedScopes":[]},"contributions":{},"includedScopes":[]},"contributions":{},"includedScopes":[{"containerScope":{"containerScope":{"containerScope":{"contributions":{},"includedScopes":[]},"contributions":{},"includedScopes":[]},"contributions":{},"includedScopes":[]},"contributions":{},"includedScopes":[{"containerScope":{"containerScope":{"containerScope":{"contributions":{},"includedScopes":[]},"contributions":{},"includedScopes":[]},"contributions":{},"includedScopes":[]},"contributions":{},"includedScopes":[]}]},{"containerScope":{"containerScope":{"containerScope":{"contributions":{},"includedScopes":[]},"contributions":{},"includedScopes":[]},"contributions":{},"includedScopes":[]},"contributions":{},"includedScopes":[]}]},"contributions":{},"includedScopes":[]}}]}],"id":"5cbc95c2-4aa1-4593-9b7b-5ec4bd46b939","message":"onPressDo","metadata":[],"receiver":{"args":[],"id":"dfb2ded2-2c1b-4e9e-9865-24e6052a26e6","message":"m","metadata":[],"receiver":{"id":"5a481bdc-c511-4b31-ae17-f030a6262257","metadata":[],"name":"keyboard","scope":{"containerScope":{"containerScope":{"containerScope":{"containerScope":{"containerScope":{"containerScope":{"contributions":{},"includedScopes":[]},"contributions":{},"includedScopes":[{"contributions":{},"includedScopes":[]},{"contributions":{},"includedScopes":[]},{"contributions":{},"includedScopes":[]},{"contributions":{},"includedScopes":[]},{"contributions":{},"includedScopes":[]}]},"contributions":{},"includedScopes":[]},"contributions":{},"includedScopes":[]},"contributions":{},"includedScopes":[]},"contributions":{},"includedScopes":[]},"contributions":{},"includedScopes":[]},"sourceMap":{"end":{"column":10,"line":22,"offset":639},"start":{"column":2,"line":22,"offset":631}}},"scope":{"containerScope":{"containerScope":{"containerScope":{"containerScope":{"containerScope":{"contributions":{},"includedScopes":[]},"contributions":{},"includedScopes":[{"contributions":{},"includedScopes":[]},{"contributions":{},"includedScopes":[]},{"contributions":{},"includedScopes":[]},{"contributions":{},"includedScopes":[]},{"contributions":{},"includedScopes":[]}]},"contributions":{},"includedScopes":[]},"contributions":{},"includedScopes":[]},"contributions":{},"includedScopes":[]},"contributions":{},"includedScopes":[]},"sourceMap":{"end":{"column":14,"line":22,"offset":643},"start":{"column":2,"line":22,"offset":631}}},"scope":{"containerScope":{"containerScope":{"containerScope":{"containerScope":{"contributions":{},"includedScopes":[]},"contributions":{},"includedScopes":[{"contributions":{},"includedScopes":[]},{"contributions":{},"includedScopes":[]},{"contributions":{},"includedScopes":[]},{"contributions":{},"includedScopes":[]},{"contributions":{},"includedScopes":[]}]},"contributions":{},"includedScopes":[]},"contributions":{},"includedScopes":[]},"contributions":{},"includedScopes":[]},"sourceMap":{"end":{"column":82,"line":22,"offset":711},"start":{"column":2,"line":22,"offset":631}}},{"args":[{"id":"ff1b8afd-9b00-4bcf-b093-6d4cedde26e3","members":[{"body":{"id":"47066e53-3d8e-4d8c-8291-5c0bf79ce373","metadata":[],"scope":{"containerScope":{"containerScope":{"containerScope":{"containerScope":{"containerScope":{"containerScope":{"containerScope":{"contributions":{},"includedScopes":[]},"contributions":{},"includedScopes":[{"contributions":{},"includedScopes":[]},{"contributions":{},"includedScopes":[]},{"contributions":{},"includedScopes":[]},{"contributions":{},"includedScopes":[]},{"contributions":{},"includedScopes":[]}]},"contributions":{},"includedScopes":[]},"contributions":{},"includedScopes":[]},"contributions":{},"includedScopes":[]},"contributions":{},"includedScopes":[{"containerScope":{"containerScope":{"containerScope":{"contributions":{},"includedScopes":[]},"contributions":{},"includedScopes":[]},"contributions":{},"includedScopes":[]},"contributions":{},"includedScopes":[{"containerScope":{"containerScope":{"containerScope":{"contributions":{},"includedScopes":[]},"contributions":{},"includedScopes":[]},"contributions":{},"includedScopes":[]},"contributions":{},"includedScopes":[]}]},{"containerScope":{"containerScope":{"containerScope":{"contributions":{},"includedScopes":[]},"contributions":{},"includedScopes":[]},"contributions":{},"includedScopes":[]},"contributions":{},"includedScopes":[]}]},"contributions":{},"includedScopes":[]},"contributions":{},"includedScopes":[]},"sentences":[{"id":"43f420e0-f99b-4fad-9f00-5908232afd22","metadata":[],"scope":{"containerScope":{"containerScope":{"containerScope":{"containerScope":{"containerScope":{"containerScope":{"containerScope":{"containerScope":{"contributions":{},"includedScopes":[]},"contributions":{},"includedScopes":[{"contributions":{},"includedScopes":[]},{"contributions":{},"includedScopes":[]},{"contributions":{},"includedScopes":[]},{"contributions":{},"includedScopes":[]},{"contributions":{},"includedScopes":[]}]},"contributions":{},"includedScopes":[]},"contributions":{},"includedScopes":[]},"contributions":{},"includedScopes":[]},"contributions":{},"includedScopes":[{"containerScope":{"containerScope":{"containerScope":{"contributions":{},"includedScopes":[]},"contributions":{},"includedScopes":[]},"contributions":{},"includedScopes":[]},"contributions":{},"includedScopes":[{"containerScope":{"containerScope":{"containerScope":{"contributions":{},"includedScopes":[]},"contributions":{},"includedScopes":[]},"contributions":{},"includedScopes":[]},"contributions":{},"includedScopes":[]}]},{"containerScope":{"containerScope":{"containerScope":{"contributions":{},"includedScopes":[]},"contributions":{},"includedScopes":[]},"contributions":{},"includedScopes":[]},"contributions":{},"includedScopes":[]}]},"contributions":{},"includedScopes":[]},"contributions":{},"includedScopes":[]},"contributions":{},"includedScopes":[]},"value":{"args":[{"args":[{"id":"ce427909-4fec-4767-9bd2-d2c6c19de734","metadata":[],"name":"position","scope":{"containerScope":{"containerScope":{"containerScope":{"containerScope":{"containerScope":{"containerScope":{"containerScope":{"containerScope":{"containerScope":{"containerScope":{"containerScope":{"contributions":{},"includedScopes":[]},"contributions":{},"includedScopes":[{"contributions":{},"includedScopes":[]},{"contributions":{},"includedScopes":[]},{"contributions":{},"includedScopes":[]},{"contributions":{},"includedScopes":[]},{"contributions":{},"includedScopes":[]}]},"contributions":{},"includedScopes":[]},"contributions":{},"includedScopes":[]},"contributions":{},"includedScopes":[]},"contributions":{},"includedScopes":[{"containerScope":{"containerScope":{"containerScope":{"contributions":{},"includedScopes":[]},"contributions":{},"includedScopes":[]},"contributions":{},"includedScopes":[]},"contributions":{},"includedScopes":[{"containerScope":{"containerScope":{"containerScope":{"contributions":{},"includedScopes":[]},"contributions":{},"includedScopes":[]},"contributions":{},"includedScopes":[]},"contributions":{},"includedScopes":[]}]},{"containerScope":{"containerScope":{"containerScope":{"contributions":{},"includedScopes":[]},"contributions":{},"includedScopes":[]},"contributions":{},"includedScopes":[]},"contributions":{},"includedScopes":[]}]},"contributions":{},"includedScopes":[]},"contributions":{},"includedScopes":[]},"contributions":{},"includedScopes":[]},"contributions":{},"includedScopes":[]},"contributions":{},"includedScopes":[]},"contributions":{},"includedScopes":[]},"sourceMap":{"end":{"column":79,"line":23,"offset":790},"start":{"column":51,"line":23,"offset":762}},"value":{"args":[],"id":"34137602-5465-4b92-8323-6d9d58ec7bc2","message":"position","metadata":[],"receiver":{"id":"7ef89a0e-d078-4591-bbc6-d4d00fe5216f","metadata":[],"name":"hector","scope":{"containerScope":{"containerScope":{"containerScope":{"containerScope":{"containerScope":{"containerScope":{"containerScope":{"containerScope":{"containerScope":{"containerScope":{"containerScope":{"containerScope":{"containerScope":{"contributions":{},"includedScopes":[]},"contributions":{},"includedScopes":[{"contributions":{},"includedScopes":[]},{"contributions":{},"includedScopes":[]},{"contributions":{},"includedScopes":[]},{"contributions":{},"includedScopes":[]},{"contributions":{},"includedScopes":[]}]},"contributions":{},"includedScopes":[]},"contributions":{},"includedScopes":[]},"contributions":{},"includedScopes":[]},"contributions":{},"includedScopes":[{"containerScope":{"containerScope":{"containerScope":{"contributions":{},"includedScopes":[]},"contributions":{},"includedScopes":[]},"contributions":{},"includedScopes":[]},"contributions":{},"includedScopes":[{"containerScope":{"containerScope":{"containerScope":{"contributions":{},"includedScopes":[]},"contributions":{},"includedScopes":[]},"contributions":{},"includedScopes":[]},"contributions":{},"includedScopes":[]}]},{"containerScope":{"containerScope":{"containerScope":{"contributions":{},"includedScopes":[]},"contributions":{},"includedScopes":[]},"contributions":{},"includedScopes":[]},"contributions":{},"includedScopes":[]}]},"contributions":{},"includedScopes":[]},"contributions":{},"includedScopes":[]},"contributions":{},"includedScopes":[]},"contributions":{},"includedScopes":[]},"contributions":{},"includedScopes":[]},"contributions":{},"includedScopes":[]},"contributions":{},"includedScopes":[]},"contributions":{},"includedScopes":[]},"sourceMap":{"end":{"column":68,"line":23,"offset":779},"start":{"column":62,"line":23,"offset":773}}},"scope":{"containerScope":{"containerScope":{"containerScope":{"containerScope":{"containerScope":{"containerScope":{"containerScope":{"containerScope":{"containerScope":{"containerScope":{"containerScope":{"containerScope":{"contributions":{},"includedScopes":[]},"contributions":{},"includedScopes":[{"contributions":{},"includedScopes":[]},{"contributions":{},"includedScopes":[]},{"contributions":{},"includedScopes":[]},{"contributions":{},"includedScopes":[]},{"contributions":{},"includedScopes":[]}]},"contributions":{},"includedScopes":[]},"contributions":{},"includedScopes":[]},"contributions":{},"includedScopes":[]},"contributions":{},"includedScopes":[{"containerScope":{"containerScope":{"containerScope":{"contributions":{},"includedScopes":[]},"contributions":{},"includedScopes":[]},"contributions":{},"includedScopes":[]},"contributions":{},"includedScopes":[{"containerScope":{"containerScope":{"containerScope":{"contributions":{},"includedScopes":[]},"contributions":{},"includedScopes":[]},"contributions":{},"includedScopes":[]},"contributions":{},"includedScopes":[]}]},{"containerScope":{"containerScope":{"containerScope":{"contributions":{},"includedScopes":[]},"contributions":{},"includedScopes":[]},"contributions":{},"includedScopes":[]},"contributions":{},"includedScopes":[]}]},"contributions":{},"includedScopes":[]},"contributions":{},"includedScopes":[]},"contributions":{},"includedScopes":[]},"contributions":{},"includedScopes":[]},"contributions":{},"includedScopes":[]},"contributions":{},"includedScopes":[]},"contributions":{},"includedScopes":[]},"sourceMap":{"end":{"column":79,"line":23,"offset":790},"start":{"column":62,"line":23,"offset":773}}}}],"id":"9b778ae8-4438-4819-af3d-224084c8b40c","instantiated":{"id":"61aecfcc-c086-4b97-8115-1b65d2ba84f0","metadata":[],"name":"Trigo","scope":{"containerScope":{"containerScope":{"containerScope":{"containerScope":{"containerScope":{"containerScope":{"containerScope":{"containerScope":{"containerScope":{"containerScope":{"containerScope":{"contributions":{},"includedScopes":[]},"contributions":{},"includedScopes":[{"contributions":{},"includedScopes":[]},{"contributions":{},"includedScopes":[]},{"contributions":{},"includedScopes":[]},{"contributions":{},"includedScopes":[]},{"contributions":{},"includedScopes":[]}]},"contributions":{},"includedScopes":[]},"contributions":{},"includedScopes":[]},"contributions":{},"includedScopes":[]},"contributions":{},"includedScopes":[{"containerScope":{"containerScope":{"containerScope":{"contributions":{},"includedScopes":[]},"contributions":{},"includedScopes":[]},"contributions":{},"includedScopes":[]},"contributions":{},"includedScopes":[{"containerScope":{"containerScope":{"containerScope":{"contributions":{},"includedScopes":[]},"contributions":{},"includedScopes":[]},"contributions":{},"includedScopes":[]},"contributions":{},"includedScopes":[]}]},{"containerScope":{"containerScope":{"containerScope":{"contributions":{},"includedScopes":[]},"contributions":{},"includedScopes":[]},"contributions":{},"includedScopes":[]},"contributions":{},"includedScopes":[]}]},"contributions":{},"includedScopes":[]},"contributions":{},"includedScopes":[]},"contributions":{},"includedScopes":[]},"contributions":{},"includedScopes":[]},"contributions":{},"includedScopes":[]},"contributions":{},"includedScopes":[]},"sourceMap":{"end":{"column":50,"line":23,"offset":761},"start":{"column":45,"line":23,"offset":756}}},"metadata":[],"scope":{"containerScope":{"containerScope":{"containerScope":{"containerScope":{"containerScope":{"containerScope":{"containerScope":{"containerScope":{"containerScope":{"containerScope":{"contributions":{},"includedScopes":[]},"contributions":{},"includedScopes":[{"contributions":{},"includedScopes":[]},{"contributions":{},"includedScopes":[]},{"contributions":{},"includedScopes":[]},{"contributions":{},"includedScopes":[]},{"contributions":{},"includedScopes":[]}]},"contributions":{},"includedScopes":[]},"contributions":{},"includedScopes":[]},"contributions":{},"includedScopes":[]},"contributions":{},"includedScopes":[{"containerScope":{"containerScope":{"containerScope":{"contributions":{},"includedScopes":[]},"contributions":{},"includedScopes":[]},"contributions":{},"includedScopes":[]},"contributions":{},"includedScopes":[{"containerScope":{"containerScope":{"containerScope":{"contributions":{},"includedScopes":[]},"contributions":{},"includedScopes":[]},"contributions":{},"includedScopes":[]},"contributions":{},"includedScopes":[]}]},{"containerScope":{"containerScope":{"containerScope":{"contributions":{},"includedScopes":[]},"contributions":{},"includedScopes":[]},"contributions":{},"includedScopes":[]},"contributions":{},"includedScopes":[]}]},"contributions":{},"includedScopes":[]},"contributions":{},"includedScopes":[]},"contributions":{},"includedScopes":[]},"contributions":{},"includedScopes":[]},"contributions":{},"includedScopes":[]},"sourceMap":{"end":{"column":80,"line":23,"offset":791},"start":{"column":41,"line":23,"offset":752}}}],"id":"d6e25529-8b62-4376-9618-1337fc60acfa","message":"sembrar","metadata":[],"receiver":{"id":"4d10e6cd-134a-4a22-86f8-1117b804adc9","metadata":[],"name":"hector","scope":{"containerScope":{"containerScope":{"containerScope":{"containerScope":{"containerScope":{"containerScope":{"containerScope":{"containerScope":{"containerScope":{"containerScope":{"contributions":{},"includedScopes":[]},"contributions":{},"includedScopes":[{"contributions":{},"includedScopes":[]},{"contributions":{},"includedScopes":[]},{"contributions":{},"includedScopes":[]},{"contributions":{},"includedScopes":[]},{"contributions":{},"includedScopes":[]}]},"contributions":{},"includedScopes":[]},"contributions":{},"includedScopes":[]},"contributions":{},"includedScopes":[]},"contributions":{},"includedScopes":[{"containerScope":{"containerScope":{"containerScope":{"contributions":{},"includedScopes":[]},"contributions":{},"includedScopes":[]},"contributions":{},"includedScopes":[]},"contributions":{},"includedScopes":[{"containerScope":{"containerScope":{"containerScope":{"contributions":{},"includedScopes":[]},"contributions":{},"includedScopes":[]},"contributions":{},"includedScopes":[]},"contributions":{},"includedScopes":[]}]},{"containerScope":{"containerScope":{"containerScope":{"contributions":{},"includedScopes":[]},"contributions":{},"includedScopes":[]},"contributions":{},"includedScopes":[]},"contributions":{},"includedScopes":[]}]},"contributions":{},"includedScopes":[]},"contributions":{},"includedScopes":[]},"contributions":{},"includedScopes":[]},"contributions":{},"includedScopes":[]},"contributions":{},"includedScopes":[]},"sourceMap":{"end":{"column":32,"line":23,"offset":743},"start":{"column":26,"line":23,"offset":737}}},"scope":{"containerScope":{"containerScope":{"containerScope":{"containerScope":{"containerScope":{"containerScope":{"containerScope":{"containerScope":{"containerScope":{"contributions":{},"includedScopes":[]},"contributions":{},"includedScopes":[{"contributions":{},"includedScopes":[]},{"contributions":{},"includedScopes":[]},{"contributions":{},"includedScopes":[]},{"contributions":{},"includedScopes":[]},{"contributions":{},"includedScopes":[]}]},"contributions":{},"includedScopes":[]},"contributions":{},"includedScopes":[]},"contributions":{},"includedScopes":[]},"contributions":{},"includedScopes":[{"containerScope":{"containerScope":{"containerScope":{"contributions":{},"includedScopes":[]},"contributions":{},"includedScopes":[]},"contributions":{},"includedScopes":[]},"contributions":{},"includedScopes":[{"containerScope":{"containerScope":{"containerScope":{"contributions":{},"includedScopes":[]},"contributions":{},"includedScopes":[]},"contributions":{},"includedScopes":[]},"contributions":{},"includedScopes":[]}]},{"containerScope":{"containerScope":{"containerScope":{"contributions":{},"includedScopes":[]},"contributions":{},"includedScopes":[]},"contributions":{},"includedScopes":[]},"contributions":{},"includedScopes":[]}]},"contributions":{},"includedScopes":[]},"contributions":{},"includedScopes":[]},"contributions":{},"includedScopes":[]},"contributions":{},"includedScopes":[]},"sourceMap":{"end":{"column":81,"line":23,"offset":792},"start":{"column":26,"line":23,"offset":737}}}}]},"id":"52273ef4-e59f-46d6-aad6-1036efc76770","isOverride":false,"metadata":[],"name":"<apply>","parameters":[],"scope":{"containerScope":{"containerScope":{"containerScope":{"containerScope":{"containerScope":{"containerScope":{"contributions":{},"includedScopes":[]},"contributions":{},"includedScopes":[{"contributions":{},"includedScopes":[]},{"contributions":{},"includedScopes":[]},{"contributions":{},"includedScopes":[]},{"contributions":{},"includedScopes":[]},{"contributions":{},"includedScopes":[]}]},"contributions":{},"includedScopes":[]},"contributions":{},"includedScopes":[]},"contributions":{},"includedScopes":[]},"contributions":{},"includedScopes":[{"containerScope":{"containerScope":{"containerScope":{"contributions":{},"includedScopes":[]},"contributions":{},"includedScopes":[]},"contributions":{},"includedScopes":[]},"contributions":{},"includedScopes":[{"containerScope":{"containerScope":{"containerScope":{"contributions":{},"includedScopes":[]},"contributions":{},"includedScopes":[]},"contributions":{},"includedScopes":[]},"contributions":{},"includedScopes":[]}]},{"containerScope":{"containerScope":{"containerScope":{"contributions":{},"includedScopes":[]},"contributions":{},"includedScopes":[]},"contributions":{},"includedScopes":[]},"contributions":{},"includedScopes":[]}]},"contributions":{},"includedScopes":[]}},{"id":"170beafd-aac0-40fa-bd00-ca2e929c7f58","isConstant":true,"isProperty":false,"metadata":[],"name":"<toString>","scope":{"containerScope":{"containerScope":{"containerScope":{"containerScope":{"containerScope":{"containerScope":{"contributions":{},"includedScopes":[]},"contributions":{},"includedScopes":[{"contributions":{},"includedScopes":[]},{"contributions":{},"includedScopes":[]},{"contributions":{},"includedScopes":[]},{"contributions":{},"includedScopes":[]},{"contributions":{},"includedScopes":[]}]},"contributions":{},"includedScopes":[]},"contributions":{},"includedScopes":[]},"contributions":{},"includedScopes":[]},"contributions":{},"includedScopes":[{"containerScope":{"containerScope":{"containerScope":{"contributions":{},"includedScopes":[]},"contributions":{},"includedScopes":[]},"contributions":{},"includedScopes":[]},"contributions":{},"includedScopes":[{"containerScope":{"containerScope":{"containerScope":{"contributions":{},"includedScopes":[]},"contributions":{},"includedScopes":[]},"contributions":{},"includedScopes":[]},"contributions":{},"includedScopes":[]}]},{"containerScope":{"containerScope":{"containerScope":{"contributions":{},"includedScopes":[]},"contributions":{},"includedScopes":[]},"contributions":{},"includedScopes":[]},"contributions":{},"includedScopes":[]}]},"contributions":{},"includedScopes":[]},"value":{"id":"433b9c72-aa3d-4ab2-8617-5de0cd5ef449","metadata":[],"scope":{"containerScope":{"containerScope":{"containerScope":{"containerScope":{"containerScope":{"containerScope":{"containerScope":{"contributions":{},"includedScopes":[]},"contributions":{},"includedScopes":[{"contributions":{},"includedScopes":[]},{"contributions":{},"includedScopes":[]},{"contributions":{},"includedScopes":[]},{"contributions":{},"includedScopes":[]},{"contributions":{},"includedScopes":[]}]},"contributions":{},"includedScopes":[]},"contributions":{},"includedScopes":[]},"contributions":{},"includedScopes":[]},"contributions":{},"includedScopes":[{"containerScope":{"containerScope":{"containerScope":{"contributions":{},"includedScopes":[]},"contributions":{},"includedScopes":[]},"contributions":{},"includedScopes":[]},"contributions":{},"includedScopes":[{"containerScope":{"containerScope":{"containerScope":{"contributions":{},"includedScopes":[]},"contributions":{},"includedScopes":[]},"contributions":{},"includedScopes":[]},"contributions":{},"includedScopes":[]}]},{"containerScope":{"containerScope":{"containerScope":{"contributions":{},"includedScopes":[]},"contributions":{},"includedScopes":[]},"contributions":{},"includedScopes":[]},"contributions":{},"includedScopes":[]}]},"contributions":{},"includedScopes":[]},"contributions":{},"includedScopes":[]},"value":"{hector.sembrar(new Trigo(position = hector.position()))}"}}],"metadata":[],"scope":{"containerScope":{"containerScope":{"containerScope":{"containerScope":{"containerScope":{"contributions":{},"includedScopes":[]},"contributions":{},"includedScopes":[{"contributions":{},"includedScopes":[]},{"contributions":{},"includedScopes":[]},{"contributions":{},"includedScopes":[]},{"contributions":{},"includedScopes":[]},{"contributions":{},"includedScopes":[]}]},"contributions":{},"includedScopes":[]},"contributions":{},"includedScopes":[]},"contributions":{},"includedScopes":[]},"contributions":{},"includedScopes":[{"containerScope":{"containerScope":{"containerScope":{"contributions":{},"includedScopes":[]},"contributions":{},"includedScopes":[]},"contributions":{},"includedScopes":[]},"contributions":{},"includedScopes":[{"containerScope":{"containerScope":{"containerScope":{"contributions":{},"includedScopes":[]},"contributions":{},"includedScopes":[]},"contributions":{},"includedScopes":[]},"contributions":{},"includedScopes":[]}]},{"containerScope":{"containerScope":{"containerScope":{"contributions":{},"includedScopes":[]},"contributions":{},"includedScopes":[]},"contributions":{},"includedScopes":[]},"contributions":{},"includedScopes":[]}]},"sourceMap":{"end":{"column":82,"line":23,"offset":793},"start":{"column":25,"line":23,"offset":736}},"supertypes":[{"args":[],"id":"af80a2fb-ee6f-4131-a3a3-10ad20e5bd57","metadata":[],"reference":{"id":"9ee18749-4f9e-4edb-a183-99a4a77b3800","metadata":[],"name":"wollok.lang.Closure","scope":{"containerScope":{"containerScope":{"containerScope":{"containerScope":{"containerScope":{"containerScope":{"contributions":{},"includedScopes":[]},"contributions":{},"includedScopes":[{"contributions":{},"includedScopes":[]},{"contributions":{},"includedScopes":[]},{"contributions":{},"includedScopes":[]},{"contributions":{},"includedScopes":[]},{"contributions":{},"includedScopes":[]}]},"contributions":{},"includedScopes":[]},"contributions":{},"includedScopes":[]},"contributions":{},"includedScopes":[]},"contributions":{},"includedScopes":[{"containerScope":{"containerScope":{"containerScope":{"contributions":{},"includedScopes":[]},"contributions":{},"includedScopes":[]},"contributions":{},"includedScopes":[]},"contributions":{},"includedScopes":[{"containerScope":{"containerScope":{"containerScope":{"contributions":{},"includedScopes":[]},"contributions":{},"includedScopes":[]},"contributions":{},"includedScopes":[]},"contributions":{},"includedScopes":[]}]},{"containerScope":{"containerScope":{"containerScope":{"contributions":{},"includedScopes":[]},"contributions":{},"includedScopes":[]},"contributions":{},"includedScopes":[]},"contributions":{},"includedScopes":[]}]},"contributions":{},"includedScopes":[]}},"scope":{"containerScope":{"containerScope":{"containerScope":{"containerScope":{"containerScope":{"containerScope":{"contributions":{},"includedScopes":[]},"contributions":{},"includedScopes":[{"contributions":{},"includedScopes":[]},{"contributions":{},"includedScopes":[]},{"contributions":{},"includedScopes":[]},{"contributions":{},"includedScopes":[]},{"contributions":{},"includedScopes":[]}]},"contributions":{},"includedScopes":[]},"contributions":{},"includedScopes":[]},"contributions":{},"includedScopes":[]},"contributions":{},"includedScopes":[{"containerScope":{"containerScope":{"containerScope":{"contributions":{},"includedScopes":[]},"contributions":{},"includedScopes":[]},"contributions":{},"includedScopes":[]},"contributions":{},"includedScopes":[{"containerScope":{"containerScope":{"containerScope":{"contributions":{},"includedScopes":[]},"contributions":{},"includedScopes":[]},"contributions":{},"includedScopes":[]},"contributions":{},"includedScopes":[]}]},{"containerScope":{"containerScope":{"containerScope":{"contributions":{},"includedScopes":[]},"contributions":{},"includedScopes":[]},"contributions":{},"includedScopes":[]},"contributions":{},"includedScopes":[]}]},"contributions":{},"includedScopes":[]}}]}],"id":"9583c805-66eb-4878-b7b2-75859121033f","message":"onPressDo","metadata":[],"receiver":{"args":[],"id":"03d4b523-df96-4ea3-a3bb-e5a00e6bcb1d","message":"t","metadata":[],"receiver":{"id":"4c607ef4-d709-4c41-a292-2d549beac871","metadata":[],"name":"keyboard","scope":{"containerScope":{"containerScope":{"containerScope":{"containerScope":{"containerScope":{"containerScope":{"contributions":{},"includedScopes":[]},"contributions":{},"includedScopes":[{"contributions":{},"includedScopes":[]},{"contributions":{},"includedScopes":[]},{"contributions":{},"includedScopes":[]},{"contributions":{},"includedScopes":[]},{"contributions":{},"includedScopes":[]}]},"contributions":{},"includedScopes":[]},"contributions":{},"includedScopes":[]},"contributions":{},"includedScopes":[]},"contributions":{},"includedScopes":[]},"contributions":{},"includedScopes":[]},"sourceMap":{"end":{"column":10,"line":23,"offset":721},"start":{"column":2,"line":23,"offset":713}}},"scope":{"containerScope":{"containerScope":{"containerScope":{"containerScope":{"containerScope":{"contributions":{},"includedScopes":[]},"contributions":{},"includedScopes":[{"contributions":{},"includedScopes":[]},{"contributions":{},"includedScopes":[]},{"contributions":{},"includedScopes":[]},{"contributions":{},"includedScopes":[]},{"contributions":{},"includedScopes":[]}]},"contributions":{},"includedScopes":[]},"contributions":{},"includedScopes":[]},"contributions":{},"includedScopes":[]},"contributions":{},"includedScopes":[]},"sourceMap":{"end":{"column":14,"line":23,"offset":725},"start":{"column":2,"line":23,"offset":713}}},"scope":{"containerScope":{"containerScope":{"containerScope":{"containerScope":{"contributions":{},"includedScopes":[]},"contributions":{},"includedScopes":[{"contributions":{},"includedScopes":[]},{"contributions":{},"includedScopes":[]},{"contributions":{},"includedScopes":[]},{"contributions":{},"includedScopes":[]},{"contributions":{},"includedScopes":[]}]},"contributions":{},"includedScopes":[]},"contributions":{},"includedScopes":[]},"contributions":{},"includedScopes":[]},"sourceMap":{"end":{"column":83,"line":23,"offset":794},"start":{"column":2,"line":23,"offset":713}}},{"args":[{"id":"b8b66a98-e597-4198-8a68-3ac6d23aec16","members":[{"body":{"id":"1ec51db7-8422-4906-bf7b-29c8f7824760","metadata":[],"scope":{"containerScope":{"containerScope":{"containerScope":{"containerScope":{"containerScope":{"containerScope":{"containerScope":{"contributions":{},"includedScopes":[]},"contributions":{},"includedScopes":[{"contributions":{},"includedScopes":[]},{"contributions":{},"includedScopes":[]},{"contributions":{},"includedScopes":[]},{"contributions":{},"includedScopes":[]},{"contributions":{},"includedScopes":[]}]},"contributions":{},"includedScopes":[]},"contributions":{},"includedScopes":[]},"contributions":{},"includedScopes":[]},"contributions":{},"includedScopes":[{"containerScope":{"containerScope":{"containerScope":{"contributions":{},"includedScopes":[]},"contributions":{},"includedScopes":[]},"contributions":{},"includedScopes":[]},"contributions":{},"includedScopes":[{"containerScope":{"containerScope":{"containerScope":{"contributions":{},"includedScopes":[]},"contributions":{},"includedScopes":[]},"contributions":{},"includedScopes":[]},"contributions":{},"includedScopes":[]}]},{"containerScope":{"containerScope":{"containerScope":{"contributions":{},"includedScopes":[]},"contributions":{},"includedScopes":[]},"contributions":{},"includedScopes":[]},"contributions":{},"includedScopes":[]}]},"contributions":{},"includedScopes":[]},"contributions":{},"includedScopes":[]},"sentences":[{"id":"c31bcdd2-39b7-46f6-ab94-4fa6bea74993","metadata":[],"scope":{"containerScope":{"containerScope":{"containerScope":{"containerScope":{"containerScope":{"containerScope":{"containerScope":{"containerScope":{"contributions":{},"includedScopes":[]},"contributions":{},"includedScopes":[{"contributions":{},"includedScopes":[]},{"contributions":{},"includedScopes":[]},{"contributions":{},"includedScopes":[]},{"contributions":{},"includedScopes":[]},{"contributions":{},"includedScopes":[]}]},"contributions":{},"includedScopes":[]},"contributions":{},"includedScopes":[]},"contributions":{},"includedScopes":[]},"contributions":{},"includedScopes":[{"containerScope":{"containerScope":{"containerScope":{"contributions":{},"includedScopes":[]},"contributions":{},"includedScopes":[]},"contributions":{},"includedScopes":[]},"contributions":{},"includedScopes":[{"containerScope":{"containerScope":{"containerScope":{"contributions":{},"includedScopes":[]},"contributions":{},"includedScopes":[]},"contributions":{},"includedScopes":[]},"contributions":{},"includedScopes":[]}]},{"containerScope":{"containerScope":{"containerScope":{"contributions":{},"includedScopes":[]},"contributions":{},"includedScopes":[]},"contributions":{},"includedScopes":[]},"contributions":{},"includedScopes":[]}]},"contributions":{},"includedScopes":[]},"contributions":{},"includedScopes":[]},"contributions":{},"includedScopes":[]},"value":{"args":[{"args":[{"id":"5e31418f-47dd-4893-8182-ac092ae62dea","metadata":[],"name":"position","scope":{"containerScope":{"containerScope":{"containerScope":{"containerScope":{"containerScope":{"containerScope":{"containerScope":{"containerScope":{"containerScope":{"containerScope":{"containerScope":{"contributions":{},"includedScopes":[]},"contributions":{},"includedScopes":[{"contributions":{},"includedScopes":[]},{"contributions":{},"includedScopes":[]},{"contributions":{},"includedScopes":[]},{"contributions":{},"includedScopes":[]},{"contributions":{},"includedScopes":[]}]},"contributions":{},"includedScopes":[]},"contributions":{},"includedScopes":[]},"contributions":{},"includedScopes":[]},"contributions":{},"includedScopes":[{"containerScope":{"containerScope":{"containerScope":{"contributions":{},"includedScopes":[]},"contributions":{},"includedScopes":[]},"contributions":{},"includedScopes":[]},"contributions":{},"includedScopes":[{"containerScope":{"containerScope":{"containerScope":{"contributions":{},"includedScopes":[]},"contributions":{},"includedScopes":[]},"contributions":{},"includedScopes":[]},"contributions":{},"includedScopes":[]}]},{"containerScope":{"containerScope":{"containerScope":{"contributions":{},"includedScopes":[]},"contributions":{},"includedScopes":[]},"contributions":{},"includedScopes":[]},"contributions":{},"includedScopes":[]}]},"contributions":{},"includedScopes":[]},"contributions":{},"includedScopes":[]},"contributions":{},"includedScopes":[]},"contributions":{},"includedScopes":[]},"contributions":{},"includedScopes":[]},"contributions":{},"includedScopes":[]},"sourceMap":{"end":{"column":80,"line":24,"offset":874},"start":{"column":52,"line":24,"offset":846}},"value":{"args":[],"id":"5a769355-0a07-4ea7-ba5f-1799d8932510","message":"position","metadata":[],"receiver":{"id":"ee5f6049-941a-4df2-b881-ee84ea91bdb2","metadata":[],"name":"hector","scope":{"containerScope":{"containerScope":{"containerScope":{"containerScope":{"containerScope":{"containerScope":{"containerScope":{"containerScope":{"containerScope":{"containerScope":{"containerScope":{"containerScope":{"containerScope":{"contributions":{},"includedScopes":[]},"contributions":{},"includedScopes":[{"contributions":{},"includedScopes":[]},{"contributions":{},"includedScopes":[]},{"contributions":{},"includedScopes":[]},{"contributions":{},"includedScopes":[]},{"contributions":{},"includedScopes":[]}]},"contributions":{},"includedScopes":[]},"contributions":{},"includedScopes":[]},"contributions":{},"includedScopes":[]},"contributions":{},"includedScopes":[{"containerScope":{"containerScope":{"containerScope":{"contributions":{},"includedScopes":[]},"contributions":{},"includedScopes":[]},"contributions":{},"includedScopes":[]},"contributions":{},"includedScopes":[{"containerScope":{"containerScope":{"containerScope":{"contributions":{},"includedScopes":[]},"contributions":{},"includedScopes":[]},"contributions":{},"includedScopes":[]},"contributions":{},"includedScopes":[]}]},{"containerScope":{"containerScope":{"containerScope":{"contributions":{},"includedScopes":[]},"contributions":{},"includedScopes":[]},"contributions":{},"includedScopes":[]},"contributions":{},"includedScopes":[]}]},"contributions":{},"includedScopes":[]},"contributions":{},"includedScopes":[]},"contributions":{},"includedScopes":[]},"contributions":{},"includedScopes":[]},"contributions":{},"includedScopes":[]},"contributions":{},"includedScopes":[]},"contributions":{},"includedScopes":[]},"contributions":{},"includedScopes":[]},"sourceMap":{"end":{"column":69,"line":24,"offset":863},"start":{"column":63,"line":24,"offset":857}}},"scope":{"containerScope":{"containerScope":{"containerScope":{"containerScope":{"containerScope":{"containerScope":{"containerScope":{"containerScope":{"containerScope":{"containerScope":{"containerScope":{"containerScope":{"contributions":{},"includedScopes":[]},"contributions":{},"includedScopes":[{"contributions":{},"includedScopes":[]},{"contributions":{},"includedScopes":[]},{"contributions":{},"includedScopes":[]},{"contributions":{},"includedScopes":[]},{"contributions":{},"includedScopes":[]}]},"contributions":{},"includedScopes":[]},"contributions":{},"includedScopes":[]},"contributions":{},"includedScopes":[]},"contributions":{},"includedScopes":[{"containerScope":{"containerScope":{"containerScope":{"contributions":{},"includedScopes":[]},"contributions":{},"includedScopes":[]},"contributions":{},"includedScopes":[]},"contributions":{},"includedScopes":[{"containerScope":{"containerScope":{"containerScope":{"contributions":{},"includedScopes":[]},"contributions":{},"includedScopes":[]},"contributions":{},"includedScopes":[]},"contributions":{},"includedScopes":[]}]},{"containerScope":{"containerScope":{"containerScope":{"contributions":{},"includedScopes":[]},"contributions":{},"includedScopes":[]},"contributions":{},"includedScopes":[]},"contributions":{},"includedScopes":[]}]},"contributions":{},"includedScopes":[]},"contributions":{},"includedScopes":[]},"contributions":{},"includedScopes":[]},"contributions":{},"includedScopes":[]},"contributions":{},"includedScopes":[]},"contributions":{},"includedScopes":[]},"contributions":{},"includedScopes":[]},"sourceMap":{"end":{"column":80,"line":24,"offset":874},"start":{"column":63,"line":24,"offset":857}}}}],"id":"138cd3e7-e9b6-4ad5-8fc3-7eabbcea7aed","instantiated":{"id":"cd9ed585-3ed1-4013-a767-383e445d43ec","metadata":[],"name":"Tomaco","scope":{"containerScope":{"containerScope":{"containerScope":{"containerScope":{"containerScope":{"containerScope":{"containerScope":{"containerScope":{"containerScope":{"containerScope":{"containerScope":{"contributions":{},"includedScopes":[]},"contributions":{},"includedScopes":[{"contributions":{},"includedScopes":[]},{"contributions":{},"includedScopes":[]},{"contributions":{},"includedScopes":[]},{"contributions":{},"includedScopes":[]},{"contributions":{},"includedScopes":[]}]},"contributions":{},"includedScopes":[]},"contributions":{},"includedScopes":[]},"contributions":{},"includedScopes":[]},"contributions":{},"includedScopes":[{"containerScope":{"containerScope":{"containerScope":{"contributions":{},"includedScopes":[]},"contributions":{},"includedScopes":[]},"contributions":{},"includedScopes":[]},"contributions":{},"includedScopes":[{"containerScope":{"containerScope":{"containerScope":{"contributions":{},"includedScopes":[]},"contributions":{},"includedScopes":[]},"contributions":{},"includedScopes":[]},"contributions":{},"includedScopes":[]}]},{"containerScope":{"containerScope":{"containerScope":{"contributions":{},"includedScopes":[]},"contributions":{},"includedScopes":[]},"contributions":{},"includedScopes":[]},"contributions":{},"includedScopes":[]}]},"contributions":{},"includedScopes":[]},"contributions":{},"includedScopes":[]},"contributions":{},"includedScopes":[]},"contributions":{},"includedScopes":[]},"contributions":{},"includedScopes":[]},"contributions":{},"includedScopes":[]},"sourceMap":{"end":{"column":51,"line":24,"offset":845},"start":{"column":45,"line":24,"offset":839}}},"metadata":[],"scope":{"containerScope":{"containerScope":{"containerScope":{"containerScope":{"containerScope":{"containerScope":{"containerScope":{"containerScope":{"containerScope":{"containerScope":{"contributions":{},"includedScopes":[]},"contributions":{},"includedScopes":[{"contributions":{},"includedScopes":[]},{"contributions":{},"includedScopes":[]},{"contributions":{},"includedScopes":[]},{"contributions":{},"includedScopes":[]},{"contributions":{},"includedScopes":[]}]},"contributions":{},"includedScopes":[]},"contributions":{},"includedScopes":[]},"contributions":{},"includedScopes":[]},"contributions":{},"includedScopes":[{"containerScope":{"containerScope":{"containerScope":{"contributions":{},"includedScopes":[]},"contributions":{},"includedScopes":[]},"contributions":{},"includedScopes":[]},"contributions":{},"includedScopes":[{"containerScope":{"containerScope":{"containerScope":{"contributions":{},"includedScopes":[]},"contributions":{},"includedScopes":[]},"contributions":{},"includedScopes":[]},"contributions":{},"includedScopes":[]}]},{"containerScope":{"containerScope":{"containerScope":{"contributions":{},"includedScopes":[]},"contributions":{},"includedScopes":[]},"contributions":{},"includedScopes":[]},"contributions":{},"includedScopes":[]}]},"contributions":{},"includedScopes":[]},"contributions":{},"includedScopes":[]},"contributions":{},"includedScopes":[]},"contributions":{},"includedScopes":[]},"contributions":{},"includedScopes":[]},"sourceMap":{"end":{"column":81,"line":24,"offset":875},"start":{"column":41,"line":24,"offset":835}}}],"id":"46623a5b-5093-4bc9-9e65-3629a52b8fae","message":"sembrar","metadata":[],"receiver":{"id":"7926665b-df69-4f09-bc14-9c07ed2bc21c","metadata":[],"name":"hector","scope":{"containerScope":{"containerScope":{"containerScope":{"containerScope":{"containerScope":{"containerScope":{"containerScope":{"containerScope":{"containerScope":{"containerScope":{"contributions":{},"includedScopes":[]},"contributions":{},"includedScopes":[{"contributions":{},"includedScopes":[]},{"contributions":{},"includedScopes":[]},{"contributions":{},"includedScopes":[]},{"contributions":{},"includedScopes":[]},{"contributions":{},"includedScopes":[]}]},"contributions":{},"includedScopes":[]},"contributions":{},"includedScopes":[]},"contributions":{},"includedScopes":[]},"contributions":{},"includedScopes":[{"containerScope":{"containerScope":{"containerScope":{"contributions":{},"includedScopes":[]},"contributions":{},"includedScopes":[]},"contributions":{},"includedScopes":[]},"contributions":{},"includedScopes":[{"containerScope":{"containerScope":{"containerScope":{"contributions":{},"includedScopes":[]},"contributions":{},"includedScopes":[]},"contributions":{},"includedScopes":[]},"contributions":{},"includedScopes":[]}]},{"containerScope":{"containerScope":{"containerScope":{"contributions":{},"includedScopes":[]},"contributions":{},"includedScopes":[]},"contributions":{},"includedScopes":[]},"contributions":{},"includedScopes":[]}]},"contributions":{},"includedScopes":[]},"contributions":{},"includedScopes":[]},"contributions":{},"includedScopes":[]},"contributions":{},"includedScopes":[]},"contributions":{},"includedScopes":[]},"sourceMap":{"end":{"column":32,"line":24,"offset":826},"start":{"column":26,"line":24,"offset":820}}},"scope":{"containerScope":{"containerScope":{"containerScope":{"containerScope":{"containerScope":{"containerScope":{"containerScope":{"containerScope":{"containerScope":{"contributions":{},"includedScopes":[]},"contributions":{},"includedScopes":[{"contributions":{},"includedScopes":[]},{"contributions":{},"includedScopes":[]},{"contributions":{},"includedScopes":[]},{"contributions":{},"includedScopes":[]},{"contributions":{},"includedScopes":[]}]},"contributions":{},"includedScopes":[]},"contributions":{},"includedScopes":[]},"contributions":{},"includedScopes":[]},"contributions":{},"includedScopes":[{"containerScope":{"containerScope":{"containerScope":{"contributions":{},"includedScopes":[]},"contributions":{},"includedScopes":[]},"contributions":{},"includedScopes":[]},"contributions":{},"includedScopes":[{"containerScope":{"containerScope":{"containerScope":{"contributions":{},"includedScopes":[]},"contributions":{},"includedScopes":[]},"contributions":{},"includedScopes":[]},"contributions":{},"includedScopes":[]}]},{"containerScope":{"containerScope":{"containerScope":{"contributions":{},"includedScopes":[]},"contributions":{},"includedScopes":[]},"contributions":{},"includedScopes":[]},"contributions":{},"includedScopes":[]}]},"contributions":{},"includedScopes":[]},"contributions":{},"includedScopes":[]},"contributions":{},"includedScopes":[]},"contributions":{},"includedScopes":[]},"sourceMap":{"end":{"column":82,"line":24,"offset":876},"start":{"column":26,"line":24,"offset":820}}}}]},"id":"ba2d50d3-0541-4925-890b-9781a173a35e","isOverride":false,"metadata":[],"name":"<apply>","parameters":[],"scope":{"containerScope":{"containerScope":{"containerScope":{"containerScope":{"containerScope":{"containerScope":{"contributions":{},"includedScopes":[]},"contributions":{},"includedScopes":[{"contributions":{},"includedScopes":[]},{"contributions":{},"includedScopes":[]},{"contributions":{},"includedScopes":[]},{"contributions":{},"includedScopes":[]},{"contributions":{},"includedScopes":[]}]},"contributions":{},"includedScopes":[]},"contributions":{},"includedScopes":[]},"contributions":{},"includedScopes":[]},"contributions":{},"includedScopes":[{"containerScope":{"containerScope":{"containerScope":{"contributions":{},"includedScopes":[]},"contributions":{},"includedScopes":[]},"contributions":{},"includedScopes":[]},"contributions":{},"includedScopes":[{"containerScope":{"containerScope":{"containerScope":{"contributions":{},"includedScopes":[]},"contributions":{},"includedScopes":[]},"contributions":{},"includedScopes":[]},"contributions":{},"includedScopes":[]}]},{"containerScope":{"containerScope":{"containerScope":{"contributions":{},"includedScopes":[]},"contributions":{},"includedScopes":[]},"contributions":{},"includedScopes":[]},"contributions":{},"includedScopes":[]}]},"contributions":{},"includedScopes":[]}},{"id":"c7aa1a05-8081-4878-b3a4-708097a106fc","isConstant":true,"isProperty":false,"metadata":[],"name":"<toString>","scope":{"containerScope":{"containerScope":{"containerScope":{"containerScope":{"containerScope":{"containerScope":{"contributions":{},"includedScopes":[]},"contributions":{},"includedScopes":[{"contributions":{},"includedScopes":[]},{"contributions":{},"includedScopes":[]},{"contributions":{},"includedScopes":[]},{"contributions":{},"includedScopes":[]},{"contributions":{},"includedScopes":[]}]},"contributions":{},"includedScopes":[]},"contributions":{},"includedScopes":[]},"contributions":{},"includedScopes":[]},"contributions":{},"includedScopes":[{"containerScope":{"containerScope":{"containerScope":{"contributions":{},"includedScopes":[]},"contributions":{},"includedScopes":[]},"contributions":{},"includedScopes":[]},"contributions":{},"includedScopes":[{"containerScope":{"containerScope":{"containerScope":{"contributions":{},"includedScopes":[]},"contributions":{},"includedScopes":[]},"contributions":{},"includedScopes":[]},"contributions":{},"includedScopes":[]}]},{"containerScope":{"containerScope":{"containerScope":{"contributions":{},"includedScopes":[]},"contributions":{},"includedScopes":[]},"contributions":{},"includedScopes":[]},"contributions":{},"includedScopes":[]}]},"contributions":{},"includedScopes":[]},"value":{"id":"85183c9d-906b-47d9-8a81-d0272e881590","metadata":[],"scope":{"containerScope":{"containerScope":{"containerScope":{"containerScope":{"containerScope":{"containerScope":{"containerScope":{"contributions":{},"includedScopes":[]},"contributions":{},"includedScopes":[{"contributions":{},"includedScopes":[]},{"contributions":{},"includedScopes":[]},{"contributions":{},"includedScopes":[]},{"contributions":{},"includedScopes":[]},{"contributions":{},"includedScopes":[]}]},"contributions":{},"includedScopes":[]},"contributions":{},"includedScopes":[]},"contributions":{},"includedScopes":[]},"contributions":{},"includedScopes":[{"containerScope":{"containerScope":{"containerScope":{"contributions":{},"includedScopes":[]},"contributions":{},"includedScopes":[]},"contributions":{},"includedScopes":[]},"contributions":{},"includedScopes":[{"containerScope":{"containerScope":{"containerScope":{"contributions":{},"includedScopes":[]},"contributions":{},"includedScopes":[]},"contributions":{},"includedScopes":[]},"contributions":{},"includedScopes":[]}]},{"containerScope":{"containerScope":{"containerScope":{"contributions":{},"includedScopes":[]},"contributions":{},"includedScopes":[]},"contributions":{},"includedScopes":[]},"contributions":{},"includedScopes":[]}]},"contributions":{},"includedScopes":[]},"contributions":{},"includedScopes":[]},"value":"{hector.sembrar(new Tomaco(position = hector.position()))}"}}],"metadata":[],"scope":{"containerScope":{"containerScope":{"containerScope":{"containerScope":{"containerScope":{"contributions":{},"includedScopes":[]},"contributions":{},"includedScopes":[{"contributions":{},"includedScopes":[]},{"contributions":{},"includedScopes":[]},{"contributions":{},"includedScopes":[]},{"contributions":{},"includedScopes":[]},{"contributions":{},"includedScopes":[]}]},"contributions":{},"includedScopes":[]},"contributions":{},"includedScopes":[]},"contributions":{},"includedScopes":[]},"contributions":{},"includedScopes":[{"containerScope":{"containerScope":{"containerScope":{"contributions":{},"includedScopes":[]},"contributions":{},"includedScopes":[]},"contributions":{},"includedScopes":[]},"contributions":{},"includedScopes":[{"containerScope":{"containerScope":{"containerScope":{"contributions":{},"includedScopes":[]},"contributions":{},"includedScopes":[]},"contributions":{},"includedScopes":[]},"contributions":{},"includedScopes":[]}]},{"containerScope":{"containerScope":{"containerScope":{"contributions":{},"includedScopes":[]},"contributions":{},"includedScopes":[]},"contributions":{},"includedScopes":[]},"contributions":{},"includedScopes":[]}]},"sourceMap":{"end":{"column":83,"line":24,"offset":877},"start":{"column":25,"line":24,"offset":819}},"supertypes":[{"args":[],"id":"61ef4614-c64a-4a51-87da-7fa4b5eeedae","metadata":[],"reference":{"id":"4fb1dc71-e264-4506-b46b-65edbe61bfd5","metadata":[],"name":"wollok.lang.Closure","scope":{"containerScope":{"containerScope":{"containerScope":{"containerScope":{"containerScope":{"containerScope":{"contributions":{},"includedScopes":[]},"contributions":{},"includedScopes":[{"contributions":{},"includedScopes":[]},{"contributions":{},"includedScopes":[]},{"contributions":{},"includedScopes":[]},{"contributions":{},"includedScopes":[]},{"contributions":{},"includedScopes":[]}]},"contributions":{},"includedScopes":[]},"contributions":{},"includedScopes":[]},"contributions":{},"includedScopes":[]},"contributions":{},"includedScopes":[{"containerScope":{"containerScope":{"containerScope":{"contributions":{},"includedScopes":[]},"contributions":{},"includedScopes":[]},"contributions":{},"includedScopes":[]},"contributions":{},"includedScopes":[{"containerScope":{"containerScope":{"containerScope":{"contributions":{},"includedScopes":[]},"contributions":{},"includedScopes":[]},"contributions":{},"includedScopes":[]},"contributions":{},"includedScopes":[]}]},{"containerScope":{"containerScope":{"containerScope":{"contributions":{},"includedScopes":[]},"contributions":{},"includedScopes":[]},"contributions":{},"includedScopes":[]},"contributions":{},"includedScopes":[]}]},"contributions":{},"includedScopes":[]}},"scope":{"containerScope":{"containerScope":{"containerScope":{"containerScope":{"containerScope":{"containerScope":{"contributions":{},"includedScopes":[]},"contributions":{},"includedScopes":[{"contributions":{},"includedScopes":[]},{"contributions":{},"includedScopes":[]},{"contributions":{},"includedScopes":[]},{"contributions":{},"includedScopes":[]},{"contributions":{},"includedScopes":[]}]},"contributions":{},"includedScopes":[]},"contributions":{},"includedScopes":[]},"contributions":{},"includedScopes":[]},"contributions":{},"includedScopes":[{"containerScope":{"containerScope":{"containerScope":{"contributions":{},"includedScopes":[]},"contributions":{},"includedScopes":[]},"contributions":{},"includedScopes":[]},"contributions":{},"includedScopes":[{"containerScope":{"containerScope":{"containerScope":{"contributions":{},"includedScopes":[]},"contributions":{},"includedScopes":[]},"contributions":{},"includedScopes":[]},"contributions":{},"includedScopes":[]}]},{"containerScope":{"containerScope":{"containerScope":{"contributions":{},"includedScopes":[]},"contributions":{},"includedScopes":[]},"contributions":{},"includedScopes":[]},"contributions":{},"includedScopes":[]}]},"contributions":{},"includedScopes":[]}}]}],"id":"6769c1c5-bd3a-4ce4-9d26-be56604c3ae1","message":"onPressDo","metadata":[],"receiver":{"args":[],"id":"01658b67-f513-4b7d-8902-0fd064eab538","message":"o","metadata":[],"receiver":{"id":"a60b1367-876f-44ef-8578-3bceded9a865","metadata":[],"name":"keyboard","scope":{"containerScope":{"containerScope":{"containerScope":{"containerScope":{"containerScope":{"containerScope":{"contributions":{},"includedScopes":[]},"contributions":{},"includedScopes":[{"contributions":{},"includedScopes":[]},{"contributions":{},"includedScopes":[]},{"contributions":{},"includedScopes":[]},{"contributions":{},"includedScopes":[]},{"contributions":{},"includedScopes":[]}]},"contributions":{},"includedScopes":[]},"contributions":{},"includedScopes":[]},"contributions":{},"includedScopes":[]},"contributions":{},"includedScopes":[]},"contributions":{},"includedScopes":[]},"sourceMap":{"end":{"column":10,"line":24,"offset":804},"start":{"column":2,"line":24,"offset":796}}},"scope":{"containerScope":{"containerScope":{"containerScope":{"containerScope":{"containerScope":{"contributions":{},"includedScopes":[]},"contributions":{},"includedScopes":[{"contributions":{},"includedScopes":[]},{"contributions":{},"includedScopes":[]},{"contributions":{},"includedScopes":[]},{"contributions":{},"includedScopes":[]},{"contributions":{},"includedScopes":[]}]},"contributions":{},"includedScopes":[]},"contributions":{},"includedScopes":[]},"contributions":{},"includedScopes":[]},"contributions":{},"includedScopes":[]},"sourceMap":{"end":{"column":14,"line":24,"offset":808},"start":{"column":2,"line":24,"offset":796}}},"scope":{"containerScope":{"containerScope":{"containerScope":{"containerScope":{"contributions":{},"includedScopes":[]},"contributions":{},"includedScopes":[{"contributions":{},"includedScopes":[]},{"contributions":{},"includedScopes":[]},{"contributions":{},"includedScopes":[]},{"contributions":{},"includedScopes":[]},{"contributions":{},"includedScopes":[]}]},"contributions":{},"includedScopes":[]},"contributions":{},"includedScopes":[]},"contributions":{},"includedScopes":[]},"sourceMap":{"end":{"column":84,"line":24,"offset":878},"start":{"column":2,"line":24,"offset":796}}},{"args":[{"id":"67063561-c70b-4c6b-b9be-62ac69cf62fd","members":[{"body":{"id":"39ff6f5e-0b0c-42d1-a037-b30d3b3f9582","metadata":[],"scope":{"containerScope":{"containerScope":{"containerScope":{"containerScope":{"containerScope":{"containerScope":{"containerScope":{"contributions":{},"includedScopes":[]},"contributions":{},"includedScopes":[{"contributions":{},"includedScopes":[]},{"contributions":{},"includedScopes":[]},{"contributions":{},"includedScopes":[]},{"contributions":{},"includedScopes":[]},{"contributions":{},"includedScopes":[]}]},"contributions":{},"includedScopes":[]},"contributions":{},"includedScopes":[]},"contributions":{},"includedScopes":[]},"contributions":{},"includedScopes":[{"containerScope":{"containerScope":{"containerScope":{"contributions":{},"includedScopes":[]},"contributions":{},"includedScopes":[]},"contributions":{},"includedScopes":[]},"contributions":{},"includedScopes":[{"containerScope":{"containerScope":{"containerScope":{"contributions":{},"includedScopes":[]},"contributions":{},"includedScopes":[]},"contributions":{},"includedScopes":[]},"contributions":{},"includedScopes":[]}]},{"containerScope":{"containerScope":{"containerScope":{"contributions":{},"includedScopes":[]},"contributions":{},"includedScopes":[]},"contributions":{},"includedScopes":[]},"contributions":{},"includedScopes":[]}]},"contributions":{},"includedScopes":[]},"contributions":{},"includedScopes":[]},"sentences":[{"id":"5783cabb-2d25-4679-a252-19ab23510124","metadata":[],"scope":{"containerScope":{"containerScope":{"containerScope":{"containerScope":{"containerScope":{"containerScope":{"containerScope":{"containerScope":{"contributions":{},"includedScopes":[]},"contributions":{},"includedScopes":[{"contributions":{},"includedScopes":[]},{"contributions":{},"includedScopes":[]},{"contributions":{},"includedScopes":[]},{"contributions":{},"includedScopes":[]},{"contributions":{},"includedScopes":[]}]},"contributions":{},"includedScopes":[]},"contributions":{},"includedScopes":[]},"contributions":{},"includedScopes":[]},"contributions":{},"includedScopes":[{"containerScope":{"containerScope":{"containerScope":{"contributions":{},"includedScopes":[]},"contributions":{},"includedScopes":[]},"contributions":{},"includedScopes":[]},"contributions":{},"includedScopes":[{"containerScope":{"containerScope":{"containerScope":{"contributions":{},"includedScopes":[]},"contributions":{},"includedScopes":[]},"contributions":{},"includedScopes":[]},"contributions":{},"includedScopes":[]}]},{"containerScope":{"containerScope":{"containerScope":{"contributions":{},"includedScopes":[]},"contributions":{},"includedScopes":[]},"contributions":{},"includedScopes":[]},"contributions":{},"includedScopes":[]}]},"contributions":{},"includedScopes":[]},"contributions":{},"includedScopes":[]},"contributions":{},"includedScopes":[]},"value":{"args":[],"id":"52b25e31-ba58-4cca-a2f4-21a68aafa7a1","message":"regar","metadata":[],"receiver":{"id":"d5284174-9ad8-44d5-ac1b-fd6805704c69","metadata":[],"name":"hector","scope":{"containerScope":{"containerScope":{"containerScope":{"containerScope":{"containerScope":{"containerScope":{"containerScope":{"containerScope":{"containerScope":{"containerScope":{"contributions":{},"includedScopes":[]},"contributions":{},"includedScopes":[{"contributions":{},"includedScopes":[]},{"contributions":{},"includedScopes":[]},{"contributions":{},"includedScopes":[]},{"contributions":{},"includedScopes":[]},{"contributions":{},"includedScopes":[]}]},"contributions":{},"includedScopes":[]},"contributions":{},"includedScopes":[]},"contributions":{},"includedScopes":[]},"contributions":{},"includedScopes":[{"containerScope":{"containerScope":{"containerScope":{"contributions":{},"includedScopes":[]},"contributions":{},"includedScopes":[]},"contributions":{},"includedScopes":[]},"contributions":{},"includedScopes":[{"containerScope":{"containerScope":{"containerScope":{"contributions":{},"includedScopes":[]},"contributions":{},"includedScopes":[]},"contributions":{},"includedScopes":[]},"contributions":{},"includedScopes":[]}]},{"containerScope":{"containerScope":{"containerScope":{"contributions":{},"includedScopes":[]},"contributions":{},"includedScopes":[]},"contributions":{},"includedScopes":[]},"contributions":{},"includedScopes":[]}]},"contributions":{},"includedScopes":[]},"contributions":{},"includedScopes":[]},"contributions":{},"includedScopes":[]},"contributions":{},"includedScopes":[]},"contributions":{},"includedScopes":[]},"sourceMap":{"end":{"column":32,"line":25,"offset":910},"start":{"column":26,"line":25,"offset":904}}},"scope":{"containerScope":{"containerScope":{"containerScope":{"containerScope":{"containerScope":{"containerScope":{"containerScope":{"containerScope":{"containerScope":{"contributions":{},"includedScopes":[]},"contributions":{},"includedScopes":[{"contributions":{},"includedScopes":[]},{"contributions":{},"includedScopes":[]},{"contributions":{},"includedScopes":[]},{"contributions":{},"includedScopes":[]},{"contributions":{},"includedScopes":[]}]},"contributions":{},"includedScopes":[]},"contributions":{},"includedScopes":[]},"contributions":{},"includedScopes":[]},"contributions":{},"includedScopes":[{"containerScope":{"containerScope":{"containerScope":{"contributions":{},"includedScopes":[]},"contributions":{},"includedScopes":[]},"contributions":{},"includedScopes":[]},"contributions":{},"includedScopes":[{"containerScope":{"containerScope":{"containerScope":{"contributions":{},"includedScopes":[]},"contributions":{},"includedScopes":[]},"contributions":{},"includedScopes":[]},"contributions":{},"includedScopes":[]}]},{"containerScope":{"containerScope":{"containerScope":{"contributions":{},"includedScopes":[]},"contributions":{},"includedScopes":[]},"contributions":{},"includedScopes":[]},"contributions":{},"includedScopes":[]}]},"contributions":{},"includedScopes":[]},"contributions":{},"includedScopes":[]},"contributions":{},"includedScopes":[]},"contributions":{},"includedScopes":[]},"sourceMap":{"end":{"column":40,"line":25,"offset":918},"start":{"column":26,"line":25,"offset":904}}}}]},"id":"2e7026f5-b3df-419c-b959-34c4d08ee7bf","isOverride":false,"metadata":[],"name":"<apply>","parameters":[],"scope":{"containerScope":{"containerScope":{"containerScope":{"containerScope":{"containerScope":{"containerScope":{"contributions":{},"includedScopes":[]},"contributions":{},"includedScopes":[{"contributions":{},"includedScopes":[]},{"contributions":{},"includedScopes":[]},{"contributions":{},"includedScopes":[]},{"contributions":{},"includedScopes":[]},{"contributions":{},"includedScopes":[]}]},"contributions":{},"includedScopes":[]},"contributions":{},"includedScopes":[]},"contributions":{},"includedScopes":[]},"contributions":{},"includedScopes":[{"containerScope":{"containerScope":{"containerScope":{"contributions":{},"includedScopes":[]},"contributions":{},"includedScopes":[]},"contributions":{},"includedScopes":[]},"contributions":{},"includedScopes":[{"containerScope":{"containerScope":{"containerScope":{"contributions":{},"includedScopes":[]},"contributions":{},"includedScopes":[]},"contributions":{},"includedScopes":[]},"contributions":{},"includedScopes":[]}]},{"containerScope":{"containerScope":{"containerScope":{"contributions":{},"includedScopes":[]},"contributions":{},"includedScopes":[]},"contributions":{},"includedScopes":[]},"contributions":{},"includedScopes":[]}]},"contributions":{},"includedScopes":[]}},{"id":"e258ce88-1410-49f0-ba46-8eab59986a92","isConstant":true,"isProperty":false,"metadata":[],"name":"<toString>","scope":{"containerScope":{"containerScope":{"containerScope":{"containerScope":{"containerScope":{"containerScope":{"contributions":{},"includedScopes":[]},"contributions":{},"includedScopes":[{"contributions":{},"includedScopes":[]},{"contributions":{},"includedScopes":[]},{"contributions":{},"includedScopes":[]},{"contributions":{},"includedScopes":[]},{"contributions":{},"includedScopes":[]}]},"contributions":{},"includedScopes":[]},"contributions":{},"includedScopes":[]},"contributions":{},"includedScopes":[]},"contributions":{},"includedScopes":[{"containerScope":{"containerScope":{"containerScope":{"contributions":{},"includedScopes":[]},"contributions":{},"includedScopes":[]},"contributions":{},"includedScopes":[]},"contributions":{},"includedScopes":[{"containerScope":{"containerScope":{"containerScope":{"contributions":{},"includedScopes":[]},"contributions":{},"includedScopes":[]},"contributions":{},"includedScopes":[]},"contributions":{},"includedScopes":[]}]},{"containerScope":{"containerScope":{"containerScope":{"contributions":{},"includedScopes":[]},"contributions":{},"includedScopes":[]},"contributions":{},"includedScopes":[]},"contributions":{},"includedScopes":[]}]},"contributions":{},"includedScopes":[]},"value":{"id":"55725f3b-0347-4d61-8cd6-278c37141037","metadata":[],"scope":{"containerScope":{"containerScope":{"containerScope":{"containerScope":{"containerScope":{"containerScope":{"containerScope":{"contributions":{},"includedScopes":[]},"contributions":{},"includedScopes":[{"contributions":{},"includedScopes":[]},{"contributions":{},"includedScopes":[]},{"contributions":{},"includedScopes":[]},{"contributions":{},"includedScopes":[]},{"contributions":{},"includedScopes":[]}]},"contributions":{},"includedScopes":[]},"contributions":{},"includedScopes":[]},"contributions":{},"includedScopes":[]},"contributions":{},"includedScopes":[{"containerScope":{"containerScope":{"containerScope":{"contributions":{},"includedScopes":[]},"contributions":{},"includedScopes":[]},"contributions":{},"includedScopes":[]},"contributions":{},"includedScopes":[{"containerScope":{"containerScope":{"containerScope":{"contributions":{},"includedScopes":[]},"contributions":{},"includedScopes":[]},"contributions":{},"includedScopes":[]},"contributions":{},"includedScopes":[]}]},{"containerScope":{"containerScope":{"containerScope":{"contributions":{},"includedScopes":[]},"contributions":{},"includedScopes":[]},"contributions":{},"includedScopes":[]},"contributions":{},"includedScopes":[]}]},"contributions":{},"includedScopes":[]},"contributions":{},"includedScopes":[]},"value":"{hector.regar()}"}}],"metadata":[],"scope":{"containerScope":{"containerScope":{"containerScope":{"containerScope":{"containerScope":{"contributions":{},"includedScopes":[]},"contributions":{},"includedScopes":[{"contributions":{},"includedScopes":[]},{"contributions":{},"includedScopes":[]},{"contributions":{},"includedScopes":[]},{"contributions":{},"includedScopes":[]},{"contributions":{},"includedScopes":[]}]},"contributions":{},"includedScopes":[]},"contributions":{},"includedScopes":[]},"contributions":{},"includedScopes":[]},"contributions":{},"includedScopes":[{"containerScope":{"containerScope":{"containerScope":{"contributions":{},"includedScopes":[]},"contributions":{},"includedScopes":[]},"contributions":{},"includedScopes":[]},"contributions":{},"includedScopes":[{"containerScope":{"containerScope":{"containerScope":{"contributions":{},"includedScopes":[]},"contributions":{},"includedScopes":[]},"contributions":{},"includedScopes":[]},"contributions":{},"includedScopes":[]}]},{"containerScope":{"containerScope":{"containerScope":{"contributions":{},"includedScopes":[]},"contributions":{},"includedScopes":[]},"contributions":{},"includedScopes":[]},"contributions":{},"includedScopes":[]}]},"sourceMap":{"end":{"column":41,"line":25,"offset":919},"start":{"column":25,"line":25,"offset":903}},"supertypes":[{"args":[],"id":"21bdeed0-ca41-4dc9-8691-1863df283fc1","metadata":[],"reference":{"id":"2abbdbc9-4132-49d0-a8b8-cf20a9701e27","metadata":[],"name":"wollok.lang.Closure","scope":{"containerScope":{"containerScope":{"containerScope":{"containerScope":{"containerScope":{"containerScope":{"contributions":{},"includedScopes":[]},"contributions":{},"includedScopes":[{"contributions":{},"includedScopes":[]},{"contributions":{},"includedScopes":[]},{"contributions":{},"includedScopes":[]},{"contributions":{},"includedScopes":[]},{"contributions":{},"includedScopes":[]}]},"contributions":{},"includedScopes":[]},"contributions":{},"includedScopes":[]},"contributions":{},"includedScopes":[]},"contributions":{},"includedScopes":[{"containerScope":{"containerScope":{"containerScope":{"contributions":{},"includedScopes":[]},"contributions":{},"includedScopes":[]},"contributions":{},"includedScopes":[]},"contributions":{},"includedScopes":[{"containerScope":{"containerScope":{"containerScope":{"contributions":{},"includedScopes":[]},"contributions":{},"includedScopes":[]},"contributions":{},"includedScopes":[]},"contributions":{},"includedScopes":[]}]},{"containerScope":{"containerScope":{"containerScope":{"contributions":{},"includedScopes":[]},"contributions":{},"includedScopes":[]},"contributions":{},"includedScopes":[]},"contributions":{},"includedScopes":[]}]},"contributions":{},"includedScopes":[]}},"scope":{"containerScope":{"containerScope":{"containerScope":{"containerScope":{"containerScope":{"containerScope":{"contributions":{},"includedScopes":[]},"contributions":{},"includedScopes":[{"contributions":{},"includedScopes":[]},{"contributions":{},"includedScopes":[]},{"contributions":{},"includedScopes":[]},{"contributions":{},"includedScopes":[]},{"contributions":{},"includedScopes":[]}]},"contributions":{},"includedScopes":[]},"contributions":{},"includedScopes":[]},"contributions":{},"includedScopes":[]},"contributions":{},"includedScopes":[{"containerScope":{"containerScope":{"containerScope":{"contributions":{},"includedScopes":[]},"contributions":{},"includedScopes":[]},"contributions":{},"includedScopes":[]},"contributions":{},"includedScopes":[{"containerScope":{"containerScope":{"containerScope":{"contributions":{},"includedScopes":[]},"contributions":{},"includedScopes":[]},"contributions":{},"includedScopes":[]},"contributions":{},"includedScopes":[]}]},{"containerScope":{"containerScope":{"containerScope":{"contributions":{},"includedScopes":[]},"contributions":{},"includedScopes":[]},"contributions":{},"includedScopes":[]},"contributions":{},"includedScopes":[]}]},"contributions":{},"includedScopes":[]}}]}],"id":"8de5df1a-ecb0-4234-b0e9-054a83028f24","message":"onPressDo","metadata":[],"receiver":{"args":[],"id":"7bb4c513-b71a-4d23-abac-9463740d884d","message":"r","metadata":[],"receiver":{"id":"ec9ab484-ddf8-4e88-b543-a53cd1df2184","metadata":[],"name":"keyboard","scope":{"containerScope":{"containerScope":{"containerScope":{"containerScope":{"containerScope":{"containerScope":{"contributions":{},"includedScopes":[]},"contributions":{},"includedScopes":[{"contributions":{},"includedScopes":[]},{"contributions":{},"includedScopes":[]},{"contributions":{},"includedScopes":[]},{"contributions":{},"includedScopes":[]},{"contributions":{},"includedScopes":[]}]},"contributions":{},"includedScopes":[]},"contributions":{},"includedScopes":[]},"contributions":{},"includedScopes":[]},"contributions":{},"includedScopes":[]},"contributions":{},"includedScopes":[]},"sourceMap":{"end":{"column":10,"line":25,"offset":888},"start":{"column":2,"line":25,"offset":880}}},"scope":{"containerScope":{"containerScope":{"containerScope":{"containerScope":{"containerScope":{"contributions":{},"includedScopes":[]},"contributions":{},"includedScopes":[{"contributions":{},"includedScopes":[]},{"contributions":{},"includedScopes":[]},{"contributions":{},"includedScopes":[]},{"contributions":{},"includedScopes":[]},{"contributions":{},"includedScopes":[]}]},"contributions":{},"includedScopes":[]},"contributions":{},"includedScopes":[]},"contributions":{},"includedScopes":[]},"contributions":{},"includedScopes":[]},"sourceMap":{"end":{"column":14,"line":25,"offset":892},"start":{"column":2,"line":25,"offset":880}}},"scope":{"containerScope":{"containerScope":{"containerScope":{"containerScope":{"contributions":{},"includedScopes":[]},"contributions":{},"includedScopes":[{"contributions":{},"includedScopes":[]},{"contributions":{},"includedScopes":[]},{"contributions":{},"includedScopes":[]},{"contributions":{},"includedScopes":[]},{"contributions":{},"includedScopes":[]}]},"contributions":{},"includedScopes":[]},"contributions":{},"includedScopes":[]},"contributions":{},"includedScopes":[]},"sourceMap":{"end":{"column":42,"line":25,"offset":920},"start":{"column":2,"line":25,"offset":880}}},{"args":[{"id":"3d2e6b2a-19af-4fe4-84d8-63a010525968","members":[{"body":{"id":"f1a3b617-2ac4-4f12-a15e-af15af636769","metadata":[],"scope":{"containerScope":{"containerScope":{"containerScope":{"containerScope":{"containerScope":{"containerScope":{"containerScope":{"contributions":{},"includedScopes":[]},"contributions":{},"includedScopes":[{"contributions":{},"includedScopes":[]},{"contributions":{},"includedScopes":[]},{"contributions":{},"includedScopes":[]},{"contributions":{},"includedScopes":[]},{"contributions":{},"includedScopes":[]}]},"contributions":{},"includedScopes":[]},"contributions":{},"includedScopes":[]},"contributions":{},"includedScopes":[]},"contributions":{},"includedScopes":[{"containerScope":{"containerScope":{"containerScope":{"contributions":{},"includedScopes":[]},"contributions":{},"includedScopes":[]},"contributions":{},"includedScopes":[]},"contributions":{},"includedScopes":[{"containerScope":{"containerScope":{"containerScope":{"contributions":{},"includedScopes":[]},"contributions":{},"includedScopes":[]},"contributions":{},"includedScopes":[]},"contributions":{},"includedScopes":[]}]},{"containerScope":{"containerScope":{"containerScope":{"contributions":{},"includedScopes":[]},"contributions":{},"includedScopes":[]},"contributions":{},"includedScopes":[]},"contributions":{},"includedScopes":[]}]},"contributions":{},"includedScopes":[]},"contributions":{},"includedScopes":[]},"sentences":[{"id":"306c4fea-348b-473e-a5a4-9be84e8cfe8a","metadata":[],"scope":{"containerScope":{"containerScope":{"containerScope":{"containerScope":{"containerScope":{"containerScope":{"containerScope":{"containerScope":{"contributions":{},"includedScopes":[]},"contributions":{},"includedScopes":[{"contributions":{},"includedScopes":[]},{"contributions":{},"includedScopes":[]},{"contributions":{},"includedScopes":[]},{"contributions":{},"includedScopes":[]},{"contributions":{},"includedScopes":[]}]},"contributions":{},"includedScopes":[]},"contributions":{},"includedScopes":[]},"contributions":{},"includedScopes":[]},"contributions":{},"includedScopes":[{"containerScope":{"containerScope":{"containerScope":{"contributions":{},"includedScopes":[]},"contributions":{},"includedScopes":[]},"contributions":{},"includedScopes":[]},"contributions":{},"includedScopes":[{"containerScope":{"containerScope":{"containerScope":{"contributions":{},"includedScopes":[]},"contributions":{},"includedScopes":[]},"contributions":{},"includedScopes":[]},"contributions":{},"includedScopes":[]}]},{"containerScope":{"containerScope":{"containerScope":{"contributions":{},"includedScopes":[]},"contributions":{},"includedScopes":[]},"contributions":{},"includedScopes":[]},"contributions":{},"includedScopes":[]}]},"contributions":{},"includedScopes":[]},"contributions":{},"includedScopes":[]},"contributions":{},"includedScopes":[]},"value":{"args":[],"id":"e30ce779-5e80-4bf5-b1da-888888092015","message":"cosechar","metadata":[],"receiver":{"id":"554613db-ba09-4304-93c6-0be8cabfc03f","metadata":[],"name":"hector","scope":{"containerScope":{"containerScope":{"containerScope":{"containerScope":{"containerScope":{"containerScope":{"containerScope":{"containerScope":{"containerScope":{"containerScope":{"contributions":{},"includedScopes":[]},"contributions":{},"includedScopes":[{"contributions":{},"includedScopes":[]},{"contributions":{},"includedScopes":[]},{"contributions":{},"includedScopes":[]},{"contributions":{},"includedScopes":[]},{"contributions":{},"includedScopes":[]}]},"contributions":{},"includedScopes":[]},"contributions":{},"includedScopes":[]},"contributions":{},"includedScopes":[]},"contributions":{},"includedScopes":[{"containerScope":{"containerScope":{"containerScope":{"contributions":{},"includedScopes":[]},"contributions":{},"includedScopes":[]},"contributions":{},"includedScopes":[]},"contributions":{},"includedScopes":[{"containerScope":{"containerScope":{"containerScope":{"contributions":{},"includedScopes":[]},"contributions":{},"includedScopes":[]},"contributions":{},"includedScopes":[]},"contributions":{},"includedScopes":[]}]},{"containerScope":{"containerScope":{"containerScope":{"contributions":{},"includedScopes":[]},"contributions":{},"includedScopes":[]},"contributions":{},"includedScopes":[]},"contributions":{},"includedScopes":[]}]},"contributions":{},"includedScopes":[]},"contributions":{},"includedScopes":[]},"contributions":{},"includedScopes":[]},"contributions":{},"includedScopes":[]},"contributions":{},"includedScopes":[]},"sourceMap":{"end":{"column":32,"line":26,"offset":952},"start":{"column":26,"line":26,"offset":946}}},"scope":{"containerScope":{"containerScope":{"containerScope":{"containerScope":{"containerScope":{"containerScope":{"containerScope":{"containerScope":{"containerScope":{"contributions":{},"includedScopes":[]},"contributions":{},"includedScopes":[{"contributions":{},"includedScopes":[]},{"contributions":{},"includedScopes":[]},{"contributions":{},"includedScopes":[]},{"contributions":{},"includedScopes":[]},{"contributions":{},"includedScopes":[]}]},"contributions":{},"includedScopes":[]},"contributions":{},"includedScopes":[]},"contributions":{},"includedScopes":[]},"contributions":{},"includedScopes":[{"containerScope":{"containerScope":{"containerScope":{"contributions":{},"includedScopes":[]},"contributions":{},"includedScopes":[]},"contributions":{},"includedScopes":[]},"contributions":{},"includedScopes":[{"containerScope":{"containerScope":{"containerScope":{"contributions":{},"includedScopes":[]},"contributions":{},"includedScopes":[]},"contributions":{},"includedScopes":[]},"contributions":{},"includedScopes":[]}]},{"containerScope":{"containerScope":{"containerScope":{"contributions":{},"includedScopes":[]},"contributions":{},"includedScopes":[]},"contributions":{},"includedScopes":[]},"contributions":{},"includedScopes":[]}]},"contributions":{},"includedScopes":[]},"contributions":{},"includedScopes":[]},"contributions":{},"includedScopes":[]},"contributions":{},"includedScopes":[]},"sourceMap":{"end":{"column":43,"line":26,"offset":963},"start":{"column":26,"line":26,"offset":946}}}}]},"id":"c1a93091-2ffb-4674-a9e2-a4dbe361f745","isOverride":false,"metadata":[],"name":"<apply>","parameters":[],"scope":{"containerScope":{"containerScope":{"containerScope":{"containerScope":{"containerScope":{"containerScope":{"contributions":{},"includedScopes":[]},"contributions":{},"includedScopes":[{"contributions":{},"includedScopes":[]},{"contributions":{},"includedScopes":[]},{"contributions":{},"includedScopes":[]},{"contributions":{},"includedScopes":[]},{"contributions":{},"includedScopes":[]}]},"contributions":{},"includedScopes":[]},"contributions":{},"includedScopes":[]},"contributions":{},"includedScopes":[]},"contributions":{},"includedScopes":[{"containerScope":{"containerScope":{"containerScope":{"contributions":{},"includedScopes":[]},"contributions":{},"includedScopes":[]},"contributions":{},"includedScopes":[]},"contributions":{},"includedScopes":[{"containerScope":{"containerScope":{"containerScope":{"contributions":{},"includedScopes":[]},"contributions":{},"includedScopes":[]},"contributions":{},"includedScopes":[]},"contributions":{},"includedScopes":[]}]},{"containerScope":{"containerScope":{"containerScope":{"contributions":{},"includedScopes":[]},"contributions":{},"includedScopes":[]},"contributions":{},"includedScopes":[]},"contributions":{},"includedScopes":[]}]},"contributions":{},"includedScopes":[]}},{"id":"07b95189-60d6-4990-b1f1-e95dd402a3bb","isConstant":true,"isProperty":false,"metadata":[],"name":"<toString>","scope":{"containerScope":{"containerScope":{"containerScope":{"containerScope":{"containerScope":{"containerScope":{"contributions":{},"includedScopes":[]},"contributions":{},"includedScopes":[{"contributions":{},"includedScopes":[]},{"contributions":{},"includedScopes":[]},{"contributions":{},"includedScopes":[]},{"contributions":{},"includedScopes":[]},{"contributions":{},"includedScopes":[]}]},"contributions":{},"includedScopes":[]},"contributions":{},"includedScopes":[]},"contributions":{},"includedScopes":[]},"contributions":{},"includedScopes":[{"containerScope":{"containerScope":{"containerScope":{"contributions":{},"includedScopes":[]},"contributions":{},"includedScopes":[]},"contributions":{},"includedScopes":[]},"contributions":{},"includedScopes":[{"containerScope":{"containerScope":{"containerScope":{"contributions":{},"includedScopes":[]},"contributions":{},"includedScopes":[]},"contributions":{},"includedScopes":[]},"contributions":{},"includedScopes":[]}]},{"containerScope":{"containerScope":{"containerScope":{"contributions":{},"includedScopes":[]},"contributions":{},"includedScopes":[]},"contributions":{},"includedScopes":[]},"contributions":{},"includedScopes":[]}]},"contributions":{},"includedScopes":[]},"value":{"id":"d0f457ed-396e-4f36-a4f4-58cef7624beb","metadata":[],"scope":{"containerScope":{"containerScope":{"containerScope":{"containerScope":{"containerScope":{"containerScope":{"containerScope":{"contributions":{},"includedScopes":[]},"contributions":{},"includedScopes":[{"contributions":{},"includedScopes":[]},{"contributions":{},"includedScopes":[]},{"contributions":{},"includedScopes":[]},{"contributions":{},"includedScopes":[]},{"contributions":{},"includedScopes":[]}]},"contributions":{},"includedScopes":[]},"contributions":{},"includedScopes":[]},"contributions":{},"includedScopes":[]},"contributions":{},"includedScopes":[{"containerScope":{"containerScope":{"containerScope":{"contributions":{},"includedScopes":[]},"contributions":{},"includedScopes":[]},"contributions":{},"includedScopes":[]},"contributions":{},"includedScopes":[{"containerScope":{"containerScope":{"containerScope":{"contributions":{},"includedScopes":[]},"contributions":{},"includedScopes":[]},"contributions":{},"includedScopes":[]},"contributions":{},"includedScopes":[]}]},{"containerScope":{"containerScope":{"containerScope":{"contributions":{},"includedScopes":[]},"contributions":{},"includedScopes":[]},"contributions":{},"includedScopes":[]},"contributions":{},"includedScopes":[]}]},"contributions":{},"includedScopes":[]},"contributions":{},"includedScopes":[]},"value":"{hector.cosechar()}"}}],"metadata":[],"scope":{"containerScope":{"containerScope":{"containerScope":{"containerScope":{"containerScope":{"contributions":{},"includedScopes":[]},"contributions":{},"includedScopes":[{"contributions":{},"includedScopes":[]},{"contributions":{},"includedScopes":[]},{"contributions":{},"includedScopes":[]},{"contributions":{},"includedScopes":[]},{"contributions":{},"includedScopes":[]}]},"contributions":{},"includedScopes":[]},"contributions":{},"includedScopes":[]},"contributions":{},"includedScopes":[]},"contributions":{},"includedScopes":[{"containerScope":{"containerScope":{"containerScope":{"contributions":{},"includedScopes":[]},"contributions":{},"includedScopes":[]},"contributions":{},"includedScopes":[]},"contributions":{},"includedScopes":[{"containerScope":{"containerScope":{"containerScope":{"contributions":{},"includedScopes":[]},"contributions":{},"includedScopes":[]},"contributions":{},"includedScopes":[]},"contributions":{},"includedScopes":[]}]},{"containerScope":{"containerScope":{"containerScope":{"contributions":{},"includedScopes":[]},"contributions":{},"includedScopes":[]},"contributions":{},"includedScopes":[]},"contributions":{},"includedScopes":[]}]},"sourceMap":{"end":{"column":44,"line":26,"offset":964},"start":{"column":25,"line":26,"offset":945}},"supertypes":[{"args":[],"id":"849a41e3-dc5a-401e-8449-7dd00726dfa6","metadata":[],"reference":{"id":"d4d78c62-d2e8-4574-bbdd-fac3f0fae4d2","metadata":[],"name":"wollok.lang.Closure","scope":{"containerScope":{"containerScope":{"containerScope":{"containerScope":{"containerScope":{"containerScope":{"contributions":{},"includedScopes":[]},"contributions":{},"includedScopes":[{"contributions":{},"includedScopes":[]},{"contributions":{},"includedScopes":[]},{"contributions":{},"includedScopes":[]},{"contributions":{},"includedScopes":[]},{"contributions":{},"includedScopes":[]}]},"contributions":{},"includedScopes":[]},"contributions":{},"includedScopes":[]},"contributions":{},"includedScopes":[]},"contributions":{},"includedScopes":[{"containerScope":{"containerScope":{"containerScope":{"contributions":{},"includedScopes":[]},"contributions":{},"includedScopes":[]},"contributions":{},"includedScopes":[]},"contributions":{},"includedScopes":[{"containerScope":{"containerScope":{"containerScope":{"contributions":{},"includedScopes":[]},"contributions":{},"includedScopes":[]},"contributions":{},"includedScopes":[]},"contributions":{},"includedScopes":[]}]},{"containerScope":{"containerScope":{"containerScope":{"contributions":{},"includedScopes":[]},"contributions":{},"includedScopes":[]},"contributions":{},"includedScopes":[]},"contributions":{},"includedScopes":[]}]},"contributions":{},"includedScopes":[]}},"scope":{"containerScope":{"containerScope":{"containerScope":{"containerScope":{"containerScope":{"containerScope":{"contributions":{},"includedScopes":[]},"contributions":{},"includedScopes":[{"contributions":{},"includedScopes":[]},{"contributions":{},"includedScopes":[]},{"contributions":{},"includedScopes":[]},{"contributions":{},"includedScopes":[]},{"contributions":{},"includedScopes":[]}]},"contributions":{},"includedScopes":[]},"contributions":{},"includedScopes":[]},"contributions":{},"includedScopes":[]},"contributions":{},"includedScopes":[{"containerScope":{"containerScope":{"containerScope":{"contributions":{},"includedScopes":[]},"contributions":{},"includedScopes":[]},"contributions":{},"includedScopes":[]},"contributions":{},"includedScopes":[{"containerScope":{"containerScope":{"containerScope":{"contributions":{},"includedScopes":[]},"contributions":{},"includedScopes":[]},"contributions":{},"includedScopes":[]},"contributions":{},"includedScopes":[]}]},{"containerScope":{"containerScope":{"containerScope":{"contributions":{},"includedScopes":[]},"contributions":{},"includedScopes":[]},"contributions":{},"includedScopes":[]},"contributions":{},"includedScopes":[]}]},"contributions":{},"includedScopes":[]}}]}],"id":"c5f373c8-c811-4483-9b53-80d28c444cd4","message":"onPressDo","metadata":[],"receiver":{"args":[],"id":"7fd4ac6f-ffbb-4bc4-baea-a0388f452d61","message":"c","metadata":[],"receiver":{"id":"4607cbfc-ba9b-4cca-8cab-8da9486425ef","metadata":[],"name":"keyboard","scope":{"containerScope":{"containerScope":{"containerScope":{"containerScope":{"containerScope":{"containerScope":{"contributions":{},"includedScopes":[]},"contributions":{},"includedScopes":[{"contributions":{},"includedScopes":[]},{"contributions":{},"includedScopes":[]},{"contributions":{},"includedScopes":[]},{"contributions":{},"includedScopes":[]},{"contributions":{},"includedScopes":[]}]},"contributions":{},"includedScopes":[]},"contributions":{},"includedScopes":[]},"contributions":{},"includedScopes":[]},"contributions":{},"includedScopes":[]},"contributions":{},"includedScopes":[]},"sourceMap":{"end":{"column":10,"line":26,"offset":930},"start":{"column":2,"line":26,"offset":922}}},"scope":{"containerScope":{"containerScope":{"containerScope":{"containerScope":{"containerScope":{"contributions":{},"includedScopes":[]},"contributions":{},"includedScopes":[{"contributions":{},"includedScopes":[]},{"contributions":{},"includedScopes":[]},{"contributions":{},"includedScopes":[]},{"contributions":{},"includedScopes":[]},{"contributions":{},"includedScopes":[]}]},"contributions":{},"includedScopes":[]},"contributions":{},"includedScopes":[]},"contributions":{},"includedScopes":[]},"contributions":{},"includedScopes":[]},"sourceMap":{"end":{"column":14,"line":26,"offset":934},"start":{"column":2,"line":26,"offset":922}}},"scope":{"containerScope":{"containerScope":{"containerScope":{"containerScope":{"contributions":{},"includedScopes":[]},"contributions":{},"includedScopes":[{"contributions":{},"includedScopes":[]},{"contributions":{},"includedScopes":[]},{"contributions":{},"includedScopes":[]},{"contributions":{},"includedScopes":[]},{"contributions":{},"includedScopes":[]}]},"contributions":{},"includedScopes":[]},"contributions":{},"includedScopes":[]},"contributions":{},"includedScopes":[]},"sourceMap":{"end":{"column":45,"line":26,"offset":965},"start":{"column":2,"line":26,"offset":922}}},{"args":[{"id":"b209aac2-57f1-4363-9fb9-2a833b2ad8d1","members":[{"body":{"id":"5415a6d8-01cd-479d-9a4a-530383b013fc","metadata":[],"scope":{"containerScope":{"containerScope":{"containerScope":{"containerScope":{"containerScope":{"containerScope":{"containerScope":{"contributions":{},"includedScopes":[]},"contributions":{},"includedScopes":[{"contributions":{},"includedScopes":[]},{"contributions":{},"includedScopes":[]},{"contributions":{},"includedScopes":[]},{"contributions":{},"includedScopes":[]},{"contributions":{},"includedScopes":[]}]},"contributions":{},"includedScopes":[]},"contributions":{},"includedScopes":[]},"contributions":{},"includedScopes":[]},"contributions":{},"includedScopes":[{"containerScope":{"containerScope":{"containerScope":{"contributions":{},"includedScopes":[]},"contributions":{},"includedScopes":[]},"contributions":{},"includedScopes":[]},"contributions":{},"includedScopes":[{"containerScope":{"containerScope":{"containerScope":{"contributions":{},"includedScopes":[]},"contributions":{},"includedScopes":[]},"contributions":{},"includedScopes":[]},"contributions":{},"includedScopes":[]}]},{"containerScope":{"containerScope":{"containerScope":{"contributions":{},"includedScopes":[]},"contributions":{},"includedScopes":[]},"contributions":{},"includedScopes":[]},"contributions":{},"includedScopes":[]}]},"contributions":{},"includedScopes":[]},"contributions":{},"includedScopes":[]},"sentences":[{"id":"df533b7d-5f9f-40fb-94a3-8fbeb18d3539","metadata":[],"scope":{"containerScope":{"containerScope":{"containerScope":{"containerScope":{"containerScope":{"containerScope":{"containerScope":{"containerScope":{"contributions":{},"includedScopes":[]},"contributions":{},"includedScopes":[{"contributions":{},"includedScopes":[]},{"contributions":{},"includedScopes":[]},{"contributions":{},"includedScopes":[]},{"contributions":{},"includedScopes":[]},{"contributions":{},"includedScopes":[]}]},"contributions":{},"includedScopes":[]},"contributions":{},"includedScopes":[]},"contributions":{},"includedScopes":[]},"contributions":{},"includedScopes":[{"containerScope":{"containerScope":{"containerScope":{"contributions":{},"includedScopes":[]},"contributions":{},"includedScopes":[]},"contributions":{},"includedScopes":[]},"contributions":{},"includedScopes":[{"containerScope":{"containerScope":{"containerScope":{"contributions":{},"includedScopes":[]},"contributions":{},"includedScopes":[]},"contributions":{},"includedScopes":[]},"contributions":{},"includedScopes":[]}]},{"containerScope":{"containerScope":{"containerScope":{"contributions":{},"includedScopes":[]},"contributions":{},"includedScopes":[]},"contributions":{},"includedScopes":[]},"contributions":{},"includedScopes":[]}]},"contributions":{},"includedScopes":[]},"contributions":{},"includedScopes":[]},"contributions":{},"includedScopes":[]},"value":{"args":[],"id":"098e24da-ae1b-486b-9067-7c6b38a330ec","message":"vender","metadata":[],"receiver":{"id":"971173d1-eaf0-47e9-b79f-5a20185ae063","metadata":[],"name":"hector","scope":{"containerScope":{"containerScope":{"containerScope":{"containerScope":{"containerScope":{"containerScope":{"containerScope":{"containerScope":{"containerScope":{"containerScope":{"contributions":{},"includedScopes":[]},"contributions":{},"includedScopes":[{"contributions":{},"includedScopes":[]},{"contributions":{},"includedScopes":[]},{"contributions":{},"includedScopes":[]},{"contributions":{},"includedScopes":[]},{"contributions":{},"includedScopes":[]}]},"contributions":{},"includedScopes":[]},"contributions":{},"includedScopes":[]},"contributions":{},"includedScopes":[]},"contributions":{},"includedScopes":[{"containerScope":{"containerScope":{"containerScope":{"contributions":{},"includedScopes":[]},"contributions":{},"includedScopes":[]},"contributions":{},"includedScopes":[]},"contributions":{},"includedScopes":[{"containerScope":{"containerScope":{"containerScope":{"contributions":{},"includedScopes":[]},"contributions":{},"includedScopes":[]},"contributions":{},"includedScopes":[]},"contributions":{},"includedScopes":[]}]},{"containerScope":{"containerScope":{"containerScope":{"contributions":{},"includedScopes":[]},"contributions":{},"includedScopes":[]},"contributions":{},"includedScopes":[]},"contributions":{},"includedScopes":[]}]},"contributions":{},"includedScopes":[]},"contributions":{},"includedScopes":[]},"contributions":{},"includedScopes":[]},"contributions":{},"includedScopes":[]},"contributions":{},"includedScopes":[]},"sourceMap":{"end":{"column":32,"line":27,"offset":997},"start":{"column":26,"line":27,"offset":991}}},"scope":{"containerScope":{"containerScope":{"containerScope":{"containerScope":{"containerScope":{"containerScope":{"containerScope":{"containerScope":{"containerScope":{"contributions":{},"includedScopes":[]},"contributions":{},"includedScopes":[{"contributions":{},"includedScopes":[]},{"contributions":{},"includedScopes":[]},{"contributions":{},"includedScopes":[]},{"contributions":{},"includedScopes":[]},{"contributions":{},"includedScopes":[]}]},"contributions":{},"includedScopes":[]},"contributions":{},"includedScopes":[]},"contributions":{},"includedScopes":[]},"contributions":{},"includedScopes":[{"containerScope":{"containerScope":{"containerScope":{"contributions":{},"includedScopes":[]},"contributions":{},"includedScopes":[]},"contributions":{},"includedScopes":[]},"contributions":{},"includedScopes":[{"containerScope":{"containerScope":{"containerScope":{"contributions":{},"includedScopes":[]},"contributions":{},"includedScopes":[]},"contributions":{},"includedScopes":[]},"contributions":{},"includedScopes":[]}]},{"containerScope":{"containerScope":{"containerScope":{"contributions":{},"includedScopes":[]},"contributions":{},"includedScopes":[]},"contributions":{},"includedScopes":[]},"contributions":{},"includedScopes":[]}]},"contributions":{},"includedScopes":[]},"contributions":{},"includedScopes":[]},"contributions":{},"includedScopes":[]},"contributions":{},"includedScopes":[]},"sourceMap":{"end":{"column":41,"line":27,"offset":1006},"start":{"column":26,"line":27,"offset":991}}}}]},"id":"4d79cc5a-8d06-43c5-af5b-c43c93ca0389","isOverride":false,"metadata":[],"name":"<apply>","parameters":[],"scope":{"containerScope":{"containerScope":{"containerScope":{"containerScope":{"containerScope":{"containerScope":{"contributions":{},"includedScopes":[]},"contributions":{},"includedScopes":[{"contributions":{},"includedScopes":[]},{"contributions":{},"includedScopes":[]},{"contributions":{},"includedScopes":[]},{"contributions":{},"includedScopes":[]},{"contributions":{},"includedScopes":[]}]},"contributions":{},"includedScopes":[]},"contributions":{},"includedScopes":[]},"contributions":{},"includedScopes":[]},"contributions":{},"includedScopes":[{"containerScope":{"containerScope":{"containerScope":{"contributions":{},"includedScopes":[]},"contributions":{},"includedScopes":[]},"contributions":{},"includedScopes":[]},"contributions":{},"includedScopes":[{"containerScope":{"containerScope":{"containerScope":{"contributions":{},"includedScopes":[]},"contributions":{},"includedScopes":[]},"contributions":{},"includedScopes":[]},"contributions":{},"includedScopes":[]}]},{"containerScope":{"containerScope":{"containerScope":{"contributions":{},"includedScopes":[]},"contributions":{},"includedScopes":[]},"contributions":{},"includedScopes":[]},"contributions":{},"includedScopes":[]}]},"contributions":{},"includedScopes":[]}},{"id":"6e43298d-bd2f-4bd3-aa48-ae980f877020","isConstant":true,"isProperty":false,"metadata":[],"name":"<toString>","scope":{"containerScope":{"containerScope":{"containerScope":{"containerScope":{"containerScope":{"containerScope":{"contributions":{},"includedScopes":[]},"contributions":{},"includedScopes":[{"contributions":{},"includedScopes":[]},{"contributions":{},"includedScopes":[]},{"contributions":{},"includedScopes":[]},{"contributions":{},"includedScopes":[]},{"contributions":{},"includedScopes":[]}]},"contributions":{},"includedScopes":[]},"contributions":{},"includedScopes":[]},"contributions":{},"includedScopes":[]},"contributions":{},"includedScopes":[{"containerScope":{"containerScope":{"containerScope":{"contributions":{},"includedScopes":[]},"contributions":{},"includedScopes":[]},"contributions":{},"includedScopes":[]},"contributions":{},"includedScopes":[{"containerScope":{"containerScope":{"containerScope":{"contributions":{},"includedScopes":[]},"contributions":{},"includedScopes":[]},"contributions":{},"includedScopes":[]},"contributions":{},"includedScopes":[]}]},{"containerScope":{"containerScope":{"containerScope":{"contributions":{},"includedScopes":[]},"contributions":{},"includedScopes":[]},"contributions":{},"includedScopes":[]},"contributions":{},"includedScopes":[]}]},"contributions":{},"includedScopes":[]},"value":{"id":"39460e36-f5f3-466b-ad2f-8aeccbee67c9","metadata":[],"scope":{"containerScope":{"containerScope":{"containerScope":{"containerScope":{"containerScope":{"containerScope":{"containerScope":{"contributions":{},"includedScopes":[]},"contributions":{},"includedScopes":[{"contributions":{},"includedScopes":[]},{"contributions":{},"includedScopes":[]},{"contributions":{},"includedScopes":[]},{"contributions":{},"includedScopes":[]},{"contributions":{},"includedScopes":[]}]},"contributions":{},"includedScopes":[]},"contributions":{},"includedScopes":[]},"contributions":{},"includedScopes":[]},"contributions":{},"includedScopes":[{"containerScope":{"containerScope":{"containerScope":{"contributions":{},"includedScopes":[]},"contributions":{},"includedScopes":[]},"contributions":{},"includedScopes":[]},"contributions":{},"includedScopes":[{"containerScope":{"containerScope":{"containerScope":{"contributions":{},"includedScopes":[]},"contributions":{},"includedScopes":[]},"contributions":{},"includedScopes":[]},"contributions":{},"includedScopes":[]}]},{"containerScope":{"containerScope":{"containerScope":{"contributions":{},"includedScopes":[]},"contributions":{},"includedScopes":[]},"contributions":{},"includedScopes":[]},"contributions":{},"includedScopes":[]}]},"contributions":{},"includedScopes":[]},"contributions":{},"includedScopes":[]},"value":"{hector.vender()}"}}],"metadata":[],"scope":{"containerScope":{"containerScope":{"containerScope":{"containerScope":{"containerScope":{"contributions":{},"includedScopes":[]},"contributions":{},"includedScopes":[{"contributions":{},"includedScopes":[]},{"contributions":{},"includedScopes":[]},{"contributions":{},"includedScopes":[]},{"contributions":{},"includedScopes":[]},{"contributions":{},"includedScopes":[]}]},"contributions":{},"includedScopes":[]},"contributions":{},"includedScopes":[]},"contributions":{},"includedScopes":[]},"contributions":{},"includedScopes":[{"containerScope":{"containerScope":{"containerScope":{"contributions":{},"includedScopes":[]},"contributions":{},"includedScopes":[]},"contributions":{},"includedScopes":[]},"contributions":{},"includedScopes":[{"containerScope":{"containerScope":{"containerScope":{"contributions":{},"includedScopes":[]},"contributions":{},"includedScopes":[]},"contributions":{},"includedScopes":[]},"contributions":{},"includedScopes":[]}]},{"containerScope":{"containerScope":{"containerScope":{"contributions":{},"includedScopes":[]},"contributions":{},"includedScopes":[]},"contributions":{},"includedScopes":[]},"contributions":{},"includedScopes":[]}]},"sourceMap":{"end":{"column":42,"line":27,"offset":1007},"start":{"column":25,"line":27,"offset":990}},"supertypes":[{"args":[],"id":"202682d9-43ca-4d1c-a1be-833dc4bff12f","metadata":[],"reference":{"id":"e7d3fd5b-f83b-4232-bad9-2240eba03a5a","metadata":[],"name":"wollok.lang.Closure","scope":{"containerScope":{"containerScope":{"containerScope":{"containerScope":{"containerScope":{"containerScope":{"contributions":{},"includedScopes":[]},"contributions":{},"includedScopes":[{"contributions":{},"includedScopes":[]},{"contributions":{},"includedScopes":[]},{"contributions":{},"includedScopes":[]},{"contributions":{},"includedScopes":[]},{"contributions":{},"includedScopes":[]}]},"contributions":{},"includedScopes":[]},"contributions":{},"includedScopes":[]},"contributions":{},"includedScopes":[]},"contributions":{},"includedScopes":[{"containerScope":{"containerScope":{"containerScope":{"contributions":{},"includedScopes":[]},"contributions":{},"includedScopes":[]},"contributions":{},"includedScopes":[]},"contributions":{},"includedScopes":[{"containerScope":{"containerScope":{"containerScope":{"contributions":{},"includedScopes":[]},"contributions":{},"includedScopes":[]},"contributions":{},"includedScopes":[]},"contributions":{},"includedScopes":[]}]},{"containerScope":{"containerScope":{"containerScope":{"contributions":{},"includedScopes":[]},"contributions":{},"includedScopes":[]},"contributions":{},"includedScopes":[]},"contributions":{},"includedScopes":[]}]},"contributions":{},"includedScopes":[]}},"scope":{"containerScope":{"containerScope":{"containerScope":{"containerScope":{"containerScope":{"containerScope":{"contributions":{},"includedScopes":[]},"contributions":{},"includedScopes":[{"contributions":{},"includedScopes":[]},{"contributions":{},"includedScopes":[]},{"contributions":{},"includedScopes":[]},{"contributions":{},"includedScopes":[]},{"contributions":{},"includedScopes":[]}]},"contributions":{},"includedScopes":[]},"contributions":{},"includedScopes":[]},"contributions":{},"includedScopes":[]},"contributions":{},"includedScopes":[{"containerScope":{"containerScope":{"containerScope":{"contributions":{},"includedScopes":[]},"contributions":{},"includedScopes":[]},"contributions":{},"includedScopes":[]},"contributions":{},"includedScopes":[{"containerScope":{"containerScope":{"containerScope":{"contributions":{},"includedScopes":[]},"contributions":{},"includedScopes":[]},"contributions":{},"includedScopes":[]},"contributions":{},"includedScopes":[]}]},{"containerScope":{"containerScope":{"containerScope":{"contributions":{},"includedScopes":[]},"contributions":{},"includedScopes":[]},"contributions":{},"includedScopes":[]},"contributions":{},"includedScopes":[]}]},"contributions":{},"includedScopes":[]}}]}],"id":"ee69eef0-4ed5-4954-9d72-abae055e2c28","message":"onPressDo","metadata":[],"receiver":{"args":[],"id":"0ac601e9-fa99-4f5b-8d4b-21129ffa42e1","message":"v","metadata":[],"receiver":{"id":"aba4eb25-ec7f-471f-8b35-b3a5cd8a36e9","metadata":[],"name":"keyboard","scope":{"containerScope":{"containerScope":{"containerScope":{"containerScope":{"containerScope":{"containerScope":{"contributions":{},"includedScopes":[]},"contributions":{},"includedScopes":[{"contributions":{},"includedScopes":[]},{"contributions":{},"includedScopes":[]},{"contributions":{},"includedScopes":[]},{"contributions":{},"includedScopes":[]},{"contributions":{},"includedScopes":[]}]},"contributions":{},"includedScopes":[]},"contributions":{},"includedScopes":[]},"contributions":{},"includedScopes":[]},"contributions":{},"includedScopes":[]},"contributions":{},"includedScopes":[]},"sourceMap":{"end":{"column":10,"line":27,"offset":975},"start":{"column":2,"line":27,"offset":967}}},"scope":{"containerScope":{"containerScope":{"containerScope":{"containerScope":{"containerScope":{"contributions":{},"includedScopes":[]},"contributions":{},"includedScopes":[{"contributions":{},"includedScopes":[]},{"contributions":{},"includedScopes":[]},{"contributions":{},"includedScopes":[]},{"contributions":{},"includedScopes":[]},{"contributions":{},"includedScopes":[]}]},"contributions":{},"includedScopes":[]},"contributions":{},"includedScopes":[]},"contributions":{},"includedScopes":[]},"contributions":{},"includedScopes":[]},"sourceMap":{"end":{"column":14,"line":27,"offset":979},"start":{"column":2,"line":27,"offset":967}}},"scope":{"containerScope":{"containerScope":{"containerScope":{"containerScope":{"contributions":{},"includedScopes":[]},"contributions":{},"includedScopes":[{"contributions":{},"includedScopes":[]},{"contributions":{},"includedScopes":[]},{"contributions":{},"includedScopes":[]},{"contributions":{},"includedScopes":[]},{"contributions":{},"includedScopes":[]}]},"contributions":{},"includedScopes":[]},"contributions":{},"includedScopes":[]},"contributions":{},"includedScopes":[]},"sourceMap":{"end":{"column":43,"line":27,"offset":1008},"start":{"column":2,"line":27,"offset":967}}},{"args":[{"id":"67965931-5df4-4101-8b14-cb2cddda6e9a","members":[{"body":{"id":"6ad64f5b-f955-494b-8cd2-5d0bbeabaa8b","metadata":[],"scope":{"containerScope":{"containerScope":{"containerScope":{"containerScope":{"containerScope":{"containerScope":{"containerScope":{"contributions":{},"includedScopes":[]},"contributions":{},"includedScopes":[{"contributions":{},"includedScopes":[]},{"contributions":{},"includedScopes":[]},{"contributions":{},"includedScopes":[]},{"contributions":{},"includedScopes":[]},{"contributions":{},"includedScopes":[]}]},"contributions":{},"includedScopes":[]},"contributions":{},"includedScopes":[]},"contributions":{},"includedScopes":[]},"contributions":{},"includedScopes":[{"containerScope":{"containerScope":{"containerScope":{"contributions":{},"includedScopes":[]},"contributions":{},"includedScopes":[]},"contributions":{},"includedScopes":[]},"contributions":{},"includedScopes":[{"containerScope":{"containerScope":{"containerScope":{"contributions":{},"includedScopes":[]},"contributions":{},"includedScopes":[]},"contributions":{},"includedScopes":[]},"contributions":{},"includedScopes":[]}]},{"containerScope":{"containerScope":{"containerScope":{"contributions":{},"includedScopes":[]},"contributions":{},"includedScopes":[]},"contributions":{},"includedScopes":[]},"contributions":{},"includedScopes":[]}]},"contributions":{},"includedScopes":[]},"contributions":{},"includedScopes":[]},"sentences":[{"id":"9d66294d-b7de-4a5d-b3e8-1beeb668ea4d","metadata":[],"scope":{"containerScope":{"containerScope":{"containerScope":{"containerScope":{"containerScope":{"containerScope":{"containerScope":{"containerScope":{"contributions":{},"includedScopes":[]},"contributions":{},"includedScopes":[{"contributions":{},"includedScopes":[]},{"contributions":{},"includedScopes":[]},{"contributions":{},"includedScopes":[]},{"contributions":{},"includedScopes":[]},{"contributions":{},"includedScopes":[]}]},"contributions":{},"includedScopes":[]},"contributions":{},"includedScopes":[]},"contributions":{},"includedScopes":[]},"contributions":{},"includedScopes":[{"containerScope":{"containerScope":{"containerScope":{"contributions":{},"includedScopes":[]},"contributions":{},"includedScopes":[]},"contributions":{},"includedScopes":[]},"contributions":{},"includedScopes":[{"containerScope":{"containerScope":{"containerScope":{"contributions":{},"includedScopes":[]},"contributions":{},"includedScopes":[]},"contributions":{},"includedScopes":[]},"contributions":{},"includedScopes":[]}]},{"containerScope":{"containerScope":{"containerScope":{"contributions":{},"includedScopes":[]},"contributions":{},"includedScopes":[]},"contributions":{},"includedScopes":[]},"contributions":{},"includedScopes":[]}]},"contributions":{},"includedScopes":[]},"contributions":{},"includedScopes":[]},"contributions":{},"includedScopes":[]},"value":{"args":[],"id":"a3e691e9-cf30-4d56-a282-58d047252b01","message":"contarBienes","metadata":[],"receiver":{"id":"f4ffa2f9-b241-4e8f-88a3-20533dbdeac8","metadata":[],"name":"hector","scope":{"containerScope":{"containerScope":{"containerScope":{"containerScope":{"containerScope":{"containerScope":{"containerScope":{"containerScope":{"containerScope":{"containerScope":{"contributions":{},"includedScopes":[]},"contributions":{},"includedScopes":[{"contributions":{},"includedScopes":[]},{"contributions":{},"includedScopes":[]},{"contributions":{},"includedScopes":[]},{"contributions":{},"includedScopes":[]},{"contributions":{},"includedScopes":[]}]},"contributions":{},"includedScopes":[]},"contributions":{},"includedScopes":[]},"contributions":{},"includedScopes":[]},"contributions":{},"includedScopes":[{"containerScope":{"containerScope":{"containerScope":{"contributions":{},"includedScopes":[]},"contributions":{},"includedScopes":[]},"contributions":{},"includedScopes":[]},"contributions":{},"includedScopes":[{"containerScope":{"containerScope":{"containerScope":{"contributions":{},"includedScopes":[]},"contributions":{},"includedScopes":[]},"contributions":{},"includedScopes":[]},"contributions":{},"includedScopes":[]}]},{"containerScope":{"containerScope":{"containerScope":{"contributions":{},"includedScopes":[]},"contributions":{},"includedScopes":[]},"contributions":{},"includedScopes":[]},"contributions":{},"includedScopes":[]}]},"contributions":{},"includedScopes":[]},"contributions":{},"includedScopes":[]},"contributions":{},"includedScopes":[]},"contributions":{},"includedScopes":[]},"contributions":{},"includedScopes":[]},"sourceMap":{"end":{"column":36,"line":28,"offset":1044},"start":{"column":30,"line":28,"offset":1038}}},"scope":{"containerScope":{"containerScope":{"containerScope":{"containerScope":{"containerScope":{"containerScope":{"containerScope":{"containerScope":{"containerScope":{"contributions":{},"includedScopes":[]},"contributions":{},"includedScopes":[{"contributions":{},"includedScopes":[]},{"contributions":{},"includedScopes":[]},{"contributions":{},"includedScopes":[]},{"contributions":{},"includedScopes":[]},{"contributions":{},"includedScopes":[]}]},"contributions":{},"includedScopes":[]},"contributions":{},"includedScopes":[]},"contributions":{},"includedScopes":[]},"contributions":{},"includedScopes":[{"containerScope":{"containerScope":{"containerScope":{"contributions":{},"includedScopes":[]},"contributions":{},"includedScopes":[]},"contributions":{},"includedScopes":[]},"contributions":{},"includedScopes":[{"containerScope":{"containerScope":{"containerScope":{"contributions":{},"includedScopes":[]},"contributions":{},"includedScopes":[]},"contributions":{},"includedScopes":[]},"contributions":{},"includedScopes":[]}]},{"containerScope":{"containerScope":{"containerScope":{"contributions":{},"includedScopes":[]},"contributions":{},"includedScopes":[]},"contributions":{},"includedScopes":[]},"contributions":{},"includedScopes":[]}]},"contributions":{},"includedScopes":[]},"contributions":{},"includedScopes":[]},"contributions":{},"includedScopes":[]},"contributions":{},"includedScopes":[]},"sourceMap":{"end":{"column":51,"line":28,"offset":1059},"start":{"column":30,"line":28,"offset":1038}}}}]},"id":"40ee683b-3ef2-4ab8-bc6f-ea89fdea2e2c","isOverride":false,"metadata":[],"name":"<apply>","parameters":[],"scope":{"containerScope":{"containerScope":{"containerScope":{"containerScope":{"containerScope":{"containerScope":{"contributions":{},"includedScopes":[]},"contributions":{},"includedScopes":[{"contributions":{},"includedScopes":[]},{"contributions":{},"includedScopes":[]},{"contributions":{},"includedScopes":[]},{"contributions":{},"includedScopes":[]},{"contributions":{},"includedScopes":[]}]},"contributions":{},"includedScopes":[]},"contributions":{},"includedScopes":[]},"contributions":{},"includedScopes":[]},"contributions":{},"includedScopes":[{"containerScope":{"containerScope":{"containerScope":{"contributions":{},"includedScopes":[]},"contributions":{},"includedScopes":[]},"contributions":{},"includedScopes":[]},"contributions":{},"includedScopes":[{"containerScope":{"containerScope":{"containerScope":{"contributions":{},"includedScopes":[]},"contributions":{},"includedScopes":[]},"contributions":{},"includedScopes":[]},"contributions":{},"includedScopes":[]}]},{"containerScope":{"containerScope":{"containerScope":{"contributions":{},"includedScopes":[]},"contributions":{},"includedScopes":[]},"contributions":{},"includedScopes":[]},"contributions":{},"includedScopes":[]}]},"contributions":{},"includedScopes":[]}},{"id":"2fa5696c-e981-446b-8016-29a1bbd30065","isConstant":true,"isProperty":false,"metadata":[],"name":"<toString>","scope":{"containerScope":{"containerScope":{"containerScope":{"containerScope":{"containerScope":{"containerScope":{"contributions":{},"includedScopes":[]},"contributions":{},"includedScopes":[{"contributions":{},"includedScopes":[]},{"contributions":{},"includedScopes":[]},{"contributions":{},"includedScopes":[]},{"contributions":{},"includedScopes":[]},{"contributions":{},"includedScopes":[]}]},"contributions":{},"includedScopes":[]},"contributions":{},"includedScopes":[]},"contributions":{},"includedScopes":[]},"contributions":{},"includedScopes":[{"containerScope":{"containerScope":{"containerScope":{"contributions":{},"includedScopes":[]},"contributions":{},"includedScopes":[]},"contributions":{},"includedScopes":[]},"contributions":{},"includedScopes":[{"containerScope":{"containerScope":{"containerScope":{"contributions":{},"includedScopes":[]},"contributions":{},"includedScopes":[]},"contributions":{},"includedScopes":[]},"contributions":{},"includedScopes":[]}]},{"containerScope":{"containerScope":{"containerScope":{"contributions":{},"includedScopes":[]},"contributions":{},"includedScopes":[]},"contributions":{},"includedScopes":[]},"contributions":{},"includedScopes":[]}]},"contributions":{},"includedScopes":[]},"value":{"id":"61d542c7-3b61-4e7b-b3d1-2bb4d1251b10","metadata":[],"scope":{"containerScope":{"containerScope":{"containerScope":{"containerScope":{"containerScope":{"containerScope":{"containerScope":{"contributions":{},"includedScopes":[]},"contributions":{},"includedScopes":[{"contributions":{},"includedScopes":[]},{"contributions":{},"includedScopes":[]},{"contributions":{},"includedScopes":[]},{"contributions":{},"includedScopes":[]},{"contributions":{},"includedScopes":[]}]},"contributions":{},"includedScopes":[]},"contributions":{},"includedScopes":[]},"contributions":{},"includedScopes":[]},"contributions":{},"includedScopes":[{"containerScope":{"containerScope":{"containerScope":{"contributions":{},"includedScopes":[]},"contributions":{},"includedScopes":[]},"contributions":{},"includedScopes":[]},"contributions":{},"includedScopes":[{"containerScope":{"containerScope":{"containerScope":{"contributions":{},"includedScopes":[]},"contributions":{},"includedScopes":[]},"contributions":{},"includedScopes":[]},"contributions":{},"includedScopes":[]}]},{"containerScope":{"containerScope":{"containerScope":{"contributions":{},"includedScopes":[]},"contributions":{},"includedScopes":[]},"contributions":{},"includedScopes":[]},"contributions":{},"includedScopes":[]}]},"contributions":{},"includedScopes":[]},"contributions":{},"includedScopes":[]},"value":"{hector.contarBienes()}"}}],"metadata":[],"scope":{"containerScope":{"containerScope":{"containerScope":{"containerScope":{"containerScope":{"contributions":{},"includedScopes":[]},"contributions":{},"includedScopes":[{"contributions":{},"includedScopes":[]},{"contributions":{},"includedScopes":[]},{"contributions":{},"includedScopes":[]},{"contributions":{},"includedScopes":[]},{"contributions":{},"includedScopes":[]}]},"contributions":{},"includedScopes":[]},"contributions":{},"includedScopes":[]},"contributions":{},"includedScopes":[]},"contributions":{},"includedScopes":[{"containerScope":{"containerScope":{"containerScope":{"contributions":{},"includedScopes":[]},"contributions":{},"includedScopes":[]},"contributions":{},"includedScopes":[]},"contributions":{},"includedScopes":[{"containerScope":{"containerScope":{"containerScope":{"contributions":{},"includedScopes":[]},"contributions":{},"includedScopes":[]},"contributions":{},"includedScopes":[]},"contributions":{},"includedScopes":[]}]},{"containerScope":{"containerScope":{"containerScope":{"contributions":{},"includedScopes":[]},"contributions":{},"includedScopes":[]},"contributions":{},"includedScopes":[]},"contributions":{},"includedScopes":[]}]},"sourceMap":{"end":{"column":52,"line":28,"offset":1060},"start":{"column":29,"line":28,"offset":1037}},"supertypes":[{"args":[],"id":"4a43cd0f-b47b-4aee-9192-6383a9639536","metadata":[],"reference":{"id":"e9f2ffc3-4dec-46cc-b1a5-200f8efef0ca","metadata":[],"name":"wollok.lang.Closure","scope":{"containerScope":{"containerScope":{"containerScope":{"containerScope":{"containerScope":{"containerScope":{"contributions":{},"includedScopes":[]},"contributions":{},"includedScopes":[{"contributions":{},"includedScopes":[]},{"contributions":{},"includedScopes":[]},{"contributions":{},"includedScopes":[]},{"contributions":{},"includedScopes":[]},{"contributions":{},"includedScopes":[]}]},"contributions":{},"includedScopes":[]},"contributions":{},"includedScopes":[]},"contributions":{},"includedScopes":[]},"contributions":{},"includedScopes":[{"containerScope":{"containerScope":{"containerScope":{"contributions":{},"includedScopes":[]},"contributions":{},"includedScopes":[]},"contributions":{},"includedScopes":[]},"contributions":{},"includedScopes":[{"containerScope":{"containerScope":{"containerScope":{"contributions":{},"includedScopes":[]},"contributions":{},"includedScopes":[]},"contributions":{},"includedScopes":[]},"contributions":{},"includedScopes":[]}]},{"containerScope":{"containerScope":{"containerScope":{"contributions":{},"includedScopes":[]},"contributions":{},"includedScopes":[]},"contributions":{},"includedScopes":[]},"contributions":{},"includedScopes":[]}]},"contributions":{},"includedScopes":[]}},"scope":{"containerScope":{"containerScope":{"containerScope":{"containerScope":{"containerScope":{"containerScope":{"contributions":{},"includedScopes":[]},"contributions":{},"includedScopes":[{"contributions":{},"includedScopes":[]},{"contributions":{},"includedScopes":[]},{"contributions":{},"includedScopes":[]},{"contributions":{},"includedScopes":[]},{"contributions":{},"includedScopes":[]}]},"contributions":{},"includedScopes":[]},"contributions":{},"includedScopes":[]},"contributions":{},"includedScopes":[]},"contributions":{},"includedScopes":[{"containerScope":{"containerScope":{"containerScope":{"contributions":{},"includedScopes":[]},"contributions":{},"includedScopes":[]},"contributions":{},"includedScopes":[]},"contributions":{},"includedScopes":[{"containerScope":{"containerScope":{"containerScope":{"contributions":{},"includedScopes":[]},"contributions":{},"includedScopes":[]},"contributions":{},"includedScopes":[]},"contributions":{},"includedScopes":[]}]},{"containerScope":{"containerScope":{"containerScope":{"contributions":{},"includedScopes":[]},"contributions":{},"includedScopes":[]},"contributions":{},"includedScopes":[]},"contributions":{},"includedScopes":[]}]},"contributions":{},"includedScopes":[]}}]}],"id":"8087b852-b41c-42f0-9cac-62012254ceb9","message":"onPressDo","metadata":[],"receiver":{"args":[],"id":"a7b2fcab-5908-4bf1-a636-2b0ebf65c441","message":"space","metadata":[],"receiver":{"id":"57cd6a32-cf91-41fb-8983-19e7eed033bd","metadata":[],"name":"keyboard","scope":{"containerScope":{"containerScope":{"containerScope":{"containerScope":{"containerScope":{"containerScope":{"contributions":{},"includedScopes":[]},"contributions":{},"includedScopes":[{"contributions":{},"includedScopes":[]},{"contributions":{},"includedScopes":[]},{"contributions":{},"includedScopes":[]},{"contributions":{},"includedScopes":[]},{"contributions":{},"includedScopes":[]}]},"contributions":{},"includedScopes":[]},"contributions":{},"includedScopes":[]},"contributions":{},"includedScopes":[]},"contributions":{},"includedScopes":[]},"contributions":{},"includedScopes":[]},"sourceMap":{"end":{"column":10,"line":28,"offset":1018},"start":{"column":2,"line":28,"offset":1010}}},"scope":{"containerScope":{"containerScope":{"containerScope":{"containerScope":{"containerScope":{"contributions":{},"includedScopes":[]},"contributions":{},"includedScopes":[{"contributions":{},"includedScopes":[]},{"contributions":{},"includedScopes":[]},{"contributions":{},"includedScopes":[]},{"contributions":{},"includedScopes":[]},{"contributions":{},"includedScopes":[]}]},"contributions":{},"includedScopes":[]},"contributions":{},"includedScopes":[]},"contributions":{},"includedScopes":[]},"contributions":{},"includedScopes":[]},"sourceMap":{"end":{"column":18,"line":28,"offset":1026},"start":{"column":2,"line":28,"offset":1010}}},"scope":{"containerScope":{"containerScope":{"containerScope":{"containerScope":{"contributions":{},"includedScopes":[]},"contributions":{},"includedScopes":[{"contributions":{},"includedScopes":[]},{"contributions":{},"includedScopes":[]},{"contributions":{},"includedScopes":[]},{"contributions":{},"includedScopes":[]},{"contributions":{},"includedScopes":[]}]},"contributions":{},"includedScopes":[]},"contributions":{},"includedScopes":[]},"contributions":{},"includedScopes":[]},"sourceMap":{"end":{"column":53,"line":28,"offset":1061},"start":{"column":2,"line":28,"offset":1010}}},{"args":[{"id":"68d336bb-4324-485c-93e7-476c3c471817","members":[{"body":{"id":"853a4f06-750e-43ac-a2bb-22a5619117ba","metadata":[],"scope":{"containerScope":{"containerScope":{"containerScope":{"containerScope":{"containerScope":{"containerScope":{"containerScope":{"contributions":{},"includedScopes":[]},"contributions":{},"includedScopes":[{"contributions":{},"includedScopes":[]},{"contributions":{},"includedScopes":[]},{"contributions":{},"includedScopes":[]},{"contributions":{},"includedScopes":[]},{"contributions":{},"includedScopes":[]}]},"contributions":{},"includedScopes":[]},"contributions":{},"includedScopes":[]},"contributions":{},"includedScopes":[]},"contributions":{},"includedScopes":[{"containerScope":{"containerScope":{"containerScope":{"contributions":{},"includedScopes":[]},"contributions":{},"includedScopes":[]},"contributions":{},"includedScopes":[]},"contributions":{},"includedScopes":[{"containerScope":{"containerScope":{"containerScope":{"contributions":{},"includedScopes":[]},"contributions":{},"includedScopes":[]},"contributions":{},"includedScopes":[]},"contributions":{},"includedScopes":[]}]},{"containerScope":{"containerScope":{"containerScope":{"contributions":{},"includedScopes":[]},"contributions":{},"includedScopes":[]},"contributions":{},"includedScopes":[]},"contributions":{},"includedScopes":[]}]},"contributions":{},"includedScopes":[]},"contributions":{},"includedScopes":[]},"sentences":[{"id":"f294d02d-c031-4c9e-a53c-88b23370683a","metadata":[],"scope":{"containerScope":{"containerScope":{"containerScope":{"containerScope":{"containerScope":{"containerScope":{"containerScope":{"containerScope":{"contributions":{},"includedScopes":[]},"contributions":{},"includedScopes":[{"contributions":{},"includedScopes":[]},{"contributions":{},"includedScopes":[]},{"contributions":{},"includedScopes":[]},{"contributions":{},"includedScopes":[]},{"contributions":{},"includedScopes":[]}]},"contributions":{},"includedScopes":[]},"contributions":{},"includedScopes":[]},"contributions":{},"includedScopes":[]},"contributions":{},"includedScopes":[{"containerScope":{"containerScope":{"containerScope":{"contributions":{},"includedScopes":[]},"contributions":{},"includedScopes":[]},"contributions":{},"includedScopes":[]},"contributions":{},"includedScopes":[{"containerScope":{"containerScope":{"containerScope":{"contributions":{},"includedScopes":[]},"contributions":{},"includedScopes":[]},"contributions":{},"includedScopes":[]},"contributions":{},"includedScopes":[]}]},{"containerScope":{"containerScope":{"containerScope":{"contributions":{},"includedScopes":[]},"contributions":{},"includedScopes":[]},"contributions":{},"includedScopes":[]},"contributions":{},"includedScopes":[]}]},"contributions":{},"includedScopes":[]},"contributions":{},"includedScopes":[]},"contributions":{},"includedScopes":[]},"value":{"args":[],"id":"2543e57b-4374-4ca8-bf37-860bb7527998","message":"colocarAspersor","metadata":[],"receiver":{"id":"373bd7ee-4332-42e5-bd78-28601fcb14c7","metadata":[],"name":"hector","scope":{"containerScope":{"containerScope":{"containerScope":{"containerScope":{"containerScope":{"containerScope":{"containerScope":{"containerScope":{"containerScope":{"containerScope":{"contributions":{},"includedScopes":[]},"contributions":{},"includedScopes":[{"contributions":{},"includedScopes":[]},{"contributions":{},"includedScopes":[]},{"contributions":{},"includedScopes":[]},{"contributions":{},"includedScopes":[]},{"contributions":{},"includedScopes":[]}]},"contributions":{},"includedScopes":[]},"contributions":{},"includedScopes":[]},"contributions":{},"includedScopes":[]},"contributions":{},"includedScopes":[{"containerScope":{"containerScope":{"containerScope":{"contributions":{},"includedScopes":[]},"contributions":{},"includedScopes":[]},"contributions":{},"includedScopes":[]},"contributions":{},"includedScopes":[{"containerScope":{"containerScope":{"containerScope":{"contributions":{},"includedScopes":[]},"contributions":{},"includedScopes":[]},"contributions":{},"includedScopes":[]},"contributions":{},"includedScopes":[]}]},{"containerScope":{"containerScope":{"containerScope":{"contributions":{},"includedScopes":[]},"contributions":{},"includedScopes":[]},"contributions":{},"includedScopes":[]},"contributions":{},"includedScopes":[]}]},"contributions":{},"includedScopes":[]},"contributions":{},"includedScopes":[]},"contributions":{},"includedScopes":[]},"contributions":{},"includedScopes":[]},"contributions":{},"includedScopes":[]},"sourceMap":{"end":{"column":32,"line":29,"offset":1093},"start":{"column":26,"line":29,"offset":1087}}},"scope":{"containerScope":{"containerScope":{"containerScope":{"containerScope":{"containerScope":{"containerScope":{"containerScope":{"containerScope":{"containerScope":{"contributions":{},"includedScopes":[]},"contributions":{},"includedScopes":[{"contributions":{},"includedScopes":[]},{"contributions":{},"includedScopes":[]},{"contributions":{},"includedScopes":[]},{"contributions":{},"includedScopes":[]},{"contributions":{},"includedScopes":[]}]},"contributions":{},"includedScopes":[]},"contributions":{},"includedScopes":[]},"contributions":{},"includedScopes":[]},"contributions":{},"includedScopes":[{"containerScope":{"containerScope":{"containerScope":{"contributions":{},"includedScopes":[]},"contributions":{},"includedScopes":[]},"contributions":{},"includedScopes":[]},"contributions":{},"includedScopes":[{"containerScope":{"containerScope":{"containerScope":{"contributions":{},"includedScopes":[]},"contributions":{},"includedScopes":[]},"contributions":{},"includedScopes":[]},"contributions":{},"includedScopes":[]}]},{"containerScope":{"containerScope":{"containerScope":{"contributions":{},"includedScopes":[]},"contributions":{},"includedScopes":[]},"contributions":{},"includedScopes":[]},"contributions":{},"includedScopes":[]}]},"contributions":{},"includedScopes":[]},"contributions":{},"includedScopes":[]},"contributions":{},"includedScopes":[]},"contributions":{},"includedScopes":[]},"sourceMap":{"end":{"column":50,"line":29,"offset":1111},"start":{"column":26,"line":29,"offset":1087}}}}]},"id":"bff1c0a1-06bc-46c0-84b4-edaa75ad24db","isOverride":false,"metadata":[],"name":"<apply>","parameters":[],"scope":{"containerScope":{"containerScope":{"containerScope":{"containerScope":{"containerScope":{"containerScope":{"contributions":{},"includedScopes":[]},"contributions":{},"includedScopes":[{"contributions":{},"includedScopes":[]},{"contributions":{},"includedScopes":[]},{"contributions":{},"includedScopes":[]},{"contributions":{},"includedScopes":[]},{"contributions":{},"includedScopes":[]}]},"contributions":{},"includedScopes":[]},"contributions":{},"includedScopes":[]},"contributions":{},"includedScopes":[]},"contributions":{},"includedScopes":[{"containerScope":{"containerScope":{"containerScope":{"contributions":{},"includedScopes":[]},"contributions":{},"includedScopes":[]},"contributions":{},"includedScopes":[]},"contributions":{},"includedScopes":[{"containerScope":{"containerScope":{"containerScope":{"contributions":{},"includedScopes":[]},"contributions":{},"includedScopes":[]},"contributions":{},"includedScopes":[]},"contributions":{},"includedScopes":[]}]},{"containerScope":{"containerScope":{"containerScope":{"contributions":{},"includedScopes":[]},"contributions":{},"includedScopes":[]},"contributions":{},"includedScopes":[]},"contributions":{},"includedScopes":[]}]},"contributions":{},"includedScopes":[]}},{"id":"31cc1a58-27da-4e15-93ef-c2acb667cbec","isConstant":true,"isProperty":false,"metadata":[],"name":"<toString>","scope":{"containerScope":{"containerScope":{"containerScope":{"containerScope":{"containerScope":{"containerScope":{"contributions":{},"includedScopes":[]},"contributions":{},"includedScopes":[{"contributions":{},"includedScopes":[]},{"contributions":{},"includedScopes":[]},{"contributions":{},"includedScopes":[]},{"contributions":{},"includedScopes":[]},{"contributions":{},"includedScopes":[]}]},"contributions":{},"includedScopes":[]},"contributions":{},"includedScopes":[]},"contributions":{},"includedScopes":[]},"contributions":{},"includedScopes":[{"containerScope":{"containerScope":{"containerScope":{"contributions":{},"includedScopes":[]},"contributions":{},"includedScopes":[]},"contributions":{},"includedScopes":[]},"contributions":{},"includedScopes":[{"containerScope":{"containerScope":{"containerScope":{"contributions":{},"includedScopes":[]},"contributions":{},"includedScopes":[]},"contributions":{},"includedScopes":[]},"contributions":{},"includedScopes":[]}]},{"containerScope":{"containerScope":{"containerScope":{"contributions":{},"includedScopes":[]},"contributions":{},"includedScopes":[]},"contributions":{},"includedScopes":[]},"contributions":{},"includedScopes":[]}]},"contributions":{},"includedScopes":[]},"value":{"id":"97bd4d45-ba51-4b05-8c33-4c6679c6d8cb","metadata":[],"scope":{"containerScope":{"containerScope":{"containerScope":{"containerScope":{"containerScope":{"containerScope":{"containerScope":{"contributions":{},"includedScopes":[]},"contributions":{},"includedScopes":[{"contributions":{},"includedScopes":[]},{"contributions":{},"includedScopes":[]},{"contributions":{},"includedScopes":[]},{"contributions":{},"includedScopes":[]},{"contributions":{},"includedScopes":[]}]},"contributions":{},"includedScopes":[]},"contributions":{},"includedScopes":[]},"contributions":{},"includedScopes":[]},"contributions":{},"includedScopes":[{"containerScope":{"containerScope":{"containerScope":{"contributions":{},"includedScopes":[]},"contributions":{},"includedScopes":[]},"contributions":{},"includedScopes":[]},"contributions":{},"includedScopes":[{"containerScope":{"containerScope":{"containerScope":{"contributions":{},"includedScopes":[]},"contributions":{},"includedScopes":[]},"contributions":{},"includedScopes":[]},"contributions":{},"includedScopes":[]}]},{"containerScope":{"containerScope":{"containerScope":{"contributions":{},"includedScopes":[]},"contributions":{},"includedScopes":[]},"contributions":{},"includedScopes":[]},"contributions":{},"includedScopes":[]}]},"contributions":{},"includedScopes":[]},"contributions":{},"includedScopes":[]},"value":"{hector.colocarAspersor()}"}}],"metadata":[],"scope":{"containerScope":{"containerScope":{"containerScope":{"containerScope":{"containerScope":{"contributions":{},"includedScopes":[]},"contributions":{},"includedScopes":[{"contributions":{},"includedScopes":[]},{"contributions":{},"includedScopes":[]},{"contributions":{},"includedScopes":[]},{"contributions":{},"includedScopes":[]},{"contributions":{},"includedScopes":[]}]},"contributions":{},"includedScopes":[]},"contributions":{},"includedScopes":[]},"contributions":{},"includedScopes":[]},"contributions":{},"includedScopes":[{"containerScope":{"containerScope":{"containerScope":{"contributions":{},"includedScopes":[]},"contributions":{},"includedScopes":[]},"contributions":{},"includedScopes":[]},"contributions":{},"includedScopes":[{"containerScope":{"containerScope":{"containerScope":{"contributions":{},"includedScopes":[]},"contributions":{},"includedScopes":[]},"contributions":{},"includedScopes":[]},"contributions":{},"includedScopes":[]}]},{"containerScope":{"containerScope":{"containerScope":{"contributions":{},"includedScopes":[]},"contributions":{},"includedScopes":[]},"contributions":{},"includedScopes":[]},"contributions":{},"includedScopes":[]}]},"sourceMap":{"end":{"column":51,"line":29,"offset":1112},"start":{"column":25,"line":29,"offset":1086}},"supertypes":[{"args":[],"id":"0305fb06-c756-4699-90eb-34236c29f73f","metadata":[],"reference":{"id":"a163a341-ad12-4718-9b6a-af98b652b9d4","metadata":[],"name":"wollok.lang.Closure","scope":{"containerScope":{"containerScope":{"containerScope":{"containerScope":{"containerScope":{"containerScope":{"contributions":{},"includedScopes":[]},"contributions":{},"includedScopes":[{"contributions":{},"includedScopes":[]},{"contributions":{},"includedScopes":[]},{"contributions":{},"includedScopes":[]},{"contributions":{},"includedScopes":[]},{"contributions":{},"includedScopes":[]}]},"contributions":{},"includedScopes":[]},"contributions":{},"includedScopes":[]},"contributions":{},"includedScopes":[]},"contributions":{},"includedScopes":[{"containerScope":{"containerScope":{"containerScope":{"contributions":{},"includedScopes":[]},"contributions":{},"includedScopes":[]},"contributions":{},"includedScopes":[]},"contributions":{},"includedScopes":[{"containerScope":{"containerScope":{"containerScope":{"contributions":{},"includedScopes":[]},"contributions":{},"includedScopes":[]},"contributions":{},"includedScopes":[]},"contributions":{},"includedScopes":[]}]},{"containerScope":{"containerScope":{"containerScope":{"contributions":{},"includedScopes":[]},"contributions":{},"includedScopes":[]},"contributions":{},"includedScopes":[]},"contributions":{},"includedScopes":[]}]},"contributions":{},"includedScopes":[]}},"scope":{"containerScope":{"containerScope":{"containerScope":{"containerScope":{"containerScope":{"containerScope":{"contributions":{},"includedScopes":[]},"contributions":{},"includedScopes":[{"contributions":{},"includedScopes":[]},{"contributions":{},"includedScopes":[]},{"contributions":{},"includedScopes":[]},{"contributions":{},"includedScopes":[]},{"contributions":{},"includedScopes":[]}]},"contributions":{},"includedScopes":[]},"contributions":{},"includedScopes":[]},"contributions":{},"includedScopes":[]},"contributions":{},"includedScopes":[{"containerScope":{"containerScope":{"containerScope":{"contributions":{},"includedScopes":[]},"contributions":{},"includedScopes":[]},"contributions":{},"includedScopes":[]},"contributions":{},"includedScopes":[{"containerScope":{"containerScope":{"containerScope":{"contributions":{},"includedScopes":[]},"contributions":{},"includedScopes":[]},"contributions":{},"includedScopes":[]},"contributions":{},"includedScopes":[]}]},{"containerScope":{"containerScope":{"containerScope":{"contributions":{},"includedScopes":[]},"contributions":{},"includedScopes":[]},"contributions":{},"includedScopes":[]},"contributions":{},"includedScopes":[]}]},"contributions":{},"includedScopes":[]}}]}],"id":"a4cbc01b-8068-49fd-8582-17c2048ed186","message":"onPressDo","metadata":[],"receiver":{"args":[],"id":"2697e127-b934-4057-b6bb-0f265beaa691","message":"a","metadata":[],"receiver":{"id":"7043693a-05eb-4152-a950-a7c4a81aef2a","metadata":[],"name":"keyboard","scope":{"containerScope":{"containerScope":{"containerScope":{"containerScope":{"containerScope":{"containerScope":{"contributions":{},"includedScopes":[]},"contributions":{},"includedScopes":[{"contributions":{},"includedScopes":[]},{"contributions":{},"includedScopes":[]},{"contributions":{},"includedScopes":[]},{"contributions":{},"includedScopes":[]},{"contributions":{},"includedScopes":[]}]},"contributions":{},"includedScopes":[]},"contributions":{},"includedScopes":[]},"contributions":{},"includedScopes":[]},"contributions":{},"includedScopes":[]},"contributions":{},"includedScopes":[]},"sourceMap":{"end":{"column":10,"line":29,"offset":1071},"start":{"column":2,"line":29,"offset":1063}}},"scope":{"containerScope":{"containerScope":{"containerScope":{"containerScope":{"containerScope":{"contributions":{},"includedScopes":[]},"contributions":{},"includedScopes":[{"contributions":{},"includedScopes":[]},{"contributions":{},"includedScopes":[]},{"contributions":{},"includedScopes":[]},{"contributions":{},"includedScopes":[]},{"contributions":{},"includedScopes":[]}]},"contributions":{},"includedScopes":[]},"contributions":{},"includedScopes":[]},"contributions":{},"includedScopes":[]},"contributions":{},"includedScopes":[]},"sourceMap":{"end":{"column":14,"line":29,"offset":1075},"start":{"column":2,"line":29,"offset":1063}}},"scope":{"containerScope":{"containerScope":{"containerScope":{"containerScope":{"contributions":{},"includedScopes":[]},"contributions":{},"includedScopes":[{"contributions":{},"includedScopes":[]},{"contributions":{},"includedScopes":[]},{"contributions":{},"includedScopes":[]},{"contributions":{},"includedScopes":[]},{"contributions":{},"includedScopes":[]}]},"contributions":{},"includedScopes":[]},"contributions":{},"includedScopes":[]},"contributions":{},"includedScopes":[]},"sourceMap":{"end":{"column":52,"line":29,"offset":1113},"start":{"column":2,"line":29,"offset":1063}}},{"args":[],"id":"cae5204f-1f28-4f83-a664-df4a7db3ce10","message":"e","metadata":[],"receiver":{"id":"d31af0a6-6acf-4586-a206-76a57d085cf5","metadata":[],"name":"keyboard","scope":{"containerScope":{"containerScope":{"containerScope":{"containerScope":{"containerScope":{"contributions":{},"includedScopes":[]},"contributions":{},"includedScopes":[{"contributions":{},"includedScopes":[]},{"contributions":{},"includedScopes":[]},{"contributions":{},"includedScopes":[]},{"contributions":{},"includedScopes":[]},{"contributions":{},"includedScopes":[]}]},"contributions":{},"includedScopes":[]},"contributions":{},"includedScopes":[]},"contributions":{},"includedScopes":[]},"contributions":{},"includedScopes":[]},"sourceMap":{"end":{"column":10,"line":30,"offset":1123},"start":{"column":2,"line":30,"offset":1115}}},"scope":{"containerScope":{"containerScope":{"containerScope":{"containerScope":{"contributions":{},"includedScopes":[]},"contributions":{},"includedScopes":[{"contributions":{},"includedScopes":[]},{"contributions":{},"includedScopes":[]},{"contributions":{},"includedScopes":[]},{"contributions":{},"includedScopes":[]},{"contributions":{},"includedScopes":[]}]},"contributions":{},"includedScopes":[]},"contributions":{},"includedScopes":[]},"contributions":{},"includedScopes":[]},"sourceMap":{"end":{"column":14,"line":30,"offset":1127},"start":{"column":2,"line":30,"offset":1115}}},{"args":[{"id":"e9d8a12b-decf-402d-80ad-1607bce535e5","metadata":[],"name":"hector","scope":{"containerScope":{"containerScope":{"containerScope":{"containerScope":{"containerScope":{"contributions":{},"includedScopes":[]},"contributions":{},"includedScopes":[{"contributions":{},"includedScopes":[]},{"contributions":{},"includedScopes":[]},{"contributions":{},"includedScopes":[]},{"contributions":{},"includedScopes":[]},{"contributions":{},"includedScopes":[]}]},"contributions":{},"includedScopes":[]},"contributions":{},"includedScopes":[]},"contributions":{},"includedScopes":[]},"contributions":{},"includedScopes":[]},"sourceMap":{"end":{"column":24,"line":35,"offset":1246},"start":{"column":18,"line":35,"offset":1240}}}],"id":"3fde3273-b74a-4ff2-8210-238cc4e330af","message":"addVisual","metadata":[{"args":{"position":"end","text":"//game.addVisual(mercado1)"},"name":"comment"}],"receiver":{"id":"ee577bdf-2969-4201-ae55-c2259e2cd4f1","metadata":[{"args":{"position":"start","text":"//keyboard.a().onPressDo({hector.venderMercaderia()})"},"name":"comment"}],"name":"game","scope":{"containerScope":{"containerScope":{"containerScope":{"containerScope":{"containerScope":{"contributions":{},"includedScopes":[]},"contributions":{},"includedScopes":[{"contributions":{},"includedScopes":[]},{"contributions":{},"includedScopes":[]},{"contributions":{},"includedScopes":[]},{"contributions":{},"includedScopes":[]},{"contributions":{},"includedScopes":[]}]},"contributions":{},"includedScopes":[]},"contributions":{},"includedScopes":[]},"contributions":{},"includedScopes":[]},"contributions":{},"includedScopes":[]},"sourceMap":{"end":{"column":7,"line":35,"offset":1229},"start":{"column":3,"line":35,"offset":1225}}},"scope":{"containerScope":{"containerScope":{"containerScope":{"containerScope":{"contributions":{},"includedScopes":[]},"contributions":{},"includedScopes":[{"contributions":{},"includedScopes":[]},{"contributions":{},"includedScopes":[]},{"contributions":{},"includedScopes":[]},{"contributions":{},"includedScopes":[]},{"contributions":{},"includedScopes":[]}]},"contributions":{},"includedScopes":[]},"contributions":{},"includedScopes":[]},"contributions":{},"includedScopes":[]},"sourceMap":{"end":{"column":25,"line":35,"offset":1247},"start":{"column":2,"line":32,"offset":1164}}},{"args":[],"id":"9245f6e7-5854-47b6-8bcd-36cb647692f1","message":"start","metadata":[],"receiver":{"id":"42a19405-f986-40df-8e28-60eae6a476bb","metadata":[{"args":{"position":"start","text":"//game.addVisual(mercado2)"},"name":"comment"},{"args":{"position":"start","text":"//game.addVisual(mercado3) \t"},"name":"comment"}],"name":"game","scope":{"containerScope":{"containerScope":{"containerScope":{"containerScope":{"containerScope":{"contributions":{},"includedScopes":[]},"contributions":{},"includedScopes":[{"contributions":{},"includedScopes":[]},{"contributions":{},"includedScopes":[]},{"contributions":{},"includedScopes":[]},{"contributions":{},"includedScopes":[]},{"contributions":{},"includedScopes":[]}]},"contributions":{},"includedScopes":[]},"contributions":{},"includedScopes":[]},"contributions":{},"includedScopes":[]},"contributions":{},"includedScopes":[]},"sourceMap":{"end":{"column":6,"line":40,"offset":1340},"start":{"column":2,"line":40,"offset":1336}}},"scope":{"containerScope":{"containerScope":{"containerScope":{"containerScope":{"contributions":{},"includedScopes":[]},"contributions":{},"includedScopes":[{"contributions":{},"includedScopes":[]},{"contributions":{},"includedScopes":[]},{"contributions":{},"includedScopes":[]},{"contributions":{},"includedScopes":[]},{"contributions":{},"includedScopes":[]}]},"contributions":{},"includedScopes":[]},"contributions":{},"includedScopes":[]},"contributions":{},"includedScopes":[]},"sourceMap":{"end":{"column":14,"line":40,"offset":1348},"start":{"column":2,"line":37,"offset":1277}}}],"sourceMap":{"end":{"column":2,"line":41,"offset":1350},"start":{"column":19,"line":11,"offset":323}}},"stack":"Error: Failed to print, found malformed node\n    at /home/felipe/.vscode/extensions/uqbar.wollok-lsp-ide-0.3.6/out/server/src/server.js:68:3533\n    at /home/felipe/.vscode/extensions/uqbar.wollok-lsp-ide-0.3.6/out/server/src/server.js:68:4962\n    at /home/felipe/.vscode/extensions/uqbar.wollok-lsp-ide-0.3.6/out/server/src/server.js:38:6056\n    at /home/felipe/.vscode/extensions/uqbar.wollok-lsp-ide-0.3.6/out/server/src/server.js:68:3612\n    at aln (/home/felipe/.vscode/extensions/uqbar.wollok-lsp-ide-0.3.6/out/server/src/server.js:68:3344)\n    at /home/felipe/.vscode/extensions/uqbar.wollok-lsp-ide-0.3.6/out/server/src/server.js:2285:847\n    at /home/felipe/.vscode/extensions/uqbar.wollok-lsp-ide-0.3.6/out/server/src/server.js:2298:3774\n    at /home/felipe/.vscode/extensions/uqbar.wollok-lsp-ide-0.3.6/out/server/src/server.js:37:74770\n    at Fe (/home/felipe/.vscode/extensions/uqbar.wollok-lsp-ide-0.3.6/out/server/src/server.js:7:8527)\n    at Pt (/home/felipe/.vscode/extensions/uqbar.wollok-lsp-ide-0.3.6/out/server/src/server.js:7:6189)","timestamp":"2024-10-11T12:35:58.956Z"}
{"level":"error","message":"✘ Failed to get type description: Error: Failed to print, found malformed node Failed to print, found malformed node","node":{"id":"c6da4caf-cb1c-4f3f-a7e4-d5292bcdb36c","metadata":[],"problems":[{"code":"malformedSentence","sourceMap":{"end":{"column":0,"line":31,"offset":1162},"start":{"column":14,"line":30,"offset":1127}}}],"scope":{"containerScope":{"containerScope":{"containerScope":{"contributions":{},"includedScopes":[]},"contributions":{},"includedScopes":[{"contributions":{},"includedScopes":[]},{"contributions":{},"includedScopes":[]},{"contributions":{},"includedScopes":[]},{"contributions":{},"includedScopes":[]},{"contributions":{},"includedScopes":[]}]},"contributions":{},"includedScopes":[]},"contributions":{},"includedScopes":[]},"sentences":[{"args":[{"id":"4725fd64-e9d9-4b81-8132-32bd1951c075","metadata":[],"scope":{"containerScope":{"containerScope":{"containerScope":{"containerScope":{"containerScope":{"contributions":{},"includedScopes":[]},"contributions":{},"includedScopes":[{"contributions":{},"includedScopes":[]},{"contributions":{},"includedScopes":[]},{"contributions":{},"includedScopes":[]},{"contributions":{},"includedScopes":[]},{"contributions":{},"includedScopes":[]}]},"contributions":{},"includedScopes":[]},"contributions":{},"includedScopes":[]},"contributions":{},"includedScopes":[]},"contributions":{},"includedScopes":[]},"sourceMap":{"end":{"column":34,"line":13,"offset":361},"start":{"column":13,"line":13,"offset":340}},"value":"La granja de Héctor"}],"id":"a9a7e405-fa34-4ac3-bebd-a95d1d6841cb","message":"title","metadata":[],"receiver":{"id":"c6d1f72c-6b90-47ce-8562-005fda7f7277","metadata":[],"name":"game","scope":{"containerScope":{"containerScope":{"containerScope":{"containerScope":{"containerScope":{"contributions":{},"includedScopes":[]},"contributions":{},"includedScopes":[{"contributions":{},"includedScopes":[]},{"contributions":{},"includedScopes":[]},{"contributions":{},"includedScopes":[]},{"contributions":{},"includedScopes":[]},{"contributions":{},"includedScopes":[]}]},"contributions":{},"includedScopes":[]},"contributions":{},"includedScopes":[]},"contributions":{},"includedScopes":[]},"contributions":{},"includedScopes":[]},"sourceMap":{"end":{"column":6,"line":13,"offset":333},"start":{"column":2,"line":13,"offset":329}}},"scope":{"containerScope":{"containerScope":{"containerScope":{"containerScope":{"contributions":{},"includedScopes":[]},"contributions":{},"includedScopes":[{"contributions":{},"includedScopes":[]},{"contributions":{},"includedScopes":[]},{"contributions":{},"includedScopes":[]},{"contributions":{},"includedScopes":[]},{"contributions":{},"includedScopes":[]}]},"contributions":{},"includedScopes":[]},"contributions":{},"includedScopes":[]},"contributions":{},"includedScopes":[]},"sourceMap":{"end":{"column":35,"line":13,"offset":362},"start":{"column":2,"line":13,"offset":329}}},{"args":[{"id":"fcfb9a51-12ea-4af6-8e45-dbc36d8cabeb","metadata":[],"scope":{"containerScope":{"containerScope":{"containerScope":{"containerScope":{"containerScope":{"contributions":{},"includedScopes":[]},"contributions":{},"includedScopes":[{"contributions":{},"includedScopes":[]},{"contributions":{},"includedScopes":[]},{"contributions":{},"includedScopes":[]},{"contributions":{},"includedScopes":[]},{"contributions":{},"includedScopes":[]}]},"contributions":{},"includedScopes":[]},"contributions":{},"includedScopes":[]},"contributions":{},"includedScopes":[]},"contributions":{},"includedScopes":[]},"sourceMap":{"end":{"column":16,"line":14,"offset":378},"start":{"column":14,"line":14,"offset":376}},"value":10}],"id":"d76d9460-fb32-489f-a0f4-19bc7ace9309","message":"height","metadata":[],"receiver":{"id":"b96bde88-b4bb-4538-ab74-bcf87add715f","metadata":[],"name":"game","scope":{"containerScope":{"containerScope":{"containerScope":{"containerScope":{"containerScope":{"contributions":{},"includedScopes":[]},"contributions":{},"includedScopes":[{"contributions":{},"includedScopes":[]},{"contributions":{},"includedScopes":[]},{"contributions":{},"includedScopes":[]},{"contributions":{},"includedScopes":[]},{"contributions":{},"includedScopes":[]}]},"contributions":{},"includedScopes":[]},"contributions":{},"includedScopes":[]},"contributions":{},"includedScopes":[]},"contributions":{},"includedScopes":[]},"sourceMap":{"end":{"column":6,"line":14,"offset":368},"start":{"column":2,"line":14,"offset":364}}},"scope":{"containerScope":{"containerScope":{"containerScope":{"containerScope":{"contributions":{},"includedScopes":[]},"contributions":{},"includedScopes":[{"contributions":{},"includedScopes":[]},{"contributions":{},"includedScopes":[]},{"contributions":{},"includedScopes":[]},{"contributions":{},"includedScopes":[]},{"contributions":{},"includedScopes":[]}]},"contributions":{},"includedScopes":[]},"contributions":{},"includedScopes":[]},"contributions":{},"includedScopes":[]},"sourceMap":{"end":{"column":17,"line":14,"offset":379},"start":{"column":2,"line":14,"offset":364}}},{"args":[{"id":"5c106b12-ec3a-4da6-8921-00e38fca6347","metadata":[],"scope":{"containerScope":{"containerScope":{"containerScope":{"containerScope":{"containerScope":{"contributions":{},"includedScopes":[]},"contributions":{},"includedScopes":[{"contributions":{},"includedScopes":[]},{"contributions":{},"includedScopes":[]},{"contributions":{},"includedScopes":[]},{"contributions":{},"includedScopes":[]},{"contributions":{},"includedScopes":[]}]},"contributions":{},"includedScopes":[]},"contributions":{},"includedScopes":[]},"contributions":{},"includedScopes":[]},"contributions":{},"includedScopes":[]},"sourceMap":{"end":{"column":15,"line":15,"offset":394},"start":{"column":13,"line":15,"offset":392}},"value":10}],"id":"668a24c3-5638-46b2-a6a4-2c4c3c93b1f3","message":"width","metadata":[],"receiver":{"id":"cce49d53-7f8a-4343-8798-4ea0f08cdc88","metadata":[],"name":"game","scope":{"containerScope":{"containerScope":{"containerScope":{"containerScope":{"containerScope":{"contributions":{},"includedScopes":[]},"contributions":{},"includedScopes":[{"contributions":{},"includedScopes":[]},{"contributions":{},"includedScopes":[]},{"contributions":{},"includedScopes":[]},{"contributions":{},"includedScopes":[]},{"contributions":{},"includedScopes":[]}]},"contributions":{},"includedScopes":[]},"contributions":{},"includedScopes":[]},"contributions":{},"includedScopes":[]},"contributions":{},"includedScopes":[]},"sourceMap":{"end":{"column":6,"line":15,"offset":385},"start":{"column":2,"line":15,"offset":381}}},"scope":{"containerScope":{"containerScope":{"containerScope":{"containerScope":{"contributions":{},"includedScopes":[]},"contributions":{},"includedScopes":[{"contributions":{},"includedScopes":[]},{"contributions":{},"includedScopes":[]},{"contributions":{},"includedScopes":[]},{"contributions":{},"includedScopes":[]},{"contributions":{},"includedScopes":[]}]},"contributions":{},"includedScopes":[]},"contributions":{},"includedScopes":[]},"contributions":{},"includedScopes":[]},"sourceMap":{"end":{"column":16,"line":15,"offset":395},"start":{"column":2,"line":15,"offset":381}}},{"args":[{"id":"a1fb8906-c212-400c-8c50-c8b089ccf2ce","metadata":[],"scope":{"containerScope":{"containerScope":{"containerScope":{"containerScope":{"containerScope":{"contributions":{},"includedScopes":[]},"contributions":{},"includedScopes":[{"contributions":{},"includedScopes":[]},{"contributions":{},"includedScopes":[]},{"contributions":{},"includedScopes":[]},{"contributions":{},"includedScopes":[]},{"contributions":{},"includedScopes":[]}]},"contributions":{},"includedScopes":[]},"contributions":{},"includedScopes":[]},"contributions":{},"includedScopes":[]},"contributions":{},"includedScopes":[]},"sourceMap":{"end":{"column":26,"line":16,"offset":421},"start":{"column":14,"line":16,"offset":409}},"value":"ground.png"}],"id":"13411346-efb9-4cb0-998f-5b87104f8e9d","message":"ground","metadata":[],"receiver":{"id":"5e899c83-a9d2-45d6-afb4-db84bbf93b77","metadata":[],"name":"game","scope":{"containerScope":{"containerScope":{"containerScope":{"containerScope":{"containerScope":{"contributions":{},"includedScopes":[]},"contributions":{},"includedScopes":[{"contributions":{},"includedScopes":[]},{"contributions":{},"includedScopes":[]},{"contributions":{},"includedScopes":[]},{"contributions":{},"includedScopes":[]},{"contributions":{},"includedScopes":[]}]},"contributions":{},"includedScopes":[]},"contributions":{},"includedScopes":[]},"contributions":{},"includedScopes":[]},"contributions":{},"includedScopes":[]},"sourceMap":{"end":{"column":6,"line":16,"offset":401},"start":{"column":2,"line":16,"offset":397}}},"scope":{"containerScope":{"containerScope":{"containerScope":{"containerScope":{"contributions":{},"includedScopes":[]},"contributions":{},"includedScopes":[{"contributions":{},"includedScopes":[]},{"contributions":{},"includedScopes":[]},{"contributions":{},"includedScopes":[]},{"contributions":{},"includedScopes":[]},{"contributions":{},"includedScopes":[]}]},"contributions":{},"includedScopes":[]},"contributions":{},"includedScopes":[]},"contributions":{},"includedScopes":[]},"sourceMap":{"end":{"column":27,"line":16,"offset":422},"start":{"column":2,"line":16,"offset":397}}},{"args":[{"id":"acac04b4-3ddc-40d2-9d8f-f4fef0225aba","members":[{"body":{"id":"e709bc27-785e-4416-9e16-91c46f667dbc","metadata":[],"scope":{"containerScope":{"containerScope":{"containerScope":{"containerScope":{"containerScope":{"containerScope":{"containerScope":{"contributions":{},"includedScopes":[]},"contributions":{},"includedScopes":[{"contributions":{},"includedScopes":[]},{"contributions":{},"includedScopes":[]},{"contributions":{},"includedScopes":[]},{"contributions":{},"includedScopes":[]},{"contributions":{},"includedScopes":[]}]},"contributions":{},"includedScopes":[]},"contributions":{},"includedScopes":[]},"contributions":{},"includedScopes":[]},"contributions":{},"includedScopes":[{"containerScope":{"containerScope":{"containerScope":{"contributions":{},"includedScopes":[]},"contributions":{},"includedScopes":[]},"contributions":{},"includedScopes":[]},"contributions":{},"includedScopes":[{"containerScope":{"containerScope":{"containerScope":{"contributions":{},"includedScopes":[]},"contributions":{},"includedScopes":[]},"contributions":{},"includedScopes":[]},"contributions":{},"includedScopes":[]}]},{"containerScope":{"containerScope":{"containerScope":{"contributions":{},"includedScopes":[]},"contributions":{},"includedScopes":[]},"contributions":{},"includedScopes":[]},"contributions":{},"includedScopes":[]}]},"contributions":{},"includedScopes":[]},"contributions":{},"includedScopes":[]},"sentences":[{"id":"09a41aa4-7462-4436-95ff-5e899b9e68e6","metadata":[],"scope":{"containerScope":{"containerScope":{"containerScope":{"containerScope":{"containerScope":{"containerScope":{"containerScope":{"containerScope":{"contributions":{},"includedScopes":[]},"contributions":{},"includedScopes":[{"contributions":{},"includedScopes":[]},{"contributions":{},"includedScopes":[]},{"contributions":{},"includedScopes":[]},{"contributions":{},"includedScopes":[]},{"contributions":{},"includedScopes":[]}]},"contributions":{},"includedScopes":[]},"contributions":{},"includedScopes":[]},"contributions":{},"includedScopes":[]},"contributions":{},"includedScopes":[{"containerScope":{"containerScope":{"containerScope":{"contributions":{},"includedScopes":[]},"contributions":{},"includedScopes":[]},"contributions":{},"includedScopes":[]},"contributions":{},"includedScopes":[{"containerScope":{"containerScope":{"containerScope":{"contributions":{},"includedScopes":[]},"contributions":{},"includedScopes":[]},"contributions":{},"includedScopes":[]},"contributions":{},"includedScopes":[]}]},{"containerScope":{"containerScope":{"containerScope":{"contributions":{},"includedScopes":[]},"contributions":{},"includedScopes":[]},"contributions":{},"includedScopes":[]},"contributions":{},"includedScopes":[]}]},"contributions":{},"includedScopes":[]},"contributions":{},"includedScopes":[]},"contributions":{},"includedScopes":[]},"value":{"args":[{"id":"caa0da2e-19b7-404b-a43a-1579739a5a7d","metadata":[],"name":"arriba","scope":{"containerScope":{"containerScope":{"containerScope":{"containerScope":{"containerScope":{"containerScope":{"containerScope":{"containerScope":{"containerScope":{"containerScope":{"contributions":{},"includedScopes":[]},"contributions":{},"includedScopes":[{"contributions":{},"includedScopes":[]},{"contributions":{},"includedScopes":[]},{"contributions":{},"includedScopes":[]},{"contributions":{},"includedScopes":[]},{"contributions":{},"includedScopes":[]}]},"contributions":{},"includedScopes":[]},"contributions":{},"includedScopes":[]},"contributions":{},"includedScopes":[]},"contributions":{},"includedScopes":[{"containerScope":{"containerScope":{"containerScope":{"contributions":{},"includedScopes":[]},"contributions":{},"includedScopes":[]},"contributions":{},"includedScopes":[]},"contributions":{},"includedScopes":[{"containerScope":{"containerScope":{"containerScope":{"contributions":{},"includedScopes":[]},"contributions":{},"includedScopes":[]},"contributions":{},"includedScopes":[]},"contributions":{},"includedScopes":[]}]},{"containerScope":{"containerScope":{"containerScope":{"contributions":{},"includedScopes":[]},"contributions":{},"includedScopes":[]},"contributions":{},"includedScopes":[]},"contributions":{},"includedScopes":[]}]},"contributions":{},"includedScopes":[]},"contributions":{},"includedScopes":[]},"contributions":{},"includedScopes":[]},"contributions":{},"includedScopes":[]},"contributions":{},"includedScopes":[]},"sourceMap":{"end":{"column":46,"line":18,"offset":469},"start":{"column":40,"line":18,"offset":463}}}],"id":"1f1fde6d-72ee-4316-8923-7dd55975063e","message":"mover","metadata":[],"receiver":{"id":"0d927d15-6f64-422e-8371-596fdc3b3627","metadata":[],"name":"hector","scope":{"containerScope":{"containerScope":{"containerScope":{"containerScope":{"containerScope":{"containerScope":{"containerScope":{"containerScope":{"containerScope":{"containerScope":{"contributions":{},"includedScopes":[]},"contributions":{},"includedScopes":[{"contributions":{},"includedScopes":[]},{"contributions":{},"includedScopes":[]},{"contributions":{},"includedScopes":[]},{"contributions":{},"includedScopes":[]},{"contributions":{},"includedScopes":[]}]},"contributions":{},"includedScopes":[]},"contributions":{},"includedScopes":[]},"contributions":{},"includedScopes":[]},"contributions":{},"includedScopes":[{"containerScope":{"containerScope":{"containerScope":{"contributions":{},"includedScopes":[]},"contributions":{},"includedScopes":[]},"contributions":{},"includedScopes":[]},"contributions":{},"includedScopes":[{"containerScope":{"containerScope":{"containerScope":{"contributions":{},"includedScopes":[]},"contributions":{},"includedScopes":[]},"contributions":{},"includedScopes":[]},"contributions":{},"includedScopes":[]}]},{"containerScope":{"containerScope":{"containerScope":{"contributions":{},"includedScopes":[]},"contributions":{},"includedScopes":[]},"contributions":{},"includedScopes":[]},"contributions":{},"includedScopes":[]}]},"contributions":{},"includedScopes":[]},"contributions":{},"includedScopes":[]},"contributions":{},"includedScopes":[]},"contributions":{},"includedScopes":[]},"contributions":{},"includedScopes":[]},"sourceMap":{"end":{"column":33,"line":18,"offset":456},"start":{"column":27,"line":18,"offset":450}}},"scope":{"containerScope":{"containerScope":{"containerScope":{"containerScope":{"containerScope":{"containerScope":{"containerScope":{"containerScope":{"containerScope":{"contributions":{},"includedScopes":[]},"contributions":{},"includedScopes":[{"contributions":{},"includedScopes":[]},{"contributions":{},"includedScopes":[]},{"contributions":{},"includedScopes":[]},{"contributions":{},"includedScopes":[]},{"contributions":{},"includedScopes":[]}]},"contributions":{},"includedScopes":[]},"contributions":{},"includedScopes":[]},"contributions":{},"includedScopes":[]},"contributions":{},"includedScopes":[{"containerScope":{"containerScope":{"containerScope":{"contributions":{},"includedScopes":[]},"contributions":{},"includedScopes":[]},"contributions":{},"includedScopes":[]},"contributions":{},"includedScopes":[{"containerScope":{"containerScope":{"containerScope":{"contributions":{},"includedScopes":[]},"contributions":{},"includedScopes":[]},"contributions":{},"includedScopes":[]},"contributions":{},"includedScopes":[]}]},{"containerScope":{"containerScope":{"containerScope":{"contributions":{},"includedScopes":[]},"contributions":{},"includedScopes":[]},"contributions":{},"includedScopes":[]},"contributions":{},"includedScopes":[]}]},"contributions":{},"includedScopes":[]},"contributions":{},"includedScopes":[]},"contributions":{},"includedScopes":[]},"contributions":{},"includedScopes":[]},"sourceMap":{"end":{"column":47,"line":18,"offset":470},"start":{"column":27,"line":18,"offset":450}}}}]},"id":"d3c5ff68-eb35-47ee-9ae7-a1ee0e6289ce","isOverride":false,"metadata":[],"name":"<apply>","parameters":[],"scope":{"containerScope":{"containerScope":{"containerScope":{"containerScope":{"containerScope":{"containerScope":{"contributions":{},"includedScopes":[]},"contributions":{},"includedScopes":[{"contributions":{},"includedScopes":[]},{"contributions":{},"includedScopes":[]},{"contributions":{},"includedScopes":[]},{"contributions":{},"includedScopes":[]},{"contributions":{},"includedScopes":[]}]},"contributions":{},"includedScopes":[]},"contributions":{},"includedScopes":[]},"contributions":{},"includedScopes":[]},"contributions":{},"includedScopes":[{"containerScope":{"containerScope":{"containerScope":{"contributions":{},"includedScopes":[]},"contributions":{},"includedScopes":[]},"contributions":{},"includedScopes":[]},"contributions":{},"includedScopes":[{"containerScope":{"containerScope":{"containerScope":{"contributions":{},"includedScopes":[]},"contributions":{},"includedScopes":[]},"contributions":{},"includedScopes":[]},"contributions":{},"includedScopes":[]}]},{"containerScope":{"containerScope":{"containerScope":{"contributions":{},"includedScopes":[]},"contributions":{},"includedScopes":[]},"contributions":{},"includedScopes":[]},"contributions":{},"includedScopes":[]}]},"contributions":{},"includedScopes":[]}},{"id":"a354c316-1261-4998-b174-06a3d1f5a0b0","isConstant":true,"isProperty":false,"metadata":[],"name":"<toString>","scope":{"containerScope":{"containerScope":{"containerScope":{"containerScope":{"containerScope":{"containerScope":{"contributions":{},"includedScopes":[]},"contributions":{},"includedScopes":[{"contributions":{},"includedScopes":[]},{"contributions":{},"includedScopes":[]},{"contributions":{},"includedScopes":[]},{"contributions":{},"includedScopes":[]},{"contributions":{},"includedScopes":[]}]},"contributions":{},"includedScopes":[]},"contributions":{},"includedScopes":[]},"contributions":{},"includedScopes":[]},"contributions":{},"includedScopes":[{"containerScope":{"containerScope":{"containerScope":{"contributions":{},"includedScopes":[]},"contributions":{},"includedScopes":[]},"contributions":{},"includedScopes":[]},"contributions":{},"includedScopes":[{"containerScope":{"containerScope":{"containerScope":{"contributions":{},"includedScopes":[]},"contributions":{},"includedScopes":[]},"contributions":{},"includedScopes":[]},"contributions":{},"includedScopes":[]}]},{"containerScope":{"containerScope":{"containerScope":{"contributions":{},"includedScopes":[]},"contributions":{},"includedScopes":[]},"contributions":{},"includedScopes":[]},"contributions":{},"includedScopes":[]}]},"contributions":{},"includedScopes":[]},"value":{"id":"a2f6bf2a-2c37-4a65-b4d9-acdc9e25a0b0","metadata":[],"scope":{"containerScope":{"containerScope":{"containerScope":{"containerScope":{"containerScope":{"containerScope":{"containerScope":{"contributions":{},"includedScopes":[]},"contributions":{},"includedScopes":[{"contributions":{},"includedScopes":[]},{"contributions":{},"includedScopes":[]},{"contributions":{},"includedScopes":[]},{"contributions":{},"includedScopes":[]},{"contributions":{},"includedScopes":[]}]},"contributions":{},"includedScopes":[]},"contributions":{},"includedScopes":[]},"contributions":{},"includedScopes":[]},"contributions":{},"includedScopes":[{"containerScope":{"containerScope":{"containerScope":{"contributions":{},"includedScopes":[]},"contributions":{},"includedScopes":[]},"contributions":{},"includedScopes":[]},"contributions":{},"includedScopes":[{"containerScope":{"containerScope":{"containerScope":{"contributions":{},"includedScopes":[]},"contributions":{},"includedScopes":[]},"contributions":{},"includedScopes":[]},"contributions":{},"includedScopes":[]}]},{"containerScope":{"containerScope":{"containerScope":{"contributions":{},"includedScopes":[]},"contributions":{},"includedScopes":[]},"contributions":{},"includedScopes":[]},"contributions":{},"includedScopes":[]}]},"contributions":{},"includedScopes":[]},"contributions":{},"includedScopes":[]},"value":"{hector.mover(arriba)}"}}],"metadata":[],"scope":{"containerScope":{"containerScope":{"containerScope":{"containerScope":{"containerScope":{"contributions":{},"includedScopes":[]},"contributions":{},"includedScopes":[{"contributions":{},"includedScopes":[]},{"contributions":{},"includedScopes":[]},{"contributions":{},"includedScopes":[]},{"contributions":{},"includedScopes":[]},{"contributions":{},"includedScopes":[]}]},"contributions":{},"includedScopes":[]},"contributions":{},"includedScopes":[]},"contributions":{},"includedScopes":[]},"contributions":{},"includedScopes":[{"containerScope":{"containerScope":{"containerScope":{"contributions":{},"includedScopes":[]},"contributions":{},"includedScopes":[]},"contributions":{},"includedScopes":[]},"contributions":{},"includedScopes":[{"containerScope":{"containerScope":{"containerScope":{"contributions":{},"includedScopes":[]},"contributions":{},"includedScopes":[]},"contributions":{},"includedScopes":[]},"contributions":{},"includedScopes":[]}]},{"containerScope":{"containerScope":{"containerScope":{"contributions":{},"includedScopes":[]},"contributions":{},"includedScopes":[]},"contributions":{},"includedScopes":[]},"contributions":{},"includedScopes":[]}]},"sourceMap":{"end":{"column":48,"line":18,"offset":471},"start":{"column":26,"line":18,"offset":449}},"supertypes":[{"args":[],"id":"436561aa-6e74-4037-9db7-ee8f5676fd89","metadata":[],"reference":{"id":"e32101d8-ba01-4dc8-a787-999f817c13ee","metadata":[],"name":"wollok.lang.Closure","scope":{"containerScope":{"containerScope":{"containerScope":{"containerScope":{"containerScope":{"containerScope":{"contributions":{},"includedScopes":[]},"contributions":{},"includedScopes":[{"contributions":{},"includedScopes":[]},{"contributions":{},"includedScopes":[]},{"contributions":{},"includedScopes":[]},{"contributions":{},"includedScopes":[]},{"contributions":{},"includedScopes":[]}]},"contributions":{},"includedScopes":[]},"contributions":{},"includedScopes":[]},"contributions":{},"includedScopes":[]},"contributions":{},"includedScopes":[{"containerScope":{"containerScope":{"containerScope":{"contributions":{},"includedScopes":[]},"contributions":{},"includedScopes":[]},"contributions":{},"includedScopes":[]},"contributions":{},"includedScopes":[{"containerScope":{"containerScope":{"containerScope":{"contributions":{},"includedScopes":[]},"contributions":{},"includedScopes":[]},"contributions":{},"includedScopes":[]},"contributions":{},"includedScopes":[]}]},{"containerScope":{"containerScope":{"containerScope":{"contributions":{},"includedScopes":[]},"contributions":{},"includedScopes":[]},"contributions":{},"includedScopes":[]},"contributions":{},"includedScopes":[]}]},"contributions":{},"includedScopes":[]}},"scope":{"containerScope":{"containerScope":{"containerScope":{"containerScope":{"containerScope":{"containerScope":{"contributions":{},"includedScopes":[]},"contributions":{},"includedScopes":[{"contributions":{},"includedScopes":[]},{"contributions":{},"includedScopes":[]},{"contributions":{},"includedScopes":[]},{"contributions":{},"includedScopes":[]},{"contributions":{},"includedScopes":[]}]},"contributions":{},"includedScopes":[]},"contributions":{},"includedScopes":[]},"contributions":{},"includedScopes":[]},"contributions":{},"includedScopes":[{"containerScope":{"containerScope":{"containerScope":{"contributions":{},"includedScopes":[]},"contributions":{},"includedScopes":[]},"contributions":{},"includedScopes":[]},"contributions":{},"includedScopes":[{"containerScope":{"containerScope":{"containerScope":{"contributions":{},"includedScopes":[]},"contributions":{},"includedScopes":[]},"contributions":{},"includedScopes":[]},"contributions":{},"includedScopes":[]}]},{"containerScope":{"containerScope":{"containerScope":{"contributions":{},"includedScopes":[]},"contributions":{},"includedScopes":[]},"contributions":{},"includedScopes":[]},"contributions":{},"includedScopes":[]}]},"contributions":{},"includedScopes":[]}}]}],"id":"916be613-e370-484d-9cb6-f52c1808f517","message":"onPressDo","metadata":[],"receiver":{"args":[],"id":"7f6aa0db-a549-4161-96d3-92371c46aa8e","message":"up","metadata":[],"receiver":{"id":"addc6c0b-8e45-45dc-9ac9-e30e20b61a22","metadata":[],"name":"keyboard","scope":{"containerScope":{"containerScope":{"containerScope":{"containerScope":{"containerScope":{"containerScope":{"contributions":{},"includedScopes":[]},"contributions":{},"includedScopes":[{"contributions":{},"includedScopes":[]},{"contributions":{},"includedScopes":[]},{"contributions":{},"includedScopes":[]},{"contributions":{},"includedScopes":[]},{"contributions":{},"includedScopes":[]}]},"contributions":{},"includedScopes":[]},"contributions":{},"includedScopes":[]},"contributions":{},"includedScopes":[]},"contributions":{},"includedScopes":[]},"contributions":{},"includedScopes":[]},"sourceMap":{"end":{"column":10,"line":18,"offset":433},"start":{"column":2,"line":18,"offset":425}}},"scope":{"containerScope":{"containerScope":{"containerScope":{"containerScope":{"containerScope":{"contributions":{},"includedScopes":[]},"contributions":{},"includedScopes":[{"contributions":{},"includedScopes":[]},{"contributions":{},"includedScopes":[]},{"contributions":{},"includedScopes":[]},{"contributions":{},"includedScopes":[]},{"contributions":{},"includedScopes":[]}]},"contributions":{},"includedScopes":[]},"contributions":{},"includedScopes":[]},"contributions":{},"includedScopes":[]},"contributions":{},"includedScopes":[]},"sourceMap":{"end":{"column":15,"line":18,"offset":438},"start":{"column":2,"line":18,"offset":425}}},"scope":{"containerScope":{"containerScope":{"containerScope":{"containerScope":{"contributions":{},"includedScopes":[]},"contributions":{},"includedScopes":[{"contributions":{},"includedScopes":[]},{"contributions":{},"includedScopes":[]},{"contributions":{},"includedScopes":[]},{"contributions":{},"includedScopes":[]},{"contributions":{},"includedScopes":[]}]},"contributions":{},"includedScopes":[]},"contributions":{},"includedScopes":[]},"contributions":{},"includedScopes":[]},"sourceMap":{"end":{"column":49,"line":18,"offset":472},"start":{"column":2,"line":18,"offset":425}}},{"args":[{"id":"1fb56180-2525-46a7-ba2d-2498bebd70a0","members":[{"body":{"id":"10bf9086-7ee1-4b8a-a7a8-db90ffe56a7d","metadata":[],"scope":{"containerScope":{"containerScope":{"containerScope":{"containerScope":{"containerScope":{"containerScope":{"containerScope":{"contributions":{},"includedScopes":[]},"contributions":{},"includedScopes":[{"contributions":{},"includedScopes":[]},{"contributions":{},"includedScopes":[]},{"contributions":{},"includedScopes":[]},{"contributions":{},"includedScopes":[]},{"contributions":{},"includedScopes":[]}]},"contributions":{},"includedScopes":[]},"contributions":{},"includedScopes":[]},"contributions":{},"includedScopes":[]},"contributions":{},"includedScopes":[{"containerScope":{"containerScope":{"containerScope":{"contributions":{},"includedScopes":[]},"contributions":{},"includedScopes":[]},"contributions":{},"includedScopes":[]},"contributions":{},"includedScopes":[{"containerScope":{"containerScope":{"containerScope":{"contributions":{},"includedScopes":[]},"contributions":{},"includedScopes":[]},"contributions":{},"includedScopes":[]},"contributions":{},"includedScopes":[]}]},{"containerScope":{"containerScope":{"containerScope":{"contributions":{},"includedScopes":[]},"contributions":{},"includedScopes":[]},"contributions":{},"includedScopes":[]},"contributions":{},"includedScopes":[]}]},"contributions":{},"includedScopes":[]},"contributions":{},"includedScopes":[]},"sentences":[{"id":"d8598062-1178-4acf-8db9-f092a71c1ccb","metadata":[],"scope":{"containerScope":{"containerScope":{"containerScope":{"containerScope":{"containerScope":{"containerScope":{"containerScope":{"containerScope":{"contributions":{},"includedScopes":[]},"contributions":{},"includedScopes":[{"contributions":{},"includedScopes":[]},{"contributions":{},"includedScopes":[]},{"contributions":{},"includedScopes":[]},{"contributions":{},"includedScopes":[]},{"contributions":{},"includedScopes":[]}]},"contributions":{},"includedScopes":[]},"contributions":{},"includedScopes":[]},"contributions":{},"includedScopes":[]},"contributions":{},"includedScopes":[{"containerScope":{"containerScope":{"containerScope":{"contributions":{},"includedScopes":[]},"contributions":{},"includedScopes":[]},"contributions":{},"includedScopes":[]},"contributions":{},"includedScopes":[{"containerScope":{"containerScope":{"containerScope":{"contributions":{},"includedScopes":[]},"contributions":{},"includedScopes":[]},"contributions":{},"includedScopes":[]},"contributions":{},"includedScopes":[]}]},{"containerScope":{"containerScope":{"containerScope":{"contributions":{},"includedScopes":[]},"contributions":{},"includedScopes":[]},"contributions":{},"includedScopes":[]},"contributions":{},"includedScopes":[]}]},"contributions":{},"includedScopes":[]},"contributions":{},"includedScopes":[]},"contributions":{},"includedScopes":[]},"value":{"args":[{"id":"08376acd-7635-4f5a-8073-8ff8e58a25e9","metadata":[],"name":"abajo","scope":{"containerScope":{"containerScope":{"containerScope":{"containerScope":{"containerScope":{"containerScope":{"containerScope":{"containerScope":{"containerScope":{"containerScope":{"contributions":{},"includedScopes":[]},"contributions":{},"includedScopes":[{"contributions":{},"includedScopes":[]},{"contributions":{},"includedScopes":[]},{"contributions":{},"includedScopes":[]},{"contributions":{},"includedScopes":[]},{"contributions":{},"includedScopes":[]}]},"contributions":{},"includedScopes":[]},"contributions":{},"includedScopes":[]},"contributions":{},"includedScopes":[]},"contributions":{},"includedScopes":[{"containerScope":{"containerScope":{"containerScope":{"contributions":{},"includedScopes":[]},"contributions":{},"includedScopes":[]},"contributions":{},"includedScopes":[]},"contributions":{},"includedScopes":[{"containerScope":{"containerScope":{"containerScope":{"contributions":{},"includedScopes":[]},"contributions":{},"includedScopes":[]},"contributions":{},"includedScopes":[]},"contributions":{},"includedScopes":[]}]},{"containerScope":{"containerScope":{"containerScope":{"contributions":{},"includedScopes":[]},"contributions":{},"includedScopes":[]},"contributions":{},"includedScopes":[]},"contributions":{},"includedScopes":[]}]},"contributions":{},"includedScopes":[]},"contributions":{},"includedScopes":[]},"contributions":{},"includedScopes":[]},"contributions":{},"includedScopes":[]},"contributions":{},"includedScopes":[]},"sourceMap":{"end":{"column":47,"line":19,"offset":519},"start":{"column":42,"line":19,"offset":514}}}],"id":"3dbc2194-70e6-4aa5-837e-093a590d3edb","message":"mover","metadata":[],"receiver":{"id":"56315614-c2ee-408b-a902-c72b3f480657","metadata":[],"name":"hector","scope":{"containerScope":{"containerScope":{"containerScope":{"containerScope":{"containerScope":{"containerScope":{"containerScope":{"containerScope":{"containerScope":{"containerScope":{"contributions":{},"includedScopes":[]},"contributions":{},"includedScopes":[{"contributions":{},"includedScopes":[]},{"contributions":{},"includedScopes":[]},{"contributions":{},"includedScopes":[]},{"contributions":{},"includedScopes":[]},{"contributions":{},"includedScopes":[]}]},"contributions":{},"includedScopes":[]},"contributions":{},"includedScopes":[]},"contributions":{},"includedScopes":[]},"contributions":{},"includedScopes":[{"containerScope":{"containerScope":{"containerScope":{"contributions":{},"includedScopes":[]},"contributions":{},"includedScopes":[]},"contributions":{},"includedScopes":[]},"contributions":{},"includedScopes":[{"containerScope":{"containerScope":{"containerScope":{"contributions":{},"includedScopes":[]},"contributions":{},"includedScopes":[]},"contributions":{},"includedScopes":[]},"contributions":{},"includedScopes":[]}]},{"containerScope":{"containerScope":{"containerScope":{"contributions":{},"includedScopes":[]},"contributions":{},"includedScopes":[]},"contributions":{},"includedScopes":[]},"contributions":{},"includedScopes":[]}]},"contributions":{},"includedScopes":[]},"contributions":{},"includedScopes":[]},"contributions":{},"includedScopes":[]},"contributions":{},"includedScopes":[]},"contributions":{},"includedScopes":[]},"sourceMap":{"end":{"column":35,"line":19,"offset":507},"start":{"column":29,"line":19,"offset":501}}},"scope":{"containerScope":{"containerScope":{"containerScope":{"containerScope":{"containerScope":{"containerScope":{"containerScope":{"containerScope":{"containerScope":{"contributions":{},"includedScopes":[]},"contributions":{},"includedScopes":[{"contributions":{},"includedScopes":[]},{"contributions":{},"includedScopes":[]},{"contributions":{},"includedScopes":[]},{"contributions":{},"includedScopes":[]},{"contributions":{},"includedScopes":[]}]},"contributions":{},"includedScopes":[]},"contributions":{},"includedScopes":[]},"contributions":{},"includedScopes":[]},"contributions":{},"includedScopes":[{"containerScope":{"containerScope":{"containerScope":{"contributions":{},"includedScopes":[]},"contributions":{},"includedScopes":[]},"contributions":{},"includedScopes":[]},"contributions":{},"includedScopes":[{"containerScope":{"containerScope":{"containerScope":{"contributions":{},"includedScopes":[]},"contributions":{},"includedScopes":[]},"contributions":{},"includedScopes":[]},"contributions":{},"includedScopes":[]}]},{"containerScope":{"containerScope":{"containerScope":{"contributions":{},"includedScopes":[]},"contributions":{},"includedScopes":[]},"contributions":{},"includedScopes":[]},"contributions":{},"includedScopes":[]}]},"contributions":{},"includedScopes":[]},"contributions":{},"includedScopes":[]},"contributions":{},"includedScopes":[]},"contributions":{},"includedScopes":[]},"sourceMap":{"end":{"column":48,"line":19,"offset":520},"start":{"column":29,"line":19,"offset":501}}}}]},"id":"a5bc12af-663c-4359-8df8-f4aea274041c","isOverride":false,"metadata":[],"name":"<apply>","parameters":[],"scope":{"containerScope":{"containerScope":{"containerScope":{"containerScope":{"containerScope":{"containerScope":{"contributions":{},"includedScopes":[]},"contributions":{},"includedScopes":[{"contributions":{},"includedScopes":[]},{"contributions":{},"includedScopes":[]},{"contributions":{},"includedScopes":[]},{"contributions":{},"includedScopes":[]},{"contributions":{},"includedScopes":[]}]},"contributions":{},"includedScopes":[]},"contributions":{},"includedScopes":[]},"contributions":{},"includedScopes":[]},"contributions":{},"includedScopes":[{"containerScope":{"containerScope":{"containerScope":{"contributions":{},"includedScopes":[]},"contributions":{},"includedScopes":[]},"contributions":{},"includedScopes":[]},"contributions":{},"includedScopes":[{"containerScope":{"containerScope":{"containerScope":{"contributions":{},"includedScopes":[]},"contributions":{},"includedScopes":[]},"contributions":{},"includedScopes":[]},"contributions":{},"includedScopes":[]}]},{"containerScope":{"containerScope":{"containerScope":{"contributions":{},"includedScopes":[]},"contributions":{},"includedScopes":[]},"contributions":{},"includedScopes":[]},"contributions":{},"includedScopes":[]}]},"contributions":{},"includedScopes":[]}},{"id":"3c951a08-6bfa-4b21-b047-6bdaebf8b940","isConstant":true,"isProperty":false,"metadata":[],"name":"<toString>","scope":{"containerScope":{"containerScope":{"containerScope":{"containerScope":{"containerScope":{"containerScope":{"contributions":{},"includedScopes":[]},"contributions":{},"includedScopes":[{"contributions":{},"includedScopes":[]},{"contributions":{},"includedScopes":[]},{"contributions":{},"includedScopes":[]},{"contributions":{},"includedScopes":[]},{"contributions":{},"includedScopes":[]}]},"contributions":{},"includedScopes":[]},"contributions":{},"includedScopes":[]},"contributions":{},"includedScopes":[]},"contributions":{},"includedScopes":[{"containerScope":{"containerScope":{"containerScope":{"contributions":{},"includedScopes":[]},"contributions":{},"includedScopes":[]},"contributions":{},"includedScopes":[]},"contributions":{},"includedScopes":[{"containerScope":{"containerScope":{"containerScope":{"contributions":{},"includedScopes":[]},"contributions":{},"includedScopes":[]},"contributions":{},"includedScopes":[]},"contributions":{},"includedScopes":[]}]},{"containerScope":{"containerScope":{"containerScope":{"contributions":{},"includedScopes":[]},"contributions":{},"includedScopes":[]},"contributions":{},"includedScopes":[]},"contributions":{},"includedScopes":[]}]},"contributions":{},"includedScopes":[]},"value":{"id":"f85c95ea-2be9-4a87-bc11-5065a14f7c98","metadata":[],"scope":{"containerScope":{"containerScope":{"containerScope":{"containerScope":{"containerScope":{"containerScope":{"containerScope":{"contributions":{},"includedScopes":[]},"contributions":{},"includedScopes":[{"contributions":{},"includedScopes":[]},{"contributions":{},"includedScopes":[]},{"contributions":{},"includedScopes":[]},{"contributions":{},"includedScopes":[]},{"contributions":{},"includedScopes":[]}]},"contributions":{},"includedScopes":[]},"contributions":{},"includedScopes":[]},"contributions":{},"includedScopes":[]},"contributions":{},"includedScopes":[{"containerScope":{"containerScope":{"containerScope":{"contributions":{},"includedScopes":[]},"contributions":{},"includedScopes":[]},"contributions":{},"includedScopes":[]},"contributions":{},"includedScopes":[{"containerScope":{"containerScope":{"containerScope":{"contributions":{},"includedScopes":[]},"contributions":{},"includedScopes":[]},"contributions":{},"includedScopes":[]},"contributions":{},"includedScopes":[]}]},{"containerScope":{"containerScope":{"containerScope":{"contributions":{},"includedScopes":[]},"contributions":{},"includedScopes":[]},"contributions":{},"includedScopes":[]},"contributions":{},"includedScopes":[]}]},"contributions":{},"includedScopes":[]},"contributions":{},"includedScopes":[]},"value":"{hector.mover(abajo)}"}}],"metadata":[],"scope":{"containerScope":{"containerScope":{"containerScope":{"containerScope":{"containerScope":{"contributions":{},"includedScopes":[]},"contributions":{},"includedScopes":[{"contributions":{},"includedScopes":[]},{"contributions":{},"includedScopes":[]},{"contributions":{},"includedScopes":[]},{"contributions":{},"includedScopes":[]},{"contributions":{},"includedScopes":[]}]},"contributions":{},"includedScopes":[]},"contributions":{},"includedScopes":[]},"contributions":{},"includedScopes":[]},"contributions":{},"includedScopes":[{"containerScope":{"containerScope":{"containerScope":{"contributions":{},"includedScopes":[]},"contributions":{},"includedScopes":[]},"contributions":{},"includedScopes":[]},"contributions":{},"includedScopes":[{"containerScope":{"containerScope":{"containerScope":{"contributions":{},"includedScopes":[]},"contributions":{},"includedScopes":[]},"contributions":{},"includedScopes":[]},"contributions":{},"includedScopes":[]}]},{"containerScope":{"containerScope":{"containerScope":{"contributions":{},"includedScopes":[]},"contributions":{},"includedScopes":[]},"contributions":{},"includedScopes":[]},"contributions":{},"includedScopes":[]}]},"sourceMap":{"end":{"column":49,"line":19,"offset":521},"start":{"column":28,"line":19,"offset":500}},"supertypes":[{"args":[],"id":"fa390bf8-b041-4fa7-8c78-dfd98633a39a","metadata":[],"reference":{"id":"df55f6d6-6950-4b29-be55-76d3bc52aea2","metadata":[],"name":"wollok.lang.Closure","scope":{"containerScope":{"containerScope":{"containerScope":{"containerScope":{"containerScope":{"containerScope":{"contributions":{},"includedScopes":[]},"contributions":{},"includedScopes":[{"contributions":{},"includedScopes":[]},{"contributions":{},"includedScopes":[]},{"contributions":{},"includedScopes":[]},{"contributions":{},"includedScopes":[]},{"contributions":{},"includedScopes":[]}]},"contributions":{},"includedScopes":[]},"contributions":{},"includedScopes":[]},"contributions":{},"includedScopes":[]},"contributions":{},"includedScopes":[{"containerScope":{"containerScope":{"containerScope":{"contributions":{},"includedScopes":[]},"contributions":{},"includedScopes":[]},"contributions":{},"includedScopes":[]},"contributions":{},"includedScopes":[{"containerScope":{"containerScope":{"containerScope":{"contributions":{},"includedScopes":[]},"contributions":{},"includedScopes":[]},"contributions":{},"includedScopes":[]},"contributions":{},"includedScopes":[]}]},{"containerScope":{"containerScope":{"containerScope":{"contributions":{},"includedScopes":[]},"contributions":{},"includedScopes":[]},"contributions":{},"includedScopes":[]},"contributions":{},"includedScopes":[]}]},"contributions":{},"includedScopes":[]}},"scope":{"containerScope":{"containerScope":{"containerScope":{"containerScope":{"containerScope":{"containerScope":{"contributions":{},"includedScopes":[]},"contributions":{},"includedScopes":[{"contributions":{},"includedScopes":[]},{"contributions":{},"includedScopes":[]},{"contributions":{},"includedScopes":[]},{"contributions":{},"includedScopes":[]},{"contributions":{},"includedScopes":[]}]},"contributions":{},"includedScopes":[]},"contributions":{},"includedScopes":[]},"contributions":{},"includedScopes":[]},"contributions":{},"includedScopes":[{"containerScope":{"containerScope":{"containerScope":{"contributions":{},"includedScopes":[]},"contributions":{},"includedScopes":[]},"contributions":{},"includedScopes":[]},"contributions":{},"includedScopes":[{"containerScope":{"containerScope":{"containerScope":{"contributions":{},"includedScopes":[]},"contributions":{},"includedScopes":[]},"contributions":{},"includedScopes":[]},"contributions":{},"includedScopes":[]}]},{"containerScope":{"containerScope":{"containerScope":{"contributions":{},"includedScopes":[]},"contributions":{},"includedScopes":[]},"contributions":{},"includedScopes":[]},"contributions":{},"includedScopes":[]}]},"contributions":{},"includedScopes":[]}}]}],"id":"03772516-de9f-460e-905a-89c3a9ff76e5","message":"onPressDo","metadata":[],"receiver":{"args":[],"id":"e489726b-0aae-41bd-ac48-da2f3f48f9bd","message":"down","metadata":[],"receiver":{"id":"ea8c1302-6003-4454-9eec-e3db15f13995","metadata":[],"name":"keyboard","scope":{"containerScope":{"containerScope":{"containerScope":{"containerScope":{"containerScope":{"containerScope":{"contributions":{},"includedScopes":[]},"contributions":{},"includedScopes":[{"contributions":{},"includedScopes":[]},{"contributions":{},"includedScopes":[]},{"contributions":{},"includedScopes":[]},{"contributions":{},"includedScopes":[]},{"contributions":{},"includedScopes":[]}]},"contributions":{},"includedScopes":[]},"contributions":{},"includedScopes":[]},"contributions":{},"includedScopes":[]},"contributions":{},"includedScopes":[]},"contributions":{},"includedScopes":[]},"sourceMap":{"end":{"column":10,"line":19,"offset":482},"start":{"column":2,"line":19,"offset":474}}},"scope":{"containerScope":{"containerScope":{"containerScope":{"containerScope":{"containerScope":{"contributions":{},"includedScopes":[]},"contributions":{},"includedScopes":[{"contributions":{},"includedScopes":[]},{"contributions":{},"includedScopes":[]},{"contributions":{},"includedScopes":[]},{"contributions":{},"includedScopes":[]},{"contributions":{},"includedScopes":[]}]},"contributions":{},"includedScopes":[]},"contributions":{},"includedScopes":[]},"contributions":{},"includedScopes":[]},"contributions":{},"includedScopes":[]},"sourceMap":{"end":{"column":17,"line":19,"offset":489},"start":{"column":2,"line":19,"offset":474}}},"scope":{"containerScope":{"containerScope":{"containerScope":{"containerScope":{"contributions":{},"includedScopes":[]},"contributions":{},"includedScopes":[{"contributions":{},"includedScopes":[]},{"contributions":{},"includedScopes":[]},{"contributions":{},"includedScopes":[]},{"contributions":{},"includedScopes":[]},{"contributions":{},"includedScopes":[]}]},"contributions":{},"includedScopes":[]},"contributions":{},"includedScopes":[]},"contributions":{},"includedScopes":[]},"sourceMap":{"end":{"column":50,"line":19,"offset":522},"start":{"column":2,"line":19,"offset":474}}},{"args":[{"id":"3b0c9a24-c94a-4f9a-af13-8ae8bfeefa6f","members":[{"body":{"id":"59485bf4-e587-4e6b-ae97-7824e405fcca","metadata":[],"scope":{"containerScope":{"containerScope":{"containerScope":{"containerScope":{"containerScope":{"containerScope":{"containerScope":{"contributions":{},"includedScopes":[]},"contributions":{},"includedScopes":[{"contributions":{},"includedScopes":[]},{"contributions":{},"includedScopes":[]},{"contributions":{},"includedScopes":[]},{"contributions":{},"includedScopes":[]},{"contributions":{},"includedScopes":[]}]},"contributions":{},"includedScopes":[]},"contributions":{},"includedScopes":[]},"contributions":{},"includedScopes":[]},"contributions":{},"includedScopes":[{"containerScope":{"containerScope":{"containerScope":{"contributions":{},"includedScopes":[]},"contributions":{},"includedScopes":[]},"contributions":{},"includedScopes":[]},"contributions":{},"includedScopes":[{"containerScope":{"containerScope":{"containerScope":{"contributions":{},"includedScopes":[]},"contributions":{},"includedScopes":[]},"contributions":{},"includedScopes":[]},"contributions":{},"includedScopes":[]}]},{"containerScope":{"containerScope":{"containerScope":{"contributions":{},"includedScopes":[]},"contributions":{},"includedScopes":[]},"contributions":{},"includedScopes":[]},"contributions":{},"includedScopes":[]}]},"contributions":{},"includedScopes":[]},"contributions":{},"includedScopes":[]},"sentences":[{"id":"0fa2a49f-a8a5-4f20-8dc2-a6b43aa266ce","metadata":[],"scope":{"containerScope":{"containerScope":{"containerScope":{"containerScope":{"containerScope":{"containerScope":{"containerScope":{"containerScope":{"contributions":{},"includedScopes":[]},"contributions":{},"includedScopes":[{"contributions":{},"includedScopes":[]},{"contributions":{},"includedScopes":[]},{"contributions":{},"includedScopes":[]},{"contributions":{},"includedScopes":[]},{"contributions":{},"includedScopes":[]}]},"contributions":{},"includedScopes":[]},"contributions":{},"includedScopes":[]},"contributions":{},"includedScopes":[]},"contributions":{},"includedScopes":[{"containerScope":{"containerScope":{"containerScope":{"contributions":{},"includedScopes":[]},"contributions":{},"includedScopes":[]},"contributions":{},"includedScopes":[]},"contributions":{},"includedScopes":[{"containerScope":{"containerScope":{"containerScope":{"contributions":{},"includedScopes":[]},"contributions":{},"includedScopes":[]},"contributions":{},"includedScopes":[]},"contributions":{},"includedScopes":[]}]},{"containerScope":{"containerScope":{"containerScope":{"contributions":{},"includedScopes":[]},"contributions":{},"includedScopes":[]},"contributions":{},"includedScopes":[]},"contributions":{},"includedScopes":[]}]},"contributions":{},"includedScopes":[]},"contributions":{},"includedScopes":[]},"contributions":{},"includedScopes":[]},"value":{"args":[{"id":"6104b2f9-d936-4457-8375-4a9dad136c16","metadata":[],"name":"derecha","scope":{"containerScope":{"containerScope":{"containerScope":{"containerScope":{"containerScope":{"containerScope":{"containerScope":{"containerScope":{"containerScope":{"containerScope":{"contributions":{},"includedScopes":[]},"contributions":{},"includedScopes":[{"contributions":{},"includedScopes":[]},{"contributions":{},"includedScopes":[]},{"contributions":{},"includedScopes":[]},{"contributions":{},"includedScopes":[]},{"contributions":{},"includedScopes":[]}]},"contributions":{},"includedScopes":[]},"contributions":{},"includedScopes":[]},"contributions":{},"includedScopes":[]},"contributions":{},"includedScopes":[{"containerScope":{"containerScope":{"containerScope":{"contributions":{},"includedScopes":[]},"contributions":{},"includedScopes":[]},"contributions":{},"includedScopes":[]},"contributions":{},"includedScopes":[{"containerScope":{"containerScope":{"containerScope":{"contributions":{},"includedScopes":[]},"contributions":{},"includedScopes":[]},"contributions":{},"includedScopes":[]},"contributions":{},"includedScopes":[]}]},{"containerScope":{"containerScope":{"containerScope":{"contributions":{},"includedScopes":[]},"contributions":{},"includedScopes":[]},"contributions":{},"includedScopes":[]},"contributions":{},"includedScopes":[]}]},"contributions":{},"includedScopes":[]},"contributions":{},"includedScopes":[]},"contributions":{},"includedScopes":[]},"contributions":{},"includedScopes":[]},"contributions":{},"includedScopes":[]},"sourceMap":{"end":{"column":50,"line":20,"offset":572},"start":{"column":43,"line":20,"offset":565}}}],"id":"30cded7c-fa5b-44bf-b8ca-16b13597df9f","message":"mover","metadata":[],"receiver":{"id":"4b8e113a-6372-479f-b7b6-053e038fd5e9","metadata":[],"name":"hector","scope":{"containerScope":{"containerScope":{"containerScope":{"containerScope":{"containerScope":{"containerScope":{"containerScope":{"containerScope":{"containerScope":{"containerScope":{"contributions":{},"includedScopes":[]},"contributions":{},"includedScopes":[{"contributions":{},"includedScopes":[]},{"contributions":{},"includedScopes":[]},{"contributions":{},"includedScopes":[]},{"contributions":{},"includedScopes":[]},{"contributions":{},"includedScopes":[]}]},"contributions":{},"includedScopes":[]},"contributions":{},"includedScopes":[]},"contributions":{},"includedScopes":[]},"contributions":{},"includedScopes":[{"containerScope":{"containerScope":{"containerScope":{"contributions":{},"includedScopes":[]},"contributions":{},"includedScopes":[]},"contributions":{},"includedScopes":[]},"contributions":{},"includedScopes":[{"containerScope":{"containerScope":{"containerScope":{"contributions":{},"includedScopes":[]},"contributions":{},"includedScopes":[]},"contributions":{},"includedScopes":[]},"contributions":{},"includedScopes":[]}]},{"containerScope":{"containerScope":{"containerScope":{"contributions":{},"includedScopes":[]},"contributions":{},"includedScopes":[]},"contributions":{},"includedScopes":[]},"contributions":{},"includedScopes":[]}]},"contributions":{},"includedScopes":[]},"contributions":{},"includedScopes":[]},"contributions":{},"includedScopes":[]},"contributions":{},"includedScopes":[]},"contributions":{},"includedScopes":[]},"sourceMap":{"end":{"column":36,"line":20,"offset":558},"start":{"column":30,"line":20,"offset":552}}},"scope":{"containerScope":{"containerScope":{"containerScope":{"containerScope":{"containerScope":{"containerScope":{"containerScope":{"containerScope":{"containerScope":{"contributions":{},"includedScopes":[]},"contributions":{},"includedScopes":[{"contributions":{},"includedScopes":[]},{"contributions":{},"includedScopes":[]},{"contributions":{},"includedScopes":[]},{"contributions":{},"includedScopes":[]},{"contributions":{},"includedScopes":[]}]},"contributions":{},"includedScopes":[]},"contributions":{},"includedScopes":[]},"contributions":{},"includedScopes":[]},"contributions":{},"includedScopes":[{"containerScope":{"containerScope":{"containerScope":{"contributions":{},"includedScopes":[]},"contributions":{},"includedScopes":[]},"contributions":{},"includedScopes":[]},"contributions":{},"includedScopes":[{"containerScope":{"containerScope":{"containerScope":{"contributions":{},"includedScopes":[]},"contributions":{},"includedScopes":[]},"contributions":{},"includedScopes":[]},"contributions":{},"includedScopes":[]}]},{"containerScope":{"containerScope":{"containerScope":{"contributions":{},"includedScopes":[]},"contributions":{},"includedScopes":[]},"contributions":{},"includedScopes":[]},"contributions":{},"includedScopes":[]}]},"contributions":{},"includedScopes":[]},"contributions":{},"includedScopes":[]},"contributions":{},"includedScopes":[]},"contributions":{},"includedScopes":[]},"sourceMap":{"end":{"column":51,"line":20,"offset":573},"start":{"column":30,"line":20,"offset":552}}}}]},"id":"0a0319c3-b4c3-4039-8983-521c9e4315e2","isOverride":false,"metadata":[],"name":"<apply>","parameters":[],"scope":{"containerScope":{"containerScope":{"containerScope":{"containerScope":{"containerScope":{"containerScope":{"contributions":{},"includedScopes":[]},"contributions":{},"includedScopes":[{"contributions":{},"includedScopes":[]},{"contributions":{},"includedScopes":[]},{"contributions":{},"includedScopes":[]},{"contributions":{},"includedScopes":[]},{"contributions":{},"includedScopes":[]}]},"contributions":{},"includedScopes":[]},"contributions":{},"includedScopes":[]},"contributions":{},"includedScopes":[]},"contributions":{},"includedScopes":[{"containerScope":{"containerScope":{"containerScope":{"contributions":{},"includedScopes":[]},"contributions":{},"includedScopes":[]},"contributions":{},"includedScopes":[]},"contributions":{},"includedScopes":[{"containerScope":{"containerScope":{"containerScope":{"contributions":{},"includedScopes":[]},"contributions":{},"includedScopes":[]},"contributions":{},"includedScopes":[]},"contributions":{},"includedScopes":[]}]},{"containerScope":{"containerScope":{"containerScope":{"contributions":{},"includedScopes":[]},"contributions":{},"includedScopes":[]},"contributions":{},"includedScopes":[]},"contributions":{},"includedScopes":[]}]},"contributions":{},"includedScopes":[]}},{"id":"6dddd518-42ff-43d0-9822-f01ba8c1098c","isConstant":true,"isProperty":false,"metadata":[],"name":"<toString>","scope":{"containerScope":{"containerScope":{"containerScope":{"containerScope":{"containerScope":{"containerScope":{"contributions":{},"includedScopes":[]},"contributions":{},"includedScopes":[{"contributions":{},"includedScopes":[]},{"contributions":{},"includedScopes":[]},{"contributions":{},"includedScopes":[]},{"contributions":{},"includedScopes":[]},{"contributions":{},"includedScopes":[]}]},"contributions":{},"includedScopes":[]},"contributions":{},"includedScopes":[]},"contributions":{},"includedScopes":[]},"contributions":{},"includedScopes":[{"containerScope":{"containerScope":{"containerScope":{"contributions":{},"includedScopes":[]},"contributions":{},"includedScopes":[]},"contributions":{},"includedScopes":[]},"contributions":{},"includedScopes":[{"containerScope":{"containerScope":{"containerScope":{"contributions":{},"includedScopes":[]},"contributions":{},"includedScopes":[]},"contributions":{},"includedScopes":[]},"contributions":{},"includedScopes":[]}]},{"containerScope":{"containerScope":{"containerScope":{"contributions":{},"includedScopes":[]},"contributions":{},"includedScopes":[]},"contributions":{},"includedScopes":[]},"contributions":{},"includedScopes":[]}]},"contributions":{},"includedScopes":[]},"value":{"id":"a7eecd3f-436d-4026-826c-bf9bc192a8a5","metadata":[],"scope":{"containerScope":{"containerScope":{"containerScope":{"containerScope":{"containerScope":{"containerScope":{"containerScope":{"contributions":{},"includedScopes":[]},"contributions":{},"includedScopes":[{"contributions":{},"includedScopes":[]},{"contributions":{},"includedScopes":[]},{"contributions":{},"includedScopes":[]},{"contributions":{},"includedScopes":[]},{"contributions":{},"includedScopes":[]}]},"contributions":{},"includedScopes":[]},"contributions":{},"includedScopes":[]},"contributions":{},"includedScopes":[]},"contributions":{},"includedScopes":[{"containerScope":{"containerScope":{"containerScope":{"contributions":{},"includedScopes":[]},"contributions":{},"includedScopes":[]},"contributions":{},"includedScopes":[]},"contributions":{},"includedScopes":[{"containerScope":{"containerScope":{"containerScope":{"contributions":{},"includedScopes":[]},"contributions":{},"includedScopes":[]},"contributions":{},"includedScopes":[]},"contributions":{},"includedScopes":[]}]},{"containerScope":{"containerScope":{"containerScope":{"contributions":{},"includedScopes":[]},"contributions":{},"includedScopes":[]},"contributions":{},"includedScopes":[]},"contributions":{},"includedScopes":[]}]},"contributions":{},"includedScopes":[]},"contributions":{},"includedScopes":[]},"value":"{hector.mover(derecha)}"}}],"metadata":[],"scope":{"containerScope":{"containerScope":{"containerScope":{"containerScope":{"containerScope":{"contributions":{},"includedScopes":[]},"contributions":{},"includedScopes":[{"contributions":{},"includedScopes":[]},{"contributions":{},"includedScopes":[]},{"contributions":{},"includedScopes":[]},{"contributions":{},"includedScopes":[]},{"contributions":{},"includedScopes":[]}]},"contributions":{},"includedScopes":[]},"contributions":{},"includedScopes":[]},"contributions":{},"includedScopes":[]},"contributions":{},"includedScopes":[{"containerScope":{"containerScope":{"containerScope":{"contributions":{},"includedScopes":[]},"contributions":{},"includedScopes":[]},"contributions":{},"includedScopes":[]},"contributions":{},"includedScopes":[{"containerScope":{"containerScope":{"containerScope":{"contributions":{},"includedScopes":[]},"contributions":{},"includedScopes":[]},"contributions":{},"includedScopes":[]},"contributions":{},"includedScopes":[]}]},{"containerScope":{"containerScope":{"containerScope":{"contributions":{},"includedScopes":[]},"contributions":{},"includedScopes":[]},"contributions":{},"includedScopes":[]},"contributions":{},"includedScopes":[]}]},"sourceMap":{"end":{"column":52,"line":20,"offset":574},"start":{"column":29,"line":20,"offset":551}},"supertypes":[{"args":[],"id":"6f6ecf11-912c-4138-a5d2-9781ec03c394","metadata":[],"reference":{"id":"165220f0-0598-4eb0-9cb1-ec03f28f2212","metadata":[],"name":"wollok.lang.Closure","scope":{"containerScope":{"containerScope":{"containerScope":{"containerScope":{"containerScope":{"containerScope":{"contributions":{},"includedScopes":[]},"contributions":{},"includedScopes":[{"contributions":{},"includedScopes":[]},{"contributions":{},"includedScopes":[]},{"contributions":{},"includedScopes":[]},{"contributions":{},"includedScopes":[]},{"contributions":{},"includedScopes":[]}]},"contributions":{},"includedScopes":[]},"contributions":{},"includedScopes":[]},"contributions":{},"includedScopes":[]},"contributions":{},"includedScopes":[{"containerScope":{"containerScope":{"containerScope":{"contributions":{},"includedScopes":[]},"contributions":{},"includedScopes":[]},"contributions":{},"includedScopes":[]},"contributions":{},"includedScopes":[{"containerScope":{"containerScope":{"containerScope":{"contributions":{},"includedScopes":[]},"contributions":{},"includedScopes":[]},"contributions":{},"includedScopes":[]},"contributions":{},"includedScopes":[]}]},{"containerScope":{"containerScope":{"containerScope":{"contributions":{},"includedScopes":[]},"contributions":{},"includedScopes":[]},"contributions":{},"includedScopes":[]},"contributions":{},"includedScopes":[]}]},"contributions":{},"includedScopes":[]}},"scope":{"containerScope":{"containerScope":{"containerScope":{"containerScope":{"containerScope":{"containerScope":{"contributions":{},"includedScopes":[]},"contributions":{},"includedScopes":[{"contributions":{},"includedScopes":[]},{"contributions":{},"includedScopes":[]},{"contributions":{},"includedScopes":[]},{"contributions":{},"includedScopes":[]},{"contributions":{},"includedScopes":[]}]},"contributions":{},"includedScopes":[]},"contributions":{},"includedScopes":[]},"contributions":{},"includedScopes":[]},"contributions":{},"includedScopes":[{"containerScope":{"containerScope":{"containerScope":{"contributions":{},"includedScopes":[]},"contributions":{},"includedScopes":[]},"contributions":{},"includedScopes":[]},"contributions":{},"includedScopes":[{"containerScope":{"containerScope":{"containerScope":{"contributions":{},"includedScopes":[]},"contributions":{},"includedScopes":[]},"contributions":{},"includedScopes":[]},"contributions":{},"includedScopes":[]}]},{"containerScope":{"containerScope":{"containerScope":{"contributions":{},"includedScopes":[]},"contributions":{},"includedScopes":[]},"contributions":{},"includedScopes":[]},"contributions":{},"includedScopes":[]}]},"contributions":{},"includedScopes":[]}}]}],"id":"9940035e-53b5-4a11-a8b5-6661969712dc","message":"onPressDo","metadata":[],"receiver":{"args":[],"id":"e9243845-6de1-4976-87c3-e1644e4c34f8","message":"right","metadata":[],"receiver":{"id":"3e7ba081-1c8d-45bf-b619-e93d6b080504","metadata":[],"name":"keyboard","scope":{"containerScope":{"containerScope":{"containerScope":{"containerScope":{"containerScope":{"containerScope":{"contributions":{},"includedScopes":[]},"contributions":{},"includedScopes":[{"contributions":{},"includedScopes":[]},{"contributions":{},"includedScopes":[]},{"contributions":{},"includedScopes":[]},{"contributions":{},"includedScopes":[]},{"contributions":{},"includedScopes":[]}]},"contributions":{},"includedScopes":[]},"contributions":{},"includedScopes":[]},"contributions":{},"includedScopes":[]},"contributions":{},"includedScopes":[]},"contributions":{},"includedScopes":[]},"sourceMap":{"end":{"column":10,"line":20,"offset":532},"start":{"column":2,"line":20,"offset":524}}},"scope":{"containerScope":{"containerScope":{"containerScope":{"containerScope":{"containerScope":{"contributions":{},"includedScopes":[]},"contributions":{},"includedScopes":[{"contributions":{},"includedScopes":[]},{"contributions":{},"includedScopes":[]},{"contributions":{},"includedScopes":[]},{"contributions":{},"includedScopes":[]},{"contributions":{},"includedScopes":[]}]},"contributions":{},"includedScopes":[]},"contributions":{},"includedScopes":[]},"contributions":{},"includedScopes":[]},"contributions":{},"includedScopes":[]},"sourceMap":{"end":{"column":18,"line":20,"offset":540},"start":{"column":2,"line":20,"offset":524}}},"scope":{"containerScope":{"containerScope":{"containerScope":{"containerScope":{"contributions":{},"includedScopes":[]},"contributions":{},"includedScopes":[{"contributions":{},"includedScopes":[]},{"contributions":{},"includedScopes":[]},{"contributions":{},"includedScopes":[]},{"contributions":{},"includedScopes":[]},{"contributions":{},"includedScopes":[]}]},"contributions":{},"includedScopes":[]},"contributions":{},"includedScopes":[]},"contributions":{},"includedScopes":[]},"sourceMap":{"end":{"column":53,"line":20,"offset":575},"start":{"column":2,"line":20,"offset":524}}},{"args":[{"id":"5723f203-4fc6-4123-9c0a-7634c426a2c5","members":[{"body":{"id":"eba38378-52dd-424f-b928-afcea8230e33","metadata":[],"scope":{"containerScope":{"containerScope":{"containerScope":{"containerScope":{"containerScope":{"containerScope":{"containerScope":{"contributions":{},"includedScopes":[]},"contributions":{},"includedScopes":[{"contributions":{},"includedScopes":[]},{"contributions":{},"includedScopes":[]},{"contributions":{},"includedScopes":[]},{"contributions":{},"includedScopes":[]},{"contributions":{},"includedScopes":[]}]},"contributions":{},"includedScopes":[]},"contributions":{},"includedScopes":[]},"contributions":{},"includedScopes":[]},"contributions":{},"includedScopes":[{"containerScope":{"containerScope":{"containerScope":{"contributions":{},"includedScopes":[]},"contributions":{},"includedScopes":[]},"contributions":{},"includedScopes":[]},"contributions":{},"includedScopes":[{"containerScope":{"containerScope":{"containerScope":{"contributions":{},"includedScopes":[]},"contributions":{},"includedScopes":[]},"contributions":{},"includedScopes":[]},"contributions":{},"includedScopes":[]}]},{"containerScope":{"containerScope":{"containerScope":{"contributions":{},"includedScopes":[]},"contributions":{},"includedScopes":[]},"contributions":{},"includedScopes":[]},"contributions":{},"includedScopes":[]}]},"contributions":{},"includedScopes":[]},"contributions":{},"includedScopes":[]},"sentences":[{"id":"5aaa650b-480f-4d08-a0b1-9812ef36cc93","metadata":[],"scope":{"containerScope":{"containerScope":{"containerScope":{"containerScope":{"containerScope":{"containerScope":{"containerScope":{"containerScope":{"contributions":{},"includedScopes":[]},"contributions":{},"includedScopes":[{"contributions":{},"includedScopes":[]},{"contributions":{},"includedScopes":[]},{"contributions":{},"includedScopes":[]},{"contributions":{},"includedScopes":[]},{"contributions":{},"includedScopes":[]}]},"contributions":{},"includedScopes":[]},"contributions":{},"includedScopes":[]},"contributions":{},"includedScopes":[]},"contributions":{},"includedScopes":[{"containerScope":{"containerScope":{"containerScope":{"contributions":{},"includedScopes":[]},"contributions":{},"includedScopes":[]},"contributions":{},"includedScopes":[]},"contributions":{},"includedScopes":[{"containerScope":{"containerScope":{"containerScope":{"contributions":{},"includedScopes":[]},"contributions":{},"includedScopes":[]},"contributions":{},"includedScopes":[]},"contributions":{},"includedScopes":[]}]},{"containerScope":{"containerScope":{"containerScope":{"contributions":{},"includedScopes":[]},"contributions":{},"includedScopes":[]},"contributions":{},"includedScopes":[]},"contributions":{},"includedScopes":[]}]},"contributions":{},"includedScopes":[]},"contributions":{},"includedScopes":[]},"contributions":{},"includedScopes":[]},"value":{"args":[{"id":"497f00c9-6e0b-473e-b97d-85cc814d49aa","metadata":[],"name":"izquierda","scope":{"containerScope":{"containerScope":{"containerScope":{"containerScope":{"containerScope":{"containerScope":{"containerScope":{"containerScope":{"containerScope":{"containerScope":{"contributions":{},"includedScopes":[]},"contributions":{},"includedScopes":[{"contributions":{},"includedScopes":[]},{"contributions":{},"includedScopes":[]},{"contributions":{},"includedScopes":[]},{"contributions":{},"includedScopes":[]},{"contributions":{},"includedScopes":[]}]},"contributions":{},"includedScopes":[]},"contributions":{},"includedScopes":[]},"contributions":{},"includedScopes":[]},"contributions":{},"includedScopes":[{"containerScope":{"containerScope":{"containerScope":{"contributions":{},"includedScopes":[]},"contributions":{},"includedScopes":[]},"contributions":{},"includedScopes":[]},"contributions":{},"includedScopes":[{"containerScope":{"containerScope":{"containerScope":{"contributions":{},"includedScopes":[]},"contributions":{},"includedScopes":[]},"contributions":{},"includedScopes":[]},"contributions":{},"includedScopes":[]}]},{"containerScope":{"containerScope":{"containerScope":{"contributions":{},"includedScopes":[]},"contributions":{},"includedScopes":[]},"contributions":{},"includedScopes":[]},"contributions":{},"includedScopes":[]}]},"contributions":{},"includedScopes":[]},"contributions":{},"includedScopes":[]},"contributions":{},"includedScopes":[]},"contributions":{},"includedScopes":[]},"contributions":{},"includedScopes":[]},"sourceMap":{"end":{"column":51,"line":21,"offset":626},"start":{"column":42,"line":21,"offset":617}}}],"id":"7308e3c0-49c1-4327-a610-ff31a338196a","message":"mover","metadata":[],"receiver":{"id":"1f413faa-0937-46e2-a394-96af51a48b3e","metadata":[],"name":"hector","scope":{"containerScope":{"containerScope":{"containerScope":{"containerScope":{"containerScope":{"containerScope":{"containerScope":{"containerScope":{"containerScope":{"containerScope":{"contributions":{},"includedScopes":[]},"contributions":{},"includedScopes":[{"contributions":{},"includedScopes":[]},{"contributions":{},"includedScopes":[]},{"contributions":{},"includedScopes":[]},{"contributions":{},"includedScopes":[]},{"contributions":{},"includedScopes":[]}]},"contributions":{},"includedScopes":[]},"contributions":{},"includedScopes":[]},"contributions":{},"includedScopes":[]},"contributions":{},"includedScopes":[{"containerScope":{"containerScope":{"containerScope":{"contributions":{},"includedScopes":[]},"contributions":{},"includedScopes":[]},"contributions":{},"includedScopes":[]},"contributions":{},"includedScopes":[{"containerScope":{"containerScope":{"containerScope":{"contributions":{},"includedScopes":[]},"contributions":{},"includedScopes":[]},"contributions":{},"includedScopes":[]},"contributions":{},"includedScopes":[]}]},{"containerScope":{"containerScope":{"containerScope":{"contributions":{},"includedScopes":[]},"contributions":{},"includedScopes":[]},"contributions":{},"includedScopes":[]},"contributions":{},"includedScopes":[]}]},"contributions":{},"includedScopes":[]},"contributions":{},"includedScopes":[]},"contributions":{},"includedScopes":[]},"contributions":{},"includedScopes":[]},"contributions":{},"includedScopes":[]},"sourceMap":{"end":{"column":35,"line":21,"offset":610},"start":{"column":29,"line":21,"offset":604}}},"scope":{"containerScope":{"containerScope":{"containerScope":{"containerScope":{"containerScope":{"containerScope":{"containerScope":{"containerScope":{"containerScope":{"contributions":{},"includedScopes":[]},"contributions":{},"includedScopes":[{"contributions":{},"includedScopes":[]},{"contributions":{},"includedScopes":[]},{"contributions":{},"includedScopes":[]},{"contributions":{},"includedScopes":[]},{"contributions":{},"includedScopes":[]}]},"contributions":{},"includedScopes":[]},"contributions":{},"includedScopes":[]},"contributions":{},"includedScopes":[]},"contributions":{},"includedScopes":[{"containerScope":{"containerScope":{"containerScope":{"contributions":{},"includedScopes":[]},"contributions":{},"includedScopes":[]},"contributions":{},"includedScopes":[]},"contributions":{},"includedScopes":[{"containerScope":{"containerScope":{"containerScope":{"contributions":{},"includedScopes":[]},"contributions":{},"includedScopes":[]},"contributions":{},"includedScopes":[]},"contributions":{},"includedScopes":[]}]},{"containerScope":{"containerScope":{"containerScope":{"contributions":{},"includedScopes":[]},"contributions":{},"includedScopes":[]},"contributions":{},"includedScopes":[]},"contributions":{},"includedScopes":[]}]},"contributions":{},"includedScopes":[]},"contributions":{},"includedScopes":[]},"contributions":{},"includedScopes":[]},"contributions":{},"includedScopes":[]},"sourceMap":{"end":{"column":52,"line":21,"offset":627},"start":{"column":29,"line":21,"offset":604}}}}]},"id":"6f7a89b2-731e-4ea2-8170-1d210be935cc","isOverride":false,"metadata":[],"name":"<apply>","parameters":[],"scope":{"containerScope":{"containerScope":{"containerScope":{"containerScope":{"containerScope":{"containerScope":{"contributions":{},"includedScopes":[]},"contributions":{},"includedScopes":[{"contributions":{},"includedScopes":[]},{"contributions":{},"includedScopes":[]},{"contributions":{},"includedScopes":[]},{"contributions":{},"includedScopes":[]},{"contributions":{},"includedScopes":[]}]},"contributions":{},"includedScopes":[]},"contributions":{},"includedScopes":[]},"contributions":{},"includedScopes":[]},"contributions":{},"includedScopes":[{"containerScope":{"containerScope":{"containerScope":{"contributions":{},"includedScopes":[]},"contributions":{},"includedScopes":[]},"contributions":{},"includedScopes":[]},"contributions":{},"includedScopes":[{"containerScope":{"containerScope":{"containerScope":{"contributions":{},"includedScopes":[]},"contributions":{},"includedScopes":[]},"contributions":{},"includedScopes":[]},"contributions":{},"includedScopes":[]}]},{"containerScope":{"containerScope":{"containerScope":{"contributions":{},"includedScopes":[]},"contributions":{},"includedScopes":[]},"contributions":{},"includedScopes":[]},"contributions":{},"includedScopes":[]}]},"contributions":{},"includedScopes":[]}},{"id":"916e307e-bcf4-40be-9de2-e3898f905538","isConstant":true,"isProperty":false,"metadata":[],"name":"<toString>","scope":{"containerScope":{"containerScope":{"containerScope":{"containerScope":{"containerScope":{"containerScope":{"contributions":{},"includedScopes":[]},"contributions":{},"includedScopes":[{"contributions":{},"includedScopes":[]},{"contributions":{},"includedScopes":[]},{"contributions":{},"includedScopes":[]},{"contributions":{},"includedScopes":[]},{"contributions":{},"includedScopes":[]}]},"contributions":{},"includedScopes":[]},"contributions":{},"includedScopes":[]},"contributions":{},"includedScopes":[]},"contributions":{},"includedScopes":[{"containerScope":{"containerScope":{"containerScope":{"contributions":{},"includedScopes":[]},"contributions":{},"includedScopes":[]},"contributions":{},"includedScopes":[]},"contributions":{},"includedScopes":[{"containerScope":{"containerScope":{"containerScope":{"contributions":{},"includedScopes":[]},"contributions":{},"includedScopes":[]},"contributions":{},"includedScopes":[]},"contributions":{},"includedScopes":[]}]},{"containerScope":{"containerScope":{"containerScope":{"contributions":{},"includedScopes":[]},"contributions":{},"includedScopes":[]},"contributions":{},"includedScopes":[]},"contributions":{},"includedScopes":[]}]},"contributions":{},"includedScopes":[]},"value":{"id":"39c31f13-a44f-4e1b-9e9f-c76f3221e2e0","metadata":[],"scope":{"containerScope":{"containerScope":{"containerScope":{"containerScope":{"containerScope":{"containerScope":{"containerScope":{"contributions":{},"includedScopes":[]},"contributions":{},"includedScopes":[{"contributions":{},"includedScopes":[]},{"contributions":{},"includedScopes":[]},{"contributions":{},"includedScopes":[]},{"contributions":{},"includedScopes":[]},{"contributions":{},"includedScopes":[]}]},"contributions":{},"includedScopes":[]},"contributions":{},"includedScopes":[]},"contributions":{},"includedScopes":[]},"contributions":{},"includedScopes":[{"containerScope":{"containerScope":{"containerScope":{"contributions":{},"includedScopes":[]},"contributions":{},"includedScopes":[]},"contributions":{},"includedScopes":[]},"contributions":{},"includedScopes":[{"containerScope":{"containerScope":{"containerScope":{"contributions":{},"includedScopes":[]},"contributions":{},"includedScopes":[]},"contributions":{},"includedScopes":[]},"contributions":{},"includedScopes":[]}]},{"containerScope":{"containerScope":{"containerScope":{"contributions":{},"includedScopes":[]},"contributions":{},"includedScopes":[]},"contributions":{},"includedScopes":[]},"contributions":{},"includedScopes":[]}]},"contributions":{},"includedScopes":[]},"contributions":{},"includedScopes":[]},"value":"{hector.mover(izquierda)}"}}],"metadata":[],"scope":{"containerScope":{"containerScope":{"containerScope":{"containerScope":{"containerScope":{"contributions":{},"includedScopes":[]},"contributions":{},"includedScopes":[{"contributions":{},"includedScopes":[]},{"contributions":{},"includedScopes":[]},{"contributions":{},"includedScopes":[]},{"contributions":{},"includedScopes":[]},{"contributions":{},"includedScopes":[]}]},"contributions":{},"includedScopes":[]},"contributions":{},"includedScopes":[]},"contributions":{},"includedScopes":[]},"contributions":{},"includedScopes":[{"containerScope":{"containerScope":{"containerScope":{"contributions":{},"includedScopes":[]},"contributions":{},"includedScopes":[]},"contributions":{},"includedScopes":[]},"contributions":{},"includedScopes":[{"containerScope":{"containerScope":{"containerScope":{"contributions":{},"includedScopes":[]},"contributions":{},"includedScopes":[]},"contributions":{},"includedScopes":[]},"contributions":{},"includedScopes":[]}]},{"containerScope":{"containerScope":{"containerScope":{"contributions":{},"includedScopes":[]},"contributions":{},"includedScopes":[]},"contributions":{},"includedScopes":[]},"contributions":{},"includedScopes":[]}]},"sourceMap":{"end":{"column":53,"line":21,"offset":628},"start":{"column":28,"line":21,"offset":603}},"supertypes":[{"args":[],"id":"550ec8cd-2c32-47f1-97de-ccd6bb93f675","metadata":[],"reference":{"id":"2320e441-132b-4a32-ba78-5e8855cf8507","metadata":[],"name":"wollok.lang.Closure","scope":{"containerScope":{"containerScope":{"containerScope":{"containerScope":{"containerScope":{"containerScope":{"contributions":{},"includedScopes":[]},"contributions":{},"includedScopes":[{"contributions":{},"includedScopes":[]},{"contributions":{},"includedScopes":[]},{"contributions":{},"includedScopes":[]},{"contributions":{},"includedScopes":[]},{"contributions":{},"includedScopes":[]}]},"contributions":{},"includedScopes":[]},"contributions":{},"includedScopes":[]},"contributions":{},"includedScopes":[]},"contributions":{},"includedScopes":[{"containerScope":{"containerScope":{"containerScope":{"contributions":{},"includedScopes":[]},"contributions":{},"includedScopes":[]},"contributions":{},"includedScopes":[]},"contributions":{},"includedScopes":[{"containerScope":{"containerScope":{"containerScope":{"contributions":{},"includedScopes":[]},"contributions":{},"includedScopes":[]},"contributions":{},"includedScopes":[]},"contributions":{},"includedScopes":[]}]},{"containerScope":{"containerScope":{"containerScope":{"contributions":{},"includedScopes":[]},"contributions":{},"includedScopes":[]},"contributions":{},"includedScopes":[]},"contributions":{},"includedScopes":[]}]},"contributions":{},"includedScopes":[]}},"scope":{"containerScope":{"containerScope":{"containerScope":{"containerScope":{"containerScope":{"containerScope":{"contributions":{},"includedScopes":[]},"contributions":{},"includedScopes":[{"contributions":{},"includedScopes":[]},{"contributions":{},"includedScopes":[]},{"contributions":{},"includedScopes":[]},{"contributions":{},"includedScopes":[]},{"contributions":{},"includedScopes":[]}]},"contributions":{},"includedScopes":[]},"contributions":{},"includedScopes":[]},"contributions":{},"includedScopes":[]},"contributions":{},"includedScopes":[{"containerScope":{"containerScope":{"containerScope":{"contributions":{},"includedScopes":[]},"contributions":{},"includedScopes":[]},"contributions":{},"includedScopes":[]},"contributions":{},"includedScopes":[{"containerScope":{"containerScope":{"containerScope":{"contributions":{},"includedScopes":[]},"contributions":{},"includedScopes":[]},"contributions":{},"includedScopes":[]},"contributions":{},"includedScopes":[]}]},{"containerScope":{"containerScope":{"containerScope":{"contributions":{},"includedScopes":[]},"contributions":{},"includedScopes":[]},"contributions":{},"includedScopes":[]},"contributions":{},"includedScopes":[]}]},"contributions":{},"includedScopes":[]}}]}],"id":"a7430be4-b6fa-475d-90a3-35b0c03fdeab","message":"onPressDo","metadata":[],"receiver":{"args":[],"id":"926e71b4-ff6f-46be-9877-65f86109d01f","message":"left","metadata":[],"receiver":{"id":"d9b9481f-8165-489e-a129-8eb9ff947db1","metadata":[],"name":"keyboard","scope":{"containerScope":{"containerScope":{"containerScope":{"containerScope":{"containerScope":{"containerScope":{"contributions":{},"includedScopes":[]},"contributions":{},"includedScopes":[{"contributions":{},"includedScopes":[]},{"contributions":{},"includedScopes":[]},{"contributions":{},"includedScopes":[]},{"contributions":{},"includedScopes":[]},{"contributions":{},"includedScopes":[]}]},"contributions":{},"includedScopes":[]},"contributions":{},"includedScopes":[]},"contributions":{},"includedScopes":[]},"contributions":{},"includedScopes":[]},"contributions":{},"includedScopes":[]},"sourceMap":{"end":{"column":10,"line":21,"offset":585},"start":{"column":2,"line":21,"offset":577}}},"scope":{"containerScope":{"containerScope":{"containerScope":{"containerScope":{"containerScope":{"contributions":{},"includedScopes":[]},"contributions":{},"includedScopes":[{"contributions":{},"includedScopes":[]},{"contributions":{},"includedScopes":[]},{"contributions":{},"includedScopes":[]},{"contributions":{},"includedScopes":[]},{"contributions":{},"includedScopes":[]}]},"contributions":{},"includedScopes":[]},"contributions":{},"includedScopes":[]},"contributions":{},"includedScopes":[]},"contributions":{},"includedScopes":[]},"sourceMap":{"end":{"column":17,"line":21,"offset":592},"start":{"column":2,"line":21,"offset":577}}},"scope":{"containerScope":{"containerScope":{"containerScope":{"containerScope":{"contributions":{},"includedScopes":[]},"contributions":{},"includedScopes":[{"contributions":{},"includedScopes":[]},{"contributions":{},"includedScopes":[]},{"contributions":{},"includedScopes":[]},{"contributions":{},"includedScopes":[]},{"contributions":{},"includedScopes":[]}]},"contributions":{},"includedScopes":[]},"contributions":{},"includedScopes":[]},"contributions":{},"includedScopes":[]},"sourceMap":{"end":{"column":54,"line":21,"offset":629},"start":{"column":2,"line":21,"offset":577}}},{"args":[{"id":"0ac8a480-579d-4cca-a552-21d681890968","members":[{"body":{"id":"556e5333-ce74-4c93-a427-bad14482cd8d","metadata":[],"scope":{"containerScope":{"containerScope":{"containerScope":{"containerScope":{"containerScope":{"containerScope":{"containerScope":{"contributions":{},"includedScopes":[]},"contributions":{},"includedScopes":[{"contributions":{},"includedScopes":[]},{"contributions":{},"includedScopes":[]},{"contributions":{},"includedScopes":[]},{"contributions":{},"includedScopes":[]},{"contributions":{},"includedScopes":[]}]},"contributions":{},"includedScopes":[]},"contributions":{},"includedScopes":[]},"contributions":{},"includedScopes":[]},"contributions":{},"includedScopes":[{"containerScope":{"containerScope":{"containerScope":{"contributions":{},"includedScopes":[]},"contributions":{},"includedScopes":[]},"contributions":{},"includedScopes":[]},"contributions":{},"includedScopes":[{"containerScope":{"containerScope":{"containerScope":{"contributions":{},"includedScopes":[]},"contributions":{},"includedScopes":[]},"contributions":{},"includedScopes":[]},"contributions":{},"includedScopes":[]}]},{"containerScope":{"containerScope":{"containerScope":{"contributions":{},"includedScopes":[]},"contributions":{},"includedScopes":[]},"contributions":{},"includedScopes":[]},"contributions":{},"includedScopes":[]}]},"contributions":{},"includedScopes":[]},"contributions":{},"includedScopes":[]},"sentences":[{"id":"535304cb-d1f3-4cee-b486-55fcb5080c25","metadata":[],"scope":{"containerScope":{"containerScope":{"containerScope":{"containerScope":{"containerScope":{"containerScope":{"containerScope":{"containerScope":{"contributions":{},"includedScopes":[]},"contributions":{},"includedScopes":[{"contributions":{},"includedScopes":[]},{"contributions":{},"includedScopes":[]},{"contributions":{},"includedScopes":[]},{"contributions":{},"includedScopes":[]},{"contributions":{},"includedScopes":[]}]},"contributions":{},"includedScopes":[]},"contributions":{},"includedScopes":[]},"contributions":{},"includedScopes":[]},"contributions":{},"includedScopes":[{"containerScope":{"containerScope":{"containerScope":{"contributions":{},"includedScopes":[]},"contributions":{},"includedScopes":[]},"contributions":{},"includedScopes":[]},"contributions":{},"includedScopes":[{"containerScope":{"containerScope":{"containerScope":{"contributions":{},"includedScopes":[]},"contributions":{},"includedScopes":[]},"contributions":{},"includedScopes":[]},"contributions":{},"includedScopes":[]}]},{"containerScope":{"containerScope":{"containerScope":{"contributions":{},"includedScopes":[]},"contributions":{},"includedScopes":[]},"contributions":{},"includedScopes":[]},"contributions":{},"includedScopes":[]}]},"contributions":{},"includedScopes":[]},"contributions":{},"includedScopes":[]},"contributions":{},"includedScopes":[]},"value":{"args":[{"args":[{"id":"c13636f8-f2e0-4e38-99ff-e07f2b14e58b","metadata":[],"name":"position","scope":{"containerScope":{"containerScope":{"containerScope":{"containerScope":{"containerScope":{"containerScope":{"containerScope":{"containerScope":{"containerScope":{"containerScope":{"containerScope":{"contributions":{},"includedScopes":[]},"contributions":{},"includedScopes":[{"contributions":{},"includedScopes":[]},{"contributions":{},"includedScopes":[]},{"contributions":{},"includedScopes":[]},{"contributions":{},"includedScopes":[]},{"contributions":{},"includedScopes":[]}]},"contributions":{},"includedScopes":[]},"contributions":{},"includedScopes":[]},"contributions":{},"includedScopes":[]},"contributions":{},"includedScopes":[{"containerScope":{"containerScope":{"containerScope":{"contributions":{},"includedScopes":[]},"contributions":{},"includedScopes":[]},"contributions":{},"includedScopes":[]},"contributions":{},"includedScopes":[{"containerScope":{"containerScope":{"containerScope":{"contributions":{},"includedScopes":[]},"contributions":{},"includedScopes":[]},"contributions":{},"includedScopes":[]},"contributions":{},"includedScopes":[]}]},{"containerScope":{"containerScope":{"containerScope":{"contributions":{},"includedScopes":[]},"contributions":{},"includedScopes":[]},"contributions":{},"includedScopes":[]},"contributions":{},"includedScopes":[]}]},"contributions":{},"includedScopes":[]},"contributions":{},"includedScopes":[]},"contributions":{},"includedScopes":[]},"contributions":{},"includedScopes":[]},"contributions":{},"includedScopes":[]},"contributions":{},"includedScopes":[]},"sourceMap":{"end":{"column":78,"line":22,"offset":707},"start":{"column":50,"line":22,"offset":679}},"value":{"args":[],"id":"5e755825-3dda-458a-971c-3ab3a56c9e39","message":"position","metadata":[],"receiver":{"id":"1e8aaa9a-3db2-4d5f-9b4e-4557d8ded519","metadata":[],"name":"hector","scope":{"containerScope":{"containerScope":{"containerScope":{"containerScope":{"containerScope":{"containerScope":{"containerScope":{"containerScope":{"containerScope":{"containerScope":{"containerScope":{"containerScope":{"containerScope":{"contributions":{},"includedScopes":[]},"contributions":{},"includedScopes":[{"contributions":{},"includedScopes":[]},{"contributions":{},"includedScopes":[]},{"contributions":{},"includedScopes":[]},{"contributions":{},"includedScopes":[]},{"contributions":{},"includedScopes":[]}]},"contributions":{},"includedScopes":[]},"contributions":{},"includedScopes":[]},"contributions":{},"includedScopes":[]},"contributions":{},"includedScopes":[{"containerScope":{"containerScope":{"containerScope":{"contributions":{},"includedScopes":[]},"contributions":{},"includedScopes":[]},"contributions":{},"includedScopes":[]},"contributions":{},"includedScopes":[{"containerScope":{"containerScope":{"containerScope":{"contributions":{},"includedScopes":[]},"contributions":{},"includedScopes":[]},"contributions":{},"includedScopes":[]},"contributions":{},"includedScopes":[]}]},{"containerScope":{"containerScope":{"containerScope":{"contributions":{},"includedScopes":[]},"contributions":{},"includedScopes":[]},"contributions":{},"includedScopes":[]},"contributions":{},"includedScopes":[]}]},"contributions":{},"includedScopes":[]},"contributions":{},"includedScopes":[]},"contributions":{},"includedScopes":[]},"contributions":{},"includedScopes":[]},"contributions":{},"includedScopes":[]},"contributions":{},"includedScopes":[]},"contributions":{},"includedScopes":[]},"contributions":{},"includedScopes":[]},"sourceMap":{"end":{"column":67,"line":22,"offset":696},"start":{"column":61,"line":22,"offset":690}}},"scope":{"containerScope":{"containerScope":{"containerScope":{"containerScope":{"containerScope":{"containerScope":{"containerScope":{"containerScope":{"containerScope":{"containerScope":{"containerScope":{"containerScope":{"contributions":{},"includedScopes":[]},"contributions":{},"includedScopes":[{"contributions":{},"includedScopes":[]},{"contributions":{},"includedScopes":[]},{"contributions":{},"includedScopes":[]},{"contributions":{},"includedScopes":[]},{"contributions":{},"includedScopes":[]}]},"contributions":{},"includedScopes":[]},"contributions":{},"includedScopes":[]},"contributions":{},"includedScopes":[]},"contributions":{},"includedScopes":[{"containerScope":{"containerScope":{"containerScope":{"contributions":{},"includedScopes":[]},"contributions":{},"includedScopes":[]},"contributions":{},"includedScopes":[]},"contributions":{},"includedScopes":[{"containerScope":{"containerScope":{"containerScope":{"contributions":{},"includedScopes":[]},"contributions":{},"includedScopes":[]},"contributions":{},"includedScopes":[]},"contributions":{},"includedScopes":[]}]},{"containerScope":{"containerScope":{"containerScope":{"contributions":{},"includedScopes":[]},"contributions":{},"includedScopes":[]},"contributions":{},"includedScopes":[]},"contributions":{},"includedScopes":[]}]},"contributions":{},"includedScopes":[]},"contributions":{},"includedScopes":[]},"contributions":{},"includedScopes":[]},"contributions":{},"includedScopes":[]},"contributions":{},"includedScopes":[]},"contributions":{},"includedScopes":[]},"contributions":{},"includedScopes":[]},"sourceMap":{"end":{"column":78,"line":22,"offset":707},"start":{"column":61,"line":22,"offset":690}}}}],"id":"4ba2e85a-f267-4501-8234-2dd7a399a7f7","instantiated":{"id":"37fbc2dd-70de-4117-b554-0c6c23f1e710","metadata":[],"name":"Maiz","scope":{"containerScope":{"containerScope":{"containerScope":{"containerScope":{"containerScope":{"containerScope":{"containerScope":{"containerScope":{"containerScope":{"containerScope":{"containerScope":{"contributions":{},"includedScopes":[]},"contributions":{},"includedScopes":[{"contributions":{},"includedScopes":[]},{"contributions":{},"includedScopes":[]},{"contributions":{},"includedScopes":[]},{"contributions":{},"includedScopes":[]},{"contributions":{},"includedScopes":[]}]},"contributions":{},"includedScopes":[]},"contributions":{},"includedScopes":[]},"contributions":{},"includedScopes":[]},"contributions":{},"includedScopes":[{"containerScope":{"containerScope":{"containerScope":{"contributions":{},"includedScopes":[]},"contributions":{},"includedScopes":[]},"contributions":{},"includedScopes":[]},"contributions":{},"includedScopes":[{"containerScope":{"containerScope":{"containerScope":{"contributions":{},"includedScopes":[]},"contributions":{},"includedScopes":[]},"contributions":{},"includedScopes":[]},"contributions":{},"includedScopes":[]}]},{"containerScope":{"containerScope":{"containerScope":{"contributions":{},"includedScopes":[]},"contributions":{},"includedScopes":[]},"contributions":{},"includedScopes":[]},"contributions":{},"includedScopes":[]}]},"contributions":{},"includedScopes":[]},"contributions":{},"includedScopes":[]},"contributions":{},"includedScopes":[]},"contributions":{},"includedScopes":[]},"contributions":{},"includedScopes":[]},"contributions":{},"includedScopes":[]},"sourceMap":{"end":{"column":49,"line":22,"offset":678},"start":{"column":45,"line":22,"offset":674}}},"metadata":[],"scope":{"containerScope":{"containerScope":{"containerScope":{"containerScope":{"containerScope":{"containerScope":{"containerScope":{"containerScope":{"containerScope":{"containerScope":{"contributions":{},"includedScopes":[]},"contributions":{},"includedScopes":[{"contributions":{},"includedScopes":[]},{"contributions":{},"includedScopes":[]},{"contributions":{},"includedScopes":[]},{"contributions":{},"includedScopes":[]},{"contributions":{},"includedScopes":[]}]},"contributions":{},"includedScopes":[]},"contributions":{},"includedScopes":[]},"contributions":{},"includedScopes":[]},"contributions":{},"includedScopes":[{"containerScope":{"containerScope":{"containerScope":{"contributions":{},"includedScopes":[]},"contributions":{},"includedScopes":[]},"contributions":{},"includedScopes":[]},"contributions":{},"includedScopes":[{"containerScope":{"containerScope":{"containerScope":{"contributions":{},"includedScopes":[]},"contributions":{},"includedScopes":[]},"contributions":{},"includedScopes":[]},"contributions":{},"includedScopes":[]}]},{"containerScope":{"containerScope":{"containerScope":{"contributions":{},"includedScopes":[]},"contributions":{},"includedScopes":[]},"contributions":{},"includedScopes":[]},"contributions":{},"includedScopes":[]}]},"contributions":{},"includedScopes":[]},"contributions":{},"includedScopes":[]},"contributions":{},"includedScopes":[]},"contributions":{},"includedScopes":[]},"contributions":{},"includedScopes":[]},"sourceMap":{"end":{"column":79,"line":22,"offset":708},"start":{"column":41,"line":22,"offset":670}}}],"id":"e5dfeb09-3b88-4921-9834-095cad44d2a5","message":"sembrar","metadata":[],"receiver":{"id":"832b186d-de21-4bf6-be9e-5c1d8577b33b","metadata":[],"name":"hector","scope":{"containerScope":{"containerScope":{"containerScope":{"containerScope":{"containerScope":{"containerScope":{"containerScope":{"containerScope":{"containerScope":{"containerScope":{"contributions":{},"includedScopes":[]},"contributions":{},"includedScopes":[{"contributions":{},"includedScopes":[]},{"contributions":{},"includedScopes":[]},{"contributions":{},"includedScopes":[]},{"contributions":{},"includedScopes":[]},{"contributions":{},"includedScopes":[]}]},"contributions":{},"includedScopes":[]},"contributions":{},"includedScopes":[]},"contributions":{},"includedScopes":[]},"contributions":{},"includedScopes":[{"containerScope":{"containerScope":{"containerScope":{"contributions":{},"includedScopes":[]},"contributions":{},"includedScopes":[]},"contributions":{},"includedScopes":[]},"contributions":{},"includedScopes":[{"containerScope":{"containerScope":{"containerScope":{"contributions":{},"includedScopes":[]},"contributions":{},"includedScopes":[]},"contributions":{},"includedScopes":[]},"contributions":{},"includedScopes":[]}]},{"containerScope":{"containerScope":{"containerScope":{"contributions":{},"includedScopes":[]},"contributions":{},"includedScopes":[]},"contributions":{},"includedScopes":[]},"contributions":{},"includedScopes":[]}]},"contributions":{},"includedScopes":[]},"contributions":{},"includedScopes":[]},"contributions":{},"includedScopes":[]},"contributions":{},"includedScopes":[]},"contributions":{},"includedScopes":[]},"sourceMap":{"end":{"column":32,"line":22,"offset":661},"start":{"column":26,"line":22,"offset":655}}},"scope":{"containerScope":{"containerScope":{"containerScope":{"containerScope":{"containerScope":{"containerScope":{"containerScope":{"containerScope":{"containerScope":{"contributions":{},"includedScopes":[]},"contributions":{},"includedScopes":[{"contributions":{},"includedScopes":[]},{"contributions":{},"includedScopes":[]},{"contributions":{},"includedScopes":[]},{"contributions":{},"includedScopes":[]},{"contributions":{},"includedScopes":[]}]},"contributions":{},"includedScopes":[]},"contributions":{},"includedScopes":[]},"contributions":{},"includedScopes":[]},"contributions":{},"includedScopes":[{"containerScope":{"containerScope":{"containerScope":{"contributions":{},"includedScopes":[]},"contributions":{},"includedScopes":[]},"contributions":{},"includedScopes":[]},"contributions":{},"includedScopes":[{"containerScope":{"containerScope":{"containerScope":{"contributions":{},"includedScopes":[]},"contributions":{},"includedScopes":[]},"contributions":{},"includedScopes":[]},"contributions":{},"includedScopes":[]}]},{"containerScope":{"containerScope":{"containerScope":{"contributions":{},"includedScopes":[]},"contributions":{},"includedScopes":[]},"contributions":{},"includedScopes":[]},"contributions":{},"includedScopes":[]}]},"contributions":{},"includedScopes":[]},"contributions":{},"includedScopes":[]},"contributions":{},"includedScopes":[]},"contributions":{},"includedScopes":[]},"sourceMap":{"end":{"column":80,"line":22,"offset":709},"start":{"column":26,"line":22,"offset":655}}}}]},"id":"94561cf7-1acc-466f-9e23-b26fddda9a5f","isOverride":false,"metadata":[],"name":"<apply>","parameters":[],"scope":{"containerScope":{"containerScope":{"containerScope":{"containerScope":{"containerScope":{"containerScope":{"contributions":{},"includedScopes":[]},"contributions":{},"includedScopes":[{"contributions":{},"includedScopes":[]},{"contributions":{},"includedScopes":[]},{"contributions":{},"includedScopes":[]},{"contributions":{},"includedScopes":[]},{"contributions":{},"includedScopes":[]}]},"contributions":{},"includedScopes":[]},"contributions":{},"includedScopes":[]},"contributions":{},"includedScopes":[]},"contributions":{},"includedScopes":[{"containerScope":{"containerScope":{"containerScope":{"contributions":{},"includedScopes":[]},"contributions":{},"includedScopes":[]},"contributions":{},"includedScopes":[]},"contributions":{},"includedScopes":[{"containerScope":{"containerScope":{"containerScope":{"contributions":{},"includedScopes":[]},"contributions":{},"includedScopes":[]},"contributions":{},"includedScopes":[]},"contributions":{},"includedScopes":[]}]},{"containerScope":{"containerScope":{"containerScope":{"contributions":{},"includedScopes":[]},"contributions":{},"includedScopes":[]},"contributions":{},"includedScopes":[]},"contributions":{},"includedScopes":[]}]},"contributions":{},"includedScopes":[]}},{"id":"d634d310-f129-4111-85bb-b63c91427626","isConstant":true,"isProperty":false,"metadata":[],"name":"<toString>","scope":{"containerScope":{"containerScope":{"containerScope":{"containerScope":{"containerScope":{"containerScope":{"contributions":{},"includedScopes":[]},"contributions":{},"includedScopes":[{"contributions":{},"includedScopes":[]},{"contributions":{},"includedScopes":[]},{"contributions":{},"includedScopes":[]},{"contributions":{},"includedScopes":[]},{"contributions":{},"includedScopes":[]}]},"contributions":{},"includedScopes":[]},"contributions":{},"includedScopes":[]},"contributions":{},"includedScopes":[]},"contributions":{},"includedScopes":[{"containerScope":{"containerScope":{"containerScope":{"contributions":{},"includedScopes":[]},"contributions":{},"includedScopes":[]},"contributions":{},"includedScopes":[]},"contributions":{},"includedScopes":[{"containerScope":{"containerScope":{"containerScope":{"contributions":{},"includedScopes":[]},"contributions":{},"includedScopes":[]},"contributions":{},"includedScopes":[]},"contributions":{},"includedScopes":[]}]},{"containerScope":{"containerScope":{"containerScope":{"contributions":{},"includedScopes":[]},"contributions":{},"includedScopes":[]},"contributions":{},"includedScopes":[]},"contributions":{},"includedScopes":[]}]},"contributions":{},"includedScopes":[]},"value":{"id":"3e97c2c9-5128-43a7-9720-525094f70337","metadata":[],"scope":{"containerScope":{"containerScope":{"containerScope":{"containerScope":{"containerScope":{"containerScope":{"containerScope":{"contributions":{},"includedScopes":[]},"contributions":{},"includedScopes":[{"contributions":{},"includedScopes":[]},{"contributions":{},"includedScopes":[]},{"contributions":{},"includedScopes":[]},{"contributions":{},"includedScopes":[]},{"contributions":{},"includedScopes":[]}]},"contributions":{},"includedScopes":[]},"contributions":{},"includedScopes":[]},"contributions":{},"includedScopes":[]},"contributions":{},"includedScopes":[{"containerScope":{"containerScope":{"containerScope":{"contributions":{},"includedScopes":[]},"contributions":{},"includedScopes":[]},"contributions":{},"includedScopes":[]},"contributions":{},"includedScopes":[{"containerScope":{"containerScope":{"containerScope":{"contributions":{},"includedScopes":[]},"contributions":{},"includedScopes":[]},"contributions":{},"includedScopes":[]},"contributions":{},"includedScopes":[]}]},{"containerScope":{"containerScope":{"containerScope":{"contributions":{},"includedScopes":[]},"contributions":{},"includedScopes":[]},"contributions":{},"includedScopes":[]},"contributions":{},"includedScopes":[]}]},"contributions":{},"includedScopes":[]},"contributions":{},"includedScopes":[]},"value":"{hector.sembrar(new Maiz(position = hector.position()))}"}}],"metadata":[],"scope":{"containerScope":{"containerScope":{"containerScope":{"containerScope":{"containerScope":{"contributions":{},"includedScopes":[]},"contributions":{},"includedScopes":[{"contributions":{},"includedScopes":[]},{"contributions":{},"includedScopes":[]},{"contributions":{},"includedScopes":[]},{"contributions":{},"includedScopes":[]},{"contributions":{},"includedScopes":[]}]},"contributions":{},"includedScopes":[]},"contributions":{},"includedScopes":[]},"contributions":{},"includedScopes":[]},"contributions":{},"includedScopes":[{"containerScope":{"containerScope":{"containerScope":{"contributions":{},"includedScopes":[]},"contributions":{},"includedScopes":[]},"contributions":{},"includedScopes":[]},"contributions":{},"includedScopes":[{"containerScope":{"containerScope":{"containerScope":{"contributions":{},"includedScopes":[]},"contributions":{},"includedScopes":[]},"contributions":{},"includedScopes":[]},"contributions":{},"includedScopes":[]}]},{"containerScope":{"containerScope":{"containerScope":{"contributions":{},"includedScopes":[]},"contributions":{},"includedScopes":[]},"contributions":{},"includedScopes":[]},"contributions":{},"includedScopes":[]}]},"sourceMap":{"end":{"column":81,"line":22,"offset":710},"start":{"column":25,"line":22,"offset":654}},"supertypes":[{"args":[],"id":"775c397c-8d22-45d2-8a66-f9ced13ec6b6","metadata":[],"reference":{"id":"24daa6a4-490a-4fe4-8887-0dabf61e64f4","metadata":[],"name":"wollok.lang.Closure","scope":{"containerScope":{"containerScope":{"containerScope":{"containerScope":{"containerScope":{"containerScope":{"contributions":{},"includedScopes":[]},"contributions":{},"includedScopes":[{"contributions":{},"includedScopes":[]},{"contributions":{},"includedScopes":[]},{"contributions":{},"includedScopes":[]},{"contributions":{},"includedScopes":[]},{"contributions":{},"includedScopes":[]}]},"contributions":{},"includedScopes":[]},"contributions":{},"includedScopes":[]},"contributions":{},"includedScopes":[]},"contributions":{},"includedScopes":[{"containerScope":{"containerScope":{"containerScope":{"contributions":{},"includedScopes":[]},"contributions":{},"includedScopes":[]},"contributions":{},"includedScopes":[]},"contributions":{},"includedScopes":[{"containerScope":{"containerScope":{"containerScope":{"contributions":{},"includedScopes":[]},"contributions":{},"includedScopes":[]},"contributions":{},"includedScopes":[]},"contributions":{},"includedScopes":[]}]},{"containerScope":{"containerScope":{"containerScope":{"contributions":{},"includedScopes":[]},"contributions":{},"includedScopes":[]},"contributions":{},"includedScopes":[]},"contributions":{},"includedScopes":[]}]},"contributions":{},"includedScopes":[]}},"scope":{"containerScope":{"containerScope":{"containerScope":{"containerScope":{"containerScope":{"containerScope":{"contributions":{},"includedScopes":[]},"contributions":{},"includedScopes":[{"contributions":{},"includedScopes":[]},{"contributions":{},"includedScopes":[]},{"contributions":{},"includedScopes":[]},{"contributions":{},"includedScopes":[]},{"contributions":{},"includedScopes":[]}]},"contributions":{},"includedScopes":[]},"contributions":{},"includedScopes":[]},"contributions":{},"includedScopes":[]},"contributions":{},"includedScopes":[{"containerScope":{"containerScope":{"containerScope":{"contributions":{},"includedScopes":[]},"contributions":{},"includedScopes":[]},"contributions":{},"includedScopes":[]},"contributions":{},"includedScopes":[{"containerScope":{"containerScope":{"containerScope":{"contributions":{},"includedScopes":[]},"contributions":{},"includedScopes":[]},"contributions":{},"includedScopes":[]},"contributions":{},"includedScopes":[]}]},{"containerScope":{"containerScope":{"containerScope":{"contributions":{},"includedScopes":[]},"contributions":{},"includedScopes":[]},"contributions":{},"includedScopes":[]},"contributions":{},"includedScopes":[]}]},"contributions":{},"includedScopes":[]}}]}],"id":"5cbc95c2-4aa1-4593-9b7b-5ec4bd46b939","message":"onPressDo","metadata":[],"receiver":{"args":[],"id":"dfb2ded2-2c1b-4e9e-9865-24e6052a26e6","message":"m","metadata":[],"receiver":{"id":"5a481bdc-c511-4b31-ae17-f030a6262257","metadata":[],"name":"keyboard","scope":{"containerScope":{"containerScope":{"containerScope":{"containerScope":{"containerScope":{"containerScope":{"contributions":{},"includedScopes":[]},"contributions":{},"includedScopes":[{"contributions":{},"includedScopes":[]},{"contributions":{},"includedScopes":[]},{"contributions":{},"includedScopes":[]},{"contributions":{},"includedScopes":[]},{"contributions":{},"includedScopes":[]}]},"contributions":{},"includedScopes":[]},"contributions":{},"includedScopes":[]},"contributions":{},"includedScopes":[]},"contributions":{},"includedScopes":[]},"contributions":{},"includedScopes":[]},"sourceMap":{"end":{"column":10,"line":22,"offset":639},"start":{"column":2,"line":22,"offset":631}}},"scope":{"containerScope":{"containerScope":{"containerScope":{"containerScope":{"containerScope":{"contributions":{},"includedScopes":[]},"contributions":{},"includedScopes":[{"contributions":{},"includedScopes":[]},{"contributions":{},"includedScopes":[]},{"contributions":{},"includedScopes":[]},{"contributions":{},"includedScopes":[]},{"contributions":{},"includedScopes":[]}]},"contributions":{},"includedScopes":[]},"contributions":{},"includedScopes":[]},"contributions":{},"includedScopes":[]},"contributions":{},"includedScopes":[]},"sourceMap":{"end":{"column":14,"line":22,"offset":643},"start":{"column":2,"line":22,"offset":631}}},"scope":{"containerScope":{"containerScope":{"containerScope":{"containerScope":{"contributions":{},"includedScopes":[]},"contributions":{},"includedScopes":[{"contributions":{},"includedScopes":[]},{"contributions":{},"includedScopes":[]},{"contributions":{},"includedScopes":[]},{"contributions":{},"includedScopes":[]},{"contributions":{},"includedScopes":[]}]},"contributions":{},"includedScopes":[]},"contributions":{},"includedScopes":[]},"contributions":{},"includedScopes":[]},"sourceMap":{"end":{"column":82,"line":22,"offset":711},"start":{"column":2,"line":22,"offset":631}}},{"args":[{"id":"ff1b8afd-9b00-4bcf-b093-6d4cedde26e3","members":[{"body":{"id":"47066e53-3d8e-4d8c-8291-5c0bf79ce373","metadata":[],"scope":{"containerScope":{"containerScope":{"containerScope":{"containerScope":{"containerScope":{"containerScope":{"containerScope":{"contributions":{},"includedScopes":[]},"contributions":{},"includedScopes":[{"contributions":{},"includedScopes":[]},{"contributions":{},"includedScopes":[]},{"contributions":{},"includedScopes":[]},{"contributions":{},"includedScopes":[]},{"contributions":{},"includedScopes":[]}]},"contributions":{},"includedScopes":[]},"contributions":{},"includedScopes":[]},"contributions":{},"includedScopes":[]},"contributions":{},"includedScopes":[{"containerScope":{"containerScope":{"containerScope":{"contributions":{},"includedScopes":[]},"contributions":{},"includedScopes":[]},"contributions":{},"includedScopes":[]},"contributions":{},"includedScopes":[{"containerScope":{"containerScope":{"containerScope":{"contributions":{},"includedScopes":[]},"contributions":{},"includedScopes":[]},"contributions":{},"includedScopes":[]},"contributions":{},"includedScopes":[]}]},{"containerScope":{"containerScope":{"containerScope":{"contributions":{},"includedScopes":[]},"contributions":{},"includedScopes":[]},"contributions":{},"includedScopes":[]},"contributions":{},"includedScopes":[]}]},"contributions":{},"includedScopes":[]},"contributions":{},"includedScopes":[]},"sentences":[{"id":"43f420e0-f99b-4fad-9f00-5908232afd22","metadata":[],"scope":{"containerScope":{"containerScope":{"containerScope":{"containerScope":{"containerScope":{"containerScope":{"containerScope":{"containerScope":{"contributions":{},"includedScopes":[]},"contributions":{},"includedScopes":[{"contributions":{},"includedScopes":[]},{"contributions":{},"includedScopes":[]},{"contributions":{},"includedScopes":[]},{"contributions":{},"includedScopes":[]},{"contributions":{},"includedScopes":[]}]},"contributions":{},"includedScopes":[]},"contributions":{},"includedScopes":[]},"contributions":{},"includedScopes":[]},"contributions":{},"includedScopes":[{"containerScope":{"containerScope":{"containerScope":{"contributions":{},"includedScopes":[]},"contributions":{},"includedScopes":[]},"contributions":{},"includedScopes":[]},"contributions":{},"includedScopes":[{"containerScope":{"containerScope":{"containerScope":{"contributions":{},"includedScopes":[]},"contributions":{},"includedScopes":[]},"contributions":{},"includedScopes":[]},"contributions":{},"includedScopes":[]}]},{"containerScope":{"containerScope":{"containerScope":{"contributions":{},"includedScopes":[]},"contributions":{},"includedScopes":[]},"contributions":{},"includedScopes":[]},"contributions":{},"includedScopes":[]}]},"contributions":{},"includedScopes":[]},"contributions":{},"includedScopes":[]},"contributions":{},"includedScopes":[]},"value":{"args":[{"args":[{"id":"ce427909-4fec-4767-9bd2-d2c6c19de734","metadata":[],"name":"position","scope":{"containerScope":{"containerScope":{"containerScope":{"containerScope":{"containerScope":{"containerScope":{"containerScope":{"containerScope":{"containerScope":{"containerScope":{"containerScope":{"contributions":{},"includedScopes":[]},"contributions":{},"includedScopes":[{"contributions":{},"includedScopes":[]},{"contributions":{},"includedScopes":[]},{"contributions":{},"includedScopes":[]},{"contributions":{},"includedScopes":[]},{"contributions":{},"includedScopes":[]}]},"contributions":{},"includedScopes":[]},"contributions":{},"includedScopes":[]},"contributions":{},"includedScopes":[]},"contributions":{},"includedScopes":[{"containerScope":{"containerScope":{"containerScope":{"contributions":{},"includedScopes":[]},"contributions":{},"includedScopes":[]},"contributions":{},"includedScopes":[]},"contributions":{},"includedScopes":[{"containerScope":{"containerScope":{"containerScope":{"contributions":{},"includedScopes":[]},"contributions":{},"includedScopes":[]},"contributions":{},"includedScopes":[]},"contributions":{},"includedScopes":[]}]},{"containerScope":{"containerScope":{"containerScope":{"contributions":{},"includedScopes":[]},"contributions":{},"includedScopes":[]},"contributions":{},"includedScopes":[]},"contributions":{},"includedScopes":[]}]},"contributions":{},"includedScopes":[]},"contributions":{},"includedScopes":[]},"contributions":{},"includedScopes":[]},"contributions":{},"includedScopes":[]},"contributions":{},"includedScopes":[]},"contributions":{},"includedScopes":[]},"sourceMap":{"end":{"column":79,"line":23,"offset":790},"start":{"column":51,"line":23,"offset":762}},"value":{"args":[],"id":"34137602-5465-4b92-8323-6d9d58ec7bc2","message":"position","metadata":[],"receiver":{"id":"7ef89a0e-d078-4591-bbc6-d4d00fe5216f","metadata":[],"name":"hector","scope":{"containerScope":{"containerScope":{"containerScope":{"containerScope":{"containerScope":{"containerScope":{"containerScope":{"containerScope":{"containerScope":{"containerScope":{"containerScope":{"containerScope":{"containerScope":{"contributions":{},"includedScopes":[]},"contributions":{},"includedScopes":[{"contributions":{},"includedScopes":[]},{"contributions":{},"includedScopes":[]},{"contributions":{},"includedScopes":[]},{"contributions":{},"includedScopes":[]},{"contributions":{},"includedScopes":[]}]},"contributions":{},"includedScopes":[]},"contributions":{},"includedScopes":[]},"contributions":{},"includedScopes":[]},"contributions":{},"includedScopes":[{"containerScope":{"containerScope":{"containerScope":{"contributions":{},"includedScopes":[]},"contributions":{},"includedScopes":[]},"contributions":{},"includedScopes":[]},"contributions":{},"includedScopes":[{"containerScope":{"containerScope":{"containerScope":{"contributions":{},"includedScopes":[]},"contributions":{},"includedScopes":[]},"contributions":{},"includedScopes":[]},"contributions":{},"includedScopes":[]}]},{"containerScope":{"containerScope":{"containerScope":{"contributions":{},"includedScopes":[]},"contributions":{},"includedScopes":[]},"contributions":{},"includedScopes":[]},"contributions":{},"includedScopes":[]}]},"contributions":{},"includedScopes":[]},"contributions":{},"includedScopes":[]},"contributions":{},"includedScopes":[]},"contributions":{},"includedScopes":[]},"contributions":{},"includedScopes":[]},"contributions":{},"includedScopes":[]},"contributions":{},"includedScopes":[]},"contributions":{},"includedScopes":[]},"sourceMap":{"end":{"column":68,"line":23,"offset":779},"start":{"column":62,"line":23,"offset":773}}},"scope":{"containerScope":{"containerScope":{"containerScope":{"containerScope":{"containerScope":{"containerScope":{"containerScope":{"containerScope":{"containerScope":{"containerScope":{"containerScope":{"containerScope":{"contributions":{},"includedScopes":[]},"contributions":{},"includedScopes":[{"contributions":{},"includedScopes":[]},{"contributions":{},"includedScopes":[]},{"contributions":{},"includedScopes":[]},{"contributions":{},"includedScopes":[]},{"contributions":{},"includedScopes":[]}]},"contributions":{},"includedScopes":[]},"contributions":{},"includedScopes":[]},"contributions":{},"includedScopes":[]},"contributions":{},"includedScopes":[{"containerScope":{"containerScope":{"containerScope":{"contributions":{},"includedScopes":[]},"contributions":{},"includedScopes":[]},"contributions":{},"includedScopes":[]},"contributions":{},"includedScopes":[{"containerScope":{"containerScope":{"containerScope":{"contributions":{},"includedScopes":[]},"contributions":{},"includedScopes":[]},"contributions":{},"includedScopes":[]},"contributions":{},"includedScopes":[]}]},{"containerScope":{"containerScope":{"containerScope":{"contributions":{},"includedScopes":[]},"contributions":{},"includedScopes":[]},"contributions":{},"includedScopes":[]},"contributions":{},"includedScopes":[]}]},"contributions":{},"includedScopes":[]},"contributions":{},"includedScopes":[]},"contributions":{},"includedScopes":[]},"contributions":{},"includedScopes":[]},"contributions":{},"includedScopes":[]},"contributions":{},"includedScopes":[]},"contributions":{},"includedScopes":[]},"sourceMap":{"end":{"column":79,"line":23,"offset":790},"start":{"column":62,"line":23,"offset":773}}}}],"id":"9b778ae8-4438-4819-af3d-224084c8b40c","instantiated":{"id":"61aecfcc-c086-4b97-8115-1b65d2ba84f0","metadata":[],"name":"Trigo","scope":{"containerScope":{"containerScope":{"containerScope":{"containerScope":{"containerScope":{"containerScope":{"containerScope":{"containerScope":{"containerScope":{"containerScope":{"containerScope":{"contributions":{},"includedScopes":[]},"contributions":{},"includedScopes":[{"contributions":{},"includedScopes":[]},{"contributions":{},"includedScopes":[]},{"contributions":{},"includedScopes":[]},{"contributions":{},"includedScopes":[]},{"contributions":{},"includedScopes":[]}]},"contributions":{},"includedScopes":[]},"contributions":{},"includedScopes":[]},"contributions":{},"includedScopes":[]},"contributions":{},"includedScopes":[{"containerScope":{"containerScope":{"containerScope":{"contributions":{},"includedScopes":[]},"contributions":{},"includedScopes":[]},"contributions":{},"includedScopes":[]},"contributions":{},"includedScopes":[{"containerScope":{"containerScope":{"containerScope":{"contributions":{},"includedScopes":[]},"contributions":{},"includedScopes":[]},"contributions":{},"includedScopes":[]},"contributions":{},"includedScopes":[]}]},{"containerScope":{"containerScope":{"containerScope":{"contributions":{},"includedScopes":[]},"contributions":{},"includedScopes":[]},"contributions":{},"includedScopes":[]},"contributions":{},"includedScopes":[]}]},"contributions":{},"includedScopes":[]},"contributions":{},"includedScopes":[]},"contributions":{},"includedScopes":[]},"contributions":{},"includedScopes":[]},"contributions":{},"includedScopes":[]},"contributions":{},"includedScopes":[]},"sourceMap":{"end":{"column":50,"line":23,"offset":761},"start":{"column":45,"line":23,"offset":756}}},"metadata":[],"scope":{"containerScope":{"containerScope":{"containerScope":{"containerScope":{"containerScope":{"containerScope":{"containerScope":{"containerScope":{"containerScope":{"containerScope":{"contributions":{},"includedScopes":[]},"contributions":{},"includedScopes":[{"contributions":{},"includedScopes":[]},{"contributions":{},"includedScopes":[]},{"contributions":{},"includedScopes":[]},{"contributions":{},"includedScopes":[]},{"contributions":{},"includedScopes":[]}]},"contributions":{},"includedScopes":[]},"contributions":{},"includedScopes":[]},"contributions":{},"includedScopes":[]},"contributions":{},"includedScopes":[{"containerScope":{"containerScope":{"containerScope":{"contributions":{},"includedScopes":[]},"contributions":{},"includedScopes":[]},"contributions":{},"includedScopes":[]},"contributions":{},"includedScopes":[{"containerScope":{"containerScope":{"containerScope":{"contributions":{},"includedScopes":[]},"contributions":{},"includedScopes":[]},"contributions":{},"includedScopes":[]},"contributions":{},"includedScopes":[]}]},{"containerScope":{"containerScope":{"containerScope":{"contributions":{},"includedScopes":[]},"contributions":{},"includedScopes":[]},"contributions":{},"includedScopes":[]},"contributions":{},"includedScopes":[]}]},"contributions":{},"includedScopes":[]},"contributions":{},"includedScopes":[]},"contributions":{},"includedScopes":[]},"contributions":{},"includedScopes":[]},"contributions":{},"includedScopes":[]},"sourceMap":{"end":{"column":80,"line":23,"offset":791},"start":{"column":41,"line":23,"offset":752}}}],"id":"d6e25529-8b62-4376-9618-1337fc60acfa","message":"sembrar","metadata":[],"receiver":{"id":"4d10e6cd-134a-4a22-86f8-1117b804adc9","metadata":[],"name":"hector","scope":{"containerScope":{"containerScope":{"containerScope":{"containerScope":{"containerScope":{"containerScope":{"containerScope":{"containerScope":{"containerScope":{"containerScope":{"contributions":{},"includedScopes":[]},"contributions":{},"includedScopes":[{"contributions":{},"includedScopes":[]},{"contributions":{},"includedScopes":[]},{"contributions":{},"includedScopes":[]},{"contributions":{},"includedScopes":[]},{"contributions":{},"includedScopes":[]}]},"contributions":{},"includedScopes":[]},"contributions":{},"includedScopes":[]},"contributions":{},"includedScopes":[]},"contributions":{},"includedScopes":[{"containerScope":{"containerScope":{"containerScope":{"contributions":{},"includedScopes":[]},"contributions":{},"includedScopes":[]},"contributions":{},"includedScopes":[]},"contributions":{},"includedScopes":[{"containerScope":{"containerScope":{"containerScope":{"contributions":{},"includedScopes":[]},"contributions":{},"includedScopes":[]},"contributions":{},"includedScopes":[]},"contributions":{},"includedScopes":[]}]},{"containerScope":{"containerScope":{"containerScope":{"contributions":{},"includedScopes":[]},"contributions":{},"includedScopes":[]},"contributions":{},"includedScopes":[]},"contributions":{},"includedScopes":[]}]},"contributions":{},"includedScopes":[]},"contributions":{},"includedScopes":[]},"contributions":{},"includedScopes":[]},"contributions":{},"includedScopes":[]},"contributions":{},"includedScopes":[]},"sourceMap":{"end":{"column":32,"line":23,"offset":743},"start":{"column":26,"line":23,"offset":737}}},"scope":{"containerScope":{"containerScope":{"containerScope":{"containerScope":{"containerScope":{"containerScope":{"containerScope":{"containerScope":{"containerScope":{"contributions":{},"includedScopes":[]},"contributions":{},"includedScopes":[{"contributions":{},"includedScopes":[]},{"contributions":{},"includedScopes":[]},{"contributions":{},"includedScopes":[]},{"contributions":{},"includedScopes":[]},{"contributions":{},"includedScopes":[]}]},"contributions":{},"includedScopes":[]},"contributions":{},"includedScopes":[]},"contributions":{},"includedScopes":[]},"contributions":{},"includedScopes":[{"containerScope":{"containerScope":{"containerScope":{"contributions":{},"includedScopes":[]},"contributions":{},"includedScopes":[]},"contributions":{},"includedScopes":[]},"contributions":{},"includedScopes":[{"containerScope":{"containerScope":{"containerScope":{"contributions":{},"includedScopes":[]},"contributions":{},"includedScopes":[]},"contributions":{},"includedScopes":[]},"contributions":{},"includedScopes":[]}]},{"containerScope":{"containerScope":{"containerScope":{"contributions":{},"includedScopes":[]},"contributions":{},"includedScopes":[]},"contributions":{},"includedScopes":[]},"contributions":{},"includedScopes":[]}]},"contributions":{},"includedScopes":[]},"contributions":{},"includedScopes":[]},"contributions":{},"includedScopes":[]},"contributions":{},"includedScopes":[]},"sourceMap":{"end":{"column":81,"line":23,"offset":792},"start":{"column":26,"line":23,"offset":737}}}}]},"id":"52273ef4-e59f-46d6-aad6-1036efc76770","isOverride":false,"metadata":[],"name":"<apply>","parameters":[],"scope":{"containerScope":{"containerScope":{"containerScope":{"containerScope":{"containerScope":{"containerScope":{"contributions":{},"includedScopes":[]},"contributions":{},"includedScopes":[{"contributions":{},"includedScopes":[]},{"contributions":{},"includedScopes":[]},{"contributions":{},"includedScopes":[]},{"contributions":{},"includedScopes":[]},{"contributions":{},"includedScopes":[]}]},"contributions":{},"includedScopes":[]},"contributions":{},"includedScopes":[]},"contributions":{},"includedScopes":[]},"contributions":{},"includedScopes":[{"containerScope":{"containerScope":{"containerScope":{"contributions":{},"includedScopes":[]},"contributions":{},"includedScopes":[]},"contributions":{},"includedScopes":[]},"contributions":{},"includedScopes":[{"containerScope":{"containerScope":{"containerScope":{"contributions":{},"includedScopes":[]},"contributions":{},"includedScopes":[]},"contributions":{},"includedScopes":[]},"contributions":{},"includedScopes":[]}]},{"containerScope":{"containerScope":{"containerScope":{"contributions":{},"includedScopes":[]},"contributions":{},"includedScopes":[]},"contributions":{},"includedScopes":[]},"contributions":{},"includedScopes":[]}]},"contributions":{},"includedScopes":[]}},{"id":"170beafd-aac0-40fa-bd00-ca2e929c7f58","isConstant":true,"isProperty":false,"metadata":[],"name":"<toString>","scope":{"containerScope":{"containerScope":{"containerScope":{"containerScope":{"containerScope":{"containerScope":{"contributions":{},"includedScopes":[]},"contributions":{},"includedScopes":[{"contributions":{},"includedScopes":[]},{"contributions":{},"includedScopes":[]},{"contributions":{},"includedScopes":[]},{"contributions":{},"includedScopes":[]},{"contributions":{},"includedScopes":[]}]},"contributions":{},"includedScopes":[]},"contributions":{},"includedScopes":[]},"contributions":{},"includedScopes":[]},"contributions":{},"includedScopes":[{"containerScope":{"containerScope":{"containerScope":{"contributions":{},"includedScopes":[]},"contributions":{},"includedScopes":[]},"contributions":{},"includedScopes":[]},"contributions":{},"includedScopes":[{"containerScope":{"containerScope":{"containerScope":{"contributions":{},"includedScopes":[]},"contributions":{},"includedScopes":[]},"contributions":{},"includedScopes":[]},"contributions":{},"includedScopes":[]}]},{"containerScope":{"containerScope":{"containerScope":{"contributions":{},"includedScopes":[]},"contributions":{},"includedScopes":[]},"contributions":{},"includedScopes":[]},"contributions":{},"includedScopes":[]}]},"contributions":{},"includedScopes":[]},"value":{"id":"433b9c72-aa3d-4ab2-8617-5de0cd5ef449","metadata":[],"scope":{"containerScope":{"containerScope":{"containerScope":{"containerScope":{"containerScope":{"containerScope":{"containerScope":{"contributions":{},"includedScopes":[]},"contributions":{},"includedScopes":[{"contributions":{},"includedScopes":[]},{"contributions":{},"includedScopes":[]},{"contributions":{},"includedScopes":[]},{"contributions":{},"includedScopes":[]},{"contributions":{},"includedScopes":[]}]},"contributions":{},"includedScopes":[]},"contributions":{},"includedScopes":[]},"contributions":{},"includedScopes":[]},"contributions":{},"includedScopes":[{"containerScope":{"containerScope":{"containerScope":{"contributions":{},"includedScopes":[]},"contributions":{},"includedScopes":[]},"contributions":{},"includedScopes":[]},"contributions":{},"includedScopes":[{"containerScope":{"containerScope":{"containerScope":{"contributions":{},"includedScopes":[]},"contributions":{},"includedScopes":[]},"contributions":{},"includedScopes":[]},"contributions":{},"includedScopes":[]}]},{"containerScope":{"containerScope":{"containerScope":{"contributions":{},"includedScopes":[]},"contributions":{},"includedScopes":[]},"contributions":{},"includedScopes":[]},"contributions":{},"includedScopes":[]}]},"contributions":{},"includedScopes":[]},"contributions":{},"includedScopes":[]},"value":"{hector.sembrar(new Trigo(position = hector.position()))}"}}],"metadata":[],"scope":{"containerScope":{"containerScope":{"containerScope":{"containerScope":{"containerScope":{"contributions":{},"includedScopes":[]},"contributions":{},"includedScopes":[{"contributions":{},"includedScopes":[]},{"contributions":{},"includedScopes":[]},{"contributions":{},"includedScopes":[]},{"contributions":{},"includedScopes":[]},{"contributions":{},"includedScopes":[]}]},"contributions":{},"includedScopes":[]},"contributions":{},"includedScopes":[]},"contributions":{},"includedScopes":[]},"contributions":{},"includedScopes":[{"containerScope":{"containerScope":{"containerScope":{"contributions":{},"includedScopes":[]},"contributions":{},"includedScopes":[]},"contributions":{},"includedScopes":[]},"contributions":{},"includedScopes":[{"containerScope":{"containerScope":{"containerScope":{"contributions":{},"includedScopes":[]},"contributions":{},"includedScopes":[]},"contributions":{},"includedScopes":[]},"contributions":{},"includedScopes":[]}]},{"containerScope":{"containerScope":{"containerScope":{"contributions":{},"includedScopes":[]},"contributions":{},"includedScopes":[]},"contributions":{},"includedScopes":[]},"contributions":{},"includedScopes":[]}]},"sourceMap":{"end":{"column":82,"line":23,"offset":793},"start":{"column":25,"line":23,"offset":736}},"supertypes":[{"args":[],"id":"af80a2fb-ee6f-4131-a3a3-10ad20e5bd57","metadata":[],"reference":{"id":"9ee18749-4f9e-4edb-a183-99a4a77b3800","metadata":[],"name":"wollok.lang.Closure","scope":{"containerScope":{"containerScope":{"containerScope":{"containerScope":{"containerScope":{"containerScope":{"contributions":{},"includedScopes":[]},"contributions":{},"includedScopes":[{"contributions":{},"includedScopes":[]},{"contributions":{},"includedScopes":[]},{"contributions":{},"includedScopes":[]},{"contributions":{},"includedScopes":[]},{"contributions":{},"includedScopes":[]}]},"contributions":{},"includedScopes":[]},"contributions":{},"includedScopes":[]},"contributions":{},"includedScopes":[]},"contributions":{},"includedScopes":[{"containerScope":{"containerScope":{"containerScope":{"contributions":{},"includedScopes":[]},"contributions":{},"includedScopes":[]},"contributions":{},"includedScopes":[]},"contributions":{},"includedScopes":[{"containerScope":{"containerScope":{"containerScope":{"contributions":{},"includedScopes":[]},"contributions":{},"includedScopes":[]},"contributions":{},"includedScopes":[]},"contributions":{},"includedScopes":[]}]},{"containerScope":{"containerScope":{"containerScope":{"contributions":{},"includedScopes":[]},"contributions":{},"includedScopes":[]},"contributions":{},"includedScopes":[]},"contributions":{},"includedScopes":[]}]},"contributions":{},"includedScopes":[]}},"scope":{"containerScope":{"containerScope":{"containerScope":{"containerScope":{"containerScope":{"containerScope":{"contributions":{},"includedScopes":[]},"contributions":{},"includedScopes":[{"contributions":{},"includedScopes":[]},{"contributions":{},"includedScopes":[]},{"contributions":{},"includedScopes":[]},{"contributions":{},"includedScopes":[]},{"contributions":{},"includedScopes":[]}]},"contributions":{},"includedScopes":[]},"contributions":{},"includedScopes":[]},"contributions":{},"includedScopes":[]},"contributions":{},"includedScopes":[{"containerScope":{"containerScope":{"containerScope":{"contributions":{},"includedScopes":[]},"contributions":{},"includedScopes":[]},"contributions":{},"includedScopes":[]},"contributions":{},"includedScopes":[{"containerScope":{"containerScope":{"containerScope":{"contributions":{},"includedScopes":[]},"contributions":{},"includedScopes":[]},"contributions":{},"includedScopes":[]},"contributions":{},"includedScopes":[]}]},{"containerScope":{"containerScope":{"containerScope":{"contributions":{},"includedScopes":[]},"contributions":{},"includedScopes":[]},"contributions":{},"includedScopes":[]},"contributions":{},"includedScopes":[]}]},"contributions":{},"includedScopes":[]}}]}],"id":"9583c805-66eb-4878-b7b2-75859121033f","message":"onPressDo","metadata":[],"receiver":{"args":[],"id":"03d4b523-df96-4ea3-a3bb-e5a00e6bcb1d","message":"t","metadata":[],"receiver":{"id":"4c607ef4-d709-4c41-a292-2d549beac871","metadata":[],"name":"keyboard","scope":{"containerScope":{"containerScope":{"containerScope":{"containerScope":{"containerScope":{"containerScope":{"contributions":{},"includedScopes":[]},"contributions":{},"includedScopes":[{"contributions":{},"includedScopes":[]},{"contributions":{},"includedScopes":[]},{"contributions":{},"includedScopes":[]},{"contributions":{},"includedScopes":[]},{"contributions":{},"includedScopes":[]}]},"contributions":{},"includedScopes":[]},"contributions":{},"includedScopes":[]},"contributions":{},"includedScopes":[]},"contributions":{},"includedScopes":[]},"contributions":{},"includedScopes":[]},"sourceMap":{"end":{"column":10,"line":23,"offset":721},"start":{"column":2,"line":23,"offset":713}}},"scope":{"containerScope":{"containerScope":{"containerScope":{"containerScope":{"containerScope":{"contributions":{},"includedScopes":[]},"contributions":{},"includedScopes":[{"contributions":{},"includedScopes":[]},{"contributions":{},"includedScopes":[]},{"contributions":{},"includedScopes":[]},{"contributions":{},"includedScopes":[]},{"contributions":{},"includedScopes":[]}]},"contributions":{},"includedScopes":[]},"contributions":{},"includedScopes":[]},"contributions":{},"includedScopes":[]},"contributions":{},"includedScopes":[]},"sourceMap":{"end":{"column":14,"line":23,"offset":725},"start":{"column":2,"line":23,"offset":713}}},"scope":{"containerScope":{"containerScope":{"containerScope":{"containerScope":{"contributions":{},"includedScopes":[]},"contributions":{},"includedScopes":[{"contributions":{},"includedScopes":[]},{"contributions":{},"includedScopes":[]},{"contributions":{},"includedScopes":[]},{"contributions":{},"includedScopes":[]},{"contributions":{},"includedScopes":[]}]},"contributions":{},"includedScopes":[]},"contributions":{},"includedScopes":[]},"contributions":{},"includedScopes":[]},"sourceMap":{"end":{"column":83,"line":23,"offset":794},"start":{"column":2,"line":23,"offset":713}}},{"args":[{"id":"b8b66a98-e597-4198-8a68-3ac6d23aec16","members":[{"body":{"id":"1ec51db7-8422-4906-bf7b-29c8f7824760","metadata":[],"scope":{"containerScope":{"containerScope":{"containerScope":{"containerScope":{"containerScope":{"containerScope":{"containerScope":{"contributions":{},"includedScopes":[]},"contributions":{},"includedScopes":[{"contributions":{},"includedScopes":[]},{"contributions":{},"includedScopes":[]},{"contributions":{},"includedScopes":[]},{"contributions":{},"includedScopes":[]},{"contributions":{},"includedScopes":[]}]},"contributions":{},"includedScopes":[]},"contributions":{},"includedScopes":[]},"contributions":{},"includedScopes":[]},"contributions":{},"includedScopes":[{"containerScope":{"containerScope":{"containerScope":{"contributions":{},"includedScopes":[]},"contributions":{},"includedScopes":[]},"contributions":{},"includedScopes":[]},"contributions":{},"includedScopes":[{"containerScope":{"containerScope":{"containerScope":{"contributions":{},"includedScopes":[]},"contributions":{},"includedScopes":[]},"contributions":{},"includedScopes":[]},"contributions":{},"includedScopes":[]}]},{"containerScope":{"containerScope":{"containerScope":{"contributions":{},"includedScopes":[]},"contributions":{},"includedScopes":[]},"contributions":{},"includedScopes":[]},"contributions":{},"includedScopes":[]}]},"contributions":{},"includedScopes":[]},"contributions":{},"includedScopes":[]},"sentences":[{"id":"c31bcdd2-39b7-46f6-ab94-4fa6bea74993","metadata":[],"scope":{"containerScope":{"containerScope":{"containerScope":{"containerScope":{"containerScope":{"containerScope":{"containerScope":{"containerScope":{"contributions":{},"includedScopes":[]},"contributions":{},"includedScopes":[{"contributions":{},"includedScopes":[]},{"contributions":{},"includedScopes":[]},{"contributions":{},"includedScopes":[]},{"contributions":{},"includedScopes":[]},{"contributions":{},"includedScopes":[]}]},"contributions":{},"includedScopes":[]},"contributions":{},"includedScopes":[]},"contributions":{},"includedScopes":[]},"contributions":{},"includedScopes":[{"containerScope":{"containerScope":{"containerScope":{"contributions":{},"includedScopes":[]},"contributions":{},"includedScopes":[]},"contributions":{},"includedScopes":[]},"contributions":{},"includedScopes":[{"containerScope":{"containerScope":{"containerScope":{"contributions":{},"includedScopes":[]},"contributions":{},"includedScopes":[]},"contributions":{},"includedScopes":[]},"contributions":{},"includedScopes":[]}]},{"containerScope":{"containerScope":{"containerScope":{"contributions":{},"includedScopes":[]},"contributions":{},"includedScopes":[]},"contributions":{},"includedScopes":[]},"contributions":{},"includedScopes":[]}]},"contributions":{},"includedScopes":[]},"contributions":{},"includedScopes":[]},"contributions":{},"includedScopes":[]},"value":{"args":[{"args":[{"id":"5e31418f-47dd-4893-8182-ac092ae62dea","metadata":[],"name":"position","scope":{"containerScope":{"containerScope":{"containerScope":{"containerScope":{"containerScope":{"containerScope":{"containerScope":{"containerScope":{"containerScope":{"containerScope":{"containerScope":{"contributions":{},"includedScopes":[]},"contributions":{},"includedScopes":[{"contributions":{},"includedScopes":[]},{"contributions":{},"includedScopes":[]},{"contributions":{},"includedScopes":[]},{"contributions":{},"includedScopes":[]},{"contributions":{},"includedScopes":[]}]},"contributions":{},"includedScopes":[]},"contributions":{},"includedScopes":[]},"contributions":{},"includedScopes":[]},"contributions":{},"includedScopes":[{"containerScope":{"containerScope":{"containerScope":{"contributions":{},"includedScopes":[]},"contributions":{},"includedScopes":[]},"contributions":{},"includedScopes":[]},"contributions":{},"includedScopes":[{"containerScope":{"containerScope":{"containerScope":{"contributions":{},"includedScopes":[]},"contributions":{},"includedScopes":[]},"contributions":{},"includedScopes":[]},"contributions":{},"includedScopes":[]}]},{"containerScope":{"containerScope":{"containerScope":{"contributions":{},"includedScopes":[]},"contributions":{},"includedScopes":[]},"contributions":{},"includedScopes":[]},"contributions":{},"includedScopes":[]}]},"contributions":{},"includedScopes":[]},"contributions":{},"includedScopes":[]},"contributions":{},"includedScopes":[]},"contributions":{},"includedScopes":[]},"contributions":{},"includedScopes":[]},"contributions":{},"includedScopes":[]},"sourceMap":{"end":{"column":80,"line":24,"offset":874},"start":{"column":52,"line":24,"offset":846}},"value":{"args":[],"id":"5a769355-0a07-4ea7-ba5f-1799d8932510","message":"position","metadata":[],"receiver":{"id":"ee5f6049-941a-4df2-b881-ee84ea91bdb2","metadata":[],"name":"hector","scope":{"containerScope":{"containerScope":{"containerScope":{"containerScope":{"containerScope":{"containerScope":{"containerScope":{"containerScope":{"containerScope":{"containerScope":{"containerScope":{"containerScope":{"containerScope":{"contributions":{},"includedScopes":[]},"contributions":{},"includedScopes":[{"contributions":{},"includedScopes":[]},{"contributions":{},"includedScopes":[]},{"contributions":{},"includedScopes":[]},{"contributions":{},"includedScopes":[]},{"contributions":{},"includedScopes":[]}]},"contributions":{},"includedScopes":[]},"contributions":{},"includedScopes":[]},"contributions":{},"includedScopes":[]},"contributions":{},"includedScopes":[{"containerScope":{"containerScope":{"containerScope":{"contributions":{},"includedScopes":[]},"contributions":{},"includedScopes":[]},"contributions":{},"includedScopes":[]},"contributions":{},"includedScopes":[{"containerScope":{"containerScope":{"containerScope":{"contributions":{},"includedScopes":[]},"contributions":{},"includedScopes":[]},"contributions":{},"includedScopes":[]},"contributions":{},"includedScopes":[]}]},{"containerScope":{"containerScope":{"containerScope":{"contributions":{},"includedScopes":[]},"contributions":{},"includedScopes":[]},"contributions":{},"includedScopes":[]},"contributions":{},"includedScopes":[]}]},"contributions":{},"includedScopes":[]},"contributions":{},"includedScopes":[]},"contributions":{},"includedScopes":[]},"contributions":{},"includedScopes":[]},"contributions":{},"includedScopes":[]},"contributions":{},"includedScopes":[]},"contributions":{},"includedScopes":[]},"contributions":{},"includedScopes":[]},"sourceMap":{"end":{"column":69,"line":24,"offset":863},"start":{"column":63,"line":24,"offset":857}}},"scope":{"containerScope":{"containerScope":{"containerScope":{"containerScope":{"containerScope":{"containerScope":{"containerScope":{"containerScope":{"containerScope":{"containerScope":{"containerScope":{"containerScope":{"contributions":{},"includedScopes":[]},"contributions":{},"includedScopes":[{"contributions":{},"includedScopes":[]},{"contributions":{},"includedScopes":[]},{"contributions":{},"includedScopes":[]},{"contributions":{},"includedScopes":[]},{"contributions":{},"includedScopes":[]}]},"contributions":{},"includedScopes":[]},"contributions":{},"includedScopes":[]},"contributions":{},"includedScopes":[]},"contributions":{},"includedScopes":[{"containerScope":{"containerScope":{"containerScope":{"contributions":{},"includedScopes":[]},"contributions":{},"includedScopes":[]},"contributions":{},"includedScopes":[]},"contributions":{},"includedScopes":[{"containerScope":{"containerScope":{"containerScope":{"contributions":{},"includedScopes":[]},"contributions":{},"includedScopes":[]},"contributions":{},"includedScopes":[]},"contributions":{},"includedScopes":[]}]},{"containerScope":{"containerScope":{"containerScope":{"contributions":{},"includedScopes":[]},"contributions":{},"includedScopes":[]},"contributions":{},"includedScopes":[]},"contributions":{},"includedScopes":[]}]},"contributions":{},"includedScopes":[]},"contributions":{},"includedScopes":[]},"contributions":{},"includedScopes":[]},"contributions":{},"includedScopes":[]},"contributions":{},"includedScopes":[]},"contributions":{},"includedScopes":[]},"contributions":{},"includedScopes":[]},"sourceMap":{"end":{"column":80,"line":24,"offset":874},"start":{"column":63,"line":24,"offset":857}}}}],"id":"138cd3e7-e9b6-4ad5-8fc3-7eabbcea7aed","instantiated":{"id":"cd9ed585-3ed1-4013-a767-383e445d43ec","metadata":[],"name":"Tomaco","scope":{"containerScope":{"containerScope":{"containerScope":{"containerScope":{"containerScope":{"containerScope":{"containerScope":{"containerScope":{"containerScope":{"containerScope":{"containerScope":{"contributions":{},"includedScopes":[]},"contributions":{},"includedScopes":[{"contributions":{},"includedScopes":[]},{"contributions":{},"includedScopes":[]},{"contributions":{},"includedScopes":[]},{"contributions":{},"includedScopes":[]},{"contributions":{},"includedScopes":[]}]},"contributions":{},"includedScopes":[]},"contributions":{},"includedScopes":[]},"contributions":{},"includedScopes":[]},"contributions":{},"includedScopes":[{"containerScope":{"containerScope":{"containerScope":{"contributions":{},"includedScopes":[]},"contributions":{},"includedScopes":[]},"contributions":{},"includedScopes":[]},"contributions":{},"includedScopes":[{"containerScope":{"containerScope":{"containerScope":{"contributions":{},"includedScopes":[]},"contributions":{},"includedScopes":[]},"contributions":{},"includedScopes":[]},"contributions":{},"includedScopes":[]}]},{"containerScope":{"containerScope":{"containerScope":{"contributions":{},"includedScopes":[]},"contributions":{},"includedScopes":[]},"contributions":{},"includedScopes":[]},"contributions":{},"includedScopes":[]}]},"contributions":{},"includedScopes":[]},"contributions":{},"includedScopes":[]},"contributions":{},"includedScopes":[]},"contributions":{},"includedScopes":[]},"contributions":{},"includedScopes":[]},"contributions":{},"includedScopes":[]},"sourceMap":{"end":{"column":51,"line":24,"offset":845},"start":{"column":45,"line":24,"offset":839}}},"metadata":[],"scope":{"containerScope":{"containerScope":{"containerScope":{"containerScope":{"containerScope":{"containerScope":{"containerScope":{"containerScope":{"containerScope":{"containerScope":{"contributions":{},"includedScopes":[]},"contributions":{},"includedScopes":[{"contributions":{},"includedScopes":[]},{"contributions":{},"includedScopes":[]},{"contributions":{},"includedScopes":[]},{"contributions":{},"includedScopes":[]},{"contributions":{},"includedScopes":[]}]},"contributions":{},"includedScopes":[]},"contributions":{},"includedScopes":[]},"contributions":{},"includedScopes":[]},"contributions":{},"includedScopes":[{"containerScope":{"containerScope":{"containerScope":{"contributions":{},"includedScopes":[]},"contributions":{},"includedScopes":[]},"contributions":{},"includedScopes":[]},"contributions":{},"includedScopes":[{"containerScope":{"containerScope":{"containerScope":{"contributions":{},"includedScopes":[]},"contributions":{},"includedScopes":[]},"contributions":{},"includedScopes":[]},"contributions":{},"includedScopes":[]}]},{"containerScope":{"containerScope":{"containerScope":{"contributions":{},"includedScopes":[]},"contributions":{},"includedScopes":[]},"contributions":{},"includedScopes":[]},"contributions":{},"includedScopes":[]}]},"contributions":{},"includedScopes":[]},"contributions":{},"includedScopes":[]},"contributions":{},"includedScopes":[]},"contributions":{},"includedScopes":[]},"contributions":{},"includedScopes":[]},"sourceMap":{"end":{"column":81,"line":24,"offset":875},"start":{"column":41,"line":24,"offset":835}}}],"id":"46623a5b-5093-4bc9-9e65-3629a52b8fae","message":"sembrar","metadata":[],"receiver":{"id":"7926665b-df69-4f09-bc14-9c07ed2bc21c","metadata":[],"name":"hector","scope":{"containerScope":{"containerScope":{"containerScope":{"containerScope":{"containerScope":{"containerScope":{"containerScope":{"containerScope":{"containerScope":{"containerScope":{"contributions":{},"includedScopes":[]},"contributions":{},"includedScopes":[{"contributions":{},"includedScopes":[]},{"contributions":{},"includedScopes":[]},{"contributions":{},"includedScopes":[]},{"contributions":{},"includedScopes":[]},{"contributions":{},"includedScopes":[]}]},"contributions":{},"includedScopes":[]},"contributions":{},"includedScopes":[]},"contributions":{},"includedScopes":[]},"contributions":{},"includedScopes":[{"containerScope":{"containerScope":{"containerScope":{"contributions":{},"includedScopes":[]},"contributions":{},"includedScopes":[]},"contributions":{},"includedScopes":[]},"contributions":{},"includedScopes":[{"containerScope":{"containerScope":{"containerScope":{"contributions":{},"includedScopes":[]},"contributions":{},"includedScopes":[]},"contributions":{},"includedScopes":[]},"contributions":{},"includedScopes":[]}]},{"containerScope":{"containerScope":{"containerScope":{"contributions":{},"includedScopes":[]},"contributions":{},"includedScopes":[]},"contributions":{},"includedScopes":[]},"contributions":{},"includedScopes":[]}]},"contributions":{},"includedScopes":[]},"contributions":{},"includedScopes":[]},"contributions":{},"includedScopes":[]},"contributions":{},"includedScopes":[]},"contributions":{},"includedScopes":[]},"sourceMap":{"end":{"column":32,"line":24,"offset":826},"start":{"column":26,"line":24,"offset":820}}},"scope":{"containerScope":{"containerScope":{"containerScope":{"containerScope":{"containerScope":{"containerScope":{"containerScope":{"containerScope":{"containerScope":{"contributions":{},"includedScopes":[]},"contributions":{},"includedScopes":[{"contributions":{},"includedScopes":[]},{"contributions":{},"includedScopes":[]},{"contributions":{},"includedScopes":[]},{"contributions":{},"includedScopes":[]},{"contributions":{},"includedScopes":[]}]},"contributions":{},"includedScopes":[]},"contributions":{},"includedScopes":[]},"contributions":{},"includedScopes":[]},"contributions":{},"includedScopes":[{"containerScope":{"containerScope":{"containerScope":{"contributions":{},"includedScopes":[]},"contributions":{},"includedScopes":[]},"contributions":{},"includedScopes":[]},"contributions":{},"includedScopes":[{"containerScope":{"containerScope":{"containerScope":{"contributions":{},"includedScopes":[]},"contributions":{},"includedScopes":[]},"contributions":{},"includedScopes":[]},"contributions":{},"includedScopes":[]}]},{"containerScope":{"containerScope":{"containerScope":{"contributions":{},"includedScopes":[]},"contributions":{},"includedScopes":[]},"contributions":{},"includedScopes":[]},"contributions":{},"includedScopes":[]}]},"contributions":{},"includedScopes":[]},"contributions":{},"includedScopes":[]},"contributions":{},"includedScopes":[]},"contributions":{},"includedScopes":[]},"sourceMap":{"end":{"column":82,"line":24,"offset":876},"start":{"column":26,"line":24,"offset":820}}}}]},"id":"ba2d50d3-0541-4925-890b-9781a173a35e","isOverride":false,"metadata":[],"name":"<apply>","parameters":[],"scope":{"containerScope":{"containerScope":{"containerScope":{"containerScope":{"containerScope":{"containerScope":{"contributions":{},"includedScopes":[]},"contributions":{},"includedScopes":[{"contributions":{},"includedScopes":[]},{"contributions":{},"includedScopes":[]},{"contributions":{},"includedScopes":[]},{"contributions":{},"includedScopes":[]},{"contributions":{},"includedScopes":[]}]},"contributions":{},"includedScopes":[]},"contributions":{},"includedScopes":[]},"contributions":{},"includedScopes":[]},"contributions":{},"includedScopes":[{"containerScope":{"containerScope":{"containerScope":{"contributions":{},"includedScopes":[]},"contributions":{},"includedScopes":[]},"contributions":{},"includedScopes":[]},"contributions":{},"includedScopes":[{"containerScope":{"containerScope":{"containerScope":{"contributions":{},"includedScopes":[]},"contributions":{},"includedScopes":[]},"contributions":{},"includedScopes":[]},"contributions":{},"includedScopes":[]}]},{"containerScope":{"containerScope":{"containerScope":{"contributions":{},"includedScopes":[]},"contributions":{},"includedScopes":[]},"contributions":{},"includedScopes":[]},"contributions":{},"includedScopes":[]}]},"contributions":{},"includedScopes":[]}},{"id":"c7aa1a05-8081-4878-b3a4-708097a106fc","isConstant":true,"isProperty":false,"metadata":[],"name":"<toString>","scope":{"containerScope":{"containerScope":{"containerScope":{"containerScope":{"containerScope":{"containerScope":{"contributions":{},"includedScopes":[]},"contributions":{},"includedScopes":[{"contributions":{},"includedScopes":[]},{"contributions":{},"includedScopes":[]},{"contributions":{},"includedScopes":[]},{"contributions":{},"includedScopes":[]},{"contributions":{},"includedScopes":[]}]},"contributions":{},"includedScopes":[]},"contributions":{},"includedScopes":[]},"contributions":{},"includedScopes":[]},"contributions":{},"includedScopes":[{"containerScope":{"containerScope":{"containerScope":{"contributions":{},"includedScopes":[]},"contributions":{},"includedScopes":[]},"contributions":{},"includedScopes":[]},"contributions":{},"includedScopes":[{"containerScope":{"containerScope":{"containerScope":{"contributions":{},"includedScopes":[]},"contributions":{},"includedScopes":[]},"contributions":{},"includedScopes":[]},"contributions":{},"includedScopes":[]}]},{"containerScope":{"containerScope":{"containerScope":{"contributions":{},"includedScopes":[]},"contributions":{},"includedScopes":[]},"contributions":{},"includedScopes":[]},"contributions":{},"includedScopes":[]}]},"contributions":{},"includedScopes":[]},"value":{"id":"85183c9d-906b-47d9-8a81-d0272e881590","metadata":[],"scope":{"containerScope":{"containerScope":{"containerScope":{"containerScope":{"containerScope":{"containerScope":{"containerScope":{"contributions":{},"includedScopes":[]},"contributions":{},"includedScopes":[{"contributions":{},"includedScopes":[]},{"contributions":{},"includedScopes":[]},{"contributions":{},"includedScopes":[]},{"contributions":{},"includedScopes":[]},{"contributions":{},"includedScopes":[]}]},"contributions":{},"includedScopes":[]},"contributions":{},"includedScopes":[]},"contributions":{},"includedScopes":[]},"contributions":{},"includedScopes":[{"containerScope":{"containerScope":{"containerScope":{"contributions":{},"includedScopes":[]},"contributions":{},"includedScopes":[]},"contributions":{},"includedScopes":[]},"contributions":{},"includedScopes":[{"containerScope":{"containerScope":{"containerScope":{"contributions":{},"includedScopes":[]},"contributions":{},"includedScopes":[]},"contributions":{},"includedScopes":[]},"contributions":{},"includedScopes":[]}]},{"containerScope":{"containerScope":{"containerScope":{"contributions":{},"includedScopes":[]},"contributions":{},"includedScopes":[]},"contributions":{},"includedScopes":[]},"contributions":{},"includedScopes":[]}]},"contributions":{},"includedScopes":[]},"contributions":{},"includedScopes":[]},"value":"{hector.sembrar(new Tomaco(position = hector.position()))}"}}],"metadata":[],"scope":{"containerScope":{"containerScope":{"containerScope":{"containerScope":{"containerScope":{"contributions":{},"includedScopes":[]},"contributions":{},"includedScopes":[{"contributions":{},"includedScopes":[]},{"contributions":{},"includedScopes":[]},{"contributions":{},"includedScopes":[]},{"contributions":{},"includedScopes":[]},{"contributions":{},"includedScopes":[]}]},"contributions":{},"includedScopes":[]},"contributions":{},"includedScopes":[]},"contributions":{},"includedScopes":[]},"contributions":{},"includedScopes":[{"containerScope":{"containerScope":{"containerScope":{"contributions":{},"includedScopes":[]},"contributions":{},"includedScopes":[]},"contributions":{},"includedScopes":[]},"contributions":{},"includedScopes":[{"containerScope":{"containerScope":{"containerScope":{"contributions":{},"includedScopes":[]},"contributions":{},"includedScopes":[]},"contributions":{},"includedScopes":[]},"contributions":{},"includedScopes":[]}]},{"containerScope":{"containerScope":{"containerScope":{"contributions":{},"includedScopes":[]},"contributions":{},"includedScopes":[]},"contributions":{},"includedScopes":[]},"contributions":{},"includedScopes":[]}]},"sourceMap":{"end":{"column":83,"line":24,"offset":877},"start":{"column":25,"line":24,"offset":819}},"supertypes":[{"args":[],"id":"61ef4614-c64a-4a51-87da-7fa4b5eeedae","metadata":[],"reference":{"id":"4fb1dc71-e264-4506-b46b-65edbe61bfd5","metadata":[],"name":"wollok.lang.Closure","scope":{"containerScope":{"containerScope":{"containerScope":{"containerScope":{"containerScope":{"containerScope":{"contributions":{},"includedScopes":[]},"contributions":{},"includedScopes":[{"contributions":{},"includedScopes":[]},{"contributions":{},"includedScopes":[]},{"contributions":{},"includedScopes":[]},{"contributions":{},"includedScopes":[]},{"contributions":{},"includedScopes":[]}]},"contributions":{},"includedScopes":[]},"contributions":{},"includedScopes":[]},"contributions":{},"includedScopes":[]},"contributions":{},"includedScopes":[{"containerScope":{"containerScope":{"containerScope":{"contributions":{},"includedScopes":[]},"contributions":{},"includedScopes":[]},"contributions":{},"includedScopes":[]},"contributions":{},"includedScopes":[{"containerScope":{"containerScope":{"containerScope":{"contributions":{},"includedScopes":[]},"contributions":{},"includedScopes":[]},"contributions":{},"includedScopes":[]},"contributions":{},"includedScopes":[]}]},{"containerScope":{"containerScope":{"containerScope":{"contributions":{},"includedScopes":[]},"contributions":{},"includedScopes":[]},"contributions":{},"includedScopes":[]},"contributions":{},"includedScopes":[]}]},"contributions":{},"includedScopes":[]}},"scope":{"containerScope":{"containerScope":{"containerScope":{"containerScope":{"containerScope":{"containerScope":{"contributions":{},"includedScopes":[]},"contributions":{},"includedScopes":[{"contributions":{},"includedScopes":[]},{"contributions":{},"includedScopes":[]},{"contributions":{},"includedScopes":[]},{"contributions":{},"includedScopes":[]},{"contributions":{},"includedScopes":[]}]},"contributions":{},"includedScopes":[]},"contributions":{},"includedScopes":[]},"contributions":{},"includedScopes":[]},"contributions":{},"includedScopes":[{"containerScope":{"containerScope":{"containerScope":{"contributions":{},"includedScopes":[]},"contributions":{},"includedScopes":[]},"contributions":{},"includedScopes":[]},"contributions":{},"includedScopes":[{"containerScope":{"containerScope":{"containerScope":{"contributions":{},"includedScopes":[]},"contributions":{},"includedScopes":[]},"contributions":{},"includedScopes":[]},"contributions":{},"includedScopes":[]}]},{"containerScope":{"containerScope":{"containerScope":{"contributions":{},"includedScopes":[]},"contributions":{},"includedScopes":[]},"contributions":{},"includedScopes":[]},"contributions":{},"includedScopes":[]}]},"contributions":{},"includedScopes":[]}}]}],"id":"6769c1c5-bd3a-4ce4-9d26-be56604c3ae1","message":"onPressDo","metadata":[],"receiver":{"args":[],"id":"01658b67-f513-4b7d-8902-0fd064eab538","message":"o","metadata":[],"receiver":{"id":"a60b1367-876f-44ef-8578-3bceded9a865","metadata":[],"name":"keyboard","scope":{"containerScope":{"containerScope":{"containerScope":{"containerScope":{"containerScope":{"containerScope":{"contributions":{},"includedScopes":[]},"contributions":{},"includedScopes":[{"contributions":{},"includedScopes":[]},{"contributions":{},"includedScopes":[]},{"contributions":{},"includedScopes":[]},{"contributions":{},"includedScopes":[]},{"contributions":{},"includedScopes":[]}]},"contributions":{},"includedScopes":[]},"contributions":{},"includedScopes":[]},"contributions":{},"includedScopes":[]},"contributions":{},"includedScopes":[]},"contributions":{},"includedScopes":[]},"sourceMap":{"end":{"column":10,"line":24,"offset":804},"start":{"column":2,"line":24,"offset":796}}},"scope":{"containerScope":{"containerScope":{"containerScope":{"containerScope":{"containerScope":{"contributions":{},"includedScopes":[]},"contributions":{},"includedScopes":[{"contributions":{},"includedScopes":[]},{"contributions":{},"includedScopes":[]},{"contributions":{},"includedScopes":[]},{"contributions":{},"includedScopes":[]},{"contributions":{},"includedScopes":[]}]},"contributions":{},"includedScopes":[]},"contributions":{},"includedScopes":[]},"contributions":{},"includedScopes":[]},"contributions":{},"includedScopes":[]},"sourceMap":{"end":{"column":14,"line":24,"offset":808},"start":{"column":2,"line":24,"offset":796}}},"scope":{"containerScope":{"containerScope":{"containerScope":{"containerScope":{"contributions":{},"includedScopes":[]},"contributions":{},"includedScopes":[{"contributions":{},"includedScopes":[]},{"contributions":{},"includedScopes":[]},{"contributions":{},"includedScopes":[]},{"contributions":{},"includedScopes":[]},{"contributions":{},"includedScopes":[]}]},"contributions":{},"includedScopes":[]},"contributions":{},"includedScopes":[]},"contributions":{},"includedScopes":[]},"sourceMap":{"end":{"column":84,"line":24,"offset":878},"start":{"column":2,"line":24,"offset":796}}},{"args":[{"id":"67063561-c70b-4c6b-b9be-62ac69cf62fd","members":[{"body":{"id":"39ff6f5e-0b0c-42d1-a037-b30d3b3f9582","metadata":[],"scope":{"containerScope":{"containerScope":{"containerScope":{"containerScope":{"containerScope":{"containerScope":{"containerScope":{"contributions":{},"includedScopes":[]},"contributions":{},"includedScopes":[{"contributions":{},"includedScopes":[]},{"contributions":{},"includedScopes":[]},{"contributions":{},"includedScopes":[]},{"contributions":{},"includedScopes":[]},{"contributions":{},"includedScopes":[]}]},"contributions":{},"includedScopes":[]},"contributions":{},"includedScopes":[]},"contributions":{},"includedScopes":[]},"contributions":{},"includedScopes":[{"containerScope":{"containerScope":{"containerScope":{"contributions":{},"includedScopes":[]},"contributions":{},"includedScopes":[]},"contributions":{},"includedScopes":[]},"contributions":{},"includedScopes":[{"containerScope":{"containerScope":{"containerScope":{"contributions":{},"includedScopes":[]},"contributions":{},"includedScopes":[]},"contributions":{},"includedScopes":[]},"contributions":{},"includedScopes":[]}]},{"containerScope":{"containerScope":{"containerScope":{"contributions":{},"includedScopes":[]},"contributions":{},"includedScopes":[]},"contributions":{},"includedScopes":[]},"contributions":{},"includedScopes":[]}]},"contributions":{},"includedScopes":[]},"contributions":{},"includedScopes":[]},"sentences":[{"id":"5783cabb-2d25-4679-a252-19ab23510124","metadata":[],"scope":{"containerScope":{"containerScope":{"containerScope":{"containerScope":{"containerScope":{"containerScope":{"containerScope":{"containerScope":{"contributions":{},"includedScopes":[]},"contributions":{},"includedScopes":[{"contributions":{},"includedScopes":[]},{"contributions":{},"includedScopes":[]},{"contributions":{},"includedScopes":[]},{"contributions":{},"includedScopes":[]},{"contributions":{},"includedScopes":[]}]},"contributions":{},"includedScopes":[]},"contributions":{},"includedScopes":[]},"contributions":{},"includedScopes":[]},"contributions":{},"includedScopes":[{"containerScope":{"containerScope":{"containerScope":{"contributions":{},"includedScopes":[]},"contributions":{},"includedScopes":[]},"contributions":{},"includedScopes":[]},"contributions":{},"includedScopes":[{"containerScope":{"containerScope":{"containerScope":{"contributions":{},"includedScopes":[]},"contributions":{},"includedScopes":[]},"contributions":{},"includedScopes":[]},"contributions":{},"includedScopes":[]}]},{"containerScope":{"containerScope":{"containerScope":{"contributions":{},"includedScopes":[]},"contributions":{},"includedScopes":[]},"contributions":{},"includedScopes":[]},"contributions":{},"includedScopes":[]}]},"contributions":{},"includedScopes":[]},"contributions":{},"includedScopes":[]},"contributions":{},"includedScopes":[]},"value":{"args":[],"id":"52b25e31-ba58-4cca-a2f4-21a68aafa7a1","message":"regar","metadata":[],"receiver":{"id":"d5284174-9ad8-44d5-ac1b-fd6805704c69","metadata":[],"name":"hector","scope":{"containerScope":{"containerScope":{"containerScope":{"containerScope":{"containerScope":{"containerScope":{"containerScope":{"containerScope":{"containerScope":{"containerScope":{"contributions":{},"includedScopes":[]},"contributions":{},"includedScopes":[{"contributions":{},"includedScopes":[]},{"contributions":{},"includedScopes":[]},{"contributions":{},"includedScopes":[]},{"contributions":{},"includedScopes":[]},{"contributions":{},"includedScopes":[]}]},"contributions":{},"includedScopes":[]},"contributions":{},"includedScopes":[]},"contributions":{},"includedScopes":[]},"contributions":{},"includedScopes":[{"containerScope":{"containerScope":{"containerScope":{"contributions":{},"includedScopes":[]},"contributions":{},"includedScopes":[]},"contributions":{},"includedScopes":[]},"contributions":{},"includedScopes":[{"containerScope":{"containerScope":{"containerScope":{"contributions":{},"includedScopes":[]},"contributions":{},"includedScopes":[]},"contributions":{},"includedScopes":[]},"contributions":{},"includedScopes":[]}]},{"containerScope":{"containerScope":{"containerScope":{"contributions":{},"includedScopes":[]},"contributions":{},"includedScopes":[]},"contributions":{},"includedScopes":[]},"contributions":{},"includedScopes":[]}]},"contributions":{},"includedScopes":[]},"contributions":{},"includedScopes":[]},"contributions":{},"includedScopes":[]},"contributions":{},"includedScopes":[]},"contributions":{},"includedScopes":[]},"sourceMap":{"end":{"column":32,"line":25,"offset":910},"start":{"column":26,"line":25,"offset":904}}},"scope":{"containerScope":{"containerScope":{"containerScope":{"containerScope":{"containerScope":{"containerScope":{"containerScope":{"containerScope":{"containerScope":{"contributions":{},"includedScopes":[]},"contributions":{},"includedScopes":[{"contributions":{},"includedScopes":[]},{"contributions":{},"includedScopes":[]},{"contributions":{},"includedScopes":[]},{"contributions":{},"includedScopes":[]},{"contributions":{},"includedScopes":[]}]},"contributions":{},"includedScopes":[]},"contributions":{},"includedScopes":[]},"contributions":{},"includedScopes":[]},"contributions":{},"includedScopes":[{"containerScope":{"containerScope":{"containerScope":{"contributions":{},"includedScopes":[]},"contributions":{},"includedScopes":[]},"contributions":{},"includedScopes":[]},"contributions":{},"includedScopes":[{"containerScope":{"containerScope":{"containerScope":{"contributions":{},"includedScopes":[]},"contributions":{},"includedScopes":[]},"contributions":{},"includedScopes":[]},"contributions":{},"includedScopes":[]}]},{"containerScope":{"containerScope":{"containerScope":{"contributions":{},"includedScopes":[]},"contributions":{},"includedScopes":[]},"contributions":{},"includedScopes":[]},"contributions":{},"includedScopes":[]}]},"contributions":{},"includedScopes":[]},"contributions":{},"includedScopes":[]},"contributions":{},"includedScopes":[]},"contributions":{},"includedScopes":[]},"sourceMap":{"end":{"column":40,"line":25,"offset":918},"start":{"column":26,"line":25,"offset":904}}}}]},"id":"2e7026f5-b3df-419c-b959-34c4d08ee7bf","isOverride":false,"metadata":[],"name":"<apply>","parameters":[],"scope":{"containerScope":{"containerScope":{"containerScope":{"containerScope":{"containerScope":{"containerScope":{"contributions":{},"includedScopes":[]},"contributions":{},"includedScopes":[{"contributions":{},"includedScopes":[]},{"contributions":{},"includedScopes":[]},{"contributions":{},"includedScopes":[]},{"contributions":{},"includedScopes":[]},{"contributions":{},"includedScopes":[]}]},"contributions":{},"includedScopes":[]},"contributions":{},"includedScopes":[]},"contributions":{},"includedScopes":[]},"contributions":{},"includedScopes":[{"containerScope":{"containerScope":{"containerScope":{"contributions":{},"includedScopes":[]},"contributions":{},"includedScopes":[]},"contributions":{},"includedScopes":[]},"contributions":{},"includedScopes":[{"containerScope":{"containerScope":{"containerScope":{"contributions":{},"includedScopes":[]},"contributions":{},"includedScopes":[]},"contributions":{},"includedScopes":[]},"contributions":{},"includedScopes":[]}]},{"containerScope":{"containerScope":{"containerScope":{"contributions":{},"includedScopes":[]},"contributions":{},"includedScopes":[]},"contributions":{},"includedScopes":[]},"contributions":{},"includedScopes":[]}]},"contributions":{},"includedScopes":[]}},{"id":"e258ce88-1410-49f0-ba46-8eab59986a92","isConstant":true,"isProperty":false,"metadata":[],"name":"<toString>","scope":{"containerScope":{"containerScope":{"containerScope":{"containerScope":{"containerScope":{"containerScope":{"contributions":{},"includedScopes":[]},"contributions":{},"includedScopes":[{"contributions":{},"includedScopes":[]},{"contributions":{},"includedScopes":[]},{"contributions":{},"includedScopes":[]},{"contributions":{},"includedScopes":[]},{"contributions":{},"includedScopes":[]}]},"contributions":{},"includedScopes":[]},"contributions":{},"includedScopes":[]},"contributions":{},"includedScopes":[]},"contributions":{},"includedScopes":[{"containerScope":{"containerScope":{"containerScope":{"contributions":{},"includedScopes":[]},"contributions":{},"includedScopes":[]},"contributions":{},"includedScopes":[]},"contributions":{},"includedScopes":[{"containerScope":{"containerScope":{"containerScope":{"contributions":{},"includedScopes":[]},"contributions":{},"includedScopes":[]},"contributions":{},"includedScopes":[]},"contributions":{},"includedScopes":[]}]},{"containerScope":{"containerScope":{"containerScope":{"contributions":{},"includedScopes":[]},"contributions":{},"includedScopes":[]},"contributions":{},"includedScopes":[]},"contributions":{},"includedScopes":[]}]},"contributions":{},"includedScopes":[]},"value":{"id":"55725f3b-0347-4d61-8cd6-278c37141037","metadata":[],"scope":{"containerScope":{"containerScope":{"containerScope":{"containerScope":{"containerScope":{"containerScope":{"containerScope":{"contributions":{},"includedScopes":[]},"contributions":{},"includedScopes":[{"contributions":{},"includedScopes":[]},{"contributions":{},"includedScopes":[]},{"contributions":{},"includedScopes":[]},{"contributions":{},"includedScopes":[]},{"contributions":{},"includedScopes":[]}]},"contributions":{},"includedScopes":[]},"contributions":{},"includedScopes":[]},"contributions":{},"includedScopes":[]},"contributions":{},"includedScopes":[{"containerScope":{"containerScope":{"containerScope":{"contributions":{},"includedScopes":[]},"contributions":{},"includedScopes":[]},"contributions":{},"includedScopes":[]},"contributions":{},"includedScopes":[{"containerScope":{"containerScope":{"containerScope":{"contributions":{},"includedScopes":[]},"contributions":{},"includedScopes":[]},"contributions":{},"includedScopes":[]},"contributions":{},"includedScopes":[]}]},{"containerScope":{"containerScope":{"containerScope":{"contributions":{},"includedScopes":[]},"contributions":{},"includedScopes":[]},"contributions":{},"includedScopes":[]},"contributions":{},"includedScopes":[]}]},"contributions":{},"includedScopes":[]},"contributions":{},"includedScopes":[]},"value":"{hector.regar()}"}}],"metadata":[],"scope":{"containerScope":{"containerScope":{"containerScope":{"containerScope":{"containerScope":{"contributions":{},"includedScopes":[]},"contributions":{},"includedScopes":[{"contributions":{},"includedScopes":[]},{"contributions":{},"includedScopes":[]},{"contributions":{},"includedScopes":[]},{"contributions":{},"includedScopes":[]},{"contributions":{},"includedScopes":[]}]},"contributions":{},"includedScopes":[]},"contributions":{},"includedScopes":[]},"contributions":{},"includedScopes":[]},"contributions":{},"includedScopes":[{"containerScope":{"containerScope":{"containerScope":{"contributions":{},"includedScopes":[]},"contributions":{},"includedScopes":[]},"contributions":{},"includedScopes":[]},"contributions":{},"includedScopes":[{"containerScope":{"containerScope":{"containerScope":{"contributions":{},"includedScopes":[]},"contributions":{},"includedScopes":[]},"contributions":{},"includedScopes":[]},"contributions":{},"includedScopes":[]}]},{"containerScope":{"containerScope":{"containerScope":{"contributions":{},"includedScopes":[]},"contributions":{},"includedScopes":[]},"contributions":{},"includedScopes":[]},"contributions":{},"includedScopes":[]}]},"sourceMap":{"end":{"column":41,"line":25,"offset":919},"start":{"column":25,"line":25,"offset":903}},"supertypes":[{"args":[],"id":"21bdeed0-ca41-4dc9-8691-1863df283fc1","metadata":[],"reference":{"id":"2abbdbc9-4132-49d0-a8b8-cf20a9701e27","metadata":[],"name":"wollok.lang.Closure","scope":{"containerScope":{"containerScope":{"containerScope":{"containerScope":{"containerScope":{"containerScope":{"contributions":{},"includedScopes":[]},"contributions":{},"includedScopes":[{"contributions":{},"includedScopes":[]},{"contributions":{},"includedScopes":[]},{"contributions":{},"includedScopes":[]},{"contributions":{},"includedScopes":[]},{"contributions":{},"includedScopes":[]}]},"contributions":{},"includedScopes":[]},"contributions":{},"includedScopes":[]},"contributions":{},"includedScopes":[]},"contributions":{},"includedScopes":[{"containerScope":{"containerScope":{"containerScope":{"contributions":{},"includedScopes":[]},"contributions":{},"includedScopes":[]},"contributions":{},"includedScopes":[]},"contributions":{},"includedScopes":[{"containerScope":{"containerScope":{"containerScope":{"contributions":{},"includedScopes":[]},"contributions":{},"includedScopes":[]},"contributions":{},"includedScopes":[]},"contributions":{},"includedScopes":[]}]},{"containerScope":{"containerScope":{"containerScope":{"contributions":{},"includedScopes":[]},"contributions":{},"includedScopes":[]},"contributions":{},"includedScopes":[]},"contributions":{},"includedScopes":[]}]},"contributions":{},"includedScopes":[]}},"scope":{"containerScope":{"containerScope":{"containerScope":{"containerScope":{"containerScope":{"containerScope":{"contributions":{},"includedScopes":[]},"contributions":{},"includedScopes":[{"contributions":{},"includedScopes":[]},{"contributions":{},"includedScopes":[]},{"contributions":{},"includedScopes":[]},{"contributions":{},"includedScopes":[]},{"contributions":{},"includedScopes":[]}]},"contributions":{},"includedScopes":[]},"contributions":{},"includedScopes":[]},"contributions":{},"includedScopes":[]},"contributions":{},"includedScopes":[{"containerScope":{"containerScope":{"containerScope":{"contributions":{},"includedScopes":[]},"contributions":{},"includedScopes":[]},"contributions":{},"includedScopes":[]},"contributions":{},"includedScopes":[{"containerScope":{"containerScope":{"containerScope":{"contributions":{},"includedScopes":[]},"contributions":{},"includedScopes":[]},"contributions":{},"includedScopes":[]},"contributions":{},"includedScopes":[]}]},{"containerScope":{"containerScope":{"containerScope":{"contributions":{},"includedScopes":[]},"contributions":{},"includedScopes":[]},"contributions":{},"includedScopes":[]},"contributions":{},"includedScopes":[]}]},"contributions":{},"includedScopes":[]}}]}],"id":"8de5df1a-ecb0-4234-b0e9-054a83028f24","message":"onPressDo","metadata":[],"receiver":{"args":[],"id":"7bb4c513-b71a-4d23-abac-9463740d884d","message":"r","metadata":[],"receiver":{"id":"ec9ab484-ddf8-4e88-b543-a53cd1df2184","metadata":[],"name":"keyboard","scope":{"containerScope":{"containerScope":{"containerScope":{"containerScope":{"containerScope":{"containerScope":{"contributions":{},"includedScopes":[]},"contributions":{},"includedScopes":[{"contributions":{},"includedScopes":[]},{"contributions":{},"includedScopes":[]},{"contributions":{},"includedScopes":[]},{"contributions":{},"includedScopes":[]},{"contributions":{},"includedScopes":[]}]},"contributions":{},"includedScopes":[]},"contributions":{},"includedScopes":[]},"contributions":{},"includedScopes":[]},"contributions":{},"includedScopes":[]},"contributions":{},"includedScopes":[]},"sourceMap":{"end":{"column":10,"line":25,"offset":888},"start":{"column":2,"line":25,"offset":880}}},"scope":{"containerScope":{"containerScope":{"containerScope":{"containerScope":{"containerScope":{"contributions":{},"includedScopes":[]},"contributions":{},"includedScopes":[{"contributions":{},"includedScopes":[]},{"contributions":{},"includedScopes":[]},{"contributions":{},"includedScopes":[]},{"contributions":{},"includedScopes":[]},{"contributions":{},"includedScopes":[]}]},"contributions":{},"includedScopes":[]},"contributions":{},"includedScopes":[]},"contributions":{},"includedScopes":[]},"contributions":{},"includedScopes":[]},"sourceMap":{"end":{"column":14,"line":25,"offset":892},"start":{"column":2,"line":25,"offset":880}}},"scope":{"containerScope":{"containerScope":{"containerScope":{"containerScope":{"contributions":{},"includedScopes":[]},"contributions":{},"includedScopes":[{"contributions":{},"includedScopes":[]},{"contributions":{},"includedScopes":[]},{"contributions":{},"includedScopes":[]},{"contributions":{},"includedScopes":[]},{"contributions":{},"includedScopes":[]}]},"contributions":{},"includedScopes":[]},"contributions":{},"includedScopes":[]},"contributions":{},"includedScopes":[]},"sourceMap":{"end":{"column":42,"line":25,"offset":920},"start":{"column":2,"line":25,"offset":880}}},{"args":[{"id":"3d2e6b2a-19af-4fe4-84d8-63a010525968","members":[{"body":{"id":"f1a3b617-2ac4-4f12-a15e-af15af636769","metadata":[],"scope":{"containerScope":{"containerScope":{"containerScope":{"containerScope":{"containerScope":{"containerScope":{"containerScope":{"contributions":{},"includedScopes":[]},"contributions":{},"includedScopes":[{"contributions":{},"includedScopes":[]},{"contributions":{},"includedScopes":[]},{"contributions":{},"includedScopes":[]},{"contributions":{},"includedScopes":[]},{"contributions":{},"includedScopes":[]}]},"contributions":{},"includedScopes":[]},"contributions":{},"includedScopes":[]},"contributions":{},"includedScopes":[]},"contributions":{},"includedScopes":[{"containerScope":{"containerScope":{"containerScope":{"contributions":{},"includedScopes":[]},"contributions":{},"includedScopes":[]},"contributions":{},"includedScopes":[]},"contributions":{},"includedScopes":[{"containerScope":{"containerScope":{"containerScope":{"contributions":{},"includedScopes":[]},"contributions":{},"includedScopes":[]},"contributions":{},"includedScopes":[]},"contributions":{},"includedScopes":[]}]},{"containerScope":{"containerScope":{"containerScope":{"contributions":{},"includedScopes":[]},"contributions":{},"includedScopes":[]},"contributions":{},"includedScopes":[]},"contributions":{},"includedScopes":[]}]},"contributions":{},"includedScopes":[]},"contributions":{},"includedScopes":[]},"sentences":[{"id":"306c4fea-348b-473e-a5a4-9be84e8cfe8a","metadata":[],"scope":{"containerScope":{"containerScope":{"containerScope":{"containerScope":{"containerScope":{"containerScope":{"containerScope":{"containerScope":{"contributions":{},"includedScopes":[]},"contributions":{},"includedScopes":[{"contributions":{},"includedScopes":[]},{"contributions":{},"includedScopes":[]},{"contributions":{},"includedScopes":[]},{"contributions":{},"includedScopes":[]},{"contributions":{},"includedScopes":[]}]},"contributions":{},"includedScopes":[]},"contributions":{},"includedScopes":[]},"contributions":{},"includedScopes":[]},"contributions":{},"includedScopes":[{"containerScope":{"containerScope":{"containerScope":{"contributions":{},"includedScopes":[]},"contributions":{},"includedScopes":[]},"contributions":{},"includedScopes":[]},"contributions":{},"includedScopes":[{"containerScope":{"containerScope":{"containerScope":{"contributions":{},"includedScopes":[]},"contributions":{},"includedScopes":[]},"contributions":{},"includedScopes":[]},"contributions":{},"includedScopes":[]}]},{"containerScope":{"containerScope":{"containerScope":{"contributions":{},"includedScopes":[]},"contributions":{},"includedScopes":[]},"contributions":{},"includedScopes":[]},"contributions":{},"includedScopes":[]}]},"contributions":{},"includedScopes":[]},"contributions":{},"includedScopes":[]},"contributions":{},"includedScopes":[]},"value":{"args":[],"id":"e30ce779-5e80-4bf5-b1da-888888092015","message":"cosechar","metadata":[],"receiver":{"id":"554613db-ba09-4304-93c6-0be8cabfc03f","metadata":[],"name":"hector","scope":{"containerScope":{"containerScope":{"containerScope":{"containerScope":{"containerScope":{"containerScope":{"containerScope":{"containerScope":{"containerScope":{"containerScope":{"contributions":{},"includedScopes":[]},"contributions":{},"includedScopes":[{"contributions":{},"includedScopes":[]},{"contributions":{},"includedScopes":[]},{"contributions":{},"includedScopes":[]},{"contributions":{},"includedScopes":[]},{"contributions":{},"includedScopes":[]}]},"contributions":{},"includedScopes":[]},"contributions":{},"includedScopes":[]},"contributions":{},"includedScopes":[]},"contributions":{},"includedScopes":[{"containerScope":{"containerScope":{"containerScope":{"contributions":{},"includedScopes":[]},"contributions":{},"includedScopes":[]},"contributions":{},"includedScopes":[]},"contributions":{},"includedScopes":[{"containerScope":{"containerScope":{"containerScope":{"contributions":{},"includedScopes":[]},"contributions":{},"includedScopes":[]},"contributions":{},"includedScopes":[]},"contributions":{},"includedScopes":[]}]},{"containerScope":{"containerScope":{"containerScope":{"contributions":{},"includedScopes":[]},"contributions":{},"includedScopes":[]},"contributions":{},"includedScopes":[]},"contributions":{},"includedScopes":[]}]},"contributions":{},"includedScopes":[]},"contributions":{},"includedScopes":[]},"contributions":{},"includedScopes":[]},"contributions":{},"includedScopes":[]},"contributions":{},"includedScopes":[]},"sourceMap":{"end":{"column":32,"line":26,"offset":952},"start":{"column":26,"line":26,"offset":946}}},"scope":{"containerScope":{"containerScope":{"containerScope":{"containerScope":{"containerScope":{"containerScope":{"containerScope":{"containerScope":{"containerScope":{"contributions":{},"includedScopes":[]},"contributions":{},"includedScopes":[{"contributions":{},"includedScopes":[]},{"contributions":{},"includedScopes":[]},{"contributions":{},"includedScopes":[]},{"contributions":{},"includedScopes":[]},{"contributions":{},"includedScopes":[]}]},"contributions":{},"includedScopes":[]},"contributions":{},"includedScopes":[]},"contributions":{},"includedScopes":[]},"contributions":{},"includedScopes":[{"containerScope":{"containerScope":{"containerScope":{"contributions":{},"includedScopes":[]},"contributions":{},"includedScopes":[]},"contributions":{},"includedScopes":[]},"contributions":{},"includedScopes":[{"containerScope":{"containerScope":{"containerScope":{"contributions":{},"includedScopes":[]},"contributions":{},"includedScopes":[]},"contributions":{},"includedScopes":[]},"contributions":{},"includedScopes":[]}]},{"containerScope":{"containerScope":{"containerScope":{"contributions":{},"includedScopes":[]},"contributions":{},"includedScopes":[]},"contributions":{},"includedScopes":[]},"contributions":{},"includedScopes":[]}]},"contributions":{},"includedScopes":[]},"contributions":{},"includedScopes":[]},"contributions":{},"includedScopes":[]},"contributions":{},"includedScopes":[]},"sourceMap":{"end":{"column":43,"line":26,"offset":963},"start":{"column":26,"line":26,"offset":946}}}}]},"id":"c1a93091-2ffb-4674-a9e2-a4dbe361f745","isOverride":false,"metadata":[],"name":"<apply>","parameters":[],"scope":{"containerScope":{"containerScope":{"containerScope":{"containerScope":{"containerScope":{"containerScope":{"contributions":{},"includedScopes":[]},"contributions":{},"includedScopes":[{"contributions":{},"includedScopes":[]},{"contributions":{},"includedScopes":[]},{"contributions":{},"includedScopes":[]},{"contributions":{},"includedScopes":[]},{"contributions":{},"includedScopes":[]}]},"contributions":{},"includedScopes":[]},"contributions":{},"includedScopes":[]},"contributions":{},"includedScopes":[]},"contributions":{},"includedScopes":[{"containerScope":{"containerScope":{"containerScope":{"contributions":{},"includedScopes":[]},"contributions":{},"includedScopes":[]},"contributions":{},"includedScopes":[]},"contributions":{},"includedScopes":[{"containerScope":{"containerScope":{"containerScope":{"contributions":{},"includedScopes":[]},"contributions":{},"includedScopes":[]},"contributions":{},"includedScopes":[]},"contributions":{},"includedScopes":[]}]},{"containerScope":{"containerScope":{"containerScope":{"contributions":{},"includedScopes":[]},"contributions":{},"includedScopes":[]},"contributions":{},"includedScopes":[]},"contributions":{},"includedScopes":[]}]},"contributions":{},"includedScopes":[]}},{"id":"07b95189-60d6-4990-b1f1-e95dd402a3bb","isConstant":true,"isProperty":false,"metadata":[],"name":"<toString>","scope":{"containerScope":{"containerScope":{"containerScope":{"containerScope":{"containerScope":{"containerScope":{"contributions":{},"includedScopes":[]},"contributions":{},"includedScopes":[{"contributions":{},"includedScopes":[]},{"contributions":{},"includedScopes":[]},{"contributions":{},"includedScopes":[]},{"contributions":{},"includedScopes":[]},{"contributions":{},"includedScopes":[]}]},"contributions":{},"includedScopes":[]},"contributions":{},"includedScopes":[]},"contributions":{},"includedScopes":[]},"contributions":{},"includedScopes":[{"containerScope":{"containerScope":{"containerScope":{"contributions":{},"includedScopes":[]},"contributions":{},"includedScopes":[]},"contributions":{},"includedScopes":[]},"contributions":{},"includedScopes":[{"containerScope":{"containerScope":{"containerScope":{"contributions":{},"includedScopes":[]},"contributions":{},"includedScopes":[]},"contributions":{},"includedScopes":[]},"contributions":{},"includedScopes":[]}]},{"containerScope":{"containerScope":{"containerScope":{"contributions":{},"includedScopes":[]},"contributions":{},"includedScopes":[]},"contributions":{},"includedScopes":[]},"contributions":{},"includedScopes":[]}]},"contributions":{},"includedScopes":[]},"value":{"id":"d0f457ed-396e-4f36-a4f4-58cef7624beb","metadata":[],"scope":{"containerScope":{"containerScope":{"containerScope":{"containerScope":{"containerScope":{"containerScope":{"containerScope":{"contributions":{},"includedScopes":[]},"contributions":{},"includedScopes":[{"contributions":{},"includedScopes":[]},{"contributions":{},"includedScopes":[]},{"contributions":{},"includedScopes":[]},{"contributions":{},"includedScopes":[]},{"contributions":{},"includedScopes":[]}]},"contributions":{},"includedScopes":[]},"contributions":{},"includedScopes":[]},"contributions":{},"includedScopes":[]},"contributions":{},"includedScopes":[{"containerScope":{"containerScope":{"containerScope":{"contributions":{},"includedScopes":[]},"contributions":{},"includedScopes":[]},"contributions":{},"includedScopes":[]},"contributions":{},"includedScopes":[{"containerScope":{"containerScope":{"containerScope":{"contributions":{},"includedScopes":[]},"contributions":{},"includedScopes":[]},"contributions":{},"includedScopes":[]},"contributions":{},"includedScopes":[]}]},{"containerScope":{"containerScope":{"containerScope":{"contributions":{},"includedScopes":[]},"contributions":{},"includedScopes":[]},"contributions":{},"includedScopes":[]},"contributions":{},"includedScopes":[]}]},"contributions":{},"includedScopes":[]},"contributions":{},"includedScopes":[]},"value":"{hector.cosechar()}"}}],"metadata":[],"scope":{"containerScope":{"containerScope":{"containerScope":{"containerScope":{"containerScope":{"contributions":{},"includedScopes":[]},"contributions":{},"includedScopes":[{"contributions":{},"includedScopes":[]},{"contributions":{},"includedScopes":[]},{"contributions":{},"includedScopes":[]},{"contributions":{},"includedScopes":[]},{"contributions":{},"includedScopes":[]}]},"contributions":{},"includedScopes":[]},"contributions":{},"includedScopes":[]},"contributions":{},"includedScopes":[]},"contributions":{},"includedScopes":[{"containerScope":{"containerScope":{"containerScope":{"contributions":{},"includedScopes":[]},"contributions":{},"includedScopes":[]},"contributions":{},"includedScopes":[]},"contributions":{},"includedScopes":[{"containerScope":{"containerScope":{"containerScope":{"contributions":{},"includedScopes":[]},"contributions":{},"includedScopes":[]},"contributions":{},"includedScopes":[]},"contributions":{},"includedScopes":[]}]},{"containerScope":{"containerScope":{"containerScope":{"contributions":{},"includedScopes":[]},"contributions":{},"includedScopes":[]},"contributions":{},"includedScopes":[]},"contributions":{},"includedScopes":[]}]},"sourceMap":{"end":{"column":44,"line":26,"offset":964},"start":{"column":25,"line":26,"offset":945}},"supertypes":[{"args":[],"id":"849a41e3-dc5a-401e-8449-7dd00726dfa6","metadata":[],"reference":{"id":"d4d78c62-d2e8-4574-bbdd-fac3f0fae4d2","metadata":[],"name":"wollok.lang.Closure","scope":{"containerScope":{"containerScope":{"containerScope":{"containerScope":{"containerScope":{"containerScope":{"contributions":{},"includedScopes":[]},"contributions":{},"includedScopes":[{"contributions":{},"includedScopes":[]},{"contributions":{},"includedScopes":[]},{"contributions":{},"includedScopes":[]},{"contributions":{},"includedScopes":[]},{"contributions":{},"includedScopes":[]}]},"contributions":{},"includedScopes":[]},"contributions":{},"includedScopes":[]},"contributions":{},"includedScopes":[]},"contributions":{},"includedScopes":[{"containerScope":{"containerScope":{"containerScope":{"contributions":{},"includedScopes":[]},"contributions":{},"includedScopes":[]},"contributions":{},"includedScopes":[]},"contributions":{},"includedScopes":[{"containerScope":{"containerScope":{"containerScope":{"contributions":{},"includedScopes":[]},"contributions":{},"includedScopes":[]},"contributions":{},"includedScopes":[]},"contributions":{},"includedScopes":[]}]},{"containerScope":{"containerScope":{"containerScope":{"contributions":{},"includedScopes":[]},"contributions":{},"includedScopes":[]},"contributions":{},"includedScopes":[]},"contributions":{},"includedScopes":[]}]},"contributions":{},"includedScopes":[]}},"scope":{"containerScope":{"containerScope":{"containerScope":{"containerScope":{"containerScope":{"containerScope":{"contributions":{},"includedScopes":[]},"contributions":{},"includedScopes":[{"contributions":{},"includedScopes":[]},{"contributions":{},"includedScopes":[]},{"contributions":{},"includedScopes":[]},{"contributions":{},"includedScopes":[]},{"contributions":{},"includedScopes":[]}]},"contributions":{},"includedScopes":[]},"contributions":{},"includedScopes":[]},"contributions":{},"includedScopes":[]},"contributions":{},"includedScopes":[{"containerScope":{"containerScope":{"containerScope":{"contributions":{},"includedScopes":[]},"contributions":{},"includedScopes":[]},"contributions":{},"includedScopes":[]},"contributions":{},"includedScopes":[{"containerScope":{"containerScope":{"containerScope":{"contributions":{},"includedScopes":[]},"contributions":{},"includedScopes":[]},"contributions":{},"includedScopes":[]},"contributions":{},"includedScopes":[]}]},{"containerScope":{"containerScope":{"containerScope":{"contributions":{},"includedScopes":[]},"contributions":{},"includedScopes":[]},"contributions":{},"includedScopes":[]},"contributions":{},"includedScopes":[]}]},"contributions":{},"includedScopes":[]}}]}],"id":"c5f373c8-c811-4483-9b53-80d28c444cd4","message":"onPressDo","metadata":[],"receiver":{"args":[],"id":"7fd4ac6f-ffbb-4bc4-baea-a0388f452d61","message":"c","metadata":[],"receiver":{"id":"4607cbfc-ba9b-4cca-8cab-8da9486425ef","metadata":[],"name":"keyboard","scope":{"containerScope":{"containerScope":{"containerScope":{"containerScope":{"containerScope":{"containerScope":{"contributions":{},"includedScopes":[]},"contributions":{},"includedScopes":[{"contributions":{},"includedScopes":[]},{"contributions":{},"includedScopes":[]},{"contributions":{},"includedScopes":[]},{"contributions":{},"includedScopes":[]},{"contributions":{},"includedScopes":[]}]},"contributions":{},"includedScopes":[]},"contributions":{},"includedScopes":[]},"contributions":{},"includedScopes":[]},"contributions":{},"includedScopes":[]},"contributions":{},"includedScopes":[]},"sourceMap":{"end":{"column":10,"line":26,"offset":930},"start":{"column":2,"line":26,"offset":922}}},"scope":{"containerScope":{"containerScope":{"containerScope":{"containerScope":{"containerScope":{"contributions":{},"includedScopes":[]},"contributions":{},"includedScopes":[{"contributions":{},"includedScopes":[]},{"contributions":{},"includedScopes":[]},{"contributions":{},"includedScopes":[]},{"contributions":{},"includedScopes":[]},{"contributions":{},"includedScopes":[]}]},"contributions":{},"includedScopes":[]},"contributions":{},"includedScopes":[]},"contributions":{},"includedScopes":[]},"contributions":{},"includedScopes":[]},"sourceMap":{"end":{"column":14,"line":26,"offset":934},"start":{"column":2,"line":26,"offset":922}}},"scope":{"containerScope":{"containerScope":{"containerScope":{"containerScope":{"contributions":{},"includedScopes":[]},"contributions":{},"includedScopes":[{"contributions":{},"includedScopes":[]},{"contributions":{},"includedScopes":[]},{"contributions":{},"includedScopes":[]},{"contributions":{},"includedScopes":[]},{"contributions":{},"includedScopes":[]}]},"contributions":{},"includedScopes":[]},"contributions":{},"includedScopes":[]},"contributions":{},"includedScopes":[]},"sourceMap":{"end":{"column":45,"line":26,"offset":965},"start":{"column":2,"line":26,"offset":922}}},{"args":[{"id":"b209aac2-57f1-4363-9fb9-2a833b2ad8d1","members":[{"body":{"id":"5415a6d8-01cd-479d-9a4a-530383b013fc","metadata":[],"scope":{"containerScope":{"containerScope":{"containerScope":{"containerScope":{"containerScope":{"containerScope":{"containerScope":{"contributions":{},"includedScopes":[]},"contributions":{},"includedScopes":[{"contributions":{},"includedScopes":[]},{"contributions":{},"includedScopes":[]},{"contributions":{},"includedScopes":[]},{"contributions":{},"includedScopes":[]},{"contributions":{},"includedScopes":[]}]},"contributions":{},"includedScopes":[]},"contributions":{},"includedScopes":[]},"contributions":{},"includedScopes":[]},"contributions":{},"includedScopes":[{"containerScope":{"containerScope":{"containerScope":{"contributions":{},"includedScopes":[]},"contributions":{},"includedScopes":[]},"contributions":{},"includedScopes":[]},"contributions":{},"includedScopes":[{"containerScope":{"containerScope":{"containerScope":{"contributions":{},"includedScopes":[]},"contributions":{},"includedScopes":[]},"contributions":{},"includedScopes":[]},"contributions":{},"includedScopes":[]}]},{"containerScope":{"containerScope":{"containerScope":{"contributions":{},"includedScopes":[]},"contributions":{},"includedScopes":[]},"contributions":{},"includedScopes":[]},"contributions":{},"includedScopes":[]}]},"contributions":{},"includedScopes":[]},"contributions":{},"includedScopes":[]},"sentences":[{"id":"df533b7d-5f9f-40fb-94a3-8fbeb18d3539","metadata":[],"scope":{"containerScope":{"containerScope":{"containerScope":{"containerScope":{"containerScope":{"containerScope":{"containerScope":{"containerScope":{"contributions":{},"includedScopes":[]},"contributions":{},"includedScopes":[{"contributions":{},"includedScopes":[]},{"contributions":{},"includedScopes":[]},{"contributions":{},"includedScopes":[]},{"contributions":{},"includedScopes":[]},{"contributions":{},"includedScopes":[]}]},"contributions":{},"includedScopes":[]},"contributions":{},"includedScopes":[]},"contributions":{},"includedScopes":[]},"contributions":{},"includedScopes":[{"containerScope":{"containerScope":{"containerScope":{"contributions":{},"includedScopes":[]},"contributions":{},"includedScopes":[]},"contributions":{},"includedScopes":[]},"contributions":{},"includedScopes":[{"containerScope":{"containerScope":{"containerScope":{"contributions":{},"includedScopes":[]},"contributions":{},"includedScopes":[]},"contributions":{},"includedScopes":[]},"contributions":{},"includedScopes":[]}]},{"containerScope":{"containerScope":{"containerScope":{"contributions":{},"includedScopes":[]},"contributions":{},"includedScopes":[]},"contributions":{},"includedScopes":[]},"contributions":{},"includedScopes":[]}]},"contributions":{},"includedScopes":[]},"contributions":{},"includedScopes":[]},"contributions":{},"includedScopes":[]},"value":{"args":[],"id":"098e24da-ae1b-486b-9067-7c6b38a330ec","message":"vender","metadata":[],"receiver":{"id":"971173d1-eaf0-47e9-b79f-5a20185ae063","metadata":[],"name":"hector","scope":{"containerScope":{"containerScope":{"containerScope":{"containerScope":{"containerScope":{"containerScope":{"containerScope":{"containerScope":{"containerScope":{"containerScope":{"contributions":{},"includedScopes":[]},"contributions":{},"includedScopes":[{"contributions":{},"includedScopes":[]},{"contributions":{},"includedScopes":[]},{"contributions":{},"includedScopes":[]},{"contributions":{},"includedScopes":[]},{"contributions":{},"includedScopes":[]}]},"contributions":{},"includedScopes":[]},"contributions":{},"includedScopes":[]},"contributions":{},"includedScopes":[]},"contributions":{},"includedScopes":[{"containerScope":{"containerScope":{"containerScope":{"contributions":{},"includedScopes":[]},"contributions":{},"includedScopes":[]},"contributions":{},"includedScopes":[]},"contributions":{},"includedScopes":[{"containerScope":{"containerScope":{"containerScope":{"contributions":{},"includedScopes":[]},"contributions":{},"includedScopes":[]},"contributions":{},"includedScopes":[]},"contributions":{},"includedScopes":[]}]},{"containerScope":{"containerScope":{"containerScope":{"contributions":{},"includedScopes":[]},"contributions":{},"includedScopes":[]},"contributions":{},"includedScopes":[]},"contributions":{},"includedScopes":[]}]},"contributions":{},"includedScopes":[]},"contributions":{},"includedScopes":[]},"contributions":{},"includedScopes":[]},"contributions":{},"includedScopes":[]},"contributions":{},"includedScopes":[]},"sourceMap":{"end":{"column":32,"line":27,"offset":997},"start":{"column":26,"line":27,"offset":991}}},"scope":{"containerScope":{"containerScope":{"containerScope":{"containerScope":{"containerScope":{"containerScope":{"containerScope":{"containerScope":{"containerScope":{"contributions":{},"includedScopes":[]},"contributions":{},"includedScopes":[{"contributions":{},"includedScopes":[]},{"contributions":{},"includedScopes":[]},{"contributions":{},"includedScopes":[]},{"contributions":{},"includedScopes":[]},{"contributions":{},"includedScopes":[]}]},"contributions":{},"includedScopes":[]},"contributions":{},"includedScopes":[]},"contributions":{},"includedScopes":[]},"contributions":{},"includedScopes":[{"containerScope":{"containerScope":{"containerScope":{"contributions":{},"includedScopes":[]},"contributions":{},"includedScopes":[]},"contributions":{},"includedScopes":[]},"contributions":{},"includedScopes":[{"containerScope":{"containerScope":{"containerScope":{"contributions":{},"includedScopes":[]},"contributions":{},"includedScopes":[]},"contributions":{},"includedScopes":[]},"contributions":{},"includedScopes":[]}]},{"containerScope":{"containerScope":{"containerScope":{"contributions":{},"includedScopes":[]},"contributions":{},"includedScopes":[]},"contributions":{},"includedScopes":[]},"contributions":{},"includedScopes":[]}]},"contributions":{},"includedScopes":[]},"contributions":{},"includedScopes":[]},"contributions":{},"includedScopes":[]},"contributions":{},"includedScopes":[]},"sourceMap":{"end":{"column":41,"line":27,"offset":1006},"start":{"column":26,"line":27,"offset":991}}}}]},"id":"4d79cc5a-8d06-43c5-af5b-c43c93ca0389","isOverride":false,"metadata":[],"name":"<apply>","parameters":[],"scope":{"containerScope":{"containerScope":{"containerScope":{"containerScope":{"containerScope":{"containerScope":{"contributions":{},"includedScopes":[]},"contributions":{},"includedScopes":[{"contributions":{},"includedScopes":[]},{"contributions":{},"includedScopes":[]},{"contributions":{},"includedScopes":[]},{"contributions":{},"includedScopes":[]},{"contributions":{},"includedScopes":[]}]},"contributions":{},"includedScopes":[]},"contributions":{},"includedScopes":[]},"contributions":{},"includedScopes":[]},"contributions":{},"includedScopes":[{"containerScope":{"containerScope":{"containerScope":{"contributions":{},"includedScopes":[]},"contributions":{},"includedScopes":[]},"contributions":{},"includedScopes":[]},"contributions":{},"includedScopes":[{"containerScope":{"containerScope":{"containerScope":{"contributions":{},"includedScopes":[]},"contributions":{},"includedScopes":[]},"contributions":{},"includedScopes":[]},"contributions":{},"includedScopes":[]}]},{"containerScope":{"containerScope":{"containerScope":{"contributions":{},"includedScopes":[]},"contributions":{},"includedScopes":[]},"contributions":{},"includedScopes":[]},"contributions":{},"includedScopes":[]}]},"contributions":{},"includedScopes":[]}},{"id":"6e43298d-bd2f-4bd3-aa48-ae980f877020","isConstant":true,"isProperty":false,"metadata":[],"name":"<toString>","scope":{"containerScope":{"containerScope":{"containerScope":{"containerScope":{"containerScope":{"containerScope":{"contributions":{},"includedScopes":[]},"contributions":{},"includedScopes":[{"contributions":{},"includedScopes":[]},{"contributions":{},"includedScopes":[]},{"contributions":{},"includedScopes":[]},{"contributions":{},"includedScopes":[]},{"contributions":{},"includedScopes":[]}]},"contributions":{},"includedScopes":[]},"contributions":{},"includedScopes":[]},"contributions":{},"includedScopes":[]},"contributions":{},"includedScopes":[{"containerScope":{"containerScope":{"containerScope":{"contributions":{},"includedScopes":[]},"contributions":{},"includedScopes":[]},"contributions":{},"includedScopes":[]},"contributions":{},"includedScopes":[{"containerScope":{"containerScope":{"containerScope":{"contributions":{},"includedScopes":[]},"contributions":{},"includedScopes":[]},"contributions":{},"includedScopes":[]},"contributions":{},"includedScopes":[]}]},{"containerScope":{"containerScope":{"containerScope":{"contributions":{},"includedScopes":[]},"contributions":{},"includedScopes":[]},"contributions":{},"includedScopes":[]},"contributions":{},"includedScopes":[]}]},"contributions":{},"includedScopes":[]},"value":{"id":"39460e36-f5f3-466b-ad2f-8aeccbee67c9","metadata":[],"scope":{"containerScope":{"containerScope":{"containerScope":{"containerScope":{"containerScope":{"containerScope":{"containerScope":{"contributions":{},"includedScopes":[]},"contributions":{},"includedScopes":[{"contributions":{},"includedScopes":[]},{"contributions":{},"includedScopes":[]},{"contributions":{},"includedScopes":[]},{"contributions":{},"includedScopes":[]},{"contributions":{},"includedScopes":[]}]},"contributions":{},"includedScopes":[]},"contributions":{},"includedScopes":[]},"contributions":{},"includedScopes":[]},"contributions":{},"includedScopes":[{"containerScope":{"containerScope":{"containerScope":{"contributions":{},"includedScopes":[]},"contributions":{},"includedScopes":[]},"contributions":{},"includedScopes":[]},"contributions":{},"includedScopes":[{"containerScope":{"containerScope":{"containerScope":{"contributions":{},"includedScopes":[]},"contributions":{},"includedScopes":[]},"contributions":{},"includedScopes":[]},"contributions":{},"includedScopes":[]}]},{"containerScope":{"containerScope":{"containerScope":{"contributions":{},"includedScopes":[]},"contributions":{},"includedScopes":[]},"contributions":{},"includedScopes":[]},"contributions":{},"includedScopes":[]}]},"contributions":{},"includedScopes":[]},"contributions":{},"includedScopes":[]},"value":"{hector.vender()}"}}],"metadata":[],"scope":{"containerScope":{"containerScope":{"containerScope":{"containerScope":{"containerScope":{"contributions":{},"includedScopes":[]},"contributions":{},"includedScopes":[{"contributions":{},"includedScopes":[]},{"contributions":{},"includedScopes":[]},{"contributions":{},"includedScopes":[]},{"contributions":{},"includedScopes":[]},{"contributions":{},"includedScopes":[]}]},"contributions":{},"includedScopes":[]},"contributions":{},"includedScopes":[]},"contributions":{},"includedScopes":[]},"contributions":{},"includedScopes":[{"containerScope":{"containerScope":{"containerScope":{"contributions":{},"includedScopes":[]},"contributions":{},"includedScopes":[]},"contributions":{},"includedScopes":[]},"contributions":{},"includedScopes":[{"containerScope":{"containerScope":{"containerScope":{"contributions":{},"includedScopes":[]},"contributions":{},"includedScopes":[]},"contributions":{},"includedScopes":[]},"contributions":{},"includedScopes":[]}]},{"containerScope":{"containerScope":{"containerScope":{"contributions":{},"includedScopes":[]},"contributions":{},"includedScopes":[]},"contributions":{},"includedScopes":[]},"contributions":{},"includedScopes":[]}]},"sourceMap":{"end":{"column":42,"line":27,"offset":1007},"start":{"column":25,"line":27,"offset":990}},"supertypes":[{"args":[],"id":"202682d9-43ca-4d1c-a1be-833dc4bff12f","metadata":[],"reference":{"id":"e7d3fd5b-f83b-4232-bad9-2240eba03a5a","metadata":[],"name":"wollok.lang.Closure","scope":{"containerScope":{"containerScope":{"containerScope":{"containerScope":{"containerScope":{"containerScope":{"contributions":{},"includedScopes":[]},"contributions":{},"includedScopes":[{"contributions":{},"includedScopes":[]},{"contributions":{},"includedScopes":[]},{"contributions":{},"includedScopes":[]},{"contributions":{},"includedScopes":[]},{"contributions":{},"includedScopes":[]}]},"contributions":{},"includedScopes":[]},"contributions":{},"includedScopes":[]},"contributions":{},"includedScopes":[]},"contributions":{},"includedScopes":[{"containerScope":{"containerScope":{"containerScope":{"contributions":{},"includedScopes":[]},"contributions":{},"includedScopes":[]},"contributions":{},"includedScopes":[]},"contributions":{},"includedScopes":[{"containerScope":{"containerScope":{"containerScope":{"contributions":{},"includedScopes":[]},"contributions":{},"includedScopes":[]},"contributions":{},"includedScopes":[]},"contributions":{},"includedScopes":[]}]},{"containerScope":{"containerScope":{"containerScope":{"contributions":{},"includedScopes":[]},"contributions":{},"includedScopes":[]},"contributions":{},"includedScopes":[]},"contributions":{},"includedScopes":[]}]},"contributions":{},"includedScopes":[]}},"scope":{"containerScope":{"containerScope":{"containerScope":{"containerScope":{"containerScope":{"containerScope":{"contributions":{},"includedScopes":[]},"contributions":{},"includedScopes":[{"contributions":{},"includedScopes":[]},{"contributions":{},"includedScopes":[]},{"contributions":{},"includedScopes":[]},{"contributions":{},"includedScopes":[]},{"contributions":{},"includedScopes":[]}]},"contributions":{},"includedScopes":[]},"contributions":{},"includedScopes":[]},"contributions":{},"includedScopes":[]},"contributions":{},"includedScopes":[{"containerScope":{"containerScope":{"containerScope":{"contributions":{},"includedScopes":[]},"contributions":{},"includedScopes":[]},"contributions":{},"includedScopes":[]},"contributions":{},"includedScopes":[{"containerScope":{"containerScope":{"containerScope":{"contributions":{},"includedScopes":[]},"contributions":{},"includedScopes":[]},"contributions":{},"includedScopes":[]},"contributions":{},"includedScopes":[]}]},{"containerScope":{"containerScope":{"containerScope":{"contributions":{},"includedScopes":[]},"contributions":{},"includedScopes":[]},"contributions":{},"includedScopes":[]},"contributions":{},"includedScopes":[]}]},"contributions":{},"includedScopes":[]}}]}],"id":"ee69eef0-4ed5-4954-9d72-abae055e2c28","message":"onPressDo","metadata":[],"receiver":{"args":[],"id":"0ac601e9-fa99-4f5b-8d4b-21129ffa42e1","message":"v","metadata":[],"receiver":{"id":"aba4eb25-ec7f-471f-8b35-b3a5cd8a36e9","metadata":[],"name":"keyboard","scope":{"containerScope":{"containerScope":{"containerScope":{"containerScope":{"containerScope":{"containerScope":{"contributions":{},"includedScopes":[]},"contributions":{},"includedScopes":[{"contributions":{},"includedScopes":[]},{"contributions":{},"includedScopes":[]},{"contributions":{},"includedScopes":[]},{"contributions":{},"includedScopes":[]},{"contributions":{},"includedScopes":[]}]},"contributions":{},"includedScopes":[]},"contributions":{},"includedScopes":[]},"contributions":{},"includedScopes":[]},"contributions":{},"includedScopes":[]},"contributions":{},"includedScopes":[]},"sourceMap":{"end":{"column":10,"line":27,"offset":975},"start":{"column":2,"line":27,"offset":967}}},"scope":{"containerScope":{"containerScope":{"containerScope":{"containerScope":{"containerScope":{"contributions":{},"includedScopes":[]},"contributions":{},"includedScopes":[{"contributions":{},"includedScopes":[]},{"contributions":{},"includedScopes":[]},{"contributions":{},"includedScopes":[]},{"contributions":{},"includedScopes":[]},{"contributions":{},"includedScopes":[]}]},"contributions":{},"includedScopes":[]},"contributions":{},"includedScopes":[]},"contributions":{},"includedScopes":[]},"contributions":{},"includedScopes":[]},"sourceMap":{"end":{"column":14,"line":27,"offset":979},"start":{"column":2,"line":27,"offset":967}}},"scope":{"containerScope":{"containerScope":{"containerScope":{"containerScope":{"contributions":{},"includedScopes":[]},"contributions":{},"includedScopes":[{"contributions":{},"includedScopes":[]},{"contributions":{},"includedScopes":[]},{"contributions":{},"includedScopes":[]},{"contributions":{},"includedScopes":[]},{"contributions":{},"includedScopes":[]}]},"contributions":{},"includedScopes":[]},"contributions":{},"includedScopes":[]},"contributions":{},"includedScopes":[]},"sourceMap":{"end":{"column":43,"line":27,"offset":1008},"start":{"column":2,"line":27,"offset":967}}},{"args":[{"id":"67965931-5df4-4101-8b14-cb2cddda6e9a","members":[{"body":{"id":"6ad64f5b-f955-494b-8cd2-5d0bbeabaa8b","metadata":[],"scope":{"containerScope":{"containerScope":{"containerScope":{"containerScope":{"containerScope":{"containerScope":{"containerScope":{"contributions":{},"includedScopes":[]},"contributions":{},"includedScopes":[{"contributions":{},"includedScopes":[]},{"contributions":{},"includedScopes":[]},{"contributions":{},"includedScopes":[]},{"contributions":{},"includedScopes":[]},{"contributions":{},"includedScopes":[]}]},"contributions":{},"includedScopes":[]},"contributions":{},"includedScopes":[]},"contributions":{},"includedScopes":[]},"contributions":{},"includedScopes":[{"containerScope":{"containerScope":{"containerScope":{"contributions":{},"includedScopes":[]},"contributions":{},"includedScopes":[]},"contributions":{},"includedScopes":[]},"contributions":{},"includedScopes":[{"containerScope":{"containerScope":{"containerScope":{"contributions":{},"includedScopes":[]},"contributions":{},"includedScopes":[]},"contributions":{},"includedScopes":[]},"contributions":{},"includedScopes":[]}]},{"containerScope":{"containerScope":{"containerScope":{"contributions":{},"includedScopes":[]},"contributions":{},"includedScopes":[]},"contributions":{},"includedScopes":[]},"contributions":{},"includedScopes":[]}]},"contributions":{},"includedScopes":[]},"contributions":{},"includedScopes":[]},"sentences":[{"id":"9d66294d-b7de-4a5d-b3e8-1beeb668ea4d","metadata":[],"scope":{"containerScope":{"containerScope":{"containerScope":{"containerScope":{"containerScope":{"containerScope":{"containerScope":{"containerScope":{"contributions":{},"includedScopes":[]},"contributions":{},"includedScopes":[{"contributions":{},"includedScopes":[]},{"contributions":{},"includedScopes":[]},{"contributions":{},"includedScopes":[]},{"contributions":{},"includedScopes":[]},{"contributions":{},"includedScopes":[]}]},"contributions":{},"includedScopes":[]},"contributions":{},"includedScopes":[]},"contributions":{},"includedScopes":[]},"contributions":{},"includedScopes":[{"containerScope":{"containerScope":{"containerScope":{"contributions":{},"includedScopes":[]},"contributions":{},"includedScopes":[]},"contributions":{},"includedScopes":[]},"contributions":{},"includedScopes":[{"containerScope":{"containerScope":{"containerScope":{"contributions":{},"includedScopes":[]},"contributions":{},"includedScopes":[]},"contributions":{},"includedScopes":[]},"contributions":{},"includedScopes":[]}]},{"containerScope":{"containerScope":{"containerScope":{"contributions":{},"includedScopes":[]},"contributions":{},"includedScopes":[]},"contributions":{},"includedScopes":[]},"contributions":{},"includedScopes":[]}]},"contributions":{},"includedScopes":[]},"contributions":{},"includedScopes":[]},"contributions":{},"includedScopes":[]},"value":{"args":[],"id":"a3e691e9-cf30-4d56-a282-58d047252b01","message":"contarBienes","metadata":[],"receiver":{"id":"f4ffa2f9-b241-4e8f-88a3-20533dbdeac8","metadata":[],"name":"hector","scope":{"containerScope":{"containerScope":{"containerScope":{"containerScope":{"containerScope":{"containerScope":{"containerScope":{"containerScope":{"containerScope":{"containerScope":{"contributions":{},"includedScopes":[]},"contributions":{},"includedScopes":[{"contributions":{},"includedScopes":[]},{"contributions":{},"includedScopes":[]},{"contributions":{},"includedScopes":[]},{"contributions":{},"includedScopes":[]},{"contributions":{},"includedScopes":[]}]},"contributions":{},"includedScopes":[]},"contributions":{},"includedScopes":[]},"contributions":{},"includedScopes":[]},"contributions":{},"includedScopes":[{"containerScope":{"containerScope":{"containerScope":{"contributions":{},"includedScopes":[]},"contributions":{},"includedScopes":[]},"contributions":{},"includedScopes":[]},"contributions":{},"includedScopes":[{"containerScope":{"containerScope":{"containerScope":{"contributions":{},"includedScopes":[]},"contributions":{},"includedScopes":[]},"contributions":{},"includedScopes":[]},"contributions":{},"includedScopes":[]}]},{"containerScope":{"containerScope":{"containerScope":{"contributions":{},"includedScopes":[]},"contributions":{},"includedScopes":[]},"contributions":{},"includedScopes":[]},"contributions":{},"includedScopes":[]}]},"contributions":{},"includedScopes":[]},"contributions":{},"includedScopes":[]},"contributions":{},"includedScopes":[]},"contributions":{},"includedScopes":[]},"contributions":{},"includedScopes":[]},"sourceMap":{"end":{"column":36,"line":28,"offset":1044},"start":{"column":30,"line":28,"offset":1038}}},"scope":{"containerScope":{"containerScope":{"containerScope":{"containerScope":{"containerScope":{"containerScope":{"containerScope":{"containerScope":{"containerScope":{"contributions":{},"includedScopes":[]},"contributions":{},"includedScopes":[{"contributions":{},"includedScopes":[]},{"contributions":{},"includedScopes":[]},{"contributions":{},"includedScopes":[]},{"contributions":{},"includedScopes":[]},{"contributions":{},"includedScopes":[]}]},"contributions":{},"includedScopes":[]},"contributions":{},"includedScopes":[]},"contributions":{},"includedScopes":[]},"contributions":{},"includedScopes":[{"containerScope":{"containerScope":{"containerScope":{"contributions":{},"includedScopes":[]},"contributions":{},"includedScopes":[]},"contributions":{},"includedScopes":[]},"contributions":{},"includedScopes":[{"containerScope":{"containerScope":{"containerScope":{"contributions":{},"includedScopes":[]},"contributions":{},"includedScopes":[]},"contributions":{},"includedScopes":[]},"contributions":{},"includedScopes":[]}]},{"containerScope":{"containerScope":{"containerScope":{"contributions":{},"includedScopes":[]},"contributions":{},"includedScopes":[]},"contributions":{},"includedScopes":[]},"contributions":{},"includedScopes":[]}]},"contributions":{},"includedScopes":[]},"contributions":{},"includedScopes":[]},"contributions":{},"includedScopes":[]},"contributions":{},"includedScopes":[]},"sourceMap":{"end":{"column":51,"line":28,"offset":1059},"start":{"column":30,"line":28,"offset":1038}}}}]},"id":"40ee683b-3ef2-4ab8-bc6f-ea89fdea2e2c","isOverride":false,"metadata":[],"name":"<apply>","parameters":[],"scope":{"containerScope":{"containerScope":{"containerScope":{"containerScope":{"containerScope":{"containerScope":{"contributions":{},"includedScopes":[]},"contributions":{},"includedScopes":[{"contributions":{},"includedScopes":[]},{"contributions":{},"includedScopes":[]},{"contributions":{},"includedScopes":[]},{"contributions":{},"includedScopes":[]},{"contributions":{},"includedScopes":[]}]},"contributions":{},"includedScopes":[]},"contributions":{},"includedScopes":[]},"contributions":{},"includedScopes":[]},"contributions":{},"includedScopes":[{"containerScope":{"containerScope":{"containerScope":{"contributions":{},"includedScopes":[]},"contributions":{},"includedScopes":[]},"contributions":{},"includedScopes":[]},"contributions":{},"includedScopes":[{"containerScope":{"containerScope":{"containerScope":{"contributions":{},"includedScopes":[]},"contributions":{},"includedScopes":[]},"contributions":{},"includedScopes":[]},"contributions":{},"includedScopes":[]}]},{"containerScope":{"containerScope":{"containerScope":{"contributions":{},"includedScopes":[]},"contributions":{},"includedScopes":[]},"contributions":{},"includedScopes":[]},"contributions":{},"includedScopes":[]}]},"contributions":{},"includedScopes":[]}},{"id":"2fa5696c-e981-446b-8016-29a1bbd30065","isConstant":true,"isProperty":false,"metadata":[],"name":"<toString>","scope":{"containerScope":{"containerScope":{"containerScope":{"containerScope":{"containerScope":{"containerScope":{"contributions":{},"includedScopes":[]},"contributions":{},"includedScopes":[{"contributions":{},"includedScopes":[]},{"contributions":{},"includedScopes":[]},{"contributions":{},"includedScopes":[]},{"contributions":{},"includedScopes":[]},{"contributions":{},"includedScopes":[]}]},"contributions":{},"includedScopes":[]},"contributions":{},"includedScopes":[]},"contributions":{},"includedScopes":[]},"contributions":{},"includedScopes":[{"containerScope":{"containerScope":{"containerScope":{"contributions":{},"includedScopes":[]},"contributions":{},"includedScopes":[]},"contributions":{},"includedScopes":[]},"contributions":{},"includedScopes":[{"containerScope":{"containerScope":{"containerScope":{"contributions":{},"includedScopes":[]},"contributions":{},"includedScopes":[]},"contributions":{},"includedScopes":[]},"contributions":{},"includedScopes":[]}]},{"containerScope":{"containerScope":{"containerScope":{"contributions":{},"includedScopes":[]},"contributions":{},"includedScopes":[]},"contributions":{},"includedScopes":[]},"contributions":{},"includedScopes":[]}]},"contributions":{},"includedScopes":[]},"value":{"id":"61d542c7-3b61-4e7b-b3d1-2bb4d1251b10","metadata":[],"scope":{"containerScope":{"containerScope":{"containerScope":{"containerScope":{"containerScope":{"containerScope":{"containerScope":{"contributions":{},"includedScopes":[]},"contributions":{},"includedScopes":[{"contributions":{},"includedScopes":[]},{"contributions":{},"includedScopes":[]},{"contributions":{},"includedScopes":[]},{"contributions":{},"includedScopes":[]},{"contributions":{},"includedScopes":[]}]},"contributions":{},"includedScopes":[]},"contributions":{},"includedScopes":[]},"contributions":{},"includedScopes":[]},"contributions":{},"includedScopes":[{"containerScope":{"containerScope":{"containerScope":{"contributions":{},"includedScopes":[]},"contributions":{},"includedScopes":[]},"contributions":{},"includedScopes":[]},"contributions":{},"includedScopes":[{"containerScope":{"containerScope":{"containerScope":{"contributions":{},"includedScopes":[]},"contributions":{},"includedScopes":[]},"contributions":{},"includedScopes":[]},"contributions":{},"includedScopes":[]}]},{"containerScope":{"containerScope":{"containerScope":{"contributions":{},"includedScopes":[]},"contributions":{},"includedScopes":[]},"contributions":{},"includedScopes":[]},"contributions":{},"includedScopes":[]}]},"contributions":{},"includedScopes":[]},"contributions":{},"includedScopes":[]},"value":"{hector.contarBienes()}"}}],"metadata":[],"scope":{"containerScope":{"containerScope":{"containerScope":{"containerScope":{"containerScope":{"contributions":{},"includedScopes":[]},"contributions":{},"includedScopes":[{"contributions":{},"includedScopes":[]},{"contributions":{},"includedScopes":[]},{"contributions":{},"includedScopes":[]},{"contributions":{},"includedScopes":[]},{"contributions":{},"includedScopes":[]}]},"contributions":{},"includedScopes":[]},"contributions":{},"includedScopes":[]},"contributions":{},"includedScopes":[]},"contributions":{},"includedScopes":[{"containerScope":{"containerScope":{"containerScope":{"contributions":{},"includedScopes":[]},"contributions":{},"includedScopes":[]},"contributions":{},"includedScopes":[]},"contributions":{},"includedScopes":[{"containerScope":{"containerScope":{"containerScope":{"contributions":{},"includedScopes":[]},"contributions":{},"includedScopes":[]},"contributions":{},"includedScopes":[]},"contributions":{},"includedScopes":[]}]},{"containerScope":{"containerScope":{"containerScope":{"contributions":{},"includedScopes":[]},"contributions":{},"includedScopes":[]},"contributions":{},"includedScopes":[]},"contributions":{},"includedScopes":[]}]},"sourceMap":{"end":{"column":52,"line":28,"offset":1060},"start":{"column":29,"line":28,"offset":1037}},"supertypes":[{"args":[],"id":"4a43cd0f-b47b-4aee-9192-6383a9639536","metadata":[],"reference":{"id":"e9f2ffc3-4dec-46cc-b1a5-200f8efef0ca","metadata":[],"name":"wollok.lang.Closure","scope":{"containerScope":{"containerScope":{"containerScope":{"containerScope":{"containerScope":{"containerScope":{"contributions":{},"includedScopes":[]},"contributions":{},"includedScopes":[{"contributions":{},"includedScopes":[]},{"contributions":{},"includedScopes":[]},{"contributions":{},"includedScopes":[]},{"contributions":{},"includedScopes":[]},{"contributions":{},"includedScopes":[]}]},"contributions":{},"includedScopes":[]},"contributions":{},"includedScopes":[]},"contributions":{},"includedScopes":[]},"contributions":{},"includedScopes":[{"containerScope":{"containerScope":{"containerScope":{"contributions":{},"includedScopes":[]},"contributions":{},"includedScopes":[]},"contributions":{},"includedScopes":[]},"contributions":{},"includedScopes":[{"containerScope":{"containerScope":{"containerScope":{"contributions":{},"includedScopes":[]},"contributions":{},"includedScopes":[]},"contributions":{},"includedScopes":[]},"contributions":{},"includedScopes":[]}]},{"containerScope":{"containerScope":{"containerScope":{"contributions":{},"includedScopes":[]},"contributions":{},"includedScopes":[]},"contributions":{},"includedScopes":[]},"contributions":{},"includedScopes":[]}]},"contributions":{},"includedScopes":[]}},"scope":{"containerScope":{"containerScope":{"containerScope":{"containerScope":{"containerScope":{"containerScope":{"contributions":{},"includedScopes":[]},"contributions":{},"includedScopes":[{"contributions":{},"includedScopes":[]},{"contributions":{},"includedScopes":[]},{"contributions":{},"includedScopes":[]},{"contributions":{},"includedScopes":[]},{"contributions":{},"includedScopes":[]}]},"contributions":{},"includedScopes":[]},"contributions":{},"includedScopes":[]},"contributions":{},"includedScopes":[]},"contributions":{},"includedScopes":[{"containerScope":{"containerScope":{"containerScope":{"contributions":{},"includedScopes":[]},"contributions":{},"includedScopes":[]},"contributions":{},"includedScopes":[]},"contributions":{},"includedScopes":[{"containerScope":{"containerScope":{"containerScope":{"contributions":{},"includedScopes":[]},"contributions":{},"includedScopes":[]},"contributions":{},"includedScopes":[]},"contributions":{},"includedScopes":[]}]},{"containerScope":{"containerScope":{"containerScope":{"contributions":{},"includedScopes":[]},"contributions":{},"includedScopes":[]},"contributions":{},"includedScopes":[]},"contributions":{},"includedScopes":[]}]},"contributions":{},"includedScopes":[]}}]}],"id":"8087b852-b41c-42f0-9cac-62012254ceb9","message":"onPressDo","metadata":[],"receiver":{"args":[],"id":"a7b2fcab-5908-4bf1-a636-2b0ebf65c441","message":"space","metadata":[],"receiver":{"id":"57cd6a32-cf91-41fb-8983-19e7eed033bd","metadata":[],"name":"keyboard","scope":{"containerScope":{"containerScope":{"containerScope":{"containerScope":{"containerScope":{"containerScope":{"contributions":{},"includedScopes":[]},"contributions":{},"includedScopes":[{"contributions":{},"includedScopes":[]},{"contributions":{},"includedScopes":[]},{"contributions":{},"includedScopes":[]},{"contributions":{},"includedScopes":[]},{"contributions":{},"includedScopes":[]}]},"contributions":{},"includedScopes":[]},"contributions":{},"includedScopes":[]},"contributions":{},"includedScopes":[]},"contributions":{},"includedScopes":[]},"contributions":{},"includedScopes":[]},"sourceMap":{"end":{"column":10,"line":28,"offset":1018},"start":{"column":2,"line":28,"offset":1010}}},"scope":{"containerScope":{"containerScope":{"containerScope":{"containerScope":{"containerScope":{"contributions":{},"includedScopes":[]},"contributions":{},"includedScopes":[{"contributions":{},"includedScopes":[]},{"contributions":{},"includedScopes":[]},{"contributions":{},"includedScopes":[]},{"contributions":{},"includedScopes":[]},{"contributions":{},"includedScopes":[]}]},"contributions":{},"includedScopes":[]},"contributions":{},"includedScopes":[]},"contributions":{},"includedScopes":[]},"contributions":{},"includedScopes":[]},"sourceMap":{"end":{"column":18,"line":28,"offset":1026},"start":{"column":2,"line":28,"offset":1010}}},"scope":{"containerScope":{"containerScope":{"containerScope":{"containerScope":{"contributions":{},"includedScopes":[]},"contributions":{},"includedScopes":[{"contributions":{},"includedScopes":[]},{"contributions":{},"includedScopes":[]},{"contributions":{},"includedScopes":[]},{"contributions":{},"includedScopes":[]},{"contributions":{},"includedScopes":[]}]},"contributions":{},"includedScopes":[]},"contributions":{},"includedScopes":[]},"contributions":{},"includedScopes":[]},"sourceMap":{"end":{"column":53,"line":28,"offset":1061},"start":{"column":2,"line":28,"offset":1010}}},{"args":[{"id":"68d336bb-4324-485c-93e7-476c3c471817","members":[{"body":{"id":"853a4f06-750e-43ac-a2bb-22a5619117ba","metadata":[],"scope":{"containerScope":{"containerScope":{"containerScope":{"containerScope":{"containerScope":{"containerScope":{"containerScope":{"contributions":{},"includedScopes":[]},"contributions":{},"includedScopes":[{"contributions":{},"includedScopes":[]},{"contributions":{},"includedScopes":[]},{"contributions":{},"includedScopes":[]},{"contributions":{},"includedScopes":[]},{"contributions":{},"includedScopes":[]}]},"contributions":{},"includedScopes":[]},"contributions":{},"includedScopes":[]},"contributions":{},"includedScopes":[]},"contributions":{},"includedScopes":[{"containerScope":{"containerScope":{"containerScope":{"contributions":{},"includedScopes":[]},"contributions":{},"includedScopes":[]},"contributions":{},"includedScopes":[]},"contributions":{},"includedScopes":[{"containerScope":{"containerScope":{"containerScope":{"contributions":{},"includedScopes":[]},"contributions":{},"includedScopes":[]},"contributions":{},"includedScopes":[]},"contributions":{},"includedScopes":[]}]},{"containerScope":{"containerScope":{"containerScope":{"contributions":{},"includedScopes":[]},"contributions":{},"includedScopes":[]},"contributions":{},"includedScopes":[]},"contributions":{},"includedScopes":[]}]},"contributions":{},"includedScopes":[]},"contributions":{},"includedScopes":[]},"sentences":[{"id":"f294d02d-c031-4c9e-a53c-88b23370683a","metadata":[],"scope":{"containerScope":{"containerScope":{"containerScope":{"containerScope":{"containerScope":{"containerScope":{"containerScope":{"containerScope":{"contributions":{},"includedScopes":[]},"contributions":{},"includedScopes":[{"contributions":{},"includedScopes":[]},{"contributions":{},"includedScopes":[]},{"contributions":{},"includedScopes":[]},{"contributions":{},"includedScopes":[]},{"contributions":{},"includedScopes":[]}]},"contributions":{},"includedScopes":[]},"contributions":{},"includedScopes":[]},"contributions":{},"includedScopes":[]},"contributions":{},"includedScopes":[{"containerScope":{"containerScope":{"containerScope":{"contributions":{},"includedScopes":[]},"contributions":{},"includedScopes":[]},"contributions":{},"includedScopes":[]},"contributions":{},"includedScopes":[{"containerScope":{"containerScope":{"containerScope":{"contributions":{},"includedScopes":[]},"contributions":{},"includedScopes":[]},"contributions":{},"includedScopes":[]},"contributions":{},"includedScopes":[]}]},{"containerScope":{"containerScope":{"containerScope":{"contributions":{},"includedScopes":[]},"contributions":{},"includedScopes":[]},"contributions":{},"includedScopes":[]},"contributions":{},"includedScopes":[]}]},"contributions":{},"includedScopes":[]},"contributions":{},"includedScopes":[]},"contributions":{},"includedScopes":[]},"value":{"args":[],"id":"2543e57b-4374-4ca8-bf37-860bb7527998","message":"colocarAspersor","metadata":[],"receiver":{"id":"373bd7ee-4332-42e5-bd78-28601fcb14c7","metadata":[],"name":"hector","scope":{"containerScope":{"containerScope":{"containerScope":{"containerScope":{"containerScope":{"containerScope":{"containerScope":{"containerScope":{"containerScope":{"containerScope":{"contributions":{},"includedScopes":[]},"contributions":{},"includedScopes":[{"contributions":{},"includedScopes":[]},{"contributions":{},"includedScopes":[]},{"contributions":{},"includedScopes":[]},{"contributions":{},"includedScopes":[]},{"contributions":{},"includedScopes":[]}]},"contributions":{},"includedScopes":[]},"contributions":{},"includedScopes":[]},"contributions":{},"includedScopes":[]},"contributions":{},"includedScopes":[{"containerScope":{"containerScope":{"containerScope":{"contributions":{},"includedScopes":[]},"contributions":{},"includedScopes":[]},"contributions":{},"includedScopes":[]},"contributions":{},"includedScopes":[{"containerScope":{"containerScope":{"containerScope":{"contributions":{},"includedScopes":[]},"contributions":{},"includedScopes":[]},"contributions":{},"includedScopes":[]},"contributions":{},"includedScopes":[]}]},{"containerScope":{"containerScope":{"containerScope":{"contributions":{},"includedScopes":[]},"contributions":{},"includedScopes":[]},"contributions":{},"includedScopes":[]},"contributions":{},"includedScopes":[]}]},"contributions":{},"includedScopes":[]},"contributions":{},"includedScopes":[]},"contributions":{},"includedScopes":[]},"contributions":{},"includedScopes":[]},"contributions":{},"includedScopes":[]},"sourceMap":{"end":{"column":32,"line":29,"offset":1093},"start":{"column":26,"line":29,"offset":1087}}},"scope":{"containerScope":{"containerScope":{"containerScope":{"containerScope":{"containerScope":{"containerScope":{"containerScope":{"containerScope":{"containerScope":{"contributions":{},"includedScopes":[]},"contributions":{},"includedScopes":[{"contributions":{},"includedScopes":[]},{"contributions":{},"includedScopes":[]},{"contributions":{},"includedScopes":[]},{"contributions":{},"includedScopes":[]},{"contributions":{},"includedScopes":[]}]},"contributions":{},"includedScopes":[]},"contributions":{},"includedScopes":[]},"contributions":{},"includedScopes":[]},"contributions":{},"includedScopes":[{"containerScope":{"containerScope":{"containerScope":{"contributions":{},"includedScopes":[]},"contributions":{},"includedScopes":[]},"contributions":{},"includedScopes":[]},"contributions":{},"includedScopes":[{"containerScope":{"containerScope":{"containerScope":{"contributions":{},"includedScopes":[]},"contributions":{},"includedScopes":[]},"contributions":{},"includedScopes":[]},"contributions":{},"includedScopes":[]}]},{"containerScope":{"containerScope":{"containerScope":{"contributions":{},"includedScopes":[]},"contributions":{},"includedScopes":[]},"contributions":{},"includedScopes":[]},"contributions":{},"includedScopes":[]}]},"contributions":{},"includedScopes":[]},"contributions":{},"includedScopes":[]},"contributions":{},"includedScopes":[]},"contributions":{},"includedScopes":[]},"sourceMap":{"end":{"column":50,"line":29,"offset":1111},"start":{"column":26,"line":29,"offset":1087}}}}]},"id":"bff1c0a1-06bc-46c0-84b4-edaa75ad24db","isOverride":false,"metadata":[],"name":"<apply>","parameters":[],"scope":{"containerScope":{"containerScope":{"containerScope":{"containerScope":{"containerScope":{"containerScope":{"contributions":{},"includedScopes":[]},"contributions":{},"includedScopes":[{"contributions":{},"includedScopes":[]},{"contributions":{},"includedScopes":[]},{"contributions":{},"includedScopes":[]},{"contributions":{},"includedScopes":[]},{"contributions":{},"includedScopes":[]}]},"contributions":{},"includedScopes":[]},"contributions":{},"includedScopes":[]},"contributions":{},"includedScopes":[]},"contributions":{},"includedScopes":[{"containerScope":{"containerScope":{"containerScope":{"contributions":{},"includedScopes":[]},"contributions":{},"includedScopes":[]},"contributions":{},"includedScopes":[]},"contributions":{},"includedScopes":[{"containerScope":{"containerScope":{"containerScope":{"contributions":{},"includedScopes":[]},"contributions":{},"includedScopes":[]},"contributions":{},"includedScopes":[]},"contributions":{},"includedScopes":[]}]},{"containerScope":{"containerScope":{"containerScope":{"contributions":{},"includedScopes":[]},"contributions":{},"includedScopes":[]},"contributions":{},"includedScopes":[]},"contributions":{},"includedScopes":[]}]},"contributions":{},"includedScopes":[]}},{"id":"31cc1a58-27da-4e15-93ef-c2acb667cbec","isConstant":true,"isProperty":false,"metadata":[],"name":"<toString>","scope":{"containerScope":{"containerScope":{"containerScope":{"containerScope":{"containerScope":{"containerScope":{"contributions":{},"includedScopes":[]},"contributions":{},"includedScopes":[{"contributions":{},"includedScopes":[]},{"contributions":{},"includedScopes":[]},{"contributions":{},"includedScopes":[]},{"contributions":{},"includedScopes":[]},{"contributions":{},"includedScopes":[]}]},"contributions":{},"includedScopes":[]},"contributions":{},"includedScopes":[]},"contributions":{},"includedScopes":[]},"contributions":{},"includedScopes":[{"containerScope":{"containerScope":{"containerScope":{"contributions":{},"includedScopes":[]},"contributions":{},"includedScopes":[]},"contributions":{},"includedScopes":[]},"contributions":{},"includedScopes":[{"containerScope":{"containerScope":{"containerScope":{"contributions":{},"includedScopes":[]},"contributions":{},"includedScopes":[]},"contributions":{},"includedScopes":[]},"contributions":{},"includedScopes":[]}]},{"containerScope":{"containerScope":{"containerScope":{"contributions":{},"includedScopes":[]},"contributions":{},"includedScopes":[]},"contributions":{},"includedScopes":[]},"contributions":{},"includedScopes":[]}]},"contributions":{},"includedScopes":[]},"value":{"id":"97bd4d45-ba51-4b05-8c33-4c6679c6d8cb","metadata":[],"scope":{"containerScope":{"containerScope":{"containerScope":{"containerScope":{"containerScope":{"containerScope":{"containerScope":{"contributions":{},"includedScopes":[]},"contributions":{},"includedScopes":[{"contributions":{},"includedScopes":[]},{"contributions":{},"includedScopes":[]},{"contributions":{},"includedScopes":[]},{"contributions":{},"includedScopes":[]},{"contributions":{},"includedScopes":[]}]},"contributions":{},"includedScopes":[]},"contributions":{},"includedScopes":[]},"contributions":{},"includedScopes":[]},"contributions":{},"includedScopes":[{"containerScope":{"containerScope":{"containerScope":{"contributions":{},"includedScopes":[]},"contributions":{},"includedScopes":[]},"contributions":{},"includedScopes":[]},"contributions":{},"includedScopes":[{"containerScope":{"containerScope":{"containerScope":{"contributions":{},"includedScopes":[]},"contributions":{},"includedScopes":[]},"contributions":{},"includedScopes":[]},"contributions":{},"includedScopes":[]}]},{"containerScope":{"containerScope":{"containerScope":{"contributions":{},"includedScopes":[]},"contributions":{},"includedScopes":[]},"contributions":{},"includedScopes":[]},"contributions":{},"includedScopes":[]}]},"contributions":{},"includedScopes":[]},"contributions":{},"includedScopes":[]},"value":"{hector.colocarAspersor()}"}}],"metadata":[],"scope":{"containerScope":{"containerScope":{"containerScope":{"containerScope":{"containerScope":{"contributions":{},"includedScopes":[]},"contributions":{},"includedScopes":[{"contributions":{},"includedScopes":[]},{"contributions":{},"includedScopes":[]},{"contributions":{},"includedScopes":[]},{"contributions":{},"includedScopes":[]},{"contributions":{},"includedScopes":[]}]},"contributions":{},"includedScopes":[]},"contributions":{},"includedScopes":[]},"contributions":{},"includedScopes":[]},"contributions":{},"includedScopes":[{"containerScope":{"containerScope":{"containerScope":{"contributions":{},"includedScopes":[]},"contributions":{},"includedScopes":[]},"contributions":{},"includedScopes":[]},"contributions":{},"includedScopes":[{"containerScope":{"containerScope":{"containerScope":{"contributions":{},"includedScopes":[]},"contributions":{},"includedScopes":[]},"contributions":{},"includedScopes":[]},"contributions":{},"includedScopes":[]}]},{"containerScope":{"containerScope":{"containerScope":{"contributions":{},"includedScopes":[]},"contributions":{},"includedScopes":[]},"contributions":{},"includedScopes":[]},"contributions":{},"includedScopes":[]}]},"sourceMap":{"end":{"column":51,"line":29,"offset":1112},"start":{"column":25,"line":29,"offset":1086}},"supertypes":[{"args":[],"id":"0305fb06-c756-4699-90eb-34236c29f73f","metadata":[],"reference":{"id":"a163a341-ad12-4718-9b6a-af98b652b9d4","metadata":[],"name":"wollok.lang.Closure","scope":{"containerScope":{"containerScope":{"containerScope":{"containerScope":{"containerScope":{"containerScope":{"contributions":{},"includedScopes":[]},"contributions":{},"includedScopes":[{"contributions":{},"includedScopes":[]},{"contributions":{},"includedScopes":[]},{"contributions":{},"includedScopes":[]},{"contributions":{},"includedScopes":[]},{"contributions":{},"includedScopes":[]}]},"contributions":{},"includedScopes":[]},"contributions":{},"includedScopes":[]},"contributions":{},"includedScopes":[]},"contributions":{},"includedScopes":[{"containerScope":{"containerScope":{"containerScope":{"contributions":{},"includedScopes":[]},"contributions":{},"includedScopes":[]},"contributions":{},"includedScopes":[]},"contributions":{},"includedScopes":[{"containerScope":{"containerScope":{"containerScope":{"contributions":{},"includedScopes":[]},"contributions":{},"includedScopes":[]},"contributions":{},"includedScopes":[]},"contributions":{},"includedScopes":[]}]},{"containerScope":{"containerScope":{"containerScope":{"contributions":{},"includedScopes":[]},"contributions":{},"includedScopes":[]},"contributions":{},"includedScopes":[]},"contributions":{},"includedScopes":[]}]},"contributions":{},"includedScopes":[]}},"scope":{"containerScope":{"containerScope":{"containerScope":{"containerScope":{"containerScope":{"containerScope":{"contributions":{},"includedScopes":[]},"contributions":{},"includedScopes":[{"contributions":{},"includedScopes":[]},{"contributions":{},"includedScopes":[]},{"contributions":{},"includedScopes":[]},{"contributions":{},"includedScopes":[]},{"contributions":{},"includedScopes":[]}]},"contributions":{},"includedScopes":[]},"contributions":{},"includedScopes":[]},"contributions":{},"includedScopes":[]},"contributions":{},"includedScopes":[{"containerScope":{"containerScope":{"containerScope":{"contributions":{},"includedScopes":[]},"contributions":{},"includedScopes":[]},"contributions":{},"includedScopes":[]},"contributions":{},"includedScopes":[{"containerScope":{"containerScope":{"containerScope":{"contributions":{},"includedScopes":[]},"contributions":{},"includedScopes":[]},"contributions":{},"includedScopes":[]},"contributions":{},"includedScopes":[]}]},{"containerScope":{"containerScope":{"containerScope":{"contributions":{},"includedScopes":[]},"contributions":{},"includedScopes":[]},"contributions":{},"includedScopes":[]},"contributions":{},"includedScopes":[]}]},"contributions":{},"includedScopes":[]}}]}],"id":"a4cbc01b-8068-49fd-8582-17c2048ed186","message":"onPressDo","metadata":[],"receiver":{"args":[],"id":"2697e127-b934-4057-b6bb-0f265beaa691","message":"a","metadata":[],"receiver":{"id":"7043693a-05eb-4152-a950-a7c4a81aef2a","metadata":[],"name":"keyboard","scope":{"containerScope":{"containerScope":{"containerScope":{"containerScope":{"containerScope":{"containerScope":{"contributions":{},"includedScopes":[]},"contributions":{},"includedScopes":[{"contributions":{},"includedScopes":[]},{"contributions":{},"includedScopes":[]},{"contributions":{},"includedScopes":[]},{"contributions":{},"includedScopes":[]},{"contributions":{},"includedScopes":[]}]},"contributions":{},"includedScopes":[]},"contributions":{},"includedScopes":[]},"contributions":{},"includedScopes":[]},"contributions":{},"includedScopes":[]},"contributions":{},"includedScopes":[]},"sourceMap":{"end":{"column":10,"line":29,"offset":1071},"start":{"column":2,"line":29,"offset":1063}}},"scope":{"containerScope":{"containerScope":{"containerScope":{"containerScope":{"containerScope":{"contributions":{},"includedScopes":[]},"contributions":{},"includedScopes":[{"contributions":{},"includedScopes":[]},{"contributions":{},"includedScopes":[]},{"contributions":{},"includedScopes":[]},{"contributions":{},"includedScopes":[]},{"contributions":{},"includedScopes":[]}]},"contributions":{},"includedScopes":[]},"contributions":{},"includedScopes":[]},"contributions":{},"includedScopes":[]},"contributions":{},"includedScopes":[]},"sourceMap":{"end":{"column":14,"line":29,"offset":1075},"start":{"column":2,"line":29,"offset":1063}}},"scope":{"containerScope":{"containerScope":{"containerScope":{"containerScope":{"contributions":{},"includedScopes":[]},"contributions":{},"includedScopes":[{"contributions":{},"includedScopes":[]},{"contributions":{},"includedScopes":[]},{"contributions":{},"includedScopes":[]},{"contributions":{},"includedScopes":[]},{"contributions":{},"includedScopes":[]}]},"contributions":{},"includedScopes":[]},"contributions":{},"includedScopes":[]},"contributions":{},"includedScopes":[]},"sourceMap":{"end":{"column":52,"line":29,"offset":1113},"start":{"column":2,"line":29,"offset":1063}}},{"args":[],"id":"cae5204f-1f28-4f83-a664-df4a7db3ce10","message":"e","metadata":[],"receiver":{"id":"d31af0a6-6acf-4586-a206-76a57d085cf5","metadata":[],"name":"keyboard","scope":{"containerScope":{"containerScope":{"containerScope":{"containerScope":{"containerScope":{"contributions":{},"includedScopes":[]},"contributions":{},"includedScopes":[{"contributions":{},"includedScopes":[]},{"contributions":{},"includedScopes":[]},{"contributions":{},"includedScopes":[]},{"contributions":{},"includedScopes":[]},{"contributions":{},"includedScopes":[]}]},"contributions":{},"includedScopes":[]},"contributions":{},"includedScopes":[]},"contributions":{},"includedScopes":[]},"contributions":{},"includedScopes":[]},"sourceMap":{"end":{"column":10,"line":30,"offset":1123},"start":{"column":2,"line":30,"offset":1115}}},"scope":{"containerScope":{"containerScope":{"containerScope":{"containerScope":{"contributions":{},"includedScopes":[]},"contributions":{},"includedScopes":[{"contributions":{},"includedScopes":[]},{"contributions":{},"includedScopes":[]},{"contributions":{},"includedScopes":[]},{"contributions":{},"includedScopes":[]},{"contributions":{},"includedScopes":[]}]},"contributions":{},"includedScopes":[]},"contributions":{},"includedScopes":[]},"contributions":{},"includedScopes":[]},"sourceMap":{"end":{"column":14,"line":30,"offset":1127},"start":{"column":2,"line":30,"offset":1115}}},{"args":[{"id":"e9d8a12b-decf-402d-80ad-1607bce535e5","metadata":[],"name":"hector","scope":{"containerScope":{"containerScope":{"containerScope":{"containerScope":{"containerScope":{"contributions":{},"includedScopes":[]},"contributions":{},"includedScopes":[{"contributions":{},"includedScopes":[]},{"contributions":{},"includedScopes":[]},{"contributions":{},"includedScopes":[]},{"contributions":{},"includedScopes":[]},{"contributions":{},"includedScopes":[]}]},"contributions":{},"includedScopes":[]},"contributions":{},"includedScopes":[]},"contributions":{},"includedScopes":[]},"contributions":{},"includedScopes":[]},"sourceMap":{"end":{"column":24,"line":35,"offset":1246},"start":{"column":18,"line":35,"offset":1240}}}],"id":"3fde3273-b74a-4ff2-8210-238cc4e330af","message":"addVisual","metadata":[{"args":{"position":"end","text":"//game.addVisual(mercado1)"},"name":"comment"}],"receiver":{"id":"ee577bdf-2969-4201-ae55-c2259e2cd4f1","metadata":[{"args":{"position":"start","text":"//keyboard.a().onPressDo({hector.venderMercaderia()})"},"name":"comment"}],"name":"game","scope":{"containerScope":{"containerScope":{"containerScope":{"containerScope":{"containerScope":{"contributions":{},"includedScopes":[]},"contributions":{},"includedScopes":[{"contributions":{},"includedScopes":[]},{"contributions":{},"includedScopes":[]},{"contributions":{},"includedScopes":[]},{"contributions":{},"includedScopes":[]},{"contributions":{},"includedScopes":[]}]},"contributions":{},"includedScopes":[]},"contributions":{},"includedScopes":[]},"contributions":{},"includedScopes":[]},"contributions":{},"includedScopes":[]},"sourceMap":{"end":{"column":7,"line":35,"offset":1229},"start":{"column":3,"line":35,"offset":1225}}},"scope":{"containerScope":{"containerScope":{"containerScope":{"containerScope":{"contributions":{},"includedScopes":[]},"contributions":{},"includedScopes":[{"contributions":{},"includedScopes":[]},{"contributions":{},"includedScopes":[]},{"contributions":{},"includedScopes":[]},{"contributions":{},"includedScopes":[]},{"contributions":{},"includedScopes":[]}]},"contributions":{},"includedScopes":[]},"contributions":{},"includedScopes":[]},"contributions":{},"includedScopes":[]},"sourceMap":{"end":{"column":25,"line":35,"offset":1247},"start":{"column":2,"line":32,"offset":1164}}},{"args":[],"id":"9245f6e7-5854-47b6-8bcd-36cb647692f1","message":"start","metadata":[],"receiver":{"id":"42a19405-f986-40df-8e28-60eae6a476bb","metadata":[{"args":{"position":"start","text":"//game.addVisual(mercado2)"},"name":"comment"},{"args":{"position":"start","text":"//game.addVisual(mercado3) \t"},"name":"comment"}],"name":"game","scope":{"containerScope":{"containerScope":{"containerScope":{"containerScope":{"containerScope":{"contributions":{},"includedScopes":[]},"contributions":{},"includedScopes":[{"contributions":{},"includedScopes":[]},{"contributions":{},"includedScopes":[]},{"contributions":{},"includedScopes":[]},{"contributions":{},"includedScopes":[]},{"contributions":{},"includedScopes":[]}]},"contributions":{},"includedScopes":[]},"contributions":{},"includedScopes":[]},"contributions":{},"includedScopes":[]},"contributions":{},"includedScopes":[]},"sourceMap":{"end":{"column":6,"line":40,"offset":1340},"start":{"column":2,"line":40,"offset":1336}}},"scope":{"containerScope":{"containerScope":{"containerScope":{"containerScope":{"contributions":{},"includedScopes":[]},"contributions":{},"includedScopes":[{"contributions":{},"includedScopes":[]},{"contributions":{},"includedScopes":[]},{"contributions":{},"includedScopes":[]},{"contributions":{},"includedScopes":[]},{"contributions":{},"includedScopes":[]}]},"contributions":{},"includedScopes":[]},"contributions":{},"includedScopes":[]},"contributions":{},"includedScopes":[]},"sourceMap":{"end":{"column":14,"line":40,"offset":1348},"start":{"column":2,"line":37,"offset":1277}}}],"sourceMap":{"end":{"column":2,"line":41,"offset":1350},"start":{"column":19,"line":11,"offset":323}}},"stack":"Error: Failed to print, found malformed node\n    at /home/felipe/.vscode/extensions/uqbar.wollok-lsp-ide-0.3.6/out/server/src/server.js:68:3533\n    at /home/felipe/.vscode/extensions/uqbar.wollok-lsp-ide-0.3.6/out/server/src/server.js:68:4962\n    at /home/felipe/.vscode/extensions/uqbar.wollok-lsp-ide-0.3.6/out/server/src/server.js:38:6056\n    at /home/felipe/.vscode/extensions/uqbar.wollok-lsp-ide-0.3.6/out/server/src/server.js:68:3612\n    at aln (/home/felipe/.vscode/extensions/uqbar.wollok-lsp-ide-0.3.6/out/server/src/server.js:68:3344)\n    at /home/felipe/.vscode/extensions/uqbar.wollok-lsp-ide-0.3.6/out/server/src/server.js:2285:847\n    at /home/felipe/.vscode/extensions/uqbar.wollok-lsp-ide-0.3.6/out/server/src/server.js:2298:3774\n    at /home/felipe/.vscode/extensions/uqbar.wollok-lsp-ide-0.3.6/out/server/src/server.js:37:74770\n    at Fe (/home/felipe/.vscode/extensions/uqbar.wollok-lsp-ide-0.3.6/out/server/src/server.js:7:8527)\n    at Pt (/home/felipe/.vscode/extensions/uqbar.wollok-lsp-ide-0.3.6/out/server/src/server.js:7:6189)","timestamp":"2024-10-11T12:35:59.620Z"}
{"level":"error","message":"✘ Failed to get type description: Error: Failed to print, found malformed node Failed to print, found malformed node","node":{"id":"c6da4caf-cb1c-4f3f-a7e4-d5292bcdb36c","metadata":[],"problems":[{"code":"malformedSentence","sourceMap":{"end":{"column":0,"line":31,"offset":1162},"start":{"column":14,"line":30,"offset":1127}}}],"scope":{"containerScope":{"containerScope":{"containerScope":{"contributions":{},"includedScopes":[]},"contributions":{},"includedScopes":[{"contributions":{},"includedScopes":[]},{"contributions":{},"includedScopes":[]},{"contributions":{},"includedScopes":[]},{"contributions":{},"includedScopes":[]},{"contributions":{},"includedScopes":[]}]},"contributions":{},"includedScopes":[]},"contributions":{},"includedScopes":[]},"sentences":[{"args":[{"id":"4725fd64-e9d9-4b81-8132-32bd1951c075","metadata":[],"scope":{"containerScope":{"containerScope":{"containerScope":{"containerScope":{"containerScope":{"contributions":{},"includedScopes":[]},"contributions":{},"includedScopes":[{"contributions":{},"includedScopes":[]},{"contributions":{},"includedScopes":[]},{"contributions":{},"includedScopes":[]},{"contributions":{},"includedScopes":[]},{"contributions":{},"includedScopes":[]}]},"contributions":{},"includedScopes":[]},"contributions":{},"includedScopes":[]},"contributions":{},"includedScopes":[]},"contributions":{},"includedScopes":[]},"sourceMap":{"end":{"column":34,"line":13,"offset":361},"start":{"column":13,"line":13,"offset":340}},"value":"La granja de Héctor"}],"id":"a9a7e405-fa34-4ac3-bebd-a95d1d6841cb","message":"title","metadata":[],"receiver":{"id":"c6d1f72c-6b90-47ce-8562-005fda7f7277","metadata":[],"name":"game","scope":{"containerScope":{"containerScope":{"containerScope":{"containerScope":{"containerScope":{"contributions":{},"includedScopes":[]},"contributions":{},"includedScopes":[{"contributions":{},"includedScopes":[]},{"contributions":{},"includedScopes":[]},{"contributions":{},"includedScopes":[]},{"contributions":{},"includedScopes":[]},{"contributions":{},"includedScopes":[]}]},"contributions":{},"includedScopes":[]},"contributions":{},"includedScopes":[]},"contributions":{},"includedScopes":[]},"contributions":{},"includedScopes":[]},"sourceMap":{"end":{"column":6,"line":13,"offset":333},"start":{"column":2,"line":13,"offset":329}}},"scope":{"containerScope":{"containerScope":{"containerScope":{"containerScope":{"contributions":{},"includedScopes":[]},"contributions":{},"includedScopes":[{"contributions":{},"includedScopes":[]},{"contributions":{},"includedScopes":[]},{"contributions":{},"includedScopes":[]},{"contributions":{},"includedScopes":[]},{"contributions":{},"includedScopes":[]}]},"contributions":{},"includedScopes":[]},"contributions":{},"includedScopes":[]},"contributions":{},"includedScopes":[]},"sourceMap":{"end":{"column":35,"line":13,"offset":362},"start":{"column":2,"line":13,"offset":329}}},{"args":[{"id":"fcfb9a51-12ea-4af6-8e45-dbc36d8cabeb","metadata":[],"scope":{"containerScope":{"containerScope":{"containerScope":{"containerScope":{"containerScope":{"contributions":{},"includedScopes":[]},"contributions":{},"includedScopes":[{"contributions":{},"includedScopes":[]},{"contributions":{},"includedScopes":[]},{"contributions":{},"includedScopes":[]},{"contributions":{},"includedScopes":[]},{"contributions":{},"includedScopes":[]}]},"contributions":{},"includedScopes":[]},"contributions":{},"includedScopes":[]},"contributions":{},"includedScopes":[]},"contributions":{},"includedScopes":[]},"sourceMap":{"end":{"column":16,"line":14,"offset":378},"start":{"column":14,"line":14,"offset":376}},"value":10}],"id":"d76d9460-fb32-489f-a0f4-19bc7ace9309","message":"height","metadata":[],"receiver":{"id":"b96bde88-b4bb-4538-ab74-bcf87add715f","metadata":[],"name":"game","scope":{"containerScope":{"containerScope":{"containerScope":{"containerScope":{"containerScope":{"contributions":{},"includedScopes":[]},"contributions":{},"includedScopes":[{"contributions":{},"includedScopes":[]},{"contributions":{},"includedScopes":[]},{"contributions":{},"includedScopes":[]},{"contributions":{},"includedScopes":[]},{"contributions":{},"includedScopes":[]}]},"contributions":{},"includedScopes":[]},"contributions":{},"includedScopes":[]},"contributions":{},"includedScopes":[]},"contributions":{},"includedScopes":[]},"sourceMap":{"end":{"column":6,"line":14,"offset":368},"start":{"column":2,"line":14,"offset":364}}},"scope":{"containerScope":{"containerScope":{"containerScope":{"containerScope":{"contributions":{},"includedScopes":[]},"contributions":{},"includedScopes":[{"contributions":{},"includedScopes":[]},{"contributions":{},"includedScopes":[]},{"contributions":{},"includedScopes":[]},{"contributions":{},"includedScopes":[]},{"contributions":{},"includedScopes":[]}]},"contributions":{},"includedScopes":[]},"contributions":{},"includedScopes":[]},"contributions":{},"includedScopes":[]},"sourceMap":{"end":{"column":17,"line":14,"offset":379},"start":{"column":2,"line":14,"offset":364}}},{"args":[{"id":"5c106b12-ec3a-4da6-8921-00e38fca6347","metadata":[],"scope":{"containerScope":{"containerScope":{"containerScope":{"containerScope":{"containerScope":{"contributions":{},"includedScopes":[]},"contributions":{},"includedScopes":[{"contributions":{},"includedScopes":[]},{"contributions":{},"includedScopes":[]},{"contributions":{},"includedScopes":[]},{"contributions":{},"includedScopes":[]},{"contributions":{},"includedScopes":[]}]},"contributions":{},"includedScopes":[]},"contributions":{},"includedScopes":[]},"contributions":{},"includedScopes":[]},"contributions":{},"includedScopes":[]},"sourceMap":{"end":{"column":15,"line":15,"offset":394},"start":{"column":13,"line":15,"offset":392}},"value":10}],"id":"668a24c3-5638-46b2-a6a4-2c4c3c93b1f3","message":"width","metadata":[],"receiver":{"id":"cce49d53-7f8a-4343-8798-4ea0f08cdc88","metadata":[],"name":"game","scope":{"containerScope":{"containerScope":{"containerScope":{"containerScope":{"containerScope":{"contributions":{},"includedScopes":[]},"contributions":{},"includedScopes":[{"contributions":{},"includedScopes":[]},{"contributions":{},"includedScopes":[]},{"contributions":{},"includedScopes":[]},{"contributions":{},"includedScopes":[]},{"contributions":{},"includedScopes":[]}]},"contributions":{},"includedScopes":[]},"contributions":{},"includedScopes":[]},"contributions":{},"includedScopes":[]},"contributions":{},"includedScopes":[]},"sourceMap":{"end":{"column":6,"line":15,"offset":385},"start":{"column":2,"line":15,"offset":381}}},"scope":{"containerScope":{"containerScope":{"containerScope":{"containerScope":{"contributions":{},"includedScopes":[]},"contributions":{},"includedScopes":[{"contributions":{},"includedScopes":[]},{"contributions":{},"includedScopes":[]},{"contributions":{},"includedScopes":[]},{"contributions":{},"includedScopes":[]},{"contributions":{},"includedScopes":[]}]},"contributions":{},"includedScopes":[]},"contributions":{},"includedScopes":[]},"contributions":{},"includedScopes":[]},"sourceMap":{"end":{"column":16,"line":15,"offset":395},"start":{"column":2,"line":15,"offset":381}}},{"args":[{"id":"a1fb8906-c212-400c-8c50-c8b089ccf2ce","metadata":[],"scope":{"containerScope":{"containerScope":{"containerScope":{"containerScope":{"containerScope":{"contributions":{},"includedScopes":[]},"contributions":{},"includedScopes":[{"contributions":{},"includedScopes":[]},{"contributions":{},"includedScopes":[]},{"contributions":{},"includedScopes":[]},{"contributions":{},"includedScopes":[]},{"contributions":{},"includedScopes":[]}]},"contributions":{},"includedScopes":[]},"contributions":{},"includedScopes":[]},"contributions":{},"includedScopes":[]},"contributions":{},"includedScopes":[]},"sourceMap":{"end":{"column":26,"line":16,"offset":421},"start":{"column":14,"line":16,"offset":409}},"value":"ground.png"}],"id":"13411346-efb9-4cb0-998f-5b87104f8e9d","message":"ground","metadata":[],"receiver":{"id":"5e899c83-a9d2-45d6-afb4-db84bbf93b77","metadata":[],"name":"game","scope":{"containerScope":{"containerScope":{"containerScope":{"containerScope":{"containerScope":{"contributions":{},"includedScopes":[]},"contributions":{},"includedScopes":[{"contributions":{},"includedScopes":[]},{"contributions":{},"includedScopes":[]},{"contributions":{},"includedScopes":[]},{"contributions":{},"includedScopes":[]},{"contributions":{},"includedScopes":[]}]},"contributions":{},"includedScopes":[]},"contributions":{},"includedScopes":[]},"contributions":{},"includedScopes":[]},"contributions":{},"includedScopes":[]},"sourceMap":{"end":{"column":6,"line":16,"offset":401},"start":{"column":2,"line":16,"offset":397}}},"scope":{"containerScope":{"containerScope":{"containerScope":{"containerScope":{"contributions":{},"includedScopes":[]},"contributions":{},"includedScopes":[{"contributions":{},"includedScopes":[]},{"contributions":{},"includedScopes":[]},{"contributions":{},"includedScopes":[]},{"contributions":{},"includedScopes":[]},{"contributions":{},"includedScopes":[]}]},"contributions":{},"includedScopes":[]},"contributions":{},"includedScopes":[]},"contributions":{},"includedScopes":[]},"sourceMap":{"end":{"column":27,"line":16,"offset":422},"start":{"column":2,"line":16,"offset":397}}},{"args":[{"id":"acac04b4-3ddc-40d2-9d8f-f4fef0225aba","members":[{"body":{"id":"e709bc27-785e-4416-9e16-91c46f667dbc","metadata":[],"scope":{"containerScope":{"containerScope":{"containerScope":{"containerScope":{"containerScope":{"containerScope":{"containerScope":{"contributions":{},"includedScopes":[]},"contributions":{},"includedScopes":[{"contributions":{},"includedScopes":[]},{"contributions":{},"includedScopes":[]},{"contributions":{},"includedScopes":[]},{"contributions":{},"includedScopes":[]},{"contributions":{},"includedScopes":[]}]},"contributions":{},"includedScopes":[]},"contributions":{},"includedScopes":[]},"contributions":{},"includedScopes":[]},"contributions":{},"includedScopes":[{"containerScope":{"containerScope":{"containerScope":{"contributions":{},"includedScopes":[]},"contributions":{},"includedScopes":[]},"contributions":{},"includedScopes":[]},"contributions":{},"includedScopes":[{"containerScope":{"containerScope":{"containerScope":{"contributions":{},"includedScopes":[]},"contributions":{},"includedScopes":[]},"contributions":{},"includedScopes":[]},"contributions":{},"includedScopes":[]}]},{"containerScope":{"containerScope":{"containerScope":{"contributions":{},"includedScopes":[]},"contributions":{},"includedScopes":[]},"contributions":{},"includedScopes":[]},"contributions":{},"includedScopes":[]}]},"contributions":{},"includedScopes":[]},"contributions":{},"includedScopes":[]},"sentences":[{"id":"09a41aa4-7462-4436-95ff-5e899b9e68e6","metadata":[],"scope":{"containerScope":{"containerScope":{"containerScope":{"containerScope":{"containerScope":{"containerScope":{"containerScope":{"containerScope":{"contributions":{},"includedScopes":[]},"contributions":{},"includedScopes":[{"contributions":{},"includedScopes":[]},{"contributions":{},"includedScopes":[]},{"contributions":{},"includedScopes":[]},{"contributions":{},"includedScopes":[]},{"contributions":{},"includedScopes":[]}]},"contributions":{},"includedScopes":[]},"contributions":{},"includedScopes":[]},"contributions":{},"includedScopes":[]},"contributions":{},"includedScopes":[{"containerScope":{"containerScope":{"containerScope":{"contributions":{},"includedScopes":[]},"contributions":{},"includedScopes":[]},"contributions":{},"includedScopes":[]},"contributions":{},"includedScopes":[{"containerScope":{"containerScope":{"containerScope":{"contributions":{},"includedScopes":[]},"contributions":{},"includedScopes":[]},"contributions":{},"includedScopes":[]},"contributions":{},"includedScopes":[]}]},{"containerScope":{"containerScope":{"containerScope":{"contributions":{},"includedScopes":[]},"contributions":{},"includedScopes":[]},"contributions":{},"includedScopes":[]},"contributions":{},"includedScopes":[]}]},"contributions":{},"includedScopes":[]},"contributions":{},"includedScopes":[]},"contributions":{},"includedScopes":[]},"value":{"args":[{"id":"caa0da2e-19b7-404b-a43a-1579739a5a7d","metadata":[],"name":"arriba","scope":{"containerScope":{"containerScope":{"containerScope":{"containerScope":{"containerScope":{"containerScope":{"containerScope":{"containerScope":{"containerScope":{"containerScope":{"contributions":{},"includedScopes":[]},"contributions":{},"includedScopes":[{"contributions":{},"includedScopes":[]},{"contributions":{},"includedScopes":[]},{"contributions":{},"includedScopes":[]},{"contributions":{},"includedScopes":[]},{"contributions":{},"includedScopes":[]}]},"contributions":{},"includedScopes":[]},"contributions":{},"includedScopes":[]},"contributions":{},"includedScopes":[]},"contributions":{},"includedScopes":[{"containerScope":{"containerScope":{"containerScope":{"contributions":{},"includedScopes":[]},"contributions":{},"includedScopes":[]},"contributions":{},"includedScopes":[]},"contributions":{},"includedScopes":[{"containerScope":{"containerScope":{"containerScope":{"contributions":{},"includedScopes":[]},"contributions":{},"includedScopes":[]},"contributions":{},"includedScopes":[]},"contributions":{},"includedScopes":[]}]},{"containerScope":{"containerScope":{"containerScope":{"contributions":{},"includedScopes":[]},"contributions":{},"includedScopes":[]},"contributions":{},"includedScopes":[]},"contributions":{},"includedScopes":[]}]},"contributions":{},"includedScopes":[]},"contributions":{},"includedScopes":[]},"contributions":{},"includedScopes":[]},"contributions":{},"includedScopes":[]},"contributions":{},"includedScopes":[]},"sourceMap":{"end":{"column":46,"line":18,"offset":469},"start":{"column":40,"line":18,"offset":463}}}],"id":"1f1fde6d-72ee-4316-8923-7dd55975063e","message":"mover","metadata":[],"receiver":{"id":"0d927d15-6f64-422e-8371-596fdc3b3627","metadata":[],"name":"hector","scope":{"containerScope":{"containerScope":{"containerScope":{"containerScope":{"containerScope":{"containerScope":{"containerScope":{"containerScope":{"containerScope":{"containerScope":{"contributions":{},"includedScopes":[]},"contributions":{},"includedScopes":[{"contributions":{},"includedScopes":[]},{"contributions":{},"includedScopes":[]},{"contributions":{},"includedScopes":[]},{"contributions":{},"includedScopes":[]},{"contributions":{},"includedScopes":[]}]},"contributions":{},"includedScopes":[]},"contributions":{},"includedScopes":[]},"contributions":{},"includedScopes":[]},"contributions":{},"includedScopes":[{"containerScope":{"containerScope":{"containerScope":{"contributions":{},"includedScopes":[]},"contributions":{},"includedScopes":[]},"contributions":{},"includedScopes":[]},"contributions":{},"includedScopes":[{"containerScope":{"containerScope":{"containerScope":{"contributions":{},"includedScopes":[]},"contributions":{},"includedScopes":[]},"contributions":{},"includedScopes":[]},"contributions":{},"includedScopes":[]}]},{"containerScope":{"containerScope":{"containerScope":{"contributions":{},"includedScopes":[]},"contributions":{},"includedScopes":[]},"contributions":{},"includedScopes":[]},"contributions":{},"includedScopes":[]}]},"contributions":{},"includedScopes":[]},"contributions":{},"includedScopes":[]},"contributions":{},"includedScopes":[]},"contributions":{},"includedScopes":[]},"contributions":{},"includedScopes":[]},"sourceMap":{"end":{"column":33,"line":18,"offset":456},"start":{"column":27,"line":18,"offset":450}}},"scope":{"containerScope":{"containerScope":{"containerScope":{"containerScope":{"containerScope":{"containerScope":{"containerScope":{"containerScope":{"containerScope":{"contributions":{},"includedScopes":[]},"contributions":{},"includedScopes":[{"contributions":{},"includedScopes":[]},{"contributions":{},"includedScopes":[]},{"contributions":{},"includedScopes":[]},{"contributions":{},"includedScopes":[]},{"contributions":{},"includedScopes":[]}]},"contributions":{},"includedScopes":[]},"contributions":{},"includedScopes":[]},"contributions":{},"includedScopes":[]},"contributions":{},"includedScopes":[{"containerScope":{"containerScope":{"containerScope":{"contributions":{},"includedScopes":[]},"contributions":{},"includedScopes":[]},"contributions":{},"includedScopes":[]},"contributions":{},"includedScopes":[{"containerScope":{"containerScope":{"containerScope":{"contributions":{},"includedScopes":[]},"contributions":{},"includedScopes":[]},"contributions":{},"includedScopes":[]},"contributions":{},"includedScopes":[]}]},{"containerScope":{"containerScope":{"containerScope":{"contributions":{},"includedScopes":[]},"contributions":{},"includedScopes":[]},"contributions":{},"includedScopes":[]},"contributions":{},"includedScopes":[]}]},"contributions":{},"includedScopes":[]},"contributions":{},"includedScopes":[]},"contributions":{},"includedScopes":[]},"contributions":{},"includedScopes":[]},"sourceMap":{"end":{"column":47,"line":18,"offset":470},"start":{"column":27,"line":18,"offset":450}}}}]},"id":"d3c5ff68-eb35-47ee-9ae7-a1ee0e6289ce","isOverride":false,"metadata":[],"name":"<apply>","parameters":[],"scope":{"containerScope":{"containerScope":{"containerScope":{"containerScope":{"containerScope":{"containerScope":{"contributions":{},"includedScopes":[]},"contributions":{},"includedScopes":[{"contributions":{},"includedScopes":[]},{"contributions":{},"includedScopes":[]},{"contributions":{},"includedScopes":[]},{"contributions":{},"includedScopes":[]},{"contributions":{},"includedScopes":[]}]},"contributions":{},"includedScopes":[]},"contributions":{},"includedScopes":[]},"contributions":{},"includedScopes":[]},"contributions":{},"includedScopes":[{"containerScope":{"containerScope":{"containerScope":{"contributions":{},"includedScopes":[]},"contributions":{},"includedScopes":[]},"contributions":{},"includedScopes":[]},"contributions":{},"includedScopes":[{"containerScope":{"containerScope":{"containerScope":{"contributions":{},"includedScopes":[]},"contributions":{},"includedScopes":[]},"contributions":{},"includedScopes":[]},"contributions":{},"includedScopes":[]}]},{"containerScope":{"containerScope":{"containerScope":{"contributions":{},"includedScopes":[]},"contributions":{},"includedScopes":[]},"contributions":{},"includedScopes":[]},"contributions":{},"includedScopes":[]}]},"contributions":{},"includedScopes":[]}},{"id":"a354c316-1261-4998-b174-06a3d1f5a0b0","isConstant":true,"isProperty":false,"metadata":[],"name":"<toString>","scope":{"containerScope":{"containerScope":{"containerScope":{"containerScope":{"containerScope":{"containerScope":{"contributions":{},"includedScopes":[]},"contributions":{},"includedScopes":[{"contributions":{},"includedScopes":[]},{"contributions":{},"includedScopes":[]},{"contributions":{},"includedScopes":[]},{"contributions":{},"includedScopes":[]},{"contributions":{},"includedScopes":[]}]},"contributions":{},"includedScopes":[]},"contributions":{},"includedScopes":[]},"contributions":{},"includedScopes":[]},"contributions":{},"includedScopes":[{"containerScope":{"containerScope":{"containerScope":{"contributions":{},"includedScopes":[]},"contributions":{},"includedScopes":[]},"contributions":{},"includedScopes":[]},"contributions":{},"includedScopes":[{"containerScope":{"containerScope":{"containerScope":{"contributions":{},"includedScopes":[]},"contributions":{},"includedScopes":[]},"contributions":{},"includedScopes":[]},"contributions":{},"includedScopes":[]}]},{"containerScope":{"containerScope":{"containerScope":{"contributions":{},"includedScopes":[]},"contributions":{},"includedScopes":[]},"contributions":{},"includedScopes":[]},"contributions":{},"includedScopes":[]}]},"contributions":{},"includedScopes":[]},"value":{"id":"a2f6bf2a-2c37-4a65-b4d9-acdc9e25a0b0","metadata":[],"scope":{"containerScope":{"containerScope":{"containerScope":{"containerScope":{"containerScope":{"containerScope":{"containerScope":{"contributions":{},"includedScopes":[]},"contributions":{},"includedScopes":[{"contributions":{},"includedScopes":[]},{"contributions":{},"includedScopes":[]},{"contributions":{},"includedScopes":[]},{"contributions":{},"includedScopes":[]},{"contributions":{},"includedScopes":[]}]},"contributions":{},"includedScopes":[]},"contributions":{},"includedScopes":[]},"contributions":{},"includedScopes":[]},"contributions":{},"includedScopes":[{"containerScope":{"containerScope":{"containerScope":{"contributions":{},"includedScopes":[]},"contributions":{},"includedScopes":[]},"contributions":{},"includedScopes":[]},"contributions":{},"includedScopes":[{"containerScope":{"containerScope":{"containerScope":{"contributions":{},"includedScopes":[]},"contributions":{},"includedScopes":[]},"contributions":{},"includedScopes":[]},"contributions":{},"includedScopes":[]}]},{"containerScope":{"containerScope":{"containerScope":{"contributions":{},"includedScopes":[]},"contributions":{},"includedScopes":[]},"contributions":{},"includedScopes":[]},"contributions":{},"includedScopes":[]}]},"contributions":{},"includedScopes":[]},"contributions":{},"includedScopes":[]},"value":"{hector.mover(arriba)}"}}],"metadata":[],"scope":{"containerScope":{"containerScope":{"containerScope":{"containerScope":{"containerScope":{"contributions":{},"includedScopes":[]},"contributions":{},"includedScopes":[{"contributions":{},"includedScopes":[]},{"contributions":{},"includedScopes":[]},{"contributions":{},"includedScopes":[]},{"contributions":{},"includedScopes":[]},{"contributions":{},"includedScopes":[]}]},"contributions":{},"includedScopes":[]},"contributions":{},"includedScopes":[]},"contributions":{},"includedScopes":[]},"contributions":{},"includedScopes":[{"containerScope":{"containerScope":{"containerScope":{"contributions":{},"includedScopes":[]},"contributions":{},"includedScopes":[]},"contributions":{},"includedScopes":[]},"contributions":{},"includedScopes":[{"containerScope":{"containerScope":{"containerScope":{"contributions":{},"includedScopes":[]},"contributions":{},"includedScopes":[]},"contributions":{},"includedScopes":[]},"contributions":{},"includedScopes":[]}]},{"containerScope":{"containerScope":{"containerScope":{"contributions":{},"includedScopes":[]},"contributions":{},"includedScopes":[]},"contributions":{},"includedScopes":[]},"contributions":{},"includedScopes":[]}]},"sourceMap":{"end":{"column":48,"line":18,"offset":471},"start":{"column":26,"line":18,"offset":449}},"supertypes":[{"args":[],"id":"436561aa-6e74-4037-9db7-ee8f5676fd89","metadata":[],"reference":{"id":"e32101d8-ba01-4dc8-a787-999f817c13ee","metadata":[],"name":"wollok.lang.Closure","scope":{"containerScope":{"containerScope":{"containerScope":{"containerScope":{"containerScope":{"containerScope":{"contributions":{},"includedScopes":[]},"contributions":{},"includedScopes":[{"contributions":{},"includedScopes":[]},{"contributions":{},"includedScopes":[]},{"contributions":{},"includedScopes":[]},{"contributions":{},"includedScopes":[]},{"contributions":{},"includedScopes":[]}]},"contributions":{},"includedScopes":[]},"contributions":{},"includedScopes":[]},"contributions":{},"includedScopes":[]},"contributions":{},"includedScopes":[{"containerScope":{"containerScope":{"containerScope":{"contributions":{},"includedScopes":[]},"contributions":{},"includedScopes":[]},"contributions":{},"includedScopes":[]},"contributions":{},"includedScopes":[{"containerScope":{"containerScope":{"containerScope":{"contributions":{},"includedScopes":[]},"contributions":{},"includedScopes":[]},"contributions":{},"includedScopes":[]},"contributions":{},"includedScopes":[]}]},{"containerScope":{"containerScope":{"containerScope":{"contributions":{},"includedScopes":[]},"contributions":{},"includedScopes":[]},"contributions":{},"includedScopes":[]},"contributions":{},"includedScopes":[]}]},"contributions":{},"includedScopes":[]}},"scope":{"containerScope":{"containerScope":{"containerScope":{"containerScope":{"containerScope":{"containerScope":{"contributions":{},"includedScopes":[]},"contributions":{},"includedScopes":[{"contributions":{},"includedScopes":[]},{"contributions":{},"includedScopes":[]},{"contributions":{},"includedScopes":[]},{"contributions":{},"includedScopes":[]},{"contributions":{},"includedScopes":[]}]},"contributions":{},"includedScopes":[]},"contributions":{},"includedScopes":[]},"contributions":{},"includedScopes":[]},"contributions":{},"includedScopes":[{"containerScope":{"containerScope":{"containerScope":{"contributions":{},"includedScopes":[]},"contributions":{},"includedScopes":[]},"contributions":{},"includedScopes":[]},"contributions":{},"includedScopes":[{"containerScope":{"containerScope":{"containerScope":{"contributions":{},"includedScopes":[]},"contributions":{},"includedScopes":[]},"contributions":{},"includedScopes":[]},"contributions":{},"includedScopes":[]}]},{"containerScope":{"containerScope":{"containerScope":{"contributions":{},"includedScopes":[]},"contributions":{},"includedScopes":[]},"contributions":{},"includedScopes":[]},"contributions":{},"includedScopes":[]}]},"contributions":{},"includedScopes":[]}}]}],"id":"916be613-e370-484d-9cb6-f52c1808f517","message":"onPressDo","metadata":[],"receiver":{"args":[],"id":"7f6aa0db-a549-4161-96d3-92371c46aa8e","message":"up","metadata":[],"receiver":{"id":"addc6c0b-8e45-45dc-9ac9-e30e20b61a22","metadata":[],"name":"keyboard","scope":{"containerScope":{"containerScope":{"containerScope":{"containerScope":{"containerScope":{"containerScope":{"contributions":{},"includedScopes":[]},"contributions":{},"includedScopes":[{"contributions":{},"includedScopes":[]},{"contributions":{},"includedScopes":[]},{"contributions":{},"includedScopes":[]},{"contributions":{},"includedScopes":[]},{"contributions":{},"includedScopes":[]}]},"contributions":{},"includedScopes":[]},"contributions":{},"includedScopes":[]},"contributions":{},"includedScopes":[]},"contributions":{},"includedScopes":[]},"contributions":{},"includedScopes":[]},"sourceMap":{"end":{"column":10,"line":18,"offset":433},"start":{"column":2,"line":18,"offset":425}}},"scope":{"containerScope":{"containerScope":{"containerScope":{"containerScope":{"containerScope":{"contributions":{},"includedScopes":[]},"contributions":{},"includedScopes":[{"contributions":{},"includedScopes":[]},{"contributions":{},"includedScopes":[]},{"contributions":{},"includedScopes":[]},{"contributions":{},"includedScopes":[]},{"contributions":{},"includedScopes":[]}]},"contributions":{},"includedScopes":[]},"contributions":{},"includedScopes":[]},"contributions":{},"includedScopes":[]},"contributions":{},"includedScopes":[]},"sourceMap":{"end":{"column":15,"line":18,"offset":438},"start":{"column":2,"line":18,"offset":425}}},"scope":{"containerScope":{"containerScope":{"containerScope":{"containerScope":{"contributions":{},"includedScopes":[]},"contributions":{},"includedScopes":[{"contributions":{},"includedScopes":[]},{"contributions":{},"includedScopes":[]},{"contributions":{},"includedScopes":[]},{"contributions":{},"includedScopes":[]},{"contributions":{},"includedScopes":[]}]},"contributions":{},"includedScopes":[]},"contributions":{},"includedScopes":[]},"contributions":{},"includedScopes":[]},"sourceMap":{"end":{"column":49,"line":18,"offset":472},"start":{"column":2,"line":18,"offset":425}}},{"args":[{"id":"1fb56180-2525-46a7-ba2d-2498bebd70a0","members":[{"body":{"id":"10bf9086-7ee1-4b8a-a7a8-db90ffe56a7d","metadata":[],"scope":{"containerScope":{"containerScope":{"containerScope":{"containerScope":{"containerScope":{"containerScope":{"containerScope":{"contributions":{},"includedScopes":[]},"contributions":{},"includedScopes":[{"contributions":{},"includedScopes":[]},{"contributions":{},"includedScopes":[]},{"contributions":{},"includedScopes":[]},{"contributions":{},"includedScopes":[]},{"contributions":{},"includedScopes":[]}]},"contributions":{},"includedScopes":[]},"contributions":{},"includedScopes":[]},"contributions":{},"includedScopes":[]},"contributions":{},"includedScopes":[{"containerScope":{"containerScope":{"containerScope":{"contributions":{},"includedScopes":[]},"contributions":{},"includedScopes":[]},"contributions":{},"includedScopes":[]},"contributions":{},"includedScopes":[{"containerScope":{"containerScope":{"containerScope":{"contributions":{},"includedScopes":[]},"contributions":{},"includedScopes":[]},"contributions":{},"includedScopes":[]},"contributions":{},"includedScopes":[]}]},{"containerScope":{"containerScope":{"containerScope":{"contributions":{},"includedScopes":[]},"contributions":{},"includedScopes":[]},"contributions":{},"includedScopes":[]},"contributions":{},"includedScopes":[]}]},"contributions":{},"includedScopes":[]},"contributions":{},"includedScopes":[]},"sentences":[{"id":"d8598062-1178-4acf-8db9-f092a71c1ccb","metadata":[],"scope":{"containerScope":{"containerScope":{"containerScope":{"containerScope":{"containerScope":{"containerScope":{"containerScope":{"containerScope":{"contributions":{},"includedScopes":[]},"contributions":{},"includedScopes":[{"contributions":{},"includedScopes":[]},{"contributions":{},"includedScopes":[]},{"contributions":{},"includedScopes":[]},{"contributions":{},"includedScopes":[]},{"contributions":{},"includedScopes":[]}]},"contributions":{},"includedScopes":[]},"contributions":{},"includedScopes":[]},"contributions":{},"includedScopes":[]},"contributions":{},"includedScopes":[{"containerScope":{"containerScope":{"containerScope":{"contributions":{},"includedScopes":[]},"contributions":{},"includedScopes":[]},"contributions":{},"includedScopes":[]},"contributions":{},"includedScopes":[{"containerScope":{"containerScope":{"containerScope":{"contributions":{},"includedScopes":[]},"contributions":{},"includedScopes":[]},"contributions":{},"includedScopes":[]},"contributions":{},"includedScopes":[]}]},{"containerScope":{"containerScope":{"containerScope":{"contributions":{},"includedScopes":[]},"contributions":{},"includedScopes":[]},"contributions":{},"includedScopes":[]},"contributions":{},"includedScopes":[]}]},"contributions":{},"includedScopes":[]},"contributions":{},"includedScopes":[]},"contributions":{},"includedScopes":[]},"value":{"args":[{"id":"08376acd-7635-4f5a-8073-8ff8e58a25e9","metadata":[],"name":"abajo","scope":{"containerScope":{"containerScope":{"containerScope":{"containerScope":{"containerScope":{"containerScope":{"containerScope":{"containerScope":{"containerScope":{"containerScope":{"contributions":{},"includedScopes":[]},"contributions":{},"includedScopes":[{"contributions":{},"includedScopes":[]},{"contributions":{},"includedScopes":[]},{"contributions":{},"includedScopes":[]},{"contributions":{},"includedScopes":[]},{"contributions":{},"includedScopes":[]}]},"contributions":{},"includedScopes":[]},"contributions":{},"includedScopes":[]},"contributions":{},"includedScopes":[]},"contributions":{},"includedScopes":[{"containerScope":{"containerScope":{"containerScope":{"contributions":{},"includedScopes":[]},"contributions":{},"includedScopes":[]},"contributions":{},"includedScopes":[]},"contributions":{},"includedScopes":[{"containerScope":{"containerScope":{"containerScope":{"contributions":{},"includedScopes":[]},"contributions":{},"includedScopes":[]},"contributions":{},"includedScopes":[]},"contributions":{},"includedScopes":[]}]},{"containerScope":{"containerScope":{"containerScope":{"contributions":{},"includedScopes":[]},"contributions":{},"includedScopes":[]},"contributions":{},"includedScopes":[]},"contributions":{},"includedScopes":[]}]},"contributions":{},"includedScopes":[]},"contributions":{},"includedScopes":[]},"contributions":{},"includedScopes":[]},"contributions":{},"includedScopes":[]},"contributions":{},"includedScopes":[]},"sourceMap":{"end":{"column":47,"line":19,"offset":519},"start":{"column":42,"line":19,"offset":514}}}],"id":"3dbc2194-70e6-4aa5-837e-093a590d3edb","message":"mover","metadata":[],"receiver":{"id":"56315614-c2ee-408b-a902-c72b3f480657","metadata":[],"name":"hector","scope":{"containerScope":{"containerScope":{"containerScope":{"containerScope":{"containerScope":{"containerScope":{"containerScope":{"containerScope":{"containerScope":{"containerScope":{"contributions":{},"includedScopes":[]},"contributions":{},"includedScopes":[{"contributions":{},"includedScopes":[]},{"contributions":{},"includedScopes":[]},{"contributions":{},"includedScopes":[]},{"contributions":{},"includedScopes":[]},{"contributions":{},"includedScopes":[]}]},"contributions":{},"includedScopes":[]},"contributions":{},"includedScopes":[]},"contributions":{},"includedScopes":[]},"contributions":{},"includedScopes":[{"containerScope":{"containerScope":{"containerScope":{"contributions":{},"includedScopes":[]},"contributions":{},"includedScopes":[]},"contributions":{},"includedScopes":[]},"contributions":{},"includedScopes":[{"containerScope":{"containerScope":{"containerScope":{"contributions":{},"includedScopes":[]},"contributions":{},"includedScopes":[]},"contributions":{},"includedScopes":[]},"contributions":{},"includedScopes":[]}]},{"containerScope":{"containerScope":{"containerScope":{"contributions":{},"includedScopes":[]},"contributions":{},"includedScopes":[]},"contributions":{},"includedScopes":[]},"contributions":{},"includedScopes":[]}]},"contributions":{},"includedScopes":[]},"contributions":{},"includedScopes":[]},"contributions":{},"includedScopes":[]},"contributions":{},"includedScopes":[]},"contributions":{},"includedScopes":[]},"sourceMap":{"end":{"column":35,"line":19,"offset":507},"start":{"column":29,"line":19,"offset":501}}},"scope":{"containerScope":{"containerScope":{"containerScope":{"containerScope":{"containerScope":{"containerScope":{"containerScope":{"containerScope":{"containerScope":{"contributions":{},"includedScopes":[]},"contributions":{},"includedScopes":[{"contributions":{},"includedScopes":[]},{"contributions":{},"includedScopes":[]},{"contributions":{},"includedScopes":[]},{"contributions":{},"includedScopes":[]},{"contributions":{},"includedScopes":[]}]},"contributions":{},"includedScopes":[]},"contributions":{},"includedScopes":[]},"contributions":{},"includedScopes":[]},"contributions":{},"includedScopes":[{"containerScope":{"containerScope":{"containerScope":{"contributions":{},"includedScopes":[]},"contributions":{},"includedScopes":[]},"contributions":{},"includedScopes":[]},"contributions":{},"includedScopes":[{"containerScope":{"containerScope":{"containerScope":{"contributions":{},"includedScopes":[]},"contributions":{},"includedScopes":[]},"contributions":{},"includedScopes":[]},"contributions":{},"includedScopes":[]}]},{"containerScope":{"containerScope":{"containerScope":{"contributions":{},"includedScopes":[]},"contributions":{},"includedScopes":[]},"contributions":{},"includedScopes":[]},"contributions":{},"includedScopes":[]}]},"contributions":{},"includedScopes":[]},"contributions":{},"includedScopes":[]},"contributions":{},"includedScopes":[]},"contributions":{},"includedScopes":[]},"sourceMap":{"end":{"column":48,"line":19,"offset":520},"start":{"column":29,"line":19,"offset":501}}}}]},"id":"a5bc12af-663c-4359-8df8-f4aea274041c","isOverride":false,"metadata":[],"name":"<apply>","parameters":[],"scope":{"containerScope":{"containerScope":{"containerScope":{"containerScope":{"containerScope":{"containerScope":{"contributions":{},"includedScopes":[]},"contributions":{},"includedScopes":[{"contributions":{},"includedScopes":[]},{"contributions":{},"includedScopes":[]},{"contributions":{},"includedScopes":[]},{"contributions":{},"includedScopes":[]},{"contributions":{},"includedScopes":[]}]},"contributions":{},"includedScopes":[]},"contributions":{},"includedScopes":[]},"contributions":{},"includedScopes":[]},"contributions":{},"includedScopes":[{"containerScope":{"containerScope":{"containerScope":{"contributions":{},"includedScopes":[]},"contributions":{},"includedScopes":[]},"contributions":{},"includedScopes":[]},"contributions":{},"includedScopes":[{"containerScope":{"containerScope":{"containerScope":{"contributions":{},"includedScopes":[]},"contributions":{},"includedScopes":[]},"contributions":{},"includedScopes":[]},"contributions":{},"includedScopes":[]}]},{"containerScope":{"containerScope":{"containerScope":{"contributions":{},"includedScopes":[]},"contributions":{},"includedScopes":[]},"contributions":{},"includedScopes":[]},"contributions":{},"includedScopes":[]}]},"contributions":{},"includedScopes":[]}},{"id":"3c951a08-6bfa-4b21-b047-6bdaebf8b940","isConstant":true,"isProperty":false,"metadata":[],"name":"<toString>","scope":{"containerScope":{"containerScope":{"containerScope":{"containerScope":{"containerScope":{"containerScope":{"contributions":{},"includedScopes":[]},"contributions":{},"includedScopes":[{"contributions":{},"includedScopes":[]},{"contributions":{},"includedScopes":[]},{"contributions":{},"includedScopes":[]},{"contributions":{},"includedScopes":[]},{"contributions":{},"includedScopes":[]}]},"contributions":{},"includedScopes":[]},"contributions":{},"includedScopes":[]},"contributions":{},"includedScopes":[]},"contributions":{},"includedScopes":[{"containerScope":{"containerScope":{"containerScope":{"contributions":{},"includedScopes":[]},"contributions":{},"includedScopes":[]},"contributions":{},"includedScopes":[]},"contributions":{},"includedScopes":[{"containerScope":{"containerScope":{"containerScope":{"contributions":{},"includedScopes":[]},"contributions":{},"includedScopes":[]},"contributions":{},"includedScopes":[]},"contributions":{},"includedScopes":[]}]},{"containerScope":{"containerScope":{"containerScope":{"contributions":{},"includedScopes":[]},"contributions":{},"includedScopes":[]},"contributions":{},"includedScopes":[]},"contributions":{},"includedScopes":[]}]},"contributions":{},"includedScopes":[]},"value":{"id":"f85c95ea-2be9-4a87-bc11-5065a14f7c98","metadata":[],"scope":{"containerScope":{"containerScope":{"containerScope":{"containerScope":{"containerScope":{"containerScope":{"containerScope":{"contributions":{},"includedScopes":[]},"contributions":{},"includedScopes":[{"contributions":{},"includedScopes":[]},{"contributions":{},"includedScopes":[]},{"contributions":{},"includedScopes":[]},{"contributions":{},"includedScopes":[]},{"contributions":{},"includedScopes":[]}]},"contributions":{},"includedScopes":[]},"contributions":{},"includedScopes":[]},"contributions":{},"includedScopes":[]},"contributions":{},"includedScopes":[{"containerScope":{"containerScope":{"containerScope":{"contributions":{},"includedScopes":[]},"contributions":{},"includedScopes":[]},"contributions":{},"includedScopes":[]},"contributions":{},"includedScopes":[{"containerScope":{"containerScope":{"containerScope":{"contributions":{},"includedScopes":[]},"contributions":{},"includedScopes":[]},"contributions":{},"includedScopes":[]},"contributions":{},"includedScopes":[]}]},{"containerScope":{"containerScope":{"containerScope":{"contributions":{},"includedScopes":[]},"contributions":{},"includedScopes":[]},"contributions":{},"includedScopes":[]},"contributions":{},"includedScopes":[]}]},"contributions":{},"includedScopes":[]},"contributions":{},"includedScopes":[]},"value":"{hector.mover(abajo)}"}}],"metadata":[],"scope":{"containerScope":{"containerScope":{"containerScope":{"containerScope":{"containerScope":{"contributions":{},"includedScopes":[]},"contributions":{},"includedScopes":[{"contributions":{},"includedScopes":[]},{"contributions":{},"includedScopes":[]},{"contributions":{},"includedScopes":[]},{"contributions":{},"includedScopes":[]},{"contributions":{},"includedScopes":[]}]},"contributions":{},"includedScopes":[]},"contributions":{},"includedScopes":[]},"contributions":{},"includedScopes":[]},"contributions":{},"includedScopes":[{"containerScope":{"containerScope":{"containerScope":{"contributions":{},"includedScopes":[]},"contributions":{},"includedScopes":[]},"contributions":{},"includedScopes":[]},"contributions":{},"includedScopes":[{"containerScope":{"containerScope":{"containerScope":{"contributions":{},"includedScopes":[]},"contributions":{},"includedScopes":[]},"contributions":{},"includedScopes":[]},"contributions":{},"includedScopes":[]}]},{"containerScope":{"containerScope":{"containerScope":{"contributions":{},"includedScopes":[]},"contributions":{},"includedScopes":[]},"contributions":{},"includedScopes":[]},"contributions":{},"includedScopes":[]}]},"sourceMap":{"end":{"column":49,"line":19,"offset":521},"start":{"column":28,"line":19,"offset":500}},"supertypes":[{"args":[],"id":"fa390bf8-b041-4fa7-8c78-dfd98633a39a","metadata":[],"reference":{"id":"df55f6d6-6950-4b29-be55-76d3bc52aea2","metadata":[],"name":"wollok.lang.Closure","scope":{"containerScope":{"containerScope":{"containerScope":{"containerScope":{"containerScope":{"containerScope":{"contributions":{},"includedScopes":[]},"contributions":{},"includedScopes":[{"contributions":{},"includedScopes":[]},{"contributions":{},"includedScopes":[]},{"contributions":{},"includedScopes":[]},{"contributions":{},"includedScopes":[]},{"contributions":{},"includedScopes":[]}]},"contributions":{},"includedScopes":[]},"contributions":{},"includedScopes":[]},"contributions":{},"includedScopes":[]},"contributions":{},"includedScopes":[{"containerScope":{"containerScope":{"containerScope":{"contributions":{},"includedScopes":[]},"contributions":{},"includedScopes":[]},"contributions":{},"includedScopes":[]},"contributions":{},"includedScopes":[{"containerScope":{"containerScope":{"containerScope":{"contributions":{},"includedScopes":[]},"contributions":{},"includedScopes":[]},"contributions":{},"includedScopes":[]},"contributions":{},"includedScopes":[]}]},{"containerScope":{"containerScope":{"containerScope":{"contributions":{},"includedScopes":[]},"contributions":{},"includedScopes":[]},"contributions":{},"includedScopes":[]},"contributions":{},"includedScopes":[]}]},"contributions":{},"includedScopes":[]}},"scope":{"containerScope":{"containerScope":{"containerScope":{"containerScope":{"containerScope":{"containerScope":{"contributions":{},"includedScopes":[]},"contributions":{},"includedScopes":[{"contributions":{},"includedScopes":[]},{"contributions":{},"includedScopes":[]},{"contributions":{},"includedScopes":[]},{"contributions":{},"includedScopes":[]},{"contributions":{},"includedScopes":[]}]},"contributions":{},"includedScopes":[]},"contributions":{},"includedScopes":[]},"contributions":{},"includedScopes":[]},"contributions":{},"includedScopes":[{"containerScope":{"containerScope":{"containerScope":{"contributions":{},"includedScopes":[]},"contributions":{},"includedScopes":[]},"contributions":{},"includedScopes":[]},"contributions":{},"includedScopes":[{"containerScope":{"containerScope":{"containerScope":{"contributions":{},"includedScopes":[]},"contributions":{},"includedScopes":[]},"contributions":{},"includedScopes":[]},"contributions":{},"includedScopes":[]}]},{"containerScope":{"containerScope":{"containerScope":{"contributions":{},"includedScopes":[]},"contributions":{},"includedScopes":[]},"contributions":{},"includedScopes":[]},"contributions":{},"includedScopes":[]}]},"contributions":{},"includedScopes":[]}}]}],"id":"03772516-de9f-460e-905a-89c3a9ff76e5","message":"onPressDo","metadata":[],"receiver":{"args":[],"id":"e489726b-0aae-41bd-ac48-da2f3f48f9bd","message":"down","metadata":[],"receiver":{"id":"ea8c1302-6003-4454-9eec-e3db15f13995","metadata":[],"name":"keyboard","scope":{"containerScope":{"containerScope":{"containerScope":{"containerScope":{"containerScope":{"containerScope":{"contributions":{},"includedScopes":[]},"contributions":{},"includedScopes":[{"contributions":{},"includedScopes":[]},{"contributions":{},"includedScopes":[]},{"contributions":{},"includedScopes":[]},{"contributions":{},"includedScopes":[]},{"contributions":{},"includedScopes":[]}]},"contributions":{},"includedScopes":[]},"contributions":{},"includedScopes":[]},"contributions":{},"includedScopes":[]},"contributions":{},"includedScopes":[]},"contributions":{},"includedScopes":[]},"sourceMap":{"end":{"column":10,"line":19,"offset":482},"start":{"column":2,"line":19,"offset":474}}},"scope":{"containerScope":{"containerScope":{"containerScope":{"containerScope":{"containerScope":{"contributions":{},"includedScopes":[]},"contributions":{},"includedScopes":[{"contributions":{},"includedScopes":[]},{"contributions":{},"includedScopes":[]},{"contributions":{},"includedScopes":[]},{"contributions":{},"includedScopes":[]},{"contributions":{},"includedScopes":[]}]},"contributions":{},"includedScopes":[]},"contributions":{},"includedScopes":[]},"contributions":{},"includedScopes":[]},"contributions":{},"includedScopes":[]},"sourceMap":{"end":{"column":17,"line":19,"offset":489},"start":{"column":2,"line":19,"offset":474}}},"scope":{"containerScope":{"containerScope":{"containerScope":{"containerScope":{"contributions":{},"includedScopes":[]},"contributions":{},"includedScopes":[{"contributions":{},"includedScopes":[]},{"contributions":{},"includedScopes":[]},{"contributions":{},"includedScopes":[]},{"contributions":{},"includedScopes":[]},{"contributions":{},"includedScopes":[]}]},"contributions":{},"includedScopes":[]},"contributions":{},"includedScopes":[]},"contributions":{},"includedScopes":[]},"sourceMap":{"end":{"column":50,"line":19,"offset":522},"start":{"column":2,"line":19,"offset":474}}},{"args":[{"id":"3b0c9a24-c94a-4f9a-af13-8ae8bfeefa6f","members":[{"body":{"id":"59485bf4-e587-4e6b-ae97-7824e405fcca","metadata":[],"scope":{"containerScope":{"containerScope":{"containerScope":{"containerScope":{"containerScope":{"containerScope":{"containerScope":{"contributions":{},"includedScopes":[]},"contributions":{},"includedScopes":[{"contributions":{},"includedScopes":[]},{"contributions":{},"includedScopes":[]},{"contributions":{},"includedScopes":[]},{"contributions":{},"includedScopes":[]},{"contributions":{},"includedScopes":[]}]},"contributions":{},"includedScopes":[]},"contributions":{},"includedScopes":[]},"contributions":{},"includedScopes":[]},"contributions":{},"includedScopes":[{"containerScope":{"containerScope":{"containerScope":{"contributions":{},"includedScopes":[]},"contributions":{},"includedScopes":[]},"contributions":{},"includedScopes":[]},"contributions":{},"includedScopes":[{"containerScope":{"containerScope":{"containerScope":{"contributions":{},"includedScopes":[]},"contributions":{},"includedScopes":[]},"contributions":{},"includedScopes":[]},"contributions":{},"includedScopes":[]}]},{"containerScope":{"containerScope":{"containerScope":{"contributions":{},"includedScopes":[]},"contributions":{},"includedScopes":[]},"contributions":{},"includedScopes":[]},"contributions":{},"includedScopes":[]}]},"contributions":{},"includedScopes":[]},"contributions":{},"includedScopes":[]},"sentences":[{"id":"0fa2a49f-a8a5-4f20-8dc2-a6b43aa266ce","metadata":[],"scope":{"containerScope":{"containerScope":{"containerScope":{"containerScope":{"containerScope":{"containerScope":{"containerScope":{"containerScope":{"contributions":{},"includedScopes":[]},"contributions":{},"includedScopes":[{"contributions":{},"includedScopes":[]},{"contributions":{},"includedScopes":[]},{"contributions":{},"includedScopes":[]},{"contributions":{},"includedScopes":[]},{"contributions":{},"includedScopes":[]}]},"contributions":{},"includedScopes":[]},"contributions":{},"includedScopes":[]},"contributions":{},"includedScopes":[]},"contributions":{},"includedScopes":[{"containerScope":{"containerScope":{"containerScope":{"contributions":{},"includedScopes":[]},"contributions":{},"includedScopes":[]},"contributions":{},"includedScopes":[]},"contributions":{},"includedScopes":[{"containerScope":{"containerScope":{"containerScope":{"contributions":{},"includedScopes":[]},"contributions":{},"includedScopes":[]},"contributions":{},"includedScopes":[]},"contributions":{},"includedScopes":[]}]},{"containerScope":{"containerScope":{"containerScope":{"contributions":{},"includedScopes":[]},"contributions":{},"includedScopes":[]},"contributions":{},"includedScopes":[]},"contributions":{},"includedScopes":[]}]},"contributions":{},"includedScopes":[]},"contributions":{},"includedScopes":[]},"contributions":{},"includedScopes":[]},"value":{"args":[{"id":"6104b2f9-d936-4457-8375-4a9dad136c16","metadata":[],"name":"derecha","scope":{"containerScope":{"containerScope":{"containerScope":{"containerScope":{"containerScope":{"containerScope":{"containerScope":{"containerScope":{"containerScope":{"containerScope":{"contributions":{},"includedScopes":[]},"contributions":{},"includedScopes":[{"contributions":{},"includedScopes":[]},{"contributions":{},"includedScopes":[]},{"contributions":{},"includedScopes":[]},{"contributions":{},"includedScopes":[]},{"contributions":{},"includedScopes":[]}]},"contributions":{},"includedScopes":[]},"contributions":{},"includedScopes":[]},"contributions":{},"includedScopes":[]},"contributions":{},"includedScopes":[{"containerScope":{"containerScope":{"containerScope":{"contributions":{},"includedScopes":[]},"contributions":{},"includedScopes":[]},"contributions":{},"includedScopes":[]},"contributions":{},"includedScopes":[{"containerScope":{"containerScope":{"containerScope":{"contributions":{},"includedScopes":[]},"contributions":{},"includedScopes":[]},"contributions":{},"includedScopes":[]},"contributions":{},"includedScopes":[]}]},{"containerScope":{"containerScope":{"containerScope":{"contributions":{},"includedScopes":[]},"contributions":{},"includedScopes":[]},"contributions":{},"includedScopes":[]},"contributions":{},"includedScopes":[]}]},"contributions":{},"includedScopes":[]},"contributions":{},"includedScopes":[]},"contributions":{},"includedScopes":[]},"contributions":{},"includedScopes":[]},"contributions":{},"includedScopes":[]},"sourceMap":{"end":{"column":50,"line":20,"offset":572},"start":{"column":43,"line":20,"offset":565}}}],"id":"30cded7c-fa5b-44bf-b8ca-16b13597df9f","message":"mover","metadata":[],"receiver":{"id":"4b8e113a-6372-479f-b7b6-053e038fd5e9","metadata":[],"name":"hector","scope":{"containerScope":{"containerScope":{"containerScope":{"containerScope":{"containerScope":{"containerScope":{"containerScope":{"containerScope":{"containerScope":{"containerScope":{"contributions":{},"includedScopes":[]},"contributions":{},"includedScopes":[{"contributions":{},"includedScopes":[]},{"contributions":{},"includedScopes":[]},{"contributions":{},"includedScopes":[]},{"contributions":{},"includedScopes":[]},{"contributions":{},"includedScopes":[]}]},"contributions":{},"includedScopes":[]},"contributions":{},"includedScopes":[]},"contributions":{},"includedScopes":[]},"contributions":{},"includedScopes":[{"containerScope":{"containerScope":{"containerScope":{"contributions":{},"includedScopes":[]},"contributions":{},"includedScopes":[]},"contributions":{},"includedScopes":[]},"contributions":{},"includedScopes":[{"containerScope":{"containerScope":{"containerScope":{"contributions":{},"includedScopes":[]},"contributions":{},"includedScopes":[]},"contributions":{},"includedScopes":[]},"contributions":{},"includedScopes":[]}]},{"containerScope":{"containerScope":{"containerScope":{"contributions":{},"includedScopes":[]},"contributions":{},"includedScopes":[]},"contributions":{},"includedScopes":[]},"contributions":{},"includedScopes":[]}]},"contributions":{},"includedScopes":[]},"contributions":{},"includedScopes":[]},"contributions":{},"includedScopes":[]},"contributions":{},"includedScopes":[]},"contributions":{},"includedScopes":[]},"sourceMap":{"end":{"column":36,"line":20,"offset":558},"start":{"column":30,"line":20,"offset":552}}},"scope":{"containerScope":{"containerScope":{"containerScope":{"containerScope":{"containerScope":{"containerScope":{"containerScope":{"containerScope":{"containerScope":{"contributions":{},"includedScopes":[]},"contributions":{},"includedScopes":[{"contributions":{},"includedScopes":[]},{"contributions":{},"includedScopes":[]},{"contributions":{},"includedScopes":[]},{"contributions":{},"includedScopes":[]},{"contributions":{},"includedScopes":[]}]},"contributions":{},"includedScopes":[]},"contributions":{},"includedScopes":[]},"contributions":{},"includedScopes":[]},"contributions":{},"includedScopes":[{"containerScope":{"containerScope":{"containerScope":{"contributions":{},"includedScopes":[]},"contributions":{},"includedScopes":[]},"contributions":{},"includedScopes":[]},"contributions":{},"includedScopes":[{"containerScope":{"containerScope":{"containerScope":{"contributions":{},"includedScopes":[]},"contributions":{},"includedScopes":[]},"contributions":{},"includedScopes":[]},"contributions":{},"includedScopes":[]}]},{"containerScope":{"containerScope":{"containerScope":{"contributions":{},"includedScopes":[]},"contributions":{},"includedScopes":[]},"contributions":{},"includedScopes":[]},"contributions":{},"includedScopes":[]}]},"contributions":{},"includedScopes":[]},"contributions":{},"includedScopes":[]},"contributions":{},"includedScopes":[]},"contributions":{},"includedScopes":[]},"sourceMap":{"end":{"column":51,"line":20,"offset":573},"start":{"column":30,"line":20,"offset":552}}}}]},"id":"0a0319c3-b4c3-4039-8983-521c9e4315e2","isOverride":false,"metadata":[],"name":"<apply>","parameters":[],"scope":{"containerScope":{"containerScope":{"containerScope":{"containerScope":{"containerScope":{"containerScope":{"contributions":{},"includedScopes":[]},"contributions":{},"includedScopes":[{"contributions":{},"includedScopes":[]},{"contributions":{},"includedScopes":[]},{"contributions":{},"includedScopes":[]},{"contributions":{},"includedScopes":[]},{"contributions":{},"includedScopes":[]}]},"contributions":{},"includedScopes":[]},"contributions":{},"includedScopes":[]},"contributions":{},"includedScopes":[]},"contributions":{},"includedScopes":[{"containerScope":{"containerScope":{"containerScope":{"contributions":{},"includedScopes":[]},"contributions":{},"includedScopes":[]},"contributions":{},"includedScopes":[]},"contributions":{},"includedScopes":[{"containerScope":{"containerScope":{"containerScope":{"contributions":{},"includedScopes":[]},"contributions":{},"includedScopes":[]},"contributions":{},"includedScopes":[]},"contributions":{},"includedScopes":[]}]},{"containerScope":{"containerScope":{"containerScope":{"contributions":{},"includedScopes":[]},"contributions":{},"includedScopes":[]},"contributions":{},"includedScopes":[]},"contributions":{},"includedScopes":[]}]},"contributions":{},"includedScopes":[]}},{"id":"6dddd518-42ff-43d0-9822-f01ba8c1098c","isConstant":true,"isProperty":false,"metadata":[],"name":"<toString>","scope":{"containerScope":{"containerScope":{"containerScope":{"containerScope":{"containerScope":{"containerScope":{"contributions":{},"includedScopes":[]},"contributions":{},"includedScopes":[{"contributions":{},"includedScopes":[]},{"contributions":{},"includedScopes":[]},{"contributions":{},"includedScopes":[]},{"contributions":{},"includedScopes":[]},{"contributions":{},"includedScopes":[]}]},"contributions":{},"includedScopes":[]},"contributions":{},"includedScopes":[]},"contributions":{},"includedScopes":[]},"contributions":{},"includedScopes":[{"containerScope":{"containerScope":{"containerScope":{"contributions":{},"includedScopes":[]},"contributions":{},"includedScopes":[]},"contributions":{},"includedScopes":[]},"contributions":{},"includedScopes":[{"containerScope":{"containerScope":{"containerScope":{"contributions":{},"includedScopes":[]},"contributions":{},"includedScopes":[]},"contributions":{},"includedScopes":[]},"contributions":{},"includedScopes":[]}]},{"containerScope":{"containerScope":{"containerScope":{"contributions":{},"includedScopes":[]},"contributions":{},"includedScopes":[]},"contributions":{},"includedScopes":[]},"contributions":{},"includedScopes":[]}]},"contributions":{},"includedScopes":[]},"value":{"id":"a7eecd3f-436d-4026-826c-bf9bc192a8a5","metadata":[],"scope":{"containerScope":{"containerScope":{"containerScope":{"containerScope":{"containerScope":{"containerScope":{"containerScope":{"contributions":{},"includedScopes":[]},"contributions":{},"includedScopes":[{"contributions":{},"includedScopes":[]},{"contributions":{},"includedScopes":[]},{"contributions":{},"includedScopes":[]},{"contributions":{},"includedScopes":[]},{"contributions":{},"includedScopes":[]}]},"contributions":{},"includedScopes":[]},"contributions":{},"includedScopes":[]},"contributions":{},"includedScopes":[]},"contributions":{},"includedScopes":[{"containerScope":{"containerScope":{"containerScope":{"contributions":{},"includedScopes":[]},"contributions":{},"includedScopes":[]},"contributions":{},"includedScopes":[]},"contributions":{},"includedScopes":[{"containerScope":{"containerScope":{"containerScope":{"contributions":{},"includedScopes":[]},"contributions":{},"includedScopes":[]},"contributions":{},"includedScopes":[]},"contributions":{},"includedScopes":[]}]},{"containerScope":{"containerScope":{"containerScope":{"contributions":{},"includedScopes":[]},"contributions":{},"includedScopes":[]},"contributions":{},"includedScopes":[]},"contributions":{},"includedScopes":[]}]},"contributions":{},"includedScopes":[]},"contributions":{},"includedScopes":[]},"value":"{hector.mover(derecha)}"}}],"metadata":[],"scope":{"containerScope":{"containerScope":{"containerScope":{"containerScope":{"containerScope":{"contributions":{},"includedScopes":[]},"contributions":{},"includedScopes":[{"contributions":{},"includedScopes":[]},{"contributions":{},"includedScopes":[]},{"contributions":{},"includedScopes":[]},{"contributions":{},"includedScopes":[]},{"contributions":{},"includedScopes":[]}]},"contributions":{},"includedScopes":[]},"contributions":{},"includedScopes":[]},"contributions":{},"includedScopes":[]},"contributions":{},"includedScopes":[{"containerScope":{"containerScope":{"containerScope":{"contributions":{},"includedScopes":[]},"contributions":{},"includedScopes":[]},"contributions":{},"includedScopes":[]},"contributions":{},"includedScopes":[{"containerScope":{"containerScope":{"containerScope":{"contributions":{},"includedScopes":[]},"contributions":{},"includedScopes":[]},"contributions":{},"includedScopes":[]},"contributions":{},"includedScopes":[]}]},{"containerScope":{"containerScope":{"containerScope":{"contributions":{},"includedScopes":[]},"contributions":{},"includedScopes":[]},"contributions":{},"includedScopes":[]},"contributions":{},"includedScopes":[]}]},"sourceMap":{"end":{"column":52,"line":20,"offset":574},"start":{"column":29,"line":20,"offset":551}},"supertypes":[{"args":[],"id":"6f6ecf11-912c-4138-a5d2-9781ec03c394","metadata":[],"reference":{"id":"165220f0-0598-4eb0-9cb1-ec03f28f2212","metadata":[],"name":"wollok.lang.Closure","scope":{"containerScope":{"containerScope":{"containerScope":{"containerScope":{"containerScope":{"containerScope":{"contributions":{},"includedScopes":[]},"contributions":{},"includedScopes":[{"contributions":{},"includedScopes":[]},{"contributions":{},"includedScopes":[]},{"contributions":{},"includedScopes":[]},{"contributions":{},"includedScopes":[]},{"contributions":{},"includedScopes":[]}]},"contributions":{},"includedScopes":[]},"contributions":{},"includedScopes":[]},"contributions":{},"includedScopes":[]},"contributions":{},"includedScopes":[{"containerScope":{"containerScope":{"containerScope":{"contributions":{},"includedScopes":[]},"contributions":{},"includedScopes":[]},"contributions":{},"includedScopes":[]},"contributions":{},"includedScopes":[{"containerScope":{"containerScope":{"containerScope":{"contributions":{},"includedScopes":[]},"contributions":{},"includedScopes":[]},"contributions":{},"includedScopes":[]},"contributions":{},"includedScopes":[]}]},{"containerScope":{"containerScope":{"containerScope":{"contributions":{},"includedScopes":[]},"contributions":{},"includedScopes":[]},"contributions":{},"includedScopes":[]},"contributions":{},"includedScopes":[]}]},"contributions":{},"includedScopes":[]}},"scope":{"containerScope":{"containerScope":{"containerScope":{"containerScope":{"containerScope":{"containerScope":{"contributions":{},"includedScopes":[]},"contributions":{},"includedScopes":[{"contributions":{},"includedScopes":[]},{"contributions":{},"includedScopes":[]},{"contributions":{},"includedScopes":[]},{"contributions":{},"includedScopes":[]},{"contributions":{},"includedScopes":[]}]},"contributions":{},"includedScopes":[]},"contributions":{},"includedScopes":[]},"contributions":{},"includedScopes":[]},"contributions":{},"includedScopes":[{"containerScope":{"containerScope":{"containerScope":{"contributions":{},"includedScopes":[]},"contributions":{},"includedScopes":[]},"contributions":{},"includedScopes":[]},"contributions":{},"includedScopes":[{"containerScope":{"containerScope":{"containerScope":{"contributions":{},"includedScopes":[]},"contributions":{},"includedScopes":[]},"contributions":{},"includedScopes":[]},"contributions":{},"includedScopes":[]}]},{"containerScope":{"containerScope":{"containerScope":{"contributions":{},"includedScopes":[]},"contributions":{},"includedScopes":[]},"contributions":{},"includedScopes":[]},"contributions":{},"includedScopes":[]}]},"contributions":{},"includedScopes":[]}}]}],"id":"9940035e-53b5-4a11-a8b5-6661969712dc","message":"onPressDo","metadata":[],"receiver":{"args":[],"id":"e9243845-6de1-4976-87c3-e1644e4c34f8","message":"right","metadata":[],"receiver":{"id":"3e7ba081-1c8d-45bf-b619-e93d6b080504","metadata":[],"name":"keyboard","scope":{"containerScope":{"containerScope":{"containerScope":{"containerScope":{"containerScope":{"containerScope":{"contributions":{},"includedScopes":[]},"contributions":{},"includedScopes":[{"contributions":{},"includedScopes":[]},{"contributions":{},"includedScopes":[]},{"contributions":{},"includedScopes":[]},{"contributions":{},"includedScopes":[]},{"contributions":{},"includedScopes":[]}]},"contributions":{},"includedScopes":[]},"contributions":{},"includedScopes":[]},"contributions":{},"includedScopes":[]},"contributions":{},"includedScopes":[]},"contributions":{},"includedScopes":[]},"sourceMap":{"end":{"column":10,"line":20,"offset":532},"start":{"column":2,"line":20,"offset":524}}},"scope":{"containerScope":{"containerScope":{"containerScope":{"containerScope":{"containerScope":{"contributions":{},"includedScopes":[]},"contributions":{},"includedScopes":[{"contributions":{},"includedScopes":[]},{"contributions":{},"includedScopes":[]},{"contributions":{},"includedScopes":[]},{"contributions":{},"includedScopes":[]},{"contributions":{},"includedScopes":[]}]},"contributions":{},"includedScopes":[]},"contributions":{},"includedScopes":[]},"contributions":{},"includedScopes":[]},"contributions":{},"includedScopes":[]},"sourceMap":{"end":{"column":18,"line":20,"offset":540},"start":{"column":2,"line":20,"offset":524}}},"scope":{"containerScope":{"containerScope":{"containerScope":{"containerScope":{"contributions":{},"includedScopes":[]},"contributions":{},"includedScopes":[{"contributions":{},"includedScopes":[]},{"contributions":{},"includedScopes":[]},{"contributions":{},"includedScopes":[]},{"contributions":{},"includedScopes":[]},{"contributions":{},"includedScopes":[]}]},"contributions":{},"includedScopes":[]},"contributions":{},"includedScopes":[]},"contributions":{},"includedScopes":[]},"sourceMap":{"end":{"column":53,"line":20,"offset":575},"start":{"column":2,"line":20,"offset":524}}},{"args":[{"id":"5723f203-4fc6-4123-9c0a-7634c426a2c5","members":[{"body":{"id":"eba38378-52dd-424f-b928-afcea8230e33","metadata":[],"scope":{"containerScope":{"containerScope":{"containerScope":{"containerScope":{"containerScope":{"containerScope":{"containerScope":{"contributions":{},"includedScopes":[]},"contributions":{},"includedScopes":[{"contributions":{},"includedScopes":[]},{"contributions":{},"includedScopes":[]},{"contributions":{},"includedScopes":[]},{"contributions":{},"includedScopes":[]},{"contributions":{},"includedScopes":[]}]},"contributions":{},"includedScopes":[]},"contributions":{},"includedScopes":[]},"contributions":{},"includedScopes":[]},"contributions":{},"includedScopes":[{"containerScope":{"containerScope":{"containerScope":{"contributions":{},"includedScopes":[]},"contributions":{},"includedScopes":[]},"contributions":{},"includedScopes":[]},"contributions":{},"includedScopes":[{"containerScope":{"containerScope":{"containerScope":{"contributions":{},"includedScopes":[]},"contributions":{},"includedScopes":[]},"contributions":{},"includedScopes":[]},"contributions":{},"includedScopes":[]}]},{"containerScope":{"containerScope":{"containerScope":{"contributions":{},"includedScopes":[]},"contributions":{},"includedScopes":[]},"contributions":{},"includedScopes":[]},"contributions":{},"includedScopes":[]}]},"contributions":{},"includedScopes":[]},"contributions":{},"includedScopes":[]},"sentences":[{"id":"5aaa650b-480f-4d08-a0b1-9812ef36cc93","metadata":[],"scope":{"containerScope":{"containerScope":{"containerScope":{"containerScope":{"containerScope":{"containerScope":{"containerScope":{"containerScope":{"contributions":{},"includedScopes":[]},"contributions":{},"includedScopes":[{"contributions":{},"includedScopes":[]},{"contributions":{},"includedScopes":[]},{"contributions":{},"includedScopes":[]},{"contributions":{},"includedScopes":[]},{"contributions":{},"includedScopes":[]}]},"contributions":{},"includedScopes":[]},"contributions":{},"includedScopes":[]},"contributions":{},"includedScopes":[]},"contributions":{},"includedScopes":[{"containerScope":{"containerScope":{"containerScope":{"contributions":{},"includedScopes":[]},"contributions":{},"includedScopes":[]},"contributions":{},"includedScopes":[]},"contributions":{},"includedScopes":[{"containerScope":{"containerScope":{"containerScope":{"contributions":{},"includedScopes":[]},"contributions":{},"includedScopes":[]},"contributions":{},"includedScopes":[]},"contributions":{},"includedScopes":[]}]},{"containerScope":{"containerScope":{"containerScope":{"contributions":{},"includedScopes":[]},"contributions":{},"includedScopes":[]},"contributions":{},"includedScopes":[]},"contributions":{},"includedScopes":[]}]},"contributions":{},"includedScopes":[]},"contributions":{},"includedScopes":[]},"contributions":{},"includedScopes":[]},"value":{"args":[{"id":"497f00c9-6e0b-473e-b97d-85cc814d49aa","metadata":[],"name":"izquierda","scope":{"containerScope":{"containerScope":{"containerScope":{"containerScope":{"containerScope":{"containerScope":{"containerScope":{"containerScope":{"containerScope":{"containerScope":{"contributions":{},"includedScopes":[]},"contributions":{},"includedScopes":[{"contributions":{},"includedScopes":[]},{"contributions":{},"includedScopes":[]},{"contributions":{},"includedScopes":[]},{"contributions":{},"includedScopes":[]},{"contributions":{},"includedScopes":[]}]},"contributions":{},"includedScopes":[]},"contributions":{},"includedScopes":[]},"contributions":{},"includedScopes":[]},"contributions":{},"includedScopes":[{"containerScope":{"containerScope":{"containerScope":{"contributions":{},"includedScopes":[]},"contributions":{},"includedScopes":[]},"contributions":{},"includedScopes":[]},"contributions":{},"includedScopes":[{"containerScope":{"containerScope":{"containerScope":{"contributions":{},"includedScopes":[]},"contributions":{},"includedScopes":[]},"contributions":{},"includedScopes":[]},"contributions":{},"includedScopes":[]}]},{"containerScope":{"containerScope":{"containerScope":{"contributions":{},"includedScopes":[]},"contributions":{},"includedScopes":[]},"contributions":{},"includedScopes":[]},"contributions":{},"includedScopes":[]}]},"contributions":{},"includedScopes":[]},"contributions":{},"includedScopes":[]},"contributions":{},"includedScopes":[]},"contributions":{},"includedScopes":[]},"contributions":{},"includedScopes":[]},"sourceMap":{"end":{"column":51,"line":21,"offset":626},"start":{"column":42,"line":21,"offset":617}}}],"id":"7308e3c0-49c1-4327-a610-ff31a338196a","message":"mover","metadata":[],"receiver":{"id":"1f413faa-0937-46e2-a394-96af51a48b3e","metadata":[],"name":"hector","scope":{"containerScope":{"containerScope":{"containerScope":{"containerScope":{"containerScope":{"containerScope":{"containerScope":{"containerScope":{"containerScope":{"containerScope":{"contributions":{},"includedScopes":[]},"contributions":{},"includedScopes":[{"contributions":{},"includedScopes":[]},{"contributions":{},"includedScopes":[]},{"contributions":{},"includedScopes":[]},{"contributions":{},"includedScopes":[]},{"contributions":{},"includedScopes":[]}]},"contributions":{},"includedScopes":[]},"contributions":{},"includedScopes":[]},"contributions":{},"includedScopes":[]},"contributions":{},"includedScopes":[{"containerScope":{"containerScope":{"containerScope":{"contributions":{},"includedScopes":[]},"contributions":{},"includedScopes":[]},"contributions":{},"includedScopes":[]},"contributions":{},"includedScopes":[{"containerScope":{"containerScope":{"containerScope":{"contributions":{},"includedScopes":[]},"contributions":{},"includedScopes":[]},"contributions":{},"includedScopes":[]},"contributions":{},"includedScopes":[]}]},{"containerScope":{"containerScope":{"containerScope":{"contributions":{},"includedScopes":[]},"contributions":{},"includedScopes":[]},"contributions":{},"includedScopes":[]},"contributions":{},"includedScopes":[]}]},"contributions":{},"includedScopes":[]},"contributions":{},"includedScopes":[]},"contributions":{},"includedScopes":[]},"contributions":{},"includedScopes":[]},"contributions":{},"includedScopes":[]},"sourceMap":{"end":{"column":35,"line":21,"offset":610},"start":{"column":29,"line":21,"offset":604}}},"scope":{"containerScope":{"containerScope":{"containerScope":{"containerScope":{"containerScope":{"containerScope":{"containerScope":{"containerScope":{"containerScope":{"contributions":{},"includedScopes":[]},"contributions":{},"includedScopes":[{"contributions":{},"includedScopes":[]},{"contributions":{},"includedScopes":[]},{"contributions":{},"includedScopes":[]},{"contributions":{},"includedScopes":[]},{"contributions":{},"includedScopes":[]}]},"contributions":{},"includedScopes":[]},"contributions":{},"includedScopes":[]},"contributions":{},"includedScopes":[]},"contributions":{},"includedScopes":[{"containerScope":{"containerScope":{"containerScope":{"contributions":{},"includedScopes":[]},"contributions":{},"includedScopes":[]},"contributions":{},"includedScopes":[]},"contributions":{},"includedScopes":[{"containerScope":{"containerScope":{"containerScope":{"contributions":{},"includedScopes":[]},"contributions":{},"includedScopes":[]},"contributions":{},"includedScopes":[]},"contributions":{},"includedScopes":[]}]},{"containerScope":{"containerScope":{"containerScope":{"contributions":{},"includedScopes":[]},"contributions":{},"includedScopes":[]},"contributions":{},"includedScopes":[]},"contributions":{},"includedScopes":[]}]},"contributions":{},"includedScopes":[]},"contributions":{},"includedScopes":[]},"contributions":{},"includedScopes":[]},"contributions":{},"includedScopes":[]},"sourceMap":{"end":{"column":52,"line":21,"offset":627},"start":{"column":29,"line":21,"offset":604}}}}]},"id":"6f7a89b2-731e-4ea2-8170-1d210be935cc","isOverride":false,"metadata":[],"name":"<apply>","parameters":[],"scope":{"containerScope":{"containerScope":{"containerScope":{"containerScope":{"containerScope":{"containerScope":{"contributions":{},"includedScopes":[]},"contributions":{},"includedScopes":[{"contributions":{},"includedScopes":[]},{"contributions":{},"includedScopes":[]},{"contributions":{},"includedScopes":[]},{"contributions":{},"includedScopes":[]},{"contributions":{},"includedScopes":[]}]},"contributions":{},"includedScopes":[]},"contributions":{},"includedScopes":[]},"contributions":{},"includedScopes":[]},"contributions":{},"includedScopes":[{"containerScope":{"containerScope":{"containerScope":{"contributions":{},"includedScopes":[]},"contributions":{},"includedScopes":[]},"contributions":{},"includedScopes":[]},"contributions":{},"includedScopes":[{"containerScope":{"containerScope":{"containerScope":{"contributions":{},"includedScopes":[]},"contributions":{},"includedScopes":[]},"contributions":{},"includedScopes":[]},"contributions":{},"includedScopes":[]}]},{"containerScope":{"containerScope":{"containerScope":{"contributions":{},"includedScopes":[]},"contributions":{},"includedScopes":[]},"contributions":{},"includedScopes":[]},"contributions":{},"includedScopes":[]}]},"contributions":{},"includedScopes":[]}},{"id":"916e307e-bcf4-40be-9de2-e3898f905538","isConstant":true,"isProperty":false,"metadata":[],"name":"<toString>","scope":{"containerScope":{"containerScope":{"containerScope":{"containerScope":{"containerScope":{"containerScope":{"contributions":{},"includedScopes":[]},"contributions":{},"includedScopes":[{"contributions":{},"includedScopes":[]},{"contributions":{},"includedScopes":[]},{"contributions":{},"includedScopes":[]},{"contributions":{},"includedScopes":[]},{"contributions":{},"includedScopes":[]}]},"contributions":{},"includedScopes":[]},"contributions":{},"includedScopes":[]},"contributions":{},"includedScopes":[]},"contributions":{},"includedScopes":[{"containerScope":{"containerScope":{"containerScope":{"contributions":{},"includedScopes":[]},"contributions":{},"includedScopes":[]},"contributions":{},"includedScopes":[]},"contributions":{},"includedScopes":[{"containerScope":{"containerScope":{"containerScope":{"contributions":{},"includedScopes":[]},"contributions":{},"includedScopes":[]},"contributions":{},"includedScopes":[]},"contributions":{},"includedScopes":[]}]},{"containerScope":{"containerScope":{"containerScope":{"contributions":{},"includedScopes":[]},"contributions":{},"includedScopes":[]},"contributions":{},"includedScopes":[]},"contributions":{},"includedScopes":[]}]},"contributions":{},"includedScopes":[]},"value":{"id":"39c31f13-a44f-4e1b-9e9f-c76f3221e2e0","metadata":[],"scope":{"containerScope":{"containerScope":{"containerScope":{"containerScope":{"containerScope":{"containerScope":{"containerScope":{"contributions":{},"includedScopes":[]},"contributions":{},"includedScopes":[{"contributions":{},"includedScopes":[]},{"contributions":{},"includedScopes":[]},{"contributions":{},"includedScopes":[]},{"contributions":{},"includedScopes":[]},{"contributions":{},"includedScopes":[]}]},"contributions":{},"includedScopes":[]},"contributions":{},"includedScopes":[]},"contributions":{},"includedScopes":[]},"contributions":{},"includedScopes":[{"containerScope":{"containerScope":{"containerScope":{"contributions":{},"includedScopes":[]},"contributions":{},"includedScopes":[]},"contributions":{},"includedScopes":[]},"contributions":{},"includedScopes":[{"containerScope":{"containerScope":{"containerScope":{"contributions":{},"includedScopes":[]},"contributions":{},"includedScopes":[]},"contributions":{},"includedScopes":[]},"contributions":{},"includedScopes":[]}]},{"containerScope":{"containerScope":{"containerScope":{"contributions":{},"includedScopes":[]},"contributions":{},"includedScopes":[]},"contributions":{},"includedScopes":[]},"contributions":{},"includedScopes":[]}]},"contributions":{},"includedScopes":[]},"contributions":{},"includedScopes":[]},"value":"{hector.mover(izquierda)}"}}],"metadata":[],"scope":{"containerScope":{"containerScope":{"containerScope":{"containerScope":{"containerScope":{"contributions":{},"includedScopes":[]},"contributions":{},"includedScopes":[{"contributions":{},"includedScopes":[]},{"contributions":{},"includedScopes":[]},{"contributions":{},"includedScopes":[]},{"contributions":{},"includedScopes":[]},{"contributions":{},"includedScopes":[]}]},"contributions":{},"includedScopes":[]},"contributions":{},"includedScopes":[]},"contributions":{},"includedScopes":[]},"contributions":{},"includedScopes":[{"containerScope":{"containerScope":{"containerScope":{"contributions":{},"includedScopes":[]},"contributions":{},"includedScopes":[]},"contributions":{},"includedScopes":[]},"contributions":{},"includedScopes":[{"containerScope":{"containerScope":{"containerScope":{"contributions":{},"includedScopes":[]},"contributions":{},"includedScopes":[]},"contributions":{},"includedScopes":[]},"contributions":{},"includedScopes":[]}]},{"containerScope":{"containerScope":{"containerScope":{"contributions":{},"includedScopes":[]},"contributions":{},"includedScopes":[]},"contributions":{},"includedScopes":[]},"contributions":{},"includedScopes":[]}]},"sourceMap":{"end":{"column":53,"line":21,"offset":628},"start":{"column":28,"line":21,"offset":603}},"supertypes":[{"args":[],"id":"550ec8cd-2c32-47f1-97de-ccd6bb93f675","metadata":[],"reference":{"id":"2320e441-132b-4a32-ba78-5e8855cf8507","metadata":[],"name":"wollok.lang.Closure","scope":{"containerScope":{"containerScope":{"containerScope":{"containerScope":{"containerScope":{"containerScope":{"contributions":{},"includedScopes":[]},"contributions":{},"includedScopes":[{"contributions":{},"includedScopes":[]},{"contributions":{},"includedScopes":[]},{"contributions":{},"includedScopes":[]},{"contributions":{},"includedScopes":[]},{"contributions":{},"includedScopes":[]}]},"contributions":{},"includedScopes":[]},"contributions":{},"includedScopes":[]},"contributions":{},"includedScopes":[]},"contributions":{},"includedScopes":[{"containerScope":{"containerScope":{"containerScope":{"contributions":{},"includedScopes":[]},"contributions":{},"includedScopes":[]},"contributions":{},"includedScopes":[]},"contributions":{},"includedScopes":[{"containerScope":{"containerScope":{"containerScope":{"contributions":{},"includedScopes":[]},"contributions":{},"includedScopes":[]},"contributions":{},"includedScopes":[]},"contributions":{},"includedScopes":[]}]},{"containerScope":{"containerScope":{"containerScope":{"contributions":{},"includedScopes":[]},"contributions":{},"includedScopes":[]},"contributions":{},"includedScopes":[]},"contributions":{},"includedScopes":[]}]},"contributions":{},"includedScopes":[]}},"scope":{"containerScope":{"containerScope":{"containerScope":{"containerScope":{"containerScope":{"containerScope":{"contributions":{},"includedScopes":[]},"contributions":{},"includedScopes":[{"contributions":{},"includedScopes":[]},{"contributions":{},"includedScopes":[]},{"contributions":{},"includedScopes":[]},{"contributions":{},"includedScopes":[]},{"contributions":{},"includedScopes":[]}]},"contributions":{},"includedScopes":[]},"contributions":{},"includedScopes":[]},"contributions":{},"includedScopes":[]},"contributions":{},"includedScopes":[{"containerScope":{"containerScope":{"containerScope":{"contributions":{},"includedScopes":[]},"contributions":{},"includedScopes":[]},"contributions":{},"includedScopes":[]},"contributions":{},"includedScopes":[{"containerScope":{"containerScope":{"containerScope":{"contributions":{},"includedScopes":[]},"contributions":{},"includedScopes":[]},"contributions":{},"includedScopes":[]},"contributions":{},"includedScopes":[]}]},{"containerScope":{"containerScope":{"containerScope":{"contributions":{},"includedScopes":[]},"contributions":{},"includedScopes":[]},"contributions":{},"includedScopes":[]},"contributions":{},"includedScopes":[]}]},"contributions":{},"includedScopes":[]}}]}],"id":"a7430be4-b6fa-475d-90a3-35b0c03fdeab","message":"onPressDo","metadata":[],"receiver":{"args":[],"id":"926e71b4-ff6f-46be-9877-65f86109d01f","message":"left","metadata":[],"receiver":{"id":"d9b9481f-8165-489e-a129-8eb9ff947db1","metadata":[],"name":"keyboard","scope":{"containerScope":{"containerScope":{"containerScope":{"containerScope":{"containerScope":{"containerScope":{"contributions":{},"includedScopes":[]},"contributions":{},"includedScopes":[{"contributions":{},"includedScopes":[]},{"contributions":{},"includedScopes":[]},{"contributions":{},"includedScopes":[]},{"contributions":{},"includedScopes":[]},{"contributions":{},"includedScopes":[]}]},"contributions":{},"includedScopes":[]},"contributions":{},"includedScopes":[]},"contributions":{},"includedScopes":[]},"contributions":{},"includedScopes":[]},"contributions":{},"includedScopes":[]},"sourceMap":{"end":{"column":10,"line":21,"offset":585},"start":{"column":2,"line":21,"offset":577}}},"scope":{"containerScope":{"containerScope":{"containerScope":{"containerScope":{"containerScope":{"contributions":{},"includedScopes":[]},"contributions":{},"includedScopes":[{"contributions":{},"includedScopes":[]},{"contributions":{},"includedScopes":[]},{"contributions":{},"includedScopes":[]},{"contributions":{},"includedScopes":[]},{"contributions":{},"includedScopes":[]}]},"contributions":{},"includedScopes":[]},"contributions":{},"includedScopes":[]},"contributions":{},"includedScopes":[]},"contributions":{},"includedScopes":[]},"sourceMap":{"end":{"column":17,"line":21,"offset":592},"start":{"column":2,"line":21,"offset":577}}},"scope":{"containerScope":{"containerScope":{"containerScope":{"containerScope":{"contributions":{},"includedScopes":[]},"contributions":{},"includedScopes":[{"contributions":{},"includedScopes":[]},{"contributions":{},"includedScopes":[]},{"contributions":{},"includedScopes":[]},{"contributions":{},"includedScopes":[]},{"contributions":{},"includedScopes":[]}]},"contributions":{},"includedScopes":[]},"contributions":{},"includedScopes":[]},"contributions":{},"includedScopes":[]},"sourceMap":{"end":{"column":54,"line":21,"offset":629},"start":{"column":2,"line":21,"offset":577}}},{"args":[{"id":"0ac8a480-579d-4cca-a552-21d681890968","members":[{"body":{"id":"556e5333-ce74-4c93-a427-bad14482cd8d","metadata":[],"scope":{"containerScope":{"containerScope":{"containerScope":{"containerScope":{"containerScope":{"containerScope":{"containerScope":{"contributions":{},"includedScopes":[]},"contributions":{},"includedScopes":[{"contributions":{},"includedScopes":[]},{"contributions":{},"includedScopes":[]},{"contributions":{},"includedScopes":[]},{"contributions":{},"includedScopes":[]},{"contributions":{},"includedScopes":[]}]},"contributions":{},"includedScopes":[]},"contributions":{},"includedScopes":[]},"contributions":{},"includedScopes":[]},"contributions":{},"includedScopes":[{"containerScope":{"containerScope":{"containerScope":{"contributions":{},"includedScopes":[]},"contributions":{},"includedScopes":[]},"contributions":{},"includedScopes":[]},"contributions":{},"includedScopes":[{"containerScope":{"containerScope":{"containerScope":{"contributions":{},"includedScopes":[]},"contributions":{},"includedScopes":[]},"contributions":{},"includedScopes":[]},"contributions":{},"includedScopes":[]}]},{"containerScope":{"containerScope":{"containerScope":{"contributions":{},"includedScopes":[]},"contributions":{},"includedScopes":[]},"contributions":{},"includedScopes":[]},"contributions":{},"includedScopes":[]}]},"contributions":{},"includedScopes":[]},"contributions":{},"includedScopes":[]},"sentences":[{"id":"535304cb-d1f3-4cee-b486-55fcb5080c25","metadata":[],"scope":{"containerScope":{"containerScope":{"containerScope":{"containerScope":{"containerScope":{"containerScope":{"containerScope":{"containerScope":{"contributions":{},"includedScopes":[]},"contributions":{},"includedScopes":[{"contributions":{},"includedScopes":[]},{"contributions":{},"includedScopes":[]},{"contributions":{},"includedScopes":[]},{"contributions":{},"includedScopes":[]},{"contributions":{},"includedScopes":[]}]},"contributions":{},"includedScopes":[]},"contributions":{},"includedScopes":[]},"contributions":{},"includedScopes":[]},"contributions":{},"includedScopes":[{"containerScope":{"containerScope":{"containerScope":{"contributions":{},"includedScopes":[]},"contributions":{},"includedScopes":[]},"contributions":{},"includedScopes":[]},"contributions":{},"includedScopes":[{"containerScope":{"containerScope":{"containerScope":{"contributions":{},"includedScopes":[]},"contributions":{},"includedScopes":[]},"contributions":{},"includedScopes":[]},"contributions":{},"includedScopes":[]}]},{"containerScope":{"containerScope":{"containerScope":{"contributions":{},"includedScopes":[]},"contributions":{},"includedScopes":[]},"contributions":{},"includedScopes":[]},"contributions":{},"includedScopes":[]}]},"contributions":{},"includedScopes":[]},"contributions":{},"includedScopes":[]},"contributions":{},"includedScopes":[]},"value":{"args":[{"args":[{"id":"c13636f8-f2e0-4e38-99ff-e07f2b14e58b","metadata":[],"name":"position","scope":{"containerScope":{"containerScope":{"containerScope":{"containerScope":{"containerScope":{"containerScope":{"containerScope":{"containerScope":{"containerScope":{"containerScope":{"containerScope":{"contributions":{},"includedScopes":[]},"contributions":{},"includedScopes":[{"contributions":{},"includedScopes":[]},{"contributions":{},"includedScopes":[]},{"contributions":{},"includedScopes":[]},{"contributions":{},"includedScopes":[]},{"contributions":{},"includedScopes":[]}]},"contributions":{},"includedScopes":[]},"contributions":{},"includedScopes":[]},"contributions":{},"includedScopes":[]},"contributions":{},"includedScopes":[{"containerScope":{"containerScope":{"containerScope":{"contributions":{},"includedScopes":[]},"contributions":{},"includedScopes":[]},"contributions":{},"includedScopes":[]},"contributions":{},"includedScopes":[{"containerScope":{"containerScope":{"containerScope":{"contributions":{},"includedScopes":[]},"contributions":{},"includedScopes":[]},"contributions":{},"includedScopes":[]},"contributions":{},"includedScopes":[]}]},{"containerScope":{"containerScope":{"containerScope":{"contributions":{},"includedScopes":[]},"contributions":{},"includedScopes":[]},"contributions":{},"includedScopes":[]},"contributions":{},"includedScopes":[]}]},"contributions":{},"includedScopes":[]},"contributions":{},"includedScopes":[]},"contributions":{},"includedScopes":[]},"contributions":{},"includedScopes":[]},"contributions":{},"includedScopes":[]},"contributions":{},"includedScopes":[]},"sourceMap":{"end":{"column":78,"line":22,"offset":707},"start":{"column":50,"line":22,"offset":679}},"value":{"args":[],"id":"5e755825-3dda-458a-971c-3ab3a56c9e39","message":"position","metadata":[],"receiver":{"id":"1e8aaa9a-3db2-4d5f-9b4e-4557d8ded519","metadata":[],"name":"hector","scope":{"containerScope":{"containerScope":{"containerScope":{"containerScope":{"containerScope":{"containerScope":{"containerScope":{"containerScope":{"containerScope":{"containerScope":{"containerScope":{"containerScope":{"containerScope":{"contributions":{},"includedScopes":[]},"contributions":{},"includedScopes":[{"contributions":{},"includedScopes":[]},{"contributions":{},"includedScopes":[]},{"contributions":{},"includedScopes":[]},{"contributions":{},"includedScopes":[]},{"contributions":{},"includedScopes":[]}]},"contributions":{},"includedScopes":[]},"contributions":{},"includedScopes":[]},"contributions":{},"includedScopes":[]},"contributions":{},"includedScopes":[{"containerScope":{"containerScope":{"containerScope":{"contributions":{},"includedScopes":[]},"contributions":{},"includedScopes":[]},"contributions":{},"includedScopes":[]},"contributions":{},"includedScopes":[{"containerScope":{"containerScope":{"containerScope":{"contributions":{},"includedScopes":[]},"contributions":{},"includedScopes":[]},"contributions":{},"includedScopes":[]},"contributions":{},"includedScopes":[]}]},{"containerScope":{"containerScope":{"containerScope":{"contributions":{},"includedScopes":[]},"contributions":{},"includedScopes":[]},"contributions":{},"includedScopes":[]},"contributions":{},"includedScopes":[]}]},"contributions":{},"includedScopes":[]},"contributions":{},"includedScopes":[]},"contributions":{},"includedScopes":[]},"contributions":{},"includedScopes":[]},"contributions":{},"includedScopes":[]},"contributions":{},"includedScopes":[]},"contributions":{},"includedScopes":[]},"contributions":{},"includedScopes":[]},"sourceMap":{"end":{"column":67,"line":22,"offset":696},"start":{"column":61,"line":22,"offset":690}}},"scope":{"containerScope":{"containerScope":{"containerScope":{"containerScope":{"containerScope":{"containerScope":{"containerScope":{"containerScope":{"containerScope":{"containerScope":{"containerScope":{"containerScope":{"contributions":{},"includedScopes":[]},"contributions":{},"includedScopes":[{"contributions":{},"includedScopes":[]},{"contributions":{},"includedScopes":[]},{"contributions":{},"includedScopes":[]},{"contributions":{},"includedScopes":[]},{"contributions":{},"includedScopes":[]}]},"contributions":{},"includedScopes":[]},"contributions":{},"includedScopes":[]},"contributions":{},"includedScopes":[]},"contributions":{},"includedScopes":[{"containerScope":{"containerScope":{"containerScope":{"contributions":{},"includedScopes":[]},"contributions":{},"includedScopes":[]},"contributions":{},"includedScopes":[]},"contributions":{},"includedScopes":[{"containerScope":{"containerScope":{"containerScope":{"contributions":{},"includedScopes":[]},"contributions":{},"includedScopes":[]},"contributions":{},"includedScopes":[]},"contributions":{},"includedScopes":[]}]},{"containerScope":{"containerScope":{"containerScope":{"contributions":{},"includedScopes":[]},"contributions":{},"includedScopes":[]},"contributions":{},"includedScopes":[]},"contributions":{},"includedScopes":[]}]},"contributions":{},"includedScopes":[]},"contributions":{},"includedScopes":[]},"contributions":{},"includedScopes":[]},"contributions":{},"includedScopes":[]},"contributions":{},"includedScopes":[]},"contributions":{},"includedScopes":[]},"contributions":{},"includedScopes":[]},"sourceMap":{"end":{"column":78,"line":22,"offset":707},"start":{"column":61,"line":22,"offset":690}}}}],"id":"4ba2e85a-f267-4501-8234-2dd7a399a7f7","instantiated":{"id":"37fbc2dd-70de-4117-b554-0c6c23f1e710","metadata":[],"name":"Maiz","scope":{"containerScope":{"containerScope":{"containerScope":{"containerScope":{"containerScope":{"containerScope":{"containerScope":{"containerScope":{"containerScope":{"containerScope":{"containerScope":{"contributions":{},"includedScopes":[]},"contributions":{},"includedScopes":[{"contributions":{},"includedScopes":[]},{"contributions":{},"includedScopes":[]},{"contributions":{},"includedScopes":[]},{"contributions":{},"includedScopes":[]},{"contributions":{},"includedScopes":[]}]},"contributions":{},"includedScopes":[]},"contributions":{},"includedScopes":[]},"contributions":{},"includedScopes":[]},"contributions":{},"includedScopes":[{"containerScope":{"containerScope":{"containerScope":{"contributions":{},"includedScopes":[]},"contributions":{},"includedScopes":[]},"contributions":{},"includedScopes":[]},"contributions":{},"includedScopes":[{"containerScope":{"containerScope":{"containerScope":{"contributions":{},"includedScopes":[]},"contributions":{},"includedScopes":[]},"contributions":{},"includedScopes":[]},"contributions":{},"includedScopes":[]}]},{"containerScope":{"containerScope":{"containerScope":{"contributions":{},"includedScopes":[]},"contributions":{},"includedScopes":[]},"contributions":{},"includedScopes":[]},"contributions":{},"includedScopes":[]}]},"contributions":{},"includedScopes":[]},"contributions":{},"includedScopes":[]},"contributions":{},"includedScopes":[]},"contributions":{},"includedScopes":[]},"contributions":{},"includedScopes":[]},"contributions":{},"includedScopes":[]},"sourceMap":{"end":{"column":49,"line":22,"offset":678},"start":{"column":45,"line":22,"offset":674}}},"metadata":[],"scope":{"containerScope":{"containerScope":{"containerScope":{"containerScope":{"containerScope":{"containerScope":{"containerScope":{"containerScope":{"containerScope":{"containerScope":{"contributions":{},"includedScopes":[]},"contributions":{},"includedScopes":[{"contributions":{},"includedScopes":[]},{"contributions":{},"includedScopes":[]},{"contributions":{},"includedScopes":[]},{"contributions":{},"includedScopes":[]},{"contributions":{},"includedScopes":[]}]},"contributions":{},"includedScopes":[]},"contributions":{},"includedScopes":[]},"contributions":{},"includedScopes":[]},"contributions":{},"includedScopes":[{"containerScope":{"containerScope":{"containerScope":{"contributions":{},"includedScopes":[]},"contributions":{},"includedScopes":[]},"contributions":{},"includedScopes":[]},"contributions":{},"includedScopes":[{"containerScope":{"containerScope":{"containerScope":{"contributions":{},"includedScopes":[]},"contributions":{},"includedScopes":[]},"contributions":{},"includedScopes":[]},"contributions":{},"includedScopes":[]}]},{"containerScope":{"containerScope":{"containerScope":{"contributions":{},"includedScopes":[]},"contributions":{},"includedScopes":[]},"contributions":{},"includedScopes":[]},"contributions":{},"includedScopes":[]}]},"contributions":{},"includedScopes":[]},"contributions":{},"includedScopes":[]},"contributions":{},"includedScopes":[]},"contributions":{},"includedScopes":[]},"contributions":{},"includedScopes":[]},"sourceMap":{"end":{"column":79,"line":22,"offset":708},"start":{"column":41,"line":22,"offset":670}}}],"id":"e5dfeb09-3b88-4921-9834-095cad44d2a5","message":"sembrar","metadata":[],"receiver":{"id":"832b186d-de21-4bf6-be9e-5c1d8577b33b","metadata":[],"name":"hector","scope":{"containerScope":{"containerScope":{"containerScope":{"containerScope":{"containerScope":{"containerScope":{"containerScope":{"containerScope":{"containerScope":{"containerScope":{"contributions":{},"includedScopes":[]},"contributions":{},"includedScopes":[{"contributions":{},"includedScopes":[]},{"contributions":{},"includedScopes":[]},{"contributions":{},"includedScopes":[]},{"contributions":{},"includedScopes":[]},{"contributions":{},"includedScopes":[]}]},"contributions":{},"includedScopes":[]},"contributions":{},"includedScopes":[]},"contributions":{},"includedScopes":[]},"contributions":{},"includedScopes":[{"containerScope":{"containerScope":{"containerScope":{"contributions":{},"includedScopes":[]},"contributions":{},"includedScopes":[]},"contributions":{},"includedScopes":[]},"contributions":{},"includedScopes":[{"containerScope":{"containerScope":{"containerScope":{"contributions":{},"includedScopes":[]},"contributions":{},"includedScopes":[]},"contributions":{},"includedScopes":[]},"contributions":{},"includedScopes":[]}]},{"containerScope":{"containerScope":{"containerScope":{"contributions":{},"includedScopes":[]},"contributions":{},"includedScopes":[]},"contributions":{},"includedScopes":[]},"contributions":{},"includedScopes":[]}]},"contributions":{},"includedScopes":[]},"contributions":{},"includedScopes":[]},"contributions":{},"includedScopes":[]},"contributions":{},"includedScopes":[]},"contributions":{},"includedScopes":[]},"sourceMap":{"end":{"column":32,"line":22,"offset":661},"start":{"column":26,"line":22,"offset":655}}},"scope":{"containerScope":{"containerScope":{"containerScope":{"containerScope":{"containerScope":{"containerScope":{"containerScope":{"containerScope":{"containerScope":{"contributions":{},"includedScopes":[]},"contributions":{},"includedScopes":[{"contributions":{},"includedScopes":[]},{"contributions":{},"includedScopes":[]},{"contributions":{},"includedScopes":[]},{"contributions":{},"includedScopes":[]},{"contributions":{},"includedScopes":[]}]},"contributions":{},"includedScopes":[]},"contributions":{},"includedScopes":[]},"contributions":{},"includedScopes":[]},"contributions":{},"includedScopes":[{"containerScope":{"containerScope":{"containerScope":{"contributions":{},"includedScopes":[]},"contributions":{},"includedScopes":[]},"contributions":{},"includedScopes":[]},"contributions":{},"includedScopes":[{"containerScope":{"containerScope":{"containerScope":{"contributions":{},"includedScopes":[]},"contributions":{},"includedScopes":[]},"contributions":{},"includedScopes":[]},"contributions":{},"includedScopes":[]}]},{"containerScope":{"containerScope":{"containerScope":{"contributions":{},"includedScopes":[]},"contributions":{},"includedScopes":[]},"contributions":{},"includedScopes":[]},"contributions":{},"includedScopes":[]}]},"contributions":{},"includedScopes":[]},"contributions":{},"includedScopes":[]},"contributions":{},"includedScopes":[]},"contributions":{},"includedScopes":[]},"sourceMap":{"end":{"column":80,"line":22,"offset":709},"start":{"column":26,"line":22,"offset":655}}}}]},"id":"94561cf7-1acc-466f-9e23-b26fddda9a5f","isOverride":false,"metadata":[],"name":"<apply>","parameters":[],"scope":{"containerScope":{"containerScope":{"containerScope":{"containerScope":{"containerScope":{"containerScope":{"contributions":{},"includedScopes":[]},"contributions":{},"includedScopes":[{"contributions":{},"includedScopes":[]},{"contributions":{},"includedScopes":[]},{"contributions":{},"includedScopes":[]},{"contributions":{},"includedScopes":[]},{"contributions":{},"includedScopes":[]}]},"contributions":{},"includedScopes":[]},"contributions":{},"includedScopes":[]},"contributions":{},"includedScopes":[]},"contributions":{},"includedScopes":[{"containerScope":{"containerScope":{"containerScope":{"contributions":{},"includedScopes":[]},"contributions":{},"includedScopes":[]},"contributions":{},"includedScopes":[]},"contributions":{},"includedScopes":[{"containerScope":{"containerScope":{"containerScope":{"contributions":{},"includedScopes":[]},"contributions":{},"includedScopes":[]},"contributions":{},"includedScopes":[]},"contributions":{},"includedScopes":[]}]},{"containerScope":{"containerScope":{"containerScope":{"contributions":{},"includedScopes":[]},"contributions":{},"includedScopes":[]},"contributions":{},"includedScopes":[]},"contributions":{},"includedScopes":[]}]},"contributions":{},"includedScopes":[]}},{"id":"d634d310-f129-4111-85bb-b63c91427626","isConstant":true,"isProperty":false,"metadata":[],"name":"<toString>","scope":{"containerScope":{"containerScope":{"containerScope":{"containerScope":{"containerScope":{"containerScope":{"contributions":{},"includedScopes":[]},"contributions":{},"includedScopes":[{"contributions":{},"includedScopes":[]},{"contributions":{},"includedScopes":[]},{"contributions":{},"includedScopes":[]},{"contributions":{},"includedScopes":[]},{"contributions":{},"includedScopes":[]}]},"contributions":{},"includedScopes":[]},"contributions":{},"includedScopes":[]},"contributions":{},"includedScopes":[]},"contributions":{},"includedScopes":[{"containerScope":{"containerScope":{"containerScope":{"contributions":{},"includedScopes":[]},"contributions":{},"includedScopes":[]},"contributions":{},"includedScopes":[]},"contributions":{},"includedScopes":[{"containerScope":{"containerScope":{"containerScope":{"contributions":{},"includedScopes":[]},"contributions":{},"includedScopes":[]},"contributions":{},"includedScopes":[]},"contributions":{},"includedScopes":[]}]},{"containerScope":{"containerScope":{"containerScope":{"contributions":{},"includedScopes":[]},"contributions":{},"includedScopes":[]},"contributions":{},"includedScopes":[]},"contributions":{},"includedScopes":[]}]},"contributions":{},"includedScopes":[]},"value":{"id":"3e97c2c9-5128-43a7-9720-525094f70337","metadata":[],"scope":{"containerScope":{"containerScope":{"containerScope":{"containerScope":{"containerScope":{"containerScope":{"containerScope":{"contributions":{},"includedScopes":[]},"contributions":{},"includedScopes":[{"contributions":{},"includedScopes":[]},{"contributions":{},"includedScopes":[]},{"contributions":{},"includedScopes":[]},{"contributions":{},"includedScopes":[]},{"contributions":{},"includedScopes":[]}]},"contributions":{},"includedScopes":[]},"contributions":{},"includedScopes":[]},"contributions":{},"includedScopes":[]},"contributions":{},"includedScopes":[{"containerScope":{"containerScope":{"containerScope":{"contributions":{},"includedScopes":[]},"contributions":{},"includedScopes":[]},"contributions":{},"includedScopes":[]},"contributions":{},"includedScopes":[{"containerScope":{"containerScope":{"containerScope":{"contributions":{},"includedScopes":[]},"contributions":{},"includedScopes":[]},"contributions":{},"includedScopes":[]},"contributions":{},"includedScopes":[]}]},{"containerScope":{"containerScope":{"containerScope":{"contributions":{},"includedScopes":[]},"contributions":{},"includedScopes":[]},"contributions":{},"includedScopes":[]},"contributions":{},"includedScopes":[]}]},"contributions":{},"includedScopes":[]},"contributions":{},"includedScopes":[]},"value":"{hector.sembrar(new Maiz(position = hector.position()))}"}}],"metadata":[],"scope":{"containerScope":{"containerScope":{"containerScope":{"containerScope":{"containerScope":{"contributions":{},"includedScopes":[]},"contributions":{},"includedScopes":[{"contributions":{},"includedScopes":[]},{"contributions":{},"includedScopes":[]},{"contributions":{},"includedScopes":[]},{"contributions":{},"includedScopes":[]},{"contributions":{},"includedScopes":[]}]},"contributions":{},"includedScopes":[]},"contributions":{},"includedScopes":[]},"contributions":{},"includedScopes":[]},"contributions":{},"includedScopes":[{"containerScope":{"containerScope":{"containerScope":{"contributions":{},"includedScopes":[]},"contributions":{},"includedScopes":[]},"contributions":{},"includedScopes":[]},"contributions":{},"includedScopes":[{"containerScope":{"containerScope":{"containerScope":{"contributions":{},"includedScopes":[]},"contributions":{},"includedScopes":[]},"contributions":{},"includedScopes":[]},"contributions":{},"includedScopes":[]}]},{"containerScope":{"containerScope":{"containerScope":{"contributions":{},"includedScopes":[]},"contributions":{},"includedScopes":[]},"contributions":{},"includedScopes":[]},"contributions":{},"includedScopes":[]}]},"sourceMap":{"end":{"column":81,"line":22,"offset":710},"start":{"column":25,"line":22,"offset":654}},"supertypes":[{"args":[],"id":"775c397c-8d22-45d2-8a66-f9ced13ec6b6","metadata":[],"reference":{"id":"24daa6a4-490a-4fe4-8887-0dabf61e64f4","metadata":[],"name":"wollok.lang.Closure","scope":{"containerScope":{"containerScope":{"containerScope":{"containerScope":{"containerScope":{"containerScope":{"contributions":{},"includedScopes":[]},"contributions":{},"includedScopes":[{"contributions":{},"includedScopes":[]},{"contributions":{},"includedScopes":[]},{"contributions":{},"includedScopes":[]},{"contributions":{},"includedScopes":[]},{"contributions":{},"includedScopes":[]}]},"contributions":{},"includedScopes":[]},"contributions":{},"includedScopes":[]},"contributions":{},"includedScopes":[]},"contributions":{},"includedScopes":[{"containerScope":{"containerScope":{"containerScope":{"contributions":{},"includedScopes":[]},"contributions":{},"includedScopes":[]},"contributions":{},"includedScopes":[]},"contributions":{},"includedScopes":[{"containerScope":{"containerScope":{"containerScope":{"contributions":{},"includedScopes":[]},"contributions":{},"includedScopes":[]},"contributions":{},"includedScopes":[]},"contributions":{},"includedScopes":[]}]},{"containerScope":{"containerScope":{"containerScope":{"contributions":{},"includedScopes":[]},"contributions":{},"includedScopes":[]},"contributions":{},"includedScopes":[]},"contributions":{},"includedScopes":[]}]},"contributions":{},"includedScopes":[]}},"scope":{"containerScope":{"containerScope":{"containerScope":{"containerScope":{"containerScope":{"containerScope":{"contributions":{},"includedScopes":[]},"contributions":{},"includedScopes":[{"contributions":{},"includedScopes":[]},{"contributions":{},"includedScopes":[]},{"contributions":{},"includedScopes":[]},{"contributions":{},"includedScopes":[]},{"contributions":{},"includedScopes":[]}]},"contributions":{},"includedScopes":[]},"contributions":{},"includedScopes":[]},"contributions":{},"includedScopes":[]},"contributions":{},"includedScopes":[{"containerScope":{"containerScope":{"containerScope":{"contributions":{},"includedScopes":[]},"contributions":{},"includedScopes":[]},"contributions":{},"includedScopes":[]},"contributions":{},"includedScopes":[{"containerScope":{"containerScope":{"containerScope":{"contributions":{},"includedScopes":[]},"contributions":{},"includedScopes":[]},"contributions":{},"includedScopes":[]},"contributions":{},"includedScopes":[]}]},{"containerScope":{"containerScope":{"containerScope":{"contributions":{},"includedScopes":[]},"contributions":{},"includedScopes":[]},"contributions":{},"includedScopes":[]},"contributions":{},"includedScopes":[]}]},"contributions":{},"includedScopes":[]}}]}],"id":"5cbc95c2-4aa1-4593-9b7b-5ec4bd46b939","message":"onPressDo","metadata":[],"receiver":{"args":[],"id":"dfb2ded2-2c1b-4e9e-9865-24e6052a26e6","message":"m","metadata":[],"receiver":{"id":"5a481bdc-c511-4b31-ae17-f030a6262257","metadata":[],"name":"keyboard","scope":{"containerScope":{"containerScope":{"containerScope":{"containerScope":{"containerScope":{"containerScope":{"contributions":{},"includedScopes":[]},"contributions":{},"includedScopes":[{"contributions":{},"includedScopes":[]},{"contributions":{},"includedScopes":[]},{"contributions":{},"includedScopes":[]},{"contributions":{},"includedScopes":[]},{"contributions":{},"includedScopes":[]}]},"contributions":{},"includedScopes":[]},"contributions":{},"includedScopes":[]},"contributions":{},"includedScopes":[]},"contributions":{},"includedScopes":[]},"contributions":{},"includedScopes":[]},"sourceMap":{"end":{"column":10,"line":22,"offset":639},"start":{"column":2,"line":22,"offset":631}}},"scope":{"containerScope":{"containerScope":{"containerScope":{"containerScope":{"containerScope":{"contributions":{},"includedScopes":[]},"contributions":{},"includedScopes":[{"contributions":{},"includedScopes":[]},{"contributions":{},"includedScopes":[]},{"contributions":{},"includedScopes":[]},{"contributions":{},"includedScopes":[]},{"contributions":{},"includedScopes":[]}]},"contributions":{},"includedScopes":[]},"contributions":{},"includedScopes":[]},"contributions":{},"includedScopes":[]},"contributions":{},"includedScopes":[]},"sourceMap":{"end":{"column":14,"line":22,"offset":643},"start":{"column":2,"line":22,"offset":631}}},"scope":{"containerScope":{"containerScope":{"containerScope":{"containerScope":{"contributions":{},"includedScopes":[]},"contributions":{},"includedScopes":[{"contributions":{},"includedScopes":[]},{"contributions":{},"includedScopes":[]},{"contributions":{},"includedScopes":[]},{"contributions":{},"includedScopes":[]},{"contributions":{},"includedScopes":[]}]},"contributions":{},"includedScopes":[]},"contributions":{},"includedScopes":[]},"contributions":{},"includedScopes":[]},"sourceMap":{"end":{"column":82,"line":22,"offset":711},"start":{"column":2,"line":22,"offset":631}}},{"args":[{"id":"ff1b8afd-9b00-4bcf-b093-6d4cedde26e3","members":[{"body":{"id":"47066e53-3d8e-4d8c-8291-5c0bf79ce373","metadata":[],"scope":{"containerScope":{"containerScope":{"containerScope":{"containerScope":{"containerScope":{"containerScope":{"containerScope":{"contributions":{},"includedScopes":[]},"contributions":{},"includedScopes":[{"contributions":{},"includedScopes":[]},{"contributions":{},"includedScopes":[]},{"contributions":{},"includedScopes":[]},{"contributions":{},"includedScopes":[]},{"contributions":{},"includedScopes":[]}]},"contributions":{},"includedScopes":[]},"contributions":{},"includedScopes":[]},"contributions":{},"includedScopes":[]},"contributions":{},"includedScopes":[{"containerScope":{"containerScope":{"containerScope":{"contributions":{},"includedScopes":[]},"contributions":{},"includedScopes":[]},"contributions":{},"includedScopes":[]},"contributions":{},"includedScopes":[{"containerScope":{"containerScope":{"containerScope":{"contributions":{},"includedScopes":[]},"contributions":{},"includedScopes":[]},"contributions":{},"includedScopes":[]},"contributions":{},"includedScopes":[]}]},{"containerScope":{"containerScope":{"containerScope":{"contributions":{},"includedScopes":[]},"contributions":{},"includedScopes":[]},"contributions":{},"includedScopes":[]},"contributions":{},"includedScopes":[]}]},"contributions":{},"includedScopes":[]},"contributions":{},"includedScopes":[]},"sentences":[{"id":"43f420e0-f99b-4fad-9f00-5908232afd22","metadata":[],"scope":{"containerScope":{"containerScope":{"containerScope":{"containerScope":{"containerScope":{"containerScope":{"containerScope":{"containerScope":{"contributions":{},"includedScopes":[]},"contributions":{},"includedScopes":[{"contributions":{},"includedScopes":[]},{"contributions":{},"includedScopes":[]},{"contributions":{},"includedScopes":[]},{"contributions":{},"includedScopes":[]},{"contributions":{},"includedScopes":[]}]},"contributions":{},"includedScopes":[]},"contributions":{},"includedScopes":[]},"contributions":{},"includedScopes":[]},"contributions":{},"includedScopes":[{"containerScope":{"containerScope":{"containerScope":{"contributions":{},"includedScopes":[]},"contributions":{},"includedScopes":[]},"contributions":{},"includedScopes":[]},"contributions":{},"includedScopes":[{"containerScope":{"containerScope":{"containerScope":{"contributions":{},"includedScopes":[]},"contributions":{},"includedScopes":[]},"contributions":{},"includedScopes":[]},"contributions":{},"includedScopes":[]}]},{"containerScope":{"containerScope":{"containerScope":{"contributions":{},"includedScopes":[]},"contributions":{},"includedScopes":[]},"contributions":{},"includedScopes":[]},"contributions":{},"includedScopes":[]}]},"contributions":{},"includedScopes":[]},"contributions":{},"includedScopes":[]},"contributions":{},"includedScopes":[]},"value":{"args":[{"args":[{"id":"ce427909-4fec-4767-9bd2-d2c6c19de734","metadata":[],"name":"position","scope":{"containerScope":{"containerScope":{"containerScope":{"containerScope":{"containerScope":{"containerScope":{"containerScope":{"containerScope":{"containerScope":{"containerScope":{"containerScope":{"contributions":{},"includedScopes":[]},"contributions":{},"includedScopes":[{"contributions":{},"includedScopes":[]},{"contributions":{},"includedScopes":[]},{"contributions":{},"includedScopes":[]},{"contributions":{},"includedScopes":[]},{"contributions":{},"includedScopes":[]}]},"contributions":{},"includedScopes":[]},"contributions":{},"includedScopes":[]},"contributions":{},"includedScopes":[]},"contributions":{},"includedScopes":[{"containerScope":{"containerScope":{"containerScope":{"contributions":{},"includedScopes":[]},"contributions":{},"includedScopes":[]},"contributions":{},"includedScopes":[]},"contributions":{},"includedScopes":[{"containerScope":{"containerScope":{"containerScope":{"contributions":{},"includedScopes":[]},"contributions":{},"includedScopes":[]},"contributions":{},"includedScopes":[]},"contributions":{},"includedScopes":[]}]},{"containerScope":{"containerScope":{"containerScope":{"contributions":{},"includedScopes":[]},"contributions":{},"includedScopes":[]},"contributions":{},"includedScopes":[]},"contributions":{},"includedScopes":[]}]},"contributions":{},"includedScopes":[]},"contributions":{},"includedScopes":[]},"contributions":{},"includedScopes":[]},"contributions":{},"includedScopes":[]},"contributions":{},"includedScopes":[]},"contributions":{},"includedScopes":[]},"sourceMap":{"end":{"column":79,"line":23,"offset":790},"start":{"column":51,"line":23,"offset":762}},"value":{"args":[],"id":"34137602-5465-4b92-8323-6d9d58ec7bc2","message":"position","metadata":[],"receiver":{"id":"7ef89a0e-d078-4591-bbc6-d4d00fe5216f","metadata":[],"name":"hector","scope":{"containerScope":{"containerScope":{"containerScope":{"containerScope":{"containerScope":{"containerScope":{"containerScope":{"containerScope":{"containerScope":{"containerScope":{"containerScope":{"containerScope":{"containerScope":{"contributions":{},"includedScopes":[]},"contributions":{},"includedScopes":[{"contributions":{},"includedScopes":[]},{"contributions":{},"includedScopes":[]},{"contributions":{},"includedScopes":[]},{"contributions":{},"includedScopes":[]},{"contributions":{},"includedScopes":[]}]},"contributions":{},"includedScopes":[]},"contributions":{},"includedScopes":[]},"contributions":{},"includedScopes":[]},"contributions":{},"includedScopes":[{"containerScope":{"containerScope":{"containerScope":{"contributions":{},"includedScopes":[]},"contributions":{},"includedScopes":[]},"contributions":{},"includedScopes":[]},"contributions":{},"includedScopes":[{"containerScope":{"containerScope":{"containerScope":{"contributions":{},"includedScopes":[]},"contributions":{},"includedScopes":[]},"contributions":{},"includedScopes":[]},"contributions":{},"includedScopes":[]}]},{"containerScope":{"containerScope":{"containerScope":{"contributions":{},"includedScopes":[]},"contributions":{},"includedScopes":[]},"contributions":{},"includedScopes":[]},"contributions":{},"includedScopes":[]}]},"contributions":{},"includedScopes":[]},"contributions":{},"includedScopes":[]},"contributions":{},"includedScopes":[]},"contributions":{},"includedScopes":[]},"contributions":{},"includedScopes":[]},"contributions":{},"includedScopes":[]},"contributions":{},"includedScopes":[]},"contributions":{},"includedScopes":[]},"sourceMap":{"end":{"column":68,"line":23,"offset":779},"start":{"column":62,"line":23,"offset":773}}},"scope":{"containerScope":{"containerScope":{"containerScope":{"containerScope":{"containerScope":{"containerScope":{"containerScope":{"containerScope":{"containerScope":{"containerScope":{"containerScope":{"containerScope":{"contributions":{},"includedScopes":[]},"contributions":{},"includedScopes":[{"contributions":{},"includedScopes":[]},{"contributions":{},"includedScopes":[]},{"contributions":{},"includedScopes":[]},{"contributions":{},"includedScopes":[]},{"contributions":{},"includedScopes":[]}]},"contributions":{},"includedScopes":[]},"contributions":{},"includedScopes":[]},"contributions":{},"includedScopes":[]},"contributions":{},"includedScopes":[{"containerScope":{"containerScope":{"containerScope":{"contributions":{},"includedScopes":[]},"contributions":{},"includedScopes":[]},"contributions":{},"includedScopes":[]},"contributions":{},"includedScopes":[{"containerScope":{"containerScope":{"containerScope":{"contributions":{},"includedScopes":[]},"contributions":{},"includedScopes":[]},"contributions":{},"includedScopes":[]},"contributions":{},"includedScopes":[]}]},{"containerScope":{"containerScope":{"containerScope":{"contributions":{},"includedScopes":[]},"contributions":{},"includedScopes":[]},"contributions":{},"includedScopes":[]},"contributions":{},"includedScopes":[]}]},"contributions":{},"includedScopes":[]},"contributions":{},"includedScopes":[]},"contributions":{},"includedScopes":[]},"contributions":{},"includedScopes":[]},"contributions":{},"includedScopes":[]},"contributions":{},"includedScopes":[]},"contributions":{},"includedScopes":[]},"sourceMap":{"end":{"column":79,"line":23,"offset":790},"start":{"column":62,"line":23,"offset":773}}}}],"id":"9b778ae8-4438-4819-af3d-224084c8b40c","instantiated":{"id":"61aecfcc-c086-4b97-8115-1b65d2ba84f0","metadata":[],"name":"Trigo","scope":{"containerScope":{"containerScope":{"containerScope":{"containerScope":{"containerScope":{"containerScope":{"containerScope":{"containerScope":{"containerScope":{"containerScope":{"containerScope":{"contributions":{},"includedScopes":[]},"contributions":{},"includedScopes":[{"contributions":{},"includedScopes":[]},{"contributions":{},"includedScopes":[]},{"contributions":{},"includedScopes":[]},{"contributions":{},"includedScopes":[]},{"contributions":{},"includedScopes":[]}]},"contributions":{},"includedScopes":[]},"contributions":{},"includedScopes":[]},"contributions":{},"includedScopes":[]},"contributions":{},"includedScopes":[{"containerScope":{"containerScope":{"containerScope":{"contributions":{},"includedScopes":[]},"contributions":{},"includedScopes":[]},"contributions":{},"includedScopes":[]},"contributions":{},"includedScopes":[{"containerScope":{"containerScope":{"containerScope":{"contributions":{},"includedScopes":[]},"contributions":{},"includedScopes":[]},"contributions":{},"includedScopes":[]},"contributions":{},"includedScopes":[]}]},{"containerScope":{"containerScope":{"containerScope":{"contributions":{},"includedScopes":[]},"contributions":{},"includedScopes":[]},"contributions":{},"includedScopes":[]},"contributions":{},"includedScopes":[]}]},"contributions":{},"includedScopes":[]},"contributions":{},"includedScopes":[]},"contributions":{},"includedScopes":[]},"contributions":{},"includedScopes":[]},"contributions":{},"includedScopes":[]},"contributions":{},"includedScopes":[]},"sourceMap":{"end":{"column":50,"line":23,"offset":761},"start":{"column":45,"line":23,"offset":756}}},"metadata":[],"scope":{"containerScope":{"containerScope":{"containerScope":{"containerScope":{"containerScope":{"containerScope":{"containerScope":{"containerScope":{"containerScope":{"containerScope":{"contributions":{},"includedScopes":[]},"contributions":{},"includedScopes":[{"contributions":{},"includedScopes":[]},{"contributions":{},"includedScopes":[]},{"contributions":{},"includedScopes":[]},{"contributions":{},"includedScopes":[]},{"contributions":{},"includedScopes":[]}]},"contributions":{},"includedScopes":[]},"contributions":{},"includedScopes":[]},"contributions":{},"includedScopes":[]},"contributions":{},"includedScopes":[{"containerScope":{"containerScope":{"containerScope":{"contributions":{},"includedScopes":[]},"contributions":{},"includedScopes":[]},"contributions":{},"includedScopes":[]},"contributions":{},"includedScopes":[{"containerScope":{"containerScope":{"containerScope":{"contributions":{},"includedScopes":[]},"contributions":{},"includedScopes":[]},"contributions":{},"includedScopes":[]},"contributions":{},"includedScopes":[]}]},{"containerScope":{"containerScope":{"containerScope":{"contributions":{},"includedScopes":[]},"contributions":{},"includedScopes":[]},"contributions":{},"includedScopes":[]},"contributions":{},"includedScopes":[]}]},"contributions":{},"includedScopes":[]},"contributions":{},"includedScopes":[]},"contributions":{},"includedScopes":[]},"contributions":{},"includedScopes":[]},"contributions":{},"includedScopes":[]},"sourceMap":{"end":{"column":80,"line":23,"offset":791},"start":{"column":41,"line":23,"offset":752}}}],"id":"d6e25529-8b62-4376-9618-1337fc60acfa","message":"sembrar","metadata":[],"receiver":{"id":"4d10e6cd-134a-4a22-86f8-1117b804adc9","metadata":[],"name":"hector","scope":{"containerScope":{"containerScope":{"containerScope":{"containerScope":{"containerScope":{"containerScope":{"containerScope":{"containerScope":{"containerScope":{"containerScope":{"contributions":{},"includedScopes":[]},"contributions":{},"includedScopes":[{"contributions":{},"includedScopes":[]},{"contributions":{},"includedScopes":[]},{"contributions":{},"includedScopes":[]},{"contributions":{},"includedScopes":[]},{"contributions":{},"includedScopes":[]}]},"contributions":{},"includedScopes":[]},"contributions":{},"includedScopes":[]},"contributions":{},"includedScopes":[]},"contributions":{},"includedScopes":[{"containerScope":{"containerScope":{"containerScope":{"contributions":{},"includedScopes":[]},"contributions":{},"includedScopes":[]},"contributions":{},"includedScopes":[]},"contributions":{},"includedScopes":[{"containerScope":{"containerScope":{"containerScope":{"contributions":{},"includedScopes":[]},"contributions":{},"includedScopes":[]},"contributions":{},"includedScopes":[]},"contributions":{},"includedScopes":[]}]},{"containerScope":{"containerScope":{"containerScope":{"contributions":{},"includedScopes":[]},"contributions":{},"includedScopes":[]},"contributions":{},"includedScopes":[]},"contributions":{},"includedScopes":[]}]},"contributions":{},"includedScopes":[]},"contributions":{},"includedScopes":[]},"contributions":{},"includedScopes":[]},"contributions":{},"includedScopes":[]},"contributions":{},"includedScopes":[]},"sourceMap":{"end":{"column":32,"line":23,"offset":743},"start":{"column":26,"line":23,"offset":737}}},"scope":{"containerScope":{"containerScope":{"containerScope":{"containerScope":{"containerScope":{"containerScope":{"containerScope":{"containerScope":{"containerScope":{"contributions":{},"includedScopes":[]},"contributions":{},"includedScopes":[{"contributions":{},"includedScopes":[]},{"contributions":{},"includedScopes":[]},{"contributions":{},"includedScopes":[]},{"contributions":{},"includedScopes":[]},{"contributions":{},"includedScopes":[]}]},"contributions":{},"includedScopes":[]},"contributions":{},"includedScopes":[]},"contributions":{},"includedScopes":[]},"contributions":{},"includedScopes":[{"containerScope":{"containerScope":{"containerScope":{"contributions":{},"includedScopes":[]},"contributions":{},"includedScopes":[]},"contributions":{},"includedScopes":[]},"contributions":{},"includedScopes":[{"containerScope":{"containerScope":{"containerScope":{"contributions":{},"includedScopes":[]},"contributions":{},"includedScopes":[]},"contributions":{},"includedScopes":[]},"contributions":{},"includedScopes":[]}]},{"containerScope":{"containerScope":{"containerScope":{"contributions":{},"includedScopes":[]},"contributions":{},"includedScopes":[]},"contributions":{},"includedScopes":[]},"contributions":{},"includedScopes":[]}]},"contributions":{},"includedScopes":[]},"contributions":{},"includedScopes":[]},"contributions":{},"includedScopes":[]},"contributions":{},"includedScopes":[]},"sourceMap":{"end":{"column":81,"line":23,"offset":792},"start":{"column":26,"line":23,"offset":737}}}}]},"id":"52273ef4-e59f-46d6-aad6-1036efc76770","isOverride":false,"metadata":[],"name":"<apply>","parameters":[],"scope":{"containerScope":{"containerScope":{"containerScope":{"containerScope":{"containerScope":{"containerScope":{"contributions":{},"includedScopes":[]},"contributions":{},"includedScopes":[{"contributions":{},"includedScopes":[]},{"contributions":{},"includedScopes":[]},{"contributions":{},"includedScopes":[]},{"contributions":{},"includedScopes":[]},{"contributions":{},"includedScopes":[]}]},"contributions":{},"includedScopes":[]},"contributions":{},"includedScopes":[]},"contributions":{},"includedScopes":[]},"contributions":{},"includedScopes":[{"containerScope":{"containerScope":{"containerScope":{"contributions":{},"includedScopes":[]},"contributions":{},"includedScopes":[]},"contributions":{},"includedScopes":[]},"contributions":{},"includedScopes":[{"containerScope":{"containerScope":{"containerScope":{"contributions":{},"includedScopes":[]},"contributions":{},"includedScopes":[]},"contributions":{},"includedScopes":[]},"contributions":{},"includedScopes":[]}]},{"containerScope":{"containerScope":{"containerScope":{"contributions":{},"includedScopes":[]},"contributions":{},"includedScopes":[]},"contributions":{},"includedScopes":[]},"contributions":{},"includedScopes":[]}]},"contributions":{},"includedScopes":[]}},{"id":"170beafd-aac0-40fa-bd00-ca2e929c7f58","isConstant":true,"isProperty":false,"metadata":[],"name":"<toString>","scope":{"containerScope":{"containerScope":{"containerScope":{"containerScope":{"containerScope":{"containerScope":{"contributions":{},"includedScopes":[]},"contributions":{},"includedScopes":[{"contributions":{},"includedScopes":[]},{"contributions":{},"includedScopes":[]},{"contributions":{},"includedScopes":[]},{"contributions":{},"includedScopes":[]},{"contributions":{},"includedScopes":[]}]},"contributions":{},"includedScopes":[]},"contributions":{},"includedScopes":[]},"contributions":{},"includedScopes":[]},"contributions":{},"includedScopes":[{"containerScope":{"containerScope":{"containerScope":{"contributions":{},"includedScopes":[]},"contributions":{},"includedScopes":[]},"contributions":{},"includedScopes":[]},"contributions":{},"includedScopes":[{"containerScope":{"containerScope":{"containerScope":{"contributions":{},"includedScopes":[]},"contributions":{},"includedScopes":[]},"contributions":{},"includedScopes":[]},"contributions":{},"includedScopes":[]}]},{"containerScope":{"containerScope":{"containerScope":{"contributions":{},"includedScopes":[]},"contributions":{},"includedScopes":[]},"contributions":{},"includedScopes":[]},"contributions":{},"includedScopes":[]}]},"contributions":{},"includedScopes":[]},"value":{"id":"433b9c72-aa3d-4ab2-8617-5de0cd5ef449","metadata":[],"scope":{"containerScope":{"containerScope":{"containerScope":{"containerScope":{"containerScope":{"containerScope":{"containerScope":{"contributions":{},"includedScopes":[]},"contributions":{},"includedScopes":[{"contributions":{},"includedScopes":[]},{"contributions":{},"includedScopes":[]},{"contributions":{},"includedScopes":[]},{"contributions":{},"includedScopes":[]},{"contributions":{},"includedScopes":[]}]},"contributions":{},"includedScopes":[]},"contributions":{},"includedScopes":[]},"contributions":{},"includedScopes":[]},"contributions":{},"includedScopes":[{"containerScope":{"containerScope":{"containerScope":{"contributions":{},"includedScopes":[]},"contributions":{},"includedScopes":[]},"contributions":{},"includedScopes":[]},"contributions":{},"includedScopes":[{"containerScope":{"containerScope":{"containerScope":{"contributions":{},"includedScopes":[]},"contributions":{},"includedScopes":[]},"contributions":{},"includedScopes":[]},"contributions":{},"includedScopes":[]}]},{"containerScope":{"containerScope":{"containerScope":{"contributions":{},"includedScopes":[]},"contributions":{},"includedScopes":[]},"contributions":{},"includedScopes":[]},"contributions":{},"includedScopes":[]}]},"contributions":{},"includedScopes":[]},"contributions":{},"includedScopes":[]},"value":"{hector.sembrar(new Trigo(position = hector.position()))}"}}],"metadata":[],"scope":{"containerScope":{"containerScope":{"containerScope":{"containerScope":{"containerScope":{"contributions":{},"includedScopes":[]},"contributions":{},"includedScopes":[{"contributions":{},"includedScopes":[]},{"contributions":{},"includedScopes":[]},{"contributions":{},"includedScopes":[]},{"contributions":{},"includedScopes":[]},{"contributions":{},"includedScopes":[]}]},"contributions":{},"includedScopes":[]},"contributions":{},"includedScopes":[]},"contributions":{},"includedScopes":[]},"contributions":{},"includedScopes":[{"containerScope":{"containerScope":{"containerScope":{"contributions":{},"includedScopes":[]},"contributions":{},"includedScopes":[]},"contributions":{},"includedScopes":[]},"contributions":{},"includedScopes":[{"containerScope":{"containerScope":{"containerScope":{"contributions":{},"includedScopes":[]},"contributions":{},"includedScopes":[]},"contributions":{},"includedScopes":[]},"contributions":{},"includedScopes":[]}]},{"containerScope":{"containerScope":{"containerScope":{"contributions":{},"includedScopes":[]},"contributions":{},"includedScopes":[]},"contributions":{},"includedScopes":[]},"contributions":{},"includedScopes":[]}]},"sourceMap":{"end":{"column":82,"line":23,"offset":793},"start":{"column":25,"line":23,"offset":736}},"supertypes":[{"args":[],"id":"af80a2fb-ee6f-4131-a3a3-10ad20e5bd57","metadata":[],"reference":{"id":"9ee18749-4f9e-4edb-a183-99a4a77b3800","metadata":[],"name":"wollok.lang.Closure","scope":{"containerScope":{"containerScope":{"containerScope":{"containerScope":{"containerScope":{"containerScope":{"contributions":{},"includedScopes":[]},"contributions":{},"includedScopes":[{"contributions":{},"includedScopes":[]},{"contributions":{},"includedScopes":[]},{"contributions":{},"includedScopes":[]},{"contributions":{},"includedScopes":[]},{"contributions":{},"includedScopes":[]}]},"contributions":{},"includedScopes":[]},"contributions":{},"includedScopes":[]},"contributions":{},"includedScopes":[]},"contributions":{},"includedScopes":[{"containerScope":{"containerScope":{"containerScope":{"contributions":{},"includedScopes":[]},"contributions":{},"includedScopes":[]},"contributions":{},"includedScopes":[]},"contributions":{},"includedScopes":[{"containerScope":{"containerScope":{"containerScope":{"contributions":{},"includedScopes":[]},"contributions":{},"includedScopes":[]},"contributions":{},"includedScopes":[]},"contributions":{},"includedScopes":[]}]},{"containerScope":{"containerScope":{"containerScope":{"contributions":{},"includedScopes":[]},"contributions":{},"includedScopes":[]},"contributions":{},"includedScopes":[]},"contributions":{},"includedScopes":[]}]},"contributions":{},"includedScopes":[]}},"scope":{"containerScope":{"containerScope":{"containerScope":{"containerScope":{"containerScope":{"containerScope":{"contributions":{},"includedScopes":[]},"contributions":{},"includedScopes":[{"contributions":{},"includedScopes":[]},{"contributions":{},"includedScopes":[]},{"contributions":{},"includedScopes":[]},{"contributions":{},"includedScopes":[]},{"contributions":{},"includedScopes":[]}]},"contributions":{},"includedScopes":[]},"contributions":{},"includedScopes":[]},"contributions":{},"includedScopes":[]},"contributions":{},"includedScopes":[{"containerScope":{"containerScope":{"containerScope":{"contributions":{},"includedScopes":[]},"contributions":{},"includedScopes":[]},"contributions":{},"includedScopes":[]},"contributions":{},"includedScopes":[{"containerScope":{"containerScope":{"containerScope":{"contributions":{},"includedScopes":[]},"contributions":{},"includedScopes":[]},"contributions":{},"includedScopes":[]},"contributions":{},"includedScopes":[]}]},{"containerScope":{"containerScope":{"containerScope":{"contributions":{},"includedScopes":[]},"contributions":{},"includedScopes":[]},"contributions":{},"includedScopes":[]},"contributions":{},"includedScopes":[]}]},"contributions":{},"includedScopes":[]}}]}],"id":"9583c805-66eb-4878-b7b2-75859121033f","message":"onPressDo","metadata":[],"receiver":{"args":[],"id":"03d4b523-df96-4ea3-a3bb-e5a00e6bcb1d","message":"t","metadata":[],"receiver":{"id":"4c607ef4-d709-4c41-a292-2d549beac871","metadata":[],"name":"keyboard","scope":{"containerScope":{"containerScope":{"containerScope":{"containerScope":{"containerScope":{"containerScope":{"contributions":{},"includedScopes":[]},"contributions":{},"includedScopes":[{"contributions":{},"includedScopes":[]},{"contributions":{},"includedScopes":[]},{"contributions":{},"includedScopes":[]},{"contributions":{},"includedScopes":[]},{"contributions":{},"includedScopes":[]}]},"contributions":{},"includedScopes":[]},"contributions":{},"includedScopes":[]},"contributions":{},"includedScopes":[]},"contributions":{},"includedScopes":[]},"contributions":{},"includedScopes":[]},"sourceMap":{"end":{"column":10,"line":23,"offset":721},"start":{"column":2,"line":23,"offset":713}}},"scope":{"containerScope":{"containerScope":{"containerScope":{"containerScope":{"containerScope":{"contributions":{},"includedScopes":[]},"contributions":{},"includedScopes":[{"contributions":{},"includedScopes":[]},{"contributions":{},"includedScopes":[]},{"contributions":{},"includedScopes":[]},{"contributions":{},"includedScopes":[]},{"contributions":{},"includedScopes":[]}]},"contributions":{},"includedScopes":[]},"contributions":{},"includedScopes":[]},"contributions":{},"includedScopes":[]},"contributions":{},"includedScopes":[]},"sourceMap":{"end":{"column":14,"line":23,"offset":725},"start":{"column":2,"line":23,"offset":713}}},"scope":{"containerScope":{"containerScope":{"containerScope":{"containerScope":{"contributions":{},"includedScopes":[]},"contributions":{},"includedScopes":[{"contributions":{},"includedScopes":[]},{"contributions":{},"includedScopes":[]},{"contributions":{},"includedScopes":[]},{"contributions":{},"includedScopes":[]},{"contributions":{},"includedScopes":[]}]},"contributions":{},"includedScopes":[]},"contributions":{},"includedScopes":[]},"contributions":{},"includedScopes":[]},"sourceMap":{"end":{"column":83,"line":23,"offset":794},"start":{"column":2,"line":23,"offset":713}}},{"args":[{"id":"b8b66a98-e597-4198-8a68-3ac6d23aec16","members":[{"body":{"id":"1ec51db7-8422-4906-bf7b-29c8f7824760","metadata":[],"scope":{"containerScope":{"containerScope":{"containerScope":{"containerScope":{"containerScope":{"containerScope":{"containerScope":{"contributions":{},"includedScopes":[]},"contributions":{},"includedScopes":[{"contributions":{},"includedScopes":[]},{"contributions":{},"includedScopes":[]},{"contributions":{},"includedScopes":[]},{"contributions":{},"includedScopes":[]},{"contributions":{},"includedScopes":[]}]},"contributions":{},"includedScopes":[]},"contributions":{},"includedScopes":[]},"contributions":{},"includedScopes":[]},"contributions":{},"includedScopes":[{"containerScope":{"containerScope":{"containerScope":{"contributions":{},"includedScopes":[]},"contributions":{},"includedScopes":[]},"contributions":{},"includedScopes":[]},"contributions":{},"includedScopes":[{"containerScope":{"containerScope":{"containerScope":{"contributions":{},"includedScopes":[]},"contributions":{},"includedScopes":[]},"contributions":{},"includedScopes":[]},"contributions":{},"includedScopes":[]}]},{"containerScope":{"containerScope":{"containerScope":{"contributions":{},"includedScopes":[]},"contributions":{},"includedScopes":[]},"contributions":{},"includedScopes":[]},"contributions":{},"includedScopes":[]}]},"contributions":{},"includedScopes":[]},"contributions":{},"includedScopes":[]},"sentences":[{"id":"c31bcdd2-39b7-46f6-ab94-4fa6bea74993","metadata":[],"scope":{"containerScope":{"containerScope":{"containerScope":{"containerScope":{"containerScope":{"containerScope":{"containerScope":{"containerScope":{"contributions":{},"includedScopes":[]},"contributions":{},"includedScopes":[{"contributions":{},"includedScopes":[]},{"contributions":{},"includedScopes":[]},{"contributions":{},"includedScopes":[]},{"contributions":{},"includedScopes":[]},{"contributions":{},"includedScopes":[]}]},"contributions":{},"includedScopes":[]},"contributions":{},"includedScopes":[]},"contributions":{},"includedScopes":[]},"contributions":{},"includedScopes":[{"containerScope":{"containerScope":{"containerScope":{"contributions":{},"includedScopes":[]},"contributions":{},"includedScopes":[]},"contributions":{},"includedScopes":[]},"contributions":{},"includedScopes":[{"containerScope":{"containerScope":{"containerScope":{"contributions":{},"includedScopes":[]},"contributions":{},"includedScopes":[]},"contributions":{},"includedScopes":[]},"contributions":{},"includedScopes":[]}]},{"containerScope":{"containerScope":{"containerScope":{"contributions":{},"includedScopes":[]},"contributions":{},"includedScopes":[]},"contributions":{},"includedScopes":[]},"contributions":{},"includedScopes":[]}]},"contributions":{},"includedScopes":[]},"contributions":{},"includedScopes":[]},"contributions":{},"includedScopes":[]},"value":{"args":[{"args":[{"id":"5e31418f-47dd-4893-8182-ac092ae62dea","metadata":[],"name":"position","scope":{"containerScope":{"containerScope":{"containerScope":{"containerScope":{"containerScope":{"containerScope":{"containerScope":{"containerScope":{"containerScope":{"containerScope":{"containerScope":{"contributions":{},"includedScopes":[]},"contributions":{},"includedScopes":[{"contributions":{},"includedScopes":[]},{"contributions":{},"includedScopes":[]},{"contributions":{},"includedScopes":[]},{"contributions":{},"includedScopes":[]},{"contributions":{},"includedScopes":[]}]},"contributions":{},"includedScopes":[]},"contributions":{},"includedScopes":[]},"contributions":{},"includedScopes":[]},"contributions":{},"includedScopes":[{"containerScope":{"containerScope":{"containerScope":{"contributions":{},"includedScopes":[]},"contributions":{},"includedScopes":[]},"contributions":{},"includedScopes":[]},"contributions":{},"includedScopes":[{"containerScope":{"containerScope":{"containerScope":{"contributions":{},"includedScopes":[]},"contributions":{},"includedScopes":[]},"contributions":{},"includedScopes":[]},"contributions":{},"includedScopes":[]}]},{"containerScope":{"containerScope":{"containerScope":{"contributions":{},"includedScopes":[]},"contributions":{},"includedScopes":[]},"contributions":{},"includedScopes":[]},"contributions":{},"includedScopes":[]}]},"contributions":{},"includedScopes":[]},"contributions":{},"includedScopes":[]},"contributions":{},"includedScopes":[]},"contributions":{},"includedScopes":[]},"contributions":{},"includedScopes":[]},"contributions":{},"includedScopes":[]},"sourceMap":{"end":{"column":80,"line":24,"offset":874},"start":{"column":52,"line":24,"offset":846}},"value":{"args":[],"id":"5a769355-0a07-4ea7-ba5f-1799d8932510","message":"position","metadata":[],"receiver":{"id":"ee5f6049-941a-4df2-b881-ee84ea91bdb2","metadata":[],"name":"hector","scope":{"containerScope":{"containerScope":{"containerScope":{"containerScope":{"containerScope":{"containerScope":{"containerScope":{"containerScope":{"containerScope":{"containerScope":{"containerScope":{"containerScope":{"containerScope":{"contributions":{},"includedScopes":[]},"contributions":{},"includedScopes":[{"contributions":{},"includedScopes":[]},{"contributions":{},"includedScopes":[]},{"contributions":{},"includedScopes":[]},{"contributions":{},"includedScopes":[]},{"contributions":{},"includedScopes":[]}]},"contributions":{},"includedScopes":[]},"contributions":{},"includedScopes":[]},"contributions":{},"includedScopes":[]},"contributions":{},"includedScopes":[{"containerScope":{"containerScope":{"containerScope":{"contributions":{},"includedScopes":[]},"contributions":{},"includedScopes":[]},"contributions":{},"includedScopes":[]},"contributions":{},"includedScopes":[{"containerScope":{"containerScope":{"containerScope":{"contributions":{},"includedScopes":[]},"contributions":{},"includedScopes":[]},"contributions":{},"includedScopes":[]},"contributions":{},"includedScopes":[]}]},{"containerScope":{"containerScope":{"containerScope":{"contributions":{},"includedScopes":[]},"contributions":{},"includedScopes":[]},"contributions":{},"includedScopes":[]},"contributions":{},"includedScopes":[]}]},"contributions":{},"includedScopes":[]},"contributions":{},"includedScopes":[]},"contributions":{},"includedScopes":[]},"contributions":{},"includedScopes":[]},"contributions":{},"includedScopes":[]},"contributions":{},"includedScopes":[]},"contributions":{},"includedScopes":[]},"contributions":{},"includedScopes":[]},"sourceMap":{"end":{"column":69,"line":24,"offset":863},"start":{"column":63,"line":24,"offset":857}}},"scope":{"containerScope":{"containerScope":{"containerScope":{"containerScope":{"containerScope":{"containerScope":{"containerScope":{"containerScope":{"containerScope":{"containerScope":{"containerScope":{"containerScope":{"contributions":{},"includedScopes":[]},"contributions":{},"includedScopes":[{"contributions":{},"includedScopes":[]},{"contributions":{},"includedScopes":[]},{"contributions":{},"includedScopes":[]},{"contributions":{},"includedScopes":[]},{"contributions":{},"includedScopes":[]}]},"contributions":{},"includedScopes":[]},"contributions":{},"includedScopes":[]},"contributions":{},"includedScopes":[]},"contributions":{},"includedScopes":[{"containerScope":{"containerScope":{"containerScope":{"contributions":{},"includedScopes":[]},"contributions":{},"includedScopes":[]},"contributions":{},"includedScopes":[]},"contributions":{},"includedScopes":[{"containerScope":{"containerScope":{"containerScope":{"contributions":{},"includedScopes":[]},"contributions":{},"includedScopes":[]},"contributions":{},"includedScopes":[]},"contributions":{},"includedScopes":[]}]},{"containerScope":{"containerScope":{"containerScope":{"contributions":{},"includedScopes":[]},"contributions":{},"includedScopes":[]},"contributions":{},"includedScopes":[]},"contributions":{},"includedScopes":[]}]},"contributions":{},"includedScopes":[]},"contributions":{},"includedScopes":[]},"contributions":{},"includedScopes":[]},"contributions":{},"includedScopes":[]},"contributions":{},"includedScopes":[]},"contributions":{},"includedScopes":[]},"contributions":{},"includedScopes":[]},"sourceMap":{"end":{"column":80,"line":24,"offset":874},"start":{"column":63,"line":24,"offset":857}}}}],"id":"138cd3e7-e9b6-4ad5-8fc3-7eabbcea7aed","instantiated":{"id":"cd9ed585-3ed1-4013-a767-383e445d43ec","metadata":[],"name":"Tomaco","scope":{"containerScope":{"containerScope":{"containerScope":{"containerScope":{"containerScope":{"containerScope":{"containerScope":{"containerScope":{"containerScope":{"containerScope":{"containerScope":{"contributions":{},"includedScopes":[]},"contributions":{},"includedScopes":[{"contributions":{},"includedScopes":[]},{"contributions":{},"includedScopes":[]},{"contributions":{},"includedScopes":[]},{"contributions":{},"includedScopes":[]},{"contributions":{},"includedScopes":[]}]},"contributions":{},"includedScopes":[]},"contributions":{},"includedScopes":[]},"contributions":{},"includedScopes":[]},"contributions":{},"includedScopes":[{"containerScope":{"containerScope":{"containerScope":{"contributions":{},"includedScopes":[]},"contributions":{},"includedScopes":[]},"contributions":{},"includedScopes":[]},"contributions":{},"includedScopes":[{"containerScope":{"containerScope":{"containerScope":{"contributions":{},"includedScopes":[]},"contributions":{},"includedScopes":[]},"contributions":{},"includedScopes":[]},"contributions":{},"includedScopes":[]}]},{"containerScope":{"containerScope":{"containerScope":{"contributions":{},"includedScopes":[]},"contributions":{},"includedScopes":[]},"contributions":{},"includedScopes":[]},"contributions":{},"includedScopes":[]}]},"contributions":{},"includedScopes":[]},"contributions":{},"includedScopes":[]},"contributions":{},"includedScopes":[]},"contributions":{},"includedScopes":[]},"contributions":{},"includedScopes":[]},"contributions":{},"includedScopes":[]},"sourceMap":{"end":{"column":51,"line":24,"offset":845},"start":{"column":45,"line":24,"offset":839}}},"metadata":[],"scope":{"containerScope":{"containerScope":{"containerScope":{"containerScope":{"containerScope":{"containerScope":{"containerScope":{"containerScope":{"containerScope":{"containerScope":{"contributions":{},"includedScopes":[]},"contributions":{},"includedScopes":[{"contributions":{},"includedScopes":[]},{"contributions":{},"includedScopes":[]},{"contributions":{},"includedScopes":[]},{"contributions":{},"includedScopes":[]},{"contributions":{},"includedScopes":[]}]},"contributions":{},"includedScopes":[]},"contributions":{},"includedScopes":[]},"contributions":{},"includedScopes":[]},"contributions":{},"includedScopes":[{"containerScope":{"containerScope":{"containerScope":{"contributions":{},"includedScopes":[]},"contributions":{},"includedScopes":[]},"contributions":{},"includedScopes":[]},"contributions":{},"includedScopes":[{"containerScope":{"containerScope":{"containerScope":{"contributions":{},"includedScopes":[]},"contributions":{},"includedScopes":[]},"contributions":{},"includedScopes":[]},"contributions":{},"includedScopes":[]}]},{"containerScope":{"containerScope":{"containerScope":{"contributions":{},"includedScopes":[]},"contributions":{},"includedScopes":[]},"contributions":{},"includedScopes":[]},"contributions":{},"includedScopes":[]}]},"contributions":{},"includedScopes":[]},"contributions":{},"includedScopes":[]},"contributions":{},"includedScopes":[]},"contributions":{},"includedScopes":[]},"contributions":{},"includedScopes":[]},"sourceMap":{"end":{"column":81,"line":24,"offset":875},"start":{"column":41,"line":24,"offset":835}}}],"id":"46623a5b-5093-4bc9-9e65-3629a52b8fae","message":"sembrar","metadata":[],"receiver":{"id":"7926665b-df69-4f09-bc14-9c07ed2bc21c","metadata":[],"name":"hector","scope":{"containerScope":{"containerScope":{"containerScope":{"containerScope":{"containerScope":{"containerScope":{"containerScope":{"containerScope":{"containerScope":{"containerScope":{"contributions":{},"includedScopes":[]},"contributions":{},"includedScopes":[{"contributions":{},"includedScopes":[]},{"contributions":{},"includedScopes":[]},{"contributions":{},"includedScopes":[]},{"contributions":{},"includedScopes":[]},{"contributions":{},"includedScopes":[]}]},"contributions":{},"includedScopes":[]},"contributions":{},"includedScopes":[]},"contributions":{},"includedScopes":[]},"contributions":{},"includedScopes":[{"containerScope":{"containerScope":{"containerScope":{"contributions":{},"includedScopes":[]},"contributions":{},"includedScopes":[]},"contributions":{},"includedScopes":[]},"contributions":{},"includedScopes":[{"containerScope":{"containerScope":{"containerScope":{"contributions":{},"includedScopes":[]},"contributions":{},"includedScopes":[]},"contributions":{},"includedScopes":[]},"contributions":{},"includedScopes":[]}]},{"containerScope":{"containerScope":{"containerScope":{"contributions":{},"includedScopes":[]},"contributions":{},"includedScopes":[]},"contributions":{},"includedScopes":[]},"contributions":{},"includedScopes":[]}]},"contributions":{},"includedScopes":[]},"contributions":{},"includedScopes":[]},"contributions":{},"includedScopes":[]},"contributions":{},"includedScopes":[]},"contributions":{},"includedScopes":[]},"sourceMap":{"end":{"column":32,"line":24,"offset":826},"start":{"column":26,"line":24,"offset":820}}},"scope":{"containerScope":{"containerScope":{"containerScope":{"containerScope":{"containerScope":{"containerScope":{"containerScope":{"containerScope":{"containerScope":{"contributions":{},"includedScopes":[]},"contributions":{},"includedScopes":[{"contributions":{},"includedScopes":[]},{"contributions":{},"includedScopes":[]},{"contributions":{},"includedScopes":[]},{"contributions":{},"includedScopes":[]},{"contributions":{},"includedScopes":[]}]},"contributions":{},"includedScopes":[]},"contributions":{},"includedScopes":[]},"contributions":{},"includedScopes":[]},"contributions":{},"includedScopes":[{"containerScope":{"containerScope":{"containerScope":{"contributions":{},"includedScopes":[]},"contributions":{},"includedScopes":[]},"contributions":{},"includedScopes":[]},"contributions":{},"includedScopes":[{"containerScope":{"containerScope":{"containerScope":{"contributions":{},"includedScopes":[]},"contributions":{},"includedScopes":[]},"contributions":{},"includedScopes":[]},"contributions":{},"includedScopes":[]}]},{"containerScope":{"containerScope":{"containerScope":{"contributions":{},"includedScopes":[]},"contributions":{},"includedScopes":[]},"contributions":{},"includedScopes":[]},"contributions":{},"includedScopes":[]}]},"contributions":{},"includedScopes":[]},"contributions":{},"includedScopes":[]},"contributions":{},"includedScopes":[]},"contributions":{},"includedScopes":[]},"sourceMap":{"end":{"column":82,"line":24,"offset":876},"start":{"column":26,"line":24,"offset":820}}}}]},"id":"ba2d50d3-0541-4925-890b-9781a173a35e","isOverride":false,"metadata":[],"name":"<apply>","parameters":[],"scope":{"containerScope":{"containerScope":{"containerScope":{"containerScope":{"containerScope":{"containerScope":{"contributions":{},"includedScopes":[]},"contributions":{},"includedScopes":[{"contributions":{},"includedScopes":[]},{"contributions":{},"includedScopes":[]},{"contributions":{},"includedScopes":[]},{"contributions":{},"includedScopes":[]},{"contributions":{},"includedScopes":[]}]},"contributions":{},"includedScopes":[]},"contributions":{},"includedScopes":[]},"contributions":{},"includedScopes":[]},"contributions":{},"includedScopes":[{"containerScope":{"containerScope":{"containerScope":{"contributions":{},"includedScopes":[]},"contributions":{},"includedScopes":[]},"contributions":{},"includedScopes":[]},"contributions":{},"includedScopes":[{"containerScope":{"containerScope":{"containerScope":{"contributions":{},"includedScopes":[]},"contributions":{},"includedScopes":[]},"contributions":{},"includedScopes":[]},"contributions":{},"includedScopes":[]}]},{"containerScope":{"containerScope":{"containerScope":{"contributions":{},"includedScopes":[]},"contributions":{},"includedScopes":[]},"contributions":{},"includedScopes":[]},"contributions":{},"includedScopes":[]}]},"contributions":{},"includedScopes":[]}},{"id":"c7aa1a05-8081-4878-b3a4-708097a106fc","isConstant":true,"isProperty":false,"metadata":[],"name":"<toString>","scope":{"containerScope":{"containerScope":{"containerScope":{"containerScope":{"containerScope":{"containerScope":{"contributions":{},"includedScopes":[]},"contributions":{},"includedScopes":[{"contributions":{},"includedScopes":[]},{"contributions":{},"includedScopes":[]},{"contributions":{},"includedScopes":[]},{"contributions":{},"includedScopes":[]},{"contributions":{},"includedScopes":[]}]},"contributions":{},"includedScopes":[]},"contributions":{},"includedScopes":[]},"contributions":{},"includedScopes":[]},"contributions":{},"includedScopes":[{"containerScope":{"containerScope":{"containerScope":{"contributions":{},"includedScopes":[]},"contributions":{},"includedScopes":[]},"contributions":{},"includedScopes":[]},"contributions":{},"includedScopes":[{"containerScope":{"containerScope":{"containerScope":{"contributions":{},"includedScopes":[]},"contributions":{},"includedScopes":[]},"contributions":{},"includedScopes":[]},"contributions":{},"includedScopes":[]}]},{"containerScope":{"containerScope":{"containerScope":{"contributions":{},"includedScopes":[]},"contributions":{},"includedScopes":[]},"contributions":{},"includedScopes":[]},"contributions":{},"includedScopes":[]}]},"contributions":{},"includedScopes":[]},"value":{"id":"85183c9d-906b-47d9-8a81-d0272e881590","metadata":[],"scope":{"containerScope":{"containerScope":{"containerScope":{"containerScope":{"containerScope":{"containerScope":{"containerScope":{"contributions":{},"includedScopes":[]},"contributions":{},"includedScopes":[{"contributions":{},"includedScopes":[]},{"contributions":{},"includedScopes":[]},{"contributions":{},"includedScopes":[]},{"contributions":{},"includedScopes":[]},{"contributions":{},"includedScopes":[]}]},"contributions":{},"includedScopes":[]},"contributions":{},"includedScopes":[]},"contributions":{},"includedScopes":[]},"contributions":{},"includedScopes":[{"containerScope":{"containerScope":{"containerScope":{"contributions":{},"includedScopes":[]},"contributions":{},"includedScopes":[]},"contributions":{},"includedScopes":[]},"contributions":{},"includedScopes":[{"containerScope":{"containerScope":{"containerScope":{"contributions":{},"includedScopes":[]},"contributions":{},"includedScopes":[]},"contributions":{},"includedScopes":[]},"contributions":{},"includedScopes":[]}]},{"containerScope":{"containerScope":{"containerScope":{"contributions":{},"includedScopes":[]},"contributions":{},"includedScopes":[]},"contributions":{},"includedScopes":[]},"contributions":{},"includedScopes":[]}]},"contributions":{},"includedScopes":[]},"contributions":{},"includedScopes":[]},"value":"{hector.sembrar(new Tomaco(position = hector.position()))}"}}],"metadata":[],"scope":{"containerScope":{"containerScope":{"containerScope":{"containerScope":{"containerScope":{"contributions":{},"includedScopes":[]},"contributions":{},"includedScopes":[{"contributions":{},"includedScopes":[]},{"contributions":{},"includedScopes":[]},{"contributions":{},"includedScopes":[]},{"contributions":{},"includedScopes":[]},{"contributions":{},"includedScopes":[]}]},"contributions":{},"includedScopes":[]},"contributions":{},"includedScopes":[]},"contributions":{},"includedScopes":[]},"contributions":{},"includedScopes":[{"containerScope":{"containerScope":{"containerScope":{"contributions":{},"includedScopes":[]},"contributions":{},"includedScopes":[]},"contributions":{},"includedScopes":[]},"contributions":{},"includedScopes":[{"containerScope":{"containerScope":{"containerScope":{"contributions":{},"includedScopes":[]},"contributions":{},"includedScopes":[]},"contributions":{},"includedScopes":[]},"contributions":{},"includedScopes":[]}]},{"containerScope":{"containerScope":{"containerScope":{"contributions":{},"includedScopes":[]},"contributions":{},"includedScopes":[]},"contributions":{},"includedScopes":[]},"contributions":{},"includedScopes":[]}]},"sourceMap":{"end":{"column":83,"line":24,"offset":877},"start":{"column":25,"line":24,"offset":819}},"supertypes":[{"args":[],"id":"61ef4614-c64a-4a51-87da-7fa4b5eeedae","metadata":[],"reference":{"id":"4fb1dc71-e264-4506-b46b-65edbe61bfd5","metadata":[],"name":"wollok.lang.Closure","scope":{"containerScope":{"containerScope":{"containerScope":{"containerScope":{"containerScope":{"containerScope":{"contributions":{},"includedScopes":[]},"contributions":{},"includedScopes":[{"contributions":{},"includedScopes":[]},{"contributions":{},"includedScopes":[]},{"contributions":{},"includedScopes":[]},{"contributions":{},"includedScopes":[]},{"contributions":{},"includedScopes":[]}]},"contributions":{},"includedScopes":[]},"contributions":{},"includedScopes":[]},"contributions":{},"includedScopes":[]},"contributions":{},"includedScopes":[{"containerScope":{"containerScope":{"containerScope":{"contributions":{},"includedScopes":[]},"contributions":{},"includedScopes":[]},"contributions":{},"includedScopes":[]},"contributions":{},"includedScopes":[{"containerScope":{"containerScope":{"containerScope":{"contributions":{},"includedScopes":[]},"contributions":{},"includedScopes":[]},"contributions":{},"includedScopes":[]},"contributions":{},"includedScopes":[]}]},{"containerScope":{"containerScope":{"containerScope":{"contributions":{},"includedScopes":[]},"contributions":{},"includedScopes":[]},"contributions":{},"includedScopes":[]},"contributions":{},"includedScopes":[]}]},"contributions":{},"includedScopes":[]}},"scope":{"containerScope":{"containerScope":{"containerScope":{"containerScope":{"containerScope":{"containerScope":{"contributions":{},"includedScopes":[]},"contributions":{},"includedScopes":[{"contributions":{},"includedScopes":[]},{"contributions":{},"includedScopes":[]},{"contributions":{},"includedScopes":[]},{"contributions":{},"includedScopes":[]},{"contributions":{},"includedScopes":[]}]},"contributions":{},"includedScopes":[]},"contributions":{},"includedScopes":[]},"contributions":{},"includedScopes":[]},"contributions":{},"includedScopes":[{"containerScope":{"containerScope":{"containerScope":{"contributions":{},"includedScopes":[]},"contributions":{},"includedScopes":[]},"contributions":{},"includedScopes":[]},"contributions":{},"includedScopes":[{"containerScope":{"containerScope":{"containerScope":{"contributions":{},"includedScopes":[]},"contributions":{},"includedScopes":[]},"contributions":{},"includedScopes":[]},"contributions":{},"includedScopes":[]}]},{"containerScope":{"containerScope":{"containerScope":{"contributions":{},"includedScopes":[]},"contributions":{},"includedScopes":[]},"contributions":{},"includedScopes":[]},"contributions":{},"includedScopes":[]}]},"contributions":{},"includedScopes":[]}}]}],"id":"6769c1c5-bd3a-4ce4-9d26-be56604c3ae1","message":"onPressDo","metadata":[],"receiver":{"args":[],"id":"01658b67-f513-4b7d-8902-0fd064eab538","message":"o","metadata":[],"receiver":{"id":"a60b1367-876f-44ef-8578-3bceded9a865","metadata":[],"name":"keyboard","scope":{"containerScope":{"containerScope":{"containerScope":{"containerScope":{"containerScope":{"containerScope":{"contributions":{},"includedScopes":[]},"contributions":{},"includedScopes":[{"contributions":{},"includedScopes":[]},{"contributions":{},"includedScopes":[]},{"contributions":{},"includedScopes":[]},{"contributions":{},"includedScopes":[]},{"contributions":{},"includedScopes":[]}]},"contributions":{},"includedScopes":[]},"contributions":{},"includedScopes":[]},"contributions":{},"includedScopes":[]},"contributions":{},"includedScopes":[]},"contributions":{},"includedScopes":[]},"sourceMap":{"end":{"column":10,"line":24,"offset":804},"start":{"column":2,"line":24,"offset":796}}},"scope":{"containerScope":{"containerScope":{"containerScope":{"containerScope":{"containerScope":{"contributions":{},"includedScopes":[]},"contributions":{},"includedScopes":[{"contributions":{},"includedScopes":[]},{"contributions":{},"includedScopes":[]},{"contributions":{},"includedScopes":[]},{"contributions":{},"includedScopes":[]},{"contributions":{},"includedScopes":[]}]},"contributions":{},"includedScopes":[]},"contributions":{},"includedScopes":[]},"contributions":{},"includedScopes":[]},"contributions":{},"includedScopes":[]},"sourceMap":{"end":{"column":14,"line":24,"offset":808},"start":{"column":2,"line":24,"offset":796}}},"scope":{"containerScope":{"containerScope":{"containerScope":{"containerScope":{"contributions":{},"includedScopes":[]},"contributions":{},"includedScopes":[{"contributions":{},"includedScopes":[]},{"contributions":{},"includedScopes":[]},{"contributions":{},"includedScopes":[]},{"contributions":{},"includedScopes":[]},{"contributions":{},"includedScopes":[]}]},"contributions":{},"includedScopes":[]},"contributions":{},"includedScopes":[]},"contributions":{},"includedScopes":[]},"sourceMap":{"end":{"column":84,"line":24,"offset":878},"start":{"column":2,"line":24,"offset":796}}},{"args":[{"id":"67063561-c70b-4c6b-b9be-62ac69cf62fd","members":[{"body":{"id":"39ff6f5e-0b0c-42d1-a037-b30d3b3f9582","metadata":[],"scope":{"containerScope":{"containerScope":{"containerScope":{"containerScope":{"containerScope":{"containerScope":{"containerScope":{"contributions":{},"includedScopes":[]},"contributions":{},"includedScopes":[{"contributions":{},"includedScopes":[]},{"contributions":{},"includedScopes":[]},{"contributions":{},"includedScopes":[]},{"contributions":{},"includedScopes":[]},{"contributions":{},"includedScopes":[]}]},"contributions":{},"includedScopes":[]},"contributions":{},"includedScopes":[]},"contributions":{},"includedScopes":[]},"contributions":{},"includedScopes":[{"containerScope":{"containerScope":{"containerScope":{"contributions":{},"includedScopes":[]},"contributions":{},"includedScopes":[]},"contributions":{},"includedScopes":[]},"contributions":{},"includedScopes":[{"containerScope":{"containerScope":{"containerScope":{"contributions":{},"includedScopes":[]},"contributions":{},"includedScopes":[]},"contributions":{},"includedScopes":[]},"contributions":{},"includedScopes":[]}]},{"containerScope":{"containerScope":{"containerScope":{"contributions":{},"includedScopes":[]},"contributions":{},"includedScopes":[]},"contributions":{},"includedScopes":[]},"contributions":{},"includedScopes":[]}]},"contributions":{},"includedScopes":[]},"contributions":{},"includedScopes":[]},"sentences":[{"id":"5783cabb-2d25-4679-a252-19ab23510124","metadata":[],"scope":{"containerScope":{"containerScope":{"containerScope":{"containerScope":{"containerScope":{"containerScope":{"containerScope":{"containerScope":{"contributions":{},"includedScopes":[]},"contributions":{},"includedScopes":[{"contributions":{},"includedScopes":[]},{"contributions":{},"includedScopes":[]},{"contributions":{},"includedScopes":[]},{"contributions":{},"includedScopes":[]},{"contributions":{},"includedScopes":[]}]},"contributions":{},"includedScopes":[]},"contributions":{},"includedScopes":[]},"contributions":{},"includedScopes":[]},"contributions":{},"includedScopes":[{"containerScope":{"containerScope":{"containerScope":{"contributions":{},"includedScopes":[]},"contributions":{},"includedScopes":[]},"contributions":{},"includedScopes":[]},"contributions":{},"includedScopes":[{"containerScope":{"containerScope":{"containerScope":{"contributions":{},"includedScopes":[]},"contributions":{},"includedScopes":[]},"contributions":{},"includedScopes":[]},"contributions":{},"includedScopes":[]}]},{"containerScope":{"containerScope":{"containerScope":{"contributions":{},"includedScopes":[]},"contributions":{},"includedScopes":[]},"contributions":{},"includedScopes":[]},"contributions":{},"includedScopes":[]}]},"contributions":{},"includedScopes":[]},"contributions":{},"includedScopes":[]},"contributions":{},"includedScopes":[]},"value":{"args":[],"id":"52b25e31-ba58-4cca-a2f4-21a68aafa7a1","message":"regar","metadata":[],"receiver":{"id":"d5284174-9ad8-44d5-ac1b-fd6805704c69","metadata":[],"name":"hector","scope":{"containerScope":{"containerScope":{"containerScope":{"containerScope":{"containerScope":{"containerScope":{"containerScope":{"containerScope":{"containerScope":{"containerScope":{"contributions":{},"includedScopes":[]},"contributions":{},"includedScopes":[{"contributions":{},"includedScopes":[]},{"contributions":{},"includedScopes":[]},{"contributions":{},"includedScopes":[]},{"contributions":{},"includedScopes":[]},{"contributions":{},"includedScopes":[]}]},"contributions":{},"includedScopes":[]},"contributions":{},"includedScopes":[]},"contributions":{},"includedScopes":[]},"contributions":{},"includedScopes":[{"containerScope":{"containerScope":{"containerScope":{"contributions":{},"includedScopes":[]},"contributions":{},"includedScopes":[]},"contributions":{},"includedScopes":[]},"contributions":{},"includedScopes":[{"containerScope":{"containerScope":{"containerScope":{"contributions":{},"includedScopes":[]},"contributions":{},"includedScopes":[]},"contributions":{},"includedScopes":[]},"contributions":{},"includedScopes":[]}]},{"containerScope":{"containerScope":{"containerScope":{"contributions":{},"includedScopes":[]},"contributions":{},"includedScopes":[]},"contributions":{},"includedScopes":[]},"contributions":{},"includedScopes":[]}]},"contributions":{},"includedScopes":[]},"contributions":{},"includedScopes":[]},"contributions":{},"includedScopes":[]},"contributions":{},"includedScopes":[]},"contributions":{},"includedScopes":[]},"sourceMap":{"end":{"column":32,"line":25,"offset":910},"start":{"column":26,"line":25,"offset":904}}},"scope":{"containerScope":{"containerScope":{"containerScope":{"containerScope":{"containerScope":{"containerScope":{"containerScope":{"containerScope":{"containerScope":{"contributions":{},"includedScopes":[]},"contributions":{},"includedScopes":[{"contributions":{},"includedScopes":[]},{"contributions":{},"includedScopes":[]},{"contributions":{},"includedScopes":[]},{"contributions":{},"includedScopes":[]},{"contributions":{},"includedScopes":[]}]},"contributions":{},"includedScopes":[]},"contributions":{},"includedScopes":[]},"contributions":{},"includedScopes":[]},"contributions":{},"includedScopes":[{"containerScope":{"containerScope":{"containerScope":{"contributions":{},"includedScopes":[]},"contributions":{},"includedScopes":[]},"contributions":{},"includedScopes":[]},"contributions":{},"includedScopes":[{"containerScope":{"containerScope":{"containerScope":{"contributions":{},"includedScopes":[]},"contributions":{},"includedScopes":[]},"contributions":{},"includedScopes":[]},"contributions":{},"includedScopes":[]}]},{"containerScope":{"containerScope":{"containerScope":{"contributions":{},"includedScopes":[]},"contributions":{},"includedScopes":[]},"contributions":{},"includedScopes":[]},"contributions":{},"includedScopes":[]}]},"contributions":{},"includedScopes":[]},"contributions":{},"includedScopes":[]},"contributions":{},"includedScopes":[]},"contributions":{},"includedScopes":[]},"sourceMap":{"end":{"column":40,"line":25,"offset":918},"start":{"column":26,"line":25,"offset":904}}}}]},"id":"2e7026f5-b3df-419c-b959-34c4d08ee7bf","isOverride":false,"metadata":[],"name":"<apply>","parameters":[],"scope":{"containerScope":{"containerScope":{"containerScope":{"containerScope":{"containerScope":{"containerScope":{"contributions":{},"includedScopes":[]},"contributions":{},"includedScopes":[{"contributions":{},"includedScopes":[]},{"contributions":{},"includedScopes":[]},{"contributions":{},"includedScopes":[]},{"contributions":{},"includedScopes":[]},{"contributions":{},"includedScopes":[]}]},"contributions":{},"includedScopes":[]},"contributions":{},"includedScopes":[]},"contributions":{},"includedScopes":[]},"contributions":{},"includedScopes":[{"containerScope":{"containerScope":{"containerScope":{"contributions":{},"includedScopes":[]},"contributions":{},"includedScopes":[]},"contributions":{},"includedScopes":[]},"contributions":{},"includedScopes":[{"containerScope":{"containerScope":{"containerScope":{"contributions":{},"includedScopes":[]},"contributions":{},"includedScopes":[]},"contributions":{},"includedScopes":[]},"contributions":{},"includedScopes":[]}]},{"containerScope":{"containerScope":{"containerScope":{"contributions":{},"includedScopes":[]},"contributions":{},"includedScopes":[]},"contributions":{},"includedScopes":[]},"contributions":{},"includedScopes":[]}]},"contributions":{},"includedScopes":[]}},{"id":"e258ce88-1410-49f0-ba46-8eab59986a92","isConstant":true,"isProperty":false,"metadata":[],"name":"<toString>","scope":{"containerScope":{"containerScope":{"containerScope":{"containerScope":{"containerScope":{"containerScope":{"contributions":{},"includedScopes":[]},"contributions":{},"includedScopes":[{"contributions":{},"includedScopes":[]},{"contributions":{},"includedScopes":[]},{"contributions":{},"includedScopes":[]},{"contributions":{},"includedScopes":[]},{"contributions":{},"includedScopes":[]}]},"contributions":{},"includedScopes":[]},"contributions":{},"includedScopes":[]},"contributions":{},"includedScopes":[]},"contributions":{},"includedScopes":[{"containerScope":{"containerScope":{"containerScope":{"contributions":{},"includedScopes":[]},"contributions":{},"includedScopes":[]},"contributions":{},"includedScopes":[]},"contributions":{},"includedScopes":[{"containerScope":{"containerScope":{"containerScope":{"contributions":{},"includedScopes":[]},"contributions":{},"includedScopes":[]},"contributions":{},"includedScopes":[]},"contributions":{},"includedScopes":[]}]},{"containerScope":{"containerScope":{"containerScope":{"contributions":{},"includedScopes":[]},"contributions":{},"includedScopes":[]},"contributions":{},"includedScopes":[]},"contributions":{},"includedScopes":[]}]},"contributions":{},"includedScopes":[]},"value":{"id":"55725f3b-0347-4d61-8cd6-278c37141037","metadata":[],"scope":{"containerScope":{"containerScope":{"containerScope":{"containerScope":{"containerScope":{"containerScope":{"containerScope":{"contributions":{},"includedScopes":[]},"contributions":{},"includedScopes":[{"contributions":{},"includedScopes":[]},{"contributions":{},"includedScopes":[]},{"contributions":{},"includedScopes":[]},{"contributions":{},"includedScopes":[]},{"contributions":{},"includedScopes":[]}]},"contributions":{},"includedScopes":[]},"contributions":{},"includedScopes":[]},"contributions":{},"includedScopes":[]},"contributions":{},"includedScopes":[{"containerScope":{"containerScope":{"containerScope":{"contributions":{},"includedScopes":[]},"contributions":{},"includedScopes":[]},"contributions":{},"includedScopes":[]},"contributions":{},"includedScopes":[{"containerScope":{"containerScope":{"containerScope":{"contributions":{},"includedScopes":[]},"contributions":{},"includedScopes":[]},"contributions":{},"includedScopes":[]},"contributions":{},"includedScopes":[]}]},{"containerScope":{"containerScope":{"containerScope":{"contributions":{},"includedScopes":[]},"contributions":{},"includedScopes":[]},"contributions":{},"includedScopes":[]},"contributions":{},"includedScopes":[]}]},"contributions":{},"includedScopes":[]},"contributions":{},"includedScopes":[]},"value":"{hector.regar()}"}}],"metadata":[],"scope":{"containerScope":{"containerScope":{"containerScope":{"containerScope":{"containerScope":{"contributions":{},"includedScopes":[]},"contributions":{},"includedScopes":[{"contributions":{},"includedScopes":[]},{"contributions":{},"includedScopes":[]},{"contributions":{},"includedScopes":[]},{"contributions":{},"includedScopes":[]},{"contributions":{},"includedScopes":[]}]},"contributions":{},"includedScopes":[]},"contributions":{},"includedScopes":[]},"contributions":{},"includedScopes":[]},"contributions":{},"includedScopes":[{"containerScope":{"containerScope":{"containerScope":{"contributions":{},"includedScopes":[]},"contributions":{},"includedScopes":[]},"contributions":{},"includedScopes":[]},"contributions":{},"includedScopes":[{"containerScope":{"containerScope":{"containerScope":{"contributions":{},"includedScopes":[]},"contributions":{},"includedScopes":[]},"contributions":{},"includedScopes":[]},"contributions":{},"includedScopes":[]}]},{"containerScope":{"containerScope":{"containerScope":{"contributions":{},"includedScopes":[]},"contributions":{},"includedScopes":[]},"contributions":{},"includedScopes":[]},"contributions":{},"includedScopes":[]}]},"sourceMap":{"end":{"column":41,"line":25,"offset":919},"start":{"column":25,"line":25,"offset":903}},"supertypes":[{"args":[],"id":"21bdeed0-ca41-4dc9-8691-1863df283fc1","metadata":[],"reference":{"id":"2abbdbc9-4132-49d0-a8b8-cf20a9701e27","metadata":[],"name":"wollok.lang.Closure","scope":{"containerScope":{"containerScope":{"containerScope":{"containerScope":{"containerScope":{"containerScope":{"contributions":{},"includedScopes":[]},"contributions":{},"includedScopes":[{"contributions":{},"includedScopes":[]},{"contributions":{},"includedScopes":[]},{"contributions":{},"includedScopes":[]},{"contributions":{},"includedScopes":[]},{"contributions":{},"includedScopes":[]}]},"contributions":{},"includedScopes":[]},"contributions":{},"includedScopes":[]},"contributions":{},"includedScopes":[]},"contributions":{},"includedScopes":[{"containerScope":{"containerScope":{"containerScope":{"contributions":{},"includedScopes":[]},"contributions":{},"includedScopes":[]},"contributions":{},"includedScopes":[]},"contributions":{},"includedScopes":[{"containerScope":{"containerScope":{"containerScope":{"contributions":{},"includedScopes":[]},"contributions":{},"includedScopes":[]},"contributions":{},"includedScopes":[]},"contributions":{},"includedScopes":[]}]},{"containerScope":{"containerScope":{"containerScope":{"contributions":{},"includedScopes":[]},"contributions":{},"includedScopes":[]},"contributions":{},"includedScopes":[]},"contributions":{},"includedScopes":[]}]},"contributions":{},"includedScopes":[]}},"scope":{"containerScope":{"containerScope":{"containerScope":{"containerScope":{"containerScope":{"containerScope":{"contributions":{},"includedScopes":[]},"contributions":{},"includedScopes":[{"contributions":{},"includedScopes":[]},{"contributions":{},"includedScopes":[]},{"contributions":{},"includedScopes":[]},{"contributions":{},"includedScopes":[]},{"contributions":{},"includedScopes":[]}]},"contributions":{},"includedScopes":[]},"contributions":{},"includedScopes":[]},"contributions":{},"includedScopes":[]},"contributions":{},"includedScopes":[{"containerScope":{"containerScope":{"containerScope":{"contributions":{},"includedScopes":[]},"contributions":{},"includedScopes":[]},"contributions":{},"includedScopes":[]},"contributions":{},"includedScopes":[{"containerScope":{"containerScope":{"containerScope":{"contributions":{},"includedScopes":[]},"contributions":{},"includedScopes":[]},"contributions":{},"includedScopes":[]},"contributions":{},"includedScopes":[]}]},{"containerScope":{"containerScope":{"containerScope":{"contributions":{},"includedScopes":[]},"contributions":{},"includedScopes":[]},"contributions":{},"includedScopes":[]},"contributions":{},"includedScopes":[]}]},"contributions":{},"includedScopes":[]}}]}],"id":"8de5df1a-ecb0-4234-b0e9-054a83028f24","message":"onPressDo","metadata":[],"receiver":{"args":[],"id":"7bb4c513-b71a-4d23-abac-9463740d884d","message":"r","metadata":[],"receiver":{"id":"ec9ab484-ddf8-4e88-b543-a53cd1df2184","metadata":[],"name":"keyboard","scope":{"containerScope":{"containerScope":{"containerScope":{"containerScope":{"containerScope":{"containerScope":{"contributions":{},"includedScopes":[]},"contributions":{},"includedScopes":[{"contributions":{},"includedScopes":[]},{"contributions":{},"includedScopes":[]},{"contributions":{},"includedScopes":[]},{"contributions":{},"includedScopes":[]},{"contributions":{},"includedScopes":[]}]},"contributions":{},"includedScopes":[]},"contributions":{},"includedScopes":[]},"contributions":{},"includedScopes":[]},"contributions":{},"includedScopes":[]},"contributions":{},"includedScopes":[]},"sourceMap":{"end":{"column":10,"line":25,"offset":888},"start":{"column":2,"line":25,"offset":880}}},"scope":{"containerScope":{"containerScope":{"containerScope":{"containerScope":{"containerScope":{"contributions":{},"includedScopes":[]},"contributions":{},"includedScopes":[{"contributions":{},"includedScopes":[]},{"contributions":{},"includedScopes":[]},{"contributions":{},"includedScopes":[]},{"contributions":{},"includedScopes":[]},{"contributions":{},"includedScopes":[]}]},"contributions":{},"includedScopes":[]},"contributions":{},"includedScopes":[]},"contributions":{},"includedScopes":[]},"contributions":{},"includedScopes":[]},"sourceMap":{"end":{"column":14,"line":25,"offset":892},"start":{"column":2,"line":25,"offset":880}}},"scope":{"containerScope":{"containerScope":{"containerScope":{"containerScope":{"contributions":{},"includedScopes":[]},"contributions":{},"includedScopes":[{"contributions":{},"includedScopes":[]},{"contributions":{},"includedScopes":[]},{"contributions":{},"includedScopes":[]},{"contributions":{},"includedScopes":[]},{"contributions":{},"includedScopes":[]}]},"contributions":{},"includedScopes":[]},"contributions":{},"includedScopes":[]},"contributions":{},"includedScopes":[]},"sourceMap":{"end":{"column":42,"line":25,"offset":920},"start":{"column":2,"line":25,"offset":880}}},{"args":[{"id":"3d2e6b2a-19af-4fe4-84d8-63a010525968","members":[{"body":{"id":"f1a3b617-2ac4-4f12-a15e-af15af636769","metadata":[],"scope":{"containerScope":{"containerScope":{"containerScope":{"containerScope":{"containerScope":{"containerScope":{"containerScope":{"contributions":{},"includedScopes":[]},"contributions":{},"includedScopes":[{"contributions":{},"includedScopes":[]},{"contributions":{},"includedScopes":[]},{"contributions":{},"includedScopes":[]},{"contributions":{},"includedScopes":[]},{"contributions":{},"includedScopes":[]}]},"contributions":{},"includedScopes":[]},"contributions":{},"includedScopes":[]},"contributions":{},"includedScopes":[]},"contributions":{},"includedScopes":[{"containerScope":{"containerScope":{"containerScope":{"contributions":{},"includedScopes":[]},"contributions":{},"includedScopes":[]},"contributions":{},"includedScopes":[]},"contributions":{},"includedScopes":[{"containerScope":{"containerScope":{"containerScope":{"contributions":{},"includedScopes":[]},"contributions":{},"includedScopes":[]},"contributions":{},"includedScopes":[]},"contributions":{},"includedScopes":[]}]},{"containerScope":{"containerScope":{"containerScope":{"contributions":{},"includedScopes":[]},"contributions":{},"includedScopes":[]},"contributions":{},"includedScopes":[]},"contributions":{},"includedScopes":[]}]},"contributions":{},"includedScopes":[]},"contributions":{},"includedScopes":[]},"sentences":[{"id":"306c4fea-348b-473e-a5a4-9be84e8cfe8a","metadata":[],"scope":{"containerScope":{"containerScope":{"containerScope":{"containerScope":{"containerScope":{"containerScope":{"containerScope":{"containerScope":{"contributions":{},"includedScopes":[]},"contributions":{},"includedScopes":[{"contributions":{},"includedScopes":[]},{"contributions":{},"includedScopes":[]},{"contributions":{},"includedScopes":[]},{"contributions":{},"includedScopes":[]},{"contributions":{},"includedScopes":[]}]},"contributions":{},"includedScopes":[]},"contributions":{},"includedScopes":[]},"contributions":{},"includedScopes":[]},"contributions":{},"includedScopes":[{"containerScope":{"containerScope":{"containerScope":{"contributions":{},"includedScopes":[]},"contributions":{},"includedScopes":[]},"contributions":{},"includedScopes":[]},"contributions":{},"includedScopes":[{"containerScope":{"containerScope":{"containerScope":{"contributions":{},"includedScopes":[]},"contributions":{},"includedScopes":[]},"contributions":{},"includedScopes":[]},"contributions":{},"includedScopes":[]}]},{"containerScope":{"containerScope":{"containerScope":{"contributions":{},"includedScopes":[]},"contributions":{},"includedScopes":[]},"contributions":{},"includedScopes":[]},"contributions":{},"includedScopes":[]}]},"contributions":{},"includedScopes":[]},"contributions":{},"includedScopes":[]},"contributions":{},"includedScopes":[]},"value":{"args":[],"id":"e30ce779-5e80-4bf5-b1da-888888092015","message":"cosechar","metadata":[],"receiver":{"id":"554613db-ba09-4304-93c6-0be8cabfc03f","metadata":[],"name":"hector","scope":{"containerScope":{"containerScope":{"containerScope":{"containerScope":{"containerScope":{"containerScope":{"containerScope":{"containerScope":{"containerScope":{"containerScope":{"contributions":{},"includedScopes":[]},"contributions":{},"includedScopes":[{"contributions":{},"includedScopes":[]},{"contributions":{},"includedScopes":[]},{"contributions":{},"includedScopes":[]},{"contributions":{},"includedScopes":[]},{"contributions":{},"includedScopes":[]}]},"contributions":{},"includedScopes":[]},"contributions":{},"includedScopes":[]},"contributions":{},"includedScopes":[]},"contributions":{},"includedScopes":[{"containerScope":{"containerScope":{"containerScope":{"contributions":{},"includedScopes":[]},"contributions":{},"includedScopes":[]},"contributions":{},"includedScopes":[]},"contributions":{},"includedScopes":[{"containerScope":{"containerScope":{"containerScope":{"contributions":{},"includedScopes":[]},"contributions":{},"includedScopes":[]},"contributions":{},"includedScopes":[]},"contributions":{},"includedScopes":[]}]},{"containerScope":{"containerScope":{"containerScope":{"contributions":{},"includedScopes":[]},"contributions":{},"includedScopes":[]},"contributions":{},"includedScopes":[]},"contributions":{},"includedScopes":[]}]},"contributions":{},"includedScopes":[]},"contributions":{},"includedScopes":[]},"contributions":{},"includedScopes":[]},"contributions":{},"includedScopes":[]},"contributions":{},"includedScopes":[]},"sourceMap":{"end":{"column":32,"line":26,"offset":952},"start":{"column":26,"line":26,"offset":946}}},"scope":{"containerScope":{"containerScope":{"containerScope":{"containerScope":{"containerScope":{"containerScope":{"containerScope":{"containerScope":{"containerScope":{"contributions":{},"includedScopes":[]},"contributions":{},"includedScopes":[{"contributions":{},"includedScopes":[]},{"contributions":{},"includedScopes":[]},{"contributions":{},"includedScopes":[]},{"contributions":{},"includedScopes":[]},{"contributions":{},"includedScopes":[]}]},"contributions":{},"includedScopes":[]},"contributions":{},"includedScopes":[]},"contributions":{},"includedScopes":[]},"contributions":{},"includedScopes":[{"containerScope":{"containerScope":{"containerScope":{"contributions":{},"includedScopes":[]},"contributions":{},"includedScopes":[]},"contributions":{},"includedScopes":[]},"contributions":{},"includedScopes":[{"containerScope":{"containerScope":{"containerScope":{"contributions":{},"includedScopes":[]},"contributions":{},"includedScopes":[]},"contributions":{},"includedScopes":[]},"contributions":{},"includedScopes":[]}]},{"containerScope":{"containerScope":{"containerScope":{"contributions":{},"includedScopes":[]},"contributions":{},"includedScopes":[]},"contributions":{},"includedScopes":[]},"contributions":{},"includedScopes":[]}]},"contributions":{},"includedScopes":[]},"contributions":{},"includedScopes":[]},"contributions":{},"includedScopes":[]},"contributions":{},"includedScopes":[]},"sourceMap":{"end":{"column":43,"line":26,"offset":963},"start":{"column":26,"line":26,"offset":946}}}}]},"id":"c1a93091-2ffb-4674-a9e2-a4dbe361f745","isOverride":false,"metadata":[],"name":"<apply>","parameters":[],"scope":{"containerScope":{"containerScope":{"containerScope":{"containerScope":{"containerScope":{"containerScope":{"contributions":{},"includedScopes":[]},"contributions":{},"includedScopes":[{"contributions":{},"includedScopes":[]},{"contributions":{},"includedScopes":[]},{"contributions":{},"includedScopes":[]},{"contributions":{},"includedScopes":[]},{"contributions":{},"includedScopes":[]}]},"contributions":{},"includedScopes":[]},"contributions":{},"includedScopes":[]},"contributions":{},"includedScopes":[]},"contributions":{},"includedScopes":[{"containerScope":{"containerScope":{"containerScope":{"contributions":{},"includedScopes":[]},"contributions":{},"includedScopes":[]},"contributions":{},"includedScopes":[]},"contributions":{},"includedScopes":[{"containerScope":{"containerScope":{"containerScope":{"contributions":{},"includedScopes":[]},"contributions":{},"includedScopes":[]},"contributions":{},"includedScopes":[]},"contributions":{},"includedScopes":[]}]},{"containerScope":{"containerScope":{"containerScope":{"contributions":{},"includedScopes":[]},"contributions":{},"includedScopes":[]},"contributions":{},"includedScopes":[]},"contributions":{},"includedScopes":[]}]},"contributions":{},"includedScopes":[]}},{"id":"07b95189-60d6-4990-b1f1-e95dd402a3bb","isConstant":true,"isProperty":false,"metadata":[],"name":"<toString>","scope":{"containerScope":{"containerScope":{"containerScope":{"containerScope":{"containerScope":{"containerScope":{"contributions":{},"includedScopes":[]},"contributions":{},"includedScopes":[{"contributions":{},"includedScopes":[]},{"contributions":{},"includedScopes":[]},{"contributions":{},"includedScopes":[]},{"contributions":{},"includedScopes":[]},{"contributions":{},"includedScopes":[]}]},"contributions":{},"includedScopes":[]},"contributions":{},"includedScopes":[]},"contributions":{},"includedScopes":[]},"contributions":{},"includedScopes":[{"containerScope":{"containerScope":{"containerScope":{"contributions":{},"includedScopes":[]},"contributions":{},"includedScopes":[]},"contributions":{},"includedScopes":[]},"contributions":{},"includedScopes":[{"containerScope":{"containerScope":{"containerScope":{"contributions":{},"includedScopes":[]},"contributions":{},"includedScopes":[]},"contributions":{},"includedScopes":[]},"contributions":{},"includedScopes":[]}]},{"containerScope":{"containerScope":{"containerScope":{"contributions":{},"includedScopes":[]},"contributions":{},"includedScopes":[]},"contributions":{},"includedScopes":[]},"contributions":{},"includedScopes":[]}]},"contributions":{},"includedScopes":[]},"value":{"id":"d0f457ed-396e-4f36-a4f4-58cef7624beb","metadata":[],"scope":{"containerScope":{"containerScope":{"containerScope":{"containerScope":{"containerScope":{"containerScope":{"containerScope":{"contributions":{},"includedScopes":[]},"contributions":{},"includedScopes":[{"contributions":{},"includedScopes":[]},{"contributions":{},"includedScopes":[]},{"contributions":{},"includedScopes":[]},{"contributions":{},"includedScopes":[]},{"contributions":{},"includedScopes":[]}]},"contributions":{},"includedScopes":[]},"contributions":{},"includedScopes":[]},"contributions":{},"includedScopes":[]},"contributions":{},"includedScopes":[{"containerScope":{"containerScope":{"containerScope":{"contributions":{},"includedScopes":[]},"contributions":{},"includedScopes":[]},"contributions":{},"includedScopes":[]},"contributions":{},"includedScopes":[{"containerScope":{"containerScope":{"containerScope":{"contributions":{},"includedScopes":[]},"contributions":{},"includedScopes":[]},"contributions":{},"includedScopes":[]},"contributions":{},"includedScopes":[]}]},{"containerScope":{"containerScope":{"containerScope":{"contributions":{},"includedScopes":[]},"contributions":{},"includedScopes":[]},"contributions":{},"includedScopes":[]},"contributions":{},"includedScopes":[]}]},"contributions":{},"includedScopes":[]},"contributions":{},"includedScopes":[]},"value":"{hector.cosechar()}"}}],"metadata":[],"scope":{"containerScope":{"containerScope":{"containerScope":{"containerScope":{"containerScope":{"contributions":{},"includedScopes":[]},"contributions":{},"includedScopes":[{"contributions":{},"includedScopes":[]},{"contributions":{},"includedScopes":[]},{"contributions":{},"includedScopes":[]},{"contributions":{},"includedScopes":[]},{"contributions":{},"includedScopes":[]}]},"contributions":{},"includedScopes":[]},"contributions":{},"includedScopes":[]},"contributions":{},"includedScopes":[]},"contributions":{},"includedScopes":[{"containerScope":{"containerScope":{"containerScope":{"contributions":{},"includedScopes":[]},"contributions":{},"includedScopes":[]},"contributions":{},"includedScopes":[]},"contributions":{},"includedScopes":[{"containerScope":{"containerScope":{"containerScope":{"contributions":{},"includedScopes":[]},"contributions":{},"includedScopes":[]},"contributions":{},"includedScopes":[]},"contributions":{},"includedScopes":[]}]},{"containerScope":{"containerScope":{"containerScope":{"contributions":{},"includedScopes":[]},"contributions":{},"includedScopes":[]},"contributions":{},"includedScopes":[]},"contributions":{},"includedScopes":[]}]},"sourceMap":{"end":{"column":44,"line":26,"offset":964},"start":{"column":25,"line":26,"offset":945}},"supertypes":[{"args":[],"id":"849a41e3-dc5a-401e-8449-7dd00726dfa6","metadata":[],"reference":{"id":"d4d78c62-d2e8-4574-bbdd-fac3f0fae4d2","metadata":[],"name":"wollok.lang.Closure","scope":{"containerScope":{"containerScope":{"containerScope":{"containerScope":{"containerScope":{"containerScope":{"contributions":{},"includedScopes":[]},"contributions":{},"includedScopes":[{"contributions":{},"includedScopes":[]},{"contributions":{},"includedScopes":[]},{"contributions":{},"includedScopes":[]},{"contributions":{},"includedScopes":[]},{"contributions":{},"includedScopes":[]}]},"contributions":{},"includedScopes":[]},"contributions":{},"includedScopes":[]},"contributions":{},"includedScopes":[]},"contributions":{},"includedScopes":[{"containerScope":{"containerScope":{"containerScope":{"contributions":{},"includedScopes":[]},"contributions":{},"includedScopes":[]},"contributions":{},"includedScopes":[]},"contributions":{},"includedScopes":[{"containerScope":{"containerScope":{"containerScope":{"contributions":{},"includedScopes":[]},"contributions":{},"includedScopes":[]},"contributions":{},"includedScopes":[]},"contributions":{},"includedScopes":[]}]},{"containerScope":{"containerScope":{"containerScope":{"contributions":{},"includedScopes":[]},"contributions":{},"includedScopes":[]},"contributions":{},"includedScopes":[]},"contributions":{},"includedScopes":[]}]},"contributions":{},"includedScopes":[]}},"scope":{"containerScope":{"containerScope":{"containerScope":{"containerScope":{"containerScope":{"containerScope":{"contributions":{},"includedScopes":[]},"contributions":{},"includedScopes":[{"contributions":{},"includedScopes":[]},{"contributions":{},"includedScopes":[]},{"contributions":{},"includedScopes":[]},{"contributions":{},"includedScopes":[]},{"contributions":{},"includedScopes":[]}]},"contributions":{},"includedScopes":[]},"contributions":{},"includedScopes":[]},"contributions":{},"includedScopes":[]},"contributions":{},"includedScopes":[{"containerScope":{"containerScope":{"containerScope":{"contributions":{},"includedScopes":[]},"contributions":{},"includedScopes":[]},"contributions":{},"includedScopes":[]},"contributions":{},"includedScopes":[{"containerScope":{"containerScope":{"containerScope":{"contributions":{},"includedScopes":[]},"contributions":{},"includedScopes":[]},"contributions":{},"includedScopes":[]},"contributions":{},"includedScopes":[]}]},{"containerScope":{"containerScope":{"containerScope":{"contributions":{},"includedScopes":[]},"contributions":{},"includedScopes":[]},"contributions":{},"includedScopes":[]},"contributions":{},"includedScopes":[]}]},"contributions":{},"includedScopes":[]}}]}],"id":"c5f373c8-c811-4483-9b53-80d28c444cd4","message":"onPressDo","metadata":[],"receiver":{"args":[],"id":"7fd4ac6f-ffbb-4bc4-baea-a0388f452d61","message":"c","metadata":[],"receiver":{"id":"4607cbfc-ba9b-4cca-8cab-8da9486425ef","metadata":[],"name":"keyboard","scope":{"containerScope":{"containerScope":{"containerScope":{"containerScope":{"containerScope":{"containerScope":{"contributions":{},"includedScopes":[]},"contributions":{},"includedScopes":[{"contributions":{},"includedScopes":[]},{"contributions":{},"includedScopes":[]},{"contributions":{},"includedScopes":[]},{"contributions":{},"includedScopes":[]},{"contributions":{},"includedScopes":[]}]},"contributions":{},"includedScopes":[]},"contributions":{},"includedScopes":[]},"contributions":{},"includedScopes":[]},"contributions":{},"includedScopes":[]},"contributions":{},"includedScopes":[]},"sourceMap":{"end":{"column":10,"line":26,"offset":930},"start":{"column":2,"line":26,"offset":922}}},"scope":{"containerScope":{"containerScope":{"containerScope":{"containerScope":{"containerScope":{"contributions":{},"includedScopes":[]},"contributions":{},"includedScopes":[{"contributions":{},"includedScopes":[]},{"contributions":{},"includedScopes":[]},{"contributions":{},"includedScopes":[]},{"contributions":{},"includedScopes":[]},{"contributions":{},"includedScopes":[]}]},"contributions":{},"includedScopes":[]},"contributions":{},"includedScopes":[]},"contributions":{},"includedScopes":[]},"contributions":{},"includedScopes":[]},"sourceMap":{"end":{"column":14,"line":26,"offset":934},"start":{"column":2,"line":26,"offset":922}}},"scope":{"containerScope":{"containerScope":{"containerScope":{"containerScope":{"contributions":{},"includedScopes":[]},"contributions":{},"includedScopes":[{"contributions":{},"includedScopes":[]},{"contributions":{},"includedScopes":[]},{"contributions":{},"includedScopes":[]},{"contributions":{},"includedScopes":[]},{"contributions":{},"includedScopes":[]}]},"contributions":{},"includedScopes":[]},"contributions":{},"includedScopes":[]},"contributions":{},"includedScopes":[]},"sourceMap":{"end":{"column":45,"line":26,"offset":965},"start":{"column":2,"line":26,"offset":922}}},{"args":[{"id":"b209aac2-57f1-4363-9fb9-2a833b2ad8d1","members":[{"body":{"id":"5415a6d8-01cd-479d-9a4a-530383b013fc","metadata":[],"scope":{"containerScope":{"containerScope":{"containerScope":{"containerScope":{"containerScope":{"containerScope":{"containerScope":{"contributions":{},"includedScopes":[]},"contributions":{},"includedScopes":[{"contributions":{},"includedScopes":[]},{"contributions":{},"includedScopes":[]},{"contributions":{},"includedScopes":[]},{"contributions":{},"includedScopes":[]},{"contributions":{},"includedScopes":[]}]},"contributions":{},"includedScopes":[]},"contributions":{},"includedScopes":[]},"contributions":{},"includedScopes":[]},"contributions":{},"includedScopes":[{"containerScope":{"containerScope":{"containerScope":{"contributions":{},"includedScopes":[]},"contributions":{},"includedScopes":[]},"contributions":{},"includedScopes":[]},"contributions":{},"includedScopes":[{"containerScope":{"containerScope":{"containerScope":{"contributions":{},"includedScopes":[]},"contributions":{},"includedScopes":[]},"contributions":{},"includedScopes":[]},"contributions":{},"includedScopes":[]}]},{"containerScope":{"containerScope":{"containerScope":{"contributions":{},"includedScopes":[]},"contributions":{},"includedScopes":[]},"contributions":{},"includedScopes":[]},"contributions":{},"includedScopes":[]}]},"contributions":{},"includedScopes":[]},"contributions":{},"includedScopes":[]},"sentences":[{"id":"df533b7d-5f9f-40fb-94a3-8fbeb18d3539","metadata":[],"scope":{"containerScope":{"containerScope":{"containerScope":{"containerScope":{"containerScope":{"containerScope":{"containerScope":{"containerScope":{"contributions":{},"includedScopes":[]},"contributions":{},"includedScopes":[{"contributions":{},"includedScopes":[]},{"contributions":{},"includedScopes":[]},{"contributions":{},"includedScopes":[]},{"contributions":{},"includedScopes":[]},{"contributions":{},"includedScopes":[]}]},"contributions":{},"includedScopes":[]},"contributions":{},"includedScopes":[]},"contributions":{},"includedScopes":[]},"contributions":{},"includedScopes":[{"containerScope":{"containerScope":{"containerScope":{"contributions":{},"includedScopes":[]},"contributions":{},"includedScopes":[]},"contributions":{},"includedScopes":[]},"contributions":{},"includedScopes":[{"containerScope":{"containerScope":{"containerScope":{"contributions":{},"includedScopes":[]},"contributions":{},"includedScopes":[]},"contributions":{},"includedScopes":[]},"contributions":{},"includedScopes":[]}]},{"containerScope":{"containerScope":{"containerScope":{"contributions":{},"includedScopes":[]},"contributions":{},"includedScopes":[]},"contributions":{},"includedScopes":[]},"contributions":{},"includedScopes":[]}]},"contributions":{},"includedScopes":[]},"contributions":{},"includedScopes":[]},"contributions":{},"includedScopes":[]},"value":{"args":[],"id":"098e24da-ae1b-486b-9067-7c6b38a330ec","message":"vender","metadata":[],"receiver":{"id":"971173d1-eaf0-47e9-b79f-5a20185ae063","metadata":[],"name":"hector","scope":{"containerScope":{"containerScope":{"containerScope":{"containerScope":{"containerScope":{"containerScope":{"containerScope":{"containerScope":{"containerScope":{"containerScope":{"contributions":{},"includedScopes":[]},"contributions":{},"includedScopes":[{"contributions":{},"includedScopes":[]},{"contributions":{},"includedScopes":[]},{"contributions":{},"includedScopes":[]},{"contributions":{},"includedScopes":[]},{"contributions":{},"includedScopes":[]}]},"contributions":{},"includedScopes":[]},"contributions":{},"includedScopes":[]},"contributions":{},"includedScopes":[]},"contributions":{},"includedScopes":[{"containerScope":{"containerScope":{"containerScope":{"contributions":{},"includedScopes":[]},"contributions":{},"includedScopes":[]},"contributions":{},"includedScopes":[]},"contributions":{},"includedScopes":[{"containerScope":{"containerScope":{"containerScope":{"contributions":{},"includedScopes":[]},"contributions":{},"includedScopes":[]},"contributions":{},"includedScopes":[]},"contributions":{},"includedScopes":[]}]},{"containerScope":{"containerScope":{"containerScope":{"contributions":{},"includedScopes":[]},"contributions":{},"includedScopes":[]},"contributions":{},"includedScopes":[]},"contributions":{},"includedScopes":[]}]},"contributions":{},"includedScopes":[]},"contributions":{},"includedScopes":[]},"contributions":{},"includedScopes":[]},"contributions":{},"includedScopes":[]},"contributions":{},"includedScopes":[]},"sourceMap":{"end":{"column":32,"line":27,"offset":997},"start":{"column":26,"line":27,"offset":991}}},"scope":{"containerScope":{"containerScope":{"containerScope":{"containerScope":{"containerScope":{"containerScope":{"containerScope":{"containerScope":{"containerScope":{"contributions":{},"includedScopes":[]},"contributions":{},"includedScopes":[{"contributions":{},"includedScopes":[]},{"contributions":{},"includedScopes":[]},{"contributions":{},"includedScopes":[]},{"contributions":{},"includedScopes":[]},{"contributions":{},"includedScopes":[]}]},"contributions":{},"includedScopes":[]},"contributions":{},"includedScopes":[]},"contributions":{},"includedScopes":[]},"contributions":{},"includedScopes":[{"containerScope":{"containerScope":{"containerScope":{"contributions":{},"includedScopes":[]},"contributions":{},"includedScopes":[]},"contributions":{},"includedScopes":[]},"contributions":{},"includedScopes":[{"containerScope":{"containerScope":{"containerScope":{"contributions":{},"includedScopes":[]},"contributions":{},"includedScopes":[]},"contributions":{},"includedScopes":[]},"contributions":{},"includedScopes":[]}]},{"containerScope":{"containerScope":{"containerScope":{"contributions":{},"includedScopes":[]},"contributions":{},"includedScopes":[]},"contributions":{},"includedScopes":[]},"contributions":{},"includedScopes":[]}]},"contributions":{},"includedScopes":[]},"contributions":{},"includedScopes":[]},"contributions":{},"includedScopes":[]},"contributions":{},"includedScopes":[]},"sourceMap":{"end":{"column":41,"line":27,"offset":1006},"start":{"column":26,"line":27,"offset":991}}}}]},"id":"4d79cc5a-8d06-43c5-af5b-c43c93ca0389","isOverride":false,"metadata":[],"name":"<apply>","parameters":[],"scope":{"containerScope":{"containerScope":{"containerScope":{"containerScope":{"containerScope":{"containerScope":{"contributions":{},"includedScopes":[]},"contributions":{},"includedScopes":[{"contributions":{},"includedScopes":[]},{"contributions":{},"includedScopes":[]},{"contributions":{},"includedScopes":[]},{"contributions":{},"includedScopes":[]},{"contributions":{},"includedScopes":[]}]},"contributions":{},"includedScopes":[]},"contributions":{},"includedScopes":[]},"contributions":{},"includedScopes":[]},"contributions":{},"includedScopes":[{"containerScope":{"containerScope":{"containerScope":{"contributions":{},"includedScopes":[]},"contributions":{},"includedScopes":[]},"contributions":{},"includedScopes":[]},"contributions":{},"includedScopes":[{"containerScope":{"containerScope":{"containerScope":{"contributions":{},"includedScopes":[]},"contributions":{},"includedScopes":[]},"contributions":{},"includedScopes":[]},"contributions":{},"includedScopes":[]}]},{"containerScope":{"containerScope":{"containerScope":{"contributions":{},"includedScopes":[]},"contributions":{},"includedScopes":[]},"contributions":{},"includedScopes":[]},"contributions":{},"includedScopes":[]}]},"contributions":{},"includedScopes":[]}},{"id":"6e43298d-bd2f-4bd3-aa48-ae980f877020","isConstant":true,"isProperty":false,"metadata":[],"name":"<toString>","scope":{"containerScope":{"containerScope":{"containerScope":{"containerScope":{"containerScope":{"containerScope":{"contributions":{},"includedScopes":[]},"contributions":{},"includedScopes":[{"contributions":{},"includedScopes":[]},{"contributions":{},"includedScopes":[]},{"contributions":{},"includedScopes":[]},{"contributions":{},"includedScopes":[]},{"contributions":{},"includedScopes":[]}]},"contributions":{},"includedScopes":[]},"contributions":{},"includedScopes":[]},"contributions":{},"includedScopes":[]},"contributions":{},"includedScopes":[{"containerScope":{"containerScope":{"containerScope":{"contributions":{},"includedScopes":[]},"contributions":{},"includedScopes":[]},"contributions":{},"includedScopes":[]},"contributions":{},"includedScopes":[{"containerScope":{"containerScope":{"containerScope":{"contributions":{},"includedScopes":[]},"contributions":{},"includedScopes":[]},"contributions":{},"includedScopes":[]},"contributions":{},"includedScopes":[]}]},{"containerScope":{"containerScope":{"containerScope":{"contributions":{},"includedScopes":[]},"contributions":{},"includedScopes":[]},"contributions":{},"includedScopes":[]},"contributions":{},"includedScopes":[]}]},"contributions":{},"includedScopes":[]},"value":{"id":"39460e36-f5f3-466b-ad2f-8aeccbee67c9","metadata":[],"scope":{"containerScope":{"containerScope":{"containerScope":{"containerScope":{"containerScope":{"containerScope":{"containerScope":{"contributions":{},"includedScopes":[]},"contributions":{},"includedScopes":[{"contributions":{},"includedScopes":[]},{"contributions":{},"includedScopes":[]},{"contributions":{},"includedScopes":[]},{"contributions":{},"includedScopes":[]},{"contributions":{},"includedScopes":[]}]},"contributions":{},"includedScopes":[]},"contributions":{},"includedScopes":[]},"contributions":{},"includedScopes":[]},"contributions":{},"includedScopes":[{"containerScope":{"containerScope":{"containerScope":{"contributions":{},"includedScopes":[]},"contributions":{},"includedScopes":[]},"contributions":{},"includedScopes":[]},"contributions":{},"includedScopes":[{"containerScope":{"containerScope":{"containerScope":{"contributions":{},"includedScopes":[]},"contributions":{},"includedScopes":[]},"contributions":{},"includedScopes":[]},"contributions":{},"includedScopes":[]}]},{"containerScope":{"containerScope":{"containerScope":{"contributions":{},"includedScopes":[]},"contributions":{},"includedScopes":[]},"contributions":{},"includedScopes":[]},"contributions":{},"includedScopes":[]}]},"contributions":{},"includedScopes":[]},"contributions":{},"includedScopes":[]},"value":"{hector.vender()}"}}],"metadata":[],"scope":{"containerScope":{"containerScope":{"containerScope":{"containerScope":{"containerScope":{"contributions":{},"includedScopes":[]},"contributions":{},"includedScopes":[{"contributions":{},"includedScopes":[]},{"contributions":{},"includedScopes":[]},{"contributions":{},"includedScopes":[]},{"contributions":{},"includedScopes":[]},{"contributions":{},"includedScopes":[]}]},"contributions":{},"includedScopes":[]},"contributions":{},"includedScopes":[]},"contributions":{},"includedScopes":[]},"contributions":{},"includedScopes":[{"containerScope":{"containerScope":{"containerScope":{"contributions":{},"includedScopes":[]},"contributions":{},"includedScopes":[]},"contributions":{},"includedScopes":[]},"contributions":{},"includedScopes":[{"containerScope":{"containerScope":{"containerScope":{"contributions":{},"includedScopes":[]},"contributions":{},"includedScopes":[]},"contributions":{},"includedScopes":[]},"contributions":{},"includedScopes":[]}]},{"containerScope":{"containerScope":{"containerScope":{"contributions":{},"includedScopes":[]},"contributions":{},"includedScopes":[]},"contributions":{},"includedScopes":[]},"contributions":{},"includedScopes":[]}]},"sourceMap":{"end":{"column":42,"line":27,"offset":1007},"start":{"column":25,"line":27,"offset":990}},"supertypes":[{"args":[],"id":"202682d9-43ca-4d1c-a1be-833dc4bff12f","metadata":[],"reference":{"id":"e7d3fd5b-f83b-4232-bad9-2240eba03a5a","metadata":[],"name":"wollok.lang.Closure","scope":{"containerScope":{"containerScope":{"containerScope":{"containerScope":{"containerScope":{"containerScope":{"contributions":{},"includedScopes":[]},"contributions":{},"includedScopes":[{"contributions":{},"includedScopes":[]},{"contributions":{},"includedScopes":[]},{"contributions":{},"includedScopes":[]},{"contributions":{},"includedScopes":[]},{"contributions":{},"includedScopes":[]}]},"contributions":{},"includedScopes":[]},"contributions":{},"includedScopes":[]},"contributions":{},"includedScopes":[]},"contributions":{},"includedScopes":[{"containerScope":{"containerScope":{"containerScope":{"contributions":{},"includedScopes":[]},"contributions":{},"includedScopes":[]},"contributions":{},"includedScopes":[]},"contributions":{},"includedScopes":[{"containerScope":{"containerScope":{"containerScope":{"contributions":{},"includedScopes":[]},"contributions":{},"includedScopes":[]},"contributions":{},"includedScopes":[]},"contributions":{},"includedScopes":[]}]},{"containerScope":{"containerScope":{"containerScope":{"contributions":{},"includedScopes":[]},"contributions":{},"includedScopes":[]},"contributions":{},"includedScopes":[]},"contributions":{},"includedScopes":[]}]},"contributions":{},"includedScopes":[]}},"scope":{"containerScope":{"containerScope":{"containerScope":{"containerScope":{"containerScope":{"containerScope":{"contributions":{},"includedScopes":[]},"contributions":{},"includedScopes":[{"contributions":{},"includedScopes":[]},{"contributions":{},"includedScopes":[]},{"contributions":{},"includedScopes":[]},{"contributions":{},"includedScopes":[]},{"contributions":{},"includedScopes":[]}]},"contributions":{},"includedScopes":[]},"contributions":{},"includedScopes":[]},"contributions":{},"includedScopes":[]},"contributions":{},"includedScopes":[{"containerScope":{"containerScope":{"containerScope":{"contributions":{},"includedScopes":[]},"contributions":{},"includedScopes":[]},"contributions":{},"includedScopes":[]},"contributions":{},"includedScopes":[{"containerScope":{"containerScope":{"containerScope":{"contributions":{},"includedScopes":[]},"contributions":{},"includedScopes":[]},"contributions":{},"includedScopes":[]},"contributions":{},"includedScopes":[]}]},{"containerScope":{"containerScope":{"containerScope":{"contributions":{},"includedScopes":[]},"contributions":{},"includedScopes":[]},"contributions":{},"includedScopes":[]},"contributions":{},"includedScopes":[]}]},"contributions":{},"includedScopes":[]}}]}],"id":"ee69eef0-4ed5-4954-9d72-abae055e2c28","message":"onPressDo","metadata":[],"receiver":{"args":[],"id":"0ac601e9-fa99-4f5b-8d4b-21129ffa42e1","message":"v","metadata":[],"receiver":{"id":"aba4eb25-ec7f-471f-8b35-b3a5cd8a36e9","metadata":[],"name":"keyboard","scope":{"containerScope":{"containerScope":{"containerScope":{"containerScope":{"containerScope":{"containerScope":{"contributions":{},"includedScopes":[]},"contributions":{},"includedScopes":[{"contributions":{},"includedScopes":[]},{"contributions":{},"includedScopes":[]},{"contributions":{},"includedScopes":[]},{"contributions":{},"includedScopes":[]},{"contributions":{},"includedScopes":[]}]},"contributions":{},"includedScopes":[]},"contributions":{},"includedScopes":[]},"contributions":{},"includedScopes":[]},"contributions":{},"includedScopes":[]},"contributions":{},"includedScopes":[]},"sourceMap":{"end":{"column":10,"line":27,"offset":975},"start":{"column":2,"line":27,"offset":967}}},"scope":{"containerScope":{"containerScope":{"containerScope":{"containerScope":{"containerScope":{"contributions":{},"includedScopes":[]},"contributions":{},"includedScopes":[{"contributions":{},"includedScopes":[]},{"contributions":{},"includedScopes":[]},{"contributions":{},"includedScopes":[]},{"contributions":{},"includedScopes":[]},{"contributions":{},"includedScopes":[]}]},"contributions":{},"includedScopes":[]},"contributions":{},"includedScopes":[]},"contributions":{},"includedScopes":[]},"contributions":{},"includedScopes":[]},"sourceMap":{"end":{"column":14,"line":27,"offset":979},"start":{"column":2,"line":27,"offset":967}}},"scope":{"containerScope":{"containerScope":{"containerScope":{"containerScope":{"contributions":{},"includedScopes":[]},"contributions":{},"includedScopes":[{"contributions":{},"includedScopes":[]},{"contributions":{},"includedScopes":[]},{"contributions":{},"includedScopes":[]},{"contributions":{},"includedScopes":[]},{"contributions":{},"includedScopes":[]}]},"contributions":{},"includedScopes":[]},"contributions":{},"includedScopes":[]},"contributions":{},"includedScopes":[]},"sourceMap":{"end":{"column":43,"line":27,"offset":1008},"start":{"column":2,"line":27,"offset":967}}},{"args":[{"id":"67965931-5df4-4101-8b14-cb2cddda6e9a","members":[{"body":{"id":"6ad64f5b-f955-494b-8cd2-5d0bbeabaa8b","metadata":[],"scope":{"containerScope":{"containerScope":{"containerScope":{"containerScope":{"containerScope":{"containerScope":{"containerScope":{"contributions":{},"includedScopes":[]},"contributions":{},"includedScopes":[{"contributions":{},"includedScopes":[]},{"contributions":{},"includedScopes":[]},{"contributions":{},"includedScopes":[]},{"contributions":{},"includedScopes":[]},{"contributions":{},"includedScopes":[]}]},"contributions":{},"includedScopes":[]},"contributions":{},"includedScopes":[]},"contributions":{},"includedScopes":[]},"contributions":{},"includedScopes":[{"containerScope":{"containerScope":{"containerScope":{"contributions":{},"includedScopes":[]},"contributions":{},"includedScopes":[]},"contributions":{},"includedScopes":[]},"contributions":{},"includedScopes":[{"containerScope":{"containerScope":{"containerScope":{"contributions":{},"includedScopes":[]},"contributions":{},"includedScopes":[]},"contributions":{},"includedScopes":[]},"contributions":{},"includedScopes":[]}]},{"containerScope":{"containerScope":{"containerScope":{"contributions":{},"includedScopes":[]},"contributions":{},"includedScopes":[]},"contributions":{},"includedScopes":[]},"contributions":{},"includedScopes":[]}]},"contributions":{},"includedScopes":[]},"contributions":{},"includedScopes":[]},"sentences":[{"id":"9d66294d-b7de-4a5d-b3e8-1beeb668ea4d","metadata":[],"scope":{"containerScope":{"containerScope":{"containerScope":{"containerScope":{"containerScope":{"containerScope":{"containerScope":{"containerScope":{"contributions":{},"includedScopes":[]},"contributions":{},"includedScopes":[{"contributions":{},"includedScopes":[]},{"contributions":{},"includedScopes":[]},{"contributions":{},"includedScopes":[]},{"contributions":{},"includedScopes":[]},{"contributions":{},"includedScopes":[]}]},"contributions":{},"includedScopes":[]},"contributions":{},"includedScopes":[]},"contributions":{},"includedScopes":[]},"contributions":{},"includedScopes":[{"containerScope":{"containerScope":{"containerScope":{"contributions":{},"includedScopes":[]},"contributions":{},"includedScopes":[]},"contributions":{},"includedScopes":[]},"contributions":{},"includedScopes":[{"containerScope":{"containerScope":{"containerScope":{"contributions":{},"includedScopes":[]},"contributions":{},"includedScopes":[]},"contributions":{},"includedScopes":[]},"contributions":{},"includedScopes":[]}]},{"containerScope":{"containerScope":{"containerScope":{"contributions":{},"includedScopes":[]},"contributions":{},"includedScopes":[]},"contributions":{},"includedScopes":[]},"contributions":{},"includedScopes":[]}]},"contributions":{},"includedScopes":[]},"contributions":{},"includedScopes":[]},"contributions":{},"includedScopes":[]},"value":{"args":[],"id":"a3e691e9-cf30-4d56-a282-58d047252b01","message":"contarBienes","metadata":[],"receiver":{"id":"f4ffa2f9-b241-4e8f-88a3-20533dbdeac8","metadata":[],"name":"hector","scope":{"containerScope":{"containerScope":{"containerScope":{"containerScope":{"containerScope":{"containerScope":{"containerScope":{"containerScope":{"containerScope":{"containerScope":{"contributions":{},"includedScopes":[]},"contributions":{},"includedScopes":[{"contributions":{},"includedScopes":[]},{"contributions":{},"includedScopes":[]},{"contributions":{},"includedScopes":[]},{"contributions":{},"includedScopes":[]},{"contributions":{},"includedScopes":[]}]},"contributions":{},"includedScopes":[]},"contributions":{},"includedScopes":[]},"contributions":{},"includedScopes":[]},"contributions":{},"includedScopes":[{"containerScope":{"containerScope":{"containerScope":{"contributions":{},"includedScopes":[]},"contributions":{},"includedScopes":[]},"contributions":{},"includedScopes":[]},"contributions":{},"includedScopes":[{"containerScope":{"containerScope":{"containerScope":{"contributions":{},"includedScopes":[]},"contributions":{},"includedScopes":[]},"contributions":{},"includedScopes":[]},"contributions":{},"includedScopes":[]}]},{"containerScope":{"containerScope":{"containerScope":{"contributions":{},"includedScopes":[]},"contributions":{},"includedScopes":[]},"contributions":{},"includedScopes":[]},"contributions":{},"includedScopes":[]}]},"contributions":{},"includedScopes":[]},"contributions":{},"includedScopes":[]},"contributions":{},"includedScopes":[]},"contributions":{},"includedScopes":[]},"contributions":{},"includedScopes":[]},"sourceMap":{"end":{"column":36,"line":28,"offset":1044},"start":{"column":30,"line":28,"offset":1038}}},"scope":{"containerScope":{"containerScope":{"containerScope":{"containerScope":{"containerScope":{"containerScope":{"containerScope":{"containerScope":{"containerScope":{"contributions":{},"includedScopes":[]},"contributions":{},"includedScopes":[{"contributions":{},"includedScopes":[]},{"contributions":{},"includedScopes":[]},{"contributions":{},"includedScopes":[]},{"contributions":{},"includedScopes":[]},{"contributions":{},"includedScopes":[]}]},"contributions":{},"includedScopes":[]},"contributions":{},"includedScopes":[]},"contributions":{},"includedScopes":[]},"contributions":{},"includedScopes":[{"containerScope":{"containerScope":{"containerScope":{"contributions":{},"includedScopes":[]},"contributions":{},"includedScopes":[]},"contributions":{},"includedScopes":[]},"contributions":{},"includedScopes":[{"containerScope":{"containerScope":{"containerScope":{"contributions":{},"includedScopes":[]},"contributions":{},"includedScopes":[]},"contributions":{},"includedScopes":[]},"contributions":{},"includedScopes":[]}]},{"containerScope":{"containerScope":{"containerScope":{"contributions":{},"includedScopes":[]},"contributions":{},"includedScopes":[]},"contributions":{},"includedScopes":[]},"contributions":{},"includedScopes":[]}]},"contributions":{},"includedScopes":[]},"contributions":{},"includedScopes":[]},"contributions":{},"includedScopes":[]},"contributions":{},"includedScopes":[]},"sourceMap":{"end":{"column":51,"line":28,"offset":1059},"start":{"column":30,"line":28,"offset":1038}}}}]},"id":"40ee683b-3ef2-4ab8-bc6f-ea89fdea2e2c","isOverride":false,"metadata":[],"name":"<apply>","parameters":[],"scope":{"containerScope":{"containerScope":{"containerScope":{"containerScope":{"containerScope":{"containerScope":{"contributions":{},"includedScopes":[]},"contributions":{},"includedScopes":[{"contributions":{},"includedScopes":[]},{"contributions":{},"includedScopes":[]},{"contributions":{},"includedScopes":[]},{"contributions":{},"includedScopes":[]},{"contributions":{},"includedScopes":[]}]},"contributions":{},"includedScopes":[]},"contributions":{},"includedScopes":[]},"contributions":{},"includedScopes":[]},"contributions":{},"includedScopes":[{"containerScope":{"containerScope":{"containerScope":{"contributions":{},"includedScopes":[]},"contributions":{},"includedScopes":[]},"contributions":{},"includedScopes":[]},"contributions":{},"includedScopes":[{"containerScope":{"containerScope":{"containerScope":{"contributions":{},"includedScopes":[]},"contributions":{},"includedScopes":[]},"contributions":{},"includedScopes":[]},"contributions":{},"includedScopes":[]}]},{"containerScope":{"containerScope":{"containerScope":{"contributions":{},"includedScopes":[]},"contributions":{},"includedScopes":[]},"contributions":{},"includedScopes":[]},"contributions":{},"includedScopes":[]}]},"contributions":{},"includedScopes":[]}},{"id":"2fa5696c-e981-446b-8016-29a1bbd30065","isConstant":true,"isProperty":false,"metadata":[],"name":"<toString>","scope":{"containerScope":{"containerScope":{"containerScope":{"containerScope":{"containerScope":{"containerScope":{"contributions":{},"includedScopes":[]},"contributions":{},"includedScopes":[{"contributions":{},"includedScopes":[]},{"contributions":{},"includedScopes":[]},{"contributions":{},"includedScopes":[]},{"contributions":{},"includedScopes":[]},{"contributions":{},"includedScopes":[]}]},"contributions":{},"includedScopes":[]},"contributions":{},"includedScopes":[]},"contributions":{},"includedScopes":[]},"contributions":{},"includedScopes":[{"containerScope":{"containerScope":{"containerScope":{"contributions":{},"includedScopes":[]},"contributions":{},"includedScopes":[]},"contributions":{},"includedScopes":[]},"contributions":{},"includedScopes":[{"containerScope":{"containerScope":{"containerScope":{"contributions":{},"includedScopes":[]},"contributions":{},"includedScopes":[]},"contributions":{},"includedScopes":[]},"contributions":{},"includedScopes":[]}]},{"containerScope":{"containerScope":{"containerScope":{"contributions":{},"includedScopes":[]},"contributions":{},"includedScopes":[]},"contributions":{},"includedScopes":[]},"contributions":{},"includedScopes":[]}]},"contributions":{},"includedScopes":[]},"value":{"id":"61d542c7-3b61-4e7b-b3d1-2bb4d1251b10","metadata":[],"scope":{"containerScope":{"containerScope":{"containerScope":{"containerScope":{"containerScope":{"containerScope":{"containerScope":{"contributions":{},"includedScopes":[]},"contributions":{},"includedScopes":[{"contributions":{},"includedScopes":[]},{"contributions":{},"includedScopes":[]},{"contributions":{},"includedScopes":[]},{"contributions":{},"includedScopes":[]},{"contributions":{},"includedScopes":[]}]},"contributions":{},"includedScopes":[]},"contributions":{},"includedScopes":[]},"contributions":{},"includedScopes":[]},"contributions":{},"includedScopes":[{"containerScope":{"containerScope":{"containerScope":{"contributions":{},"includedScopes":[]},"contributions":{},"includedScopes":[]},"contributions":{},"includedScopes":[]},"contributions":{},"includedScopes":[{"containerScope":{"containerScope":{"containerScope":{"contributions":{},"includedScopes":[]},"contributions":{},"includedScopes":[]},"contributions":{},"includedScopes":[]},"contributions":{},"includedScopes":[]}]},{"containerScope":{"containerScope":{"containerScope":{"contributions":{},"includedScopes":[]},"contributions":{},"includedScopes":[]},"contributions":{},"includedScopes":[]},"contributions":{},"includedScopes":[]}]},"contributions":{},"includedScopes":[]},"contributions":{},"includedScopes":[]},"value":"{hector.contarBienes()}"}}],"metadata":[],"scope":{"containerScope":{"containerScope":{"containerScope":{"containerScope":{"containerScope":{"contributions":{},"includedScopes":[]},"contributions":{},"includedScopes":[{"contributions":{},"includedScopes":[]},{"contributions":{},"includedScopes":[]},{"contributions":{},"includedScopes":[]},{"contributions":{},"includedScopes":[]},{"contributions":{},"includedScopes":[]}]},"contributions":{},"includedScopes":[]},"contributions":{},"includedScopes":[]},"contributions":{},"includedScopes":[]},"contributions":{},"includedScopes":[{"containerScope":{"containerScope":{"containerScope":{"contributions":{},"includedScopes":[]},"contributions":{},"includedScopes":[]},"contributions":{},"includedScopes":[]},"contributions":{},"includedScopes":[{"containerScope":{"containerScope":{"containerScope":{"contributions":{},"includedScopes":[]},"contributions":{},"includedScopes":[]},"contributions":{},"includedScopes":[]},"contributions":{},"includedScopes":[]}]},{"containerScope":{"containerScope":{"containerScope":{"contributions":{},"includedScopes":[]},"contributions":{},"includedScopes":[]},"contributions":{},"includedScopes":[]},"contributions":{},"includedScopes":[]}]},"sourceMap":{"end":{"column":52,"line":28,"offset":1060},"start":{"column":29,"line":28,"offset":1037}},"supertypes":[{"args":[],"id":"4a43cd0f-b47b-4aee-9192-6383a9639536","metadata":[],"reference":{"id":"e9f2ffc3-4dec-46cc-b1a5-200f8efef0ca","metadata":[],"name":"wollok.lang.Closure","scope":{"containerScope":{"containerScope":{"containerScope":{"containerScope":{"containerScope":{"containerScope":{"contributions":{},"includedScopes":[]},"contributions":{},"includedScopes":[{"contributions":{},"includedScopes":[]},{"contributions":{},"includedScopes":[]},{"contributions":{},"includedScopes":[]},{"contributions":{},"includedScopes":[]},{"contributions":{},"includedScopes":[]}]},"contributions":{},"includedScopes":[]},"contributions":{},"includedScopes":[]},"contributions":{},"includedScopes":[]},"contributions":{},"includedScopes":[{"containerScope":{"containerScope":{"containerScope":{"contributions":{},"includedScopes":[]},"contributions":{},"includedScopes":[]},"contributions":{},"includedScopes":[]},"contributions":{},"includedScopes":[{"containerScope":{"containerScope":{"containerScope":{"contributions":{},"includedScopes":[]},"contributions":{},"includedScopes":[]},"contributions":{},"includedScopes":[]},"contributions":{},"includedScopes":[]}]},{"containerScope":{"containerScope":{"containerScope":{"contributions":{},"includedScopes":[]},"contributions":{},"includedScopes":[]},"contributions":{},"includedScopes":[]},"contributions":{},"includedScopes":[]}]},"contributions":{},"includedScopes":[]}},"scope":{"containerScope":{"containerScope":{"containerScope":{"containerScope":{"containerScope":{"containerScope":{"contributions":{},"includedScopes":[]},"contributions":{},"includedScopes":[{"contributions":{},"includedScopes":[]},{"contributions":{},"includedScopes":[]},{"contributions":{},"includedScopes":[]},{"contributions":{},"includedScopes":[]},{"contributions":{},"includedScopes":[]}]},"contributions":{},"includedScopes":[]},"contributions":{},"includedScopes":[]},"contributions":{},"includedScopes":[]},"contributions":{},"includedScopes":[{"containerScope":{"containerScope":{"containerScope":{"contributions":{},"includedScopes":[]},"contributions":{},"includedScopes":[]},"contributions":{},"includedScopes":[]},"contributions":{},"includedScopes":[{"containerScope":{"containerScope":{"containerScope":{"contributions":{},"includedScopes":[]},"contributions":{},"includedScopes":[]},"contributions":{},"includedScopes":[]},"contributions":{},"includedScopes":[]}]},{"containerScope":{"containerScope":{"containerScope":{"contributions":{},"includedScopes":[]},"contributions":{},"includedScopes":[]},"contributions":{},"includedScopes":[]},"contributions":{},"includedScopes":[]}]},"contributions":{},"includedScopes":[]}}]}],"id":"8087b852-b41c-42f0-9cac-62012254ceb9","message":"onPressDo","metadata":[],"receiver":{"args":[],"id":"a7b2fcab-5908-4bf1-a636-2b0ebf65c441","message":"space","metadata":[],"receiver":{"id":"57cd6a32-cf91-41fb-8983-19e7eed033bd","metadata":[],"name":"keyboard","scope":{"containerScope":{"containerScope":{"containerScope":{"containerScope":{"containerScope":{"containerScope":{"contributions":{},"includedScopes":[]},"contributions":{},"includedScopes":[{"contributions":{},"includedScopes":[]},{"contributions":{},"includedScopes":[]},{"contributions":{},"includedScopes":[]},{"contributions":{},"includedScopes":[]},{"contributions":{},"includedScopes":[]}]},"contributions":{},"includedScopes":[]},"contributions":{},"includedScopes":[]},"contributions":{},"includedScopes":[]},"contributions":{},"includedScopes":[]},"contributions":{},"includedScopes":[]},"sourceMap":{"end":{"column":10,"line":28,"offset":1018},"start":{"column":2,"line":28,"offset":1010}}},"scope":{"containerScope":{"containerScope":{"containerScope":{"containerScope":{"containerScope":{"contributions":{},"includedScopes":[]},"contributions":{},"includedScopes":[{"contributions":{},"includedScopes":[]},{"contributions":{},"includedScopes":[]},{"contributions":{},"includedScopes":[]},{"contributions":{},"includedScopes":[]},{"contributions":{},"includedScopes":[]}]},"contributions":{},"includedScopes":[]},"contributions":{},"includedScopes":[]},"contributions":{},"includedScopes":[]},"contributions":{},"includedScopes":[]},"sourceMap":{"end":{"column":18,"line":28,"offset":1026},"start":{"column":2,"line":28,"offset":1010}}},"scope":{"containerScope":{"containerScope":{"containerScope":{"containerScope":{"contributions":{},"includedScopes":[]},"contributions":{},"includedScopes":[{"contributions":{},"includedScopes":[]},{"contributions":{},"includedScopes":[]},{"contributions":{},"includedScopes":[]},{"contributions":{},"includedScopes":[]},{"contributions":{},"includedScopes":[]}]},"contributions":{},"includedScopes":[]},"contributions":{},"includedScopes":[]},"contributions":{},"includedScopes":[]},"sourceMap":{"end":{"column":53,"line":28,"offset":1061},"start":{"column":2,"line":28,"offset":1010}}},{"args":[{"id":"68d336bb-4324-485c-93e7-476c3c471817","members":[{"body":{"id":"853a4f06-750e-43ac-a2bb-22a5619117ba","metadata":[],"scope":{"containerScope":{"containerScope":{"containerScope":{"containerScope":{"containerScope":{"containerScope":{"containerScope":{"contributions":{},"includedScopes":[]},"contributions":{},"includedScopes":[{"contributions":{},"includedScopes":[]},{"contributions":{},"includedScopes":[]},{"contributions":{},"includedScopes":[]},{"contributions":{},"includedScopes":[]},{"contributions":{},"includedScopes":[]}]},"contributions":{},"includedScopes":[]},"contributions":{},"includedScopes":[]},"contributions":{},"includedScopes":[]},"contributions":{},"includedScopes":[{"containerScope":{"containerScope":{"containerScope":{"contributions":{},"includedScopes":[]},"contributions":{},"includedScopes":[]},"contributions":{},"includedScopes":[]},"contributions":{},"includedScopes":[{"containerScope":{"containerScope":{"containerScope":{"contributions":{},"includedScopes":[]},"contributions":{},"includedScopes":[]},"contributions":{},"includedScopes":[]},"contributions":{},"includedScopes":[]}]},{"containerScope":{"containerScope":{"containerScope":{"contributions":{},"includedScopes":[]},"contributions":{},"includedScopes":[]},"contributions":{},"includedScopes":[]},"contributions":{},"includedScopes":[]}]},"contributions":{},"includedScopes":[]},"contributions":{},"includedScopes":[]},"sentences":[{"id":"f294d02d-c031-4c9e-a53c-88b23370683a","metadata":[],"scope":{"containerScope":{"containerScope":{"containerScope":{"containerScope":{"containerScope":{"containerScope":{"containerScope":{"containerScope":{"contributions":{},"includedScopes":[]},"contributions":{},"includedScopes":[{"contributions":{},"includedScopes":[]},{"contributions":{},"includedScopes":[]},{"contributions":{},"includedScopes":[]},{"contributions":{},"includedScopes":[]},{"contributions":{},"includedScopes":[]}]},"contributions":{},"includedScopes":[]},"contributions":{},"includedScopes":[]},"contributions":{},"includedScopes":[]},"contributions":{},"includedScopes":[{"containerScope":{"containerScope":{"containerScope":{"contributions":{},"includedScopes":[]},"contributions":{},"includedScopes":[]},"contributions":{},"includedScopes":[]},"contributions":{},"includedScopes":[{"containerScope":{"containerScope":{"containerScope":{"contributions":{},"includedScopes":[]},"contributions":{},"includedScopes":[]},"contributions":{},"includedScopes":[]},"contributions":{},"includedScopes":[]}]},{"containerScope":{"containerScope":{"containerScope":{"contributions":{},"includedScopes":[]},"contributions":{},"includedScopes":[]},"contributions":{},"includedScopes":[]},"contributions":{},"includedScopes":[]}]},"contributions":{},"includedScopes":[]},"contributions":{},"includedScopes":[]},"contributions":{},"includedScopes":[]},"value":{"args":[],"id":"2543e57b-4374-4ca8-bf37-860bb7527998","message":"colocarAspersor","metadata":[],"receiver":{"id":"373bd7ee-4332-42e5-bd78-28601fcb14c7","metadata":[],"name":"hector","scope":{"containerScope":{"containerScope":{"containerScope":{"containerScope":{"containerScope":{"containerScope":{"containerScope":{"containerScope":{"containerScope":{"containerScope":{"contributions":{},"includedScopes":[]},"contributions":{},"includedScopes":[{"contributions":{},"includedScopes":[]},{"contributions":{},"includedScopes":[]},{"contributions":{},"includedScopes":[]},{"contributions":{},"includedScopes":[]},{"contributions":{},"includedScopes":[]}]},"contributions":{},"includedScopes":[]},"contributions":{},"includedScopes":[]},"contributions":{},"includedScopes":[]},"contributions":{},"includedScopes":[{"containerScope":{"containerScope":{"containerScope":{"contributions":{},"includedScopes":[]},"contributions":{},"includedScopes":[]},"contributions":{},"includedScopes":[]},"contributions":{},"includedScopes":[{"containerScope":{"containerScope":{"containerScope":{"contributions":{},"includedScopes":[]},"contributions":{},"includedScopes":[]},"contributions":{},"includedScopes":[]},"contributions":{},"includedScopes":[]}]},{"containerScope":{"containerScope":{"containerScope":{"contributions":{},"includedScopes":[]},"contributions":{},"includedScopes":[]},"contributions":{},"includedScopes":[]},"contributions":{},"includedScopes":[]}]},"contributions":{},"includedScopes":[]},"contributions":{},"includedScopes":[]},"contributions":{},"includedScopes":[]},"contributions":{},"includedScopes":[]},"contributions":{},"includedScopes":[]},"sourceMap":{"end":{"column":32,"line":29,"offset":1093},"start":{"column":26,"line":29,"offset":1087}}},"scope":{"containerScope":{"containerScope":{"containerScope":{"containerScope":{"containerScope":{"containerScope":{"containerScope":{"containerScope":{"containerScope":{"contributions":{},"includedScopes":[]},"contributions":{},"includedScopes":[{"contributions":{},"includedScopes":[]},{"contributions":{},"includedScopes":[]},{"contributions":{},"includedScopes":[]},{"contributions":{},"includedScopes":[]},{"contributions":{},"includedScopes":[]}]},"contributions":{},"includedScopes":[]},"contributions":{},"includedScopes":[]},"contributions":{},"includedScopes":[]},"contributions":{},"includedScopes":[{"containerScope":{"containerScope":{"containerScope":{"contributions":{},"includedScopes":[]},"contributions":{},"includedScopes":[]},"contributions":{},"includedScopes":[]},"contributions":{},"includedScopes":[{"containerScope":{"containerScope":{"containerScope":{"contributions":{},"includedScopes":[]},"contributions":{},"includedScopes":[]},"contributions":{},"includedScopes":[]},"contributions":{},"includedScopes":[]}]},{"containerScope":{"containerScope":{"containerScope":{"contributions":{},"includedScopes":[]},"contributions":{},"includedScopes":[]},"contributions":{},"includedScopes":[]},"contributions":{},"includedScopes":[]}]},"contributions":{},"includedScopes":[]},"contributions":{},"includedScopes":[]},"contributions":{},"includedScopes":[]},"contributions":{},"includedScopes":[]},"sourceMap":{"end":{"column":50,"line":29,"offset":1111},"start":{"column":26,"line":29,"offset":1087}}}}]},"id":"bff1c0a1-06bc-46c0-84b4-edaa75ad24db","isOverride":false,"metadata":[],"name":"<apply>","parameters":[],"scope":{"containerScope":{"containerScope":{"containerScope":{"containerScope":{"containerScope":{"containerScope":{"contributions":{},"includedScopes":[]},"contributions":{},"includedScopes":[{"contributions":{},"includedScopes":[]},{"contributions":{},"includedScopes":[]},{"contributions":{},"includedScopes":[]},{"contributions":{},"includedScopes":[]},{"contributions":{},"includedScopes":[]}]},"contributions":{},"includedScopes":[]},"contributions":{},"includedScopes":[]},"contributions":{},"includedScopes":[]},"contributions":{},"includedScopes":[{"containerScope":{"containerScope":{"containerScope":{"contributions":{},"includedScopes":[]},"contributions":{},"includedScopes":[]},"contributions":{},"includedScopes":[]},"contributions":{},"includedScopes":[{"containerScope":{"containerScope":{"containerScope":{"contributions":{},"includedScopes":[]},"contributions":{},"includedScopes":[]},"contributions":{},"includedScopes":[]},"contributions":{},"includedScopes":[]}]},{"containerScope":{"containerScope":{"containerScope":{"contributions":{},"includedScopes":[]},"contributions":{},"includedScopes":[]},"contributions":{},"includedScopes":[]},"contributions":{},"includedScopes":[]}]},"contributions":{},"includedScopes":[]}},{"id":"31cc1a58-27da-4e15-93ef-c2acb667cbec","isConstant":true,"isProperty":false,"metadata":[],"name":"<toString>","scope":{"containerScope":{"containerScope":{"containerScope":{"containerScope":{"containerScope":{"containerScope":{"contributions":{},"includedScopes":[]},"contributions":{},"includedScopes":[{"contributions":{},"includedScopes":[]},{"contributions":{},"includedScopes":[]},{"contributions":{},"includedScopes":[]},{"contributions":{},"includedScopes":[]},{"contributions":{},"includedScopes":[]}]},"contributions":{},"includedScopes":[]},"contributions":{},"includedScopes":[]},"contributions":{},"includedScopes":[]},"contributions":{},"includedScopes":[{"containerScope":{"containerScope":{"containerScope":{"contributions":{},"includedScopes":[]},"contributions":{},"includedScopes":[]},"contributions":{},"includedScopes":[]},"contributions":{},"includedScopes":[{"containerScope":{"containerScope":{"containerScope":{"contributions":{},"includedScopes":[]},"contributions":{},"includedScopes":[]},"contributions":{},"includedScopes":[]},"contributions":{},"includedScopes":[]}]},{"containerScope":{"containerScope":{"containerScope":{"contributions":{},"includedScopes":[]},"contributions":{},"includedScopes":[]},"contributions":{},"includedScopes":[]},"contributions":{},"includedScopes":[]}]},"contributions":{},"includedScopes":[]},"value":{"id":"97bd4d45-ba51-4b05-8c33-4c6679c6d8cb","metadata":[],"scope":{"containerScope":{"containerScope":{"containerScope":{"containerScope":{"containerScope":{"containerScope":{"containerScope":{"contributions":{},"includedScopes":[]},"contributions":{},"includedScopes":[{"contributions":{},"includedScopes":[]},{"contributions":{},"includedScopes":[]},{"contributions":{},"includedScopes":[]},{"contributions":{},"includedScopes":[]},{"contributions":{},"includedScopes":[]}]},"contributions":{},"includedScopes":[]},"contributions":{},"includedScopes":[]},"contributions":{},"includedScopes":[]},"contributions":{},"includedScopes":[{"containerScope":{"containerScope":{"containerScope":{"contributions":{},"includedScopes":[]},"contributions":{},"includedScopes":[]},"contributions":{},"includedScopes":[]},"contributions":{},"includedScopes":[{"containerScope":{"containerScope":{"containerScope":{"contributions":{},"includedScopes":[]},"contributions":{},"includedScopes":[]},"contributions":{},"includedScopes":[]},"contributions":{},"includedScopes":[]}]},{"containerScope":{"containerScope":{"containerScope":{"contributions":{},"includedScopes":[]},"contributions":{},"includedScopes":[]},"contributions":{},"includedScopes":[]},"contributions":{},"includedScopes":[]}]},"contributions":{},"includedScopes":[]},"contributions":{},"includedScopes":[]},"value":"{hector.colocarAspersor()}"}}],"metadata":[],"scope":{"containerScope":{"containerScope":{"containerScope":{"containerScope":{"containerScope":{"contributions":{},"includedScopes":[]},"contributions":{},"includedScopes":[{"contributions":{},"includedScopes":[]},{"contributions":{},"includedScopes":[]},{"contributions":{},"includedScopes":[]},{"contributions":{},"includedScopes":[]},{"contributions":{},"includedScopes":[]}]},"contributions":{},"includedScopes":[]},"contributions":{},"includedScopes":[]},"contributions":{},"includedScopes":[]},"contributions":{},"includedScopes":[{"containerScope":{"containerScope":{"containerScope":{"contributions":{},"includedScopes":[]},"contributions":{},"includedScopes":[]},"contributions":{},"includedScopes":[]},"contributions":{},"includedScopes":[{"containerScope":{"containerScope":{"containerScope":{"contributions":{},"includedScopes":[]},"contributions":{},"includedScopes":[]},"contributions":{},"includedScopes":[]},"contributions":{},"includedScopes":[]}]},{"containerScope":{"containerScope":{"containerScope":{"contributions":{},"includedScopes":[]},"contributions":{},"includedScopes":[]},"contributions":{},"includedScopes":[]},"contributions":{},"includedScopes":[]}]},"sourceMap":{"end":{"column":51,"line":29,"offset":1112},"start":{"column":25,"line":29,"offset":1086}},"supertypes":[{"args":[],"id":"0305fb06-c756-4699-90eb-34236c29f73f","metadata":[],"reference":{"id":"a163a341-ad12-4718-9b6a-af98b652b9d4","metadata":[],"name":"wollok.lang.Closure","scope":{"containerScope":{"containerScope":{"containerScope":{"containerScope":{"containerScope":{"containerScope":{"contributions":{},"includedScopes":[]},"contributions":{},"includedScopes":[{"contributions":{},"includedScopes":[]},{"contributions":{},"includedScopes":[]},{"contributions":{},"includedScopes":[]},{"contributions":{},"includedScopes":[]},{"contributions":{},"includedScopes":[]}]},"contributions":{},"includedScopes":[]},"contributions":{},"includedScopes":[]},"contributions":{},"includedScopes":[]},"contributions":{},"includedScopes":[{"containerScope":{"containerScope":{"containerScope":{"contributions":{},"includedScopes":[]},"contributions":{},"includedScopes":[]},"contributions":{},"includedScopes":[]},"contributions":{},"includedScopes":[{"containerScope":{"containerScope":{"containerScope":{"contributions":{},"includedScopes":[]},"contributions":{},"includedScopes":[]},"contributions":{},"includedScopes":[]},"contributions":{},"includedScopes":[]}]},{"containerScope":{"containerScope":{"containerScope":{"contributions":{},"includedScopes":[]},"contributions":{},"includedScopes":[]},"contributions":{},"includedScopes":[]},"contributions":{},"includedScopes":[]}]},"contributions":{},"includedScopes":[]}},"scope":{"containerScope":{"containerScope":{"containerScope":{"containerScope":{"containerScope":{"containerScope":{"contributions":{},"includedScopes":[]},"contributions":{},"includedScopes":[{"contributions":{},"includedScopes":[]},{"contributions":{},"includedScopes":[]},{"contributions":{},"includedScopes":[]},{"contributions":{},"includedScopes":[]},{"contributions":{},"includedScopes":[]}]},"contributions":{},"includedScopes":[]},"contributions":{},"includedScopes":[]},"contributions":{},"includedScopes":[]},"contributions":{},"includedScopes":[{"containerScope":{"containerScope":{"containerScope":{"contributions":{},"includedScopes":[]},"contributions":{},"includedScopes":[]},"contributions":{},"includedScopes":[]},"contributions":{},"includedScopes":[{"containerScope":{"containerScope":{"containerScope":{"contributions":{},"includedScopes":[]},"contributions":{},"includedScopes":[]},"contributions":{},"includedScopes":[]},"contributions":{},"includedScopes":[]}]},{"containerScope":{"containerScope":{"containerScope":{"contributions":{},"includedScopes":[]},"contributions":{},"includedScopes":[]},"contributions":{},"includedScopes":[]},"contributions":{},"includedScopes":[]}]},"contributions":{},"includedScopes":[]}}]}],"id":"a4cbc01b-8068-49fd-8582-17c2048ed186","message":"onPressDo","metadata":[],"receiver":{"args":[],"id":"2697e127-b934-4057-b6bb-0f265beaa691","message":"a","metadata":[],"receiver":{"id":"7043693a-05eb-4152-a950-a7c4a81aef2a","metadata":[],"name":"keyboard","scope":{"containerScope":{"containerScope":{"containerScope":{"containerScope":{"containerScope":{"containerScope":{"contributions":{},"includedScopes":[]},"contributions":{},"includedScopes":[{"contributions":{},"includedScopes":[]},{"contributions":{},"includedScopes":[]},{"contributions":{},"includedScopes":[]},{"contributions":{},"includedScopes":[]},{"contributions":{},"includedScopes":[]}]},"contributions":{},"includedScopes":[]},"contributions":{},"includedScopes":[]},"contributions":{},"includedScopes":[]},"contributions":{},"includedScopes":[]},"contributions":{},"includedScopes":[]},"sourceMap":{"end":{"column":10,"line":29,"offset":1071},"start":{"column":2,"line":29,"offset":1063}}},"scope":{"containerScope":{"containerScope":{"containerScope":{"containerScope":{"containerScope":{"contributions":{},"includedScopes":[]},"contributions":{},"includedScopes":[{"contributions":{},"includedScopes":[]},{"contributions":{},"includedScopes":[]},{"contributions":{},"includedScopes":[]},{"contributions":{},"includedScopes":[]},{"contributions":{},"includedScopes":[]}]},"contributions":{},"includedScopes":[]},"contributions":{},"includedScopes":[]},"contributions":{},"includedScopes":[]},"contributions":{},"includedScopes":[]},"sourceMap":{"end":{"column":14,"line":29,"offset":1075},"start":{"column":2,"line":29,"offset":1063}}},"scope":{"containerScope":{"containerScope":{"containerScope":{"containerScope":{"contributions":{},"includedScopes":[]},"contributions":{},"includedScopes":[{"contributions":{},"includedScopes":[]},{"contributions":{},"includedScopes":[]},{"contributions":{},"includedScopes":[]},{"contributions":{},"includedScopes":[]},{"contributions":{},"includedScopes":[]}]},"contributions":{},"includedScopes":[]},"contributions":{},"includedScopes":[]},"contributions":{},"includedScopes":[]},"sourceMap":{"end":{"column":52,"line":29,"offset":1113},"start":{"column":2,"line":29,"offset":1063}}},{"args":[],"id":"cae5204f-1f28-4f83-a664-df4a7db3ce10","message":"e","metadata":[],"receiver":{"id":"d31af0a6-6acf-4586-a206-76a57d085cf5","metadata":[],"name":"keyboard","scope":{"containerScope":{"containerScope":{"containerScope":{"containerScope":{"containerScope":{"contributions":{},"includedScopes":[]},"contributions":{},"includedScopes":[{"contributions":{},"includedScopes":[]},{"contributions":{},"includedScopes":[]},{"contributions":{},"includedScopes":[]},{"contributions":{},"includedScopes":[]},{"contributions":{},"includedScopes":[]}]},"contributions":{},"includedScopes":[]},"contributions":{},"includedScopes":[]},"contributions":{},"includedScopes":[]},"contributions":{},"includedScopes":[]},"sourceMap":{"end":{"column":10,"line":30,"offset":1123},"start":{"column":2,"line":30,"offset":1115}}},"scope":{"containerScope":{"containerScope":{"containerScope":{"containerScope":{"contributions":{},"includedScopes":[]},"contributions":{},"includedScopes":[{"contributions":{},"includedScopes":[]},{"contributions":{},"includedScopes":[]},{"contributions":{},"includedScopes":[]},{"contributions":{},"includedScopes":[]},{"contributions":{},"includedScopes":[]}]},"contributions":{},"includedScopes":[]},"contributions":{},"includedScopes":[]},"contributions":{},"includedScopes":[]},"sourceMap":{"end":{"column":14,"line":30,"offset":1127},"start":{"column":2,"line":30,"offset":1115}}},{"args":[{"id":"e9d8a12b-decf-402d-80ad-1607bce535e5","metadata":[],"name":"hector","scope":{"containerScope":{"containerScope":{"containerScope":{"containerScope":{"containerScope":{"contributions":{},"includedScopes":[]},"contributions":{},"includedScopes":[{"contributions":{},"includedScopes":[]},{"contributions":{},"includedScopes":[]},{"contributions":{},"includedScopes":[]},{"contributions":{},"includedScopes":[]},{"contributions":{},"includedScopes":[]}]},"contributions":{},"includedScopes":[]},"contributions":{},"includedScopes":[]},"contributions":{},"includedScopes":[]},"contributions":{},"includedScopes":[]},"sourceMap":{"end":{"column":24,"line":35,"offset":1246},"start":{"column":18,"line":35,"offset":1240}}}],"id":"3fde3273-b74a-4ff2-8210-238cc4e330af","message":"addVisual","metadata":[{"args":{"position":"end","text":"//game.addVisual(mercado1)"},"name":"comment"}],"receiver":{"id":"ee577bdf-2969-4201-ae55-c2259e2cd4f1","metadata":[{"args":{"position":"start","text":"//keyboard.a().onPressDo({hector.venderMercaderia()})"},"name":"comment"}],"name":"game","scope":{"containerScope":{"containerScope":{"containerScope":{"containerScope":{"containerScope":{"contributions":{},"includedScopes":[]},"contributions":{},"includedScopes":[{"contributions":{},"includedScopes":[]},{"contributions":{},"includedScopes":[]},{"contributions":{},"includedScopes":[]},{"contributions":{},"includedScopes":[]},{"contributions":{},"includedScopes":[]}]},"contributions":{},"includedScopes":[]},"contributions":{},"includedScopes":[]},"contributions":{},"includedScopes":[]},"contributions":{},"includedScopes":[]},"sourceMap":{"end":{"column":7,"line":35,"offset":1229},"start":{"column":3,"line":35,"offset":1225}}},"scope":{"containerScope":{"containerScope":{"containerScope":{"containerScope":{"contributions":{},"includedScopes":[]},"contributions":{},"includedScopes":[{"contributions":{},"includedScopes":[]},{"contributions":{},"includedScopes":[]},{"contributions":{},"includedScopes":[]},{"contributions":{},"includedScopes":[]},{"contributions":{},"includedScopes":[]}]},"contributions":{},"includedScopes":[]},"contributions":{},"includedScopes":[]},"contributions":{},"includedScopes":[]},"sourceMap":{"end":{"column":25,"line":35,"offset":1247},"start":{"column":2,"line":32,"offset":1164}}},{"args":[],"id":"9245f6e7-5854-47b6-8bcd-36cb647692f1","message":"start","metadata":[],"receiver":{"id":"42a19405-f986-40df-8e28-60eae6a476bb","metadata":[{"args":{"position":"start","text":"//game.addVisual(mercado2)"},"name":"comment"},{"args":{"position":"start","text":"//game.addVisual(mercado3) \t"},"name":"comment"}],"name":"game","scope":{"containerScope":{"containerScope":{"containerScope":{"containerScope":{"containerScope":{"contributions":{},"includedScopes":[]},"contributions":{},"includedScopes":[{"contributions":{},"includedScopes":[]},{"contributions":{},"includedScopes":[]},{"contributions":{},"includedScopes":[]},{"contributions":{},"includedScopes":[]},{"contributions":{},"includedScopes":[]}]},"contributions":{},"includedScopes":[]},"contributions":{},"includedScopes":[]},"contributions":{},"includedScopes":[]},"contributions":{},"includedScopes":[]},"sourceMap":{"end":{"column":6,"line":40,"offset":1340},"start":{"column":2,"line":40,"offset":1336}}},"scope":{"containerScope":{"containerScope":{"containerScope":{"containerScope":{"contributions":{},"includedScopes":[]},"contributions":{},"includedScopes":[{"contributions":{},"includedScopes":[]},{"contributions":{},"includedScopes":[]},{"contributions":{},"includedScopes":[]},{"contributions":{},"includedScopes":[]},{"contributions":{},"includedScopes":[]}]},"contributions":{},"includedScopes":[]},"contributions":{},"includedScopes":[]},"contributions":{},"includedScopes":[]},"sourceMap":{"end":{"column":14,"line":40,"offset":1348},"start":{"column":2,"line":37,"offset":1277}}}],"sourceMap":{"end":{"column":2,"line":41,"offset":1350},"start":{"column":19,"line":11,"offset":323}}},"stack":"Error: Failed to print, found malformed node\n    at /home/felipe/.vscode/extensions/uqbar.wollok-lsp-ide-0.3.6/out/server/src/server.js:68:3533\n    at /home/felipe/.vscode/extensions/uqbar.wollok-lsp-ide-0.3.6/out/server/src/server.js:68:4962\n    at /home/felipe/.vscode/extensions/uqbar.wollok-lsp-ide-0.3.6/out/server/src/server.js:38:6056\n    at /home/felipe/.vscode/extensions/uqbar.wollok-lsp-ide-0.3.6/out/server/src/server.js:68:3612\n    at aln (/home/felipe/.vscode/extensions/uqbar.wollok-lsp-ide-0.3.6/out/server/src/server.js:68:3344)\n    at /home/felipe/.vscode/extensions/uqbar.wollok-lsp-ide-0.3.6/out/server/src/server.js:2285:847\n    at /home/felipe/.vscode/extensions/uqbar.wollok-lsp-ide-0.3.6/out/server/src/server.js:2298:3774\n    at /home/felipe/.vscode/extensions/uqbar.wollok-lsp-ide-0.3.6/out/server/src/server.js:37:74770\n    at Fe (/home/felipe/.vscode/extensions/uqbar.wollok-lsp-ide-0.3.6/out/server/src/server.js:7:8527)\n    at Pt (/home/felipe/.vscode/extensions/uqbar.wollok-lsp-ide-0.3.6/out/server/src/server.js:7:6189)","timestamp":"2024-10-11T12:36:12.393Z"}
{"level":"info","message":"⌛ Building environment","timeElapsed":198,"timestamp":"2024-10-11T12:36:12.957Z"}
{"level":"info","message":"⌛ Validating game.wpgm","timeElapsed":238,"timestamp":"2024-10-11T12:36:13.246Z"}
{"level":"info","message":"onRequest - completionItem/resolve","timestamp":"2024-10-11T12:36:13.246Z"}
{"exitCode":"SIGHUP","level":"info","message":"👾 Game executed game.farmville on /home/felipe/Documents/Universidad/Proramacion_Con_Objetos_1/2024s2-granja-villa-FeliQI-main/2024s2-granja-villa-FeliQI-5","timeElapsed":187551,"timestamp":"2024-10-11T12:40:02.433Z"}
{"exitCode":"SIGHUP","level":"info","message":"👾 Game executed game.farmville on /home/felipe/Documents/Universidad/Proramacion_Con_Objetos_1/2024s2-granja-villa-FeliQI-main/2024s2-granja-villa-FeliQI-5","timeElapsed":111134,"timestamp":"2024-10-11T12:44:05.178Z"}
{"level":"info","message":"⌛ Building environment","timeElapsed":262,"timestamp":"2024-10-11T12:45:33.416Z"}
{"level":"info","message":"⌛ Building environment","timeElapsed":188,"timestamp":"2024-10-11T12:45:33.607Z"}
{"level":"info","message":"⌛ Validating hector.wlk","timeElapsed":300,"timestamp":"2024-10-11T12:45:33.908Z"}
{"level":"info","message":"⌛ Building environment","timeElapsed":192,"timestamp":"2024-10-11T12:45:34.103Z"}
{"level":"info","message":"⌛ Validating hector.wlk","timeElapsed":219,"timestamp":"2024-10-11T12:45:34.323Z"}
{"level":"info","message":"⌛ Building environment","timeElapsed":149,"timestamp":"2024-10-11T12:45:34.472Z"}
{"level":"info","message":"⌛ Building environment","timeElapsed":196,"timestamp":"2024-10-11T12:45:34.668Z"}
{"level":"info","message":"⌛ Building environment","timeElapsed":428,"timestamp":"2024-10-11T12:45:35.110Z"}
{"level":"info","message":"⌛ Building environment","timeElapsed":196,"timestamp":"2024-10-11T12:45:35.307Z"}
{"level":"info","message":"⌛ Validating hector.wlk","timeElapsed":230,"timestamp":"2024-10-11T12:45:35.539Z"}
{"level":"info","message":"⌛ Building environment","timeElapsed":164,"timestamp":"2024-10-11T12:45:35.703Z"}
{"level":"info","message":"⌛ Building environment","timeElapsed":146,"timestamp":"2024-10-11T12:45:35.851Z"}
{"level":"info","message":"⌛ Validating hector.wlk","timeElapsed":315,"timestamp":"2024-10-11T12:45:36.167Z"}
{"level":"info","message":"⌛ Validating hector.wlk","timeElapsed":191,"timestamp":"2024-10-11T12:45:36.369Z"}
{"level":"info","message":"⌛ Building environment","timeElapsed":197,"timestamp":"2024-10-11T12:45:36.567Z"}
{"level":"info","message":"⌛ Validating hector.wlk","timeElapsed":190,"timestamp":"2024-10-11T12:45:36.804Z"}
{"level":"info","message":"⌛ Building environment","timeElapsed":152,"timestamp":"2024-10-11T12:45:36.958Z"}
{"level":"info","message":"⌛ Validating hector.wlk","timeElapsed":200,"timestamp":"2024-10-11T12:45:37.158Z"}
{"level":"info","message":"⌛ Building environment","timeElapsed":144,"timestamp":"2024-10-11T12:45:37.304Z"}
{"level":"info","message":"⌛ Building environment","timeElapsed":143,"timestamp":"2024-10-11T12:45:37.483Z"}
{"level":"info","message":"⌛ Building environment","timeElapsed":138,"timestamp":"2024-10-11T12:45:37.622Z"}
{"level":"info","message":"⌛ Validating hector.wlk","timeElapsed":209,"timestamp":"2024-10-11T12:45:37.843Z"}
{"level":"info","message":"⌛ Building environment","timeElapsed":162,"timestamp":"2024-10-11T12:45:38.006Z"}
{"level":"info","message":"⌛ Validating hector.wlk","timeElapsed":213,"timestamp":"2024-10-11T12:45:38.219Z"}
{"level":"info","message":"⌛ Building environment","timeElapsed":297,"timestamp":"2024-10-11T12:45:38.519Z"}
{"level":"info","message":"⌛ Building environment","timeElapsed":207,"timestamp":"2024-10-11T12:45:38.728Z"}
{"level":"info","message":"⌛ Building environment","timeElapsed":158,"timestamp":"2024-10-11T12:45:38.886Z"}
{"level":"info","message":"⌛ Validating hector.wlk","timeElapsed":216,"timestamp":"2024-10-11T12:45:39.103Z"}
{"level":"info","message":"⌛ Validating hector.wlk","timeElapsed":249,"timestamp":"2024-10-11T12:45:39.362Z"}
{"level":"info","message":"⌛ Validating hector.wlk","timeElapsed":187,"timestamp":"2024-10-11T12:45:39.549Z"}
{"level":"info","message":"⌛ Validating hector.wlk","timeElapsed":184,"timestamp":"2024-10-11T12:45:39.733Z"}
{"level":"info","message":"⌛ Validating hector.wlk","timeElapsed":296,"timestamp":"2024-10-11T12:45:40.029Z"}
{"level":"info","message":"⌛ Validating hector.wlk","timeElapsed":276,"timestamp":"2024-10-11T12:45:40.305Z"}
{"level":"info","message":"⌛ Validating hector.wlk","timeElapsed":206,"timestamp":"2024-10-11T12:45:40.511Z"}
{"level":"info","message":"⌛ Validating hector.wlk","timeElapsed":187,"timestamp":"2024-10-11T12:45:40.702Z"}
{"level":"info","message":"⌛ Validating hector.wlk","timeElapsed":194,"timestamp":"2024-10-11T12:45:40.896Z"}
{"level":"info","message":"⌛ Building environment","timeElapsed":194,"timestamp":"2024-10-11T12:45:42.817Z"}
{"level":"info","message":"⌛ Building environment","timeElapsed":137,"timestamp":"2024-10-11T12:45:42.955Z"}
{"level":"info","message":"⌛ Validating objetos.wlk","timeElapsed":195,"timestamp":"2024-10-11T12:45:43.151Z"}
{"level":"info","message":"⌛ Validating objetos.wlk","timeElapsed":350,"timestamp":"2024-10-11T12:45:43.501Z"}
{"level":"info","message":"⌛ Building environment","timeElapsed":142,"timestamp":"2024-10-11T12:45:45.061Z"}
{"level":"info","message":"⌛ Validating objetos.wlk","timeElapsed":201,"timestamp":"2024-10-11T12:45:45.263Z"}
{"level":"info","message":"⌛ Building environment","timeElapsed":139,"timestamp":"2024-10-11T12:45:45.403Z"}
{"level":"info","message":"⌛ Validating objetos.wlk","timeElapsed":190,"timestamp":"2024-10-11T12:45:45.594Z"}
{"level":"info","message":"⌛ Building environment","timeElapsed":187,"timestamp":"2024-10-11T12:45:58.439Z"}
{"level":"info","message":"⌛ Building environment","timeElapsed":135,"timestamp":"2024-10-11T12:45:58.608Z"}
{"level":"info","message":"⌛ Validating objetos.wlk","timeElapsed":194,"timestamp":"2024-10-11T12:45:58.803Z"}
{"level":"info","message":"onRequest - completionItem/resolve","timestamp":"2024-10-11T12:45:58.803Z"}
{"level":"info","message":"⌛ Validating objetos.wlk","timeElapsed":196,"timestamp":"2024-10-11T12:45:58.999Z"}
{"level":"info","message":"⌛ Building environment","timeElapsed":158,"timestamp":"2024-10-11T12:45:59.555Z"}
{"level":"info","message":"⌛ Building environment","timeElapsed":188,"timestamp":"2024-10-11T12:45:59.744Z"}
{"level":"info","message":"⌛ Validating objetos.wlk","timeElapsed":284,"timestamp":"2024-10-11T12:46:00.028Z"}
{"level":"info","message":"⌛ Validating objetos.wlk","timeElapsed":199,"timestamp":"2024-10-11T12:46:00.228Z"}
{"level":"info","message":"⌛ Building environment","timeElapsed":150,"timestamp":"2024-10-11T12:46:00.521Z"}
{"level":"info","message":"⌛ Validating objetos.wlk","timeElapsed":208,"timestamp":"2024-10-11T12:46:00.731Z"}
{"level":"info","message":"⌛ Building environment","timeElapsed":151,"timestamp":"2024-10-11T12:46:00.883Z"}
{"level":"info","message":"⌛ Building environment","timeElapsed":149,"timestamp":"2024-10-11T12:46:01.032Z"}
{"level":"info","message":"⌛ Validating objetos.wlk","timeElapsed":194,"timestamp":"2024-10-11T12:46:01.228Z"}
{"level":"info","message":"⌛ Building environment","timeElapsed":292,"timestamp":"2024-10-11T12:46:01.520Z"}
{"level":"info","message":"⌛ Validating objetos.wlk","timeElapsed":220,"timestamp":"2024-10-11T12:46:01.741Z"}
{"level":"info","message":"⌛ Validating objetos.wlk","timeElapsed":203,"timestamp":"2024-10-11T12:46:01.956Z"}
{"level":"info","message":"⌛ Building environment","timeElapsed":142,"timestamp":"2024-10-11T12:46:02.098Z"}
{"level":"info","message":"⌛ Building environment","timeElapsed":139,"timestamp":"2024-10-11T12:46:02.272Z"}
{"level":"info","message":"⌛ Building environment","timeElapsed":142,"timestamp":"2024-10-11T12:46:02.424Z"}
{"level":"info","message":"⌛ Validating objetos.wlk","timeElapsed":202,"timestamp":"2024-10-11T12:46:02.627Z"}
{"level":"info","message":"onRequest - completionItem/resolve","timestamp":"2024-10-11T12:46:02.627Z"}
{"level":"info","message":"⌛ Validating objetos.wlk","timeElapsed":194,"timestamp":"2024-10-11T12:46:02.830Z"}
{"level":"info","message":"⌛ Validating objetos.wlk","timeElapsed":194,"timestamp":"2024-10-11T12:46:03.024Z"}
{"level":"info","message":"⌛ Building environment","timeElapsed":141,"timestamp":"2024-10-11T12:46:04.113Z"}
{"level":"info","message":"⌛ Validating objetos.wlk","timeElapsed":383,"timestamp":"2024-10-11T12:46:04.504Z"}
{"level":"info","message":"⌛ Building environment","timeElapsed":159,"timestamp":"2024-10-11T12:46:04.664Z"}
{"level":"info","message":"⌛ Building environment","timeElapsed":136,"timestamp":"2024-10-11T12:46:04.800Z"}
{"level":"info","message":"⌛ Validating objetos.wlk","timeElapsed":215,"timestamp":"2024-10-11T12:46:05.021Z"}
{"level":"info","message":"⌛ Validating objetos.wlk","timeElapsed":208,"timestamp":"2024-10-11T12:46:05.230Z"}
{"level":"info","message":"⌛ Building environment","timeElapsed":301,"timestamp":"2024-10-11T12:46:05.534Z"}
{"level":"info","message":"⌛ Building environment","timeElapsed":166,"timestamp":"2024-10-11T12:46:05.755Z"}
{"level":"info","message":"⌛ Building environment","timeElapsed":125,"timestamp":"2024-10-11T12:46:05.888Z"}
{"level":"info","message":"⌛ Building environment","timeElapsed":128,"timestamp":"2024-10-11T12:46:06.024Z"}
{"level":"info","message":"⌛ Building environment","timeElapsed":165,"timestamp":"2024-10-11T12:46:06.198Z"}
{"level":"info","message":"⌛ Validating objetos.wlk","timeElapsed":236,"timestamp":"2024-10-11T12:46:06.440Z"}
{"level":"info","message":"onRequest - completionItem/resolve","timestamp":"2024-10-11T12:46:06.440Z"}
{"level":"info","message":"⌛ Validating objetos.wlk","timeElapsed":190,"timestamp":"2024-10-11T12:46:06.642Z"}
{"level":"info","message":"⌛ Validating objetos.wlk","timeElapsed":188,"timestamp":"2024-10-11T12:46:06.830Z"}
{"level":"info","message":"⌛ Validating objetos.wlk","timeElapsed":186,"timestamp":"2024-10-11T12:46:07.017Z"}
{"level":"info","message":"⌛ Validating objetos.wlk","timeElapsed":182,"timestamp":"2024-10-11T12:46:07.200Z"}
{"level":"info","message":"⌛ Building environment","timeElapsed":173,"timestamp":"2024-10-11T12:46:18.504Z"}
{"level":"info","message":"⌛ Building environment","timeElapsed":147,"timestamp":"2024-10-11T12:46:18.652Z"}
{"level":"info","message":"⌛ Validating hector.wlk","timeElapsed":199,"timestamp":"2024-10-11T12:46:18.862Z"}
{"level":"info","message":"⌛ Building environment","timeElapsed":151,"timestamp":"2024-10-11T12:46:19.013Z"}
{"level":"info","message":"⌛ Validating hector.wlk","timeElapsed":197,"timestamp":"2024-10-11T12:46:19.212Z"}
{"level":"info","message":"⌛ Building environment","timeElapsed":142,"timestamp":"2024-10-11T12:46:19.357Z"}
{"level":"info","message":"⌛ Building environment","timeElapsed":141,"timestamp":"2024-10-11T12:46:19.499Z"}
{"level":"info","message":"⌛ Validating hector.wlk","timeElapsed":202,"timestamp":"2024-10-11T12:46:19.702Z"}
{"level":"info","message":"⌛ Building environment","timeElapsed":233,"timestamp":"2024-10-11T12:46:19.937Z"}
{"level":"info","message":"⌛ Building environment","timeElapsed":223,"timestamp":"2024-10-11T12:46:20.178Z"}
{"level":"info","message":"⌛ Validating hector.wlk","timeElapsed":215,"timestamp":"2024-10-11T12:46:20.393Z"}
{"level":"info","message":"⌛ Validating hector.wlk","timeElapsed":199,"timestamp":"2024-10-11T12:46:20.600Z"}
{"level":"info","message":"⌛ Building environment","timeElapsed":144,"timestamp":"2024-10-11T12:46:20.745Z"}
{"level":"info","message":"⌛ Building environment","timeElapsed":139,"timestamp":"2024-10-11T12:46:20.891Z"}
{"level":"info","message":"⌛ Validating hector.wlk","timeElapsed":199,"timestamp":"2024-10-11T12:46:21.092Z"}
{"level":"info","message":"⌛ Building environment","timeElapsed":150,"timestamp":"2024-10-11T12:46:21.244Z"}
{"level":"info","message":"⌛ Building environment","timeElapsed":139,"timestamp":"2024-10-11T12:46:21.384Z"}
{"level":"info","message":"⌛ Validating hector.wlk","timeElapsed":196,"timestamp":"2024-10-11T12:46:21.581Z"}
{"level":"info","message":"⌛ Building environment","timeElapsed":147,"timestamp":"2024-10-11T12:46:21.728Z"}
{"level":"info","message":"⌛ Building environment","timeElapsed":141,"timestamp":"2024-10-11T12:46:21.876Z"}
{"level":"info","message":"⌛ Building environment","timeElapsed":142,"timestamp":"2024-10-11T12:46:22.019Z"}
{"level":"info","message":"⌛ Validating hector.wlk","timeElapsed":180,"timestamp":"2024-10-11T12:46:22.208Z"}
{"level":"info","message":"⌛ Validating hector.wlk","timeElapsed":183,"timestamp":"2024-10-11T12:46:22.393Z"}
{"level":"info","message":"⌛ Validating hector.wlk","timeElapsed":205,"timestamp":"2024-10-11T12:46:22.598Z"}
{"level":"info","message":"⌛ Validating hector.wlk","timeElapsed":192,"timestamp":"2024-10-11T12:46:22.792Z"}
{"level":"info","message":"⌛ Validating hector.wlk","timeElapsed":189,"timestamp":"2024-10-11T12:46:22.982Z"}
{"level":"info","message":"⌛ Validating hector.wlk","timeElapsed":183,"timestamp":"2024-10-11T12:46:23.166Z"}
{"level":"info","message":"⌛ Validating hector.wlk","timeElapsed":181,"timestamp":"2024-10-11T12:46:23.347Z"}
{"level":"info","message":"⌛ Building environment","timeElapsed":152,"timestamp":"2024-10-11T12:46:23.528Z"}
{"level":"info","message":"⌛ Validating hector.wlk","timeElapsed":185,"timestamp":"2024-10-11T12:46:23.721Z"}
{"level":"info","message":"⌛ Building environment","timeElapsed":249,"timestamp":"2024-10-11T12:46:58.412Z"}
{"level":"info","message":"⌛ Validating hector.wlk","timeElapsed":308,"timestamp":"2024-10-11T12:46:58.781Z"}
{"level":"info","message":"onRequest - completionItem/resolve","timestamp":"2024-10-11T12:46:58.781Z"}
{"level":"info","message":"⌛ Building environment","timeElapsed":181,"timestamp":"2024-10-11T12:46:58.963Z"}
{"level":"info","message":"⌛ Validating hector.wlk","timeElapsed":223,"timestamp":"2024-10-11T12:46:59.193Z"}
{"level":"info","message":"⌛ Building environment","timeElapsed":173,"timestamp":"2024-10-11T12:47:00.842Z"}
{"level":"info","message":"⌛ Validating hector.wlk","timeElapsed":191,"timestamp":"2024-10-11T12:47:01.034Z"}
{"level":"info","message":"⌛ Building environment","timeElapsed":201,"timestamp":"2024-10-11T12:47:01.682Z"}
{"level":"info","message":"⌛ Building environment","timeElapsed":182,"timestamp":"2024-10-11T12:47:01.905Z"}
{"level":"info","message":"⌛ Validating hector.wlk","timeElapsed":243,"timestamp":"2024-10-11T12:47:02.157Z"}
{"level":"info","message":"onRequest - completionItem/resolve","timestamp":"2024-10-11T12:47:02.158Z"}
{"level":"info","message":"⌛ Building environment","timeElapsed":133,"timestamp":"2024-10-11T12:47:02.291Z"}
{"level":"info","message":"onRequest - completionItem/resolve","timestamp":"2024-10-11T12:47:02.299Z"}
{"level":"info","message":"⌛ Validating hector.wlk","timeElapsed":206,"timestamp":"2024-10-11T12:47:02.506Z"}
{"level":"info","message":"⌛ Building environment","timeElapsed":289,"timestamp":"2024-10-11T12:47:02.798Z"}
{"level":"info","message":"onRequest - completionItem/resolve","timestamp":"2024-10-11T12:47:02.799Z"}
{"level":"info","message":"⌛ Building environment","timeElapsed":251,"timestamp":"2024-10-11T12:47:03.051Z"}
{"level":"info","message":"onRequest - completionItem/resolve","timestamp":"2024-10-11T12:47:03.055Z"}
{"level":"info","message":"⌛ Validating hector.wlk","timeElapsed":247,"timestamp":"2024-10-11T12:47:03.303Z"}
{"level":"info","message":"⌛ Building environment","timeElapsed":151,"timestamp":"2024-10-11T12:47:03.455Z"}
{"level":"info","message":"onRequest - completionItem/resolve","timestamp":"2024-10-11T12:47:03.456Z"}
{"level":"info","message":"⌛ Building environment","timeElapsed":146,"timestamp":"2024-10-11T12:47:03.602Z"}
{"level":"info","message":"onRequest - completionItem/resolve","timestamp":"2024-10-11T12:47:03.604Z"}
{"level":"info","message":"⌛ Validating hector.wlk","timeElapsed":296,"timestamp":"2024-10-11T12:47:03.900Z"}
{"level":"info","message":"⌛ Validating hector.wlk","timeElapsed":188,"timestamp":"2024-10-11T12:47:04.098Z"}
{"level":"info","message":"⌛ Building environment","timeElapsed":179,"timestamp":"2024-10-11T12:47:04.278Z"}
{"level":"info","message":"⌛ Building environment","timeElapsed":162,"timestamp":"2024-10-11T12:47:04.496Z"}
{"level":"info","message":"⌛ Validating hector.wlk","timeElapsed":215,"timestamp":"2024-10-11T12:47:04.714Z"}
{"level":"info","message":"⌛ Validating hector.wlk","timeElapsed":205,"timestamp":"2024-10-11T12:47:04.921Z"}
{"level":"info","message":"⌛ Building environment","timeElapsed":160,"timestamp":"2024-10-11T12:47:05.081Z"}
{"level":"info","message":"⌛ Building environment","timeElapsed":146,"timestamp":"2024-10-11T12:47:05.228Z"}
{"level":"info","message":"⌛ Validating hector.wlk","timeElapsed":232,"timestamp":"2024-10-11T12:47:05.475Z"}
{"level":"info","message":"onRequest - completionItem/resolve","timestamp":"2024-10-11T12:47:05.475Z"}
{"level":"info","message":"⌛ Building environment","timeElapsed":195,"timestamp":"2024-10-11T12:47:05.670Z"}
{"level":"info","message":"⌛ Validating hector.wlk","timeElapsed":269,"timestamp":"2024-10-11T12:47:05.999Z"}
{"level":"info","message":"⌛ Building environment","timeElapsed":173,"timestamp":"2024-10-11T12:47:06.173Z"}
{"level":"info","message":"⌛ Building environment","timeElapsed":138,"timestamp":"2024-10-11T12:47:06.312Z"}
{"level":"info","message":"⌛ Building environment","timeElapsed":162,"timestamp":"2024-10-11T12:47:06.482Z"}
{"level":"info","message":"⌛ Validating hector.wlk","timeElapsed":250,"timestamp":"2024-10-11T12:47:06.733Z"}
{"level":"info","message":"⌛ Validating hector.wlk","timeElapsed":205,"timestamp":"2024-10-11T12:47:06.938Z"}
{"level":"info","message":"⌛ Building environment","timeElapsed":216,"timestamp":"2024-10-11T12:47:07.154Z"}
{"level":"info","message":"⌛ Building environment","timeElapsed":247,"timestamp":"2024-10-11T12:47:07.426Z"}
{"level":"info","message":"⌛ Validating hector.wlk","timeElapsed":214,"timestamp":"2024-10-11T12:47:07.640Z"}
{"level":"info","message":"⌛ Building environment","timeElapsed":156,"timestamp":"2024-10-11T12:47:07.796Z"}
{"level":"info","message":"⌛ Validating hector.wlk","timeElapsed":202,"timestamp":"2024-10-11T12:47:07.998Z"}
{"level":"info","message":"⌛ Validating hector.wlk","timeElapsed":291,"timestamp":"2024-10-11T12:47:08.296Z"}
{"level":"info","message":"⌛ Building environment","timeElapsed":161,"timestamp":"2024-10-11T12:47:08.459Z"}
{"level":"info","message":"⌛ Validating hector.wlk","timeElapsed":198,"timestamp":"2024-10-11T12:47:08.658Z"}
{"level":"info","message":"⌛ Building environment","timeElapsed":174,"timestamp":"2024-10-11T12:47:08.832Z"}
{"level":"info","message":"⌛ Building environment","timeElapsed":141,"timestamp":"2024-10-11T12:47:09.013Z"}
{"level":"info","message":"⌛ Building environment","timeElapsed":206,"timestamp":"2024-10-11T12:47:09.219Z"}
{"level":"info","message":"⌛ Validating hector.wlk","timeElapsed":184,"timestamp":"2024-10-11T12:47:09.410Z"}
{"level":"info","message":"⌛ Building environment","timeElapsed":151,"timestamp":"2024-10-11T12:47:09.561Z"}
{"level":"info","message":"⌛ Validating hector.wlk","timeElapsed":199,"timestamp":"2024-10-11T12:47:09.761Z"}
{"level":"info","message":"⌛ Building environment","timeElapsed":148,"timestamp":"2024-10-11T12:47:09.909Z"}
{"level":"info","message":"⌛ Validating hector.wlk","timeElapsed":186,"timestamp":"2024-10-11T12:47:10.096Z"}
{"level":"info","message":"⌛ Building environment","timeElapsed":140,"timestamp":"2024-10-11T12:47:10.244Z"}
{"level":"info","message":"⌛ Validating hector.wlk","timeElapsed":197,"timestamp":"2024-10-11T12:47:10.448Z"}
{"level":"info","message":"⌛ Validating hector.wlk","timeElapsed":182,"timestamp":"2024-10-11T12:47:10.638Z"}
{"level":"info","message":"⌛ Validating hector.wlk","timeElapsed":191,"timestamp":"2024-10-11T12:47:10.829Z"}
{"level":"info","message":"⌛ Validating hector.wlk","timeElapsed":186,"timestamp":"2024-10-11T12:47:11.016Z"}
{"level":"info","message":"⌛ Validating hector.wlk","timeElapsed":200,"timestamp":"2024-10-11T12:47:11.216Z"}
{"level":"info","message":"⌛ Validating hector.wlk","timeElapsed":192,"timestamp":"2024-10-11T12:47:11.410Z"}
{"level":"info","message":"⌛ Validating hector.wlk","timeElapsed":192,"timestamp":"2024-10-11T12:47:11.602Z"}
{"level":"info","message":"⌛ Building environment","timeElapsed":142,"timestamp":"2024-10-11T12:47:11.744Z"}
{"level":"info","message":"⌛ Validating hector.wlk","timeElapsed":187,"timestamp":"2024-10-11T12:47:11.944Z"}
{"level":"info","message":"⌛ Building environment","timeElapsed":150,"timestamp":"2024-10-11T12:47:14.582Z"}
{"level":"info","message":"⌛ Validating hector.wlk","timeElapsed":197,"timestamp":"2024-10-11T12:47:14.780Z"}
{"level":"info","message":"⌛ Building environment","timeElapsed":163,"timestamp":"2024-10-11T12:47:15.843Z"}
{"level":"info","message":"⌛ Validating hector.wlk","timeElapsed":188,"timestamp":"2024-10-11T12:47:16.032Z"}
{"level":"info","message":"⌛ Building environment","timeElapsed":156,"timestamp":"2024-10-11T12:47:16.535Z"}
{"level":"info","message":"⌛ Validating hector.wlk","timeElapsed":262,"timestamp":"2024-10-11T12:47:16.798Z"}
{"level":"info","message":"⌛ Building environment","timeElapsed":178,"timestamp":"2024-10-11T12:47:41.770Z"}
{"level":"info","message":"⌛ Building environment","timeElapsed":160,"timestamp":"2024-10-11T12:47:41.930Z"}
{"level":"info","message":"⌛ Validating hector.wlk","timeElapsed":198,"timestamp":"2024-10-11T12:47:42.168Z"}
{"level":"info","message":"⌛ Building environment","timeElapsed":149,"timestamp":"2024-10-11T12:47:42.318Z"}
{"level":"info","message":"⌛ Building environment","timeElapsed":137,"timestamp":"2024-10-11T12:47:42.457Z"}
{"level":"info","message":"⌛ Validating hector.wlk","timeElapsed":307,"timestamp":"2024-10-11T12:47:42.765Z"}
{"level":"info","message":"⌛ Building environment","timeElapsed":196,"timestamp":"2024-10-11T12:47:42.963Z"}
{"level":"info","message":"onRequest - completionItem/resolve","timestamp":"2024-10-11T12:47:42.964Z"}
{"level":"info","message":"⌛ Validating hector.wlk","timeElapsed":188,"timestamp":"2024-10-11T12:47:43.158Z"}
{"level":"info","message":"⌛ Validating hector.wlk","timeElapsed":184,"timestamp":"2024-10-11T12:47:43.343Z"}
{"level":"info","message":"⌛ Building environment","timeElapsed":256,"timestamp":"2024-10-11T12:47:43.600Z"}
{"level":"info","message":"onRequest - completionItem/resolve","timestamp":"2024-10-11T12:47:43.601Z"}
{"level":"info","message":"⌛ Validating hector.wlk","timeElapsed":185,"timestamp":"2024-10-11T12:47:43.798Z"}
{"level":"info","message":"⌛ Validating hector.wlk","timeElapsed":182,"timestamp":"2024-10-11T12:47:43.982Z"}
{"level":"info","message":"⌛ Building environment","timeElapsed":150,"timestamp":"2024-10-11T12:47:49.637Z"}
{"level":"info","message":"⌛ Validating hector.wlk","timeElapsed":184,"timestamp":"2024-10-11T12:47:49.822Z"}
{"level":"info","message":"⌛ Building environment","timeElapsed":189,"timestamp":"2024-10-11T12:47:50.241Z"}
{"level":"error","message":"✘ Completions for node failed: Error: [Send]{c1ebf4} at hector.wlk:82 exhausted all cases without a match [Send]{c1ebf4} at hector.wlk:82 exhausted all cases without a match","stack":"Error: [Send]{c1ebf4} at hector.wlk:82 exhausted all cases without a match\n    at /home/felipe/.vscode/extensions/uqbar.wollok-lsp-ide-0.3.6/out/server/src/server.js:38:6067\n    at yh (/home/felipe/.vscode/extensions/uqbar.wollok-lsp-ide-0.3.6/out/server/src/server.js:2291:42)\n    at kh (/home/felipe/.vscode/extensions/uqbar.wollok-lsp-ide-0.3.6/out/server/src/server.js:2291:1004)\n    at Y5n (/home/felipe/.vscode/extensions/uqbar.wollok-lsp-ide-0.3.6/out/server/src/server.js:2291:1160)\n    at /home/felipe/.vscode/extensions/uqbar.wollok-lsp-ide-0.3.6/out/server/src/server.js:38:6056\n    at yh (/home/felipe/.vscode/extensions/uqbar.wollok-lsp-ide-0.3.6/out/server/src/server.js:2291:42)\n    at /home/felipe/.vscode/extensions/uqbar.wollok-lsp-ide-0.3.6/out/server/src/server.js:2291:2700\n    at /home/felipe/.vscode/extensions/uqbar.wollok-lsp-ide-0.3.6/out/server/src/server.js:2298:3774\n    at /home/felipe/.vscode/extensions/uqbar.wollok-lsp-ide-0.3.6/out/server/src/server.js:37:74872\n    at Fe (/home/felipe/.vscode/extensions/uqbar.wollok-lsp-ide-0.3.6/out/server/src/server.js:7:8527)","timestamp":"2024-10-11T12:47:50.283Z"}
{"level":"error","message":"✘ Completions for node failed: Error: [If]{05985b} at hector.wlk:82 exhausted all cases without a match [If]{05985b} at hector.wlk:82 exhausted all cases without a match","stack":"Error: [If]{05985b} at hector.wlk:82 exhausted all cases without a match\n    at /home/felipe/.vscode/extensions/uqbar.wollok-lsp-ide-0.3.6/out/server/src/server.js:38:6067\n    at yh (/home/felipe/.vscode/extensions/uqbar.wollok-lsp-ide-0.3.6/out/server/src/server.js:2291:42)\n    at kh (/home/felipe/.vscode/extensions/uqbar.wollok-lsp-ide-0.3.6/out/server/src/server.js:2291:1004)\n    at yh (/home/felipe/.vscode/extensions/uqbar.wollok-lsp-ide-0.3.6/out/server/src/server.js:2291:456)\n    at kh (/home/felipe/.vscode/extensions/uqbar.wollok-lsp-ide-0.3.6/out/server/src/server.js:2291:1004)\n    at Y5n (/home/felipe/.vscode/extensions/uqbar.wollok-lsp-ide-0.3.6/out/server/src/server.js:2291:1160)\n    at /home/felipe/.vscode/extensions/uqbar.wollok-lsp-ide-0.3.6/out/server/src/server.js:38:6056\n    at yh (/home/felipe/.vscode/extensions/uqbar.wollok-lsp-ide-0.3.6/out/server/src/server.js:2291:42)\n    at /home/felipe/.vscode/extensions/uqbar.wollok-lsp-ide-0.3.6/out/server/src/server.js:2291:2700\n    at /home/felipe/.vscode/extensions/uqbar.wollok-lsp-ide-0.3.6/out/server/src/server.js:2298:3774","timestamp":"2024-10-11T12:47:50.283Z"}
{"level":"info","message":"⌛ Building environment","timeElapsed":154,"timestamp":"2024-10-11T12:47:50.442Z"}
{"level":"info","message":"⌛ Validating hector.wlk","timeElapsed":204,"timestamp":"2024-10-11T12:47:50.647Z"}
{"level":"info","message":"onRequest - completionItem/resolve","timestamp":"2024-10-11T12:47:50.647Z"}
{"level":"info","message":"⌛ Building environment","timeElapsed":167,"timestamp":"2024-10-11T12:47:50.814Z"}
{"level":"info","message":"onRequest - completionItem/resolve","timestamp":"2024-10-11T12:47:50.815Z"}
{"level":"info","message":"⌛ Validating hector.wlk","timeElapsed":202,"timestamp":"2024-10-11T12:47:51.018Z"}
{"level":"info","message":"⌛ Building environment","timeElapsed":144,"timestamp":"2024-10-11T12:47:51.162Z"}
{"level":"info","message":"onRequest - completionItem/resolve","timestamp":"2024-10-11T12:47:51.163Z"}
{"level":"info","message":"⌛ Building environment","timeElapsed":139,"timestamp":"2024-10-11T12:47:51.302Z"}
{"level":"info","message":"onRequest - completionItem/resolve","timestamp":"2024-10-11T12:47:51.303Z"}
{"level":"info","message":"⌛ Validating hector.wlk","timeElapsed":195,"timestamp":"2024-10-11T12:47:51.498Z"}
{"level":"info","message":"⌛ Building environment","timeElapsed":140,"timestamp":"2024-10-11T12:47:51.638Z"}
{"level":"info","message":"onRequest - completionItem/resolve","timestamp":"2024-10-11T12:47:51.644Z"}
{"level":"info","message":"⌛ Validating hector.wlk","timeElapsed":211,"timestamp":"2024-10-11T12:47:51.864Z"}
{"level":"info","message":"⌛ Validating hector.wlk","timeElapsed":206,"timestamp":"2024-10-11T12:47:52.071Z"}
{"level":"info","message":"⌛ Validating hector.wlk","timeElapsed":211,"timestamp":"2024-10-11T12:47:52.284Z"}
{"level":"info","message":"⌛ Building environment","timeElapsed":148,"timestamp":"2024-10-11T12:47:52.432Z"}
{"level":"info","message":"onRequest - completionItem/resolve","timestamp":"2024-10-11T12:47:52.432Z"}
{"level":"info","message":"⌛ Building environment","timeElapsed":187,"timestamp":"2024-10-11T12:47:52.626Z"}
{"level":"info","message":"⌛ Validating hector.wlk","timeElapsed":224,"timestamp":"2024-10-11T12:47:52.911Z"}
{"level":"info","message":"⌛ Validating hector.wlk","timeElapsed":222,"timestamp":"2024-10-11T12:47:53.135Z"}
{"level":"info","message":"⌛ Building environment","timeElapsed":202,"timestamp":"2024-10-11T12:47:53.338Z"}
{"level":"info","message":"onRequest - completionItem/resolve","timestamp":"2024-10-11T12:47:53.339Z"}
{"level":"info","message":"⌛ Building environment","timeElapsed":156,"timestamp":"2024-10-11T12:47:53.495Z"}
{"level":"info","message":"onRequest - completionItem/resolve","timestamp":"2024-10-11T12:47:53.501Z"}
{"level":"info","message":"⌛ Building environment","timeElapsed":167,"timestamp":"2024-10-11T12:47:53.668Z"}
{"level":"info","message":"onRequest - completionItem/resolve","timestamp":"2024-10-11T12:47:53.668Z"}
{"level":"info","message":"⌛ Building environment","timeElapsed":281,"timestamp":"2024-10-11T12:47:53.950Z"}
{"level":"info","message":"onRequest - completionItem/resolve","timestamp":"2024-10-11T12:47:53.952Z"}
{"level":"info","message":"⌛ Validating hector.wlk","timeElapsed":199,"timestamp":"2024-10-11T12:47:54.151Z"}
{"level":"info","message":"⌛ Building environment","timeElapsed":160,"timestamp":"2024-10-11T12:47:54.313Z"}
{"level":"info","message":"onRequest - completionItem/resolve","timestamp":"2024-10-11T12:47:54.314Z"}
{"level":"info","message":"⌛ Validating hector.wlk","timeElapsed":186,"timestamp":"2024-10-11T12:47:54.500Z"}
{"level":"info","message":"⌛ Building environment","timeElapsed":140,"timestamp":"2024-10-11T12:47:54.641Z"}
{"level":"info","message":"onRequest - completionItem/resolve","timestamp":"2024-10-11T12:47:54.648Z"}
{"level":"info","message":"⌛ Validating hector.wlk","timeElapsed":190,"timestamp":"2024-10-11T12:47:54.838Z"}
{"level":"info","message":"⌛ Building environment","timeElapsed":149,"timestamp":"2024-10-11T12:47:54.988Z"}
{"level":"info","message":"onRequest - completionItem/resolve","timestamp":"2024-10-11T12:47:54.988Z"}
{"level":"info","message":"⌛ Validating hector.wlk","timeElapsed":197,"timestamp":"2024-10-11T12:47:55.185Z"}
{"level":"info","message":"⌛ Validating hector.wlk","timeElapsed":199,"timestamp":"2024-10-11T12:47:55.391Z"}
{"level":"info","message":"⌛ Validating hector.wlk","timeElapsed":194,"timestamp":"2024-10-11T12:47:55.586Z"}
{"level":"info","message":"⌛ Validating hector.wlk","timeElapsed":182,"timestamp":"2024-10-11T12:47:55.768Z"}
{"level":"info","message":"⌛ Building environment","timeElapsed":155,"timestamp":"2024-10-11T12:47:56.039Z"}
{"level":"error","message":"✘ Completions for node failed: Error: [Send]{6866c1} at hector.wlk:82 exhausted all cases without a match [Send]{6866c1} at hector.wlk:82 exhausted all cases without a match","stack":"Error: [Send]{6866c1} at hector.wlk:82 exhausted all cases without a match\n    at /home/felipe/.vscode/extensions/uqbar.wollok-lsp-ide-0.3.6/out/server/src/server.js:38:6067\n    at yh (/home/felipe/.vscode/extensions/uqbar.wollok-lsp-ide-0.3.6/out/server/src/server.js:2291:42)\n    at kh (/home/felipe/.vscode/extensions/uqbar.wollok-lsp-ide-0.3.6/out/server/src/server.js:2291:1004)\n    at Y5n (/home/felipe/.vscode/extensions/uqbar.wollok-lsp-ide-0.3.6/out/server/src/server.js:2291:1160)\n    at /home/felipe/.vscode/extensions/uqbar.wollok-lsp-ide-0.3.6/out/server/src/server.js:38:6056\n    at yh (/home/felipe/.vscode/extensions/uqbar.wollok-lsp-ide-0.3.6/out/server/src/server.js:2291:42)\n    at /home/felipe/.vscode/extensions/uqbar.wollok-lsp-ide-0.3.6/out/server/src/server.js:2291:2700\n    at /home/felipe/.vscode/extensions/uqbar.wollok-lsp-ide-0.3.6/out/server/src/server.js:2298:3774\n    at /home/felipe/.vscode/extensions/uqbar.wollok-lsp-ide-0.3.6/out/server/src/server.js:37:74872\n    at Fe (/home/felipe/.vscode/extensions/uqbar.wollok-lsp-ide-0.3.6/out/server/src/server.js:7:8527)","timestamp":"2024-10-11T12:47:56.073Z"}
{"level":"error","message":"✘ Completions for node failed: Error: [If]{ef37d7} at hector.wlk:82 exhausted all cases without a match [If]{ef37d7} at hector.wlk:82 exhausted all cases without a match","stack":"Error: [If]{ef37d7} at hector.wlk:82 exhausted all cases without a match\n    at /home/felipe/.vscode/extensions/uqbar.wollok-lsp-ide-0.3.6/out/server/src/server.js:38:6067\n    at yh (/home/felipe/.vscode/extensions/uqbar.wollok-lsp-ide-0.3.6/out/server/src/server.js:2291:42)\n    at kh (/home/felipe/.vscode/extensions/uqbar.wollok-lsp-ide-0.3.6/out/server/src/server.js:2291:1004)\n    at yh (/home/felipe/.vscode/extensions/uqbar.wollok-lsp-ide-0.3.6/out/server/src/server.js:2291:456)\n    at kh (/home/felipe/.vscode/extensions/uqbar.wollok-lsp-ide-0.3.6/out/server/src/server.js:2291:1004)\n    at Y5n (/home/felipe/.vscode/extensions/uqbar.wollok-lsp-ide-0.3.6/out/server/src/server.js:2291:1160)\n    at /home/felipe/.vscode/extensions/uqbar.wollok-lsp-ide-0.3.6/out/server/src/server.js:38:6056\n    at yh (/home/felipe/.vscode/extensions/uqbar.wollok-lsp-ide-0.3.6/out/server/src/server.js:2291:42)\n    at /home/felipe/.vscode/extensions/uqbar.wollok-lsp-ide-0.3.6/out/server/src/server.js:2291:2700\n    at /home/felipe/.vscode/extensions/uqbar.wollok-lsp-ide-0.3.6/out/server/src/server.js:2298:3774","timestamp":"2024-10-11T12:47:56.074Z"}
{"level":"info","message":"⌛ Validating hector.wlk","timeElapsed":179,"timestamp":"2024-10-11T12:47:56.260Z"}
{"level":"info","message":"⌛ Building environment","timeElapsed":153,"timestamp":"2024-10-11T12:47:56.735Z"}
{"level":"error","message":"✘ Completions for node failed: Error: [Send]{cacb95} at hector.wlk:82 exhausted all cases without a match [Send]{cacb95} at hector.wlk:82 exhausted all cases without a match","stack":"Error: [Send]{cacb95} at hector.wlk:82 exhausted all cases without a match\n    at /home/felipe/.vscode/extensions/uqbar.wollok-lsp-ide-0.3.6/out/server/src/server.js:38:6067\n    at yh (/home/felipe/.vscode/extensions/uqbar.wollok-lsp-ide-0.3.6/out/server/src/server.js:2291:42)\n    at kh (/home/felipe/.vscode/extensions/uqbar.wollok-lsp-ide-0.3.6/out/server/src/server.js:2291:1004)\n    at Y5n (/home/felipe/.vscode/extensions/uqbar.wollok-lsp-ide-0.3.6/out/server/src/server.js:2291:1160)\n    at /home/felipe/.vscode/extensions/uqbar.wollok-lsp-ide-0.3.6/out/server/src/server.js:38:6056\n    at yh (/home/felipe/.vscode/extensions/uqbar.wollok-lsp-ide-0.3.6/out/server/src/server.js:2291:42)\n    at /home/felipe/.vscode/extensions/uqbar.wollok-lsp-ide-0.3.6/out/server/src/server.js:2291:2700\n    at /home/felipe/.vscode/extensions/uqbar.wollok-lsp-ide-0.3.6/out/server/src/server.js:2298:3774\n    at /home/felipe/.vscode/extensions/uqbar.wollok-lsp-ide-0.3.6/out/server/src/server.js:37:74872\n    at Fe (/home/felipe/.vscode/extensions/uqbar.wollok-lsp-ide-0.3.6/out/server/src/server.js:7:8527)","timestamp":"2024-10-11T12:47:56.773Z"}
{"level":"error","message":"✘ Completions for node failed: Error: [If]{2d6eeb} at hector.wlk:82 exhausted all cases without a match [If]{2d6eeb} at hector.wlk:82 exhausted all cases without a match","stack":"Error: [If]{2d6eeb} at hector.wlk:82 exhausted all cases without a match\n    at /home/felipe/.vscode/extensions/uqbar.wollok-lsp-ide-0.3.6/out/server/src/server.js:38:6067\n    at yh (/home/felipe/.vscode/extensions/uqbar.wollok-lsp-ide-0.3.6/out/server/src/server.js:2291:42)\n    at kh (/home/felipe/.vscode/extensions/uqbar.wollok-lsp-ide-0.3.6/out/server/src/server.js:2291:1004)\n    at yh (/home/felipe/.vscode/extensions/uqbar.wollok-lsp-ide-0.3.6/out/server/src/server.js:2291:456)\n    at kh (/home/felipe/.vscode/extensions/uqbar.wollok-lsp-ide-0.3.6/out/server/src/server.js:2291:1004)\n    at Y5n (/home/felipe/.vscode/extensions/uqbar.wollok-lsp-ide-0.3.6/out/server/src/server.js:2291:1160)\n    at /home/felipe/.vscode/extensions/uqbar.wollok-lsp-ide-0.3.6/out/server/src/server.js:38:6056\n    at yh (/home/felipe/.vscode/extensions/uqbar.wollok-lsp-ide-0.3.6/out/server/src/server.js:2291:42)\n    at /home/felipe/.vscode/extensions/uqbar.wollok-lsp-ide-0.3.6/out/server/src/server.js:2291:2700\n    at /home/felipe/.vscode/extensions/uqbar.wollok-lsp-ide-0.3.6/out/server/src/server.js:2298:3774","timestamp":"2024-10-11T12:47:56.773Z"}
{"level":"info","message":"⌛ Validating hector.wlk","timeElapsed":196,"timestamp":"2024-10-11T12:47:56.973Z"}
{"level":"info","message":"⌛ Building environment","timeElapsed":139,"timestamp":"2024-10-11T12:47:57.112Z"}
{"level":"info","message":"⌛ Building environment","timeElapsed":139,"timestamp":"2024-10-11T12:47:57.252Z"}
{"level":"error","message":"✘ Completions for node failed: Error: [Send]{4a8e8c} at hector.wlk:82 exhausted all cases without a match [Send]{4a8e8c} at hector.wlk:82 exhausted all cases without a match","stack":"Error: [Send]{4a8e8c} at hector.wlk:82 exhausted all cases without a match\n    at /home/felipe/.vscode/extensions/uqbar.wollok-lsp-ide-0.3.6/out/server/src/server.js:38:6067\n    at yh (/home/felipe/.vscode/extensions/uqbar.wollok-lsp-ide-0.3.6/out/server/src/server.js:2291:42)\n    at kh (/home/felipe/.vscode/extensions/uqbar.wollok-lsp-ide-0.3.6/out/server/src/server.js:2291:1004)\n    at Y5n (/home/felipe/.vscode/extensions/uqbar.wollok-lsp-ide-0.3.6/out/server/src/server.js:2291:1160)\n    at /home/felipe/.vscode/extensions/uqbar.wollok-lsp-ide-0.3.6/out/server/src/server.js:38:6056\n    at yh (/home/felipe/.vscode/extensions/uqbar.wollok-lsp-ide-0.3.6/out/server/src/server.js:2291:42)\n    at /home/felipe/.vscode/extensions/uqbar.wollok-lsp-ide-0.3.6/out/server/src/server.js:2291:2700\n    at /home/felipe/.vscode/extensions/uqbar.wollok-lsp-ide-0.3.6/out/server/src/server.js:2298:3774\n    at /home/felipe/.vscode/extensions/uqbar.wollok-lsp-ide-0.3.6/out/server/src/server.js:37:74872\n    at Fe (/home/felipe/.vscode/extensions/uqbar.wollok-lsp-ide-0.3.6/out/server/src/server.js:7:8527)","timestamp":"2024-10-11T12:47:57.317Z"}
{"level":"error","message":"✘ Completions for node failed: Error: [If]{4b6c7b} at hector.wlk:82 exhausted all cases without a match [If]{4b6c7b} at hector.wlk:82 exhausted all cases without a match","stack":"Error: [If]{4b6c7b} at hector.wlk:82 exhausted all cases without a match\n    at /home/felipe/.vscode/extensions/uqbar.wollok-lsp-ide-0.3.6/out/server/src/server.js:38:6067\n    at yh (/home/felipe/.vscode/extensions/uqbar.wollok-lsp-ide-0.3.6/out/server/src/server.js:2291:42)\n    at kh (/home/felipe/.vscode/extensions/uqbar.wollok-lsp-ide-0.3.6/out/server/src/server.js:2291:1004)\n    at yh (/home/felipe/.vscode/extensions/uqbar.wollok-lsp-ide-0.3.6/out/server/src/server.js:2291:456)\n    at kh (/home/felipe/.vscode/extensions/uqbar.wollok-lsp-ide-0.3.6/out/server/src/server.js:2291:1004)\n    at Y5n (/home/felipe/.vscode/extensions/uqbar.wollok-lsp-ide-0.3.6/out/server/src/server.js:2291:1160)\n    at /home/felipe/.vscode/extensions/uqbar.wollok-lsp-ide-0.3.6/out/server/src/server.js:38:6056\n    at yh (/home/felipe/.vscode/extensions/uqbar.wollok-lsp-ide-0.3.6/out/server/src/server.js:2291:42)\n    at /home/felipe/.vscode/extensions/uqbar.wollok-lsp-ide-0.3.6/out/server/src/server.js:2291:2700\n    at /home/felipe/.vscode/extensions/uqbar.wollok-lsp-ide-0.3.6/out/server/src/server.js:2298:3774","timestamp":"2024-10-11T12:47:57.317Z"}
{"level":"info","message":"⌛ Validating hector.wlk","timeElapsed":277,"timestamp":"2024-10-11T12:47:57.600Z"}
{"level":"info","message":"⌛ Validating hector.wlk","timeElapsed":180,"timestamp":"2024-10-11T12:47:57.781Z"}
{"level":"info","message":"⌛ Building environment","timeElapsed":175,"timestamp":"2024-10-11T12:48:00.866Z"}
{"level":"info","message":"⌛ Validating hector.wlk","timeElapsed":184,"timestamp":"2024-10-11T12:48:01.051Z"}
{"level":"info","message":"⌛ Building environment","timeElapsed":248,"timestamp":"2024-10-11T12:48:23.633Z"}
{"level":"info","message":"⌛ Validating hector.wlk","timeElapsed":228,"timestamp":"2024-10-11T12:48:23.908Z"}
{"level":"info","message":"onRequest - completionItem/resolve","timestamp":"2024-10-11T12:48:23.909Z"}
{"level":"info","message":"⌛ Building environment","timeElapsed":192,"timestamp":"2024-10-11T12:48:25.755Z"}
{"level":"info","message":"onRequest - completionItem/resolve","timestamp":"2024-10-11T12:48:25.764Z"}
{"level":"info","message":"⌛ Building environment","timeElapsed":319,"timestamp":"2024-10-11T12:48:26.084Z"}
{"level":"info","message":"onRequest - completionItem/resolve","timestamp":"2024-10-11T12:48:26.113Z"}
{"level":"info","message":"⌛ Validating hector.wlk","timeElapsed":243,"timestamp":"2024-10-11T12:48:26.357Z"}
{"level":"info","message":"⌛ Building environment","timeElapsed":163,"timestamp":"2024-10-11T12:48:26.521Z"}
{"level":"info","message":"onRequest - completionItem/resolve","timestamp":"2024-10-11T12:48:26.528Z"}
{"level":"info","message":"⌛ Validating hector.wlk","timeElapsed":185,"timestamp":"2024-10-11T12:48:26.713Z"}
{"level":"info","message":"⌛ Validating hector.wlk","timeElapsed":197,"timestamp":"2024-10-11T12:48:26.920Z"}
{"level":"info","message":"⌛ Building environment","timeElapsed":145,"timestamp":"2024-10-11T12:48:27.067Z"}
{"level":"info","message":"onRequest - completionItem/resolve","timestamp":"2024-10-11T12:48:27.067Z"}
{"level":"info","message":"⌛ Validating hector.wlk","timeElapsed":194,"timestamp":"2024-10-11T12:48:27.262Z"}
{"level":"info","message":"⌛ Building environment","timeElapsed":279,"timestamp":"2024-10-11T12:48:27.596Z"}
{"level":"info","message":"⌛ Building environment","timeElapsed":152,"timestamp":"2024-10-11T12:48:27.748Z"}
{"level":"info","message":"⌛ Building environment","timeElapsed":154,"timestamp":"2024-10-11T12:48:27.903Z"}
{"level":"info","message":"⌛ Validating hector.wlk","timeElapsed":223,"timestamp":"2024-10-11T12:48:28.133Z"}
{"level":"info","message":"⌛ Validating hector.wlk","timeElapsed":180,"timestamp":"2024-10-11T12:48:28.324Z"}
{"level":"info","message":"⌛ Validating hector.wlk","timeElapsed":202,"timestamp":"2024-10-11T12:48:28.528Z"}
{"level":"info","message":"⌛ Building environment","timeElapsed":154,"timestamp":"2024-10-11T12:48:28.695Z"}
{"level":"info","message":"⌛ Validating hector.wlk","timeElapsed":186,"timestamp":"2024-10-11T12:48:28.921Z"}
{"level":"info","message":"⌛ Building environment","timeElapsed":150,"timestamp":"2024-10-11T12:48:29.089Z"}
{"level":"info","message":"⌛ Validating hector.wlk","timeElapsed":184,"timestamp":"2024-10-11T12:48:29.309Z"}
{"level":"info","message":"⌛ Building environment","timeElapsed":162,"timestamp":"2024-10-11T12:48:29.717Z"}
{"level":"info","message":"⌛ Building environment","timeElapsed":168,"timestamp":"2024-10-11T12:48:29.924Z"}
{"level":"info","message":"⌛ Validating hector.wlk","timeElapsed":192,"timestamp":"2024-10-11T12:48:30.117Z"}
{"level":"info","message":"⌛ Building environment","timeElapsed":143,"timestamp":"2024-10-11T12:48:30.261Z"}
{"level":"info","message":"⌛ Validating hector.wlk","timeElapsed":175,"timestamp":"2024-10-11T12:48:30.477Z"}
{"level":"info","message":"⌛ Building environment","timeElapsed":145,"timestamp":"2024-10-11T12:48:30.624Z"}
{"level":"info","message":"⌛ Validating hector.wlk","timeElapsed":219,"timestamp":"2024-10-11T12:48:30.853Z"}
{"level":"info","message":"⌛ Validating hector.wlk","timeElapsed":294,"timestamp":"2024-10-11T12:48:31.147Z"}
{"level":"info","message":"⌛ Building environment","timeElapsed":143,"timestamp":"2024-10-11T12:48:31.290Z"}
{"level":"info","message":"⌛ Validating hector.wlk","timeElapsed":189,"timestamp":"2024-10-11T12:48:31.487Z"}
{"level":"info","message":"⌛ Building environment","timeElapsed":146,"timestamp":"2024-10-11T12:48:31.902Z"}
{"level":"info","message":"⌛ Validating hector.wlk","timeElapsed":296,"timestamp":"2024-10-11T12:48:32.200Z"}
{"level":"info","message":"⌛ Building environment","timeElapsed":181,"timestamp":"2024-10-11T12:48:32.381Z"}
{"level":"info","message":"⌛ Building environment","timeElapsed":141,"timestamp":"2024-10-11T12:48:32.528Z"}
{"level":"info","message":"⌛ Building environment","timeElapsed":139,"timestamp":"2024-10-11T12:48:32.669Z"}
{"level":"info","message":"⌛ Validating hector.wlk","timeElapsed":213,"timestamp":"2024-10-11T12:48:32.882Z"}
{"level":"info","message":"⌛ Validating hector.wlk","timeElapsed":200,"timestamp":"2024-10-11T12:48:33.089Z"}
{"level":"info","message":"⌛ Validating hector.wlk","timeElapsed":198,"timestamp":"2024-10-11T12:48:33.289Z"}
{"level":"info","message":"⌛ Building environment","timeElapsed":184,"timestamp":"2024-10-11T12:48:33.473Z"}
{"level":"info","message":"⌛ Building environment","timeElapsed":137,"timestamp":"2024-10-11T12:48:33.644Z"}
{"level":"info","message":"⌛ Building environment","timeElapsed":135,"timestamp":"2024-10-11T12:48:33.785Z"}
{"level":"info","message":"⌛ Validating hector.wlk","timeElapsed":178,"timestamp":"2024-10-11T12:48:33.969Z"}
{"level":"info","message":"⌛ Validating hector.wlk","timeElapsed":186,"timestamp":"2024-10-11T12:48:34.155Z"}
{"level":"info","message":"⌛ Validating hector.wlk","timeElapsed":197,"timestamp":"2024-10-11T12:48:34.352Z"}
{"level":"info","message":"⌛ Building environment","timeElapsed":140,"timestamp":"2024-10-11T12:48:34.492Z"}
{"level":"info","message":"⌛ Validating hector.wlk","timeElapsed":188,"timestamp":"2024-10-11T12:48:34.681Z"}
{"level":"info","message":"⌛ Building environment","timeElapsed":148,"timestamp":"2024-10-11T12:48:38.144Z"}
{"level":"info","message":"⌛ Validating hector.wlk","timeElapsed":185,"timestamp":"2024-10-11T12:48:38.330Z"}
{"level":"info","message":"⌛ Building environment","timeElapsed":222,"timestamp":"2024-10-11T12:51:55.158Z"}
{"level":"info","message":"⌛ Validating hector.wlk","timeElapsed":235,"timestamp":"2024-10-11T12:51:55.395Z"}
{"level":"info","message":"⌛ Building environment","timeElapsed":209,"timestamp":"2024-10-11T12:51:55.648Z"}
{"level":"info","message":"⌛ Validating hector.wlk","timeElapsed":260,"timestamp":"2024-10-11T12:51:55.949Z"}
{"level":"info","message":"onRequest - completionItem/resolve","timestamp":"2024-10-11T12:51:55.950Z"}
{"level":"info","message":"⌛ Building environment","timeElapsed":167,"timestamp":"2024-10-11T12:51:56.118Z"}
{"level":"info","message":"⌛ Validating hector.wlk","timeElapsed":208,"timestamp":"2024-10-11T12:51:56.336Z"}
{"level":"info","message":"⌛ Building environment","timeElapsed":184,"timestamp":"2024-10-11T12:51:56.811Z"}
{"level":"info","message":"⌛ Validating hector.wlk","timeElapsed":261,"timestamp":"2024-10-11T12:51:57.075Z"}
{"level":"info","message":"⌛ Building environment","timeElapsed":326,"timestamp":"2024-10-11T12:52:09.076Z"}
{"level":"info","message":"⌛ Building environment","timeElapsed":158,"timestamp":"2024-10-11T12:52:09.271Z"}
{"level":"info","message":"⌛ Building environment","timeElapsed":170,"timestamp":"2024-10-11T12:52:09.443Z"}
{"level":"info","message":"⌛ Validating hector.wlk","timeElapsed":181,"timestamp":"2024-10-11T12:52:09.625Z"}
{"level":"info","message":"⌛ Building environment","timeElapsed":292,"timestamp":"2024-10-11T12:52:09.918Z"}
{"level":"info","message":"⌛ Validating hector.wlk","timeElapsed":220,"timestamp":"2024-10-11T12:52:10.177Z"}
{"level":"info","message":"⌛ Validating hector.wlk","timeElapsed":205,"timestamp":"2024-10-11T12:52:10.384Z"}
{"level":"info","message":"⌛ Building environment","timeElapsed":162,"timestamp":"2024-10-11T12:52:10.547Z"}
{"level":"info","message":"⌛ Validating hector.wlk","timeElapsed":196,"timestamp":"2024-10-11T12:52:10.804Z"}
{"level":"info","message":"⌛ Building environment","timeElapsed":261,"timestamp":"2024-10-11T12:52:11.067Z"}
{"level":"info","message":"⌛ Building environment","timeElapsed":203,"timestamp":"2024-10-11T12:52:11.318Z"}
{"level":"info","message":"⌛ Building environment","timeElapsed":140,"timestamp":"2024-10-11T12:52:11.501Z"}
{"level":"info","message":"⌛ Validating hector.wlk","timeElapsed":243,"timestamp":"2024-10-11T12:52:11.744Z"}
{"level":"info","message":"⌛ Building environment","timeElapsed":147,"timestamp":"2024-10-11T12:52:11.892Z"}
{"level":"info","message":"⌛ Building environment","timeElapsed":148,"timestamp":"2024-10-11T12:52:12.045Z"}
{"level":"info","message":"⌛ Building environment","timeElapsed":288,"timestamp":"2024-10-11T12:52:12.333Z"}
{"level":"info","message":"⌛ Validating hector.wlk","timeElapsed":222,"timestamp":"2024-10-11T12:52:12.627Z"}
{"level":"info","message":"⌛ Building environment","timeElapsed":161,"timestamp":"2024-10-11T12:52:12.788Z"}
{"level":"info","message":"⌛ Validating hector.wlk","timeElapsed":195,"timestamp":"2024-10-11T12:52:12.989Z"}
{"level":"info","message":"⌛ Validating hector.wlk","timeElapsed":198,"timestamp":"2024-10-11T12:52:13.188Z"}
{"level":"info","message":"⌛ Building environment","timeElapsed":156,"timestamp":"2024-10-11T12:52:13.355Z"}
{"level":"info","message":"⌛ Building environment","timeElapsed":142,"timestamp":"2024-10-11T12:52:13.497Z"}
{"level":"info","message":"⌛ Building environment","timeElapsed":134,"timestamp":"2024-10-11T12:52:13.631Z"}
{"level":"info","message":"⌛ Validating hector.wlk","timeElapsed":193,"timestamp":"2024-10-11T12:52:13.832Z"}
{"level":"info","message":"⌛ Building environment","timeElapsed":155,"timestamp":"2024-10-11T12:52:13.988Z"}
{"level":"info","message":"⌛ Validating hector.wlk","timeElapsed":187,"timestamp":"2024-10-11T12:52:14.175Z"}
{"level":"info","message":"⌛ Building environment","timeElapsed":139,"timestamp":"2024-10-11T12:52:14.321Z"}
{"level":"info","message":"⌛ Validating hector.wlk","timeElapsed":186,"timestamp":"2024-10-11T12:52:14.513Z"}
{"level":"info","message":"onRequest - completionItem/resolve","timestamp":"2024-10-11T12:52:14.514Z"}
{"level":"info","message":"⌛ Building environment","timeElapsed":210,"timestamp":"2024-10-11T12:52:14.725Z"}
{"level":"info","message":"onRequest - completionItem/resolve","timestamp":"2024-10-11T12:52:14.726Z"}
{"level":"info","message":"⌛ Building environment","timeElapsed":137,"timestamp":"2024-10-11T12:52:14.863Z"}
{"level":"info","message":"⌛ Building environment","timeElapsed":146,"timestamp":"2024-10-11T12:52:15.048Z"}
{"level":"info","message":"⌛ Validating hector.wlk","timeElapsed":198,"timestamp":"2024-10-11T12:52:15.247Z"}
{"level":"info","message":"⌛ Building environment","timeElapsed":143,"timestamp":"2024-10-11T12:52:15.401Z"}
{"level":"info","message":"⌛ Building environment","timeElapsed":134,"timestamp":"2024-10-11T12:52:15.536Z"}
{"level":"info","message":"⌛ Validating hector.wlk","timeElapsed":187,"timestamp":"2024-10-11T12:52:15.724Z"}
{"level":"info","message":"⌛ Validating hector.wlk","timeElapsed":183,"timestamp":"2024-10-11T12:52:15.919Z"}
{"level":"info","message":"⌛ Validating hector.wlk","timeElapsed":211,"timestamp":"2024-10-11T12:52:16.130Z"}
{"level":"info","message":"⌛ Building environment","timeElapsed":152,"timestamp":"2024-10-11T12:52:16.282Z"}
{"level":"info","message":"⌛ Validating hector.wlk","timeElapsed":188,"timestamp":"2024-10-11T12:52:16.471Z"}
{"level":"info","message":"⌛ Validating hector.wlk","timeElapsed":201,"timestamp":"2024-10-11T12:52:16.681Z"}
{"level":"info","message":"⌛ Validating hector.wlk","timeElapsed":206,"timestamp":"2024-10-11T12:52:16.889Z"}
{"level":"info","message":"⌛ Validating hector.wlk","timeElapsed":190,"timestamp":"2024-10-11T12:52:17.079Z"}
{"level":"info","message":"⌛ Validating hector.wlk","timeElapsed":183,"timestamp":"2024-10-11T12:52:17.263Z"}
{"level":"info","message":"⌛ Validating hector.wlk","timeElapsed":183,"timestamp":"2024-10-11T12:52:17.446Z"}
{"level":"info","message":"⌛ Validating hector.wlk","timeElapsed":182,"timestamp":"2024-10-11T12:52:17.628Z"}
{"level":"info","message":"⌛ Building environment","timeElapsed":145,"timestamp":"2024-10-11T12:52:17.773Z"}
{"level":"info","message":"⌛ Building environment","timeElapsed":233,"timestamp":"2024-10-11T12:52:18.012Z"}
{"level":"info","message":"⌛ Validating hector.wlk","timeElapsed":186,"timestamp":"2024-10-11T12:52:18.199Z"}
{"level":"info","message":"⌛ Building environment","timeElapsed":141,"timestamp":"2024-10-11T12:52:18.349Z"}
{"level":"info","message":"⌛ Validating hector.wlk","timeElapsed":190,"timestamp":"2024-10-11T12:52:18.546Z"}
{"level":"info","message":"⌛ Validating hector.wlk","timeElapsed":185,"timestamp":"2024-10-11T12:52:18.731Z"}
{"level":"info","message":"⌛ Validating hector.wlk","timeElapsed":261,"timestamp":"2024-10-11T12:52:18.993Z"}
{"level":"info","message":"⌛ Building environment","timeElapsed":254,"timestamp":"2024-10-11T12:55:04.314Z"}
{"level":"error","message":"✘ Completions for node failed: Error: [If]{c77ca9} at hector.wlk:88 exhausted all cases without a match [If]{c77ca9} at hector.wlk:88 exhausted all cases without a match","stack":"Error: [If]{c77ca9} at hector.wlk:88 exhausted all cases without a match\n    at /home/felipe/.vscode/extensions/uqbar.wollok-lsp-ide-0.3.6/out/server/src/server.js:38:6067\n    at yh (/home/felipe/.vscode/extensions/uqbar.wollok-lsp-ide-0.3.6/out/server/src/server.js:2291:42)\n    at kh (/home/felipe/.vscode/extensions/uqbar.wollok-lsp-ide-0.3.6/out/server/src/server.js:2291:1004)\n    at z5n (/home/felipe/.vscode/extensions/uqbar.wollok-lsp-ide-0.3.6/out/server/src/server.js:2291:730)\n    at /home/felipe/.vscode/extensions/uqbar.wollok-lsp-ide-0.3.6/out/server/src/server.js:38:6056\n    at yh (/home/felipe/.vscode/extensions/uqbar.wollok-lsp-ide-0.3.6/out/server/src/server.js:2291:42)\n    at kh (/home/felipe/.vscode/extensions/uqbar.wollok-lsp-ide-0.3.6/out/server/src/server.js:2291:1004)\n    at Y5n (/home/felipe/.vscode/extensions/uqbar.wollok-lsp-ide-0.3.6/out/server/src/server.js:2291:1160)\n    at /home/felipe/.vscode/extensions/uqbar.wollok-lsp-ide-0.3.6/out/server/src/server.js:38:6056\n    at yh (/home/felipe/.vscode/extensions/uqbar.wollok-lsp-ide-0.3.6/out/server/src/server.js:2291:42)","timestamp":"2024-10-11T12:55:04.373Z"}
{"level":"info","message":"⌛ Building environment","timeElapsed":301,"timestamp":"2024-10-11T12:55:04.682Z"}
{"level":"info","message":"⌛ Validating hector.wlk","timeElapsed":250,"timestamp":"2024-10-11T12:55:04.932Z"}
{"level":"info","message":"⌛ Building environment","timeElapsed":188,"timestamp":"2024-10-11T12:55:05.122Z"}
{"level":"info","message":"onRequest - completionItem/resolve","timestamp":"2024-10-11T12:55:05.123Z"}
{"level":"info","message":"⌛ Building environment","timeElapsed":147,"timestamp":"2024-10-11T12:55:05.270Z"}
{"level":"info","message":"onRequest - completionItem/resolve","timestamp":"2024-10-11T12:55:05.270Z"}
{"level":"info","message":"⌛ Validating hector.wlk","timeElapsed":189,"timestamp":"2024-10-11T12:55:05.460Z"}
{"level":"info","message":"⌛ Building environment","timeElapsed":265,"timestamp":"2024-10-11T12:55:05.727Z"}
{"level":"info","message":"onRequest - completionItem/resolve","timestamp":"2024-10-11T12:55:05.727Z"}
{"level":"info","message":"⌛ Building environment","timeElapsed":164,"timestamp":"2024-10-11T12:55:05.892Z"}
{"level":"info","message":"onRequest - completionItem/resolve","timestamp":"2024-10-11T12:55:05.893Z"}
{"level":"info","message":"⌛ Building environment","timeElapsed":147,"timestamp":"2024-10-11T12:55:06.040Z"}
{"level":"info","message":"onRequest - completionItem/resolve","timestamp":"2024-10-11T12:55:06.040Z"}
{"level":"info","message":"⌛ Validating hector.wlk","timeElapsed":235,"timestamp":"2024-10-11T12:55:06.276Z"}
{"level":"info","message":"⌛ Validating hector.wlk","timeElapsed":213,"timestamp":"2024-10-11T12:55:06.489Z"}
{"level":"info","message":"⌛ Validating hector.wlk","timeElapsed":257,"timestamp":"2024-10-11T12:55:06.798Z"}
{"level":"info","message":"⌛ Building environment","timeElapsed":185,"timestamp":"2024-10-11T12:55:06.983Z"}
{"level":"info","message":"⌛ Validating hector.wlk","timeElapsed":197,"timestamp":"2024-10-11T12:55:07.225Z"}
{"level":"info","message":"⌛ Validating hector.wlk","timeElapsed":194,"timestamp":"2024-10-11T12:55:07.419Z"}
{"level":"info","message":"⌛ Building environment","timeElapsed":161,"timestamp":"2024-10-11T12:55:07.581Z"}
{"level":"info","message":"⌛ Building environment","timeElapsed":156,"timestamp":"2024-10-11T12:55:07.737Z"}
{"level":"info","message":"⌛ Building environment","timeElapsed":140,"timestamp":"2024-10-11T12:55:07.879Z"}
{"level":"info","message":"⌛ Building environment","timeElapsed":199,"timestamp":"2024-10-11T12:55:08.079Z"}
{"level":"info","message":"⌛ Building environment","timeElapsed":155,"timestamp":"2024-10-11T12:55:08.240Z"}
{"level":"info","message":"⌛ Building environment","timeElapsed":139,"timestamp":"2024-10-11T12:55:08.380Z"}
{"level":"info","message":"⌛ Validating hector.wlk","timeElapsed":186,"timestamp":"2024-10-11T12:55:08.567Z"}
{"level":"info","message":"⌛ Building environment","timeElapsed":153,"timestamp":"2024-10-11T12:55:08.721Z"}
{"level":"info","message":"onRequest - completionItem/resolve","timestamp":"2024-10-11T12:55:08.721Z"}
{"level":"info","message":"⌛ Building environment","timeElapsed":141,"timestamp":"2024-10-11T12:55:08.862Z"}
{"level":"error","message":"✘ Completions for node failed: Error: [If]{6f7346} at hector.wlk:88 exhausted all cases without a match [If]{6f7346} at hector.wlk:88 exhausted all cases without a match","stack":"Error: [If]{6f7346} at hector.wlk:88 exhausted all cases without a match\n    at /home/felipe/.vscode/extensions/uqbar.wollok-lsp-ide-0.3.6/out/server/src/server.js:38:6067\n    at yh (/home/felipe/.vscode/extensions/uqbar.wollok-lsp-ide-0.3.6/out/server/src/server.js:2291:42)\n    at kh (/home/felipe/.vscode/extensions/uqbar.wollok-lsp-ide-0.3.6/out/server/src/server.js:2291:1004)\n    at z5n (/home/felipe/.vscode/extensions/uqbar.wollok-lsp-ide-0.3.6/out/server/src/server.js:2291:730)\n    at /home/felipe/.vscode/extensions/uqbar.wollok-lsp-ide-0.3.6/out/server/src/server.js:38:6056\n    at yh (/home/felipe/.vscode/extensions/uqbar.wollok-lsp-ide-0.3.6/out/server/src/server.js:2291:42)\n    at kh (/home/felipe/.vscode/extensions/uqbar.wollok-lsp-ide-0.3.6/out/server/src/server.js:2291:1004)\n    at Y5n (/home/felipe/.vscode/extensions/uqbar.wollok-lsp-ide-0.3.6/out/server/src/server.js:2291:1160)\n    at /home/felipe/.vscode/extensions/uqbar.wollok-lsp-ide-0.3.6/out/server/src/server.js:38:6056\n    at yh (/home/felipe/.vscode/extensions/uqbar.wollok-lsp-ide-0.3.6/out/server/src/server.js:2291:42)","timestamp":"2024-10-11T12:55:08.904Z"}
{"level":"info","message":"⌛ Validating hector.wlk","timeElapsed":179,"timestamp":"2024-10-11T12:55:09.088Z"}
{"level":"info","message":"⌛ Validating hector.wlk","timeElapsed":301,"timestamp":"2024-10-11T12:55:09.392Z"}
{"level":"info","message":"⌛ Validating hector.wlk","timeElapsed":193,"timestamp":"2024-10-11T12:55:09.585Z"}
{"level":"info","message":"⌛ Building environment","timeElapsed":138,"timestamp":"2024-10-11T12:55:09.724Z"}
{"level":"info","message":"⌛ Building environment","timeElapsed":144,"timestamp":"2024-10-11T12:55:09.874Z"}
{"level":"info","message":"⌛ Validating hector.wlk","timeElapsed":180,"timestamp":"2024-10-11T12:55:10.055Z"}
{"level":"info","message":"⌛ Building environment","timeElapsed":198,"timestamp":"2024-10-11T12:55:10.254Z"}
{"level":"info","message":"⌛ Validating hector.wlk","timeElapsed":191,"timestamp":"2024-10-11T12:55:10.446Z"}
{"level":"info","message":"⌛ Validating hector.wlk","timeElapsed":185,"timestamp":"2024-10-11T12:55:10.631Z"}
{"level":"info","message":"⌛ Validating hector.wlk","timeElapsed":190,"timestamp":"2024-10-11T12:55:10.831Z"}
{"level":"info","message":"⌛ Validating hector.wlk","timeElapsed":182,"timestamp":"2024-10-11T12:55:11.013Z"}
{"level":"info","message":"⌛ Building environment","timeElapsed":184,"timestamp":"2024-10-11T12:55:11.197Z"}
{"level":"info","message":"⌛ Validating hector.wlk","timeElapsed":190,"timestamp":"2024-10-11T12:55:11.395Z"}
{"level":"info","message":"⌛ Validating hector.wlk","timeElapsed":184,"timestamp":"2024-10-11T12:55:11.579Z"}
{"level":"info","message":"⌛ Validating hector.wlk","timeElapsed":194,"timestamp":"2024-10-11T12:55:11.775Z"}
{"level":"info","message":"⌛ Building environment","timeElapsed":139,"timestamp":"2024-10-11T12:55:11.915Z"}
{"level":"info","message":"⌛ Validating hector.wlk","timeElapsed":214,"timestamp":"2024-10-11T12:55:12.174Z"}
{"level":"info","message":"⌛ Validating hector.wlk","timeElapsed":216,"timestamp":"2024-10-11T12:55:12.391Z"}
{"level":"info","message":"onRequest - completionItem/resolve","timestamp":"2024-10-11T12:55:12.393Z"}
{"level":"info","message":"⌛ Building environment","timeElapsed":165,"timestamp":"2024-10-11T12:55:12.559Z"}
{"level":"info","message":"onRequest - completionItem/resolve","timestamp":"2024-10-11T12:55:12.559Z"}
{"level":"info","message":"⌛ Building environment","timeElapsed":173,"timestamp":"2024-10-11T12:55:12.733Z"}
{"level":"info","message":"onRequest - completionItem/resolve","timestamp":"2024-10-11T12:55:12.733Z"}
{"level":"info","message":"⌛ Building environment","timeElapsed":159,"timestamp":"2024-10-11T12:55:12.893Z"}
{"level":"info","message":"onRequest - completionItem/resolve","timestamp":"2024-10-11T12:55:12.894Z"}
{"level":"info","message":"⌛ Validating hector.wlk","timeElapsed":196,"timestamp":"2024-10-11T12:55:13.090Z"}
{"level":"info","message":"⌛ Building environment","timeElapsed":145,"timestamp":"2024-10-11T12:55:13.235Z"}
{"level":"info","message":"onRequest - completionItem/resolve","timestamp":"2024-10-11T12:55:13.243Z"}
{"level":"info","message":"⌛ Validating hector.wlk","timeElapsed":191,"timestamp":"2024-10-11T12:55:13.434Z"}
{"level":"info","message":"⌛ Building environment","timeElapsed":248,"timestamp":"2024-10-11T12:55:13.682Z"}
{"level":"error","message":"✘ Completions for node failed: Error: [If]{2f57e3} at hector.wlk:88 exhausted all cases without a match [If]{2f57e3} at hector.wlk:88 exhausted all cases without a match","stack":"Error: [If]{2f57e3} at hector.wlk:88 exhausted all cases without a match\n    at /home/felipe/.vscode/extensions/uqbar.wollok-lsp-ide-0.3.6/out/server/src/server.js:38:6067\n    at yh (/home/felipe/.vscode/extensions/uqbar.wollok-lsp-ide-0.3.6/out/server/src/server.js:2291:42)\n    at kh (/home/felipe/.vscode/extensions/uqbar.wollok-lsp-ide-0.3.6/out/server/src/server.js:2291:1004)\n    at z5n (/home/felipe/.vscode/extensions/uqbar.wollok-lsp-ide-0.3.6/out/server/src/server.js:2291:730)\n    at /home/felipe/.vscode/extensions/uqbar.wollok-lsp-ide-0.3.6/out/server/src/server.js:38:6056\n    at yh (/home/felipe/.vscode/extensions/uqbar.wollok-lsp-ide-0.3.6/out/server/src/server.js:2291:42)\n    at /home/felipe/.vscode/extensions/uqbar.wollok-lsp-ide-0.3.6/out/server/src/server.js:2291:2700\n    at /home/felipe/.vscode/extensions/uqbar.wollok-lsp-ide-0.3.6/out/server/src/server.js:2298:3774\n    at /home/felipe/.vscode/extensions/uqbar.wollok-lsp-ide-0.3.6/out/server/src/server.js:37:74872\n    at Fe (/home/felipe/.vscode/extensions/uqbar.wollok-lsp-ide-0.3.6/out/server/src/server.js:7:8527)","timestamp":"2024-10-11T12:55:13.779Z"}
{"level":"info","message":"⌛ Validating hector.wlk","timeElapsed":205,"timestamp":"2024-10-11T12:55:13.988Z"}
{"level":"info","message":"⌛ Validating hector.wlk","timeElapsed":197,"timestamp":"2024-10-11T12:55:14.186Z"}
{"level":"info","message":"⌛ Building environment","timeElapsed":185,"timestamp":"2024-10-11T12:55:14.375Z"}
{"level":"info","message":"⌛ Validating hector.wlk","timeElapsed":248,"timestamp":"2024-10-11T12:55:14.624Z"}
{"level":"info","message":"⌛ Building environment","timeElapsed":146,"timestamp":"2024-10-11T12:55:14.779Z"}
{"level":"info","message":"⌛ Building environment","timeElapsed":139,"timestamp":"2024-10-11T12:55:14.918Z"}
{"level":"error","message":"✘ Completions for node failed: Error: [If]{f2f0ac} at hector.wlk:88 exhausted all cases without a match [If]{f2f0ac} at hector.wlk:88 exhausted all cases without a match","stack":"Error: [If]{f2f0ac} at hector.wlk:88 exhausted all cases without a match\n    at /home/felipe/.vscode/extensions/uqbar.wollok-lsp-ide-0.3.6/out/server/src/server.js:38:6067\n    at yh (/home/felipe/.vscode/extensions/uqbar.wollok-lsp-ide-0.3.6/out/server/src/server.js:2291:42)\n    at kh (/home/felipe/.vscode/extensions/uqbar.wollok-lsp-ide-0.3.6/out/server/src/server.js:2291:1004)\n    at z5n (/home/felipe/.vscode/extensions/uqbar.wollok-lsp-ide-0.3.6/out/server/src/server.js:2291:730)\n    at /home/felipe/.vscode/extensions/uqbar.wollok-lsp-ide-0.3.6/out/server/src/server.js:38:6056\n    at yh (/home/felipe/.vscode/extensions/uqbar.wollok-lsp-ide-0.3.6/out/server/src/server.js:2291:42)\n    at /home/felipe/.vscode/extensions/uqbar.wollok-lsp-ide-0.3.6/out/server/src/server.js:2291:2700\n    at /home/felipe/.vscode/extensions/uqbar.wollok-lsp-ide-0.3.6/out/server/src/server.js:2298:3774\n    at /home/felipe/.vscode/extensions/uqbar.wollok-lsp-ide-0.3.6/out/server/src/server.js:37:74872\n    at Fe (/home/felipe/.vscode/extensions/uqbar.wollok-lsp-ide-0.3.6/out/server/src/server.js:7:8527)","timestamp":"2024-10-11T12:55:14.953Z"}
{"level":"info","message":"⌛ Validating hector.wlk","timeElapsed":184,"timestamp":"2024-10-11T12:55:15.141Z"}
{"level":"info","message":"⌛ Validating hector.wlk","timeElapsed":198,"timestamp":"2024-10-11T12:55:15.340Z"}
{"level":"info","message":"⌛ Validating hector.wlk","timeElapsed":182,"timestamp":"2024-10-11T12:55:15.524Z"}
{"level":"info","message":"⌛ Building environment","timeElapsed":172,"timestamp":"2024-10-11T12:55:17.057Z"}
{"level":"info","message":"⌛ Validating hector.wlk","timeElapsed":186,"timestamp":"2024-10-11T12:55:17.245Z"}
{"level":"info","message":"⌛ Building environment","timeElapsed":285,"timestamp":"2024-10-11T12:56:36.802Z"}
{"level":"error","message":"✘ Completions for node failed: Error: [Send]{9fd0a1} at hector.wlk:89 exhausted all cases without a match [Send]{9fd0a1} at hector.wlk:89 exhausted all cases without a match","stack":"Error: [Send]{9fd0a1} at hector.wlk:89 exhausted all cases without a match\n    at /home/felipe/.vscode/extensions/uqbar.wollok-lsp-ide-0.3.6/out/server/src/server.js:38:6067\n    at yh (/home/felipe/.vscode/extensions/uqbar.wollok-lsp-ide-0.3.6/out/server/src/server.js:2291:42)\n    at kh (/home/felipe/.vscode/extensions/uqbar.wollok-lsp-ide-0.3.6/out/server/src/server.js:2291:1004)\n    at Y5n (/home/felipe/.vscode/extensions/uqbar.wollok-lsp-ide-0.3.6/out/server/src/server.js:2291:1160)\n    at /home/felipe/.vscode/extensions/uqbar.wollok-lsp-ide-0.3.6/out/server/src/server.js:38:6056\n    at yh (/home/felipe/.vscode/extensions/uqbar.wollok-lsp-ide-0.3.6/out/server/src/server.js:2291:42)\n    at /home/felipe/.vscode/extensions/uqbar.wollok-lsp-ide-0.3.6/out/server/src/server.js:2291:2700\n    at /home/felipe/.vscode/extensions/uqbar.wollok-lsp-ide-0.3.6/out/server/src/server.js:2298:3774\n    at /home/felipe/.vscode/extensions/uqbar.wollok-lsp-ide-0.3.6/out/server/src/server.js:37:74872\n    at Fe (/home/felipe/.vscode/extensions/uqbar.wollok-lsp-ide-0.3.6/out/server/src/server.js:7:8527)","timestamp":"2024-10-11T12:56:36.850Z"}
{"level":"error","message":"✘ Completions for node failed: Error: [If]{362583} at hector.wlk:88 exhausted all cases without a match [If]{362583} at hector.wlk:88 exhausted all cases without a match","stack":"Error: [If]{362583} at hector.wlk:88 exhausted all cases without a match\n    at /home/felipe/.vscode/extensions/uqbar.wollok-lsp-ide-0.3.6/out/server/src/server.js:38:6067\n    at yh (/home/felipe/.vscode/extensions/uqbar.wollok-lsp-ide-0.3.6/out/server/src/server.js:2291:42)\n    at kh (/home/felipe/.vscode/extensions/uqbar.wollok-lsp-ide-0.3.6/out/server/src/server.js:2291:1004)\n    at z5n (/home/felipe/.vscode/extensions/uqbar.wollok-lsp-ide-0.3.6/out/server/src/server.js:2291:730)\n    at /home/felipe/.vscode/extensions/uqbar.wollok-lsp-ide-0.3.6/out/server/src/server.js:38:6056\n    at yh (/home/felipe/.vscode/extensions/uqbar.wollok-lsp-ide-0.3.6/out/server/src/server.js:2291:42)\n    at kh (/home/felipe/.vscode/extensions/uqbar.wollok-lsp-ide-0.3.6/out/server/src/server.js:2291:1004)\n    at yh (/home/felipe/.vscode/extensions/uqbar.wollok-lsp-ide-0.3.6/out/server/src/server.js:2291:456)\n    at kh (/home/felipe/.vscode/extensions/uqbar.wollok-lsp-ide-0.3.6/out/server/src/server.js:2291:1004)\n    at Y5n (/home/felipe/.vscode/extensions/uqbar.wollok-lsp-ide-0.3.6/out/server/src/server.js:2291:1160)","timestamp":"2024-10-11T12:56:36.850Z"}
{"level":"info","message":"⌛ Building environment","timeElapsed":275,"timestamp":"2024-10-11T12:56:37.133Z"}
{"level":"info","message":"⌛ Validating hector.wlk","timeElapsed":230,"timestamp":"2024-10-11T12:56:37.364Z"}
{"level":"info","message":"⌛ Building environment","timeElapsed":176,"timestamp":"2024-10-11T12:56:37.541Z"}
{"level":"info","message":"onRequest - completionItem/resolve","timestamp":"2024-10-11T12:56:37.542Z"}
{"level":"info","message":"⌛ Building environment","timeElapsed":185,"timestamp":"2024-10-11T12:56:37.727Z"}
{"level":"info","message":"onRequest - completionItem/resolve","timestamp":"2024-10-11T12:56:37.735Z"}
{"level":"info","message":"⌛ Validating hector.wlk","timeElapsed":395,"timestamp":"2024-10-11T12:56:38.130Z"}
{"level":"info","message":"⌛ Validating hector.wlk","timeElapsed":195,"timestamp":"2024-10-11T12:56:38.334Z"}
{"level":"info","message":"⌛ Building environment","timeElapsed":183,"timestamp":"2024-10-11T12:56:38.518Z"}
{"level":"info","message":"⌛ Validating hector.wlk","timeElapsed":207,"timestamp":"2024-10-11T12:56:38.778Z"}
{"level":"info","message":"⌛ Validating hector.wlk","timeElapsed":204,"timestamp":"2024-10-11T12:56:38.983Z"}
{"level":"info","message":"onRequest - completionItem/resolve","timestamp":"2024-10-11T12:56:38.984Z"}
{"level":"info","message":"⌛ Building environment","timeElapsed":160,"timestamp":"2024-10-11T12:56:39.668Z"}
{"level":"info","message":"onRequest - completionItem/resolve","timestamp":"2024-10-11T12:56:39.669Z"}
{"level":"info","message":"⌛ Validating hector.wlk","timeElapsed":303,"timestamp":"2024-10-11T12:56:39.972Z"}
{"level":"info","message":"⌛ Building environment","timeElapsed":174,"timestamp":"2024-10-11T12:56:40.148Z"}
{"level":"info","message":"onRequest - completionItem/resolve","timestamp":"2024-10-11T12:56:40.157Z"}
{"level":"info","message":"⌛ Building environment","timeElapsed":178,"timestamp":"2024-10-11T12:56:40.349Z"}
{"level":"info","message":"onRequest - completionItem/resolve","timestamp":"2024-10-11T12:56:40.350Z"}
{"level":"info","message":"⌛ Validating hector.wlk","timeElapsed":208,"timestamp":"2024-10-11T12:56:40.559Z"}
{"level":"info","message":"⌛ Building environment","timeElapsed":178,"timestamp":"2024-10-11T12:56:40.739Z"}
{"level":"info","message":"onRequest - completionItem/resolve","timestamp":"2024-10-11T12:56:40.739Z"}
{"level":"info","message":"⌛ Validating hector.wlk","timeElapsed":197,"timestamp":"2024-10-11T12:56:40.936Z"}
{"level":"info","message":"⌛ Building environment","timeElapsed":255,"timestamp":"2024-10-11T12:56:41.193Z"}
{"level":"info","message":"onRequest - completionItem/resolve","timestamp":"2024-10-11T12:56:41.193Z"}
{"level":"info","message":"⌛ Validating hector.wlk","timeElapsed":198,"timestamp":"2024-10-11T12:56:41.398Z"}
{"level":"info","message":"⌛ Validating hector.wlk","timeElapsed":190,"timestamp":"2024-10-11T12:56:41.590Z"}
{"level":"info","message":"⌛ Building environment","timeElapsed":149,"timestamp":"2024-10-11T12:56:41.997Z"}
{"level":"error","message":"✘ Completions for node failed: Error: [If]{188ce9} at hector.wlk:88 exhausted all cases without a match [If]{188ce9} at hector.wlk:88 exhausted all cases without a match","stack":"Error: [If]{188ce9} at hector.wlk:88 exhausted all cases without a match\n    at /home/felipe/.vscode/extensions/uqbar.wollok-lsp-ide-0.3.6/out/server/src/server.js:38:6067\n    at yh (/home/felipe/.vscode/extensions/uqbar.wollok-lsp-ide-0.3.6/out/server/src/server.js:2291:42)\n    at kh (/home/felipe/.vscode/extensions/uqbar.wollok-lsp-ide-0.3.6/out/server/src/server.js:2291:1004)\n    at z5n (/home/felipe/.vscode/extensions/uqbar.wollok-lsp-ide-0.3.6/out/server/src/server.js:2291:730)\n    at /home/felipe/.vscode/extensions/uqbar.wollok-lsp-ide-0.3.6/out/server/src/server.js:38:6056\n    at yh (/home/felipe/.vscode/extensions/uqbar.wollok-lsp-ide-0.3.6/out/server/src/server.js:2291:42)\n    at /home/felipe/.vscode/extensions/uqbar.wollok-lsp-ide-0.3.6/out/server/src/server.js:2291:2700\n    at /home/felipe/.vscode/extensions/uqbar.wollok-lsp-ide-0.3.6/out/server/src/server.js:2298:3774\n    at /home/felipe/.vscode/extensions/uqbar.wollok-lsp-ide-0.3.6/out/server/src/server.js:37:74872\n    at Fe (/home/felipe/.vscode/extensions/uqbar.wollok-lsp-ide-0.3.6/out/server/src/server.js:7:8527)","timestamp":"2024-10-11T12:56:42.029Z"}
{"level":"info","message":"⌛ Validating hector.wlk","timeElapsed":181,"timestamp":"2024-10-11T12:56:42.218Z"}
{"level":"info","message":"⌛ Building environment","timeElapsed":152,"timestamp":"2024-10-11T12:56:42.951Z"}
{"level":"info","message":"⌛ Validating hector.wlk","timeElapsed":199,"timestamp":"2024-10-11T12:56:43.151Z"}
{"level":"info","message":"⌛ Building environment","timeElapsed":188,"timestamp":"2024-10-11T12:56:43.452Z"}
{"level":"error","message":"✘ Completions for node failed: Error: [If]{e548ee} at hector.wlk:88 exhausted all cases without a match [If]{e548ee} at hector.wlk:88 exhausted all cases without a match","stack":"Error: [If]{e548ee} at hector.wlk:88 exhausted all cases without a match\n    at /home/felipe/.vscode/extensions/uqbar.wollok-lsp-ide-0.3.6/out/server/src/server.js:38:6067\n    at yh (/home/felipe/.vscode/extensions/uqbar.wollok-lsp-ide-0.3.6/out/server/src/server.js:2291:42)\n    at kh (/home/felipe/.vscode/extensions/uqbar.wollok-lsp-ide-0.3.6/out/server/src/server.js:2291:1004)\n    at z5n (/home/felipe/.vscode/extensions/uqbar.wollok-lsp-ide-0.3.6/out/server/src/server.js:2291:730)\n    at /home/felipe/.vscode/extensions/uqbar.wollok-lsp-ide-0.3.6/out/server/src/server.js:38:6056\n    at yh (/home/felipe/.vscode/extensions/uqbar.wollok-lsp-ide-0.3.6/out/server/src/server.js:2291:42)\n    at /home/felipe/.vscode/extensions/uqbar.wollok-lsp-ide-0.3.6/out/server/src/server.js:2291:2700\n    at /home/felipe/.vscode/extensions/uqbar.wollok-lsp-ide-0.3.6/out/server/src/server.js:2298:3774\n    at /home/felipe/.vscode/extensions/uqbar.wollok-lsp-ide-0.3.6/out/server/src/server.js:37:74872\n    at Fe (/home/felipe/.vscode/extensions/uqbar.wollok-lsp-ide-0.3.6/out/server/src/server.js:7:8527)","timestamp":"2024-10-11T12:56:43.490Z"}
{"level":"info","message":"⌛ Validating hector.wlk","timeElapsed":181,"timestamp":"2024-10-11T12:56:43.675Z"}
{"level":"info","message":"⌛ Building environment","timeElapsed":151,"timestamp":"2024-10-11T12:56:43.847Z"}
{"level":"error","message":"✘ Completions for node failed: Error: [If]{822980} at hector.wlk:88 exhausted all cases without a match [If]{822980} at hector.wlk:88 exhausted all cases without a match","stack":"Error: [If]{822980} at hector.wlk:88 exhausted all cases without a match\n    at /home/felipe/.vscode/extensions/uqbar.wollok-lsp-ide-0.3.6/out/server/src/server.js:38:6067\n    at yh (/home/felipe/.vscode/extensions/uqbar.wollok-lsp-ide-0.3.6/out/server/src/server.js:2291:42)\n    at kh (/home/felipe/.vscode/extensions/uqbar.wollok-lsp-ide-0.3.6/out/server/src/server.js:2291:1004)\n    at z5n (/home/felipe/.vscode/extensions/uqbar.wollok-lsp-ide-0.3.6/out/server/src/server.js:2291:730)\n    at /home/felipe/.vscode/extensions/uqbar.wollok-lsp-ide-0.3.6/out/server/src/server.js:38:6056\n    at yh (/home/felipe/.vscode/extensions/uqbar.wollok-lsp-ide-0.3.6/out/server/src/server.js:2291:42)\n    at /home/felipe/.vscode/extensions/uqbar.wollok-lsp-ide-0.3.6/out/server/src/server.js:2291:2700\n    at /home/felipe/.vscode/extensions/uqbar.wollok-lsp-ide-0.3.6/out/server/src/server.js:2298:3774\n    at /home/felipe/.vscode/extensions/uqbar.wollok-lsp-ide-0.3.6/out/server/src/server.js:37:74872\n    at Fe (/home/felipe/.vscode/extensions/uqbar.wollok-lsp-ide-0.3.6/out/server/src/server.js:7:8527)","timestamp":"2024-10-11T12:56:43.883Z"}
{"level":"info","message":"⌛ Validating hector.wlk","timeElapsed":201,"timestamp":"2024-10-11T12:56:44.088Z"}
{"level":"info","message":"⌛ Building environment","timeElapsed":155,"timestamp":"2024-10-11T12:56:44.244Z"}
{"level":"error","message":"✘ Completions for node failed: Error: [If]{1fe0d6} at hector.wlk:88 exhausted all cases without a match [If]{1fe0d6} at hector.wlk:88 exhausted all cases without a match","stack":"Error: [If]{1fe0d6} at hector.wlk:88 exhausted all cases without a match\n    at /home/felipe/.vscode/extensions/uqbar.wollok-lsp-ide-0.3.6/out/server/src/server.js:38:6067\n    at yh (/home/felipe/.vscode/extensions/uqbar.wollok-lsp-ide-0.3.6/out/server/src/server.js:2291:42)\n    at kh (/home/felipe/.vscode/extensions/uqbar.wollok-lsp-ide-0.3.6/out/server/src/server.js:2291:1004)\n    at z5n (/home/felipe/.vscode/extensions/uqbar.wollok-lsp-ide-0.3.6/out/server/src/server.js:2291:730)\n    at /home/felipe/.vscode/extensions/uqbar.wollok-lsp-ide-0.3.6/out/server/src/server.js:38:6056\n    at yh (/home/felipe/.vscode/extensions/uqbar.wollok-lsp-ide-0.3.6/out/server/src/server.js:2291:42)\n    at /home/felipe/.vscode/extensions/uqbar.wollok-lsp-ide-0.3.6/out/server/src/server.js:2291:2700\n    at /home/felipe/.vscode/extensions/uqbar.wollok-lsp-ide-0.3.6/out/server/src/server.js:2298:3774\n    at /home/felipe/.vscode/extensions/uqbar.wollok-lsp-ide-0.3.6/out/server/src/server.js:37:74872\n    at Fe (/home/felipe/.vscode/extensions/uqbar.wollok-lsp-ide-0.3.6/out/server/src/server.js:7:8527)","timestamp":"2024-10-11T12:56:44.280Z"}
{"level":"info","message":"⌛ Building environment","timeElapsed":150,"timestamp":"2024-10-11T12:56:44.435Z"}
{"level":"info","message":"⌛ Validating hector.wlk","timeElapsed":185,"timestamp":"2024-10-11T12:56:44.628Z"}
{"level":"info","message":"⌛ Building environment","timeElapsed":147,"timestamp":"2024-10-11T12:56:44.775Z"}
{"level":"error","message":"✘ Completions for node failed: Error: [If]{fa2951} at hector.wlk:88 exhausted all cases without a match [If]{fa2951} at hector.wlk:88 exhausted all cases without a match","stack":"Error: [If]{fa2951} at hector.wlk:88 exhausted all cases without a match\n    at /home/felipe/.vscode/extensions/uqbar.wollok-lsp-ide-0.3.6/out/server/src/server.js:38:6067\n    at yh (/home/felipe/.vscode/extensions/uqbar.wollok-lsp-ide-0.3.6/out/server/src/server.js:2291:42)\n    at kh (/home/felipe/.vscode/extensions/uqbar.wollok-lsp-ide-0.3.6/out/server/src/server.js:2291:1004)\n    at z5n (/home/felipe/.vscode/extensions/uqbar.wollok-lsp-ide-0.3.6/out/server/src/server.js:2291:730)\n    at /home/felipe/.vscode/extensions/uqbar.wollok-lsp-ide-0.3.6/out/server/src/server.js:38:6056\n    at yh (/home/felipe/.vscode/extensions/uqbar.wollok-lsp-ide-0.3.6/out/server/src/server.js:2291:42)\n    at /home/felipe/.vscode/extensions/uqbar.wollok-lsp-ide-0.3.6/out/server/src/server.js:2291:2700\n    at /home/felipe/.vscode/extensions/uqbar.wollok-lsp-ide-0.3.6/out/server/src/server.js:2298:3774\n    at /home/felipe/.vscode/extensions/uqbar.wollok-lsp-ide-0.3.6/out/server/src/server.js:37:74872\n    at Fe (/home/felipe/.vscode/extensions/uqbar.wollok-lsp-ide-0.3.6/out/server/src/server.js:7:8527)","timestamp":"2024-10-11T12:56:44.809Z"}
{"level":"info","message":"⌛ Validating hector.wlk","timeElapsed":188,"timestamp":"2024-10-11T12:56:45.001Z"}
{"level":"info","message":"⌛ Validating hector.wlk","timeElapsed":191,"timestamp":"2024-10-11T12:56:45.194Z"}
{"level":"info","message":"⌛ Building environment","timeElapsed":163,"timestamp":"2024-10-11T12:56:45.450Z"}
{"level":"info","message":"⌛ Validating hector.wlk","timeElapsed":193,"timestamp":"2024-10-11T12:56:45.644Z"}
{"level":"info","message":"⌛ Building environment","timeElapsed":173,"timestamp":"2024-10-11T12:56:48.193Z"}
{"level":"info","message":"⌛ Validating hector.wlk","timeElapsed":194,"timestamp":"2024-10-11T12:56:48.388Z"}
{"level":"info","message":"⌛ Building environment","timeElapsed":230,"timestamp":"2024-10-11T12:57:02.178Z"}
{"level":"error","message":"✘ Completions for node failed: Error: [If]{254107} at hector.wlk:88 exhausted all cases without a match [If]{254107} at hector.wlk:88 exhausted all cases without a match","stack":"Error: [If]{254107} at hector.wlk:88 exhausted all cases without a match\n    at /home/felipe/.vscode/extensions/uqbar.wollok-lsp-ide-0.3.6/out/server/src/server.js:38:6067\n    at yh (/home/felipe/.vscode/extensions/uqbar.wollok-lsp-ide-0.3.6/out/server/src/server.js:2291:42)\n    at kh (/home/felipe/.vscode/extensions/uqbar.wollok-lsp-ide-0.3.6/out/server/src/server.js:2291:1004)\n    at z5n (/home/felipe/.vscode/extensions/uqbar.wollok-lsp-ide-0.3.6/out/server/src/server.js:2291:730)\n    at /home/felipe/.vscode/extensions/uqbar.wollok-lsp-ide-0.3.6/out/server/src/server.js:38:6056\n    at yh (/home/felipe/.vscode/extensions/uqbar.wollok-lsp-ide-0.3.6/out/server/src/server.js:2291:42)\n    at kh (/home/felipe/.vscode/extensions/uqbar.wollok-lsp-ide-0.3.6/out/server/src/server.js:2291:1004)\n    at Y5n (/home/felipe/.vscode/extensions/uqbar.wollok-lsp-ide-0.3.6/out/server/src/server.js:2291:1160)\n    at /home/felipe/.vscode/extensions/uqbar.wollok-lsp-ide-0.3.6/out/server/src/server.js:38:6056\n    at yh (/home/felipe/.vscode/extensions/uqbar.wollok-lsp-ide-0.3.6/out/server/src/server.js:2291:42)","timestamp":"2024-10-11T12:57:02.214Z"}
{"level":"info","message":"⌛ Building environment","timeElapsed":246,"timestamp":"2024-10-11T12:57:02.470Z"}
{"level":"info","message":"⌛ Validating hector.wlk","timeElapsed":215,"timestamp":"2024-10-11T12:57:02.685Z"}
{"level":"info","message":"onRequest - completionItem/resolve","timestamp":"2024-10-11T12:57:02.686Z"}
{"level":"info","message":"⌛ Building environment","timeElapsed":170,"timestamp":"2024-10-11T12:57:02.865Z"}
{"level":"info","message":"onRequest - completionItem/resolve","timestamp":"2024-10-11T12:57:02.865Z"}
{"level":"info","message":"⌛ Validating hector.wlk","timeElapsed":230,"timestamp":"2024-10-11T12:57:03.102Z"}
{"level":"info","message":"⌛ Building environment","timeElapsed":149,"timestamp":"2024-10-11T12:57:03.252Z"}
{"level":"info","message":"onRequest - completionItem/resolve","timestamp":"2024-10-11T12:57:03.253Z"}
{"level":"info","message":"⌛ Building environment","timeElapsed":150,"timestamp":"2024-10-11T12:57:03.403Z"}
{"level":"info","message":"onRequest - completionItem/resolve","timestamp":"2024-10-11T12:57:03.411Z"}
{"level":"info","message":"⌛ Building environment","timeElapsed":152,"timestamp":"2024-10-11T12:57:03.565Z"}
{"level":"info","message":"onRequest - completionItem/resolve","timestamp":"2024-10-11T12:57:03.565Z"}
{"level":"info","message":"⌛ Validating hector.wlk","timeElapsed":200,"timestamp":"2024-10-11T12:57:03.765Z"}
{"level":"info","message":"⌛ Building environment","timeElapsed":159,"timestamp":"2024-10-11T12:57:03.926Z"}
{"level":"info","message":"onRequest - completionItem/resolve","timestamp":"2024-10-11T12:57:03.926Z"}
{"level":"info","message":"⌛ Validating hector.wlk","timeElapsed":209,"timestamp":"2024-10-11T12:57:04.142Z"}
{"level":"info","message":"⌛ Validating hector.wlk","timeElapsed":200,"timestamp":"2024-10-11T12:57:04.342Z"}
{"level":"info","message":"⌛ Validating hector.wlk","timeElapsed":191,"timestamp":"2024-10-11T12:57:04.534Z"}
{"level":"info","message":"⌛ Validating hector.wlk","timeElapsed":187,"timestamp":"2024-10-11T12:57:04.721Z"}
{"level":"info","message":"⌛ Building environment","timeElapsed":167,"timestamp":"2024-10-11T12:57:12.150Z"}
{"level":"info","message":"onRequest - completionItem/resolve","timestamp":"2024-10-11T12:57:12.151Z"}
{"level":"info","message":"⌛ Building environment","timeElapsed":309,"timestamp":"2024-10-11T12:57:12.462Z"}
{"level":"info","message":"onRequest - completionItem/resolve","timestamp":"2024-10-11T12:57:12.463Z"}
{"level":"info","message":"⌛ Validating hector.wlk","timeElapsed":234,"timestamp":"2024-10-11T12:57:12.697Z"}
{"level":"info","message":"⌛ Building environment","timeElapsed":163,"timestamp":"2024-10-11T12:57:12.862Z"}
{"level":"info","message":"onRequest - completionItem/resolve","timestamp":"2024-10-11T12:57:12.863Z"}
{"level":"info","message":"⌛ Building environment","timeElapsed":283,"timestamp":"2024-10-11T12:57:13.147Z"}
{"level":"info","message":"onRequest - completionItem/resolve","timestamp":"2024-10-11T12:57:13.147Z"}
{"level":"info","message":"⌛ Validating hector.wlk","timeElapsed":229,"timestamp":"2024-10-11T12:57:13.376Z"}
{"level":"info","message":"⌛ Building environment","timeElapsed":155,"timestamp":"2024-10-11T12:57:13.532Z"}
{"level":"info","message":"onRequest - completionItem/resolve","timestamp":"2024-10-11T12:57:13.532Z"}
{"level":"info","message":"⌛ Building environment","timeElapsed":205,"timestamp":"2024-10-11T12:57:13.739Z"}
{"level":"info","message":"onRequest - completionItem/resolve","timestamp":"2024-10-11T12:57:13.742Z"}
{"level":"info","message":"⌛ Validating hector.wlk","timeElapsed":226,"timestamp":"2024-10-11T12:57:13.969Z"}
{"level":"info","message":"⌛ Building environment","timeElapsed":162,"timestamp":"2024-10-11T12:57:14.131Z"}
{"level":"info","message":"⌛ Validating hector.wlk","timeElapsed":189,"timestamp":"2024-10-11T12:57:14.321Z"}
{"level":"info","message":"⌛ Validating hector.wlk","timeElapsed":198,"timestamp":"2024-10-11T12:57:14.529Z"}
{"level":"info","message":"⌛ Building environment","timeElapsed":237,"timestamp":"2024-10-11T12:57:14.768Z"}
{"level":"error","message":"✘ Completions for node failed: Error: [If]{40a321} at hector.wlk:88 exhausted all cases without a match [If]{40a321} at hector.wlk:88 exhausted all cases without a match","stack":"Error: [If]{40a321} at hector.wlk:88 exhausted all cases without a match\n    at /home/felipe/.vscode/extensions/uqbar.wollok-lsp-ide-0.3.6/out/server/src/server.js:38:6067\n    at yh (/home/felipe/.vscode/extensions/uqbar.wollok-lsp-ide-0.3.6/out/server/src/server.js:2291:42)\n    at kh (/home/felipe/.vscode/extensions/uqbar.wollok-lsp-ide-0.3.6/out/server/src/server.js:2291:1004)\n    at z5n (/home/felipe/.vscode/extensions/uqbar.wollok-lsp-ide-0.3.6/out/server/src/server.js:2291:730)\n    at /home/felipe/.vscode/extensions/uqbar.wollok-lsp-ide-0.3.6/out/server/src/server.js:38:6056\n    at yh (/home/felipe/.vscode/extensions/uqbar.wollok-lsp-ide-0.3.6/out/server/src/server.js:2291:42)\n    at kh (/home/felipe/.vscode/extensions/uqbar.wollok-lsp-ide-0.3.6/out/server/src/server.js:2291:1004)\n    at Y5n (/home/felipe/.vscode/extensions/uqbar.wollok-lsp-ide-0.3.6/out/server/src/server.js:2291:1160)\n    at /home/felipe/.vscode/extensions/uqbar.wollok-lsp-ide-0.3.6/out/server/src/server.js:38:6056\n    at yh (/home/felipe/.vscode/extensions/uqbar.wollok-lsp-ide-0.3.6/out/server/src/server.js:2291:42)","timestamp":"2024-10-11T12:57:14.810Z"}
{"level":"info","message":"⌛ Validating hector.wlk","timeElapsed":208,"timestamp":"2024-10-11T12:57:15.023Z"}
{"level":"info","message":"⌛ Building environment","timeElapsed":153,"timestamp":"2024-10-11T12:57:15.179Z"}
{"level":"info","message":"⌛ Building environment","timeElapsed":139,"timestamp":"2024-10-11T12:57:15.318Z"}
{"level":"info","message":"⌛ Building environment","timeElapsed":178,"timestamp":"2024-10-11T12:57:15.496Z"}
{"level":"info","message":"⌛ Validating hector.wlk","timeElapsed":201,"timestamp":"2024-10-11T12:57:15.699Z"}
{"level":"info","message":"⌛ Building environment","timeElapsed":218,"timestamp":"2024-10-11T12:57:15.917Z"}
{"level":"info","message":"⌛ Validating hector.wlk","timeElapsed":200,"timestamp":"2024-10-11T12:57:16.162Z"}
{"level":"info","message":"⌛ Building environment","timeElapsed":162,"timestamp":"2024-10-11T12:57:16.327Z"}
{"level":"info","message":"⌛ Building environment","timeElapsed":138,"timestamp":"2024-10-11T12:57:16.465Z"}
{"level":"info","message":"⌛ Validating hector.wlk","timeElapsed":197,"timestamp":"2024-10-11T12:57:16.667Z"}
{"level":"info","message":"⌛ Validating hector.wlk","timeElapsed":192,"timestamp":"2024-10-11T12:57:16.859Z"}
{"level":"info","message":"⌛ Building environment","timeElapsed":159,"timestamp":"2024-10-11T12:57:17.018Z"}
{"level":"info","message":"⌛ Validating hector.wlk","timeElapsed":192,"timestamp":"2024-10-11T12:57:17.219Z"}
{"level":"info","message":"⌛ Building environment","timeElapsed":147,"timestamp":"2024-10-11T12:57:17.367Z"}
{"level":"info","message":"⌛ Building environment","timeElapsed":150,"timestamp":"2024-10-11T12:57:17.525Z"}
{"level":"info","message":"⌛ Building environment","timeElapsed":133,"timestamp":"2024-10-11T12:57:17.660Z"}
{"level":"info","message":"⌛ Validating hector.wlk","timeElapsed":176,"timestamp":"2024-10-11T12:57:17.842Z"}
{"level":"info","message":"⌛ Building environment","timeElapsed":148,"timestamp":"2024-10-11T12:57:17.990Z"}
{"level":"error","message":"✘ Completions for node failed: Error: [If]{8445a5} at hector.wlk:88 exhausted all cases without a match [If]{8445a5} at hector.wlk:88 exhausted all cases without a match","stack":"Error: [If]{8445a5} at hector.wlk:88 exhausted all cases without a match\n    at /home/felipe/.vscode/extensions/uqbar.wollok-lsp-ide-0.3.6/out/server/src/server.js:38:6067\n    at yh (/home/felipe/.vscode/extensions/uqbar.wollok-lsp-ide-0.3.6/out/server/src/server.js:2291:42)\n    at kh (/home/felipe/.vscode/extensions/uqbar.wollok-lsp-ide-0.3.6/out/server/src/server.js:2291:1004)\n    at z5n (/home/felipe/.vscode/extensions/uqbar.wollok-lsp-ide-0.3.6/out/server/src/server.js:2291:730)\n    at /home/felipe/.vscode/extensions/uqbar.wollok-lsp-ide-0.3.6/out/server/src/server.js:38:6056\n    at yh (/home/felipe/.vscode/extensions/uqbar.wollok-lsp-ide-0.3.6/out/server/src/server.js:2291:42)\n    at /home/felipe/.vscode/extensions/uqbar.wollok-lsp-ide-0.3.6/out/server/src/server.js:2291:2700\n    at /home/felipe/.vscode/extensions/uqbar.wollok-lsp-ide-0.3.6/out/server/src/server.js:2298:3774\n    at /home/felipe/.vscode/extensions/uqbar.wollok-lsp-ide-0.3.6/out/server/src/server.js:37:74872\n    at Fe (/home/felipe/.vscode/extensions/uqbar.wollok-lsp-ide-0.3.6/out/server/src/server.js:7:8527)","timestamp":"2024-10-11T12:57:18.029Z"}
{"level":"info","message":"⌛ Validating hector.wlk","timeElapsed":184,"timestamp":"2024-10-11T12:57:18.217Z"}
{"level":"info","message":"⌛ Validating hector.wlk","timeElapsed":185,"timestamp":"2024-10-11T12:57:18.403Z"}
{"level":"info","message":"⌛ Validating hector.wlk","timeElapsed":236,"timestamp":"2024-10-11T12:57:18.642Z"}
{"level":"info","message":"⌛ Validating hector.wlk","timeElapsed":202,"timestamp":"2024-10-11T12:57:18.845Z"}
{"level":"info","message":"⌛ Validating hector.wlk","timeElapsed":213,"timestamp":"2024-10-11T12:57:19.059Z"}
{"level":"info","message":"⌛ Validating hector.wlk","timeElapsed":215,"timestamp":"2024-10-11T12:57:19.274Z"}
{"level":"info","message":"⌛ Validating hector.wlk","timeElapsed":203,"timestamp":"2024-10-11T12:57:19.477Z"}
{"level":"info","message":"onRequest - completionItem/resolve","timestamp":"2024-10-11T12:57:19.478Z"}
{"level":"info","message":"⌛ Building environment","timeElapsed":164,"timestamp":"2024-10-11T12:57:19.643Z"}
{"level":"info","message":"⌛ Building environment","timeElapsed":157,"timestamp":"2024-10-11T12:57:19.806Z"}
{"level":"error","message":"✘ Completions for node failed: Error: [Send]{2a93a2} at hector.wlk:90 exhausted all cases without a match [Send]{2a93a2} at hector.wlk:90 exhausted all cases without a match","stack":"Error: [Send]{2a93a2} at hector.wlk:90 exhausted all cases without a match\n    at /home/felipe/.vscode/extensions/uqbar.wollok-lsp-ide-0.3.6/out/server/src/server.js:38:6067\n    at yh (/home/felipe/.vscode/extensions/uqbar.wollok-lsp-ide-0.3.6/out/server/src/server.js:2291:42)\n    at kh (/home/felipe/.vscode/extensions/uqbar.wollok-lsp-ide-0.3.6/out/server/src/server.js:2291:1004)\n    at Y5n (/home/felipe/.vscode/extensions/uqbar.wollok-lsp-ide-0.3.6/out/server/src/server.js:2291:1160)\n    at /home/felipe/.vscode/extensions/uqbar.wollok-lsp-ide-0.3.6/out/server/src/server.js:38:6056\n    at yh (/home/felipe/.vscode/extensions/uqbar.wollok-lsp-ide-0.3.6/out/server/src/server.js:2291:42)\n    at /home/felipe/.vscode/extensions/uqbar.wollok-lsp-ide-0.3.6/out/server/src/server.js:2291:2700\n    at /home/felipe/.vscode/extensions/uqbar.wollok-lsp-ide-0.3.6/out/server/src/server.js:2298:3774\n    at /home/felipe/.vscode/extensions/uqbar.wollok-lsp-ide-0.3.6/out/server/src/server.js:37:74872\n    at Fe (/home/felipe/.vscode/extensions/uqbar.wollok-lsp-ide-0.3.6/out/server/src/server.js:7:8527)","timestamp":"2024-10-11T12:57:19.845Z"}
{"level":"error","message":"✘ Completions for node failed: Error: [If]{21509a} at hector.wlk:88 exhausted all cases without a match [If]{21509a} at hector.wlk:88 exhausted all cases without a match","stack":"Error: [If]{21509a} at hector.wlk:88 exhausted all cases without a match\n    at /home/felipe/.vscode/extensions/uqbar.wollok-lsp-ide-0.3.6/out/server/src/server.js:38:6067\n    at yh (/home/felipe/.vscode/extensions/uqbar.wollok-lsp-ide-0.3.6/out/server/src/server.js:2291:42)\n    at kh (/home/felipe/.vscode/extensions/uqbar.wollok-lsp-ide-0.3.6/out/server/src/server.js:2291:1004)\n    at z5n (/home/felipe/.vscode/extensions/uqbar.wollok-lsp-ide-0.3.6/out/server/src/server.js:2291:730)\n    at /home/felipe/.vscode/extensions/uqbar.wollok-lsp-ide-0.3.6/out/server/src/server.js:38:6056\n    at yh (/home/felipe/.vscode/extensions/uqbar.wollok-lsp-ide-0.3.6/out/server/src/server.js:2291:42)\n    at kh (/home/felipe/.vscode/extensions/uqbar.wollok-lsp-ide-0.3.6/out/server/src/server.js:2291:1004)\n    at yh (/home/felipe/.vscode/extensions/uqbar.wollok-lsp-ide-0.3.6/out/server/src/server.js:2291:456)\n    at kh (/home/felipe/.vscode/extensions/uqbar.wollok-lsp-ide-0.3.6/out/server/src/server.js:2291:1004)\n    at Y5n (/home/felipe/.vscode/extensions/uqbar.wollok-lsp-ide-0.3.6/out/server/src/server.js:2291:1160)","timestamp":"2024-10-11T12:57:19.845Z"}
{"level":"info","message":"⌛ Building environment","timeElapsed":182,"timestamp":"2024-10-11T12:57:20.031Z"}
{"level":"info","message":"⌛ Building environment","timeElapsed":218,"timestamp":"2024-10-11T12:57:20.251Z"}
{"level":"info","message":"⌛ Building environment","timeElapsed":141,"timestamp":"2024-10-11T12:57:20.400Z"}
{"level":"info","message":"⌛ Validating hector.wlk","timeElapsed":182,"timestamp":"2024-10-11T12:57:20.582Z"}
{"level":"info","message":"⌛ Building environment","timeElapsed":159,"timestamp":"2024-10-11T12:57:20.743Z"}
{"level":"info","message":"⌛ Validating hector.wlk","timeElapsed":311,"timestamp":"2024-10-11T12:57:21.103Z"}
{"level":"info","message":"⌛ Validating hector.wlk","timeElapsed":224,"timestamp":"2024-10-11T12:57:21.328Z"}
{"level":"info","message":"⌛ Validating hector.wlk","timeElapsed":218,"timestamp":"2024-10-11T12:57:21.546Z"}
{"level":"info","message":"⌛ Validating hector.wlk","timeElapsed":249,"timestamp":"2024-10-11T12:57:21.796Z"}
{"level":"info","message":"⌛ Validating hector.wlk","timeElapsed":278,"timestamp":"2024-10-11T12:57:22.077Z"}
{"level":"info","message":"onRequest - completionItem/resolve","timestamp":"2024-10-11T12:57:22.077Z"}
{"level":"info","message":"⌛ Building environment","timeElapsed":186,"timestamp":"2024-10-11T12:57:22.265Z"}
{"level":"info","message":"onRequest - completionItem/resolve","timestamp":"2024-10-11T12:57:22.265Z"}
{"level":"info","message":"⌛ Building environment","timeElapsed":168,"timestamp":"2024-10-11T12:57:22.434Z"}
{"level":"info","message":"onRequest - completionItem/resolve","timestamp":"2024-10-11T12:57:22.434Z"}
{"level":"info","message":"⌛ Building environment","timeElapsed":149,"timestamp":"2024-10-11T12:57:22.584Z"}
{"level":"info","message":"onRequest - completionItem/resolve","timestamp":"2024-10-11T12:57:22.584Z"}
{"level":"info","message":"⌛ Building environment","timeElapsed":149,"timestamp":"2024-10-11T12:57:22.733Z"}
{"level":"info","message":"onRequest - completionItem/resolve","timestamp":"2024-10-11T12:57:22.739Z"}
{"level":"info","message":"⌛ Building environment","timeElapsed":166,"timestamp":"2024-10-11T12:57:22.906Z"}
{"level":"info","message":"onRequest - completionItem/resolve","timestamp":"2024-10-11T12:57:22.907Z"}
{"level":"info","message":"⌛ Validating hector.wlk","timeElapsed":198,"timestamp":"2024-10-11T12:57:23.113Z"}
{"level":"info","message":"⌛ Validating hector.wlk","timeElapsed":218,"timestamp":"2024-10-11T12:57:23.333Z"}
{"level":"info","message":"⌛ Validating hector.wlk","timeElapsed":207,"timestamp":"2024-10-11T12:57:23.540Z"}
{"level":"info","message":"⌛ Validating hector.wlk","timeElapsed":201,"timestamp":"2024-10-11T12:57:23.741Z"}
{"level":"info","message":"⌛ Building environment","timeElapsed":169,"timestamp":"2024-10-11T12:57:23.911Z"}
{"level":"error","message":"✘ Completions for node failed: Error: [If]{59f6f5} at hector.wlk:88 exhausted all cases without a match [If]{59f6f5} at hector.wlk:88 exhausted all cases without a match","stack":"Error: [If]{59f6f5} at hector.wlk:88 exhausted all cases without a match\n    at /home/felipe/.vscode/extensions/uqbar.wollok-lsp-ide-0.3.6/out/server/src/server.js:38:6067\n    at yh (/home/felipe/.vscode/extensions/uqbar.wollok-lsp-ide-0.3.6/out/server/src/server.js:2291:42)\n    at kh (/home/felipe/.vscode/extensions/uqbar.wollok-lsp-ide-0.3.6/out/server/src/server.js:2291:1004)\n    at z5n (/home/felipe/.vscode/extensions/uqbar.wollok-lsp-ide-0.3.6/out/server/src/server.js:2291:730)\n    at /home/felipe/.vscode/extensions/uqbar.wollok-lsp-ide-0.3.6/out/server/src/server.js:38:6056\n    at yh (/home/felipe/.vscode/extensions/uqbar.wollok-lsp-ide-0.3.6/out/server/src/server.js:2291:42)\n    at /home/felipe/.vscode/extensions/uqbar.wollok-lsp-ide-0.3.6/out/server/src/server.js:2291:2700\n    at /home/felipe/.vscode/extensions/uqbar.wollok-lsp-ide-0.3.6/out/server/src/server.js:2298:3774\n    at /home/felipe/.vscode/extensions/uqbar.wollok-lsp-ide-0.3.6/out/server/src/server.js:37:74872\n    at Fe (/home/felipe/.vscode/extensions/uqbar.wollok-lsp-ide-0.3.6/out/server/src/server.js:7:8527)","timestamp":"2024-10-11T12:57:23.945Z"}
{"level":"info","message":"⌛ Validating hector.wlk","timeElapsed":195,"timestamp":"2024-10-11T12:57:24.147Z"}
{"level":"info","message":"⌛ Building environment","timeElapsed":151,"timestamp":"2024-10-11T12:57:24.299Z"}
{"level":"info","message":"⌛ Building environment","timeElapsed":157,"timestamp":"2024-10-11T12:57:24.457Z"}
{"level":"info","message":"⌛ Building environment","timeElapsed":144,"timestamp":"2024-10-11T12:57:24.601Z"}
{"level":"info","message":"⌛ Validating hector.wlk","timeElapsed":177,"timestamp":"2024-10-11T12:57:24.779Z"}
{"level":"info","message":"⌛ Building environment","timeElapsed":164,"timestamp":"2024-10-11T12:57:24.943Z"}
{"level":"error","message":"✘ Completions for node failed: Error: [If]{b0b06a} at hector.wlk:88 exhausted all cases without a match [If]{b0b06a} at hector.wlk:88 exhausted all cases without a match","stack":"Error: [If]{b0b06a} at hector.wlk:88 exhausted all cases without a match\n    at /home/felipe/.vscode/extensions/uqbar.wollok-lsp-ide-0.3.6/out/server/src/server.js:38:6067\n    at yh (/home/felipe/.vscode/extensions/uqbar.wollok-lsp-ide-0.3.6/out/server/src/server.js:2291:42)\n    at kh (/home/felipe/.vscode/extensions/uqbar.wollok-lsp-ide-0.3.6/out/server/src/server.js:2291:1004)\n    at z5n (/home/felipe/.vscode/extensions/uqbar.wollok-lsp-ide-0.3.6/out/server/src/server.js:2291:730)\n    at /home/felipe/.vscode/extensions/uqbar.wollok-lsp-ide-0.3.6/out/server/src/server.js:38:6056\n    at yh (/home/felipe/.vscode/extensions/uqbar.wollok-lsp-ide-0.3.6/out/server/src/server.js:2291:42)\n    at /home/felipe/.vscode/extensions/uqbar.wollok-lsp-ide-0.3.6/out/server/src/server.js:2291:2700\n    at /home/felipe/.vscode/extensions/uqbar.wollok-lsp-ide-0.3.6/out/server/src/server.js:2298:3774\n    at /home/felipe/.vscode/extensions/uqbar.wollok-lsp-ide-0.3.6/out/server/src/server.js:37:74872\n    at Fe (/home/felipe/.vscode/extensions/uqbar.wollok-lsp-ide-0.3.6/out/server/src/server.js:7:8527)","timestamp":"2024-10-11T12:57:24.977Z"}
{"level":"info","message":"⌛ Validating hector.wlk","timeElapsed":171,"timestamp":"2024-10-11T12:57:25.156Z"}
{"level":"info","message":"⌛ Building environment","timeElapsed":151,"timestamp":"2024-10-11T12:57:25.308Z"}
{"level":"info","message":"⌛ Validating hector.wlk","timeElapsed":204,"timestamp":"2024-10-11T12:57:25.522Z"}
{"level":"info","message":"⌛ Validating hector.wlk","timeElapsed":199,"timestamp":"2024-10-11T12:57:25.721Z"}
{"level":"info","message":"⌛ Validating hector.wlk","timeElapsed":183,"timestamp":"2024-10-11T12:57:25.905Z"}
{"level":"info","message":"⌛ Validating hector.wlk","timeElapsed":192,"timestamp":"2024-10-11T12:57:26.098Z"}
{"level":"info","message":"⌛ Building environment","timeElapsed":272,"timestamp":"2024-10-11T12:58:04.026Z"}
{"level":"info","message":"⌛ Validating hector.wlk","timeElapsed":221,"timestamp":"2024-10-11T12:58:04.248Z"}
{"level":"info","message":"⌛ Building environment","timeElapsed":201,"timestamp":"2024-10-11T12:58:10.489Z"}
{"level":"error","message":"✘ Completions for node failed: Error: [If]{1094db} at hector.wlk:88 exhausted all cases without a match [If]{1094db} at hector.wlk:88 exhausted all cases without a match","stack":"Error: [If]{1094db} at hector.wlk:88 exhausted all cases without a match\n    at /home/felipe/.vscode/extensions/uqbar.wollok-lsp-ide-0.3.6/out/server/src/server.js:38:6067\n    at yh (/home/felipe/.vscode/extensions/uqbar.wollok-lsp-ide-0.3.6/out/server/src/server.js:2291:42)\n    at kh (/home/felipe/.vscode/extensions/uqbar.wollok-lsp-ide-0.3.6/out/server/src/server.js:2291:1004)\n    at z5n (/home/felipe/.vscode/extensions/uqbar.wollok-lsp-ide-0.3.6/out/server/src/server.js:2291:730)\n    at /home/felipe/.vscode/extensions/uqbar.wollok-lsp-ide-0.3.6/out/server/src/server.js:38:6056\n    at yh (/home/felipe/.vscode/extensions/uqbar.wollok-lsp-ide-0.3.6/out/server/src/server.js:2291:42)\n    at kh (/home/felipe/.vscode/extensions/uqbar.wollok-lsp-ide-0.3.6/out/server/src/server.js:2291:1004)\n    at Y5n (/home/felipe/.vscode/extensions/uqbar.wollok-lsp-ide-0.3.6/out/server/src/server.js:2291:1160)\n    at /home/felipe/.vscode/extensions/uqbar.wollok-lsp-ide-0.3.6/out/server/src/server.js:38:6056\n    at yh (/home/felipe/.vscode/extensions/uqbar.wollok-lsp-ide-0.3.6/out/server/src/server.js:2291:42)","timestamp":"2024-10-11T12:58:10.528Z"}
{"level":"info","message":"⌛ Building environment","timeElapsed":226,"timestamp":"2024-10-11T12:58:10.761Z"}
{"level":"info","message":"⌛ Validating hector.wlk","timeElapsed":223,"timestamp":"2024-10-11T12:58:10.986Z"}
{"level":"info","message":"onRequest - completionItem/resolve","timestamp":"2024-10-11T12:58:10.986Z"}
{"level":"info","message":"⌛ Building environment","timeElapsed":167,"timestamp":"2024-10-11T12:58:11.153Z"}
{"level":"info","message":"onRequest - completionItem/resolve","timestamp":"2024-10-11T12:58:11.154Z"}
{"level":"info","message":"⌛ Validating hector.wlk","timeElapsed":207,"timestamp":"2024-10-11T12:58:11.361Z"}
{"level":"info","message":"⌛ Validating hector.wlk","timeElapsed":230,"timestamp":"2024-10-11T12:58:11.635Z"}
{"level":"info","message":"⌛ Building environment","timeElapsed":327,"timestamp":"2024-10-11T12:58:11.963Z"}
{"level":"info","message":"onRequest - completionItem/resolve","timestamp":"2024-10-11T12:58:11.964Z"}
{"level":"info","message":"⌛ Building environment","timeElapsed":170,"timestamp":"2024-10-11T12:58:12.134Z"}
{"level":"info","message":"onRequest - completionItem/resolve","timestamp":"2024-10-11T12:58:12.135Z"}
{"level":"info","message":"⌛ Validating hector.wlk","timeElapsed":206,"timestamp":"2024-10-11T12:58:12.342Z"}
{"level":"info","message":"⌛ Validating hector.wlk","timeElapsed":187,"timestamp":"2024-10-11T12:58:12.536Z"}
{"level":"info","message":"⌛ Building environment","timeElapsed":284,"timestamp":"2024-10-11T12:58:12.839Z"}
{"level":"info","message":"onRequest - completionItem/resolve","timestamp":"2024-10-11T12:58:12.844Z"}
{"level":"info","message":"⌛ Building environment","timeElapsed":189,"timestamp":"2024-10-11T12:58:13.033Z"}
{"level":"error","message":"✘ Completions for node failed: Error: [If]{09d7dd} at hector.wlk:88 exhausted all cases without a match [If]{09d7dd} at hector.wlk:88 exhausted all cases without a match","stack":"Error: [If]{09d7dd} at hector.wlk:88 exhausted all cases without a match\n    at /home/felipe/.vscode/extensions/uqbar.wollok-lsp-ide-0.3.6/out/server/src/server.js:38:6067\n    at yh (/home/felipe/.vscode/extensions/uqbar.wollok-lsp-ide-0.3.6/out/server/src/server.js:2291:42)\n    at kh (/home/felipe/.vscode/extensions/uqbar.wollok-lsp-ide-0.3.6/out/server/src/server.js:2291:1004)\n    at z5n (/home/felipe/.vscode/extensions/uqbar.wollok-lsp-ide-0.3.6/out/server/src/server.js:2291:730)\n    at /home/felipe/.vscode/extensions/uqbar.wollok-lsp-ide-0.3.6/out/server/src/server.js:38:6056\n    at yh (/home/felipe/.vscode/extensions/uqbar.wollok-lsp-ide-0.3.6/out/server/src/server.js:2291:42)\n    at kh (/home/felipe/.vscode/extensions/uqbar.wollok-lsp-ide-0.3.6/out/server/src/server.js:2291:1004)\n    at Y5n (/home/felipe/.vscode/extensions/uqbar.wollok-lsp-ide-0.3.6/out/server/src/server.js:2291:1160)\n    at /home/felipe/.vscode/extensions/uqbar.wollok-lsp-ide-0.3.6/out/server/src/server.js:38:6056\n    at yh (/home/felipe/.vscode/extensions/uqbar.wollok-lsp-ide-0.3.6/out/server/src/server.js:2291:42)","timestamp":"2024-10-11T12:58:13.074Z"}
{"level":"info","message":"⌛ Validating hector.wlk","timeElapsed":231,"timestamp":"2024-10-11T12:58:13.311Z"}
{"level":"info","message":"⌛ Building environment","timeElapsed":145,"timestamp":"2024-10-11T12:58:13.456Z"}
{"level":"info","message":"⌛ Building environment","timeElapsed":145,"timestamp":"2024-10-11T12:58:13.607Z"}
{"level":"info","message":"⌛ Validating hector.wlk","timeElapsed":265,"timestamp":"2024-10-11T12:58:13.875Z"}
{"level":"info","message":"⌛ Building environment","timeElapsed":193,"timestamp":"2024-10-11T12:58:14.068Z"}
{"level":"error","message":"✘ Completions for node failed: Error: [If]{41545e} at hector.wlk:88 exhausted all cases without a match [If]{41545e} at hector.wlk:88 exhausted all cases without a match","stack":"Error: [If]{41545e} at hector.wlk:88 exhausted all cases without a match\n    at /home/felipe/.vscode/extensions/uqbar.wollok-lsp-ide-0.3.6/out/server/src/server.js:38:6067\n    at yh (/home/felipe/.vscode/extensions/uqbar.wollok-lsp-ide-0.3.6/out/server/src/server.js:2291:42)\n    at kh (/home/felipe/.vscode/extensions/uqbar.wollok-lsp-ide-0.3.6/out/server/src/server.js:2291:1004)\n    at z5n (/home/felipe/.vscode/extensions/uqbar.wollok-lsp-ide-0.3.6/out/server/src/server.js:2291:730)\n    at /home/felipe/.vscode/extensions/uqbar.wollok-lsp-ide-0.3.6/out/server/src/server.js:38:6056\n    at yh (/home/felipe/.vscode/extensions/uqbar.wollok-lsp-ide-0.3.6/out/server/src/server.js:2291:42)\n    at kh (/home/felipe/.vscode/extensions/uqbar.wollok-lsp-ide-0.3.6/out/server/src/server.js:2291:1004)\n    at Y5n (/home/felipe/.vscode/extensions/uqbar.wollok-lsp-ide-0.3.6/out/server/src/server.js:2291:1160)\n    at /home/felipe/.vscode/extensions/uqbar.wollok-lsp-ide-0.3.6/out/server/src/server.js:38:6056\n    at yh (/home/felipe/.vscode/extensions/uqbar.wollok-lsp-ide-0.3.6/out/server/src/server.js:2291:42)","timestamp":"2024-10-11T12:58:14.106Z"}
{"level":"info","message":"⌛ Validating hector.wlk","timeElapsed":197,"timestamp":"2024-10-11T12:58:14.311Z"}
{"level":"info","message":"⌛ Validating hector.wlk","timeElapsed":284,"timestamp":"2024-10-11T12:58:14.595Z"}
{"level":"info","message":"⌛ Validating hector.wlk","timeElapsed":294,"timestamp":"2024-10-11T12:58:14.890Z"}
{"level":"info","message":"⌛ Building environment","timeElapsed":183,"timestamp":"2024-10-11T12:58:28.191Z"}
{"level":"info","message":"⌛ Validating hector.wlk","timeElapsed":266,"timestamp":"2024-10-11T12:58:28.460Z"}
{"level":"info","message":"⌛ Building environment","timeElapsed":182,"timestamp":"2024-10-11T12:58:28.642Z"}
{"level":"info","message":"⌛ Building environment","timeElapsed":175,"timestamp":"2024-10-11T12:58:28.817Z"}
{"level":"info","message":"⌛ Validating hector.wlk","timeElapsed":260,"timestamp":"2024-10-11T12:58:29.078Z"}
{"level":"info","message":"⌛ Building environment","timeElapsed":182,"timestamp":"2024-10-11T12:58:29.261Z"}
{"level":"info","message":"⌛ Validating hector.wlk","timeElapsed":192,"timestamp":"2024-10-11T12:58:29.461Z"}
{"level":"info","message":"⌛ Building environment","timeElapsed":159,"timestamp":"2024-10-11T12:58:29.620Z"}
{"level":"info","message":"⌛ Building environment","timeElapsed":170,"timestamp":"2024-10-11T12:58:29.796Z"}
{"level":"info","message":"⌛ Validating hector.wlk","timeElapsed":198,"timestamp":"2024-10-11T12:58:29.995Z"}
{"level":"info","message":"⌛ Building environment","timeElapsed":170,"timestamp":"2024-10-11T12:58:30.167Z"}
{"level":"info","message":"⌛ Validating hector.wlk","timeElapsed":189,"timestamp":"2024-10-11T12:58:30.356Z"}
{"level":"info","message":"⌛ Building environment","timeElapsed":148,"timestamp":"2024-10-11T12:58:30.505Z"}
{"level":"info","message":"⌛ Validating hector.wlk","timeElapsed":192,"timestamp":"2024-10-11T12:58:30.698Z"}
{"level":"info","message":"⌛ Building environment","timeElapsed":148,"timestamp":"2024-10-11T12:58:30.846Z"}
{"level":"info","message":"⌛ Validating hector.wlk","timeElapsed":185,"timestamp":"2024-10-11T12:58:31.032Z"}
{"level":"info","message":"⌛ Building environment","timeElapsed":164,"timestamp":"2024-10-11T12:58:31.207Z"}
{"level":"info","message":"⌛ Validating hector.wlk","timeElapsed":191,"timestamp":"2024-10-11T12:58:31.406Z"}
{"level":"info","message":"⌛ Validating hector.wlk","timeElapsed":221,"timestamp":"2024-10-11T12:58:31.637Z"}
{"level":"info","message":"⌛ Building environment","timeElapsed":159,"timestamp":"2024-10-11T12:58:31.798Z"}
{"level":"error","message":"✘ Completions for node failed: Error: [If]{97b8d0} at hector.wlk:88 exhausted all cases without a match [If]{97b8d0} at hector.wlk:88 exhausted all cases without a match","stack":"Error: [If]{97b8d0} at hector.wlk:88 exhausted all cases without a match\n    at /home/felipe/.vscode/extensions/uqbar.wollok-lsp-ide-0.3.6/out/server/src/server.js:38:6067\n    at yh (/home/felipe/.vscode/extensions/uqbar.wollok-lsp-ide-0.3.6/out/server/src/server.js:2291:42)\n    at kh (/home/felipe/.vscode/extensions/uqbar.wollok-lsp-ide-0.3.6/out/server/src/server.js:2291:1004)\n    at z5n (/home/felipe/.vscode/extensions/uqbar.wollok-lsp-ide-0.3.6/out/server/src/server.js:2291:730)\n    at /home/felipe/.vscode/extensions/uqbar.wollok-lsp-ide-0.3.6/out/server/src/server.js:38:6056\n    at yh (/home/felipe/.vscode/extensions/uqbar.wollok-lsp-ide-0.3.6/out/server/src/server.js:2291:42)\n    at kh (/home/felipe/.vscode/extensions/uqbar.wollok-lsp-ide-0.3.6/out/server/src/server.js:2291:1004)\n    at Y5n (/home/felipe/.vscode/extensions/uqbar.wollok-lsp-ide-0.3.6/out/server/src/server.js:2291:1160)\n    at /home/felipe/.vscode/extensions/uqbar.wollok-lsp-ide-0.3.6/out/server/src/server.js:38:6056\n    at yh (/home/felipe/.vscode/extensions/uqbar.wollok-lsp-ide-0.3.6/out/server/src/server.js:2291:42)","timestamp":"2024-10-11T12:58:31.837Z"}
{"level":"info","message":"⌛ Validating hector.wlk","timeElapsed":233,"timestamp":"2024-10-11T12:58:32.080Z"}
{"level":"info","message":"⌛ Building environment","timeElapsed":204,"timestamp":"2024-10-11T12:58:32.285Z"}
{"level":"info","message":"⌛ Building environment","timeElapsed":153,"timestamp":"2024-10-11T12:58:32.438Z"}
{"level":"info","message":"⌛ Building environment","timeElapsed":149,"timestamp":"2024-10-11T12:58:32.588Z"}
{"level":"info","message":"⌛ Building environment","timeElapsed":159,"timestamp":"2024-10-11T12:58:32.748Z"}
{"level":"info","message":"⌛ Validating hector.wlk","timeElapsed":213,"timestamp":"2024-10-11T12:58:32.963Z"}
{"level":"info","message":"onRequest - completionItem/resolve","timestamp":"2024-10-11T12:58:32.964Z"}
{"level":"info","message":"⌛ Building environment","timeElapsed":233,"timestamp":"2024-10-11T12:58:33.198Z"}
{"level":"info","message":"onRequest - completionItem/resolve","timestamp":"2024-10-11T12:58:33.210Z"}
{"level":"info","message":"⌛ Building environment","timeElapsed":158,"timestamp":"2024-10-11T12:58:33.368Z"}
{"level":"info","message":"onRequest - completionItem/resolve","timestamp":"2024-10-11T12:58:33.369Z"}
{"level":"info","message":"⌛ Building environment","timeElapsed":142,"timestamp":"2024-10-11T12:58:33.511Z"}
{"level":"info","message":"onRequest - completionItem/resolve","timestamp":"2024-10-11T12:58:33.518Z"}
{"level":"info","message":"⌛ Validating hector.wlk","timeElapsed":197,"timestamp":"2024-10-11T12:58:33.715Z"}
{"level":"info","message":"⌛ Validating hector.wlk","timeElapsed":204,"timestamp":"2024-10-11T12:58:33.919Z"}
{"level":"info","message":"⌛ Validating hector.wlk","timeElapsed":200,"timestamp":"2024-10-11T12:58:34.131Z"}
{"level":"info","message":"⌛ Validating hector.wlk","timeElapsed":204,"timestamp":"2024-10-11T12:58:34.335Z"}
{"level":"info","message":"onRequest - completionItem/resolve","timestamp":"2024-10-11T12:58:34.336Z"}
{"level":"info","message":"⌛ Building environment","timeElapsed":154,"timestamp":"2024-10-11T12:58:34.490Z"}
{"level":"info","message":"⌛ Validating hector.wlk","timeElapsed":192,"timestamp":"2024-10-11T12:58:34.682Z"}
{"level":"info","message":"⌛ Validating hector.wlk","timeElapsed":189,"timestamp":"2024-10-11T12:58:34.880Z"}
{"level":"info","message":"⌛ Validating hector.wlk","timeElapsed":187,"timestamp":"2024-10-11T12:58:35.069Z"}
{"level":"info","message":"⌛ Building environment","timeElapsed":180,"timestamp":"2024-10-11T12:58:35.250Z"}
{"level":"info","message":"⌛ Validating hector.wlk","timeElapsed":231,"timestamp":"2024-10-11T12:58:35.529Z"}
{"level":"info","message":"⌛ Validating hector.wlk","timeElapsed":236,"timestamp":"2024-10-11T12:58:35.765Z"}
{"level":"info","message":"onRequest - completionItem/resolve","timestamp":"2024-10-11T12:58:35.766Z"}
{"level":"info","message":"⌛ Building environment","timeElapsed":153,"timestamp":"2024-10-11T12:58:35.919Z"}
{"level":"info","message":"onRequest - completionItem/resolve","timestamp":"2024-10-11T12:58:35.920Z"}
{"level":"info","message":"⌛ Building environment","timeElapsed":337,"timestamp":"2024-10-11T12:58:36.258Z"}
{"level":"info","message":"onRequest - completionItem/resolve","timestamp":"2024-10-11T12:58:36.277Z"}
{"level":"info","message":"⌛ Validating hector.wlk","timeElapsed":218,"timestamp":"2024-10-11T12:58:36.505Z"}
{"level":"info","message":"⌛ Building environment","timeElapsed":153,"timestamp":"2024-10-11T12:58:36.658Z"}
{"level":"info","message":"onRequest - completionItem/resolve","timestamp":"2024-10-11T12:58:36.666Z"}
{"level":"info","message":"⌛ Building environment","timeElapsed":174,"timestamp":"2024-10-11T12:58:36.842Z"}
{"level":"info","message":"onRequest - completionItem/resolve","timestamp":"2024-10-11T12:58:36.843Z"}
{"level":"info","message":"⌛ Validating hector.wlk","timeElapsed":220,"timestamp":"2024-10-11T12:58:37.063Z"}
{"level":"info","message":"⌛ Building environment","timeElapsed":254,"timestamp":"2024-10-11T12:58:37.319Z"}
{"level":"info","message":"onRequest - completionItem/resolve","timestamp":"2024-10-11T12:58:37.320Z"}
{"level":"info","message":"⌛ Validating hector.wlk","timeElapsed":191,"timestamp":"2024-10-11T12:58:37.511Z"}
{"level":"info","message":"⌛ Building environment","timeElapsed":211,"timestamp":"2024-10-11T12:58:37.731Z"}
{"level":"info","message":"⌛ Validating hector.wlk","timeElapsed":345,"timestamp":"2024-10-11T12:58:38.084Z"}
{"level":"info","message":"⌛ Validating hector.wlk","timeElapsed":193,"timestamp":"2024-10-11T12:58:38.288Z"}
{"level":"info","message":"⌛ Validating hector.wlk","timeElapsed":196,"timestamp":"2024-10-11T12:58:38.484Z"}
{"level":"info","message":"⌛ Building environment","timeElapsed":255,"timestamp":"2024-10-11T12:58:53.551Z"}
{"level":"info","message":"⌛ Validating hector.wlk","timeElapsed":181,"timestamp":"2024-10-11T12:58:53.733Z"}
{"level":"info","message":"⌛ Building environment","timeElapsed":155,"timestamp":"2024-10-11T12:58:53.944Z"}
{"level":"error","message":"✘ Completions for node failed: Error: hector.hector.r [Field]{eb2bbc} at hector.wlk:11 exhausted all cases without a match hector.hector.r [Field]{eb2bbc} at hector.wlk:11 exhausted all cases without a match","stack":"Error: hector.hector.r [Field]{eb2bbc} at hector.wlk:11 exhausted all cases without a match\n    at /home/felipe/.vscode/extensions/uqbar.wollok-lsp-ide-0.3.6/out/server/src/server.js:38:6067\n    at yh (/home/felipe/.vscode/extensions/uqbar.wollok-lsp-ide-0.3.6/out/server/src/server.js:2291:42)\n    at /home/felipe/.vscode/extensions/uqbar.wollok-lsp-ide-0.3.6/out/server/src/server.js:2291:2700\n    at /home/felipe/.vscode/extensions/uqbar.wollok-lsp-ide-0.3.6/out/server/src/server.js:2298:3774\n    at /home/felipe/.vscode/extensions/uqbar.wollok-lsp-ide-0.3.6/out/server/src/server.js:37:74872\n    at Fe (/home/felipe/.vscode/extensions/uqbar.wollok-lsp-ide-0.3.6/out/server/src/server.js:7:8527)\n    at Pt (/home/felipe/.vscode/extensions/uqbar.wollok-lsp-ide-0.3.6/out/server/src/server.js:7:6189)\n    at Gi (/home/felipe/.vscode/extensions/uqbar.wollok-lsp-ide-0.3.6/out/server/src/server.js:7:6378)\n    at Immediate._onImmediate (/home/felipe/.vscode/extensions/uqbar.wollok-lsp-ide-0.3.6/out/server/src/server.js:7:6142)\n    at process.processImmediate (node:internal/timers:483:21)","timestamp":"2024-10-11T12:58:53.979Z"}
{"level":"info","message":"⌛ Validating hector.wlk","timeElapsed":212,"timestamp":"2024-10-11T12:58:54.196Z"}
{"level":"info","message":"onRequest - completionItem/resolve","timestamp":"2024-10-11T12:58:54.196Z"}
{"level":"info","message":"⌛ Building environment","timeElapsed":163,"timestamp":"2024-10-11T12:58:54.473Z"}
{"level":"info","message":"⌛ Validating hector.wlk","timeElapsed":182,"timestamp":"2024-10-11T12:58:54.661Z"}
{"level":"info","message":"⌛ Building environment","timeElapsed":208,"timestamp":"2024-10-11T12:58:55.454Z"}
{"level":"error","message":"✘ Completions for node failed: Error: hector.hector.p [Field]{12d998} at hector.wlk:11 exhausted all cases without a match hector.hector.p [Field]{12d998} at hector.wlk:11 exhausted all cases without a match","stack":"Error: hector.hector.p [Field]{12d998} at hector.wlk:11 exhausted all cases without a match\n    at /home/felipe/.vscode/extensions/uqbar.wollok-lsp-ide-0.3.6/out/server/src/server.js:38:6067\n    at yh (/home/felipe/.vscode/extensions/uqbar.wollok-lsp-ide-0.3.6/out/server/src/server.js:2291:42)\n    at /home/felipe/.vscode/extensions/uqbar.wollok-lsp-ide-0.3.6/out/server/src/server.js:2291:2700\n    at /home/felipe/.vscode/extensions/uqbar.wollok-lsp-ide-0.3.6/out/server/src/server.js:2298:3774\n    at /home/felipe/.vscode/extensions/uqbar.wollok-lsp-ide-0.3.6/out/server/src/server.js:37:74872\n    at Fe (/home/felipe/.vscode/extensions/uqbar.wollok-lsp-ide-0.3.6/out/server/src/server.js:7:8527)\n    at Pt (/home/felipe/.vscode/extensions/uqbar.wollok-lsp-ide-0.3.6/out/server/src/server.js:7:6189)\n    at Gi (/home/felipe/.vscode/extensions/uqbar.wollok-lsp-ide-0.3.6/out/server/src/server.js:7:6378)\n    at Immediate._onImmediate (/home/felipe/.vscode/extensions/uqbar.wollok-lsp-ide-0.3.6/out/server/src/server.js:7:6142)\n    at process.processImmediate (node:internal/timers:483:21)","timestamp":"2024-10-11T12:58:55.495Z"}
{"level":"info","message":"⌛ Building environment","timeElapsed":153,"timestamp":"2024-10-11T12:58:55.648Z"}
{"level":"info","message":"⌛ Validating hector.wlk","timeElapsed":199,"timestamp":"2024-10-11T12:58:55.853Z"}
{"level":"info","message":"onRequest - completionItem/resolve","timestamp":"2024-10-11T12:58:55.854Z"}
{"level":"info","message":"⌛ Validating hector.wlk","timeElapsed":209,"timestamp":"2024-10-11T12:58:56.064Z"}
{"level":"info","message":"⌛ Building environment","timeElapsed":152,"timestamp":"2024-10-11T12:58:56.340Z"}
{"level":"info","message":"⌛ Building environment","timeElapsed":166,"timestamp":"2024-10-11T12:58:56.507Z"}
{"level":"info","message":"⌛ Validating hector.wlk","timeElapsed":210,"timestamp":"2024-10-11T12:58:56.718Z"}
{"level":"info","message":"⌛ Building environment","timeElapsed":154,"timestamp":"2024-10-11T12:58:56.873Z"}
{"level":"info","message":"⌛ Validating hector.wlk","timeElapsed":205,"timestamp":"2024-10-11T12:58:57.087Z"}
{"level":"info","message":"⌛ Validating hector.wlk","timeElapsed":222,"timestamp":"2024-10-11T12:58:57.317Z"}
{"level":"info","message":"⌛ Building environment","timeElapsed":166,"timestamp":"2024-10-11T12:58:57.485Z"}
{"level":"info","message":"⌛ Building environment","timeElapsed":172,"timestamp":"2024-10-11T12:58:57.658Z"}
{"level":"info","message":"⌛ Validating hector.wlk","timeElapsed":217,"timestamp":"2024-10-11T12:58:57.882Z"}
{"level":"info","message":"⌛ Building environment","timeElapsed":168,"timestamp":"2024-10-11T12:58:58.051Z"}
{"level":"info","message":"⌛ Validating hector.wlk","timeElapsed":180,"timestamp":"2024-10-11T12:58:58.238Z"}
{"level":"info","message":"⌛ Building environment","timeElapsed":253,"timestamp":"2024-10-11T12:58:58.492Z"}
{"level":"info","message":"⌛ Building environment","timeElapsed":181,"timestamp":"2024-10-11T12:58:58.687Z"}
{"level":"info","message":"⌛ Validating hector.wlk","timeElapsed":197,"timestamp":"2024-10-11T12:58:58.884Z"}
{"level":"info","message":"⌛ Validating hector.wlk","timeElapsed":195,"timestamp":"2024-10-11T12:58:59.090Z"}
{"level":"info","message":"⌛ Validating hector.wlk","timeElapsed":193,"timestamp":"2024-10-11T12:58:59.284Z"}
{"level":"info","message":"⌛ Building environment","timeElapsed":250,"timestamp":"2024-10-11T13:00:03.393Z"}
{"level":"info","message":"⌛ Validating hector.wlk","timeElapsed":295,"timestamp":"2024-10-11T13:00:03.731Z"}
{"level":"info","message":"⌛ Building environment","timeElapsed":186,"timestamp":"2024-10-11T13:00:03.919Z"}
{"level":"info","message":"⌛ Building environment","timeElapsed":157,"timestamp":"2024-10-11T13:00:04.076Z"}
{"level":"info","message":"⌛ Building environment","timeElapsed":178,"timestamp":"2024-10-11T13:00:04.296Z"}
{"level":"info","message":"⌛ Building environment","timeElapsed":152,"timestamp":"2024-10-11T13:00:04.450Z"}
{"level":"info","message":"⌛ Validating hector.wlk","timeElapsed":294,"timestamp":"2024-10-11T13:00:04.745Z"}
{"level":"info","message":"⌛ Validating hector.wlk","timeElapsed":200,"timestamp":"2024-10-11T13:00:04.946Z"}
{"level":"info","message":"⌛ Building environment","timeElapsed":199,"timestamp":"2024-10-11T13:00:05.146Z"}
{"level":"info","message":"⌛ Validating hector.wlk","timeElapsed":194,"timestamp":"2024-10-11T13:00:05.387Z"}
{"level":"info","message":"⌛ Validating hector.wlk","timeElapsed":199,"timestamp":"2024-10-11T13:00:05.588Z"}
{"level":"info","message":"⌛ Building environment","timeElapsed":162,"timestamp":"2024-10-11T13:00:05.751Z"}
{"level":"info","message":"⌛ Building environment","timeElapsed":267,"timestamp":"2024-10-11T13:00:06.020Z"}
{"level":"info","message":"⌛ Building environment","timeElapsed":167,"timestamp":"2024-10-11T13:00:06.193Z"}
{"level":"info","message":"⌛ Building environment","timeElapsed":188,"timestamp":"2024-10-11T13:00:06.382Z"}
{"level":"info","message":"⌛ Validating hector.wlk","timeElapsed":207,"timestamp":"2024-10-11T13:00:06.595Z"}
{"level":"info","message":"⌛ Building environment","timeElapsed":153,"timestamp":"2024-10-11T13:00:06.748Z"}
{"level":"info","message":"⌛ Validating hector.wlk","timeElapsed":201,"timestamp":"2024-10-11T13:00:06.987Z"}
{"level":"info","message":"⌛ Validating hector.wlk","timeElapsed":194,"timestamp":"2024-10-11T13:00:07.183Z"}
{"level":"info","message":"⌛ Validating hector.wlk","timeElapsed":200,"timestamp":"2024-10-11T13:00:07.383Z"}
{"level":"info","message":"⌛ Validating hector.wlk","timeElapsed":207,"timestamp":"2024-10-11T13:00:07.591Z"}
{"level":"info","message":"⌛ Validating hector.wlk","timeElapsed":212,"timestamp":"2024-10-11T13:00:07.805Z"}
{"level":"error","message":"✘ Failed to rebuild document Failed to parse hector.wlk: \n-- PARSING FAILED --------------------------------------------------\n\n  90 | \t\t\tself.ahorros(self.valorTotal())\n  91 | \t\t\tcultivosAlmacenados.clear()\n> 92 | \t\t}\n     |   ^\n  93 | \t\t\n  94 | \n\nExpected one of the following: \n\n'@', 'class', 'const', 'describe', 'mixin', 'object', 'only', 'package', 'program', 'test', 'var', '{', EOF, comment, not \"}\n\t\t\n\n\t\", whitespace\n","stack":"Error: Failed to parse hector.wlk: \n-- PARSING FAILED --------------------------------------------------\n\n  90 | \t\t\tself.ahorros(self.valorTotal())\n  91 | \t\t\tcultivosAlmacenados.clear()\n> 92 | \t\t}\n     |   ^\n  93 | \t\t\n  94 | \n\nExpected one of the following: \n\n'@', 'class', 'const', 'describe', 'mixin', 'object', 'only', 'package', 'program', 'test', 'var', '{', EOF, comment, not \"}\n\t\t\n\n\t\", whitespace\n\n    at /home/felipe/.vscode/extensions/uqbar.wollok-lsp-ide-0.3.6/out/server/src/server.js:2254:32415\n    at Array.map (<anonymous>)\n    at Jfn (/home/felipe/.vscode/extensions/uqbar.wollok-lsp-ide-0.3.6/out/server/src/server.js:2254:32339)\n    at k2.buildEnvironmentFrom (/home/felipe/.vscode/extensions/uqbar.wollok-lsp-ide-0.3.6/out/server/src/server.js:2285:6721)\n    at k2.updateEnvironmentWith (/home/felipe/.vscode/extensions/uqbar.wollok-lsp-ide-0.3.6/out/server/src/server.js:2285:6456)\n    at jL (/home/felipe/.vscode/extensions/uqbar.wollok-lsp-ide-0.3.6/out/server/src/server.js:2298:2292)\n    at v3.invoke (/home/felipe/.vscode/extensions/uqbar.wollok-lsp-ide-0.3.6/out/server/src/server.js:3:157200)\n    at o.fire (/home/felipe/.vscode/extensions/uqbar.wollok-lsp-ide-0.3.6/out/server/src/server.js:3:157970)\n    at /home/felipe/.vscode/extensions/uqbar.wollok-lsp-ide-0.3.6/out/server/src/server.js:37:57871\n    at Vr (/home/felipe/.vscode/extensions/uqbar.wollok-lsp-ide-0.3.6/out/server/src/server.js:8:1561)","timestamp":"2024-10-11T13:00:10.456Z"}
{"level":"info","message":"⌛ Building environment","timeElapsed":192,"timestamp":"2024-10-11T13:00:12.271Z"}
{"level":"info","message":"⌛ Validating hector.wlk","timeElapsed":196,"timestamp":"2024-10-11T13:00:12.474Z"}
{"level":"info","message":"⌛ Building environment","timeElapsed":159,"timestamp":"2024-10-11T13:00:12.634Z"}
{"level":"info","message":"⌛ Building environment","timeElapsed":161,"timestamp":"2024-10-11T13:00:12.796Z"}
{"level":"info","message":"⌛ Validating hector.wlk","timeElapsed":199,"timestamp":"2024-10-11T13:00:12.996Z"}
{"level":"info","message":"⌛ Validating hector.wlk","timeElapsed":201,"timestamp":"2024-10-11T13:00:13.197Z"}
{"level":"info","message":"⌛ Building environment","timeElapsed":190,"timestamp":"2024-10-11T13:00:13.388Z"}
{"level":"info","message":"⌛ Validating hector.wlk","timeElapsed":222,"timestamp":"2024-10-11T13:00:13.626Z"}
{"level":"info","message":"⌛ Building environment","timeElapsed":180,"timestamp":"2024-10-11T13:00:15.035Z"}
{"level":"info","message":"⌛ Building environment","timeElapsed":162,"timestamp":"2024-10-11T13:00:15.249Z"}
{"level":"info","message":"⌛ Validating hector.wlk","timeElapsed":198,"timestamp":"2024-10-11T13:00:15.454Z"}
{"level":"info","message":"onRequest - completionItem/resolve","timestamp":"2024-10-11T13:00:15.454Z"}
{"level":"info","message":"⌛ Building environment","timeElapsed":154,"timestamp":"2024-10-11T13:00:15.609Z"}
{"level":"info","message":"onRequest - completionItem/resolve","timestamp":"2024-10-11T13:00:15.609Z"}
{"level":"info","message":"⌛ Validating hector.wlk","timeElapsed":205,"timestamp":"2024-10-11T13:00:15.814Z"}
{"level":"info","message":"⌛ Building environment","timeElapsed":154,"timestamp":"2024-10-11T13:00:15.970Z"}
{"level":"info","message":"⌛ Validating hector.wlk","timeElapsed":181,"timestamp":"2024-10-11T13:00:16.194Z"}
{"level":"info","message":"⌛ Building environment","timeElapsed":155,"timestamp":"2024-10-11T13:00:16.351Z"}
{"level":"info","message":"⌛ Validating hector.wlk","timeElapsed":208,"timestamp":"2024-10-11T13:00:16.609Z"}
{"level":"info","message":"⌛ Building environment","timeElapsed":160,"timestamp":"2024-10-11T13:00:16.770Z"}
{"level":"info","message":"⌛ Validating hector.wlk","timeElapsed":188,"timestamp":"2024-10-11T13:00:16.965Z"}
{"level":"info","message":"⌛ Building environment","timeElapsed":151,"timestamp":"2024-10-11T13:00:17.117Z"}
{"level":"info","message":"⌛ Building environment","timeElapsed":202,"timestamp":"2024-10-11T13:00:17.360Z"}
{"level":"info","message":"⌛ Building environment","timeElapsed":219,"timestamp":"2024-10-11T13:00:17.580Z"}
{"level":"info","message":"⌛ Validating hector.wlk","timeElapsed":189,"timestamp":"2024-10-11T13:00:17.776Z"}
{"level":"info","message":"⌛ Validating hector.wlk","timeElapsed":280,"timestamp":"2024-10-11T13:00:18.068Z"}
{"level":"info","message":"⌛ Validating hector.wlk","timeElapsed":191,"timestamp":"2024-10-11T13:00:18.259Z"}
{"level":"info","message":"⌛ Validating hector.wlk","timeElapsed":200,"timestamp":"2024-10-11T13:00:18.459Z"}
{"level":"info","message":"⌛ Building environment","timeElapsed":288,"timestamp":"2024-10-11T13:01:17.415Z"}
{"level":"error","message":"✘ Completions for node failed: Error: [Return]{3c0218} at hector.wlk:82 exhausted all cases without a match [Return]{3c0218} at hector.wlk:82 exhausted all cases without a match","stack":"Error: [Return]{3c0218} at hector.wlk:82 exhausted all cases without a match\n    at /home/felipe/.vscode/extensions/uqbar.wollok-lsp-ide-0.3.6/out/server/src/server.js:38:6067\n    at yh (/home/felipe/.vscode/extensions/uqbar.wollok-lsp-ide-0.3.6/out/server/src/server.js:2291:42)\n    at kh (/home/felipe/.vscode/extensions/uqbar.wollok-lsp-ide-0.3.6/out/server/src/server.js:2291:1004)\n    at Y5n (/home/felipe/.vscode/extensions/uqbar.wollok-lsp-ide-0.3.6/out/server/src/server.js:2291:1160)\n    at /home/felipe/.vscode/extensions/uqbar.wollok-lsp-ide-0.3.6/out/server/src/server.js:38:6056\n    at yh (/home/felipe/.vscode/extensions/uqbar.wollok-lsp-ide-0.3.6/out/server/src/server.js:2291:42)\n    at /home/felipe/.vscode/extensions/uqbar.wollok-lsp-ide-0.3.6/out/server/src/server.js:2291:2700\n    at /home/felipe/.vscode/extensions/uqbar.wollok-lsp-ide-0.3.6/out/server/src/server.js:2298:3774\n    at /home/felipe/.vscode/extensions/uqbar.wollok-lsp-ide-0.3.6/out/server/src/server.js:37:74872\n    at Fe (/home/felipe/.vscode/extensions/uqbar.wollok-lsp-ide-0.3.6/out/server/src/server.js:7:8527)","timestamp":"2024-10-11T13:01:17.458Z"}
{"level":"info","message":"⌛ Building environment","timeElapsed":291,"timestamp":"2024-10-11T13:01:17.755Z"}
{"level":"info","message":"⌛ Building environment","timeElapsed":190,"timestamp":"2024-10-11T13:01:17.946Z"}
{"level":"info","message":"⌛ Validating hector.wlk","timeElapsed":219,"timestamp":"2024-10-11T13:01:18.166Z"}
{"level":"info","message":"onRequest - completionItem/resolve","timestamp":"2024-10-11T13:01:18.166Z"}
{"level":"info","message":"⌛ Building environment","timeElapsed":171,"timestamp":"2024-10-11T13:01:18.338Z"}
{"level":"info","message":"onRequest - completionItem/resolve","timestamp":"2024-10-11T13:01:18.340Z"}
{"level":"info","message":"⌛ Building environment","timeElapsed":285,"timestamp":"2024-10-11T13:01:18.627Z"}
{"level":"info","message":"onRequest - completionItem/resolve","timestamp":"2024-10-11T13:01:18.628Z"}
{"level":"info","message":"⌛ Validating hector.wlk","timeElapsed":219,"timestamp":"2024-10-11T13:01:18.847Z"}
{"level":"info","message":"⌛ Validating hector.wlk","timeElapsed":206,"timestamp":"2024-10-11T13:01:19.055Z"}
{"level":"info","message":"⌛ Building environment","timeElapsed":148,"timestamp":"2024-10-11T13:01:19.212Z"}
{"level":"info","message":"onRequest - completionItem/resolve","timestamp":"2024-10-11T13:01:19.213Z"}
{"level":"info","message":"⌛ Building environment","timeElapsed":161,"timestamp":"2024-10-11T13:01:19.374Z"}
{"level":"info","message":"onRequest - completionItem/resolve","timestamp":"2024-10-11T13:01:19.375Z"}
{"level":"info","message":"⌛ Validating hector.wlk","timeElapsed":275,"timestamp":"2024-10-11T13:01:19.652Z"}
{"level":"info","message":"⌛ Validating hector.wlk","timeElapsed":189,"timestamp":"2024-10-11T13:01:19.850Z"}
{"level":"info","message":"⌛ Validating hector.wlk","timeElapsed":187,"timestamp":"2024-10-11T13:01:20.038Z"}
{"level":"info","message":"⌛ Validating hector.wlk","timeElapsed":196,"timestamp":"2024-10-11T13:01:20.234Z"}
{"level":"info","message":"⌛ Building environment","timeElapsed":188,"timestamp":"2024-10-11T13:01:20.424Z"}
{"level":"info","message":"⌛ Validating hector.wlk","timeElapsed":190,"timestamp":"2024-10-11T13:01:20.669Z"}
{"level":"info","message":"onRequest - completionItem/resolve","timestamp":"2024-10-11T13:01:20.669Z"}
{"level":"info","message":"⌛ Building environment","timeElapsed":184,"timestamp":"2024-10-11T13:01:22.745Z"}
{"level":"info","message":"onRequest - completionItem/resolve","timestamp":"2024-10-11T13:01:22.745Z"}
{"level":"info","message":"⌛ Building environment","timeElapsed":171,"timestamp":"2024-10-11T13:01:22.916Z"}
{"level":"info","message":"onRequest - completionItem/resolve","timestamp":"2024-10-11T13:01:22.917Z"}
{"level":"info","message":"⌛ Validating hector.wlk","timeElapsed":186,"timestamp":"2024-10-11T13:01:23.103Z"}
{"level":"info","message":"⌛ Building environment","timeElapsed":179,"timestamp":"2024-10-11T13:01:23.283Z"}
{"level":"info","message":"onRequest - completionItem/resolve","timestamp":"2024-10-11T13:01:23.284Z"}
{"level":"info","message":"⌛ Validating hector.wlk","timeElapsed":279,"timestamp":"2024-10-11T13:01:23.563Z"}
{"level":"info","message":"⌛ Validating hector.wlk","timeElapsed":211,"timestamp":"2024-10-11T13:01:23.783Z"}
{"level":"info","message":"⌛ Building environment","timeElapsed":208,"timestamp":"2024-10-11T13:01:23.991Z"}
{"level":"error","message":"✘ Completions for node failed: Error: [Return]{6dc421} at hector.wlk:82 exhausted all cases without a match [Return]{6dc421} at hector.wlk:82 exhausted all cases without a match","stack":"Error: [Return]{6dc421} at hector.wlk:82 exhausted all cases without a match\n    at /home/felipe/.vscode/extensions/uqbar.wollok-lsp-ide-0.3.6/out/server/src/server.js:38:6067\n    at yh (/home/felipe/.vscode/extensions/uqbar.wollok-lsp-ide-0.3.6/out/server/src/server.js:2291:42)\n    at kh (/home/felipe/.vscode/extensions/uqbar.wollok-lsp-ide-0.3.6/out/server/src/server.js:2291:1004)\n    at Y5n (/home/felipe/.vscode/extensions/uqbar.wollok-lsp-ide-0.3.6/out/server/src/server.js:2291:1160)\n    at /home/felipe/.vscode/extensions/uqbar.wollok-lsp-ide-0.3.6/out/server/src/server.js:38:6056\n    at yh (/home/felipe/.vscode/extensions/uqbar.wollok-lsp-ide-0.3.6/out/server/src/server.js:2291:42)\n    at /home/felipe/.vscode/extensions/uqbar.wollok-lsp-ide-0.3.6/out/server/src/server.js:2291:2700\n    at /home/felipe/.vscode/extensions/uqbar.wollok-lsp-ide-0.3.6/out/server/src/server.js:2298:3774\n    at /home/felipe/.vscode/extensions/uqbar.wollok-lsp-ide-0.3.6/out/server/src/server.js:37:74872\n    at Fe (/home/felipe/.vscode/extensions/uqbar.wollok-lsp-ide-0.3.6/out/server/src/server.js:7:8527)","timestamp":"2024-10-11T13:01:24.034Z"}
{"level":"info","message":"⌛ Building environment","timeElapsed":148,"timestamp":"2024-10-11T13:01:24.186Z"}
{"level":"info","message":"⌛ Building environment","timeElapsed":139,"timestamp":"2024-10-11T13:01:24.340Z"}
{"level":"info","message":"⌛ Validating hector.wlk","timeElapsed":202,"timestamp":"2024-10-11T13:01:24.542Z"}
{"level":"info","message":"⌛ Validating hector.wlk","timeElapsed":203,"timestamp":"2024-10-11T13:01:24.747Z"}
{"level":"info","message":"⌛ Validating hector.wlk","timeElapsed":239,"timestamp":"2024-10-11T13:01:24.996Z"}
{"level":"info","message":"⌛ Building environment","timeElapsed":231,"timestamp":"2024-10-11T13:01:25.228Z"}
{"level":"error","message":"✘ Completions for node failed: Error: [Return]{7f904a} at hector.wlk:82 exhausted all cases without a match [Return]{7f904a} at hector.wlk:82 exhausted all cases without a match","stack":"Error: [Return]{7f904a} at hector.wlk:82 exhausted all cases without a match\n    at /home/felipe/.vscode/extensions/uqbar.wollok-lsp-ide-0.3.6/out/server/src/server.js:38:6067\n    at yh (/home/felipe/.vscode/extensions/uqbar.wollok-lsp-ide-0.3.6/out/server/src/server.js:2291:42)\n    at kh (/home/felipe/.vscode/extensions/uqbar.wollok-lsp-ide-0.3.6/out/server/src/server.js:2291:1004)\n    at Y5n (/home/felipe/.vscode/extensions/uqbar.wollok-lsp-ide-0.3.6/out/server/src/server.js:2291:1160)\n    at /home/felipe/.vscode/extensions/uqbar.wollok-lsp-ide-0.3.6/out/server/src/server.js:38:6056\n    at yh (/home/felipe/.vscode/extensions/uqbar.wollok-lsp-ide-0.3.6/out/server/src/server.js:2291:42)\n    at /home/felipe/.vscode/extensions/uqbar.wollok-lsp-ide-0.3.6/out/server/src/server.js:2291:2700\n    at /home/felipe/.vscode/extensions/uqbar.wollok-lsp-ide-0.3.6/out/server/src/server.js:2298:3774\n    at /home/felipe/.vscode/extensions/uqbar.wollok-lsp-ide-0.3.6/out/server/src/server.js:37:74872\n    at Fe (/home/felipe/.vscode/extensions/uqbar.wollok-lsp-ide-0.3.6/out/server/src/server.js:7:8527)","timestamp":"2024-10-11T13:01:25.264Z"}
